id,Label,oof_score,oof_pred,p_label_1,p_label_2,p_label_3,p_label_4,p_label_5
0,1,5.0,5,0.0,0.0,0.0,0.0,1.0
1,1,2.0,2,0.0,1.0,0.0,0.0,0.0
2,2,2.0,2,0.0,1.0,0.0,0.0,0.0
3,1,2.0,2,0.0,1.0,0.0,0.0,0.0
4,1,2.0,2,0.0,1.0,0.0,0.0,0.0
5,2,2.0,2,0.0,1.0,0.0,0.0,0.0
6,3,2.0,2,0.0,1.0,0.0,0.0,0.0
7,3,2.0,2,0.0,1.0,0.0,0.0,0.0
8,4,5.0,5,0.0,0.0,0.0,0.0,1.0
9,1,3.0,3,0.0,0.0,1.0,0.0,0.0
10,3,5.0,5,0.0,0.0,0.0,0.0,1.0
11,4,1.0,1,1.0,1.9287498933537385e-22,1.9287498933537385e-22,1.9287498933537385e-22,1.9287498933537385e-22
12,4,4.0,4,1.9287498933537385e-22,1.9287498933537385e-22,1.9287498933537385e-22,1.0,1.9287498933537385e-22
13,2,2.0,2,0.0,1.0,0.0,0.0,0.0
14,5,5.0,5,0.0,0.0,0.0,0.0,1.0
15,2,1.0,1,1.0,0.0,0.0,0.0,0.0
16,4,2.0,2,0.0,1.0,0.0,0.0,0.0
17,5,5.0,5,0.0,0.0,0.0,0.0,1.0
18,5,5.0,5,0.0,0.0,0.0,0.0,1.0
19,4,5.0,5,0.0,0.0,0.0,0.0,1.0
20,4,5.0,5,0.0,0.0,0.0,0.0,1.0
21,2,2.0,2,0.0,1.0,0.0,0.0,0.0
22,5,5.0,5,0.0,0.0,0.0,0.0,1.0
23,5,5.0,5,0.0,0.0,0.0,0.0,1.0
24,3,1.0,1,1.0,1.9287498933537385e-22,1.9287498933537385e-22,1.9287498933537385e-22,1.9287498933537385e-22
25,2,1.0,1,1.0,1.9287498933537385e-22,1.9287498933537385e-22,1.9287498933537385e-22,1.9287498933537385e-22
26,5,5.0,5,0.0,0.0,0.0,0.0,1.0
27,4,2.0,2,0.0,1.0,0.0,0.0,0.0
28,4,2.0,2,1.9287498933537385e-22,1.0,1.9287498933537385e-22,1.9287498933537385e-22,1.9287498933537385e-22
29,4,5.0,5,0.0,0.0,0.0,0.0,1.0
30,4,4.0,4,1.9287498933537385e-22,1.9287498933537385e-22,1.9287498933537385e-22,1.0,1.9287498933537385e-22
31,5,5.0,5,1.9287498933537385e-22,1.9287498933537385e-22,1.9287498933537385e-22,1.9287498933537385e-22,1.0
32,5,1.0,1,1.0,1.9287498933537385e-22,1.9287498933537385e-22,1.9287498933537385e-22,1.9287498933537385e-22
33,4,5.0,5,0.0,0.0,0.0,0.0,1.0
34,3,3.0,3,0.0,0.0,1.0,0.0,0.0
35,3,3.0,3,1.9287498933537385e-22,1.9287498933537385e-22,1.0,1.9287498933537385e-22,1.9287498933537385e-22
36,3,1.0,1,1.0,0.0,0.0,0.0,0.0
37,4,5.0,5,0.0,0.0,0.0,0.0,1.0
38,5,5.0,5,1.9287498933537385e-22,1.9287498933537385e-22,1.9287498933537385e-22,1.9287498933537385e-22,1.0
39,5,5.0,5,0.0,0.0,0.0,0.0,1.0
40,3,2.0,2,1.9287498933537385e-22,1.0,1.9287498933537385e-22,1.9287498933537385e-22,1.9287498933537385e-22
41,5,3.0,3,0.0,0.0,1.0,0.0,0.0
42,5,3.0,3,0.0,0.0,1.0,0.0,0.0
43,5,4.0,4,0.0,0.0,0.0,1.0,0.0
44,1,4.0,4,0.0,0.0,0.0,1.0,0.0
45,4,5.0,5,0.0,0.0,0.0,0.0,1.0
46,1,3.0,3,0.0,0.0,1.0,0.0,0.0
47,5,1.0,1,1.0,0.0,0.0,0.0,0.0
48,4,4.0,4,0.0,0.0,0.0,1.0,0.0
49,1,5.0,5,0.0,0.0,0.0,0.0,1.0
50,4,2.0,2,1.9287498933537385e-22,1.0,1.9287498933537385e-22,1.9287498933537385e-22,1.9287498933537385e-22
51,3,4.0,4,1.9287498933537385e-22,1.9287498933537385e-22,1.9287498933537385e-22,1.0,1.9287498933537385e-22
52,5,1.0,1,1.0,0.0,0.0,0.0,0.0
53,4,1.0,1,1.0,1.9287498933537385e-22,1.9287498933537385e-22,1.9287498933537385e-22,1.9287498933537385e-22
54,1,5.0,5,1.9287498933537385e-22,1.9287498933537385e-22,1.9287498933537385e-22,1.9287498933537385e-22,1.0
55,1,4.0,4,1.9287498933537385e-22,1.9287498933537385e-22,1.9287498933537385e-22,1.0,1.9287498933537385e-22
56,2,5.0,5,1.9287498933537385e-22,1.9287498933537385e-22,1.9287498933537385e-22,1.9287498933537385e-22,1.0
57,1,1.0,1,1.0,1.9287498933537385e-22,1.9287498933537385e-22,1.9287498933537385e-22,1.9287498933537385e-22
58,1,1.0,1,1.0,0.0,0.0,0.0,0.0
59,2,5.0,5,1.9287498933537385e-22,1.9287498933537385e-22,1.9287498933537385e-22,1.9287498933537385e-22,1.0
60,4,5.0,5,1.9287498933537385e-22,1.9287498933537385e-22,1.9287498933537385e-22,1.9287498933537385e-22,1.0
61,3,5.0,5,0.0,0.0,0.0,0.0,1.0
62,2,5.0,5,1.9287498933537385e-22,1.9287498933537385e-22,1.9287498933537385e-22,1.9287498933537385e-22,1.0
63,5,5.0,5,1.9287498933537385e-22,1.9287498933537385e-22,1.9287498933537385e-22,1.9287498933537385e-22,1.0
64,4,5.0,5,1.9287498933537385e-22,1.9287498933537385e-22,1.9287498933537385e-22,1.9287498933537385e-22,1.0
65,5,5.0,5,1.9287498933537385e-22,1.9287498933537385e-22,1.9287498933537385e-22,1.9287498933537385e-22,1.0
66,3,4.0,4,0.0,0.0,0.0,1.0,0.0
67,1,3.0,3,0.0,0.0,1.0,0.0,0.0
68,4,5.0,5,1.9287498933537385e-22,1.9287498933537385e-22,1.9287498933537385e-22,1.9287498933537385e-22,1.0
69,5,5.0,5,1.9287498933537385e-22,1.9287498933537385e-22,1.9287498933537385e-22,1.9287498933537385e-22,1.0
70,3,3.0,3,1.9287498933537385e-22,1.9287498933537385e-22,1.0,1.9287498933537385e-22,1.9287498933537385e-22
71,3,5.0,5,1.9287498933537385e-22,1.9287498933537385e-22,1.9287498933537385e-22,1.9287498933537385e-22,1.0
72,5,5.0,5,1.9287498933537385e-22,1.9287498933537385e-22,1.9287498933537385e-22,1.9287498933537385e-22,1.0
73,2,5.0,5,1.9287498933537385e-22,1.9287498933537385e-22,1.9287498933537385e-22,1.9287498933537385e-22,1.0
74,4,5.0,5,0.0,0.0,0.0,0.0,1.0
75,5,5.0,5,1.9287498933537385e-22,1.9287498933537385e-22,1.9287498933537385e-22,1.9287498933537385e-22,1.0
76,5,5.0,5,1.9287498933537385e-22,1.9287498933537385e-22,1.9287498933537385e-22,1.9287498933537385e-22,1.0
77,5,5.0,5,1.9287498933537385e-22,1.9287498933537385e-22,1.9287498933537385e-22,1.9287498933537385e-22,1.0
78,2,5.0,5,1.9287498933537385e-22,1.9287498933537385e-22,1.9287498933537385e-22,1.9287498933537385e-22,1.0
79,3,3.0,3,1.9287498933537385e-22,1.9287498933537385e-22,1.0,1.9287498933537385e-22,1.9287498933537385e-22
80,1,5.0,5,1.9287498933537385e-22,1.9287498933537385e-22,1.9287498933537385e-22,1.9287498933537385e-22,1.0
81,2,5.0,5,0.0,0.0,0.0,0.0,1.0
82,3,5.0,5,0.0,0.0,0.0,0.0,1.0
83,2,5.0,5,0.0,0.0,0.0,0.0,1.0
84,3,3.0,3,0.0,0.0,1.0,0.0,0.0
85,1,3.0,3,1.9287498933537385e-22,1.9287498933537385e-22,1.0,1.9287498933537385e-22,1.9287498933537385e-22
86,5,5.0,5,1.9287498933537385e-22,1.9287498933537385e-22,1.9287498933537385e-22,1.9287498933537385e-22,1.0
87,1,1.0,1,1.0,1.9287498933537385e-22,1.9287498933537385e-22,1.9287498933537385e-22,1.9287498933537385e-22
88,1,1.0,1,1.0,1.9287498933537385e-22,1.9287498933537385e-22,1.9287498933537385e-22,1.9287498933537385e-22
89,1,5.0,5,0.0,0.0,0.0,0.0,1.0
90,2,5.0,5,1.9287498933537385e-22,1.9287498933537385e-22,1.9287498933537385e-22,1.9287498933537385e-22,1.0
91,4,5.0,5,0.0,0.0,0.0,0.0,1.0
92,4,5.0,5,0.0,0.0,0.0,0.0,1.0
93,3,4.0,4,0.0,0.0,0.0,1.0,0.0
94,4,1.0,1,1.0,0.0,0.0,0.0,0.0
95,2,1.0,1,1.0,0.0,0.0,0.0,0.0
96,4,2.0,2,0.0,1.0,0.0,0.0,0.0
97,4,5.0,5,0.0,0.0,0.0,0.0,1.0
98,4,3.0,3,0.0,0.0,1.0,0.0,0.0
99,5,1.0,1,1.0,0.0,0.0,0.0,0.0
100,3,3.0,3,0.0,0.0,1.0,0.0,0.0
101,4,5.0,5,0.0,0.0,0.0,0.0,1.0
102,3,3.0,3,0.0,0.0,1.0,0.0,0.0
103,1,2.0,2,0.0,1.0,0.0,0.0,0.0
104,2,3.0,3,1.9287498933537385e-22,1.9287498933537385e-22,1.0,1.9287498933537385e-22,1.9287498933537385e-22
105,1,3.0,3,1.9287498933537385e-22,1.9287498933537385e-22,1.0,1.9287498933537385e-22,1.9287498933537385e-22
106,3,5.0,5,0.0,0.0,0.0,0.0,1.0
107,4,1.0,1,1.0,0.0,0.0,0.0,0.0
108,1,3.0,3,0.0,0.0,1.0,0.0,0.0
109,1,1.0,1,1.0,0.0,0.0,0.0,0.0
110,3,5.0,5,1.9287498933537385e-22,1.9287498933537385e-22,1.9287498933537385e-22,1.9287498933537385e-22,1.0
111,5,5.0,5,0.0,0.0,0.0,0.0,1.0
112,4,5.0,5,1.9287498933537385e-22,1.9287498933537385e-22,1.9287498933537385e-22,1.9287498933537385e-22,1.0
113,2,1.0,1,1.0,0.0,0.0,0.0,0.0
114,4,1.0,1,1.0,0.0,0.0,0.0,0.0
115,3,5.0,5,0.0,0.0,0.0,0.0,1.0
116,1,2.0,2,0.0,1.0,0.0,0.0,0.0
117,2,5.0,5,0.0,0.0,0.0,0.0,1.0
118,1,5.0,5,0.0,0.0,0.0,0.0,1.0
119,3,4.0,4,1.9287498933537385e-22,1.9287498933537385e-22,1.9287498933537385e-22,1.0,1.9287498933537385e-22
120,1,3.0,3,0.0,0.0,1.0,0.0,0.0
121,3,4.0,4,1.9287498933537385e-22,1.9287498933537385e-22,1.9287498933537385e-22,1.0,1.9287498933537385e-22
122,5,5.0,5,0.0,0.0,0.0,0.0,1.0
123,5,5.0,5,0.0,0.0,0.0,0.0,1.0
124,5,5.0,5,0.0,0.0,0.0,0.0,1.0
125,3,5.0,5,0.0,0.0,0.0,0.0,1.0
126,4,4.0,4,0.0,0.0,0.0,1.0,0.0
127,2,4.0,4,1.9287498933537385e-22,1.9287498933537385e-22,1.9287498933537385e-22,1.0,1.9287498933537385e-22
128,3,3.0,3,0.0,0.0,1.0,0.0,0.0
129,5,1.0,1,1.0,0.0,0.0,0.0,0.0
130,4,3.0,3,0.0,0.0,1.0,0.0,0.0
131,3,5.0,5,1.9287498933537385e-22,1.9287498933537385e-22,1.9287498933537385e-22,1.9287498933537385e-22,1.0
132,1,5.0,5,0.0,0.0,0.0,0.0,1.0
133,2,1.0,1,1.0,1.9287498933537385e-22,1.9287498933537385e-22,1.9287498933537385e-22,1.9287498933537385e-22
134,5,5.0,5,0.0,0.0,0.0,0.0,1.0
135,5,3.0,3,0.0,0.0,1.0,0.0,0.0
136,1,2.0,2,0.0,1.0,0.0,0.0,0.0
137,1,1.0,1,1.0,0.0,0.0,0.0,0.0
138,3,5.0,5,0.0,0.0,0.0,0.0,1.0
139,5,5.0,5,0.0,0.0,0.0,0.0,1.0
140,5,5.0,5,1.9287498933537385e-22,1.9287498933537385e-22,1.9287498933537385e-22,1.9287498933537385e-22,1.0
141,5,5.0,5,0.0,0.0,0.0,0.0,1.0
142,5,5.0,5,0.0,0.0,0.0,0.0,1.0
143,3,2.0,2,0.0,1.0,0.0,0.0,0.0
144,1,4.0,4,0.0,0.0,0.0,1.0,0.0
145,4,3.0,3,1.9287498933537385e-22,1.9287498933537385e-22,1.0,1.9287498933537385e-22,1.9287498933537385e-22
146,5,5.0,5,1.9287498933537385e-22,1.9287498933537385e-22,1.9287498933537385e-22,1.9287498933537385e-22,1.0
147,1,5.0,5,0.0,0.0,0.0,0.0,1.0
148,1,5.0,5,0.0,0.0,0.0,0.0,1.0
149,1,4.0,4,0.0,0.0,0.0,1.0,0.0
150,2,4.0,4,0.0,0.0,0.0,1.0,0.0
151,4,5.0,5,1.9287498933537385e-22,1.9287498933537385e-22,1.9287498933537385e-22,1.9287498933537385e-22,1.0
152,4,3.0,3,1.9287498933537385e-22,1.9287498933537385e-22,1.0,1.9287498933537385e-22,1.9287498933537385e-22
153,1,4.0,4,0.0,0.0,0.0,1.0,0.0
154,1,2.0,2,0.0,1.0,0.0,0.0,0.0
155,5,5.0,5,1.9287498933537385e-22,1.9287498933537385e-22,1.9287498933537385e-22,1.9287498933537385e-22,1.0
156,4,4.0,4,1.9287498933537385e-22,1.9287498933537385e-22,1.9287498933537385e-22,1.0,1.9287498933537385e-22
157,1,5.0,5,0.0,0.0,0.0,0.0,1.0
158,1,4.0,4,0.0,0.0,0.0,1.0,0.0
159,2,3.0,3,0.0,0.0,1.0,0.0,0.0
160,2,5.0,5,1.9287498933537385e-22,1.9287498933537385e-22,1.9287498933537385e-22,1.9287498933537385e-22,1.0
161,3,5.0,5,0.0,0.0,0.0,0.0,1.0
162,4,5.0,5,0.0,0.0,0.0,0.0,1.0
163,5,5.0,5,1.9287498933537385e-22,1.9287498933537385e-22,1.9287498933537385e-22,1.9287498933537385e-22,1.0
164,1,3.0,3,1.9287498933537385e-22,1.9287498933537385e-22,1.0,1.9287498933537385e-22,1.9287498933537385e-22
165,2,2.0,2,1.9287498933537385e-22,1.0,1.9287498933537385e-22,1.9287498933537385e-22,1.9287498933537385e-22
166,1,1.0,1,1.0,1.9287498933537385e-22,1.9287498933537385e-22,1.9287498933537385e-22,1.9287498933537385e-22
167,1,5.0,5,1.9287498933537385e-22,1.9287498933537385e-22,1.9287498933537385e-22,1.9287498933537385e-22,1.0
168,3,5.0,5,0.0,0.0,0.0,0.0,1.0
169,5,3.0,3,0.0,0.0,1.0,0.0,0.0
170,5,3.0,3,0.0,0.0,1.0,0.0,0.0
171,5,5.0,5,1.9287498933537385e-22,1.9287498933537385e-22,1.9287498933537385e-22,1.9287498933537385e-22,1.0
172,4,1.0,1,1.0,0.0,0.0,0.0,0.0
173,3,4.0,4,1.9287498933537385e-22,1.9287498933537385e-22,1.9287498933537385e-22,1.0,1.9287498933537385e-22
174,1,5.0,5,1.9287498933537385e-22,1.9287498933537385e-22,1.9287498933537385e-22,1.9287498933537385e-22,1.0
175,4,3.0,3,0.0,0.0,1.0,0.0,0.0
176,4,5.0,5,0.0,0.0,0.0,0.0,1.0
177,4,3.0,3,0.0,0.0,1.0,0.0,0.0
178,5,5.0,5,1.9287498933537385e-22,1.9287498933537385e-22,1.9287498933537385e-22,1.9287498933537385e-22,1.0
179,3,4.0,4,1.9287498933537385e-22,1.9287498933537385e-22,1.9287498933537385e-22,1.0,1.9287498933537385e-22
180,4,5.0,5,0.0,0.0,0.0,0.0,1.0
181,5,4.0,4,1.9287498933537385e-22,1.9287498933537385e-22,1.9287498933537385e-22,1.0,1.9287498933537385e-22
182,2,3.0,3,1.9287498933537385e-22,1.9287498933537385e-22,1.0,1.9287498933537385e-22,1.9287498933537385e-22
183,3,5.0,5,0.0,0.0,0.0,0.0,1.0
184,1,5.0,5,1.9287498933537385e-22,1.9287498933537385e-22,1.9287498933537385e-22,1.9287498933537385e-22,1.0
185,4,3.0,3,0.0,0.0,1.0,0.0,0.0
186,5,5.0,5,0.0,0.0,0.0,0.0,1.0
187,2,2.0,2,0.0,1.0,0.0,0.0,0.0
188,5,4.0,4,1.9287498933537385e-22,1.9287498933537385e-22,1.9287498933537385e-22,1.0,1.9287498933537385e-22
189,4,5.0,5,0.0,0.0,0.0,0.0,1.0
190,2,2.0,2,0.0,1.0,0.0,0.0,0.0
191,1,5.0,5,0.0,0.0,0.0,0.0,1.0
192,2,5.0,5,1.9287498933537385e-22,1.9287498933537385e-22,1.9287498933537385e-22,1.9287498933537385e-22,1.0
193,5,5.0,5,1.9287498933537385e-22,1.9287498933537385e-22,1.9287498933537385e-22,1.9287498933537385e-22,1.0
194,4,4.0,4,1.9287498933537385e-22,1.9287498933537385e-22,1.9287498933537385e-22,1.0,1.9287498933537385e-22
195,3,5.0,5,0.0,0.0,0.0,0.0,1.0
196,1,3.0,3,0.0,0.0,1.0,0.0,0.0
197,1,3.0,3,1.9287498933537385e-22,1.9287498933537385e-22,1.0,1.9287498933537385e-22,1.9287498933537385e-22
198,2,4.0,4,1.9287498933537385e-22,1.9287498933537385e-22,1.9287498933537385e-22,1.0,1.9287498933537385e-22
199,3,2.0,2,1.9287498933537385e-22,1.0,1.9287498933537385e-22,1.9287498933537385e-22,1.9287498933537385e-22
200,2,3.0,3,0.0,0.0,1.0,0.0,0.0
201,5,5.0,5,0.0,0.0,0.0,0.0,1.0
202,5,4.0,4,0.0,0.0,0.0,1.0,0.0
203,5,5.0,5,0.0,0.0,0.0,0.0,1.0
204,4,5.0,5,0.0,0.0,0.0,0.0,1.0
205,2,3.0,3,0.0,0.0,1.0,0.0,0.0
206,1,5.0,5,0.0,0.0,0.0,0.0,1.0
207,2,4.0,4,1.9287498933537385e-22,1.9287498933537385e-22,1.9287498933537385e-22,1.0,1.9287498933537385e-22
208,3,3.0,3,1.9287498933537385e-22,1.9287498933537385e-22,1.0,1.9287498933537385e-22,1.9287498933537385e-22
209,1,1.0,1,1.0,0.0,0.0,0.0,0.0
210,1,2.0,2,0.0,1.0,0.0,0.0,0.0
211,4,3.0,3,1.9287498933537385e-22,1.9287498933537385e-22,1.0,1.9287498933537385e-22,1.9287498933537385e-22
212,1,5.0,5,1.9287498933537385e-22,1.9287498933537385e-22,1.9287498933537385e-22,1.9287498933537385e-22,1.0
213,4,5.0,5,0.0,0.0,0.0,0.0,1.0
214,5,4.0,4,1.9287498933537385e-22,1.9287498933537385e-22,1.9287498933537385e-22,1.0,1.9287498933537385e-22
215,4,3.0,3,1.9287498933537385e-22,1.9287498933537385e-22,1.0,1.9287498933537385e-22,1.9287498933537385e-22
216,3,4.0,4,0.0,0.0,0.0,1.0,0.0
217,1,5.0,5,0.0,0.0,0.0,0.0,1.0
218,1,5.0,5,1.9287498933537385e-22,1.9287498933537385e-22,1.9287498933537385e-22,1.9287498933537385e-22,1.0
219,5,1.0,1,1.0,0.0,0.0,0.0,0.0
220,4,5.0,5,1.9287498933537385e-22,1.9287498933537385e-22,1.9287498933537385e-22,1.9287498933537385e-22,1.0
221,5,5.0,5,1.9287498933537385e-22,1.9287498933537385e-22,1.9287498933537385e-22,1.9287498933537385e-22,1.0
222,5,5.0,5,1.9287498933537385e-22,1.9287498933537385e-22,1.9287498933537385e-22,1.9287498933537385e-22,1.0
223,3,5.0,5,1.9287498933537385e-22,1.9287498933537385e-22,1.9287498933537385e-22,1.9287498933537385e-22,1.0
224,1,4.0,4,1.9287498933537385e-22,1.9287498933537385e-22,1.9287498933537385e-22,1.0,1.9287498933537385e-22
225,5,3.0,3,1.9287498933537385e-22,1.9287498933537385e-22,1.0,1.9287498933537385e-22,1.9287498933537385e-22
226,5,3.0,3,1.9287498933537385e-22,1.9287498933537385e-22,1.0,1.9287498933537385e-22,1.9287498933537385e-22
227,4,3.0,3,1.9287498933537385e-22,1.9287498933537385e-22,1.0,1.9287498933537385e-22,1.9287498933537385e-22
228,4,5.0,5,1.9287498933537385e-22,1.9287498933537385e-22,1.9287498933537385e-22,1.9287498933537385e-22,1.0
229,2,3.0,3,1.9287498933537385e-22,1.9287498933537385e-22,1.0,1.9287498933537385e-22,1.9287498933537385e-22
230,5,5.0,5,1.9287498933537385e-22,1.9287498933537385e-22,1.9287498933537385e-22,1.9287498933537385e-22,1.0
231,4,5.0,5,1.9287498933537385e-22,1.9287498933537385e-22,1.9287498933537385e-22,1.9287498933537385e-22,1.0
232,4,5.0,5,1.9287498933537385e-22,1.9287498933537385e-22,1.9287498933537385e-22,1.9287498933537385e-22,1.0
233,4,1.0,1,1.0,1.9287498933537385e-22,1.9287498933537385e-22,1.9287498933537385e-22,1.9287498933537385e-22
234,3,5.0,5,1.9287498933537385e-22,1.9287498933537385e-22,1.9287498933537385e-22,1.9287498933537385e-22,1.0
235,5,4.0,4,1.9287498933537385e-22,1.9287498933537385e-22,1.9287498933537385e-22,1.0,1.9287498933537385e-22
236,1,5.0,5,1.9287498933537385e-22,1.9287498933537385e-22,1.9287498933537385e-22,1.9287498933537385e-22,1.0
237,1,3.0,3,1.9287498933537385e-22,1.9287498933537385e-22,1.0,1.9287498933537385e-22,1.9287498933537385e-22
238,1,3.0,3,0.0,0.0,1.0,0.0,0.0
239,2,5.0,5,1.9287498933537385e-22,1.9287498933537385e-22,1.9287498933537385e-22,1.9287498933537385e-22,1.0
240,2,5.0,5,1.9287498933537385e-22,1.9287498933537385e-22,1.9287498933537385e-22,1.9287498933537385e-22,1.0
241,1,5.0,5,0.0,0.0,0.0,0.0,1.0
242,3,5.0,5,0.0,0.0,0.0,0.0,1.0
243,3,3.0,3,0.0,0.0,1.0,0.0,0.0
244,4,5.0,5,0.0,0.0,0.0,0.0,1.0
245,5,5.0,5,0.0,0.0,0.0,0.0,1.0
246,4,5.0,5,0.0,0.0,0.0,0.0,1.0
247,5,5.0,5,0.0,0.0,0.0,0.0,1.0
248,3,3.0,3,1.9287498933537385e-22,1.9287498933537385e-22,1.0,1.9287498933537385e-22,1.9287498933537385e-22
249,1,5.0,5,1.9287498933537385e-22,1.9287498933537385e-22,1.9287498933537385e-22,1.9287498933537385e-22,1.0
250,1,1.0,1,1.0,0.0,0.0,0.0,0.0
251,4,5.0,5,0.0,0.0,0.0,0.0,1.0
252,5,5.0,5,1.9287498933537385e-22,1.9287498933537385e-22,1.9287498933537385e-22,1.9287498933537385e-22,1.0
253,5,5.0,5,0.0,0.0,0.0,0.0,1.0
254,1,2.0,2,1.9287498933537385e-22,1.0,1.9287498933537385e-22,1.9287498933537385e-22,1.9287498933537385e-22
255,2,3.0,3,0.0,0.0,1.0,0.0,0.0
256,2,5.0,5,1.9287498933537385e-22,1.9287498933537385e-22,1.9287498933537385e-22,1.9287498933537385e-22,1.0
257,5,5.0,5,0.0,0.0,0.0,0.0,1.0
258,4,3.0,3,1.9287498933537385e-22,1.9287498933537385e-22,1.0,1.9287498933537385e-22,1.9287498933537385e-22
259,5,2.0,2,1.9287498933537385e-22,1.0,1.9287498933537385e-22,1.9287498933537385e-22,1.9287498933537385e-22
260,1,4.0,4,1.9287498933537385e-22,1.9287498933537385e-22,1.9287498933537385e-22,1.0,1.9287498933537385e-22
261,4,5.0,5,0.0,0.0,0.0,0.0,1.0
262,2,5.0,5,0.0,0.0,0.0,0.0,1.0
263,4,5.0,5,1.9287498933537385e-22,1.9287498933537385e-22,1.9287498933537385e-22,1.9287498933537385e-22,1.0
264,3,5.0,5,1.9287498933537385e-22,1.9287498933537385e-22,1.9287498933537385e-22,1.9287498933537385e-22,1.0
265,3,5.0,5,0.0,0.0,0.0,0.0,1.0
266,1,5.0,5,0.0,0.0,0.0,0.0,1.0
267,1,1.0,1,1.0,0.0,0.0,0.0,0.0
268,2,5.0,5,1.9287498933537385e-22,1.9287498933537385e-22,1.9287498933537385e-22,1.9287498933537385e-22,1.0
269,3,2.0,2,1.9287498933537385e-22,1.0,1.9287498933537385e-22,1.9287498933537385e-22,1.9287498933537385e-22
270,4,4.0,4,1.9287498933537385e-22,1.9287498933537385e-22,1.9287498933537385e-22,1.0,1.9287498933537385e-22
271,5,5.0,5,0.0,0.0,0.0,0.0,1.0
272,5,5.0,5,1.9287498933537385e-22,1.9287498933537385e-22,1.9287498933537385e-22,1.9287498933537385e-22,1.0
273,4,5.0,5,0.0,0.0,0.0,0.0,1.0
274,4,3.0,3,0.0,0.0,1.0,0.0,0.0
275,5,5.0,5,1.9287498933537385e-22,1.9287498933537385e-22,1.9287498933537385e-22,1.9287498933537385e-22,1.0
276,2,4.0,4,1.9287498933537385e-22,1.9287498933537385e-22,1.9287498933537385e-22,1.0,1.9287498933537385e-22
277,2,3.0,3,1.9287498933537385e-22,1.9287498933537385e-22,1.0,1.9287498933537385e-22,1.9287498933537385e-22
278,1,3.0,3,1.9287498933537385e-22,1.9287498933537385e-22,1.0,1.9287498933537385e-22,1.9287498933537385e-22
279,4,5.0,5,1.9287498933537385e-22,1.9287498933537385e-22,1.9287498933537385e-22,1.9287498933537385e-22,1.0
280,3,3.0,3,0.0,0.0,1.0,0.0,0.0
281,1,2.0,2,0.0,1.0,0.0,0.0,0.0
282,5,5.0,5,1.9287498933537385e-22,1.9287498933537385e-22,1.9287498933537385e-22,1.9287498933537385e-22,1.0
283,4,5.0,5,1.9287498933537385e-22,1.9287498933537385e-22,1.9287498933537385e-22,1.9287498933537385e-22,1.0
284,2,4.0,4,0.0,0.0,0.0,1.0,0.0
285,4,5.0,5,1.9287498933537385e-22,1.9287498933537385e-22,1.9287498933537385e-22,1.9287498933537385e-22,1.0
286,1,3.0,3,0.0,0.0,1.0,0.0,0.0
287,4,4.0,4,0.0,0.0,0.0,1.0,0.0
288,1,5.0,5,1.9287498933537385e-22,1.9287498933537385e-22,1.9287498933537385e-22,1.9287498933537385e-22,1.0
289,1,4.0,4,1.9287498933537385e-22,1.9287498933537385e-22,1.9287498933537385e-22,1.0,1.9287498933537385e-22
290,1,5.0,5,0.0,0.0,0.0,0.0,1.0
291,5,5.0,5,0.0,0.0,0.0,0.0,1.0
292,4,5.0,5,1.9287498933537385e-22,1.9287498933537385e-22,1.9287498933537385e-22,1.9287498933537385e-22,1.0
293,5,5.0,5,1.9287498933537385e-22,1.9287498933537385e-22,1.9287498933537385e-22,1.9287498933537385e-22,1.0
294,1,3.0,3,0.0,0.0,1.0,0.0,0.0
295,2,2.0,2,1.9287498933537385e-22,1.0,1.9287498933537385e-22,1.9287498933537385e-22,1.9287498933537385e-22
296,3,4.0,4,0.0,0.0,0.0,1.0,0.0
297,3,5.0,5,1.9287498933537385e-22,1.9287498933537385e-22,1.9287498933537385e-22,1.9287498933537385e-22,1.0
298,4,5.0,5,1.9287498933537385e-22,1.9287498933537385e-22,1.9287498933537385e-22,1.9287498933537385e-22,1.0
299,5,3.0,3,1.9287498933537385e-22,1.9287498933537385e-22,1.0,1.9287498933537385e-22,1.9287498933537385e-22
300,3,3.0,3,1.9287498933537385e-22,1.9287498933537385e-22,1.0,1.9287498933537385e-22,1.9287498933537385e-22
301,2,5.0,5,1.9287498933537385e-22,1.9287498933537385e-22,1.9287498933537385e-22,1.9287498933537385e-22,1.0
302,4,5.0,5,0.0,0.0,0.0,0.0,1.0
303,5,5.0,5,1.9287498933537385e-22,1.9287498933537385e-22,1.9287498933537385e-22,1.9287498933537385e-22,1.0
304,5,5.0,5,0.0,0.0,0.0,0.0,1.0
305,1,5.0,5,1.9287498933537385e-22,1.9287498933537385e-22,1.9287498933537385e-22,1.9287498933537385e-22,1.0
306,1,1.0,1,1.0,1.9287498933537385e-22,1.9287498933537385e-22,1.9287498933537385e-22,1.9287498933537385e-22
307,1,5.0,5,1.9287498933537385e-22,1.9287498933537385e-22,1.9287498933537385e-22,1.9287498933537385e-22,1.0
308,2,4.0,4,1.9287498933537385e-22,1.9287498933537385e-22,1.9287498933537385e-22,1.0,1.9287498933537385e-22
309,2,4.0,4,0.0,0.0,0.0,1.0,0.0
310,4,5.0,5,0.0,0.0,0.0,0.0,1.0
311,3,5.0,5,0.0,0.0,0.0,0.0,1.0
312,3,5.0,5,0.0,0.0,0.0,0.0,1.0
313,1,5.0,5,0.0,0.0,0.0,0.0,1.0
314,2,5.0,5,0.0,0.0,0.0,0.0,1.0
315,4,2.0,2,1.9287498933537385e-22,1.0,1.9287498933537385e-22,1.9287498933537385e-22,1.9287498933537385e-22
316,2,5.0,5,1.9287498933537385e-22,1.9287498933537385e-22,1.9287498933537385e-22,1.9287498933537385e-22,1.0
317,5,4.0,4,1.9287498933537385e-22,1.9287498933537385e-22,1.9287498933537385e-22,1.0,1.9287498933537385e-22
318,2,5.0,5,0.0,0.0,0.0,0.0,1.0
319,3,5.0,5,0.0,0.0,0.0,0.0,1.0
320,1,5.0,5,0.0,0.0,0.0,0.0,1.0
321,2,3.0,3,0.0,0.0,1.0,0.0,0.0
322,5,5.0,5,0.0,0.0,0.0,0.0,1.0
323,4,5.0,5,1.9287498933537385e-22,1.9287498933537385e-22,1.9287498933537385e-22,1.9287498933537385e-22,1.0
324,5,5.0,5,1.9287498933537385e-22,1.9287498933537385e-22,1.9287498933537385e-22,1.9287498933537385e-22,1.0
325,2,5.0,5,1.9287498933537385e-22,1.9287498933537385e-22,1.9287498933537385e-22,1.9287498933537385e-22,1.0
326,1,5.0,5,0.0,0.0,0.0,0.0,1.0
327,5,2.0,2,1.9287498933537385e-22,1.0,1.9287498933537385e-22,1.9287498933537385e-22,1.9287498933537385e-22
328,5,5.0,5,1.9287498933537385e-22,1.9287498933537385e-22,1.9287498933537385e-22,1.9287498933537385e-22,1.0
329,3,3.0,3,1.9287498933537385e-22,1.9287498933537385e-22,1.0,1.9287498933537385e-22,1.9287498933537385e-22
330,1,2.0,2,1.9287498933537385e-22,1.0,1.9287498933537385e-22,1.9287498933537385e-22,1.9287498933537385e-22
331,2,3.0,3,0.0,0.0,1.0,0.0,0.0
332,1,2.0,2,1.9287498933537385e-22,1.0,1.9287498933537385e-22,1.9287498933537385e-22,1.9287498933537385e-22
333,3,5.0,5,1.9287498933537385e-22,1.9287498933537385e-22,1.9287498933537385e-22,1.9287498933537385e-22,1.0
334,5,5.0,5,0.0,0.0,0.0,0.0,1.0
335,5,5.0,5,1.9287498933537385e-22,1.9287498933537385e-22,1.9287498933537385e-22,1.9287498933537385e-22,1.0
336,3,5.0,5,0.0,0.0,0.0,0.0,1.0
337,1,4.0,4,0.0,0.0,0.0,1.0,0.0
338,5,5.0,5,1.9287498933537385e-22,1.9287498933537385e-22,1.9287498933537385e-22,1.9287498933537385e-22,1.0
339,3,2.0,2,0.0,1.0,0.0,0.0,0.0
340,1,1.0,1,1.0,0.0,0.0,0.0,0.0
341,2,3.0,3,1.9287498933537385e-22,1.9287498933537385e-22,1.0,1.9287498933537385e-22,1.9287498933537385e-22
342,5,5.0,5,1.9287498933537385e-22,1.9287498933537385e-22,1.9287498933537385e-22,1.9287498933537385e-22,1.0
343,2,2.0,2,0.0,1.0,0.0,0.0,0.0
344,1,4.0,4,1.9287498933537385e-22,1.9287498933537385e-22,1.9287498933537385e-22,1.0,1.9287498933537385e-22
345,1,2.0,2,0.0,1.0,0.0,0.0,0.0
346,1,3.0,3,1.9287498933537385e-22,1.9287498933537385e-22,1.0,1.9287498933537385e-22,1.9287498933537385e-22
347,1,1.0,1,1.0,0.0,0.0,0.0,0.0
348,5,3.0,3,1.9287498933537385e-22,1.9287498933537385e-22,1.0,1.9287498933537385e-22,1.9287498933537385e-22
349,4,3.0,3,0.0,0.0,1.0,0.0,0.0
350,2,3.0,3,1.9287498933537385e-22,1.9287498933537385e-22,1.0,1.9287498933537385e-22,1.9287498933537385e-22
351,2,4.0,4,1.9287498933537385e-22,1.9287498933537385e-22,1.9287498933537385e-22,1.0,1.9287498933537385e-22
352,5,2.0,2,0.0,1.0,0.0,0.0,0.0
353,5,5.0,5,1.9287498933537385e-22,1.9287498933537385e-22,1.9287498933537385e-22,1.9287498933537385e-22,1.0
354,5,2.0,2,0.0,1.0,0.0,0.0,0.0
355,5,5.0,5,0.0,0.0,0.0,0.0,1.0
356,5,4.0,4,1.9287498933537385e-22,1.9287498933537385e-22,1.9287498933537385e-22,1.0,1.9287498933537385e-22
357,2,5.0,5,1.9287498933537385e-22,1.9287498933537385e-22,1.9287498933537385e-22,1.9287498933537385e-22,1.0
358,3,3.0,3,1.9287498933537385e-22,1.9287498933537385e-22,1.0,1.9287498933537385e-22,1.9287498933537385e-22
359,1,5.0,5,0.0,0.0,0.0,0.0,1.0
360,3,4.0,4,0.0,0.0,0.0,1.0,0.0
361,1,5.0,5,0.0,0.0,0.0,0.0,1.0
362,1,3.0,3,0.0,0.0,1.0,0.0,0.0
363,5,4.0,4,0.0,0.0,0.0,1.0,0.0
364,2,2.0,2,0.0,1.0,0.0,0.0,0.0
365,3,3.0,3,0.0,0.0,1.0,0.0,0.0
366,4,1.0,1,1.0,0.0,0.0,0.0,0.0
367,1,5.0,5,0.0,0.0,0.0,0.0,1.0
368,2,4.0,4,1.9287498933537385e-22,1.9287498933537385e-22,1.9287498933537385e-22,1.0,1.9287498933537385e-22
369,5,4.0,4,1.9287498933537385e-22,1.9287498933537385e-22,1.9287498933537385e-22,1.0,1.9287498933537385e-22
370,4,5.0,5,0.0,0.0,0.0,0.0,1.0
371,3,5.0,5,0.0,0.0,0.0,0.0,1.0
372,1,3.0,3,1.9287498933537385e-22,1.9287498933537385e-22,1.0,1.9287498933537385e-22,1.9287498933537385e-22
373,1,4.0,4,1.9287498933537385e-22,1.9287498933537385e-22,1.9287498933537385e-22,1.0,1.9287498933537385e-22
374,4,2.0,2,1.9287498933537385e-22,1.0,1.9287498933537385e-22,1.9287498933537385e-22,1.9287498933537385e-22
375,4,5.0,5,1.9287498933537385e-22,1.9287498933537385e-22,1.9287498933537385e-22,1.9287498933537385e-22,1.0
376,1,2.0,2,1.9287498933537385e-22,1.0,1.9287498933537385e-22,1.9287498933537385e-22,1.9287498933537385e-22
377,2,3.0,3,0.0,0.0,1.0,0.0,0.0
378,1,2.0,2,1.9287498933537385e-22,1.0,1.9287498933537385e-22,1.9287498933537385e-22,1.9287498933537385e-22
379,5,2.0,2,0.0,1.0,0.0,0.0,0.0
380,3,5.0,5,0.0,0.0,0.0,0.0,1.0
381,1,5.0,5,1.9287498933537385e-22,1.9287498933537385e-22,1.9287498933537385e-22,1.9287498933537385e-22,1.0
382,2,5.0,5,1.9287498933537385e-22,1.9287498933537385e-22,1.9287498933537385e-22,1.9287498933537385e-22,1.0
383,4,5.0,5,1.9287498933537385e-22,1.9287498933537385e-22,1.9287498933537385e-22,1.9287498933537385e-22,1.0
384,1,4.0,4,0.0,0.0,0.0,1.0,0.0
385,1,1.0,1,1.0,1.9287498933537385e-22,1.9287498933537385e-22,1.9287498933537385e-22,1.9287498933537385e-22
386,1,2.0,2,1.9287498933537385e-22,1.0,1.9287498933537385e-22,1.9287498933537385e-22,1.9287498933537385e-22
387,1,1.0,1,1.0,0.0,0.0,0.0,0.0
388,2,3.0,3,1.9287498933537385e-22,1.9287498933537385e-22,1.0,1.9287498933537385e-22,1.9287498933537385e-22
389,3,3.0,3,0.0,0.0,1.0,0.0,0.0
390,2,2.0,2,1.9287498933537385e-22,1.0,1.9287498933537385e-22,1.9287498933537385e-22,1.9287498933537385e-22
391,3,3.0,3,1.9287498933537385e-22,1.9287498933537385e-22,1.0,1.9287498933537385e-22,1.9287498933537385e-22
392,2,1.0,1,1.0,1.9287498933537385e-22,1.9287498933537385e-22,1.9287498933537385e-22,1.9287498933537385e-22
393,4,4.0,4,1.9287498933537385e-22,1.9287498933537385e-22,1.9287498933537385e-22,1.0,1.9287498933537385e-22
394,1,5.0,5,1.9287498933537385e-22,1.9287498933537385e-22,1.9287498933537385e-22,1.9287498933537385e-22,1.0
395,2,5.0,5,1.9287498933537385e-22,1.9287498933537385e-22,1.9287498933537385e-22,1.9287498933537385e-22,1.0
396,1,2.0,2,0.0,1.0,0.0,0.0,0.0
397,3,5.0,5,0.0,0.0,0.0,0.0,1.0
398,4,3.0,3,1.9287498933537385e-22,1.9287498933537385e-22,1.0,1.9287498933537385e-22,1.9287498933537385e-22
399,3,2.0,2,1.9287498933537385e-22,1.0,1.9287498933537385e-22,1.9287498933537385e-22,1.9287498933537385e-22
400,2,2.0,2,0.0,1.0,0.0,0.0,0.0
401,2,5.0,5,0.0,0.0,0.0,0.0,1.0
402,1,5.0,5,1.9287498933537385e-22,1.9287498933537385e-22,1.9287498933537385e-22,1.9287498933537385e-22,1.0
403,1,1.0,1,1.0,0.0,0.0,0.0,0.0
404,1,5.0,5,1.9287498933537385e-22,1.9287498933537385e-22,1.9287498933537385e-22,1.9287498933537385e-22,1.0
405,3,2.0,2,0.0,1.0,0.0,0.0,0.0
406,2,5.0,5,1.9287498933537385e-22,1.9287498933537385e-22,1.9287498933537385e-22,1.9287498933537385e-22,1.0
407,1,5.0,5,0.0,0.0,0.0,0.0,1.0
408,2,5.0,5,0.0,0.0,0.0,0.0,1.0
409,1,1.0,1,1.0,0.0,0.0,0.0,0.0
410,2,5.0,5,0.0,0.0,0.0,0.0,1.0
411,3,3.0,3,0.0,0.0,1.0,0.0,0.0
412,4,5.0,5,0.0,0.0,0.0,0.0,1.0
413,1,1.0,1,1.0,0.0,0.0,0.0,0.0
414,1,1.0,1,1.0,1.9287498933537385e-22,1.9287498933537385e-22,1.9287498933537385e-22,1.9287498933537385e-22
415,5,5.0,5,0.0,0.0,0.0,0.0,1.0
416,1,2.0,2,0.0,1.0,0.0,0.0,0.0
417,3,3.0,3,1.9287498933537385e-22,1.9287498933537385e-22,1.0,1.9287498933537385e-22,1.9287498933537385e-22
418,2,4.0,4,0.0,0.0,0.0,1.0,0.0
419,5,3.0,3,1.9287498933537385e-22,1.9287498933537385e-22,1.0,1.9287498933537385e-22,1.9287498933537385e-22
420,3,3.0,3,1.9287498933537385e-22,1.9287498933537385e-22,1.0,1.9287498933537385e-22,1.9287498933537385e-22
421,2,2.0,2,1.9287498933537385e-22,1.0,1.9287498933537385e-22,1.9287498933537385e-22,1.9287498933537385e-22
422,1,2.0,2,0.0,1.0,0.0,0.0,0.0
423,5,3.0,3,0.0,0.0,1.0,0.0,0.0
424,5,4.0,4,1.9287498933537385e-22,1.9287498933537385e-22,1.9287498933537385e-22,1.0,1.9287498933537385e-22
425,2,4.0,4,1.9287498933537385e-22,1.9287498933537385e-22,1.9287498933537385e-22,1.0,1.9287498933537385e-22
426,1,1.0,1,1.0,0.0,0.0,0.0,0.0
427,3,1.0,1,1.0,0.0,0.0,0.0,0.0
428,4,2.0,2,0.0,1.0,0.0,0.0,0.0
429,1,1.0,1,1.0,1.9287498933537385e-22,1.9287498933537385e-22,1.9287498933537385e-22,1.9287498933537385e-22
430,1,3.0,3,0.0,0.0,1.0,0.0,0.0
431,1,5.0,5,0.0,0.0,0.0,0.0,1.0
432,1,3.0,3,0.0,0.0,1.0,0.0,0.0
433,2,5.0,5,1.9287498933537385e-22,1.9287498933537385e-22,1.9287498933537385e-22,1.9287498933537385e-22,1.0
434,3,5.0,5,0.0,0.0,0.0,0.0,1.0
435,4,5.0,5,1.9287498933537385e-22,1.9287498933537385e-22,1.9287498933537385e-22,1.9287498933537385e-22,1.0
436,3,3.0,3,0.0,0.0,1.0,0.0,0.0
437,5,5.0,5,0.0,0.0,0.0,0.0,1.0
438,2,2.0,2,0.0,1.0,0.0,0.0,0.0
439,1,5.0,5,0.0,0.0,0.0,0.0,1.0
440,2,3.0,3,1.9287498933537385e-22,1.9287498933537385e-22,1.0,1.9287498933537385e-22,1.9287498933537385e-22
441,1,3.0,3,0.0,0.0,1.0,0.0,0.0
442,4,2.0,2,0.0,1.0,0.0,0.0,0.0
443,5,2.0,2,0.0,1.0,0.0,0.0,0.0
444,5,5.0,5,0.0,0.0,0.0,0.0,1.0
445,5,5.0,5,1.9287498933537385e-22,1.9287498933537385e-22,1.9287498933537385e-22,1.9287498933537385e-22,1.0
446,2,2.0,2,0.0,1.0,0.0,0.0,0.0
447,1,1.0,1,1.0,1.9287498933537385e-22,1.9287498933537385e-22,1.9287498933537385e-22,1.9287498933537385e-22
448,1,2.0,2,0.0,1.0,0.0,0.0,0.0
449,3,4.0,4,0.0,0.0,0.0,1.0,0.0
450,3,5.0,5,0.0,0.0,0.0,0.0,1.0
451,2,5.0,5,1.9287498933537385e-22,1.9287498933537385e-22,1.9287498933537385e-22,1.9287498933537385e-22,1.0
452,5,3.0,3,0.0,0.0,1.0,0.0,0.0
453,5,5.0,5,0.0,0.0,0.0,0.0,1.0
454,1,1.0,1,1.0,0.0,0.0,0.0,0.0
455,1,5.0,5,1.9287498933537385e-22,1.9287498933537385e-22,1.9287498933537385e-22,1.9287498933537385e-22,1.0
456,1,2.0,2,0.0,1.0,0.0,0.0,0.0
457,2,1.0,1,1.0,0.0,0.0,0.0,0.0
458,2,2.0,2,0.0,1.0,0.0,0.0,0.0
459,3,2.0,2,0.0,1.0,0.0,0.0,0.0
460,2,1.0,1,1.0,0.0,0.0,0.0,0.0
461,1,2.0,2,0.0,1.0,0.0,0.0,0.0
462,3,3.0,3,0.0,0.0,1.0,0.0,0.0
463,2,2.0,2,0.0,1.0,0.0,0.0,0.0
464,2,2.0,2,0.0,1.0,0.0,0.0,0.0
465,1,4.0,4,0.0,0.0,0.0,1.0,0.0
466,1,5.0,5,0.0,0.0,0.0,0.0,1.0
467,2,1.0,1,1.0,0.0,0.0,0.0,0.0
468,4,2.0,2,0.0,1.0,0.0,0.0,0.0
469,5,5.0,5,0.0,0.0,0.0,0.0,1.0
470,3,2.0,2,0.0,1.0,0.0,0.0,0.0
471,1,5.0,5,0.0,0.0,0.0,0.0,1.0
472,2,2.0,2,0.0,1.0,0.0,0.0,0.0
473,1,1.0,1,1.0,0.0,0.0,0.0,0.0
474,2,2.0,2,0.0,1.0,0.0,0.0,0.0
475,4,5.0,5,0.0,0.0,0.0,0.0,1.0
476,4,5.0,5,0.0,0.0,0.0,0.0,1.0
477,1,3.0,3,0.0,0.0,1.0,0.0,0.0
478,3,2.0,2,0.0,1.0,0.0,0.0,0.0
479,1,5.0,5,0.0,0.0,0.0,0.0,1.0
480,4,2.0,2,0.0,1.0,0.0,0.0,0.0
481,3,2.0,2,0.0,1.0,0.0,0.0,0.0
482,2,2.0,2,0.0,1.0,0.0,0.0,0.0
483,1,2.0,2,0.0,1.0,0.0,0.0,0.0
484,3,2.0,2,1.9287498933537385e-22,1.0,1.9287498933537385e-22,1.9287498933537385e-22,1.9287498933537385e-22
485,3,4.0,4,0.0,0.0,0.0,1.0,0.0
486,4,3.0,3,1.9287498933537385e-22,1.9287498933537385e-22,1.0,1.9287498933537385e-22,1.9287498933537385e-22
487,1,2.0,2,0.0,1.0,0.0,0.0,0.0
488,2,5.0,5,1.9287498933537385e-22,1.9287498933537385e-22,1.9287498933537385e-22,1.9287498933537385e-22,1.0
489,5,3.0,3,1.9287498933537385e-22,1.9287498933537385e-22,1.0,1.9287498933537385e-22,1.9287498933537385e-22
490,5,2.0,2,0.0,1.0,0.0,0.0,0.0
491,4,2.0,2,0.0,1.0,0.0,0.0,0.0
492,1,3.0,3,0.0,0.0,1.0,0.0,0.0
493,2,2.0,2,0.0,1.0,0.0,0.0,0.0
494,3,3.0,3,0.0,0.0,1.0,0.0,0.0
495,3,2.0,2,1.9287498933537385e-22,1.0,1.9287498933537385e-22,1.9287498933537385e-22,1.9287498933537385e-22
496,5,2.0,2,0.0,1.0,0.0,0.0,0.0
497,4,1.0,1,1.0,0.0,0.0,0.0,0.0
498,5,2.0,2,0.0,1.0,0.0,0.0,0.0
499,4,2.0,2,0.0,1.0,0.0,0.0,0.0
500,5,3.0,3,1.9287498933537385e-22,1.9287498933537385e-22,1.0,1.9287498933537385e-22,1.9287498933537385e-22
501,4,2.0,2,0.0,1.0,0.0,0.0,0.0
502,5,2.0,2,0.0,1.0,0.0,0.0,0.0
503,5,2.0,2,0.0,1.0,0.0,0.0,0.0
504,2,1.0,1,1.0,1.9287498933537385e-22,1.9287498933537385e-22,1.9287498933537385e-22,1.9287498933537385e-22
505,4,2.0,2,1.9287498933537385e-22,1.0,1.9287498933537385e-22,1.9287498933537385e-22,1.9287498933537385e-22
506,2,1.0,1,1.0,0.0,0.0,0.0,0.0
507,2,3.0,3,0.0,0.0,1.0,0.0,0.0
508,5,4.0,4,1.9287498933537385e-22,1.9287498933537385e-22,1.9287498933537385e-22,1.0,1.9287498933537385e-22
509,2,3.0,3,1.9287498933537385e-22,1.9287498933537385e-22,1.0,1.9287498933537385e-22,1.9287498933537385e-22
510,3,3.0,3,0.0,0.0,1.0,0.0,0.0
511,1,1.0,1,1.0,0.0,0.0,0.0,0.0
512,5,2.0,2,1.9287498933537385e-22,1.0,1.9287498933537385e-22,1.9287498933537385e-22,1.9287498933537385e-22
513,2,3.0,3,1.9287498933537385e-22,1.9287498933537385e-22,1.0,1.9287498933537385e-22,1.9287498933537385e-22
514,1,3.0,3,1.9287498933537385e-22,1.9287498933537385e-22,1.0,1.9287498933537385e-22,1.9287498933537385e-22
515,1,2.0,2,0.0,1.0,0.0,0.0,0.0
516,2,4.0,4,0.0,0.0,0.0,1.0,0.0
517,4,2.0,2,0.0,1.0,0.0,0.0,0.0
518,5,2.0,2,0.0,1.0,0.0,0.0,0.0
519,5,2.0,2,1.9287498933537385e-22,1.0,1.9287498933537385e-22,1.9287498933537385e-22,1.9287498933537385e-22
520,2,5.0,5,0.0,0.0,0.0,0.0,1.0
521,4,4.0,4,0.0,0.0,0.0,1.0,0.0
522,5,5.0,5,1.9287498933537385e-22,1.9287498933537385e-22,1.9287498933537385e-22,1.9287498933537385e-22,1.0
523,2,2.0,2,0.0,1.0,0.0,0.0,0.0
524,1,2.0,2,1.9287498933537385e-22,1.0,1.9287498933537385e-22,1.9287498933537385e-22,1.9287498933537385e-22
525,1,4.0,4,1.9287498933537385e-22,1.9287498933537385e-22,1.9287498933537385e-22,1.0,1.9287498933537385e-22
526,1,2.0,2,0.0,1.0,0.0,0.0,0.0
527,3,5.0,5,0.0,0.0,0.0,0.0,1.0
528,2,2.0,2,0.0,1.0,0.0,0.0,0.0
529,2,2.0,2,0.0,1.0,0.0,0.0,0.0
530,1,2.0,2,1.9287498933537385e-22,1.0,1.9287498933537385e-22,1.9287498933537385e-22,1.9287498933537385e-22
531,2,1.0,1,1.0,1.9287498933537385e-22,1.9287498933537385e-22,1.9287498933537385e-22,1.9287498933537385e-22
532,3,2.0,2,0.0,1.0,0.0,0.0,0.0
533,2,5.0,5,1.9287498933537385e-22,1.9287498933537385e-22,1.9287498933537385e-22,1.9287498933537385e-22,1.0
534,4,3.0,3,0.0,0.0,1.0,0.0,0.0
535,3,3.0,3,0.0,0.0,1.0,0.0,0.0
536,5,4.0,4,0.0,0.0,0.0,1.0,0.0
537,5,5.0,5,1.9287498933537385e-22,1.9287498933537385e-22,1.9287498933537385e-22,1.9287498933537385e-22,1.0
538,1,1.0,1,1.0,0.0,0.0,0.0,0.0
539,2,2.0,2,0.0,1.0,0.0,0.0,0.0
540,5,2.0,2,0.0,1.0,0.0,0.0,0.0
541,1,1.0,1,1.0,1.9287498933537385e-22,1.9287498933537385e-22,1.9287498933537385e-22,1.9287498933537385e-22
542,2,1.0,1,1.0,0.0,0.0,0.0,0.0
543,1,1.0,1,1.0,0.0,0.0,0.0,0.0
544,1,3.0,3,0.0,0.0,1.0,0.0,0.0
545,5,1.0,1,1.0,0.0,0.0,0.0,0.0
546,3,2.0,2,0.0,1.0,0.0,0.0,0.0
547,1,1.0,1,1.0,0.0,0.0,0.0,0.0
548,5,1.0,1,1.0,0.0,0.0,0.0,0.0
549,2,1.0,1,1.0,0.0,0.0,0.0,0.0
550,5,3.0,3,1.9287498933537385e-22,1.9287498933537385e-22,1.0,1.9287498933537385e-22,1.9287498933537385e-22
551,1,3.0,3,0.0,0.0,1.0,0.0,0.0
552,3,4.0,4,0.0,0.0,0.0,1.0,0.0
553,2,2.0,2,0.0,1.0,0.0,0.0,0.0
554,1,2.0,2,0.0,1.0,0.0,0.0,0.0
555,1,2.0,2,1.9287498933537385e-22,1.0,1.9287498933537385e-22,1.9287498933537385e-22,1.9287498933537385e-22
556,3,3.0,3,0.0,0.0,1.0,0.0,0.0
557,4,5.0,5,1.9287498933537385e-22,1.9287498933537385e-22,1.9287498933537385e-22,1.9287498933537385e-22,1.0
558,5,2.0,2,1.9287498933537385e-22,1.0,1.9287498933537385e-22,1.9287498933537385e-22,1.9287498933537385e-22
559,2,2.0,2,0.0,1.0,0.0,0.0,0.0
560,5,5.0,5,0.0,0.0,0.0,0.0,1.0
561,3,2.0,2,0.0,1.0,0.0,0.0,0.0
562,2,2.0,2,0.0,1.0,0.0,0.0,0.0
563,5,2.0,2,1.9287498933537385e-22,1.0,1.9287498933537385e-22,1.9287498933537385e-22,1.9287498933537385e-22
564,5,3.0,3,1.9287498933537385e-22,1.9287498933537385e-22,1.0,1.9287498933537385e-22,1.9287498933537385e-22
565,1,2.0,2,0.0,1.0,0.0,0.0,0.0
566,2,2.0,2,0.0,1.0,0.0,0.0,0.0
567,1,2.0,2,1.9287498933537385e-22,1.0,1.9287498933537385e-22,1.9287498933537385e-22,1.9287498933537385e-22
568,1,2.0,2,1.9287498933537385e-22,1.0,1.9287498933537385e-22,1.9287498933537385e-22,1.9287498933537385e-22
569,1,3.0,3,0.0,0.0,1.0,0.0,0.0
570,3,3.0,3,0.0,0.0,1.0,0.0,0.0
571,1,2.0,2,1.9287498933537385e-22,1.0,1.9287498933537385e-22,1.9287498933537385e-22,1.9287498933537385e-22
572,1,2.0,2,0.0,1.0,0.0,0.0,0.0
573,3,2.0,2,1.9287498933537385e-22,1.0,1.9287498933537385e-22,1.9287498933537385e-22,1.9287498933537385e-22
574,4,2.0,2,0.0,1.0,0.0,0.0,0.0
575,5,2.0,2,0.0,1.0,0.0,0.0,0.0
576,1,2.0,2,0.0,1.0,0.0,0.0,0.0
577,1,2.0,2,1.9287498933537385e-22,1.0,1.9287498933537385e-22,1.9287498933537385e-22,1.9287498933537385e-22
578,1,2.0,2,1.9287498933537385e-22,1.0,1.9287498933537385e-22,1.9287498933537385e-22,1.9287498933537385e-22
579,5,2.0,2,1.9287498933537385e-22,1.0,1.9287498933537385e-22,1.9287498933537385e-22,1.9287498933537385e-22
580,2,2.0,2,0.0,1.0,0.0,0.0,0.0
581,3,5.0,5,0.0,0.0,0.0,0.0,1.0
582,4,2.0,2,0.0,1.0,0.0,0.0,0.0
583,1,3.0,3,0.0,0.0,1.0,0.0,0.0
584,3,5.0,5,0.0,0.0,0.0,0.0,1.0
585,5,2.0,2,0.0,1.0,0.0,0.0,0.0
586,2,2.0,2,1.9287498933537385e-22,1.0,1.9287498933537385e-22,1.9287498933537385e-22,1.9287498933537385e-22
587,3,2.0,2,0.0,1.0,0.0,0.0,0.0
588,5,5.0,5,0.0,0.0,0.0,0.0,1.0
589,2,2.0,2,0.0,1.0,0.0,0.0,0.0
590,3,5.0,5,0.0,0.0,0.0,0.0,1.0
591,4,5.0,5,0.0,0.0,0.0,0.0,1.0
592,2,3.0,3,0.0,0.0,1.0,0.0,0.0
593,1,2.0,2,0.0,1.0,0.0,0.0,0.0
594,1,2.0,2,1.9287498933537385e-22,1.0,1.9287498933537385e-22,1.9287498933537385e-22,1.9287498933537385e-22
595,3,1.0,1,1.0,1.9287498933537385e-22,1.9287498933537385e-22,1.9287498933537385e-22,1.9287498933537385e-22
596,2,2.0,2,0.0,1.0,0.0,0.0,0.0
597,4,2.0,2,0.0,1.0,0.0,0.0,0.0
598,5,3.0,3,0.0,0.0,1.0,0.0,0.0
599,5,5.0,5,0.0,0.0,0.0,0.0,1.0
600,3,2.0,2,1.9287498933537385e-22,1.0,1.9287498933537385e-22,1.9287498933537385e-22,1.9287498933537385e-22
601,1,2.0,2,1.9287498933537385e-22,1.0,1.9287498933537385e-22,1.9287498933537385e-22,1.9287498933537385e-22
602,5,2.0,2,0.0,1.0,0.0,0.0,0.0
603,2,2.0,2,1.9287498933537385e-22,1.0,1.9287498933537385e-22,1.9287498933537385e-22,1.9287498933537385e-22
604,5,2.0,2,1.9287498933537385e-22,1.0,1.9287498933537385e-22,1.9287498933537385e-22,1.9287498933537385e-22
605,3,5.0,5,1.9287498933537385e-22,1.9287498933537385e-22,1.9287498933537385e-22,1.9287498933537385e-22,1.0
606,4,2.0,2,0.0,1.0,0.0,0.0,0.0
607,2,2.0,2,1.9287498933537385e-22,1.0,1.9287498933537385e-22,1.9287498933537385e-22,1.9287498933537385e-22
608,1,2.0,2,1.9287498933537385e-22,1.0,1.9287498933537385e-22,1.9287498933537385e-22,1.9287498933537385e-22
609,4,4.0,4,1.9287498933537385e-22,1.9287498933537385e-22,1.9287498933537385e-22,1.0,1.9287498933537385e-22
610,5,5.0,5,0.0,0.0,0.0,0.0,1.0
611,4,2.0,2,0.0,1.0,0.0,0.0,0.0
612,2,3.0,3,1.9287498933537385e-22,1.9287498933537385e-22,1.0,1.9287498933537385e-22,1.9287498933537385e-22
613,1,1.0,1,1.0,0.0,0.0,0.0,0.0
614,1,2.0,2,0.0,1.0,0.0,0.0,0.0
615,3,5.0,5,0.0,0.0,0.0,0.0,1.0
616,3,2.0,2,0.0,1.0,0.0,0.0,0.0
617,2,3.0,3,0.0,0.0,1.0,0.0,0.0
618,4,2.0,2,1.9287498933537385e-22,1.0,1.9287498933537385e-22,1.9287498933537385e-22,1.9287498933537385e-22
619,2,3.0,3,0.0,0.0,1.0,0.0,0.0
620,4,5.0,5,0.0,0.0,0.0,0.0,1.0
621,2,5.0,5,0.0,0.0,0.0,0.0,1.0
622,1,3.0,3,0.0,0.0,1.0,0.0,0.0
623,2,2.0,2,0.0,1.0,0.0,0.0,0.0
624,2,4.0,4,0.0,0.0,0.0,1.0,0.0
625,4,5.0,5,0.0,0.0,0.0,0.0,1.0
626,1,2.0,2,0.0,1.0,0.0,0.0,0.0
627,2,2.0,2,0.0,1.0,0.0,0.0,0.0
628,3,2.0,2,0.0,1.0,0.0,0.0,0.0
629,2,2.0,2,1.9287498933537385e-22,1.0,1.9287498933537385e-22,1.9287498933537385e-22,1.9287498933537385e-22
630,5,5.0,5,0.0,0.0,0.0,0.0,1.0
631,4,5.0,5,0.0,0.0,0.0,0.0,1.0
632,2,2.0,2,1.9287498933537385e-22,1.0,1.9287498933537385e-22,1.9287498933537385e-22,1.9287498933537385e-22
633,4,1.0,1,1.0,0.0,0.0,0.0,0.0
634,3,2.0,2,0.0,1.0,0.0,0.0,0.0
635,5,5.0,5,0.0,0.0,0.0,0.0,1.0
636,2,3.0,3,0.0,0.0,1.0,0.0,0.0
637,1,2.0,2,0.0,1.0,0.0,0.0,0.0
638,2,2.0,2,0.0,1.0,0.0,0.0,0.0
639,1,3.0,3,0.0,0.0,1.0,0.0,0.0
640,3,5.0,5,0.0,0.0,0.0,0.0,1.0
641,1,1.0,1,1.0,0.0,0.0,0.0,0.0
642,1,5.0,5,0.0,0.0,0.0,0.0,1.0
643,2,1.0,1,1.0,0.0,0.0,0.0,0.0
644,5,2.0,2,0.0,1.0,0.0,0.0,0.0
645,4,2.0,2,0.0,1.0,0.0,0.0,0.0
646,3,2.0,2,0.0,1.0,0.0,0.0,0.0
647,2,2.0,2,0.0,1.0,0.0,0.0,0.0
648,2,2.0,2,0.0,1.0,0.0,0.0,0.0
649,4,1.0,1,1.0,0.0,0.0,0.0,0.0
650,4,2.0,2,1.9287498933537385e-22,1.0,1.9287498933537385e-22,1.9287498933537385e-22,1.9287498933537385e-22
651,3,2.0,2,1.9287498933537385e-22,1.0,1.9287498933537385e-22,1.9287498933537385e-22,1.9287498933537385e-22
652,2,2.0,2,0.0,1.0,0.0,0.0,0.0
653,2,2.0,2,0.0,1.0,0.0,0.0,0.0
654,4,3.0,3,0.0,0.0,1.0,0.0,0.0
655,2,2.0,2,0.0,1.0,0.0,0.0,0.0
656,3,3.0,3,1.9287498933537385e-22,1.9287498933537385e-22,1.0,1.9287498933537385e-22,1.9287498933537385e-22
657,1,1.0,1,1.0,1.9287498933537385e-22,1.9287498933537385e-22,1.9287498933537385e-22,1.9287498933537385e-22
658,1,3.0,3,1.9287498933537385e-22,1.9287498933537385e-22,1.0,1.9287498933537385e-22,1.9287498933537385e-22
659,1,2.0,2,0.0,1.0,0.0,0.0,0.0
660,2,4.0,4,1.9287498933537385e-22,1.9287498933537385e-22,1.9287498933537385e-22,1.0,1.9287498933537385e-22
661,3,2.0,2,0.0,1.0,0.0,0.0,0.0
662,1,1.0,1,1.0,0.0,0.0,0.0,0.0
663,1,1.0,1,1.0,0.0,0.0,0.0,0.0
664,5,2.0,2,1.9287498933537385e-22,1.0,1.9287498933537385e-22,1.9287498933537385e-22,1.9287498933537385e-22
665,1,2.0,2,1.9287498933537385e-22,1.0,1.9287498933537385e-22,1.9287498933537385e-22,1.9287498933537385e-22
666,1,2.0,2,0.0,1.0,0.0,0.0,0.0
667,3,2.0,2,0.0,1.0,0.0,0.0,0.0
668,2,2.0,2,0.0,1.0,0.0,0.0,0.0
669,2,2.0,2,0.0,1.0,0.0,0.0,0.0
670,3,1.0,1,1.0,1.9287498933537385e-22,1.9287498933537385e-22,1.9287498933537385e-22,1.9287498933537385e-22
671,4,4.0,4,0.0,0.0,0.0,1.0,0.0
672,1,2.0,2,0.0,1.0,0.0,0.0,0.0
673,4,3.0,3,0.0,0.0,1.0,0.0,0.0
674,2,1.0,1,1.0,0.0,0.0,0.0,0.0
675,5,2.0,2,0.0,1.0,0.0,0.0,0.0
676,3,1.0,1,1.0,0.0,0.0,0.0,0.0
677,2,2.0,2,0.0,1.0,0.0,0.0,0.0
678,2,4.0,4,0.0,0.0,0.0,1.0,0.0
679,5,2.0,2,1.9287498933537385e-22,1.0,1.9287498933537385e-22,1.9287498933537385e-22,1.9287498933537385e-22
680,4,5.0,5,0.0,0.0,0.0,0.0,1.0
681,1,2.0,2,1.9287498933537385e-22,1.0,1.9287498933537385e-22,1.9287498933537385e-22,1.9287498933537385e-22
682,5,2.0,2,1.9287498933537385e-22,1.0,1.9287498933537385e-22,1.9287498933537385e-22,1.9287498933537385e-22
683,2,3.0,3,1.9287498933537385e-22,1.9287498933537385e-22,1.0,1.9287498933537385e-22,1.9287498933537385e-22
684,1,3.0,3,1.9287498933537385e-22,1.9287498933537385e-22,1.0,1.9287498933537385e-22,1.9287498933537385e-22
685,1,2.0,2,0.0,1.0,0.0,0.0,0.0
686,2,2.0,2,0.0,1.0,0.0,0.0,0.0
687,3,2.0,2,1.9287498933537385e-22,1.0,1.9287498933537385e-22,1.9287498933537385e-22,1.9287498933537385e-22
688,3,5.0,5,0.0,0.0,0.0,0.0,1.0
689,3,2.0,2,0.0,1.0,0.0,0.0,0.0
690,1,2.0,2,0.0,1.0,0.0,0.0,0.0
691,1,1.0,1,1.0,1.9287498933537385e-22,1.9287498933537385e-22,1.9287498933537385e-22,1.9287498933537385e-22
692,2,4.0,4,0.0,0.0,0.0,1.0,0.0
693,4,2.0,2,0.0,1.0,0.0,0.0,0.0
694,3,2.0,2,1.9287498933537385e-22,1.0,1.9287498933537385e-22,1.9287498933537385e-22,1.9287498933537385e-22
695,2,1.0,1,1.0,0.0,0.0,0.0,0.0
696,3,2.0,2,0.0,1.0,0.0,0.0,0.0
697,4,2.0,2,0.0,1.0,0.0,0.0,0.0
698,1,2.0,2,0.0,1.0,0.0,0.0,0.0
699,5,5.0,5,1.9287498933537385e-22,1.9287498933537385e-22,1.9287498933537385e-22,1.9287498933537385e-22,1.0
700,4,2.0,2,1.9287498933537385e-22,1.0,1.9287498933537385e-22,1.9287498933537385e-22,1.9287498933537385e-22
701,5,2.0,2,1.9287498933537385e-22,1.0,1.9287498933537385e-22,1.9287498933537385e-22,1.9287498933537385e-22
702,5,5.0,5,1.9287498933537385e-22,1.9287498933537385e-22,1.9287498933537385e-22,1.9287498933537385e-22,1.0
703,3,2.0,2,0.0,1.0,0.0,0.0,0.0
704,5,2.0,2,0.0,1.0,0.0,0.0,0.0
705,5,5.0,5,1.9287498933537385e-22,1.9287498933537385e-22,1.9287498933537385e-22,1.9287498933537385e-22,1.0
706,4,3.0,3,1.9287498933537385e-22,1.9287498933537385e-22,1.0,1.9287498933537385e-22,1.9287498933537385e-22
707,5,1.0,1,1.0,0.0,0.0,0.0,0.0
708,3,2.0,2,1.9287498933537385e-22,1.0,1.9287498933537385e-22,1.9287498933537385e-22,1.9287498933537385e-22
709,3,2.0,2,0.0,1.0,0.0,0.0,0.0
710,4,5.0,5,0.0,0.0,0.0,0.0,1.0
711,2,2.0,2,0.0,1.0,0.0,0.0,0.0
712,1,3.0,3,0.0,0.0,1.0,0.0,0.0
714,2,5.0,5,0.0,0.0,0.0,0.0,1.0
715,3,2.0,2,0.0,1.0,0.0,0.0,0.0
716,4,2.0,2,0.0,1.0,0.0,0.0,0.0
717,4,2.0,2,0.0,1.0,0.0,0.0,0.0
719,3,1.0,1,1.0,0.0,0.0,0.0,0.0
720,2,4.0,4,0.0,0.0,0.0,1.0,0.0
721,1,2.0,2,0.0,1.0,0.0,0.0,0.0
722,1,2.0,2,1.9287498933537385e-22,1.0,1.9287498933537385e-22,1.9287498933537385e-22,1.9287498933537385e-22
724,4,2.0,2,1.9287498933537385e-22,1.0,1.9287498933537385e-22,1.9287498933537385e-22,1.9287498933537385e-22
726,2,1.0,1,1.0,0.0,0.0,0.0,0.0
727,3,1.0,1,1.0,0.0,0.0,0.0,0.0
728,4,1.0,1,1.0,1.9287498933537385e-22,1.9287498933537385e-22,1.9287498933537385e-22,1.9287498933537385e-22
730,3,2.0,2,1.9287498933537385e-22,1.0,1.9287498933537385e-22,1.9287498933537385e-22,1.9287498933537385e-22
731,5,5.0,5,0.0,0.0,0.0,0.0,1.0
732,4,2.0,2,0.0,1.0,0.0,0.0,0.0
733,4,2.0,2,0.0,1.0,0.0,0.0,0.0
734,5,3.0,3,1.9287498933537385e-22,1.9287498933537385e-22,1.0,1.9287498933537385e-22,1.9287498933537385e-22
735,3,3.0,3,1.9287498933537385e-22,1.9287498933537385e-22,1.0,1.9287498933537385e-22,1.9287498933537385e-22
736,2,5.0,5,0.0,0.0,0.0,0.0,1.0
737,1,2.0,2,1.9287498933537385e-22,1.0,1.9287498933537385e-22,1.9287498933537385e-22,1.9287498933537385e-22
738,2,4.0,4,1.9287498933537385e-22,1.9287498933537385e-22,1.9287498933537385e-22,1.0,1.9287498933537385e-22
739,3,3.0,3,1.9287498933537385e-22,1.9287498933537385e-22,1.0,1.9287498933537385e-22,1.9287498933537385e-22
740,4,2.0,2,0.0,1.0,0.0,0.0,0.0
741,5,1.0,1,1.0,0.0,0.0,0.0,0.0
742,1,2.0,2,0.0,1.0,0.0,0.0,0.0
745,1,1.0,1,1.0,1.9287498933537385e-22,1.9287498933537385e-22,1.9287498933537385e-22,1.9287498933537385e-22
746,3,2.0,2,0.0,1.0,0.0,0.0,0.0
747,4,1.0,1,1.0,0.0,0.0,0.0,0.0
750,2,2.0,2,1.9287498933537385e-22,1.0,1.9287498933537385e-22,1.9287498933537385e-22,1.9287498933537385e-22
752,2,2.0,2,0.0,1.0,0.0,0.0,0.0
753,1,3.0,3,1.9287498933537385e-22,1.9287498933537385e-22,1.0,1.9287498933537385e-22,1.9287498933537385e-22
754,4,1.0,1,1.0,0.0,0.0,0.0,0.0
755,2,5.0,5,1.9287498933537385e-22,1.9287498933537385e-22,1.9287498933537385e-22,1.9287498933537385e-22,1.0
757,1,2.0,2,0.0,1.0,0.0,0.0,0.0
758,3,2.0,2,0.0,1.0,0.0,0.0,0.0
759,3,2.0,2,0.0,1.0,0.0,0.0,0.0
760,4,2.0,2,0.0,1.0,0.0,0.0,0.0
761,2,3.0,3,1.9287498933537385e-22,1.9287498933537385e-22,1.0,1.9287498933537385e-22,1.9287498933537385e-22
762,1,2.0,2,1.9287498933537385e-22,1.0,1.9287498933537385e-22,1.9287498933537385e-22,1.9287498933537385e-22
763,4,2.0,2,1.9287498933537385e-22,1.0,1.9287498933537385e-22,1.9287498933537385e-22,1.9287498933537385e-22
764,1,2.0,2,0.0,1.0,0.0,0.0,0.0
766,1,2.0,2,0.0,1.0,0.0,0.0,0.0
768,5,5.0,5,0.0,0.0,0.0,0.0,1.0
771,3,2.0,2,1.9287498933537385e-22,1.0,1.9287498933537385e-22,1.9287498933537385e-22,1.9287498933537385e-22
772,4,2.0,2,0.0,1.0,0.0,0.0,0.0
774,2,4.0,4,1.9287498933537385e-22,1.9287498933537385e-22,1.9287498933537385e-22,1.0,1.9287498933537385e-22
775,3,2.0,2,0.0,1.0,0.0,0.0,0.0
777,4,2.0,2,1.9287498933537385e-22,1.0,1.9287498933537385e-22,1.9287498933537385e-22,1.9287498933537385e-22
778,3,2.0,2,0.0,1.0,0.0,0.0,0.0
779,5,1.0,1,1.0,0.0,0.0,0.0,0.0
780,2,2.0,2,1.9287498933537385e-22,1.0,1.9287498933537385e-22,1.9287498933537385e-22,1.9287498933537385e-22
781,1,3.0,3,1.9287498933537385e-22,1.9287498933537385e-22,1.0,1.9287498933537385e-22,1.9287498933537385e-22
782,2,2.0,2,0.0,1.0,0.0,0.0,0.0
783,1,2.0,2,0.0,1.0,0.0,0.0,0.0
785,5,2.0,2,0.0,1.0,0.0,0.0,0.0
786,3,3.0,3,1.9287498933537385e-22,1.9287498933537385e-22,1.0,1.9287498933537385e-22,1.9287498933537385e-22
787,1,2.0,2,0.0,1.0,0.0,0.0,0.0
788,5,5.0,5,0.0,0.0,0.0,0.0,1.0
789,2,1.0,1,1.0,0.0,0.0,0.0,0.0
790,3,2.0,2,1.9287498933537385e-22,1.0,1.9287498933537385e-22,1.9287498933537385e-22,1.9287498933537385e-22
791,1,2.0,2,0.0,1.0,0.0,0.0,0.0
792,5,3.0,3,0.0,0.0,1.0,0.0,0.0
793,4,2.0,2,0.0,1.0,0.0,0.0,0.0
794,4,2.0,2,0.0,1.0,0.0,0.0,0.0
795,1,2.0,2,0.0,1.0,0.0,0.0,0.0
797,5,5.0,5,1.9287498933537385e-22,1.9287498933537385e-22,1.9287498933537385e-22,1.9287498933537385e-22,1.0
798,1,1.0,1,1.0,0.0,0.0,0.0,0.0
801,2,3.0,3,0.0,0.0,1.0,0.0,0.0
802,4,3.0,3,0.0,0.0,1.0,0.0,0.0
803,4,1.0,1,1.0,0.0,0.0,0.0,0.0
804,1,3.0,3,0.0,0.0,1.0,0.0,0.0
805,2,2.0,2,0.0,1.0,0.0,0.0,0.0
806,4,2.0,2,0.0,1.0,0.0,0.0,0.0
807,4,1.0,1,1.0,0.0,0.0,0.0,0.0
808,4,1.0,1,1.0,1.9287498933537385e-22,1.9287498933537385e-22,1.9287498933537385e-22,1.9287498933537385e-22
810,2,2.0,2,0.0,1.0,0.0,0.0,0.0
812,1,2.0,2,0.0,1.0,0.0,0.0,0.0
813,1,2.0,2,0.0,1.0,0.0,0.0,0.0
814,3,2.0,2,1.9287498933537385e-22,1.0,1.9287498933537385e-22,1.9287498933537385e-22,1.9287498933537385e-22
815,4,2.0,2,0.0,1.0,0.0,0.0,0.0
816,2,3.0,3,0.0,0.0,1.0,0.0,0.0
817,4,2.0,2,0.0,1.0,0.0,0.0,0.0
819,3,2.0,2,0.0,1.0,0.0,0.0,0.0
821,2,2.0,2,0.0,1.0,0.0,0.0,0.0
822,3,1.0,1,1.0,1.9287498933537385e-22,1.9287498933537385e-22,1.9287498933537385e-22,1.9287498933537385e-22
823,4,2.0,2,1.9287498933537385e-22,1.0,1.9287498933537385e-22,1.9287498933537385e-22,1.9287498933537385e-22
825,1,3.0,3,0.0,0.0,1.0,0.0,0.0
826,2,3.0,3,1.9287498933537385e-22,1.9287498933537385e-22,1.0,1.9287498933537385e-22,1.9287498933537385e-22
827,4,1.0,1,1.0,0.0,0.0,0.0,0.0
829,1,2.0,2,0.0,1.0,0.0,0.0,0.0
830,2,2.0,2,0.0,1.0,0.0,0.0,0.0
831,2,2.0,2,0.0,1.0,0.0,0.0,0.0
832,1,2.0,2,0.0,1.0,0.0,0.0,0.0
833,1,3.0,3,0.0,0.0,1.0,0.0,0.0
836,3,5.0,5,0.0,0.0,0.0,0.0,1.0
837,4,4.0,4,1.9287498933537385e-22,1.9287498933537385e-22,1.9287498933537385e-22,1.0,1.9287498933537385e-22
838,4,1.0,1,1.0,0.0,0.0,0.0,0.0
839,2,3.0,3,0.0,0.0,1.0,0.0,0.0
840,1,2.0,2,0.0,1.0,0.0,0.0,0.0
841,5,5.0,5,0.0,0.0,0.0,0.0,1.0
842,4,5.0,5,1.9287498933537385e-22,1.9287498933537385e-22,1.9287498933537385e-22,1.9287498933537385e-22,1.0
843,4,2.0,2,1.9287498933537385e-22,1.0,1.9287498933537385e-22,1.9287498933537385e-22,1.9287498933537385e-22
844,3,2.0,2,1.9287498933537385e-22,1.0,1.9287498933537385e-22,1.9287498933537385e-22,1.9287498933537385e-22
845,3,2.0,2,1.9287498933537385e-22,1.0,1.9287498933537385e-22,1.9287498933537385e-22,1.9287498933537385e-22
846,4,3.0,3,0.0,0.0,1.0,0.0,0.0
847,4,3.0,3,1.9287498933537385e-22,1.9287498933537385e-22,1.0,1.9287498933537385e-22,1.9287498933537385e-22
848,5,2.0,2,1.9287498933537385e-22,1.0,1.9287498933537385e-22,1.9287498933537385e-22,1.9287498933537385e-22
850,3,2.0,2,1.9287498933537385e-22,1.0,1.9287498933537385e-22,1.9287498933537385e-22,1.9287498933537385e-22
851,4,2.0,2,0.0,1.0,0.0,0.0,0.0
852,2,2.0,2,1.9287498933537385e-22,1.0,1.9287498933537385e-22,1.9287498933537385e-22,1.9287498933537385e-22
853,3,5.0,5,1.9287498933537385e-22,1.9287498933537385e-22,1.9287498933537385e-22,1.9287498933537385e-22,1.0
854,1,2.0,2,1.9287498933537385e-22,1.0,1.9287498933537385e-22,1.9287498933537385e-22,1.9287498933537385e-22
855,5,2.0,2,1.9287498933537385e-22,1.0,1.9287498933537385e-22,1.9287498933537385e-22,1.9287498933537385e-22
856,1,2.0,2,0.0,1.0,0.0,0.0,0.0
858,2,2.0,2,1.9287498933537385e-22,1.0,1.9287498933537385e-22,1.9287498933537385e-22,1.9287498933537385e-22
859,3,2.0,2,0.0,1.0,0.0,0.0,0.0
860,3,5.0,5,0.0,0.0,0.0,0.0,1.0
861,1,2.0,2,0.0,1.0,0.0,0.0,0.0
862,2,2.0,2,0.0,1.0,0.0,0.0,0.0
864,1,3.0,3,1.9287498933537385e-22,1.9287498933537385e-22,1.0,1.9287498933537385e-22,1.9287498933537385e-22
865,4,2.0,2,0.0,1.0,0.0,0.0,0.0
866,5,5.0,5,0.0,0.0,0.0,0.0,1.0
867,2,1.0,1,1.0,0.0,0.0,0.0,0.0
869,3,2.0,2,0.0,1.0,0.0,0.0,0.0
870,1,2.0,2,1.9287498933537385e-22,1.0,1.9287498933537385e-22,1.9287498933537385e-22,1.9287498933537385e-22
871,3,2.0,2,0.0,1.0,0.0,0.0,0.0
872,1,2.0,2,0.0,1.0,0.0,0.0,0.0
875,1,3.0,3,1.9287498933537385e-22,1.9287498933537385e-22,1.0,1.9287498933537385e-22,1.9287498933537385e-22
876,1,2.0,2,0.0,1.0,0.0,0.0,0.0
880,4,2.0,2,0.0,1.0,0.0,0.0,0.0
881,1,2.0,2,0.0,1.0,0.0,0.0,0.0
882,3,4.0,4,1.9287498933537385e-22,1.9287498933537385e-22,1.9287498933537385e-22,1.0,1.9287498933537385e-22
883,3,2.0,2,0.0,1.0,0.0,0.0,0.0
886,1,3.0,3,1.9287498933537385e-22,1.9287498933537385e-22,1.0,1.9287498933537385e-22,1.9287498933537385e-22
887,1,1.0,1,1.0,0.0,0.0,0.0,0.0
889,4,1.0,1,1.0,1.9287498933537385e-22,1.9287498933537385e-22,1.9287498933537385e-22,1.9287498933537385e-22
890,3,2.0,2,0.0,1.0,0.0,0.0,0.0
891,1,2.0,2,0.0,1.0,0.0,0.0,0.0
893,4,2.0,2,0.0,1.0,0.0,0.0,0.0
894,1,1.0,1,1.0,1.9287498933537385e-22,1.9287498933537385e-22,1.9287498933537385e-22,1.9287498933537385e-22
895,1,1.0,1,1.0,0.0,0.0,0.0,0.0
897,1,4.0,4,1.9287498933537385e-22,1.9287498933537385e-22,1.9287498933537385e-22,1.0,1.9287498933537385e-22
898,4,3.0,3,0.0,0.0,1.0,0.0,0.0
900,3,1.0,1,1.0,1.9287498933537385e-22,1.9287498933537385e-22,1.9287498933537385e-22,1.9287498933537385e-22
901,4,2.0,2,1.9287498933537385e-22,1.0,1.9287498933537385e-22,1.9287498933537385e-22,1.9287498933537385e-22
902,5,2.0,2,0.0,1.0,0.0,0.0,0.0
904,4,1.0,1,1.0,0.0,0.0,0.0,0.0
905,3,2.0,2,1.9287498933537385e-22,1.0,1.9287498933537385e-22,1.9287498933537385e-22,1.9287498933537385e-22
906,4,3.0,3,0.0,0.0,1.0,0.0,0.0
907,2,3.0,3,1.9287498933537385e-22,1.9287498933537385e-22,1.0,1.9287498933537385e-22,1.9287498933537385e-22
909,5,5.0,5,1.9287498933537385e-22,1.9287498933537385e-22,1.9287498933537385e-22,1.9287498933537385e-22,1.0
913,2,5.0,5,1.9287498933537385e-22,1.9287498933537385e-22,1.9287498933537385e-22,1.9287498933537385e-22,1.0
914,4,3.0,3,1.9287498933537385e-22,1.9287498933537385e-22,1.0,1.9287498933537385e-22,1.9287498933537385e-22
915,5,5.0,5,0.0,0.0,0.0,0.0,1.0
916,1,2.0,2,0.0,1.0,0.0,0.0,0.0
917,1,2.0,2,1.9287498933537385e-22,1.0,1.9287498933537385e-22,1.9287498933537385e-22,1.9287498933537385e-22
921,2,4.0,4,1.9287498933537385e-22,1.9287498933537385e-22,1.9287498933537385e-22,1.0,1.9287498933537385e-22
922,4,2.0,2,1.9287498933537385e-22,1.0,1.9287498933537385e-22,1.9287498933537385e-22,1.9287498933537385e-22
923,3,3.0,3,0.0,0.0,1.0,0.0,0.0
924,2,1.0,1,1.0,0.0,0.0,0.0,0.0
925,4,3.0,3,1.9287498933537385e-22,1.9287498933537385e-22,1.0,1.9287498933537385e-22,1.9287498933537385e-22
926,5,5.0,5,0.0,0.0,0.0,0.0,1.0
927,5,5.0,5,1.9287498933537385e-22,1.9287498933537385e-22,1.9287498933537385e-22,1.9287498933537385e-22,1.0
928,3,3.0,3,0.0,0.0,1.0,0.0,0.0
932,3,2.0,2,1.9287498933537385e-22,1.0,1.9287498933537385e-22,1.9287498933537385e-22,1.9287498933537385e-22
934,4,3.0,3,0.0,0.0,1.0,0.0,0.0
935,1,2.0,2,0.0,1.0,0.0,0.0,0.0
936,1,1.0,1,1.0,0.0,0.0,0.0,0.0
938,5,5.0,5,0.0,0.0,0.0,0.0,1.0
941,1,2.0,2,0.0,1.0,0.0,0.0,0.0
942,4,2.0,2,1.9287498933537385e-22,1.0,1.9287498933537385e-22,1.9287498933537385e-22,1.9287498933537385e-22
943,1,2.0,2,1.9287498933537385e-22,1.0,1.9287498933537385e-22,1.9287498933537385e-22,1.9287498933537385e-22
944,3,2.0,2,1.9287498933537385e-22,1.0,1.9287498933537385e-22,1.9287498933537385e-22,1.9287498933537385e-22
945,1,2.0,2,0.0,1.0,0.0,0.0,0.0
946,1,2.0,2,1.9287498933537385e-22,1.0,1.9287498933537385e-22,1.9287498933537385e-22,1.9287498933537385e-22
948,2,3.0,3,1.9287498933537385e-22,1.9287498933537385e-22,1.0,1.9287498933537385e-22,1.9287498933537385e-22
949,1,2.0,2,1.9287498933537385e-22,1.0,1.9287498933537385e-22,1.9287498933537385e-22,1.9287498933537385e-22
950,1,1.0,1,1.0,1.9287498933537385e-22,1.9287498933537385e-22,1.9287498933537385e-22,1.9287498933537385e-22
953,1,5.0,5,1.9287498933537385e-22,1.9287498933537385e-22,1.9287498933537385e-22,1.9287498933537385e-22,1.0
955,5,2.0,2,0.0,1.0,0.0,0.0,0.0
956,2,2.0,2,0.0,1.0,0.0,0.0,0.0
957,3,1.0,1,1.0,0.0,0.0,0.0,0.0
958,5,5.0,5,1.9287498933537385e-22,1.9287498933537385e-22,1.9287498933537385e-22,1.9287498933537385e-22,1.0
960,2,2.0,2,0.0,1.0,0.0,0.0,0.0
961,4,2.0,2,0.0,1.0,0.0,0.0,0.0
962,4,2.0,2,0.0,1.0,0.0,0.0,0.0
964,4,5.0,5,0.0,0.0,0.0,0.0,1.0
965,3,2.0,2,0.0,1.0,0.0,0.0,0.0
966,3,3.0,3,0.0,0.0,1.0,0.0,0.0
967,4,2.0,2,1.9287498933537385e-22,1.0,1.9287498933537385e-22,1.9287498933537385e-22,1.9287498933537385e-22
968,1,2.0,2,0.0,1.0,0.0,0.0,0.0
969,4,2.0,2,0.0,1.0,0.0,0.0,0.0
970,4,5.0,5,0.0,0.0,0.0,0.0,1.0
971,4,5.0,5,0.0,0.0,0.0,0.0,1.0
972,2,2.0,2,0.0,1.0,0.0,0.0,0.0
973,4,2.0,2,0.0,1.0,0.0,0.0,0.0
974,4,5.0,5,0.0,0.0,0.0,0.0,1.0
976,2,2.0,2,1.9287498933537385e-22,1.0,1.9287498933537385e-22,1.9287498933537385e-22,1.9287498933537385e-22
977,4,1.0,1,1.0,0.0,0.0,0.0,0.0
978,4,2.0,2,1.9287498933537385e-22,1.0,1.9287498933537385e-22,1.9287498933537385e-22,1.9287498933537385e-22
980,2,2.0,2,1.9287498933537385e-22,1.0,1.9287498933537385e-22,1.9287498933537385e-22,1.9287498933537385e-22
984,4,2.0,2,0.0,1.0,0.0,0.0,0.0
985,3,2.0,2,1.9287498933537385e-22,1.0,1.9287498933537385e-22,1.9287498933537385e-22,1.9287498933537385e-22
988,1,2.0,2,0.0,1.0,0.0,0.0,0.0
992,3,2.0,2,0.0,1.0,0.0,0.0,0.0
993,5,5.0,5,0.0,0.0,0.0,0.0,1.0
994,5,1.0,1,1.0,1.9287498933537385e-22,1.9287498933537385e-22,1.9287498933537385e-22,1.9287498933537385e-22
995,4,1.0,1,1.0,0.0,0.0,0.0,0.0
1000,5,1.0,1,1.0,0.0,0.0,0.0,0.0
1001,4,1.0,1,1.0,0.0,0.0,0.0,0.0
1002,2,1.0,1,1.0,0.0,0.0,0.0,0.0
1004,1,1.0,1,1.0,0.0,0.0,0.0,0.0
1005,5,1.0,1,1.0,1.9287498933537385e-22,1.9287498933537385e-22,1.9287498933537385e-22,1.9287498933537385e-22
1008,3,1.0,1,1.0,0.0,0.0,0.0,0.0
1009,2,1.0,1,1.0,0.0,0.0,0.0,0.0
1010,4,2.0,2,1.9287498933537385e-22,1.0,1.9287498933537385e-22,1.9287498933537385e-22,1.9287498933537385e-22
1012,5,2.0,2,1.9287498933537385e-22,1.0,1.9287498933537385e-22,1.9287498933537385e-22,1.9287498933537385e-22
1014,1,1.0,1,1.0,0.0,0.0,0.0,0.0
1015,4,1.0,1,1.0,1.9287498933537385e-22,1.9287498933537385e-22,1.9287498933537385e-22,1.9287498933537385e-22
1016,5,1.0,1,1.0,0.0,0.0,0.0,0.0
1017,3,1.0,1,1.0,0.0,0.0,0.0,0.0
1018,4,1.0,1,1.0,1.9287498933537385e-22,1.9287498933537385e-22,1.9287498933537385e-22,1.9287498933537385e-22
1019,2,1.0,1,1.0,1.9287498933537385e-22,1.9287498933537385e-22,1.9287498933537385e-22,1.9287498933537385e-22
1020,1,1.0,1,1.0,1.9287498933537385e-22,1.9287498933537385e-22,1.9287498933537385e-22,1.9287498933537385e-22
1022,1,1.0,1,1.0,1.9287498933537385e-22,1.9287498933537385e-22,1.9287498933537385e-22,1.9287498933537385e-22
1023,1,1.0,1,1.0,1.9287498933537385e-22,1.9287498933537385e-22,1.9287498933537385e-22,1.9287498933537385e-22
1025,1,1.0,1,1.0,0.0,0.0,0.0,0.0
1026,2,1.0,1,1.0,1.9287498933537385e-22,1.9287498933537385e-22,1.9287498933537385e-22,1.9287498933537385e-22
1027,1,1.0,1,1.0,0.0,0.0,0.0,0.0
1028,1,1.0,1,1.0,0.0,0.0,0.0,0.0
1029,1,1.0,1,1.0,0.0,0.0,0.0,0.0
1030,1,1.0,1,1.0,1.9287498933537385e-22,1.9287498933537385e-22,1.9287498933537385e-22,1.9287498933537385e-22
1031,3,1.0,1,1.0,1.9287498933537385e-22,1.9287498933537385e-22,1.9287498933537385e-22,1.9287498933537385e-22
1033,1,1.0,1,1.0,1.9287498933537385e-22,1.9287498933537385e-22,1.9287498933537385e-22,1.9287498933537385e-22
1034,1,1.0,1,1.0,0.0,0.0,0.0,0.0
1035,1,1.0,1,1.0,0.0,0.0,0.0,0.0
1036,1,1.0,1,1.0,0.0,0.0,0.0,0.0
1037,1,1.0,1,1.0,0.0,0.0,0.0,0.0
1038,1,1.0,1,1.0,0.0,0.0,0.0,0.0
1039,1,1.0,1,1.0,0.0,0.0,0.0,0.0
1040,1,1.0,1,1.0,0.0,0.0,0.0,0.0
1041,4,1.0,1,1.0,0.0,0.0,0.0,0.0
1043,1,1.0,1,1.0,1.9287498933537385e-22,1.9287498933537385e-22,1.9287498933537385e-22,1.9287498933537385e-22
1044,1,1.0,1,1.0,1.9287498933537385e-22,1.9287498933537385e-22,1.9287498933537385e-22,1.9287498933537385e-22
1045,5,1.0,1,1.0,0.0,0.0,0.0,0.0
1046,1,1.0,1,1.0,0.0,0.0,0.0,0.0
1047,1,1.0,1,1.0,0.0,0.0,0.0,0.0
1048,1,1.0,1,1.0,0.0,0.0,0.0,0.0
1049,4,2.0,2,0.0,1.0,0.0,0.0,0.0
1052,3,5.0,5,0.0,0.0,0.0,0.0,1.0
1055,4,3.0,3,1.9287498933537385e-22,1.9287498933537385e-22,1.0,1.9287498933537385e-22,1.9287498933537385e-22
1056,3,5.0,5,1.9287498933537385e-22,1.9287498933537385e-22,1.9287498933537385e-22,1.9287498933537385e-22,1.0
1057,2,2.0,2,1.9287498933537385e-22,1.0,1.9287498933537385e-22,1.9287498933537385e-22,1.9287498933537385e-22
1058,3,2.0,2,0.0,1.0,0.0,0.0,0.0
1059,2,2.0,2,1.9287498933537385e-22,1.0,1.9287498933537385e-22,1.9287498933537385e-22,1.9287498933537385e-22
1062,1,2.0,2,1.9287498933537385e-22,1.0,1.9287498933537385e-22,1.9287498933537385e-22,1.9287498933537385e-22
1063,3,2.0,2,0.0,1.0,0.0,0.0,0.0
1064,3,2.0,2,0.0,1.0,0.0,0.0,0.0
1065,4,2.0,2,0.0,1.0,0.0,0.0,0.0
1069,3,2.0,2,1.9287498933537385e-22,1.0,1.9287498933537385e-22,1.9287498933537385e-22,1.9287498933537385e-22
1070,4,2.0,2,1.9287498933537385e-22,1.0,1.9287498933537385e-22,1.9287498933537385e-22,1.9287498933537385e-22
1071,3,2.0,2,1.9287498933537385e-22,1.0,1.9287498933537385e-22,1.9287498933537385e-22,1.9287498933537385e-22
1072,5,2.0,2,0.0,1.0,0.0,0.0,0.0
1073,5,2.0,2,0.0,1.0,0.0,0.0,0.0
1075,3,2.0,2,1.9287498933537385e-22,1.0,1.9287498933537385e-22,1.9287498933537385e-22,1.9287498933537385e-22
1076,2,5.0,5,0.0,0.0,0.0,0.0,1.0
1077,3,5.0,5,0.0,0.0,0.0,0.0,1.0
1078,3,2.0,2,1.9287498933537385e-22,1.0,1.9287498933537385e-22,1.9287498933537385e-22,1.9287498933537385e-22
1079,1,1.0,1,1.0,0.0,0.0,0.0,0.0
1080,1,2.0,2,1.9287498933537385e-22,1.0,1.9287498933537385e-22,1.9287498933537385e-22,1.9287498933537385e-22
1081,3,2.0,2,0.0,1.0,0.0,0.0,0.0
1084,3,2.0,2,0.0,1.0,0.0,0.0,0.0
1085,2,2.0,2,0.0,1.0,0.0,0.0,0.0
1086,4,1.0,1,1.0,0.0,0.0,0.0,0.0
1088,3,2.0,2,0.0,1.0,0.0,0.0,0.0
1089,4,2.0,2,0.0,1.0,0.0,0.0,0.0
1090,1,2.0,2,0.0,1.0,0.0,0.0,0.0
1091,1,2.0,2,1.9287498933537385e-22,1.0,1.9287498933537385e-22,1.9287498933537385e-22,1.9287498933537385e-22
1092,4,2.0,2,0.0,1.0,0.0,0.0,0.0
1093,5,2.0,2,1.9287498933537385e-22,1.0,1.9287498933537385e-22,1.9287498933537385e-22,1.9287498933537385e-22
1094,4,5.0,5,1.9287498933537385e-22,1.9287498933537385e-22,1.9287498933537385e-22,1.9287498933537385e-22,1.0
1095,3,4.0,4,0.0,0.0,0.0,1.0,0.0
1096,1,2.0,2,1.9287498933537385e-22,1.0,1.9287498933537385e-22,1.9287498933537385e-22,1.9287498933537385e-22
1097,4,2.0,2,0.0,1.0,0.0,0.0,0.0
1098,3,3.0,3,0.0,0.0,1.0,0.0,0.0
1099,2,2.0,2,0.0,1.0,0.0,0.0,0.0
1100,1,2.0,2,0.0,1.0,0.0,0.0,0.0
1101,4,1.0,1,1.0,0.0,0.0,0.0,0.0
1103,2,3.0,3,1.9287498933537385e-22,1.9287498933537385e-22,1.0,1.9287498933537385e-22,1.9287498933537385e-22
1104,1,2.0,2,1.9287498933537385e-22,1.0,1.9287498933537385e-22,1.9287498933537385e-22,1.9287498933537385e-22
1105,4,2.0,2,0.0,1.0,0.0,0.0,0.0
1111,3,2.0,2,0.0,1.0,0.0,0.0,0.0
1112,2,2.0,2,0.0,1.0,0.0,0.0,0.0
1113,3,2.0,2,0.0,1.0,0.0,0.0,0.0
1115,2,2.0,2,1.9287498933537385e-22,1.0,1.9287498933537385e-22,1.9287498933537385e-22,1.9287498933537385e-22
1117,4,2.0,2,0.0,1.0,0.0,0.0,0.0
1118,5,3.0,3,0.0,0.0,1.0,0.0,0.0
1119,3,2.0,2,1.9287498933537385e-22,1.0,1.9287498933537385e-22,1.9287498933537385e-22,1.9287498933537385e-22
1121,5,5.0,5,1.9287498933537385e-22,1.9287498933537385e-22,1.9287498933537385e-22,1.9287498933537385e-22,1.0
1124,3,2.0,2,1.9287498933537385e-22,1.0,1.9287498933537385e-22,1.9287498933537385e-22,1.9287498933537385e-22
1125,3,2.0,2,0.0,1.0,0.0,0.0,0.0
1127,5,2.0,2,0.0,1.0,0.0,0.0,0.0
1128,2,2.0,2,1.9287498933537385e-22,1.0,1.9287498933537385e-22,1.9287498933537385e-22,1.9287498933537385e-22
1129,5,4.0,4,0.0,0.0,0.0,1.0,0.0
1131,2,2.0,2,0.0,1.0,0.0,0.0,0.0
1134,2,2.0,2,1.9287498933537385e-22,1.0,1.9287498933537385e-22,1.9287498933537385e-22,1.9287498933537385e-22
1136,5,2.0,2,0.0,1.0,0.0,0.0,0.0
1137,5,3.0,3,0.0,0.0,1.0,0.0,0.0
1139,3,2.0,2,0.0,1.0,0.0,0.0,0.0
1141,5,5.0,5,0.0,0.0,0.0,0.0,1.0
1142,5,4.0,4,0.0,0.0,0.0,1.0,0.0
1144,4,2.0,2,0.0,1.0,0.0,0.0,0.0
1146,1,2.0,2,0.0,1.0,0.0,0.0,0.0
1147,2,5.0,5,0.0,0.0,0.0,0.0,1.0
1148,4,4.0,4,0.0,0.0,0.0,1.0,0.0
1149,1,2.0,2,1.9287498933537385e-22,1.0,1.9287498933537385e-22,1.9287498933537385e-22,1.9287498933537385e-22
1151,3,2.0,2,1.9287498933537385e-22,1.0,1.9287498933537385e-22,1.9287498933537385e-22,1.9287498933537385e-22
1152,3,2.0,2,0.0,1.0,0.0,0.0,0.0
1153,4,2.0,2,1.9287498933537385e-22,1.0,1.9287498933537385e-22,1.9287498933537385e-22,1.9287498933537385e-22
1154,4,1.0,1,1.0,1.9287498933537385e-22,1.9287498933537385e-22,1.9287498933537385e-22,1.9287498933537385e-22
1155,3,1.0,1,1.0,1.9287498933537385e-22,1.9287498933537385e-22,1.9287498933537385e-22,1.9287498933537385e-22
1156,1,1.0,1,1.0,1.9287498933537385e-22,1.9287498933537385e-22,1.9287498933537385e-22,1.9287498933537385e-22
1158,1,1.0,1,1.0,0.0,0.0,0.0,0.0
1159,1,1.0,1,1.0,0.0,0.0,0.0,0.0
1160,1,1.0,1,1.0,0.0,0.0,0.0,0.0
1162,1,1.0,1,1.0,0.0,0.0,0.0,0.0
1165,1,1.0,1,1.0,0.0,0.0,0.0,0.0
1166,1,1.0,1,1.0,0.0,0.0,0.0,0.0
1167,1,1.0,1,1.0,1.9287498933537385e-22,1.9287498933537385e-22,1.9287498933537385e-22,1.9287498933537385e-22
1168,1,1.0,1,1.0,0.0,0.0,0.0,0.0
1169,1,1.0,1,1.0,0.0,0.0,0.0,0.0
1170,2,1.0,1,1.0,0.0,0.0,0.0,0.0
1173,1,1.0,1,1.0,0.0,0.0,0.0,0.0
1174,2,1.0,1,1.0,0.0,0.0,0.0,0.0
1175,1,1.0,1,1.0,0.0,0.0,0.0,0.0
1176,1,1.0,1,1.0,1.9287498933537385e-22,1.9287498933537385e-22,1.9287498933537385e-22,1.9287498933537385e-22
1177,1,1.0,1,1.0,0.0,0.0,0.0,0.0
1181,1,1.0,1,1.0,0.0,0.0,0.0,0.0
1183,1,1.0,1,1.0,1.9287498933537385e-22,1.9287498933537385e-22,1.9287498933537385e-22,1.9287498933537385e-22
1184,1,1.0,1,1.0,1.9287498933537385e-22,1.9287498933537385e-22,1.9287498933537385e-22,1.9287498933537385e-22
1187,4,1.0,1,1.0,0.0,0.0,0.0,0.0
1188,4,1.0,1,1.0,0.0,0.0,0.0,0.0
1189,3,2.0,2,0.0,1.0,0.0,0.0,0.0
1190,2,2.0,2,0.0,1.0,0.0,0.0,0.0
1191,4,2.0,2,1.9287498933537385e-22,1.0,1.9287498933537385e-22,1.9287498933537385e-22,1.9287498933537385e-22
1192,3,2.0,2,0.0,1.0,0.0,0.0,0.0
1193,2,2.0,2,0.0,1.0,0.0,0.0,0.0
1194,2,2.0,2,0.0,1.0,0.0,0.0,0.0
1196,4,2.0,2,0.0,1.0,0.0,0.0,0.0
1197,1,2.0,2,1.9287498933537385e-22,1.0,1.9287498933537385e-22,1.9287498933537385e-22,1.9287498933537385e-22
1198,3,2.0,2,1.9287498933537385e-22,1.0,1.9287498933537385e-22,1.9287498933537385e-22,1.9287498933537385e-22
1199,4,5.0,5,1.9287498933537385e-22,1.9287498933537385e-22,1.9287498933537385e-22,1.9287498933537385e-22,1.0
1200,3,2.0,2,0.0,1.0,0.0,0.0,0.0
1201,3,2.0,2,0.0,1.0,0.0,0.0,0.0
1202,5,2.0,2,1.9287498933537385e-22,1.0,1.9287498933537385e-22,1.9287498933537385e-22,1.9287498933537385e-22
1203,3,5.0,5,1.9287498933537385e-22,1.9287498933537385e-22,1.9287498933537385e-22,1.9287498933537385e-22,1.0
1204,5,2.0,2,0.0,1.0,0.0,0.0,0.0
1205,2,2.0,2,0.0,1.0,0.0,0.0,0.0
1206,1,3.0,3,0.0,0.0,1.0,0.0,0.0
1210,2,3.0,3,1.9287498933537385e-22,1.9287498933537385e-22,1.0,1.9287498933537385e-22,1.9287498933537385e-22
1212,3,2.0,2,1.9287498933537385e-22,1.0,1.9287498933537385e-22,1.9287498933537385e-22,1.9287498933537385e-22
1213,4,3.0,3,0.0,0.0,1.0,0.0,0.0
1215,2,2.0,2,0.0,1.0,0.0,0.0,0.0
1216,4,2.0,2,0.0,1.0,0.0,0.0,0.0
1217,3,3.0,3,0.0,0.0,1.0,0.0,0.0
1218,5,2.0,2,1.9287498933537385e-22,1.0,1.9287498933537385e-22,1.9287498933537385e-22,1.9287498933537385e-22
1219,4,2.0,2,1.9287498933537385e-22,1.0,1.9287498933537385e-22,1.9287498933537385e-22,1.9287498933537385e-22
1220,2,2.0,2,0.0,1.0,0.0,0.0,0.0
1221,3,2.0,2,1.9287498933537385e-22,1.0,1.9287498933537385e-22,1.9287498933537385e-22,1.9287498933537385e-22
1223,1,2.0,2,1.9287498933537385e-22,1.0,1.9287498933537385e-22,1.9287498933537385e-22,1.9287498933537385e-22
1224,4,1.0,1,1.0,1.9287498933537385e-22,1.9287498933537385e-22,1.9287498933537385e-22,1.9287498933537385e-22
1225,3,2.0,2,1.9287498933537385e-22,1.0,1.9287498933537385e-22,1.9287498933537385e-22,1.9287498933537385e-22
1226,1,2.0,2,0.0,1.0,0.0,0.0,0.0
1231,1,2.0,2,0.0,1.0,0.0,0.0,0.0
1233,3,2.0,2,0.0,1.0,0.0,0.0,0.0
1234,4,2.0,2,1.9287498933537385e-22,1.0,1.9287498933537385e-22,1.9287498933537385e-22,1.9287498933537385e-22
1235,1,2.0,2,0.0,1.0,0.0,0.0,0.0
1236,2,2.0,2,0.0,1.0,0.0,0.0,0.0
1237,3,2.0,2,1.9287498933537385e-22,1.0,1.9287498933537385e-22,1.9287498933537385e-22,1.9287498933537385e-22
1238,1,5.0,5,1.9287498933537385e-22,1.9287498933537385e-22,1.9287498933537385e-22,1.9287498933537385e-22,1.0
1239,5,2.0,2,0.0,1.0,0.0,0.0,0.0
1240,2,2.0,2,0.0,1.0,0.0,0.0,0.0
1241,2,2.0,2,0.0,1.0,0.0,0.0,0.0
1242,1,2.0,2,1.9287498933537385e-22,1.0,1.9287498933537385e-22,1.9287498933537385e-22,1.9287498933537385e-22
1243,5,2.0,2,1.9287498933537385e-22,1.0,1.9287498933537385e-22,1.9287498933537385e-22,1.9287498933537385e-22
1245,4,3.0,3,0.0,0.0,1.0,0.0,0.0
1246,2,2.0,2,0.0,1.0,0.0,0.0,0.0
1247,1,1.0,1,1.0,0.0,0.0,0.0,0.0
1249,2,2.0,2,0.0,1.0,0.0,0.0,0.0
1250,3,2.0,2,0.0,1.0,0.0,0.0,0.0
1251,3,1.0,1,1.0,0.0,0.0,0.0,0.0
1252,2,2.0,2,0.0,1.0,0.0,0.0,0.0
1253,3,2.0,2,0.0,1.0,0.0,0.0,0.0
1256,3,2.0,2,0.0,1.0,0.0,0.0,0.0
1257,5,5.0,5,0.0,0.0,0.0,0.0,1.0
1258,2,2.0,2,0.0,1.0,0.0,0.0,0.0
1259,3,2.0,2,0.0,1.0,0.0,0.0,0.0
1260,1,2.0,2,0.0,1.0,0.0,0.0,0.0
1261,5,1.0,1,1.0,0.0,0.0,0.0,0.0
1262,3,1.0,1,1.0,1.9287498933537385e-22,1.9287498933537385e-22,1.9287498933537385e-22,1.9287498933537385e-22
1263,3,1.0,1,1.0,0.0,0.0,0.0,0.0
1266,1,1.0,1,1.0,0.0,0.0,0.0,0.0
1267,2,2.0,2,1.9287498933537385e-22,1.0,1.9287498933537385e-22,1.9287498933537385e-22,1.9287498933537385e-22
1268,1,1.0,1,1.0,1.9287498933537385e-22,1.9287498933537385e-22,1.9287498933537385e-22,1.9287498933537385e-22
1269,1,1.0,1,1.0,1.9287498933537385e-22,1.9287498933537385e-22,1.9287498933537385e-22,1.9287498933537385e-22
1270,3,4.0,4,0.0,0.0,0.0,1.0,0.0
1271,4,5.0,5,1.9287498933537385e-22,1.9287498933537385e-22,1.9287498933537385e-22,1.9287498933537385e-22,1.0
1272,2,4.0,4,1.9287498933537385e-22,1.9287498933537385e-22,1.9287498933537385e-22,1.0,1.9287498933537385e-22
1273,4,5.0,5,0.0,0.0,0.0,0.0,1.0
1274,3,2.0,2,1.9287498933537385e-22,1.0,1.9287498933537385e-22,1.9287498933537385e-22,1.9287498933537385e-22
1276,4,5.0,5,1.9287498933537385e-22,1.9287498933537385e-22,1.9287498933537385e-22,1.9287498933537385e-22,1.0
1277,5,2.0,2,0.0,1.0,0.0,0.0,0.0
1278,3,2.0,2,1.9287498933537385e-22,1.0,1.9287498933537385e-22,1.9287498933537385e-22,1.9287498933537385e-22
1279,5,2.0,2,0.0,1.0,0.0,0.0,0.0
1280,2,5.0,5,0.0,0.0,0.0,0.0,1.0
1283,5,4.0,4,0.0,0.0,0.0,1.0,0.0
1284,1,3.0,3,0.0,0.0,1.0,0.0,0.0
1285,3,3.0,3,0.0,0.0,1.0,0.0,0.0
1286,3,5.0,5,0.0,0.0,0.0,0.0,1.0
1287,2,2.0,2,0.0,1.0,0.0,0.0,0.0
1288,3,2.0,2,0.0,1.0,0.0,0.0,0.0
1289,4,4.0,4,0.0,0.0,0.0,1.0,0.0
1290,4,5.0,5,0.0,0.0,0.0,0.0,1.0
1291,3,5.0,5,0.0,0.0,0.0,0.0,1.0
1292,2,5.0,5,0.0,0.0,0.0,0.0,1.0
1293,1,1.0,1,1.0,0.0,0.0,0.0,0.0
1294,2,5.0,5,0.0,0.0,0.0,0.0,1.0
1295,2,2.0,2,0.0,1.0,0.0,0.0,0.0
1297,3,3.0,3,0.0,0.0,1.0,0.0,0.0
1300,5,5.0,5,0.0,0.0,0.0,0.0,1.0
1301,4,5.0,5,1.9287498933537385e-22,1.9287498933537385e-22,1.9287498933537385e-22,1.9287498933537385e-22,1.0
1303,4,5.0,5,0.0,0.0,0.0,0.0,1.0
1304,5,5.0,5,0.0,0.0,0.0,0.0,1.0
1306,5,5.0,5,1.9287498933537385e-22,1.9287498933537385e-22,1.9287498933537385e-22,1.9287498933537385e-22,1.0
1307,3,2.0,2,1.9287498933537385e-22,1.0,1.9287498933537385e-22,1.9287498933537385e-22,1.9287498933537385e-22
1308,4,2.0,2,0.0,1.0,0.0,0.0,0.0
1309,4,5.0,5,0.0,0.0,0.0,0.0,1.0
1312,5,5.0,5,1.9287498933537385e-22,1.9287498933537385e-22,1.9287498933537385e-22,1.9287498933537385e-22,1.0
1314,4,4.0,4,1.9287498933537385e-22,1.9287498933537385e-22,1.9287498933537385e-22,1.0,1.9287498933537385e-22
1315,5,4.0,4,1.9287498933537385e-22,1.9287498933537385e-22,1.9287498933537385e-22,1.0,1.9287498933537385e-22
1316,5,5.0,5,0.0,0.0,0.0,0.0,1.0
1319,4,5.0,5,1.9287498933537385e-22,1.9287498933537385e-22,1.9287498933537385e-22,1.9287498933537385e-22,1.0
1322,3,2.0,2,0.0,1.0,0.0,0.0,0.0
1323,2,1.0,1,1.0,0.0,0.0,0.0,0.0
1324,3,5.0,5,1.9287498933537385e-22,1.9287498933537385e-22,1.9287498933537385e-22,1.9287498933537385e-22,1.0
1325,4,5.0,5,0.0,0.0,0.0,0.0,1.0
1326,4,5.0,5,0.0,0.0,0.0,0.0,1.0
1327,5,3.0,3,0.0,0.0,1.0,0.0,0.0
1328,5,5.0,5,0.0,0.0,0.0,0.0,1.0
1331,5,5.0,5,0.0,0.0,0.0,0.0,1.0
1333,3,2.0,2,0.0,1.0,0.0,0.0,0.0
1334,4,5.0,5,0.0,0.0,0.0,0.0,1.0
1335,4,4.0,4,1.9287498933537385e-22,1.9287498933537385e-22,1.9287498933537385e-22,1.0,1.9287498933537385e-22
1336,3,2.0,2,1.9287498933537385e-22,1.0,1.9287498933537385e-22,1.9287498933537385e-22,1.9287498933537385e-22
1338,4,5.0,5,1.9287498933537385e-22,1.9287498933537385e-22,1.9287498933537385e-22,1.9287498933537385e-22,1.0
1339,4,2.0,2,0.0,1.0,0.0,0.0,0.0
1340,5,5.0,5,1.9287498933537385e-22,1.9287498933537385e-22,1.9287498933537385e-22,1.9287498933537385e-22,1.0
1341,3,5.0,5,0.0,0.0,0.0,0.0,1.0
1344,4,1.0,1,1.0,0.0,0.0,0.0,0.0
1345,4,1.0,1,1.0,1.9287498933537385e-22,1.9287498933537385e-22,1.9287498933537385e-22,1.9287498933537385e-22
1346,1,2.0,2,0.0,1.0,0.0,0.0,0.0
1348,5,5.0,5,1.9287498933537385e-22,1.9287498933537385e-22,1.9287498933537385e-22,1.9287498933537385e-22,1.0
1352,2,4.0,4,1.9287498933537385e-22,1.9287498933537385e-22,1.9287498933537385e-22,1.0,1.9287498933537385e-22
1353,2,2.0,2,1.9287498933537385e-22,1.0,1.9287498933537385e-22,1.9287498933537385e-22,1.9287498933537385e-22
1355,4,5.0,5,1.9287498933537385e-22,1.9287498933537385e-22,1.9287498933537385e-22,1.9287498933537385e-22,1.0
1356,4,5.0,5,0.0,0.0,0.0,0.0,1.0
1357,1,5.0,5,0.0,0.0,0.0,0.0,1.0
1358,5,5.0,5,0.0,0.0,0.0,0.0,1.0
1359,4,5.0,5,1.9287498933537385e-22,1.9287498933537385e-22,1.9287498933537385e-22,1.9287498933537385e-22,1.0
1360,1,5.0,5,1.9287498933537385e-22,1.9287498933537385e-22,1.9287498933537385e-22,1.9287498933537385e-22,1.0
1361,4,5.0,5,1.9287498933537385e-22,1.9287498933537385e-22,1.9287498933537385e-22,1.9287498933537385e-22,1.0
1362,2,2.0,2,0.0,1.0,0.0,0.0,0.0
1363,1,4.0,4,1.9287498933537385e-22,1.9287498933537385e-22,1.9287498933537385e-22,1.0,1.9287498933537385e-22
1364,1,5.0,5,0.0,0.0,0.0,0.0,1.0
1365,2,5.0,5,0.0,0.0,0.0,0.0,1.0
1366,4,5.0,5,0.0,0.0,0.0,0.0,1.0
1367,3,4.0,4,0.0,0.0,0.0,1.0,0.0
1369,4,5.0,5,0.0,0.0,0.0,0.0,1.0
1371,3,5.0,5,1.9287498933537385e-22,1.9287498933537385e-22,1.9287498933537385e-22,1.9287498933537385e-22,1.0
1373,1,5.0,5,0.0,0.0,0.0,0.0,1.0
1374,4,5.0,5,0.0,0.0,0.0,0.0,1.0
1375,1,5.0,5,0.0,0.0,0.0,0.0,1.0
1376,3,5.0,5,1.9287498933537385e-22,1.9287498933537385e-22,1.9287498933537385e-22,1.9287498933537385e-22,1.0
1380,2,3.0,3,0.0,0.0,1.0,0.0,0.0
1381,1,2.0,2,1.9287498933537385e-22,1.0,1.9287498933537385e-22,1.9287498933537385e-22,1.9287498933537385e-22
1382,4,5.0,5,0.0,0.0,0.0,0.0,1.0
1383,3,5.0,5,1.9287498933537385e-22,1.9287498933537385e-22,1.9287498933537385e-22,1.9287498933537385e-22,1.0
1384,2,1.0,1,1.0,1.9287498933537385e-22,1.9287498933537385e-22,1.9287498933537385e-22,1.9287498933537385e-22
1385,1,5.0,5,0.0,0.0,0.0,0.0,1.0
1386,2,2.0,2,0.0,1.0,0.0,0.0,0.0
1387,5,4.0,4,1.9287498933537385e-22,1.9287498933537385e-22,1.9287498933537385e-22,1.0,1.9287498933537385e-22
1388,4,5.0,5,0.0,0.0,0.0,0.0,1.0
1389,4,5.0,5,0.0,0.0,0.0,0.0,1.0
1390,5,5.0,5,0.0,0.0,0.0,0.0,1.0
1391,5,5.0,5,0.0,0.0,0.0,0.0,1.0
1392,5,5.0,5,1.9287498933537385e-22,1.9287498933537385e-22,1.9287498933537385e-22,1.9287498933537385e-22,1.0
1394,2,5.0,5,0.0,0.0,0.0,0.0,1.0
1396,5,5.0,5,0.0,0.0,0.0,0.0,1.0
1397,4,5.0,5,1.9287498933537385e-22,1.9287498933537385e-22,1.9287498933537385e-22,1.9287498933537385e-22,1.0
1398,3,5.0,5,0.0,0.0,0.0,0.0,1.0
1399,5,5.0,5,0.0,0.0,0.0,0.0,1.0
1401,2,2.0,2,1.9287498933537385e-22,1.0,1.9287498933537385e-22,1.9287498933537385e-22,1.9287498933537385e-22
1402,3,2.0,2,0.0,1.0,0.0,0.0,0.0
1403,1,2.0,2,0.0,1.0,0.0,0.0,0.0
1404,1,2.0,2,1.9287498933537385e-22,1.0,1.9287498933537385e-22,1.9287498933537385e-22,1.9287498933537385e-22
1406,5,5.0,5,0.0,0.0,0.0,0.0,1.0
1408,3,3.0,3,0.0,0.0,1.0,0.0,0.0
1409,1,3.0,3,0.0,0.0,1.0,0.0,0.0
1410,3,5.0,5,0.0,0.0,0.0,0.0,1.0
1411,4,5.0,5,0.0,0.0,0.0,0.0,1.0
1412,3,2.0,2,1.9287498933537385e-22,1.0,1.9287498933537385e-22,1.9287498933537385e-22,1.9287498933537385e-22
1413,2,3.0,3,0.0,0.0,1.0,0.0,0.0
1414,2,2.0,2,0.0,1.0,0.0,0.0,0.0
1415,1,5.0,5,0.0,0.0,0.0,0.0,1.0
1416,4,5.0,5,0.0,0.0,0.0,0.0,1.0
1417,1,2.0,2,0.0,1.0,0.0,0.0,0.0
1418,1,4.0,4,1.9287498933537385e-22,1.9287498933537385e-22,1.9287498933537385e-22,1.0,1.9287498933537385e-22
1420,1,5.0,5,0.0,0.0,0.0,0.0,1.0
1421,1,1.0,1,1.0,0.0,0.0,0.0,0.0
1422,1,2.0,2,0.0,1.0,0.0,0.0,0.0
1423,1,2.0,2,0.0,1.0,0.0,0.0,0.0
1424,1,2.0,2,0.0,1.0,0.0,0.0,0.0
1425,4,3.0,3,0.0,0.0,1.0,0.0,0.0
1426,1,2.0,2,0.0,1.0,0.0,0.0,0.0
1428,2,1.0,1,1.0,0.0,0.0,0.0,0.0
1430,1,1.0,1,1.0,0.0,0.0,0.0,0.0
1431,2,1.0,1,1.0,0.0,0.0,0.0,0.0
1432,1,1.0,1,1.0,1.9287498933537385e-22,1.9287498933537385e-22,1.9287498933537385e-22,1.9287498933537385e-22
1434,1,1.0,1,1.0,0.0,0.0,0.0,0.0
1435,1,1.0,1,1.0,1.9287498933537385e-22,1.9287498933537385e-22,1.9287498933537385e-22,1.9287498933537385e-22
1437,1,1.0,1,1.0,0.0,0.0,0.0,0.0
1438,1,1.0,1,1.0,1.9287498933537385e-22,1.9287498933537385e-22,1.9287498933537385e-22,1.9287498933537385e-22
1439,1,1.0,1,1.0,1.9287498933537385e-22,1.9287498933537385e-22,1.9287498933537385e-22,1.9287498933537385e-22
1440,1,2.0,2,0.0,1.0,0.0,0.0,0.0
1443,5,5.0,5,0.0,0.0,0.0,0.0,1.0
1445,1,1.0,1,1.0,0.0,0.0,0.0,0.0
1446,2,1.0,1,1.0,0.0,0.0,0.0,0.0
1447,4,1.0,1,1.0,0.0,0.0,0.0,0.0
1448,1,1.0,1,1.0,0.0,0.0,0.0,0.0
1449,1,1.0,1,1.0,0.0,0.0,0.0,0.0
1450,1,2.0,2,0.0,1.0,0.0,0.0,0.0
1451,4,1.0,1,1.0,0.0,0.0,0.0,0.0
1452,2,1.0,1,1.0,0.0,0.0,0.0,0.0
1453,2,1.0,1,1.0,0.0,0.0,0.0,0.0
1454,3,1.0,1,1.0,0.0,0.0,0.0,0.0
1457,2,2.0,2,1.9287498933537385e-22,1.0,1.9287498933537385e-22,1.9287498933537385e-22,1.9287498933537385e-22
1458,1,1.0,1,1.0,0.0,0.0,0.0,0.0
1460,2,2.0,2,0.0,1.0,0.0,0.0,0.0
1461,1,2.0,2,1.9287498933537385e-22,1.0,1.9287498933537385e-22,1.9287498933537385e-22,1.9287498933537385e-22
1462,5,5.0,5,0.0,0.0,0.0,0.0,1.0
1463,2,2.0,2,0.0,1.0,0.0,0.0,0.0
1466,5,5.0,5,0.0,0.0,0.0,0.0,1.0
1468,3,1.0,1,1.0,0.0,0.0,0.0,0.0
1469,3,1.0,1,1.0,0.0,0.0,0.0,0.0
1470,2,1.0,1,1.0,1.9287498933537385e-22,1.9287498933537385e-22,1.9287498933537385e-22,1.9287498933537385e-22
1471,1,1.0,1,1.0,0.0,0.0,0.0,0.0
1472,3,1.0,1,1.0,0.0,0.0,0.0,0.0
1473,2,1.0,1,1.0,0.0,0.0,0.0,0.0
1474,1,2.0,2,0.0,1.0,0.0,0.0,0.0
1475,1,1.0,1,1.0,1.9287498933537385e-22,1.9287498933537385e-22,1.9287498933537385e-22,1.9287498933537385e-22
1476,3,1.0,1,1.0,0.0,0.0,0.0,0.0
1477,3,1.0,1,1.0,1.9287498933537385e-22,1.9287498933537385e-22,1.9287498933537385e-22,1.9287498933537385e-22
1478,2,1.0,1,1.0,0.0,0.0,0.0,0.0
1479,2,1.0,1,1.0,1.9287498933537385e-22,1.9287498933537385e-22,1.9287498933537385e-22,1.9287498933537385e-22
1480,1,1.0,1,1.0,0.0,0.0,0.0,0.0
1483,1,2.0,2,0.0,1.0,0.0,0.0,0.0
1484,5,1.0,1,1.0,0.0,0.0,0.0,0.0
1485,2,1.0,1,1.0,0.0,0.0,0.0,0.0
1489,3,1.0,1,1.0,1.9287498933537385e-22,1.9287498933537385e-22,1.9287498933537385e-22,1.9287498933537385e-22
1490,1,1.0,1,1.0,1.9287498933537385e-22,1.9287498933537385e-22,1.9287498933537385e-22,1.9287498933537385e-22
1491,2,1.0,1,1.0,1.9287498933537385e-22,1.9287498933537385e-22,1.9287498933537385e-22,1.9287498933537385e-22
1492,5,5.0,5,1.9287498933537385e-22,1.9287498933537385e-22,1.9287498933537385e-22,1.9287498933537385e-22,1.0
1493,2,5.0,5,1.9287498933537385e-22,1.9287498933537385e-22,1.9287498933537385e-22,1.9287498933537385e-22,1.0
1494,1,1.0,1,1.0,0.0,0.0,0.0,0.0
1495,1,1.0,1,1.0,1.9287498933537385e-22,1.9287498933537385e-22,1.9287498933537385e-22,1.9287498933537385e-22
1496,2,2.0,2,0.0,1.0,0.0,0.0,0.0
1497,5,5.0,5,1.9287498933537385e-22,1.9287498933537385e-22,1.9287498933537385e-22,1.9287498933537385e-22,1.0
1498,3,2.0,2,0.0,1.0,0.0,0.0,0.0
1499,1,1.0,1,1.0,0.0,0.0,0.0,0.0
1501,3,1.0,1,1.0,0.0,0.0,0.0,0.0
1503,2,1.0,1,1.0,1.9287498933537385e-22,1.9287498933537385e-22,1.9287498933537385e-22,1.9287498933537385e-22
1504,1,1.0,1,1.0,1.9287498933537385e-22,1.9287498933537385e-22,1.9287498933537385e-22,1.9287498933537385e-22
1505,1,1.0,1,1.0,1.9287498933537385e-22,1.9287498933537385e-22,1.9287498933537385e-22,1.9287498933537385e-22
1506,1,1.0,1,1.0,1.9287498933537385e-22,1.9287498933537385e-22,1.9287498933537385e-22,1.9287498933537385e-22
1511,2,5.0,5,0.0,0.0,0.0,0.0,1.0
1512,1,2.0,2,0.0,1.0,0.0,0.0,0.0
1513,1,1.0,1,1.0,1.9287498933537385e-22,1.9287498933537385e-22,1.9287498933537385e-22,1.9287498933537385e-22
1514,3,1.0,1,1.0,1.9287498933537385e-22,1.9287498933537385e-22,1.9287498933537385e-22,1.9287498933537385e-22
1515,1,1.0,1,1.0,0.0,0.0,0.0,0.0
1516,3,5.0,5,0.0,0.0,0.0,0.0,1.0
1517,4,5.0,5,0.0,0.0,0.0,0.0,1.0
1518,5,1.0,1,1.0,0.0,0.0,0.0,0.0
1519,3,2.0,2,0.0,1.0,0.0,0.0,0.0
1520,2,1.0,1,1.0,0.0,0.0,0.0,0.0
1521,1,2.0,2,0.0,1.0,0.0,0.0,0.0
1522,1,1.0,1,1.0,0.0,0.0,0.0,0.0
1523,1,1.0,1,1.0,1.9287498933537385e-22,1.9287498933537385e-22,1.9287498933537385e-22,1.9287498933537385e-22
1524,5,5.0,5,0.0,0.0,0.0,0.0,1.0
1525,2,1.0,1,1.0,0.0,0.0,0.0,0.0
1526,2,1.0,1,1.0,1.9287498933537385e-22,1.9287498933537385e-22,1.9287498933537385e-22,1.9287498933537385e-22
1527,3,1.0,1,1.0,0.0,0.0,0.0,0.0
1528,2,1.0,1,1.0,0.0,0.0,0.0,0.0
1529,4,3.0,3,1.9287498933537385e-22,1.9287498933537385e-22,1.0,1.9287498933537385e-22,1.9287498933537385e-22
1530,1,1.0,1,1.0,0.0,0.0,0.0,0.0
1532,4,1.0,1,1.0,1.9287498933537385e-22,1.9287498933537385e-22,1.9287498933537385e-22,1.9287498933537385e-22
1533,2,1.0,1,1.0,1.9287498933537385e-22,1.9287498933537385e-22,1.9287498933537385e-22,1.9287498933537385e-22
1535,1,1.0,1,1.0,1.9287498933537385e-22,1.9287498933537385e-22,1.9287498933537385e-22,1.9287498933537385e-22
1537,1,1.0,1,1.0,0.0,0.0,0.0,0.0
1538,1,2.0,2,0.0,1.0,0.0,0.0,0.0
1539,1,1.0,1,1.0,1.9287498933537385e-22,1.9287498933537385e-22,1.9287498933537385e-22,1.9287498933537385e-22
1541,2,2.0,2,0.0,1.0,0.0,0.0,0.0
1542,1,1.0,1,1.0,0.0,0.0,0.0,0.0
1543,2,1.0,1,1.0,0.0,0.0,0.0,0.0
1544,4,3.0,3,0.0,0.0,1.0,0.0,0.0
1546,1,1.0,1,1.0,0.0,0.0,0.0,0.0
1547,2,1.0,1,1.0,0.0,0.0,0.0,0.0
1548,1,1.0,1,1.0,0.0,0.0,0.0,0.0
1549,1,3.0,3,1.9287498933537385e-22,1.9287498933537385e-22,1.0,1.9287498933537385e-22,1.9287498933537385e-22
1550,3,1.0,1,1.0,1.9287498933537385e-22,1.9287498933537385e-22,1.9287498933537385e-22,1.9287498933537385e-22
1551,4,1.0,1,1.0,1.9287498933537385e-22,1.9287498933537385e-22,1.9287498933537385e-22,1.9287498933537385e-22
1552,3,2.0,2,0.0,1.0,0.0,0.0,0.0
1553,1,1.0,1,1.0,0.0,0.0,0.0,0.0
1554,1,1.0,1,1.0,0.0,0.0,0.0,0.0
1558,2,1.0,1,1.0,1.9287498933537385e-22,1.9287498933537385e-22,1.9287498933537385e-22,1.9287498933537385e-22
1559,1,2.0,2,1.9287498933537385e-22,1.0,1.9287498933537385e-22,1.9287498933537385e-22,1.9287498933537385e-22
1560,3,5.0,5,1.9287498933537385e-22,1.9287498933537385e-22,1.9287498933537385e-22,1.9287498933537385e-22,1.0
1563,2,1.0,1,1.0,0.0,0.0,0.0,0.0
1564,1,2.0,2,1.9287498933537385e-22,1.0,1.9287498933537385e-22,1.9287498933537385e-22,1.9287498933537385e-22
1565,1,1.0,1,1.0,0.0,0.0,0.0,0.0
1566,3,2.0,2,0.0,1.0,0.0,0.0,0.0
1568,1,2.0,2,0.0,1.0,0.0,0.0,0.0
1570,3,1.0,1,1.0,0.0,0.0,0.0,0.0
1571,4,5.0,5,0.0,0.0,0.0,0.0,1.0
1572,3,1.0,1,1.0,1.9287498933537385e-22,1.9287498933537385e-22,1.9287498933537385e-22,1.9287498933537385e-22
1574,1,1.0,1,1.0,0.0,0.0,0.0,0.0
1575,4,5.0,5,1.9287498933537385e-22,1.9287498933537385e-22,1.9287498933537385e-22,1.9287498933537385e-22,1.0
1576,3,1.0,1,1.0,0.0,0.0,0.0,0.0
1577,1,5.0,5,0.0,0.0,0.0,0.0,1.0
1578,3,1.0,1,1.0,1.9287498933537385e-22,1.9287498933537385e-22,1.9287498933537385e-22,1.9287498933537385e-22
1580,4,1.0,1,1.0,0.0,0.0,0.0,0.0
1582,1,1.0,1,1.0,0.0,0.0,0.0,0.0
1584,3,1.0,1,1.0,0.0,0.0,0.0,0.0
1585,2,1.0,1,1.0,0.0,0.0,0.0,0.0
1587,2,1.0,1,1.0,0.0,0.0,0.0,0.0
1588,3,1.0,1,1.0,0.0,0.0,0.0,0.0
1590,1,1.0,1,1.0,1.9287498933537385e-22,1.9287498933537385e-22,1.9287498933537385e-22,1.9287498933537385e-22
1591,1,1.0,1,1.0,1.9287498933537385e-22,1.9287498933537385e-22,1.9287498933537385e-22,1.9287498933537385e-22
1593,1,1.0,1,1.0,0.0,0.0,0.0,0.0
1594,1,1.0,1,1.0,0.0,0.0,0.0,0.0
1595,1,1.0,1,1.0,0.0,0.0,0.0,0.0
1596,3,1.0,1,1.0,0.0,0.0,0.0,0.0
1597,2,1.0,1,1.0,1.9287498933537385e-22,1.9287498933537385e-22,1.9287498933537385e-22,1.9287498933537385e-22
1598,3,1.0,1,1.0,1.9287498933537385e-22,1.9287498933537385e-22,1.9287498933537385e-22,1.9287498933537385e-22
1599,2,1.0,1,1.0,0.0,0.0,0.0,0.0
1600,1,1.0,1,1.0,0.0,0.0,0.0,0.0
1601,1,1.0,1,1.0,0.0,0.0,0.0,0.0
1604,1,1.0,1,1.0,1.9287498933537385e-22,1.9287498933537385e-22,1.9287498933537385e-22,1.9287498933537385e-22
1605,1,1.0,1,1.0,0.0,0.0,0.0,0.0
1606,4,1.0,1,1.0,1.9287498933537385e-22,1.9287498933537385e-22,1.9287498933537385e-22,1.9287498933537385e-22
1607,4,1.0,1,1.0,1.9287498933537385e-22,1.9287498933537385e-22,1.9287498933537385e-22,1.9287498933537385e-22
1608,4,1.0,1,1.0,0.0,0.0,0.0,0.0
1609,3,1.0,1,1.0,1.9287498933537385e-22,1.9287498933537385e-22,1.9287498933537385e-22,1.9287498933537385e-22
1610,3,3.0,3,1.9287498933537385e-22,1.9287498933537385e-22,1.0,1.9287498933537385e-22,1.9287498933537385e-22
1611,1,1.0,1,1.0,0.0,0.0,0.0,0.0
1612,5,5.0,5,1.9287498933537385e-22,1.9287498933537385e-22,1.9287498933537385e-22,1.9287498933537385e-22,1.0
1614,2,2.0,2,0.0,1.0,0.0,0.0,0.0
1617,2,2.0,2,0.0,1.0,0.0,0.0,0.0
1618,1,1.0,1,1.0,0.0,0.0,0.0,0.0
1619,1,1.0,1,1.0,1.9287498933537385e-22,1.9287498933537385e-22,1.9287498933537385e-22,1.9287498933537385e-22
1620,5,5.0,5,1.9287498933537385e-22,1.9287498933537385e-22,1.9287498933537385e-22,1.9287498933537385e-22,1.0
1621,5,5.0,5,0.0,0.0,0.0,0.0,1.0
1622,3,1.0,1,1.0,0.0,0.0,0.0,0.0
1624,5,2.0,2,0.0,1.0,0.0,0.0,0.0
1625,1,2.0,2,0.0,1.0,0.0,0.0,0.0
1628,3,1.0,1,1.0,0.0,0.0,0.0,0.0
1630,3,2.0,2,1.9287498933537385e-22,1.0,1.9287498933537385e-22,1.9287498933537385e-22,1.9287498933537385e-22
1631,1,1.0,1,1.0,0.0,0.0,0.0,0.0
1633,2,2.0,2,0.0,1.0,0.0,0.0,0.0
1634,2,1.0,1,1.0,1.9287498933537385e-22,1.9287498933537385e-22,1.9287498933537385e-22,1.9287498933537385e-22
1635,3,1.0,1,1.0,1.9287498933537385e-22,1.9287498933537385e-22,1.9287498933537385e-22,1.9287498933537385e-22
1636,1,1.0,1,1.0,0.0,0.0,0.0,0.0
1638,2,2.0,2,0.0,1.0,0.0,0.0,0.0
1639,1,1.0,1,1.0,0.0,0.0,0.0,0.0
1640,1,2.0,2,1.9287498933537385e-22,1.0,1.9287498933537385e-22,1.9287498933537385e-22,1.9287498933537385e-22
1641,3,1.0,1,1.0,1.9287498933537385e-22,1.9287498933537385e-22,1.9287498933537385e-22,1.9287498933537385e-22
1642,2,1.0,1,1.0,0.0,0.0,0.0,0.0
1643,1,1.0,1,1.0,0.0,0.0,0.0,0.0
1645,3,1.0,1,1.0,0.0,0.0,0.0,0.0
1646,5,2.0,2,0.0,1.0,0.0,0.0,0.0
1647,2,1.0,1,1.0,0.0,0.0,0.0,0.0
1650,2,1.0,1,1.0,1.9287498933537385e-22,1.9287498933537385e-22,1.9287498933537385e-22,1.9287498933537385e-22
1651,1,5.0,5,0.0,0.0,0.0,0.0,1.0
1652,3,1.0,1,1.0,0.0,0.0,0.0,0.0
1653,2,1.0,1,1.0,1.9287498933537385e-22,1.9287498933537385e-22,1.9287498933537385e-22,1.9287498933537385e-22
1654,2,1.0,1,1.0,1.9287498933537385e-22,1.9287498933537385e-22,1.9287498933537385e-22,1.9287498933537385e-22
1655,4,5.0,5,1.9287498933537385e-22,1.9287498933537385e-22,1.9287498933537385e-22,1.9287498933537385e-22,1.0
1656,1,1.0,1,1.0,0.0,0.0,0.0,0.0
1657,2,2.0,2,0.0,1.0,0.0,0.0,0.0
1658,3,1.0,1,1.0,0.0,0.0,0.0,0.0
1659,2,5.0,5,0.0,0.0,0.0,0.0,1.0
1660,4,1.0,1,1.0,1.9287498933537385e-22,1.9287498933537385e-22,1.9287498933537385e-22,1.9287498933537385e-22
1661,3,2.0,2,1.9287498933537385e-22,1.0,1.9287498933537385e-22,1.9287498933537385e-22,1.9287498933537385e-22
1663,2,1.0,1,1.0,0.0,0.0,0.0,0.0
1665,2,1.0,1,1.0,0.0,0.0,0.0,0.0
1666,1,1.0,1,1.0,0.0,0.0,0.0,0.0
1667,1,1.0,1,1.0,0.0,0.0,0.0,0.0
1668,1,1.0,1,1.0,1.9287498933537385e-22,1.9287498933537385e-22,1.9287498933537385e-22,1.9287498933537385e-22
1669,1,1.0,1,1.0,0.0,0.0,0.0,0.0
1670,2,2.0,2,0.0,1.0,0.0,0.0,0.0
1671,3,1.0,1,1.0,1.9287498933537385e-22,1.9287498933537385e-22,1.9287498933537385e-22,1.9287498933537385e-22
1672,2,1.0,1,1.0,0.0,0.0,0.0,0.0
1674,3,1.0,1,1.0,0.0,0.0,0.0,0.0
1675,2,2.0,2,1.9287498933537385e-22,1.0,1.9287498933537385e-22,1.9287498933537385e-22,1.9287498933537385e-22
1677,1,1.0,1,1.0,1.9287498933537385e-22,1.9287498933537385e-22,1.9287498933537385e-22,1.9287498933537385e-22
1679,1,1.0,1,1.0,0.0,0.0,0.0,0.0
1680,1,1.0,1,1.0,1.9287498933537385e-22,1.9287498933537385e-22,1.9287498933537385e-22,1.9287498933537385e-22
1681,1,1.0,1,1.0,0.0,0.0,0.0,0.0
1682,1,5.0,5,0.0,0.0,0.0,0.0,1.0
1683,3,1.0,1,1.0,0.0,0.0,0.0,0.0
1684,4,1.0,1,1.0,0.0,0.0,0.0,0.0
1685,1,1.0,1,1.0,1.9287498933537385e-22,1.9287498933537385e-22,1.9287498933537385e-22,1.9287498933537385e-22
1686,3,1.0,1,1.0,0.0,0.0,0.0,0.0
1687,1,1.0,1,1.0,0.0,0.0,0.0,0.0
1688,1,1.0,1,1.0,1.9287498933537385e-22,1.9287498933537385e-22,1.9287498933537385e-22,1.9287498933537385e-22
1689,4,1.0,1,1.0,0.0,0.0,0.0,0.0
1690,1,1.0,1,1.0,0.0,0.0,0.0,0.0
1691,4,1.0,1,1.0,0.0,0.0,0.0,0.0
1692,1,1.0,1,1.0,1.9287498933537385e-22,1.9287498933537385e-22,1.9287498933537385e-22,1.9287498933537385e-22
1693,4,1.0,1,1.0,0.0,0.0,0.0,0.0
1694,4,2.0,2,0.0,1.0,0.0,0.0,0.0
1695,2,1.0,1,1.0,0.0,0.0,0.0,0.0
1696,3,1.0,1,1.0,0.0,0.0,0.0,0.0
1697,3,3.0,3,0.0,0.0,1.0,0.0,0.0
1702,1,1.0,1,1.0,0.0,0.0,0.0,0.0
1703,3,1.0,1,1.0,0.0,0.0,0.0,0.0
1705,5,1.0,1,1.0,1.9287498933537385e-22,1.9287498933537385e-22,1.9287498933537385e-22,1.9287498933537385e-22
1706,3,1.0,1,1.0,0.0,0.0,0.0,0.0
1707,4,2.0,2,0.0,1.0,0.0,0.0,0.0
1708,2,1.0,1,1.0,0.0,0.0,0.0,0.0
1709,2,1.0,1,1.0,1.9287498933537385e-22,1.9287498933537385e-22,1.9287498933537385e-22,1.9287498933537385e-22
1711,2,1.0,1,1.0,0.0,0.0,0.0,0.0
1712,1,1.0,1,1.0,0.0,0.0,0.0,0.0
1713,3,3.0,3,0.0,0.0,1.0,0.0,0.0
1714,3,2.0,2,1.9287498933537385e-22,1.0,1.9287498933537385e-22,1.9287498933537385e-22,1.9287498933537385e-22
1715,4,1.0,1,1.0,0.0,0.0,0.0,0.0
1716,3,1.0,1,1.0,0.0,0.0,0.0,0.0
1719,4,1.0,1,1.0,0.0,0.0,0.0,0.0
1720,5,5.0,5,0.0,0.0,0.0,0.0,1.0
1721,4,2.0,2,0.0,1.0,0.0,0.0,0.0
1722,2,1.0,1,1.0,0.0,0.0,0.0,0.0
1724,4,2.0,2,0.0,1.0,0.0,0.0,0.0
1726,2,1.0,1,1.0,0.0,0.0,0.0,0.0
1727,1,5.0,5,1.9287498933537385e-22,1.9287498933537385e-22,1.9287498933537385e-22,1.9287498933537385e-22,1.0
1728,2,2.0,2,1.9287498933537385e-22,1.0,1.9287498933537385e-22,1.9287498933537385e-22,1.9287498933537385e-22
1729,4,1.0,1,1.0,1.9287498933537385e-22,1.9287498933537385e-22,1.9287498933537385e-22,1.9287498933537385e-22
1730,1,2.0,2,1.9287498933537385e-22,1.0,1.9287498933537385e-22,1.9287498933537385e-22,1.9287498933537385e-22
1731,2,1.0,1,1.0,0.0,0.0,0.0,0.0
1732,1,1.0,1,1.0,1.9287498933537385e-22,1.9287498933537385e-22,1.9287498933537385e-22,1.9287498933537385e-22
1734,3,1.0,1,1.0,1.9287498933537385e-22,1.9287498933537385e-22,1.9287498933537385e-22,1.9287498933537385e-22
1735,1,1.0,1,1.0,0.0,0.0,0.0,0.0
1738,1,1.0,1,1.0,1.9287498933537385e-22,1.9287498933537385e-22,1.9287498933537385e-22,1.9287498933537385e-22
1739,2,1.0,1,1.0,1.9287498933537385e-22,1.9287498933537385e-22,1.9287498933537385e-22,1.9287498933537385e-22
1740,1,1.0,1,1.0,0.0,0.0,0.0,0.0
1741,4,5.0,5,1.9287498933537385e-22,1.9287498933537385e-22,1.9287498933537385e-22,1.9287498933537385e-22,1.0
1742,4,5.0,5,0.0,0.0,0.0,0.0,1.0
1743,2,1.0,1,1.0,0.0,0.0,0.0,0.0
1744,5,5.0,5,1.9287498933537385e-22,1.9287498933537385e-22,1.9287498933537385e-22,1.9287498933537385e-22,1.0
1745,1,1.0,1,1.0,0.0,0.0,0.0,0.0
1746,5,5.0,5,0.0,0.0,0.0,0.0,1.0
1748,3,3.0,3,0.0,0.0,1.0,0.0,0.0
1749,1,1.0,1,1.0,1.9287498933537385e-22,1.9287498933537385e-22,1.9287498933537385e-22,1.9287498933537385e-22
1750,1,1.0,1,1.0,0.0,0.0,0.0,0.0
1751,1,1.0,1,1.0,1.9287498933537385e-22,1.9287498933537385e-22,1.9287498933537385e-22,1.9287498933537385e-22
1752,1,1.0,1,1.0,0.0,0.0,0.0,0.0
1755,1,1.0,1,1.0,0.0,0.0,0.0,0.0
1756,1,5.0,5,0.0,0.0,0.0,0.0,1.0
1758,1,1.0,1,1.0,1.9287498933537385e-22,1.9287498933537385e-22,1.9287498933537385e-22,1.9287498933537385e-22
1759,2,1.0,1,1.0,0.0,0.0,0.0,0.0
1760,1,1.0,1,1.0,0.0,0.0,0.0,0.0
1762,1,1.0,1,1.0,0.0,0.0,0.0,0.0
1763,1,2.0,2,0.0,1.0,0.0,0.0,0.0
1765,1,1.0,1,1.0,0.0,0.0,0.0,0.0
1766,3,3.0,3,0.0,0.0,1.0,0.0,0.0
1769,2,1.0,1,1.0,0.0,0.0,0.0,0.0
1770,3,2.0,2,0.0,1.0,0.0,0.0,0.0
1772,1,1.0,1,1.0,0.0,0.0,0.0,0.0
1774,1,1.0,1,1.0,0.0,0.0,0.0,0.0
1775,1,2.0,2,0.0,1.0,0.0,0.0,0.0
1776,2,1.0,1,1.0,0.0,0.0,0.0,0.0
1777,1,1.0,1,1.0,0.0,0.0,0.0,0.0
1779,3,1.0,1,1.0,1.9287498933537385e-22,1.9287498933537385e-22,1.9287498933537385e-22,1.9287498933537385e-22
1781,3,1.0,1,1.0,1.9287498933537385e-22,1.9287498933537385e-22,1.9287498933537385e-22,1.9287498933537385e-22
1782,2,1.0,1,1.0,0.0,0.0,0.0,0.0
1783,4,5.0,5,0.0,0.0,0.0,0.0,1.0
1784,1,1.0,1,1.0,1.9287498933537385e-22,1.9287498933537385e-22,1.9287498933537385e-22,1.9287498933537385e-22
1786,2,1.0,1,1.0,0.0,0.0,0.0,0.0
1787,3,1.0,1,1.0,1.9287498933537385e-22,1.9287498933537385e-22,1.9287498933537385e-22,1.9287498933537385e-22
1788,1,1.0,1,1.0,0.0,0.0,0.0,0.0
1789,1,1.0,1,1.0,1.9287498933537385e-22,1.9287498933537385e-22,1.9287498933537385e-22,1.9287498933537385e-22
1790,1,1.0,1,1.0,0.0,0.0,0.0,0.0
1792,1,2.0,2,0.0,1.0,0.0,0.0,0.0
1793,1,1.0,1,1.0,1.9287498933537385e-22,1.9287498933537385e-22,1.9287498933537385e-22,1.9287498933537385e-22
1794,2,1.0,1,1.0,1.9287498933537385e-22,1.9287498933537385e-22,1.9287498933537385e-22,1.9287498933537385e-22
1795,1,1.0,1,1.0,0.0,0.0,0.0,0.0
1796,1,1.0,1,1.0,1.9287498933537385e-22,1.9287498933537385e-22,1.9287498933537385e-22,1.9287498933537385e-22
1797,1,1.0,1,1.0,0.0,0.0,0.0,0.0
1798,3,2.0,2,0.0,1.0,0.0,0.0,0.0
1799,5,1.0,1,1.0,0.0,0.0,0.0,0.0
1801,2,2.0,2,0.0,1.0,0.0,0.0,0.0
1805,1,1.0,1,1.0,1.9287498933537385e-22,1.9287498933537385e-22,1.9287498933537385e-22,1.9287498933537385e-22
1807,1,2.0,2,0.0,1.0,0.0,0.0,0.0
1808,3,2.0,2,0.0,1.0,0.0,0.0,0.0
1809,3,5.0,5,0.0,0.0,0.0,0.0,1.0
1810,3,1.0,1,1.0,1.9287498933537385e-22,1.9287498933537385e-22,1.9287498933537385e-22,1.9287498933537385e-22
1811,3,1.0,1,1.0,1.9287498933537385e-22,1.9287498933537385e-22,1.9287498933537385e-22,1.9287498933537385e-22
1815,2,1.0,1,1.0,0.0,0.0,0.0,0.0
1818,1,1.0,1,1.0,0.0,0.0,0.0,0.0
1819,1,1.0,1,1.0,0.0,0.0,0.0,0.0
1820,1,1.0,1,1.0,0.0,0.0,0.0,0.0
1821,1,1.0,1,1.0,0.0,0.0,0.0,0.0
1822,2,3.0,3,1.9287498933537385e-22,1.9287498933537385e-22,1.0,1.9287498933537385e-22,1.9287498933537385e-22
1823,1,1.0,1,1.0,0.0,0.0,0.0,0.0
1825,1,1.0,1,1.0,0.0,0.0,0.0,0.0
1826,2,1.0,1,1.0,0.0,0.0,0.0,0.0
1829,1,1.0,1,1.0,0.0,0.0,0.0,0.0
1830,4,5.0,5,0.0,0.0,0.0,0.0,1.0
1831,1,1.0,1,1.0,0.0,0.0,0.0,0.0
1832,5,5.0,5,0.0,0.0,0.0,0.0,1.0
1833,2,5.0,5,0.0,0.0,0.0,0.0,1.0
1836,3,2.0,2,0.0,1.0,0.0,0.0,0.0
1839,2,1.0,1,1.0,1.9287498933537385e-22,1.9287498933537385e-22,1.9287498933537385e-22,1.9287498933537385e-22
1840,1,1.0,1,1.0,0.0,0.0,0.0,0.0
1841,3,1.0,1,1.0,0.0,0.0,0.0,0.0
1842,1,5.0,5,0.0,0.0,0.0,0.0,1.0
1843,2,1.0,1,1.0,0.0,0.0,0.0,0.0
1844,1,1.0,1,1.0,0.0,0.0,0.0,0.0
1845,4,5.0,5,0.0,0.0,0.0,0.0,1.0
1846,2,1.0,1,1.0,0.0,0.0,0.0,0.0
1847,1,1.0,1,1.0,0.0,0.0,0.0,0.0
1848,1,1.0,1,1.0,0.0,0.0,0.0,0.0
1849,1,1.0,1,1.0,0.0,0.0,0.0,0.0
1850,2,1.0,1,1.0,1.9287498933537385e-22,1.9287498933537385e-22,1.9287498933537385e-22,1.9287498933537385e-22
1852,1,1.0,1,1.0,1.9287498933537385e-22,1.9287498933537385e-22,1.9287498933537385e-22,1.9287498933537385e-22
1853,1,1.0,1,1.0,1.9287498933537385e-22,1.9287498933537385e-22,1.9287498933537385e-22,1.9287498933537385e-22
1854,1,1.0,1,1.0,0.0,0.0,0.0,0.0
1855,1,1.0,1,1.0,0.0,0.0,0.0,0.0
1856,2,1.0,1,1.0,1.9287498933537385e-22,1.9287498933537385e-22,1.9287498933537385e-22,1.9287498933537385e-22
1857,1,2.0,2,1.9287498933537385e-22,1.0,1.9287498933537385e-22,1.9287498933537385e-22,1.9287498933537385e-22
1858,5,5.0,5,1.9287498933537385e-22,1.9287498933537385e-22,1.9287498933537385e-22,1.9287498933537385e-22,1.0
1860,2,1.0,1,1.0,0.0,0.0,0.0,0.0
1861,4,3.0,3,0.0,0.0,1.0,0.0,0.0
1862,3,2.0,2,0.0,1.0,0.0,0.0,0.0
1863,3,1.0,1,1.0,1.9287498933537385e-22,1.9287498933537385e-22,1.9287498933537385e-22,1.9287498933537385e-22
1864,3,1.0,1,1.0,0.0,0.0,0.0,0.0
1866,2,2.0,2,0.0,1.0,0.0,0.0,0.0
1867,1,1.0,1,1.0,0.0,0.0,0.0,0.0
1868,1,1.0,1,1.0,0.0,0.0,0.0,0.0
1869,2,1.0,1,1.0,0.0,0.0,0.0,0.0
1870,3,1.0,1,1.0,0.0,0.0,0.0,0.0
1871,3,2.0,2,0.0,1.0,0.0,0.0,0.0
1872,4,3.0,3,0.0,0.0,1.0,0.0,0.0
1874,1,1.0,1,1.0,0.0,0.0,0.0,0.0
1875,2,1.0,1,1.0,1.9287498933537385e-22,1.9287498933537385e-22,1.9287498933537385e-22,1.9287498933537385e-22
1876,1,1.0,1,1.0,0.0,0.0,0.0,0.0
1878,4,1.0,1,1.0,0.0,0.0,0.0,0.0
1879,3,1.0,1,1.0,1.9287498933537385e-22,1.9287498933537385e-22,1.9287498933537385e-22,1.9287498933537385e-22
1880,1,1.0,1,1.0,0.0,0.0,0.0,0.0
1881,2,1.0,1,1.0,0.0,0.0,0.0,0.0
1882,4,5.0,5,1.9287498933537385e-22,1.9287498933537385e-22,1.9287498933537385e-22,1.9287498933537385e-22,1.0
1883,3,1.0,1,1.0,1.9287498933537385e-22,1.9287498933537385e-22,1.9287498933537385e-22,1.9287498933537385e-22
1884,1,1.0,1,1.0,1.9287498933537385e-22,1.9287498933537385e-22,1.9287498933537385e-22,1.9287498933537385e-22
1885,2,1.0,1,1.0,0.0,0.0,0.0,0.0
1886,1,1.0,1,1.0,1.9287498933537385e-22,1.9287498933537385e-22,1.9287498933537385e-22,1.9287498933537385e-22
1888,2,1.0,1,1.0,1.9287498933537385e-22,1.9287498933537385e-22,1.9287498933537385e-22,1.9287498933537385e-22
1889,1,1.0,1,1.0,0.0,0.0,0.0,0.0
1891,1,1.0,1,1.0,0.0,0.0,0.0,0.0
1892,2,1.0,1,1.0,1.9287498933537385e-22,1.9287498933537385e-22,1.9287498933537385e-22,1.9287498933537385e-22
1897,2,1.0,1,1.0,0.0,0.0,0.0,0.0
1898,1,1.0,1,1.0,0.0,0.0,0.0,0.0
1899,1,1.0,1,1.0,0.0,0.0,0.0,0.0
1901,1,1.0,1,1.0,0.0,0.0,0.0,0.0
1902,1,1.0,1,1.0,0.0,0.0,0.0,0.0
1903,1,1.0,1,1.0,1.9287498933537385e-22,1.9287498933537385e-22,1.9287498933537385e-22,1.9287498933537385e-22
1905,1,1.0,1,1.0,0.0,0.0,0.0,0.0
1906,4,1.0,1,1.0,1.9287498933537385e-22,1.9287498933537385e-22,1.9287498933537385e-22,1.9287498933537385e-22
1909,1,1.0,1,1.0,0.0,0.0,0.0,0.0
1911,1,1.0,1,1.0,0.0,0.0,0.0,0.0
1912,1,1.0,1,1.0,1.9287498933537385e-22,1.9287498933537385e-22,1.9287498933537385e-22,1.9287498933537385e-22
1913,1,1.0,1,1.0,1.9287498933537385e-22,1.9287498933537385e-22,1.9287498933537385e-22,1.9287498933537385e-22
1914,1,1.0,1,1.0,0.0,0.0,0.0,0.0
1915,5,5.0,5,0.0,0.0,0.0,0.0,1.0
1916,4,1.0,1,1.0,1.9287498933537385e-22,1.9287498933537385e-22,1.9287498933537385e-22,1.9287498933537385e-22
1917,1,1.0,1,1.0,1.9287498933537385e-22,1.9287498933537385e-22,1.9287498933537385e-22,1.9287498933537385e-22
1918,1,1.0,1,1.0,0.0,0.0,0.0,0.0
1919,2,1.0,1,1.0,1.9287498933537385e-22,1.9287498933537385e-22,1.9287498933537385e-22,1.9287498933537385e-22
1923,2,1.0,1,1.0,0.0,0.0,0.0,0.0
1924,1,1.0,1,1.0,0.0,0.0,0.0,0.0
1926,4,1.0,1,1.0,0.0,0.0,0.0,0.0
1927,1,1.0,1,1.0,0.0,0.0,0.0,0.0
1928,4,1.0,1,1.0,0.0,0.0,0.0,0.0
1929,3,1.0,1,1.0,0.0,0.0,0.0,0.0
1930,1,1.0,1,1.0,0.0,0.0,0.0,0.0
1932,5,1.0,1,1.0,0.0,0.0,0.0,0.0
1933,5,1.0,1,1.0,0.0,0.0,0.0,0.0
1934,5,2.0,2,0.0,1.0,0.0,0.0,0.0
1935,5,1.0,1,1.0,0.0,0.0,0.0,0.0
1936,4,1.0,1,1.0,0.0,0.0,0.0,0.0
1938,5,1.0,1,1.0,0.0,0.0,0.0,0.0
1939,5,1.0,1,1.0,0.0,0.0,0.0,0.0
1940,5,1.0,1,1.0,0.0,0.0,0.0,0.0
1941,2,1.0,1,1.0,0.0,0.0,0.0,0.0
1942,4,2.0,2,0.0,1.0,0.0,0.0,0.0
1943,4,1.0,1,1.0,0.0,0.0,0.0,0.0
1945,3,1.0,1,1.0,0.0,0.0,0.0,0.0
1946,4,1.0,1,1.0,0.0,0.0,0.0,0.0
1947,1,1.0,1,1.0,0.0,0.0,0.0,0.0
1948,4,1.0,1,1.0,0.0,0.0,0.0,0.0
1950,5,1.0,1,1.0,0.0,0.0,0.0,0.0
1951,3,1.0,1,1.0,0.0,0.0,0.0,0.0
1952,5,1.0,1,1.0,0.0,0.0,0.0,0.0
1953,5,1.0,1,1.0,0.0,0.0,0.0,0.0
1954,4,1.0,1,1.0,1.9287498933537385e-22,1.9287498933537385e-22,1.9287498933537385e-22,1.9287498933537385e-22
1956,2,1.0,1,1.0,1.9287498933537385e-22,1.9287498933537385e-22,1.9287498933537385e-22,1.9287498933537385e-22
1957,4,1.0,1,1.0,1.9287498933537385e-22,1.9287498933537385e-22,1.9287498933537385e-22,1.9287498933537385e-22
1958,1,5.0,5,0.0,0.0,0.0,0.0,1.0
1959,1,1.0,1,1.0,1.9287498933537385e-22,1.9287498933537385e-22,1.9287498933537385e-22,1.9287498933537385e-22
1960,1,1.0,1,1.0,1.9287498933537385e-22,1.9287498933537385e-22,1.9287498933537385e-22,1.9287498933537385e-22
1961,1,1.0,1,1.0,0.0,0.0,0.0,0.0
1962,2,1.0,1,1.0,0.0,0.0,0.0,0.0
1965,1,1.0,1,1.0,0.0,0.0,0.0,0.0
1966,1,1.0,1,1.0,0.0,0.0,0.0,0.0
1967,3,1.0,1,1.0,0.0,0.0,0.0,0.0
1968,3,1.0,1,1.0,1.9287498933537385e-22,1.9287498933537385e-22,1.9287498933537385e-22,1.9287498933537385e-22
1970,2,1.0,1,1.0,0.0,0.0,0.0,0.0
1973,2,1.0,1,1.0,0.0,0.0,0.0,0.0
1974,2,2.0,2,0.0,1.0,0.0,0.0,0.0
1975,2,2.0,2,1.9287498933537385e-22,1.0,1.9287498933537385e-22,1.9287498933537385e-22,1.9287498933537385e-22
1976,1,1.0,1,1.0,1.9287498933537385e-22,1.9287498933537385e-22,1.9287498933537385e-22,1.9287498933537385e-22
1977,1,1.0,1,1.0,1.9287498933537385e-22,1.9287498933537385e-22,1.9287498933537385e-22,1.9287498933537385e-22
1979,4,1.0,1,1.0,1.9287498933537385e-22,1.9287498933537385e-22,1.9287498933537385e-22,1.9287498933537385e-22
1980,2,1.0,1,1.0,1.9287498933537385e-22,1.9287498933537385e-22,1.9287498933537385e-22,1.9287498933537385e-22
1981,5,2.0,2,1.9287498933537385e-22,1.0,1.9287498933537385e-22,1.9287498933537385e-22,1.9287498933537385e-22
1982,5,2.0,2,0.0,1.0,0.0,0.0,0.0
1983,2,1.0,1,1.0,0.0,0.0,0.0,0.0
1984,1,1.0,1,1.0,1.9287498933537385e-22,1.9287498933537385e-22,1.9287498933537385e-22,1.9287498933537385e-22
1985,2,1.0,1,1.0,1.9287498933537385e-22,1.9287498933537385e-22,1.9287498933537385e-22,1.9287498933537385e-22
1987,2,1.0,1,1.0,1.9287498933537385e-22,1.9287498933537385e-22,1.9287498933537385e-22,1.9287498933537385e-22
1991,4,1.0,1,1.0,1.9287498933537385e-22,1.9287498933537385e-22,1.9287498933537385e-22,1.9287498933537385e-22
1994,1,1.0,1,1.0,0.0,0.0,0.0,0.0
1995,1,1.0,1,1.0,0.0,0.0,0.0,0.0
1996,1,1.0,1,1.0,0.0,0.0,0.0,0.0
1997,2,1.0,1,1.0,0.0,0.0,0.0,0.0
2000,3,1.0,1,1.0,0.0,0.0,0.0,0.0
2001,1,2.0,2,0.0,1.0,0.0,0.0,0.0
2002,3,2.0,2,1.9287498933537385e-22,1.0,1.9287498933537385e-22,1.9287498933537385e-22,1.9287498933537385e-22
2003,1,1.0,1,1.0,1.9287498933537385e-22,1.9287498933537385e-22,1.9287498933537385e-22,1.9287498933537385e-22
2004,2,1.0,1,1.0,0.0,0.0,0.0,0.0
2005,5,5.0,5,0.0,0.0,0.0,0.0,1.0
2006,1,1.0,1,1.0,1.9287498933537385e-22,1.9287498933537385e-22,1.9287498933537385e-22,1.9287498933537385e-22
2008,5,5.0,5,1.9287498933537385e-22,1.9287498933537385e-22,1.9287498933537385e-22,1.9287498933537385e-22,1.0
2009,2,1.0,1,1.0,0.0,0.0,0.0,0.0
2011,4,1.0,1,1.0,0.0,0.0,0.0,0.0
2012,1,1.0,1,1.0,0.0,0.0,0.0,0.0
2013,1,1.0,1,1.0,0.0,0.0,0.0,0.0
2014,3,1.0,1,1.0,1.9287498933537385e-22,1.9287498933537385e-22,1.9287498933537385e-22,1.9287498933537385e-22
2015,1,1.0,1,1.0,1.9287498933537385e-22,1.9287498933537385e-22,1.9287498933537385e-22,1.9287498933537385e-22
2016,2,1.0,1,1.0,0.0,0.0,0.0,0.0
2018,1,1.0,1,1.0,0.0,0.0,0.0,0.0
2019,1,1.0,1,1.0,0.0,0.0,0.0,0.0
2020,1,1.0,1,1.0,1.9287498933537385e-22,1.9287498933537385e-22,1.9287498933537385e-22,1.9287498933537385e-22
2021,5,1.0,1,1.0,0.0,0.0,0.0,0.0
2023,1,1.0,1,1.0,0.0,0.0,0.0,0.0
2024,2,1.0,1,1.0,1.9287498933537385e-22,1.9287498933537385e-22,1.9287498933537385e-22,1.9287498933537385e-22
2025,1,1.0,1,1.0,0.0,0.0,0.0,0.0
2026,3,5.0,5,0.0,0.0,0.0,0.0,1.0
2027,4,1.0,1,1.0,0.0,0.0,0.0,0.0
2028,1,1.0,1,1.0,0.0,0.0,0.0,0.0
2029,1,1.0,1,1.0,0.0,0.0,0.0,0.0
2031,3,1.0,1,1.0,0.0,0.0,0.0,0.0
2034,1,1.0,1,1.0,0.0,0.0,0.0,0.0
2035,1,1.0,1,1.0,1.9287498933537385e-22,1.9287498933537385e-22,1.9287498933537385e-22,1.9287498933537385e-22
2036,1,1.0,1,1.0,1.9287498933537385e-22,1.9287498933537385e-22,1.9287498933537385e-22,1.9287498933537385e-22
2038,1,1.0,1,1.0,1.9287498933537385e-22,1.9287498933537385e-22,1.9287498933537385e-22,1.9287498933537385e-22
2039,1,1.0,1,1.0,0.0,0.0,0.0,0.0
2040,1,1.0,1,1.0,0.0,0.0,0.0,0.0
2042,1,1.0,1,1.0,0.0,0.0,0.0,0.0
2043,5,1.0,1,1.0,0.0,0.0,0.0,0.0
2044,1,1.0,1,1.0,1.9287498933537385e-22,1.9287498933537385e-22,1.9287498933537385e-22,1.9287498933537385e-22
2045,4,1.0,1,1.0,0.0,0.0,0.0,0.0
2046,1,1.0,1,1.0,1.9287498933537385e-22,1.9287498933537385e-22,1.9287498933537385e-22,1.9287498933537385e-22
2047,2,1.0,1,1.0,1.9287498933537385e-22,1.9287498933537385e-22,1.9287498933537385e-22,1.9287498933537385e-22
2048,1,1.0,1,1.0,0.0,0.0,0.0,0.0
2049,4,1.0,1,1.0,1.9287498933537385e-22,1.9287498933537385e-22,1.9287498933537385e-22,1.9287498933537385e-22
2050,1,1.0,1,1.0,1.9287498933537385e-22,1.9287498933537385e-22,1.9287498933537385e-22,1.9287498933537385e-22
2051,4,1.0,1,1.0,0.0,0.0,0.0,0.0
2053,1,1.0,1,1.0,0.0,0.0,0.0,0.0
2054,1,1.0,1,1.0,1.9287498933537385e-22,1.9287498933537385e-22,1.9287498933537385e-22,1.9287498933537385e-22
2055,1,1.0,1,1.0,0.0,0.0,0.0,0.0
2056,1,1.0,1,1.0,0.0,0.0,0.0,0.0
2058,3,1.0,1,1.0,0.0,0.0,0.0,0.0
2063,2,1.0,1,1.0,0.0,0.0,0.0,0.0
2065,1,1.0,1,1.0,0.0,0.0,0.0,0.0
2067,1,1.0,1,1.0,0.0,0.0,0.0,0.0
2068,3,1.0,1,1.0,0.0,0.0,0.0,0.0
2069,3,1.0,1,1.0,0.0,0.0,0.0,0.0
2070,1,1.0,1,1.0,0.0,0.0,0.0,0.0
2071,1,1.0,1,1.0,0.0,0.0,0.0,0.0
2072,3,1.0,1,1.0,0.0,0.0,0.0,0.0
2073,3,1.0,1,1.0,0.0,0.0,0.0,0.0
2075,2,1.0,1,1.0,0.0,0.0,0.0,0.0
2076,1,1.0,1,1.0,0.0,0.0,0.0,0.0
2077,1,1.0,1,1.0,0.0,0.0,0.0,0.0
2079,4,1.0,1,1.0,1.9287498933537385e-22,1.9287498933537385e-22,1.9287498933537385e-22,1.9287498933537385e-22
2080,2,1.0,1,1.0,0.0,0.0,0.0,0.0
2081,2,1.0,1,1.0,1.9287498933537385e-22,1.9287498933537385e-22,1.9287498933537385e-22,1.9287498933537385e-22
2084,1,1.0,1,1.0,0.0,0.0,0.0,0.0
2085,4,1.0,1,1.0,0.0,0.0,0.0,0.0
2086,1,1.0,1,1.0,1.9287498933537385e-22,1.9287498933537385e-22,1.9287498933537385e-22,1.9287498933537385e-22
2088,3,1.0,1,1.0,0.0,0.0,0.0,0.0
2090,2,1.0,1,1.0,0.0,0.0,0.0,0.0
2091,1,1.0,1,1.0,1.9287498933537385e-22,1.9287498933537385e-22,1.9287498933537385e-22,1.9287498933537385e-22
2092,2,1.0,1,1.0,0.0,0.0,0.0,0.0
2094,1,1.0,1,1.0,0.0,0.0,0.0,0.0
2095,5,1.0,1,1.0,1.9287498933537385e-22,1.9287498933537385e-22,1.9287498933537385e-22,1.9287498933537385e-22
2096,2,1.0,1,1.0,0.0,0.0,0.0,0.0
2097,1,1.0,1,1.0,0.0,0.0,0.0,0.0
2099,2,1.0,1,1.0,1.9287498933537385e-22,1.9287498933537385e-22,1.9287498933537385e-22,1.9287498933537385e-22
2100,2,1.0,1,1.0,0.0,0.0,0.0,0.0
2101,1,1.0,1,1.0,1.9287498933537385e-22,1.9287498933537385e-22,1.9287498933537385e-22,1.9287498933537385e-22
2104,1,1.0,1,1.0,0.0,0.0,0.0,0.0
2105,1,1.0,1,1.0,0.0,0.0,0.0,0.0
2107,3,1.0,1,1.0,0.0,0.0,0.0,0.0
2108,1,1.0,1,1.0,0.0,0.0,0.0,0.0
2109,1,1.0,1,1.0,1.9287498933537385e-22,1.9287498933537385e-22,1.9287498933537385e-22,1.9287498933537385e-22
2110,1,1.0,1,1.0,0.0,0.0,0.0,0.0
2111,1,1.0,1,1.0,1.9287498933537385e-22,1.9287498933537385e-22,1.9287498933537385e-22,1.9287498933537385e-22
2115,1,1.0,1,1.0,0.0,0.0,0.0,0.0
2116,1,1.0,1,1.0,0.0,0.0,0.0,0.0
2117,2,1.0,1,1.0,0.0,0.0,0.0,0.0
2118,1,1.0,1,1.0,0.0,0.0,0.0,0.0
2119,1,1.0,1,1.0,0.0,0.0,0.0,0.0
2123,1,1.0,1,1.0,0.0,0.0,0.0,0.0
2124,1,1.0,1,1.0,0.0,0.0,0.0,0.0
2125,1,1.0,1,1.0,1.9287498933537385e-22,1.9287498933537385e-22,1.9287498933537385e-22,1.9287498933537385e-22
2126,3,1.0,1,1.0,1.9287498933537385e-22,1.9287498933537385e-22,1.9287498933537385e-22,1.9287498933537385e-22
2127,2,1.0,1,1.0,1.9287498933537385e-22,1.9287498933537385e-22,1.9287498933537385e-22,1.9287498933537385e-22
2128,4,1.0,1,1.0,0.0,0.0,0.0,0.0
2129,4,1.0,1,1.0,0.0,0.0,0.0,0.0
2131,1,1.0,1,1.0,1.9287498933537385e-22,1.9287498933537385e-22,1.9287498933537385e-22,1.9287498933537385e-22
2132,3,2.0,2,0.0,1.0,0.0,0.0,0.0
2133,5,1.0,1,1.0,0.0,0.0,0.0,0.0
2134,1,1.0,1,1.0,1.9287498933537385e-22,1.9287498933537385e-22,1.9287498933537385e-22,1.9287498933537385e-22
2135,2,1.0,1,1.0,1.9287498933537385e-22,1.9287498933537385e-22,1.9287498933537385e-22,1.9287498933537385e-22
2137,3,2.0,2,1.9287498933537385e-22,1.0,1.9287498933537385e-22,1.9287498933537385e-22,1.9287498933537385e-22
2138,1,1.0,1,1.0,1.9287498933537385e-22,1.9287498933537385e-22,1.9287498933537385e-22,1.9287498933537385e-22
2139,1,1.0,1,1.0,0.0,0.0,0.0,0.0
2140,2,1.0,1,1.0,0.0,0.0,0.0,0.0
2141,1,1.0,1,1.0,0.0,0.0,0.0,0.0
2142,5,2.0,2,1.9287498933537385e-22,1.0,1.9287498933537385e-22,1.9287498933537385e-22,1.9287498933537385e-22
2143,3,1.0,1,1.0,0.0,0.0,0.0,0.0
2145,1,1.0,1,1.0,0.0,0.0,0.0,0.0
2146,1,1.0,1,1.0,1.9287498933537385e-22,1.9287498933537385e-22,1.9287498933537385e-22,1.9287498933537385e-22
2147,3,1.0,1,1.0,0.0,0.0,0.0,0.0
2150,1,1.0,1,1.0,1.9287498933537385e-22,1.9287498933537385e-22,1.9287498933537385e-22,1.9287498933537385e-22
2151,1,1.0,1,1.0,0.0,0.0,0.0,0.0
2152,4,1.0,1,1.0,0.0,0.0,0.0,0.0
2155,3,1.0,1,1.0,0.0,0.0,0.0,0.0
2157,1,1.0,1,1.0,0.0,0.0,0.0,0.0
2158,1,1.0,1,1.0,0.0,0.0,0.0,0.0
2159,1,1.0,1,1.0,0.0,0.0,0.0,0.0
2160,1,1.0,1,1.0,1.9287498933537385e-22,1.9287498933537385e-22,1.9287498933537385e-22,1.9287498933537385e-22
2162,1,1.0,1,1.0,0.0,0.0,0.0,0.0
2163,4,3.0,3,1.9287498933537385e-22,1.9287498933537385e-22,1.0,1.9287498933537385e-22,1.9287498933537385e-22
2164,1,2.0,2,1.9287498933537385e-22,1.0,1.9287498933537385e-22,1.9287498933537385e-22,1.9287498933537385e-22
2166,3,1.0,1,1.0,0.0,0.0,0.0,0.0
2168,3,1.0,1,1.0,0.0,0.0,0.0,0.0
2169,3,1.0,1,1.0,1.9287498933537385e-22,1.9287498933537385e-22,1.9287498933537385e-22,1.9287498933537385e-22
2170,1,1.0,1,1.0,0.0,0.0,0.0,0.0
2171,5,1.0,1,1.0,1.9287498933537385e-22,1.9287498933537385e-22,1.9287498933537385e-22,1.9287498933537385e-22
2172,3,1.0,1,1.0,1.9287498933537385e-22,1.9287498933537385e-22,1.9287498933537385e-22,1.9287498933537385e-22
2173,1,1.0,1,1.0,1.9287498933537385e-22,1.9287498933537385e-22,1.9287498933537385e-22,1.9287498933537385e-22
2174,2,1.0,1,1.0,1.9287498933537385e-22,1.9287498933537385e-22,1.9287498933537385e-22,1.9287498933537385e-22
2175,4,1.0,1,1.0,1.9287498933537385e-22,1.9287498933537385e-22,1.9287498933537385e-22,1.9287498933537385e-22
2176,3,1.0,1,1.0,0.0,0.0,0.0,0.0
2177,1,1.0,1,1.0,1.9287498933537385e-22,1.9287498933537385e-22,1.9287498933537385e-22,1.9287498933537385e-22
2178,2,1.0,1,1.0,1.9287498933537385e-22,1.9287498933537385e-22,1.9287498933537385e-22,1.9287498933537385e-22
2179,2,1.0,1,1.0,0.0,0.0,0.0,0.0
2181,2,1.0,1,1.0,1.9287498933537385e-22,1.9287498933537385e-22,1.9287498933537385e-22,1.9287498933537385e-22
2182,1,1.0,1,1.0,1.9287498933537385e-22,1.9287498933537385e-22,1.9287498933537385e-22,1.9287498933537385e-22
2183,5,5.0,5,0.0,0.0,0.0,0.0,1.0
2184,5,5.0,5,0.0,0.0,0.0,0.0,1.0
2185,1,1.0,1,1.0,0.0,0.0,0.0,0.0
2187,3,1.0,1,1.0,0.0,0.0,0.0,0.0
2189,2,1.0,1,1.0,0.0,0.0,0.0,0.0
2192,1,1.0,1,1.0,0.0,0.0,0.0,0.0
2193,1,1.0,1,1.0,0.0,0.0,0.0,0.0
2195,3,1.0,1,1.0,0.0,0.0,0.0,0.0
2196,1,1.0,1,1.0,0.0,0.0,0.0,0.0
2197,2,1.0,1,1.0,0.0,0.0,0.0,0.0
2198,2,1.0,1,1.0,1.9287498933537385e-22,1.9287498933537385e-22,1.9287498933537385e-22,1.9287498933537385e-22
2200,1,2.0,2,0.0,1.0,0.0,0.0,0.0
2201,1,1.0,1,1.0,0.0,0.0,0.0,0.0
2202,2,2.0,2,0.0,1.0,0.0,0.0,0.0
2203,3,1.0,1,1.0,0.0,0.0,0.0,0.0
2204,1,3.0,3,1.9287498933537385e-22,1.9287498933537385e-22,1.0,1.9287498933537385e-22,1.9287498933537385e-22
2207,3,1.0,1,1.0,1.9287498933537385e-22,1.9287498933537385e-22,1.9287498933537385e-22,1.9287498933537385e-22
2212,1,1.0,1,1.0,0.0,0.0,0.0,0.0
2213,1,1.0,1,1.0,0.0,0.0,0.0,0.0
2214,1,1.0,1,1.0,1.9287498933537385e-22,1.9287498933537385e-22,1.9287498933537385e-22,1.9287498933537385e-22
2215,2,1.0,1,1.0,0.0,0.0,0.0,0.0
2216,1,1.0,1,1.0,0.0,0.0,0.0,0.0
2217,1,5.0,5,0.0,0.0,0.0,0.0,1.0
2218,1,5.0,5,0.0,0.0,0.0,0.0,1.0
2219,1,1.0,1,1.0,1.9287498933537385e-22,1.9287498933537385e-22,1.9287498933537385e-22,1.9287498933537385e-22
2220,1,1.0,1,1.0,0.0,0.0,0.0,0.0
2221,1,1.0,1,1.0,0.0,0.0,0.0,0.0
2222,2,1.0,1,1.0,0.0,0.0,0.0,0.0
2223,3,2.0,2,0.0,1.0,0.0,0.0,0.0
2224,1,1.0,1,1.0,0.0,0.0,0.0,0.0
2226,1,2.0,2,0.0,1.0,0.0,0.0,0.0
2227,3,1.0,1,1.0,0.0,0.0,0.0,0.0
2228,3,1.0,1,1.0,0.0,0.0,0.0,0.0
2229,3,1.0,1,1.0,0.0,0.0,0.0,0.0
2231,1,2.0,2,0.0,1.0,0.0,0.0,0.0
2232,2,1.0,1,1.0,0.0,0.0,0.0,0.0
2233,1,1.0,1,1.0,0.0,0.0,0.0,0.0
2234,2,1.0,1,1.0,0.0,0.0,0.0,0.0
2235,1,1.0,1,1.0,0.0,0.0,0.0,0.0
2236,1,1.0,1,1.0,1.9287498933537385e-22,1.9287498933537385e-22,1.9287498933537385e-22,1.9287498933537385e-22
2238,1,2.0,2,0.0,1.0,0.0,0.0,0.0
2239,1,1.0,1,1.0,0.0,0.0,0.0,0.0
2240,4,3.0,3,0.0,0.0,1.0,0.0,0.0
2241,1,2.0,2,0.0,1.0,0.0,0.0,0.0
2242,4,1.0,1,1.0,1.9287498933537385e-22,1.9287498933537385e-22,1.9287498933537385e-22,1.9287498933537385e-22
2243,3,1.0,1,1.0,0.0,0.0,0.0,0.0
2244,1,1.0,1,1.0,1.9287498933537385e-22,1.9287498933537385e-22,1.9287498933537385e-22,1.9287498933537385e-22
2245,1,2.0,2,0.0,1.0,0.0,0.0,0.0
2246,1,1.0,1,1.0,1.9287498933537385e-22,1.9287498933537385e-22,1.9287498933537385e-22,1.9287498933537385e-22
2248,1,1.0,1,1.0,1.9287498933537385e-22,1.9287498933537385e-22,1.9287498933537385e-22,1.9287498933537385e-22
2249,1,1.0,1,1.0,0.0,0.0,0.0,0.0
2250,1,1.0,1,1.0,0.0,0.0,0.0,0.0
2252,2,1.0,1,1.0,0.0,0.0,0.0,0.0
2253,4,1.0,1,1.0,1.9287498933537385e-22,1.9287498933537385e-22,1.9287498933537385e-22,1.9287498933537385e-22
2254,3,1.0,1,1.0,1.9287498933537385e-22,1.9287498933537385e-22,1.9287498933537385e-22,1.9287498933537385e-22
2255,2,1.0,1,1.0,0.0,0.0,0.0,0.0
2256,3,1.0,1,1.0,1.9287498933537385e-22,1.9287498933537385e-22,1.9287498933537385e-22,1.9287498933537385e-22
2257,4,1.0,1,1.0,0.0,0.0,0.0,0.0
2260,4,2.0,2,0.0,1.0,0.0,0.0,0.0
2261,2,1.0,1,1.0,0.0,0.0,0.0,0.0
2263,1,1.0,1,1.0,0.0,0.0,0.0,0.0
2267,1,2.0,2,0.0,1.0,0.0,0.0,0.0
2268,2,2.0,2,0.0,1.0,0.0,0.0,0.0
2270,3,1.0,1,1.0,0.0,0.0,0.0,0.0
2271,4,1.0,1,1.0,1.9287498933537385e-22,1.9287498933537385e-22,1.9287498933537385e-22,1.9287498933537385e-22
2272,2,1.0,1,1.0,1.9287498933537385e-22,1.9287498933537385e-22,1.9287498933537385e-22,1.9287498933537385e-22
2273,1,1.0,1,1.0,0.0,0.0,0.0,0.0
2274,2,1.0,1,1.0,0.0,0.0,0.0,0.0
2276,1,1.0,1,1.0,0.0,0.0,0.0,0.0
2278,1,1.0,1,1.0,0.0,0.0,0.0,0.0
2279,4,1.0,1,1.0,0.0,0.0,0.0,0.0
2280,1,1.0,1,1.0,0.0,0.0,0.0,0.0
2281,4,1.0,1,1.0,0.0,0.0,0.0,0.0
2283,1,3.0,3,0.0,0.0,1.0,0.0,0.0
2285,1,1.0,1,1.0,1.9287498933537385e-22,1.9287498933537385e-22,1.9287498933537385e-22,1.9287498933537385e-22
2286,1,1.0,1,1.0,0.0,0.0,0.0,0.0
2287,1,1.0,1,1.0,0.0,0.0,0.0,0.0
2288,2,1.0,1,1.0,0.0,0.0,0.0,0.0
2289,1,1.0,1,1.0,0.0,0.0,0.0,0.0
2291,5,1.0,1,1.0,0.0,0.0,0.0,0.0
2293,1,1.0,1,1.0,1.9287498933537385e-22,1.9287498933537385e-22,1.9287498933537385e-22,1.9287498933537385e-22
2294,1,1.0,1,1.0,0.0,0.0,0.0,0.0
2295,1,1.0,1,1.0,0.0,0.0,0.0,0.0
2297,1,2.0,2,0.0,1.0,0.0,0.0,0.0
2298,3,1.0,1,1.0,1.9287498933537385e-22,1.9287498933537385e-22,1.9287498933537385e-22,1.9287498933537385e-22
2299,1,1.0,1,1.0,1.9287498933537385e-22,1.9287498933537385e-22,1.9287498933537385e-22,1.9287498933537385e-22
2300,1,1.0,1,1.0,1.9287498933537385e-22,1.9287498933537385e-22,1.9287498933537385e-22,1.9287498933537385e-22
2301,1,1.0,1,1.0,1.9287498933537385e-22,1.9287498933537385e-22,1.9287498933537385e-22,1.9287498933537385e-22
2302,3,1.0,1,1.0,0.0,0.0,0.0,0.0
2303,1,2.0,2,0.0,1.0,0.0,0.0,0.0
2306,3,1.0,1,1.0,0.0,0.0,0.0,0.0
2307,2,1.0,1,1.0,0.0,0.0,0.0,0.0
2308,1,1.0,1,1.0,0.0,0.0,0.0,0.0
2309,3,1.0,1,1.0,1.9287498933537385e-22,1.9287498933537385e-22,1.9287498933537385e-22,1.9287498933537385e-22
2310,2,1.0,1,1.0,1.9287498933537385e-22,1.9287498933537385e-22,1.9287498933537385e-22,1.9287498933537385e-22
2311,1,1.0,1,1.0,1.9287498933537385e-22,1.9287498933537385e-22,1.9287498933537385e-22,1.9287498933537385e-22
2312,1,1.0,1,1.0,1.9287498933537385e-22,1.9287498933537385e-22,1.9287498933537385e-22,1.9287498933537385e-22
2313,1,1.0,1,1.0,0.0,0.0,0.0,0.0
2314,3,1.0,1,1.0,0.0,0.0,0.0,0.0
2315,1,1.0,1,1.0,0.0,0.0,0.0,0.0
2316,1,1.0,1,1.0,1.9287498933537385e-22,1.9287498933537385e-22,1.9287498933537385e-22,1.9287498933537385e-22
2317,3,1.0,1,1.0,1.9287498933537385e-22,1.9287498933537385e-22,1.9287498933537385e-22,1.9287498933537385e-22
2318,2,1.0,1,1.0,1.9287498933537385e-22,1.9287498933537385e-22,1.9287498933537385e-22,1.9287498933537385e-22
2319,2,1.0,1,1.0,0.0,0.0,0.0,0.0
2320,2,1.0,1,1.0,1.9287498933537385e-22,1.9287498933537385e-22,1.9287498933537385e-22,1.9287498933537385e-22
2321,4,1.0,1,1.0,1.9287498933537385e-22,1.9287498933537385e-22,1.9287498933537385e-22,1.9287498933537385e-22
2323,2,1.0,1,1.0,0.0,0.0,0.0,0.0
2324,1,1.0,1,1.0,1.9287498933537385e-22,1.9287498933537385e-22,1.9287498933537385e-22,1.9287498933537385e-22
2325,1,1.0,1,1.0,0.0,0.0,0.0,0.0
2327,1,1.0,1,1.0,0.0,0.0,0.0,0.0
2328,4,1.0,1,1.0,0.0,0.0,0.0,0.0
2330,4,1.0,1,1.0,1.9287498933537385e-22,1.9287498933537385e-22,1.9287498933537385e-22,1.9287498933537385e-22
2331,3,1.0,1,1.0,0.0,0.0,0.0,0.0
2332,1,1.0,1,1.0,0.0,0.0,0.0,0.0
2333,2,1.0,1,1.0,1.9287498933537385e-22,1.9287498933537385e-22,1.9287498933537385e-22,1.9287498933537385e-22
2334,1,1.0,1,1.0,0.0,0.0,0.0,0.0
2335,3,1.0,1,1.0,1.9287498933537385e-22,1.9287498933537385e-22,1.9287498933537385e-22,1.9287498933537385e-22
2336,1,1.0,1,1.0,1.9287498933537385e-22,1.9287498933537385e-22,1.9287498933537385e-22,1.9287498933537385e-22
2337,2,1.0,1,1.0,1.9287498933537385e-22,1.9287498933537385e-22,1.9287498933537385e-22,1.9287498933537385e-22
2338,1,1.0,1,1.0,0.0,0.0,0.0,0.0
2340,3,1.0,1,1.0,0.0,0.0,0.0,0.0
2341,2,1.0,1,1.0,0.0,0.0,0.0,0.0
2342,1,1.0,1,1.0,0.0,0.0,0.0,0.0
2343,2,1.0,1,1.0,1.9287498933537385e-22,1.9287498933537385e-22,1.9287498933537385e-22,1.9287498933537385e-22
2345,1,1.0,1,1.0,0.0,0.0,0.0,0.0
2347,3,1.0,1,1.0,0.0,0.0,0.0,0.0
2348,1,1.0,1,1.0,0.0,0.0,0.0,0.0
2349,1,1.0,1,1.0,0.0,0.0,0.0,0.0
2350,1,1.0,1,1.0,0.0,0.0,0.0,0.0
2351,2,1.0,1,1.0,1.9287498933537385e-22,1.9287498933537385e-22,1.9287498933537385e-22,1.9287498933537385e-22
2352,1,1.0,1,1.0,1.9287498933537385e-22,1.9287498933537385e-22,1.9287498933537385e-22,1.9287498933537385e-22
2353,1,2.0,2,0.0,1.0,0.0,0.0,0.0
2355,3,1.0,1,1.0,0.0,0.0,0.0,0.0
2359,1,1.0,1,1.0,1.9287498933537385e-22,1.9287498933537385e-22,1.9287498933537385e-22,1.9287498933537385e-22
2361,2,1.0,1,1.0,0.0,0.0,0.0,0.0
2362,1,1.0,1,1.0,1.9287498933537385e-22,1.9287498933537385e-22,1.9287498933537385e-22,1.9287498933537385e-22
2363,1,1.0,1,1.0,0.0,0.0,0.0,0.0
2364,1,1.0,1,1.0,0.0,0.0,0.0,0.0
2365,1,1.0,1,1.0,0.0,0.0,0.0,0.0
2366,2,1.0,1,1.0,1.9287498933537385e-22,1.9287498933537385e-22,1.9287498933537385e-22,1.9287498933537385e-22
2367,1,1.0,1,1.0,0.0,0.0,0.0,0.0
2368,1,1.0,1,1.0,0.0,0.0,0.0,0.0
2369,5,1.0,1,1.0,0.0,0.0,0.0,0.0
2370,1,1.0,1,1.0,0.0,0.0,0.0,0.0
2371,2,1.0,1,1.0,0.0,0.0,0.0,0.0
2372,1,1.0,1,1.0,0.0,0.0,0.0,0.0
2373,2,1.0,1,1.0,0.0,0.0,0.0,0.0
2374,1,1.0,1,1.0,1.9287498933537385e-22,1.9287498933537385e-22,1.9287498933537385e-22,1.9287498933537385e-22
2375,1,1.0,1,1.0,0.0,0.0,0.0,0.0
2376,1,1.0,1,1.0,0.0,0.0,0.0,0.0
2377,1,1.0,1,1.0,1.9287498933537385e-22,1.9287498933537385e-22,1.9287498933537385e-22,1.9287498933537385e-22
2378,1,1.0,1,1.0,0.0,0.0,0.0,0.0
2379,4,1.0,1,1.0,1.9287498933537385e-22,1.9287498933537385e-22,1.9287498933537385e-22,1.9287498933537385e-22
2380,3,1.0,1,1.0,0.0,0.0,0.0,0.0
2382,4,1.0,1,1.0,1.9287498933537385e-22,1.9287498933537385e-22,1.9287498933537385e-22,1.9287498933537385e-22
2383,5,1.0,1,1.0,0.0,0.0,0.0,0.0
2384,3,1.0,1,1.0,0.0,0.0,0.0,0.0
2385,2,1.0,1,1.0,0.0,0.0,0.0,0.0
2386,1,1.0,1,1.0,0.0,0.0,0.0,0.0
2387,3,1.0,1,1.0,0.0,0.0,0.0,0.0
2388,1,1.0,1,1.0,0.0,0.0,0.0,0.0
2389,2,1.0,1,1.0,0.0,0.0,0.0,0.0
2391,1,1.0,1,1.0,0.0,0.0,0.0,0.0
2392,1,1.0,1,1.0,0.0,0.0,0.0,0.0
2393,1,1.0,1,1.0,0.0,0.0,0.0,0.0
2394,1,1.0,1,1.0,0.0,0.0,0.0,0.0
2395,1,1.0,1,1.0,0.0,0.0,0.0,0.0
2396,2,1.0,1,1.0,0.0,0.0,0.0,0.0
2398,1,1.0,1,1.0,0.0,0.0,0.0,0.0
2399,3,1.0,1,1.0,1.9287498933537385e-22,1.9287498933537385e-22,1.9287498933537385e-22,1.9287498933537385e-22
2401,3,1.0,1,1.0,0.0,0.0,0.0,0.0
2402,1,1.0,1,1.0,1.9287498933537385e-22,1.9287498933537385e-22,1.9287498933537385e-22,1.9287498933537385e-22
2403,1,1.0,1,1.0,0.0,0.0,0.0,0.0
2404,2,1.0,1,1.0,0.0,0.0,0.0,0.0
2405,3,1.0,1,1.0,0.0,0.0,0.0,0.0
2407,4,1.0,1,1.0,0.0,0.0,0.0,0.0
2411,1,1.0,1,1.0,0.0,0.0,0.0,0.0
2412,3,1.0,1,1.0,0.0,0.0,0.0,0.0
2413,4,1.0,1,1.0,0.0,0.0,0.0,0.0
2414,1,1.0,1,1.0,0.0,0.0,0.0,0.0
2415,1,1.0,1,1.0,0.0,0.0,0.0,0.0
2416,3,1.0,1,1.0,0.0,0.0,0.0,0.0
2417,1,1.0,1,1.0,0.0,0.0,0.0,0.0
2418,1,1.0,1,1.0,1.9287498933537385e-22,1.9287498933537385e-22,1.9287498933537385e-22,1.9287498933537385e-22
2422,2,1.0,1,1.0,0.0,0.0,0.0,0.0
2425,3,1.0,1,1.0,0.0,0.0,0.0,0.0
2426,1,1.0,1,1.0,0.0,0.0,0.0,0.0
2427,3,1.0,1,1.0,0.0,0.0,0.0,0.0
2429,1,1.0,1,1.0,0.0,0.0,0.0,0.0
2431,1,1.0,1,1.0,0.0,0.0,0.0,0.0
2433,1,1.0,1,1.0,0.0,0.0,0.0,0.0
2434,5,1.0,1,1.0,0.0,0.0,0.0,0.0
2435,4,1.0,1,1.0,1.9287498933537385e-22,1.9287498933537385e-22,1.9287498933537385e-22,1.9287498933537385e-22
2436,3,1.0,1,1.0,0.0,0.0,0.0,0.0
2439,1,1.0,1,1.0,0.0,0.0,0.0,0.0
2440,2,1.0,1,1.0,0.0,0.0,0.0,0.0
2441,1,1.0,1,1.0,1.9287498933537385e-22,1.9287498933537385e-22,1.9287498933537385e-22,1.9287498933537385e-22
2442,1,1.0,1,1.0,0.0,0.0,0.0,0.0
2443,3,1.0,1,1.0,1.9287498933537385e-22,1.9287498933537385e-22,1.9287498933537385e-22,1.9287498933537385e-22
2444,1,1.0,1,1.0,0.0,0.0,0.0,0.0
2445,1,2.0,2,0.0,1.0,0.0,0.0,0.0
2447,1,1.0,1,1.0,1.9287498933537385e-22,1.9287498933537385e-22,1.9287498933537385e-22,1.9287498933537385e-22
2448,3,1.0,1,1.0,0.0,0.0,0.0,0.0
2451,1,1.0,1,1.0,0.0,0.0,0.0,0.0
2453,2,1.0,1,1.0,0.0,0.0,0.0,0.0
2454,3,1.0,1,1.0,0.0,0.0,0.0,0.0
2455,1,1.0,1,1.0,0.0,0.0,0.0,0.0
2456,4,1.0,1,1.0,0.0,0.0,0.0,0.0
2457,1,1.0,1,1.0,0.0,0.0,0.0,0.0
2458,1,1.0,1,1.0,0.0,0.0,0.0,0.0
2459,1,1.0,1,1.0,1.9287498933537385e-22,1.9287498933537385e-22,1.9287498933537385e-22,1.9287498933537385e-22
2461,2,1.0,1,1.0,0.0,0.0,0.0,0.0
2462,1,1.0,1,1.0,0.0,0.0,0.0,0.0
2463,1,1.0,1,1.0,0.0,0.0,0.0,0.0
2464,3,1.0,1,1.0,0.0,0.0,0.0,0.0
2466,3,1.0,1,1.0,0.0,0.0,0.0,0.0
2467,4,1.0,1,1.0,0.0,0.0,0.0,0.0
2468,5,5.0,5,0.0,0.0,0.0,0.0,1.0
2472,1,1.0,1,1.0,1.9287498933537385e-22,1.9287498933537385e-22,1.9287498933537385e-22,1.9287498933537385e-22
2473,1,1.0,1,1.0,0.0,0.0,0.0,0.0
2474,1,1.0,1,1.0,0.0,0.0,0.0,0.0
2478,4,1.0,1,1.0,0.0,0.0,0.0,0.0
2479,1,1.0,1,1.0,0.0,0.0,0.0,0.0
2480,5,3.0,3,0.0,0.0,1.0,0.0,0.0
2481,1,1.0,1,1.0,1.9287498933537385e-22,1.9287498933537385e-22,1.9287498933537385e-22,1.9287498933537385e-22
2482,3,1.0,1,1.0,0.0,0.0,0.0,0.0
2485,3,1.0,1,1.0,0.0,0.0,0.0,0.0
2487,4,1.0,1,1.0,0.0,0.0,0.0,0.0
2488,2,1.0,1,1.0,1.9287498933537385e-22,1.9287498933537385e-22,1.9287498933537385e-22,1.9287498933537385e-22
2489,1,1.0,1,1.0,1.9287498933537385e-22,1.9287498933537385e-22,1.9287498933537385e-22,1.9287498933537385e-22
2490,1,1.0,1,1.0,0.0,0.0,0.0,0.0
2493,1,1.0,1,1.0,0.0,0.0,0.0,0.0
2494,2,1.0,1,1.0,0.0,0.0,0.0,0.0
2496,1,1.0,1,1.0,1.9287498933537385e-22,1.9287498933537385e-22,1.9287498933537385e-22,1.9287498933537385e-22
2498,4,1.0,1,1.0,0.0,0.0,0.0,0.0
2499,1,1.0,1,1.0,0.0,0.0,0.0,0.0
2502,1,1.0,1,1.0,1.9287498933537385e-22,1.9287498933537385e-22,1.9287498933537385e-22,1.9287498933537385e-22
2503,2,2.0,2,1.9287498933537385e-22,1.0,1.9287498933537385e-22,1.9287498933537385e-22,1.9287498933537385e-22
2504,1,1.0,1,1.0,1.9287498933537385e-22,1.9287498933537385e-22,1.9287498933537385e-22,1.9287498933537385e-22
2506,2,2.0,2,1.9287498933537385e-22,1.0,1.9287498933537385e-22,1.9287498933537385e-22,1.9287498933537385e-22
2508,1,1.0,1,1.0,0.0,0.0,0.0,0.0
2509,1,1.0,1,1.0,0.0,0.0,0.0,0.0
2510,3,1.0,1,1.0,0.0,0.0,0.0,0.0
2511,2,2.0,2,1.9287498933537385e-22,1.0,1.9287498933537385e-22,1.9287498933537385e-22,1.9287498933537385e-22
2512,1,1.0,1,1.0,0.0,0.0,0.0,0.0
2513,1,1.0,1,1.0,0.0,0.0,0.0,0.0
2515,4,1.0,1,1.0,1.9287498933537385e-22,1.9287498933537385e-22,1.9287498933537385e-22,1.9287498933537385e-22
2516,4,1.0,1,1.0,0.0,0.0,0.0,0.0
2517,3,1.0,1,1.0,0.0,0.0,0.0,0.0
2519,2,1.0,1,1.0,1.9287498933537385e-22,1.9287498933537385e-22,1.9287498933537385e-22,1.9287498933537385e-22
2520,1,1.0,1,1.0,0.0,0.0,0.0,0.0
2521,4,1.0,1,1.0,0.0,0.0,0.0,0.0
2522,2,1.0,1,1.0,1.9287498933537385e-22,1.9287498933537385e-22,1.9287498933537385e-22,1.9287498933537385e-22
2523,1,1.0,1,1.0,0.0,0.0,0.0,0.0
2525,1,1.0,1,1.0,0.0,0.0,0.0,0.0
2526,1,1.0,1,1.0,0.0,0.0,0.0,0.0
2527,2,1.0,1,1.0,0.0,0.0,0.0,0.0
2528,2,1.0,1,1.0,0.0,0.0,0.0,0.0
2530,1,1.0,1,1.0,0.0,0.0,0.0,0.0
2531,2,1.0,1,1.0,1.9287498933537385e-22,1.9287498933537385e-22,1.9287498933537385e-22,1.9287498933537385e-22
2532,1,1.0,1,1.0,0.0,0.0,0.0,0.0
2533,3,1.0,1,1.0,0.0,0.0,0.0,0.0
2536,1,1.0,1,1.0,1.9287498933537385e-22,1.9287498933537385e-22,1.9287498933537385e-22,1.9287498933537385e-22
2539,1,1.0,1,1.0,0.0,0.0,0.0,0.0
2540,1,1.0,1,1.0,0.0,0.0,0.0,0.0
2541,3,1.0,1,1.0,0.0,0.0,0.0,0.0
2543,1,1.0,1,1.0,0.0,0.0,0.0,0.0
2545,2,1.0,1,1.0,0.0,0.0,0.0,0.0
2546,2,1.0,1,1.0,0.0,0.0,0.0,0.0
2547,1,1.0,1,1.0,0.0,0.0,0.0,0.0
2548,2,1.0,1,1.0,0.0,0.0,0.0,0.0
2550,4,1.0,1,1.0,1.9287498933537385e-22,1.9287498933537385e-22,1.9287498933537385e-22,1.9287498933537385e-22
2552,1,1.0,1,1.0,0.0,0.0,0.0,0.0
2553,3,1.0,1,1.0,1.9287498933537385e-22,1.9287498933537385e-22,1.9287498933537385e-22,1.9287498933537385e-22
2554,2,1.0,1,1.0,0.0,0.0,0.0,0.0
2555,1,1.0,1,1.0,0.0,0.0,0.0,0.0
2556,1,1.0,1,1.0,0.0,0.0,0.0,0.0
2557,2,1.0,1,1.0,0.0,0.0,0.0,0.0
2558,3,1.0,1,1.0,1.9287498933537385e-22,1.9287498933537385e-22,1.9287498933537385e-22,1.9287498933537385e-22
2559,1,1.0,1,1.0,0.0,0.0,0.0,0.0
2560,1,1.0,1,1.0,1.9287498933537385e-22,1.9287498933537385e-22,1.9287498933537385e-22,1.9287498933537385e-22
2561,1,1.0,1,1.0,1.9287498933537385e-22,1.9287498933537385e-22,1.9287498933537385e-22,1.9287498933537385e-22
2563,1,1.0,1,1.0,0.0,0.0,0.0,0.0
2564,4,1.0,1,1.0,1.9287498933537385e-22,1.9287498933537385e-22,1.9287498933537385e-22,1.9287498933537385e-22
2565,1,1.0,1,1.0,0.0,0.0,0.0,0.0
2566,2,1.0,1,1.0,0.0,0.0,0.0,0.0
2567,1,1.0,1,1.0,1.9287498933537385e-22,1.9287498933537385e-22,1.9287498933537385e-22,1.9287498933537385e-22
2568,2,1.0,1,1.0,0.0,0.0,0.0,0.0
2569,2,2.0,2,0.0,1.0,0.0,0.0,0.0
2571,1,1.0,1,1.0,1.9287498933537385e-22,1.9287498933537385e-22,1.9287498933537385e-22,1.9287498933537385e-22
2574,1,1.0,1,1.0,0.0,0.0,0.0,0.0
2575,3,1.0,1,1.0,0.0,0.0,0.0,0.0
2576,2,1.0,1,1.0,0.0,0.0,0.0,0.0
2578,3,1.0,1,1.0,0.0,0.0,0.0,0.0
2579,1,1.0,1,1.0,0.0,0.0,0.0,0.0
2580,1,1.0,1,1.0,1.9287498933537385e-22,1.9287498933537385e-22,1.9287498933537385e-22,1.9287498933537385e-22
2581,1,1.0,1,1.0,1.9287498933537385e-22,1.9287498933537385e-22,1.9287498933537385e-22,1.9287498933537385e-22
2582,1,1.0,1,1.0,1.9287498933537385e-22,1.9287498933537385e-22,1.9287498933537385e-22,1.9287498933537385e-22
2584,3,1.0,1,1.0,0.0,0.0,0.0,0.0
2585,2,1.0,1,1.0,0.0,0.0,0.0,0.0
2586,1,1.0,1,1.0,0.0,0.0,0.0,0.0
2587,1,1.0,1,1.0,0.0,0.0,0.0,0.0
2588,4,1.0,1,1.0,0.0,0.0,0.0,0.0
2590,3,1.0,1,1.0,1.9287498933537385e-22,1.9287498933537385e-22,1.9287498933537385e-22,1.9287498933537385e-22
2592,2,2.0,2,1.9287498933537385e-22,1.0,1.9287498933537385e-22,1.9287498933537385e-22,1.9287498933537385e-22
2594,1,1.0,1,1.0,1.9287498933537385e-22,1.9287498933537385e-22,1.9287498933537385e-22,1.9287498933537385e-22
2595,3,1.0,1,1.0,1.9287498933537385e-22,1.9287498933537385e-22,1.9287498933537385e-22,1.9287498933537385e-22
2596,1,1.0,1,1.0,1.9287498933537385e-22,1.9287498933537385e-22,1.9287498933537385e-22,1.9287498933537385e-22
2598,3,1.0,1,1.0,0.0,0.0,0.0,0.0
2599,2,1.0,1,1.0,0.0,0.0,0.0,0.0
2601,3,1.0,1,1.0,0.0,0.0,0.0,0.0
2602,5,2.0,2,0.0,1.0,0.0,0.0,0.0
2604,2,3.0,3,1.9287498933537385e-22,1.9287498933537385e-22,1.0,1.9287498933537385e-22,1.9287498933537385e-22
2605,4,1.0,1,1.0,1.9287498933537385e-22,1.9287498933537385e-22,1.9287498933537385e-22,1.9287498933537385e-22
2606,2,1.0,1,1.0,1.9287498933537385e-22,1.9287498933537385e-22,1.9287498933537385e-22,1.9287498933537385e-22
2607,1,1.0,1,1.0,0.0,0.0,0.0,0.0
2608,3,1.0,1,1.0,0.0,0.0,0.0,0.0
2609,1,1.0,1,1.0,0.0,0.0,0.0,0.0
2610,2,1.0,1,1.0,1.9287498933537385e-22,1.9287498933537385e-22,1.9287498933537385e-22,1.9287498933537385e-22
2611,3,2.0,2,1.9287498933537385e-22,1.0,1.9287498933537385e-22,1.9287498933537385e-22,1.9287498933537385e-22
2612,1,1.0,1,1.0,0.0,0.0,0.0,0.0
2613,1,1.0,1,1.0,0.0,0.0,0.0,0.0
2614,1,1.0,1,1.0,0.0,0.0,0.0,0.0
2615,2,1.0,1,1.0,0.0,0.0,0.0,0.0
2616,1,1.0,1,1.0,1.9287498933537385e-22,1.9287498933537385e-22,1.9287498933537385e-22,1.9287498933537385e-22
2617,1,1.0,1,1.0,0.0,0.0,0.0,0.0
2618,2,1.0,1,1.0,1.9287498933537385e-22,1.9287498933537385e-22,1.9287498933537385e-22,1.9287498933537385e-22
2619,2,1.0,1,1.0,0.0,0.0,0.0,0.0
2621,3,1.0,1,1.0,0.0,0.0,0.0,0.0
2623,1,1.0,1,1.0,0.0,0.0,0.0,0.0
2624,1,1.0,1,1.0,1.9287498933537385e-22,1.9287498933537385e-22,1.9287498933537385e-22,1.9287498933537385e-22
2626,3,1.0,1,1.0,0.0,0.0,0.0,0.0
2627,1,1.0,1,1.0,1.9287498933537385e-22,1.9287498933537385e-22,1.9287498933537385e-22,1.9287498933537385e-22
2628,5,3.0,3,1.9287498933537385e-22,1.9287498933537385e-22,1.0,1.9287498933537385e-22,1.9287498933537385e-22
2629,1,1.0,1,1.0,0.0,0.0,0.0,0.0
2630,1,1.0,1,1.0,0.0,0.0,0.0,0.0
2631,1,1.0,1,1.0,1.9287498933537385e-22,1.9287498933537385e-22,1.9287498933537385e-22,1.9287498933537385e-22
2632,4,1.0,1,1.0,0.0,0.0,0.0,0.0
2633,2,1.0,1,1.0,0.0,0.0,0.0,0.0
2634,1,1.0,1,1.0,0.0,0.0,0.0,0.0
2636,3,1.0,1,1.0,0.0,0.0,0.0,0.0
2637,1,1.0,1,1.0,1.9287498933537385e-22,1.9287498933537385e-22,1.9287498933537385e-22,1.9287498933537385e-22
2638,4,1.0,1,1.0,0.0,0.0,0.0,0.0
2640,3,1.0,1,1.0,0.0,0.0,0.0,0.0
2642,3,1.0,1,1.0,0.0,0.0,0.0,0.0
2644,3,2.0,2,1.9287498933537385e-22,1.0,1.9287498933537385e-22,1.9287498933537385e-22,1.9287498933537385e-22
2645,1,1.0,1,1.0,0.0,0.0,0.0,0.0
2646,1,1.0,1,1.0,0.0,0.0,0.0,0.0
2647,2,1.0,1,1.0,0.0,0.0,0.0,0.0
2648,2,1.0,1,1.0,0.0,0.0,0.0,0.0
2649,1,1.0,1,1.0,0.0,0.0,0.0,0.0
2651,1,1.0,1,1.0,0.0,0.0,0.0,0.0
2652,4,1.0,1,1.0,1.9287498933537385e-22,1.9287498933537385e-22,1.9287498933537385e-22,1.9287498933537385e-22
2655,1,1.0,1,1.0,1.9287498933537385e-22,1.9287498933537385e-22,1.9287498933537385e-22,1.9287498933537385e-22
2659,3,1.0,1,1.0,0.0,0.0,0.0,0.0
2660,2,1.0,1,1.0,1.9287498933537385e-22,1.9287498933537385e-22,1.9287498933537385e-22,1.9287498933537385e-22
2661,2,1.0,1,1.0,1.9287498933537385e-22,1.9287498933537385e-22,1.9287498933537385e-22,1.9287498933537385e-22
2662,1,1.0,1,1.0,1.9287498933537385e-22,1.9287498933537385e-22,1.9287498933537385e-22,1.9287498933537385e-22
2663,3,1.0,1,1.0,0.0,0.0,0.0,0.0
2665,2,1.0,1,1.0,0.0,0.0,0.0,0.0
2667,2,1.0,1,1.0,0.0,0.0,0.0,0.0
2668,1,1.0,1,1.0,1.9287498933537385e-22,1.9287498933537385e-22,1.9287498933537385e-22,1.9287498933537385e-22
2669,1,1.0,1,1.0,1.9287498933537385e-22,1.9287498933537385e-22,1.9287498933537385e-22,1.9287498933537385e-22
2670,1,5.0,5,0.0,0.0,0.0,0.0,1.0
2671,3,1.0,1,1.0,0.0,0.0,0.0,0.0
2672,1,1.0,1,1.0,0.0,0.0,0.0,0.0
2673,2,1.0,1,1.0,0.0,0.0,0.0,0.0
2674,3,1.0,1,1.0,0.0,0.0,0.0,0.0
2675,4,1.0,1,1.0,0.0,0.0,0.0,0.0
2677,2,1.0,1,1.0,0.0,0.0,0.0,0.0
2678,1,1.0,1,1.0,0.0,0.0,0.0,0.0
2679,1,1.0,1,1.0,0.0,0.0,0.0,0.0
2680,3,1.0,1,1.0,0.0,0.0,0.0,0.0
2681,2,1.0,1,1.0,0.0,0.0,0.0,0.0
2682,1,1.0,1,1.0,1.9287498933537385e-22,1.9287498933537385e-22,1.9287498933537385e-22,1.9287498933537385e-22
2683,1,1.0,1,1.0,0.0,0.0,0.0,0.0
2684,2,1.0,1,1.0,0.0,0.0,0.0,0.0
2686,1,2.0,2,0.0,1.0,0.0,0.0,0.0
2687,4,1.0,1,1.0,1.9287498933537385e-22,1.9287498933537385e-22,1.9287498933537385e-22,1.9287498933537385e-22
2688,1,2.0,2,0.0,1.0,0.0,0.0,0.0
2694,1,1.0,1,1.0,0.0,0.0,0.0,0.0
2695,1,1.0,1,1.0,1.9287498933537385e-22,1.9287498933537385e-22,1.9287498933537385e-22,1.9287498933537385e-22
2696,1,5.0,5,1.9287498933537385e-22,1.9287498933537385e-22,1.9287498933537385e-22,1.9287498933537385e-22,1.0
2697,2,1.0,1,1.0,0.0,0.0,0.0,0.0
2698,1,1.0,1,1.0,0.0,0.0,0.0,0.0
2699,2,1.0,1,1.0,0.0,0.0,0.0,0.0
2700,3,1.0,1,1.0,0.0,0.0,0.0,0.0
2701,1,1.0,1,1.0,0.0,0.0,0.0,0.0
2703,2,1.0,1,1.0,0.0,0.0,0.0,0.0
2704,2,1.0,1,1.0,0.0,0.0,0.0,0.0
2705,1,1.0,1,1.0,0.0,0.0,0.0,0.0
2706,1,1.0,1,1.0,0.0,0.0,0.0,0.0
2708,1,1.0,1,1.0,0.0,0.0,0.0,0.0
2710,3,1.0,1,1.0,1.9287498933537385e-22,1.9287498933537385e-22,1.9287498933537385e-22,1.9287498933537385e-22
2711,2,1.0,1,1.0,0.0,0.0,0.0,0.0
2713,1,1.0,1,1.0,1.9287498933537385e-22,1.9287498933537385e-22,1.9287498933537385e-22,1.9287498933537385e-22
2715,3,1.0,1,1.0,0.0,0.0,0.0,0.0
2716,2,1.0,1,1.0,0.0,0.0,0.0,0.0
2717,1,1.0,1,1.0,1.9287498933537385e-22,1.9287498933537385e-22,1.9287498933537385e-22,1.9287498933537385e-22
2718,1,1.0,1,1.0,0.0,0.0,0.0,0.0
2719,4,1.0,1,1.0,1.9287498933537385e-22,1.9287498933537385e-22,1.9287498933537385e-22,1.9287498933537385e-22
2720,3,1.0,1,1.0,1.9287498933537385e-22,1.9287498933537385e-22,1.9287498933537385e-22,1.9287498933537385e-22
2721,1,1.0,1,1.0,1.9287498933537385e-22,1.9287498933537385e-22,1.9287498933537385e-22,1.9287498933537385e-22
2722,1,1.0,1,1.0,1.9287498933537385e-22,1.9287498933537385e-22,1.9287498933537385e-22,1.9287498933537385e-22
2723,1,1.0,1,1.0,1.9287498933537385e-22,1.9287498933537385e-22,1.9287498933537385e-22,1.9287498933537385e-22
2724,1,1.0,1,1.0,1.9287498933537385e-22,1.9287498933537385e-22,1.9287498933537385e-22,1.9287498933537385e-22
2725,1,1.0,1,1.0,1.9287498933537385e-22,1.9287498933537385e-22,1.9287498933537385e-22,1.9287498933537385e-22
2726,2,1.0,1,1.0,1.9287498933537385e-22,1.9287498933537385e-22,1.9287498933537385e-22,1.9287498933537385e-22
2727,2,1.0,1,1.0,1.9287498933537385e-22,1.9287498933537385e-22,1.9287498933537385e-22,1.9287498933537385e-22
2728,3,1.0,1,1.0,1.9287498933537385e-22,1.9287498933537385e-22,1.9287498933537385e-22,1.9287498933537385e-22
2729,1,1.0,1,1.0,1.9287498933537385e-22,1.9287498933537385e-22,1.9287498933537385e-22,1.9287498933537385e-22
2731,4,1.0,1,1.0,1.9287498933537385e-22,1.9287498933537385e-22,1.9287498933537385e-22,1.9287498933537385e-22
2732,1,1.0,1,1.0,1.9287498933537385e-22,1.9287498933537385e-22,1.9287498933537385e-22,1.9287498933537385e-22
2733,2,1.0,1,1.0,1.9287498933537385e-22,1.9287498933537385e-22,1.9287498933537385e-22,1.9287498933537385e-22
2735,1,1.0,1,1.0,0.0,0.0,0.0,0.0
2737,2,1.0,1,1.0,1.9287498933537385e-22,1.9287498933537385e-22,1.9287498933537385e-22,1.9287498933537385e-22
2738,2,1.0,1,1.0,0.0,0.0,0.0,0.0
2739,3,1.0,1,1.0,0.0,0.0,0.0,0.0
2740,2,1.0,1,1.0,0.0,0.0,0.0,0.0
2741,1,1.0,1,1.0,0.0,0.0,0.0,0.0
2742,4,1.0,1,1.0,0.0,0.0,0.0,0.0
2743,2,1.0,1,1.0,0.0,0.0,0.0,0.0
2744,1,1.0,1,1.0,0.0,0.0,0.0,0.0
2745,3,2.0,2,0.0,1.0,0.0,0.0,0.0
2747,2,1.0,1,1.0,0.0,0.0,0.0,0.0
2748,3,1.0,1,1.0,1.9287498933537385e-22,1.9287498933537385e-22,1.9287498933537385e-22,1.9287498933537385e-22
2749,4,1.0,1,1.0,1.9287498933537385e-22,1.9287498933537385e-22,1.9287498933537385e-22,1.9287498933537385e-22
2750,4,1.0,1,1.0,1.9287498933537385e-22,1.9287498933537385e-22,1.9287498933537385e-22,1.9287498933537385e-22
2751,2,1.0,1,1.0,0.0,0.0,0.0,0.0
2752,3,1.0,1,1.0,0.0,0.0,0.0,0.0
2753,1,1.0,1,1.0,0.0,0.0,0.0,0.0
2754,4,2.0,2,1.9287498933537385e-22,1.0,1.9287498933537385e-22,1.9287498933537385e-22,1.9287498933537385e-22
2755,2,1.0,1,1.0,1.9287498933537385e-22,1.9287498933537385e-22,1.9287498933537385e-22,1.9287498933537385e-22
2756,3,1.0,1,1.0,0.0,0.0,0.0,0.0
2757,2,3.0,3,0.0,0.0,1.0,0.0,0.0
2758,4,1.0,1,1.0,0.0,0.0,0.0,0.0
2759,1,1.0,1,1.0,0.0,0.0,0.0,0.0
2760,1,1.0,1,1.0,0.0,0.0,0.0,0.0
2761,2,1.0,1,1.0,0.0,0.0,0.0,0.0
2762,1,1.0,1,1.0,0.0,0.0,0.0,0.0
2763,1,1.0,1,1.0,1.9287498933537385e-22,1.9287498933537385e-22,1.9287498933537385e-22,1.9287498933537385e-22
2764,2,1.0,1,1.0,1.9287498933537385e-22,1.9287498933537385e-22,1.9287498933537385e-22,1.9287498933537385e-22
2765,2,1.0,1,1.0,0.0,0.0,0.0,0.0
2766,1,1.0,1,1.0,0.0,0.0,0.0,0.0
2768,1,1.0,1,1.0,0.0,0.0,0.0,0.0
2770,4,1.0,1,1.0,1.9287498933537385e-22,1.9287498933537385e-22,1.9287498933537385e-22,1.9287498933537385e-22
2771,2,1.0,1,1.0,0.0,0.0,0.0,0.0
2772,5,1.0,1,1.0,0.0,0.0,0.0,0.0
2773,2,1.0,1,1.0,1.9287498933537385e-22,1.9287498933537385e-22,1.9287498933537385e-22,1.9287498933537385e-22
2774,1,1.0,1,1.0,0.0,0.0,0.0,0.0
2775,1,1.0,1,1.0,0.0,0.0,0.0,0.0
2776,1,1.0,1,1.0,1.9287498933537385e-22,1.9287498933537385e-22,1.9287498933537385e-22,1.9287498933537385e-22
2777,1,1.0,1,1.0,0.0,0.0,0.0,0.0
2778,2,1.0,1,1.0,0.0,0.0,0.0,0.0
2779,3,1.0,1,1.0,0.0,0.0,0.0,0.0
2780,1,1.0,1,1.0,1.9287498933537385e-22,1.9287498933537385e-22,1.9287498933537385e-22,1.9287498933537385e-22
2781,1,1.0,1,1.0,0.0,0.0,0.0,0.0
2783,1,1.0,1,1.0,0.0,0.0,0.0,0.0
2784,2,2.0,2,0.0,1.0,0.0,0.0,0.0
2785,1,1.0,1,1.0,0.0,0.0,0.0,0.0
2787,1,1.0,1,1.0,0.0,0.0,0.0,0.0
2788,2,1.0,1,1.0,1.9287498933537385e-22,1.9287498933537385e-22,1.9287498933537385e-22,1.9287498933537385e-22
2790,4,1.0,1,1.0,1.9287498933537385e-22,1.9287498933537385e-22,1.9287498933537385e-22,1.9287498933537385e-22
2792,2,1.0,1,1.0,0.0,0.0,0.0,0.0
2794,2,1.0,1,1.0,0.0,0.0,0.0,0.0
2795,5,1.0,1,1.0,0.0,0.0,0.0,0.0
2797,2,1.0,1,1.0,1.9287498933537385e-22,1.9287498933537385e-22,1.9287498933537385e-22,1.9287498933537385e-22
2798,1,1.0,1,1.0,1.9287498933537385e-22,1.9287498933537385e-22,1.9287498933537385e-22,1.9287498933537385e-22
2799,1,1.0,1,1.0,0.0,0.0,0.0,0.0
2800,3,1.0,1,1.0,0.0,0.0,0.0,0.0
2801,2,1.0,1,1.0,1.9287498933537385e-22,1.9287498933537385e-22,1.9287498933537385e-22,1.9287498933537385e-22
2802,1,1.0,1,1.0,0.0,0.0,0.0,0.0
2803,1,1.0,1,1.0,0.0,0.0,0.0,0.0
2804,1,1.0,1,1.0,0.0,0.0,0.0,0.0
2806,2,1.0,1,1.0,1.9287498933537385e-22,1.9287498933537385e-22,1.9287498933537385e-22,1.9287498933537385e-22
2807,2,1.0,1,1.0,0.0,0.0,0.0,0.0
2809,1,1.0,1,1.0,1.9287498933537385e-22,1.9287498933537385e-22,1.9287498933537385e-22,1.9287498933537385e-22
2811,1,1.0,1,1.0,0.0,0.0,0.0,0.0
2812,1,1.0,1,1.0,0.0,0.0,0.0,0.0
2813,2,1.0,1,1.0,0.0,0.0,0.0,0.0
2815,3,1.0,1,1.0,0.0,0.0,0.0,0.0
2816,2,1.0,1,1.0,0.0,0.0,0.0,0.0
2817,3,1.0,1,1.0,1.9287498933537385e-22,1.9287498933537385e-22,1.9287498933537385e-22,1.9287498933537385e-22
2818,2,1.0,1,1.0,1.9287498933537385e-22,1.9287498933537385e-22,1.9287498933537385e-22,1.9287498933537385e-22
2820,1,1.0,1,1.0,0.0,0.0,0.0,0.0
2821,4,1.0,1,1.0,0.0,0.0,0.0,0.0
2823,1,1.0,1,1.0,1.9287498933537385e-22,1.9287498933537385e-22,1.9287498933537385e-22,1.9287498933537385e-22
2824,2,1.0,1,1.0,0.0,0.0,0.0,0.0
2825,1,1.0,1,1.0,1.9287498933537385e-22,1.9287498933537385e-22,1.9287498933537385e-22,1.9287498933537385e-22
2827,3,1.0,1,1.0,0.0,0.0,0.0,0.0
2830,3,1.0,1,1.0,0.0,0.0,0.0,0.0
2831,1,1.0,1,1.0,1.9287498933537385e-22,1.9287498933537385e-22,1.9287498933537385e-22,1.9287498933537385e-22
2832,2,1.0,1,1.0,1.9287498933537385e-22,1.9287498933537385e-22,1.9287498933537385e-22,1.9287498933537385e-22
2833,1,1.0,1,1.0,0.0,0.0,0.0,0.0
2835,4,1.0,1,1.0,0.0,0.0,0.0,0.0
2837,1,1.0,1,1.0,1.9287498933537385e-22,1.9287498933537385e-22,1.9287498933537385e-22,1.9287498933537385e-22
2838,2,1.0,1,1.0,0.0,0.0,0.0,0.0
2839,1,1.0,1,1.0,0.0,0.0,0.0,0.0
2840,1,1.0,1,1.0,1.9287498933537385e-22,1.9287498933537385e-22,1.9287498933537385e-22,1.9287498933537385e-22
2841,1,1.0,1,1.0,0.0,0.0,0.0,0.0
2842,1,1.0,1,1.0,0.0,0.0,0.0,0.0
2845,1,1.0,1,1.0,0.0,0.0,0.0,0.0
2846,4,1.0,1,1.0,0.0,0.0,0.0,0.0
2849,1,1.0,1,1.0,0.0,0.0,0.0,0.0
2850,2,1.0,1,1.0,0.0,0.0,0.0,0.0
2851,2,1.0,1,1.0,0.0,0.0,0.0,0.0
2852,3,1.0,1,1.0,0.0,0.0,0.0,0.0
2853,2,1.0,1,1.0,1.9287498933537385e-22,1.9287498933537385e-22,1.9287498933537385e-22,1.9287498933537385e-22
2856,1,1.0,1,1.0,0.0,0.0,0.0,0.0
2857,2,2.0,2,0.0,1.0,0.0,0.0,0.0
2858,1,1.0,1,1.0,1.9287498933537385e-22,1.9287498933537385e-22,1.9287498933537385e-22,1.9287498933537385e-22
2859,2,1.0,1,1.0,0.0,0.0,0.0,0.0
2860,1,1.0,1,1.0,0.0,0.0,0.0,0.0
2861,3,1.0,1,1.0,1.9287498933537385e-22,1.9287498933537385e-22,1.9287498933537385e-22,1.9287498933537385e-22
2862,2,1.0,1,1.0,0.0,0.0,0.0,0.0
2864,2,1.0,1,1.0,0.0,0.0,0.0,0.0
2865,1,1.0,1,1.0,1.9287498933537385e-22,1.9287498933537385e-22,1.9287498933537385e-22,1.9287498933537385e-22
2867,1,1.0,1,1.0,1.9287498933537385e-22,1.9287498933537385e-22,1.9287498933537385e-22,1.9287498933537385e-22
2869,1,1.0,1,1.0,0.0,0.0,0.0,0.0
2870,1,1.0,1,1.0,0.0,0.0,0.0,0.0
2872,1,1.0,1,1.0,0.0,0.0,0.0,0.0
2873,3,1.0,1,1.0,1.9287498933537385e-22,1.9287498933537385e-22,1.9287498933537385e-22,1.9287498933537385e-22
2874,1,1.0,1,1.0,0.0,0.0,0.0,0.0
2875,1,2.0,2,1.9287498933537385e-22,1.0,1.9287498933537385e-22,1.9287498933537385e-22,1.9287498933537385e-22
2879,2,1.0,1,1.0,0.0,0.0,0.0,0.0
2881,1,1.0,1,1.0,0.0,0.0,0.0,0.0
2882,3,1.0,1,1.0,1.9287498933537385e-22,1.9287498933537385e-22,1.9287498933537385e-22,1.9287498933537385e-22
2883,1,2.0,2,1.9287498933537385e-22,1.0,1.9287498933537385e-22,1.9287498933537385e-22,1.9287498933537385e-22
2885,2,1.0,1,1.0,1.9287498933537385e-22,1.9287498933537385e-22,1.9287498933537385e-22,1.9287498933537385e-22
2886,3,1.0,1,1.0,0.0,0.0,0.0,0.0
2887,3,1.0,1,1.0,0.0,0.0,0.0,0.0
2888,2,1.0,1,1.0,0.0,0.0,0.0,0.0
2890,1,1.0,1,1.0,1.9287498933537385e-22,1.9287498933537385e-22,1.9287498933537385e-22,1.9287498933537385e-22
2891,4,1.0,1,1.0,0.0,0.0,0.0,0.0
2892,1,1.0,1,1.0,0.0,0.0,0.0,0.0
2894,2,1.0,1,1.0,0.0,0.0,0.0,0.0
2895,1,1.0,1,1.0,0.0,0.0,0.0,0.0
2897,4,1.0,1,1.0,0.0,0.0,0.0,0.0
2899,3,1.0,1,1.0,0.0,0.0,0.0,0.0
2901,4,1.0,1,1.0,1.9287498933537385e-22,1.9287498933537385e-22,1.9287498933537385e-22,1.9287498933537385e-22
2902,3,1.0,1,1.0,1.9287498933537385e-22,1.9287498933537385e-22,1.9287498933537385e-22,1.9287498933537385e-22
2904,1,1.0,1,1.0,1.9287498933537385e-22,1.9287498933537385e-22,1.9287498933537385e-22,1.9287498933537385e-22
2906,2,1.0,1,1.0,0.0,0.0,0.0,0.0
2907,1,1.0,1,1.0,0.0,0.0,0.0,0.0
2908,1,1.0,1,1.0,0.0,0.0,0.0,0.0
2909,4,1.0,1,1.0,0.0,0.0,0.0,0.0
2910,3,1.0,1,1.0,1.9287498933537385e-22,1.9287498933537385e-22,1.9287498933537385e-22,1.9287498933537385e-22
2911,1,1.0,1,1.0,0.0,0.0,0.0,0.0
2914,2,1.0,1,1.0,0.0,0.0,0.0,0.0
2915,4,1.0,1,1.0,0.0,0.0,0.0,0.0
2916,2,1.0,1,1.0,0.0,0.0,0.0,0.0
2918,1,1.0,1,1.0,0.0,0.0,0.0,0.0
2919,2,1.0,1,1.0,0.0,0.0,0.0,0.0
2921,3,2.0,2,0.0,1.0,0.0,0.0,0.0
2922,1,1.0,1,1.0,0.0,0.0,0.0,0.0
2923,1,1.0,1,1.0,1.9287498933537385e-22,1.9287498933537385e-22,1.9287498933537385e-22,1.9287498933537385e-22
2924,2,1.0,1,1.0,0.0,0.0,0.0,0.0
2925,2,1.0,1,1.0,0.0,0.0,0.0,0.0
2926,1,1.0,1,1.0,1.9287498933537385e-22,1.9287498933537385e-22,1.9287498933537385e-22,1.9287498933537385e-22
2927,2,1.0,1,1.0,1.9287498933537385e-22,1.9287498933537385e-22,1.9287498933537385e-22,1.9287498933537385e-22
2928,2,1.0,1,1.0,1.9287498933537385e-22,1.9287498933537385e-22,1.9287498933537385e-22,1.9287498933537385e-22
2929,1,1.0,1,1.0,0.0,0.0,0.0,0.0
2930,4,1.0,1,1.0,0.0,0.0,0.0,0.0
2932,1,1.0,1,1.0,0.0,0.0,0.0,0.0
2934,1,1.0,1,1.0,0.0,0.0,0.0,0.0
2935,1,1.0,1,1.0,0.0,0.0,0.0,0.0
2936,2,1.0,1,1.0,0.0,0.0,0.0,0.0
2937,4,2.0,2,0.0,1.0,0.0,0.0,0.0
2938,2,1.0,1,1.0,0.0,0.0,0.0,0.0
2939,4,1.0,1,1.0,0.0,0.0,0.0,0.0
2940,1,1.0,1,1.0,1.9287498933537385e-22,1.9287498933537385e-22,1.9287498933537385e-22,1.9287498933537385e-22
2941,2,1.0,1,1.0,0.0,0.0,0.0,0.0
2942,1,1.0,1,1.0,0.0,0.0,0.0,0.0
2943,1,1.0,1,1.0,1.9287498933537385e-22,1.9287498933537385e-22,1.9287498933537385e-22,1.9287498933537385e-22
2944,2,1.0,1,1.0,0.0,0.0,0.0,0.0
2945,3,1.0,1,1.0,0.0,0.0,0.0,0.0
2946,5,1.0,1,1.0,0.0,0.0,0.0,0.0
2948,2,1.0,1,1.0,0.0,0.0,0.0,0.0
2949,1,1.0,1,1.0,0.0,0.0,0.0,0.0
2950,1,1.0,1,1.0,0.0,0.0,0.0,0.0
2952,1,1.0,1,1.0,0.0,0.0,0.0,0.0
2953,2,1.0,1,1.0,1.9287498933537385e-22,1.9287498933537385e-22,1.9287498933537385e-22,1.9287498933537385e-22
2954,1,1.0,1,1.0,1.9287498933537385e-22,1.9287498933537385e-22,1.9287498933537385e-22,1.9287498933537385e-22
2955,2,3.0,3,1.9287498933537385e-22,1.9287498933537385e-22,1.0,1.9287498933537385e-22,1.9287498933537385e-22
2957,3,1.0,1,1.0,0.0,0.0,0.0,0.0
2958,2,1.0,1,1.0,1.9287498933537385e-22,1.9287498933537385e-22,1.9287498933537385e-22,1.9287498933537385e-22
2960,4,1.0,1,1.0,0.0,0.0,0.0,0.0
2961,1,1.0,1,1.0,0.0,0.0,0.0,0.0
2963,1,1.0,1,1.0,0.0,0.0,0.0,0.0
2964,1,1.0,1,1.0,1.9287498933537385e-22,1.9287498933537385e-22,1.9287498933537385e-22,1.9287498933537385e-22
2965,3,1.0,1,1.0,0.0,0.0,0.0,0.0
2966,1,1.0,1,1.0,0.0,0.0,0.0,0.0
2969,2,1.0,1,1.0,0.0,0.0,0.0,0.0
2970,3,1.0,1,1.0,0.0,0.0,0.0,0.0
2971,1,1.0,1,1.0,0.0,0.0,0.0,0.0
2972,3,1.0,1,1.0,0.0,0.0,0.0,0.0
2974,2,1.0,1,1.0,0.0,0.0,0.0,0.0
2975,4,1.0,1,1.0,1.9287498933537385e-22,1.9287498933537385e-22,1.9287498933537385e-22,1.9287498933537385e-22
2976,1,1.0,1,1.0,0.0,0.0,0.0,0.0
2977,2,1.0,1,1.0,1.9287498933537385e-22,1.9287498933537385e-22,1.9287498933537385e-22,1.9287498933537385e-22
2978,2,1.0,1,1.0,0.0,0.0,0.0,0.0
2979,1,2.0,2,0.0,1.0,0.0,0.0,0.0
2980,2,1.0,1,1.0,0.0,0.0,0.0,0.0
2981,1,1.0,1,1.0,0.0,0.0,0.0,0.0
2982,1,1.0,1,1.0,0.0,0.0,0.0,0.0
2984,1,1.0,1,1.0,0.0,0.0,0.0,0.0
2985,4,1.0,1,1.0,0.0,0.0,0.0,0.0
2986,2,1.0,1,1.0,0.0,0.0,0.0,0.0
2990,3,1.0,1,1.0,0.0,0.0,0.0,0.0
2991,1,1.0,1,1.0,0.0,0.0,0.0,0.0
2992,1,1.0,1,1.0,0.0,0.0,0.0,0.0
2993,1,1.0,1,1.0,0.0,0.0,0.0,0.0
2995,4,1.0,1,1.0,0.0,0.0,0.0,0.0
2996,1,1.0,1,1.0,0.0,0.0,0.0,0.0
2997,1,1.0,1,1.0,1.9287498933537385e-22,1.9287498933537385e-22,1.9287498933537385e-22,1.9287498933537385e-22
2998,1,1.0,1,1.0,0.0,0.0,0.0,0.0
2999,2,1.0,1,1.0,1.9287498933537385e-22,1.9287498933537385e-22,1.9287498933537385e-22,1.9287498933537385e-22
3000,1,3.0,3,0.0,0.0,1.0,0.0,0.0
3002,1,1.0,1,1.0,1.9287498933537385e-22,1.9287498933537385e-22,1.9287498933537385e-22,1.9287498933537385e-22
3003,1,1.0,1,1.0,1.9287498933537385e-22,1.9287498933537385e-22,1.9287498933537385e-22,1.9287498933537385e-22
3004,1,2.0,2,0.0,1.0,0.0,0.0,0.0
3006,1,1.0,1,1.0,1.9287498933537385e-22,1.9287498933537385e-22,1.9287498933537385e-22,1.9287498933537385e-22
3007,2,1.0,1,1.0,0.0,0.0,0.0,0.0
3009,3,1.0,1,1.0,0.0,0.0,0.0,0.0
3010,4,1.0,1,1.0,0.0,0.0,0.0,0.0
3011,2,1.0,1,1.0,0.0,0.0,0.0,0.0
3012,3,2.0,2,1.9287498933537385e-22,1.0,1.9287498933537385e-22,1.9287498933537385e-22,1.9287498933537385e-22
3013,1,1.0,1,1.0,1.9287498933537385e-22,1.9287498933537385e-22,1.9287498933537385e-22,1.9287498933537385e-22
3014,1,1.0,1,1.0,0.0,0.0,0.0,0.0
3016,1,2.0,2,1.9287498933537385e-22,1.0,1.9287498933537385e-22,1.9287498933537385e-22,1.9287498933537385e-22
3017,1,1.0,1,1.0,1.9287498933537385e-22,1.9287498933537385e-22,1.9287498933537385e-22,1.9287498933537385e-22
3019,4,1.0,1,1.0,1.9287498933537385e-22,1.9287498933537385e-22,1.9287498933537385e-22,1.9287498933537385e-22
3020,2,1.0,1,1.0,1.9287498933537385e-22,1.9287498933537385e-22,1.9287498933537385e-22,1.9287498933537385e-22
3021,1,1.0,1,1.0,0.0,0.0,0.0,0.0
3022,5,1.0,1,1.0,1.9287498933537385e-22,1.9287498933537385e-22,1.9287498933537385e-22,1.9287498933537385e-22
3023,1,1.0,1,1.0,0.0,0.0,0.0,0.0
3024,1,1.0,1,1.0,0.0,0.0,0.0,0.0
3025,2,1.0,1,1.0,1.9287498933537385e-22,1.9287498933537385e-22,1.9287498933537385e-22,1.9287498933537385e-22
3026,1,1.0,1,1.0,1.9287498933537385e-22,1.9287498933537385e-22,1.9287498933537385e-22,1.9287498933537385e-22
3027,1,1.0,1,1.0,0.0,0.0,0.0,0.0
3029,1,1.0,1,1.0,0.0,0.0,0.0,0.0
3030,3,2.0,2,0.0,1.0,0.0,0.0,0.0
3031,1,2.0,2,1.9287498933537385e-22,1.0,1.9287498933537385e-22,1.9287498933537385e-22,1.9287498933537385e-22
3032,2,1.0,1,1.0,0.0,0.0,0.0,0.0
3033,1,1.0,1,1.0,0.0,0.0,0.0,0.0
3036,1,1.0,1,1.0,1.9287498933537385e-22,1.9287498933537385e-22,1.9287498933537385e-22,1.9287498933537385e-22
3037,1,1.0,1,1.0,0.0,0.0,0.0,0.0
3038,2,1.0,1,1.0,0.0,0.0,0.0,0.0
3039,3,1.0,1,1.0,0.0,0.0,0.0,0.0
3040,1,1.0,1,1.0,0.0,0.0,0.0,0.0
3041,3,1.0,1,1.0,1.9287498933537385e-22,1.9287498933537385e-22,1.9287498933537385e-22,1.9287498933537385e-22
3042,1,1.0,1,1.0,1.9287498933537385e-22,1.9287498933537385e-22,1.9287498933537385e-22,1.9287498933537385e-22
3043,1,1.0,1,1.0,0.0,0.0,0.0,0.0
3044,1,1.0,1,1.0,0.0,0.0,0.0,0.0
3045,2,1.0,1,1.0,0.0,0.0,0.0,0.0
3046,2,1.0,1,1.0,0.0,0.0,0.0,0.0
3047,3,2.0,2,0.0,1.0,0.0,0.0,0.0
3048,2,1.0,1,1.0,1.9287498933537385e-22,1.9287498933537385e-22,1.9287498933537385e-22,1.9287498933537385e-22
3049,5,1.0,1,1.0,0.0,0.0,0.0,0.0
3050,2,1.0,1,1.0,0.0,0.0,0.0,0.0
3052,2,1.0,1,1.0,0.0,0.0,0.0,0.0
3054,1,1.0,1,1.0,0.0,0.0,0.0,0.0
3055,1,1.0,1,1.0,0.0,0.0,0.0,0.0
3056,1,1.0,1,1.0,0.0,0.0,0.0,0.0
3057,2,1.0,1,1.0,0.0,0.0,0.0,0.0
3058,5,1.0,1,1.0,1.9287498933537385e-22,1.9287498933537385e-22,1.9287498933537385e-22,1.9287498933537385e-22
3061,4,1.0,1,1.0,1.9287498933537385e-22,1.9287498933537385e-22,1.9287498933537385e-22,1.9287498933537385e-22
3062,4,1.0,1,1.0,0.0,0.0,0.0,0.0
3064,1,1.0,1,1.0,0.0,0.0,0.0,0.0
3065,1,1.0,1,1.0,0.0,0.0,0.0,0.0
3066,1,1.0,1,1.0,0.0,0.0,0.0,0.0
3067,2,1.0,1,1.0,0.0,0.0,0.0,0.0
3068,3,1.0,1,1.0,0.0,0.0,0.0,0.0
3070,1,1.0,1,1.0,0.0,0.0,0.0,0.0
3071,1,1.0,1,1.0,1.9287498933537385e-22,1.9287498933537385e-22,1.9287498933537385e-22,1.9287498933537385e-22
3072,1,1.0,1,1.0,0.0,0.0,0.0,0.0
3073,3,1.0,1,1.0,0.0,0.0,0.0,0.0
3074,3,1.0,1,1.0,0.0,0.0,0.0,0.0
3075,3,1.0,1,1.0,0.0,0.0,0.0,0.0
3076,1,1.0,1,1.0,1.9287498933537385e-22,1.9287498933537385e-22,1.9287498933537385e-22,1.9287498933537385e-22
3078,1,1.0,1,1.0,0.0,0.0,0.0,0.0
3081,3,1.0,1,1.0,0.0,0.0,0.0,0.0
3082,2,1.0,1,1.0,0.0,0.0,0.0,0.0
3083,2,1.0,1,1.0,0.0,0.0,0.0,0.0
3086,3,1.0,1,1.0,0.0,0.0,0.0,0.0
3087,5,1.0,1,1.0,0.0,0.0,0.0,0.0
3088,5,1.0,1,1.0,0.0,0.0,0.0,0.0
3089,1,1.0,1,1.0,1.9287498933537385e-22,1.9287498933537385e-22,1.9287498933537385e-22,1.9287498933537385e-22
3090,3,1.0,1,1.0,0.0,0.0,0.0,0.0
3091,1,1.0,1,1.0,0.0,0.0,0.0,0.0
3092,2,1.0,1,1.0,0.0,0.0,0.0,0.0
3093,1,1.0,1,1.0,0.0,0.0,0.0,0.0
