c,margin_cap,conf_gap,max_rows,require_meta_or_cav,protect_all_logic,oof_qwk,oof_lift_vs_step25,test_l1,changed,improved,worsened,mean_delta_abs_error,protected_demotions,public_changed,private_changed,pub_dist,pri_dist
2.0,0.015,0.08,10,False,False,0.6618453102521344,0.0005847518729015233,0.14890771408427203,10,6,4,0.2,3,3,1,"{1: 125, 2: 59, 3: 57, 4: 35, 5: 22}","{1: 135, 2: 64, 3: 44, 4: 32, 5: 23}"
0.5,0.015,0.06,10,False,False,0.6617745789519989,0.0005140205727659497,0.15897482817823178,10,6,4,0.2,2,4,4,"{1: 126, 2: 58, 3: 57, 4: 35, 5: 22}","{1: 135, 2: 67, 3: 41, 4: 32, 5: 23}"
1.0,0.015,0.06,10,False,False,0.6617745789519989,0.0005140205727659497,0.16568623757420492,10,6,4,0.2,2,6,5,"{1: 126, 2: 60, 3: 55, 4: 35, 5: 22}","{1: 136, 2: 66, 3: 41, 4: 32, 5: 23}"
2.0,0.015,0.06,10,False,False,0.6617745789519989,0.0005140205727659497,0.16568623757420495,10,6,4,0.2,2,6,6,"{1: 126, 2: 60, 3: 55, 4: 35, 5: 22}","{1: 137, 2: 65, 3: 41, 4: 32, 5: 23}"
1.0,0.025,0.04,12,False,True,0.6617592288955894,0.0004986705163564364,0.16233053287621832,12,7,5,0.16666666666666666,0,5,6,"{1: 125, 2: 61, 3: 55, 4: 35, 5: 22}","{1: 137, 2: 64, 3: 43, 4: 31, 5: 23}"
1.0,0.025,0.04,12,True,True,0.6617592288955894,0.0004986705163564364,0.16233053287621832,12,7,5,0.16666666666666666,0,5,6,"{1: 125, 2: 61, 3: 55, 4: 35, 5: 22}","{1: 137, 2: 64, 3: 43, 4: 31, 5: 23}"
1.0,0.025,0.04,12,True,False,0.6617592288955894,0.0004986705163564364,0.16233053287621832,12,7,5,0.16666666666666666,0,5,6,"{1: 125, 2: 61, 3: 55, 4: 35, 5: 22}","{1: 137, 2: 64, 3: 43, 4: 31, 5: 23}"
2.0,0.025,0.04,12,False,True,0.6617592288955894,0.0004986705163564364,0.16233053287621832,12,7,5,0.16666666666666666,0,5,6,"{1: 125, 2: 61, 3: 55, 4: 35, 5: 22}","{1: 137, 2: 64, 3: 43, 4: 31, 5: 23}"
2.0,0.025,0.04,12,True,True,0.6617592288955894,0.0004986705163564364,0.16233053287621832,12,7,5,0.16666666666666666,0,5,6,"{1: 125, 2: 61, 3: 55, 4: 35, 5: 22}","{1: 137, 2: 64, 3: 43, 4: 31, 5: 23}"
2.0,0.025,0.04,12,True,False,0.6617592288955894,0.0004986705163564364,0.16233053287621832,12,7,5,0.16666666666666666,0,5,6,"{1: 125, 2: 61, 3: 55, 4: 35, 5: 22}","{1: 137, 2: 64, 3: 43, 4: 31, 5: 23}"
2.0,0.025,0.06,12,False,True,0.6617592288955894,0.0004986705163564364,0.16233053287621832,12,7,5,0.16666666666666666,0,5,6,"{1: 125, 2: 61, 3: 55, 4: 35, 5: 22}","{1: 137, 2: 64, 3: 43, 4: 31, 5: 23}"
2.0,0.025,0.06,12,True,True,0.6617592288955894,0.0004986705163564364,0.16233053287621832,12,7,5,0.16666666666666666,0,5,6,"{1: 125, 2: 61, 3: 55, 4: 35, 5: 22}","{1: 137, 2: 64, 3: 43, 4: 31, 5: 23}"
2.0,0.025,0.06,12,True,False,0.6617592288955894,0.0004986705163564364,0.16233053287621832,12,7,5,0.16666666666666666,0,5,6,"{1: 125, 2: 61, 3: 55, 4: 35, 5: 22}","{1: 137, 2: 64, 3: 43, 4: 31, 5: 23}"
1.0,0.025,0.06,12,False,True,0.6617592288955894,0.0004986705163564364,0.16233053287621835,12,7,5,0.16666666666666666,0,5,5,"{1: 125, 2: 61, 3: 55, 4: 35, 5: 22}","{1: 136, 2: 65, 3: 43, 4: 31, 5: 23}"
1.0,0.025,0.06,12,True,True,0.6617592288955894,0.0004986705163564364,0.16233053287621835,12,7,5,0.16666666666666666,0,5,5,"{1: 125, 2: 61, 3: 55, 4: 35, 5: 22}","{1: 136, 2: 65, 3: 43, 4: 31, 5: 23}"
1.0,0.025,0.06,12,True,False,0.6617592288955894,0.0004986705163564364,0.16233053287621835,12,7,5,0.16666666666666666,0,5,5,"{1: 125, 2: 61, 3: 55, 4: 35, 5: 22}","{1: 136, 2: 65, 3: 43, 4: 31, 5: 23}"
2.0,0.025,0.06,12,False,False,0.6617592288955894,0.0004986705163564364,0.16568623757420495,12,7,5,0.16666666666666666,1,6,9,"{1: 126, 2: 60, 3: 55, 4: 35, 5: 22}","{1: 139, 2: 63, 3: 42, 4: 31, 5: 23}"
1.0,0.025,0.06,12,False,False,0.6617592288955894,0.0004986705163564364,0.16568623757420498,12,7,5,0.16666666666666666,1,6,8,"{1: 126, 2: 60, 3: 55, 4: 35, 5: 22}","{1: 138, 2: 64, 3: 42, 4: 31, 5: 23}"
2.0,0.015,0.08,8,False,False,0.6617130124040022,0.00045245402476923324,0.14890771408427203,8,5,3,0.25,2,3,1,"{1: 125, 2: 59, 3: 57, 4: 35, 5: 22}","{1: 135, 2: 64, 3: 44, 4: 32, 5: 23}"
1.0,0.025,0.1,3,False,True,0.6616990523245885,0.00043849394535555586,0.14555200938628546,3,3,0,1.0,0,1,0,"{1: 124, 2: 59, 3: 58, 4: 35, 5: 22}","{1: 134, 2: 65, 3: 44, 4: 32, 5: 23}"
1.0,0.025,0.1,3,False,False,0.6616990523245885,0.00043849394535555586,0.14555200938628546,3,3,0,1.0,0,1,0,"{1: 124, 2: 59, 3: 58, 4: 35, 5: 22}","{1: 134, 2: 65, 3: 44, 4: 32, 5: 23}"
1.0,0.025,0.1,3,True,True,0.6616990523245885,0.00043849394535555586,0.14555200938628546,3,3,0,1.0,0,1,0,"{1: 124, 2: 59, 3: 58, 4: 35, 5: 22}","{1: 134, 2: 65, 3: 44, 4: 32, 5: 23}"
1.0,0.025,0.1,3,True,False,0.6616990523245885,0.00043849394535555586,0.14555200938628546,3,3,0,1.0,0,1,0,"{1: 124, 2: 59, 3: 58, 4: 35, 5: 22}","{1: 134, 2: 65, 3: 44, 4: 32, 5: 23}"
0.5,0.025,0.1,3,False,True,0.6616990523245885,0.00043849394535555586,0.14555200938628549,3,3,0,1.0,0,0,0,"{1: 123, 2: 60, 3: 58, 4: 35, 5: 22}","{1: 134, 2: 65, 3: 44, 4: 32, 5: 23}"
0.5,0.025,0.1,3,False,False,0.6616990523245885,0.00043849394535555586,0.14555200938628549,3,3,0,1.0,0,0,0,"{1: 123, 2: 60, 3: 58, 4: 35, 5: 22}","{1: 134, 2: 65, 3: 44, 4: 32, 5: 23}"
0.5,0.025,0.1,3,True,True,0.6616990523245885,0.00043849394535555586,0.14555200938628549,3,3,0,1.0,0,0,0,"{1: 123, 2: 60, 3: 58, 4: 35, 5: 22}","{1: 134, 2: 65, 3: 44, 4: 32, 5: 23}"
0.5,0.025,0.1,3,True,False,0.6616990523245885,0.00043849394535555586,0.14555200938628549,3,3,0,1.0,0,0,0,"{1: 123, 2: 60, 3: 58, 4: 35, 5: 22}","{1: 134, 2: 65, 3: 44, 4: 32, 5: 23}"
2.0,0.025,0.1,3,False,True,0.6616990523245885,0.00043849394535555586,0.14555200938628549,3,3,0,1.0,0,2,0,"{1: 125, 2: 58, 3: 58, 4: 35, 5: 22}","{1: 134, 2: 65, 3: 44, 4: 32, 5: 23}"
2.0,0.025,0.1,3,False,False,0.6616990523245885,0.00043849394535555586,0.14555200938628549,3,3,0,1.0,0,2,0,"{1: 125, 2: 58, 3: 58, 4: 35, 5: 22}","{1: 134, 2: 65, 3: 44, 4: 32, 5: 23}"
2.0,0.025,0.1,3,True,True,0.6616990523245885,0.00043849394535555586,0.14555200938628549,3,3,0,1.0,0,2,0,"{1: 125, 2: 58, 3: 58, 4: 35, 5: 22}","{1: 134, 2: 65, 3: 44, 4: 32, 5: 23}"
2.0,0.025,0.1,3,True,False,0.6616990523245885,0.00043849394535555586,0.14555200938628549,3,3,0,1.0,0,2,0,"{1: 125, 2: 58, 3: 58, 4: 35, 5: 22}","{1: 134, 2: 65, 3: 44, 4: 32, 5: 23}"
0.5,0.025,0.04,12,False,False,0.6616883739201844,0.00042781554095150387,0.16568623757420495,12,7,5,0.16666666666666666,1,6,9,"{1: 126, 2: 60, 3: 55, 4: 35, 5: 22}","{1: 139, 2: 63, 3: 42, 4: 31, 5: 23}"
2.0,0.015,0.1,4,False,False,0.6616637610423993,0.0004032026631664021,0.14555200938628549,4,3,1,0.5,2,2,0,"{1: 125, 2: 58, 3: 58, 4: 35, 5: 22}","{1: 134, 2: 65, 3: 44, 4: 32, 5: 23}"
2.0,0.015,0.1,5,False,False,0.6616637610423993,0.0004032026631664021,0.14555200938628549,4,3,1,0.5,2,2,0,"{1: 125, 2: 58, 3: 58, 4: 35, 5: 22}","{1: 134, 2: 65, 3: 44, 4: 32, 5: 23}"
2.0,0.015,0.1,6,False,False,0.6616637610423993,0.0004032026631664021,0.14555200938628549,4,3,1,0.5,2,2,0,"{1: 125, 2: 58, 3: 58, 4: 35, 5: 22}","{1: 134, 2: 65, 3: 44, 4: 32, 5: 23}"
2.0,0.015,0.1,8,False,False,0.6616637610423993,0.0004032026631664021,0.14555200938628549,4,3,1,0.5,2,2,0,"{1: 125, 2: 58, 3: 58, 4: 35, 5: 22}","{1: 134, 2: 65, 3: 44, 4: 32, 5: 23}"
2.0,0.015,0.1,10,False,False,0.6616637610423993,0.0004032026631664021,0.14555200938628549,4,3,1,0.5,2,2,0,"{1: 125, 2: 58, 3: 58, 4: 35, 5: 22}","{1: 134, 2: 65, 3: 44, 4: 32, 5: 23}"
2.0,0.015,0.1,12,False,False,0.6616637610423993,0.0004032026631664021,0.14555200938628549,4,3,1,0.5,2,2,0,"{1: 125, 2: 58, 3: 58, 4: 35, 5: 22}","{1: 134, 2: 65, 3: 44, 4: 32, 5: 23}"
0.5,0.015,0.06,8,False,True,0.6616422257421695,0.00038166736293654413,0.1556191234802452,8,5,3,0.25,0,3,2,"{1: 125, 2: 59, 3: 57, 4: 35, 5: 22}","{1: 134, 2: 67, 3: 42, 4: 32, 5: 23}"
0.5,0.015,0.06,8,True,True,0.6616422257421695,0.00038166736293654413,0.1556191234802452,8,5,3,0.25,0,3,2,"{1: 125, 2: 59, 3: 57, 4: 35, 5: 22}","{1: 134, 2: 67, 3: 42, 4: 32, 5: 23}"
0.5,0.015,0.06,8,True,False,0.6616422257421695,0.00038166736293654413,0.1556191234802452,8,5,3,0.25,0,3,2,"{1: 125, 2: 59, 3: 57, 4: 35, 5: 22}","{1: 134, 2: 67, 3: 42, 4: 32, 5: 23}"
2.0,0.015,0.06,8,False,True,0.6616422257421695,0.00038166736293654413,0.16233053287621835,8,5,3,0.25,0,5,3,"{1: 125, 2: 61, 3: 55, 4: 35, 5: 22}","{1: 135, 2: 66, 3: 42, 4: 32, 5: 23}"
2.0,0.015,0.06,8,True,True,0.6616422257421695,0.00038166736293654413,0.16233053287621835,8,5,3,0.25,0,5,3,"{1: 125, 2: 61, 3: 55, 4: 35, 5: 22}","{1: 135, 2: 66, 3: 42, 4: 32, 5: 23}"
2.0,0.015,0.06,8,True,False,0.6616422257421695,0.00038166736293654413,0.16233053287621835,8,5,3,0.25,0,5,3,"{1: 125, 2: 61, 3: 55, 4: 35, 5: 22}","{1: 135, 2: 66, 3: 42, 4: 32, 5: 23}"
1.0,0.015,0.06,8,False,True,0.6616422257421695,0.00038166736293654413,0.16233053287621838,8,5,3,0.25,0,5,2,"{1: 125, 2: 61, 3: 55, 4: 35, 5: 22}","{1: 134, 2: 67, 3: 42, 4: 32, 5: 23}"
1.0,0.015,0.06,8,True,True,0.6616422257421695,0.00038166736293654413,0.16233053287621838,8,5,3,0.25,0,5,2,"{1: 125, 2: 61, 3: 55, 4: 35, 5: 22}","{1: 134, 2: 67, 3: 42, 4: 32, 5: 23}"
1.0,0.015,0.06,8,True,False,0.6616422257421695,0.00038166736293654413,0.16233053287621838,8,5,3,0.25,0,5,2,"{1: 125, 2: 61, 3: 55, 4: 35, 5: 22}","{1: 134, 2: 67, 3: 42, 4: 32, 5: 23}"
0.5,0.025,0.06,10,False,True,0.6616298656033075,0.0003693072240745776,0.1556191234802452,10,6,4,0.2,0,3,2,"{1: 125, 2: 59, 3: 57, 4: 35, 5: 22}","{1: 134, 2: 67, 3: 42, 4: 32, 5: 23}"
0.5,0.025,0.06,10,True,True,0.6616298656033075,0.0003693072240745776,0.1556191234802452,10,6,4,0.2,0,3,2,"{1: 125, 2: 59, 3: 57, 4: 35, 5: 22}","{1: 134, 2: 67, 3: 42, 4: 32, 5: 23}"
0.5,0.025,0.06,10,True,False,0.6616298656033075,0.0003693072240745776,0.1556191234802452,10,6,4,0.2,0,3,2,"{1: 125, 2: 59, 3: 57, 4: 35, 5: 22}","{1: 134, 2: 67, 3: 42, 4: 32, 5: 23}"
0.5,0.025,0.06,10,False,False,0.6616298656033075,0.0003693072240745776,0.15897482817823178,10,6,4,0.2,0,4,4,"{1: 126, 2: 58, 3: 57, 4: 35, 5: 22}","{1: 135, 2: 67, 3: 41, 4: 32, 5: 23}"
0.5,0.015,0.04,12,False,False,0.6616269926820288,0.00036643430279592604,0.16568623757420495,12,6,6,0.0,3,6,6,"{1: 126, 2: 60, 3: 55, 4: 35, 5: 22}","{1: 137, 2: 65, 3: 41, 4: 32, 5: 23}"
1.0,0.015,0.04,12,False,False,0.6616269926820288,0.00036643430279592604,0.16568623757420495,12,6,6,0.0,3,6,6,"{1: 126, 2: 60, 3: 55, 4: 35, 5: 22}","{1: 137, 2: 65, 3: 41, 4: 32, 5: 23}"
2.0,0.015,0.04,12,False,False,0.6616269926820288,0.00036643430279592604,0.16568623757420495,12,6,6,0.0,3,6,6,"{1: 126, 2: 60, 3: 55, 4: 35, 5: 22}","{1: 137, 2: 65, 3: 41, 4: 32, 5: 23}"
2.0,0.015,0.08,12,False,False,0.6615977946097447,0.00033723623051173934,0.14890771408427203,11,6,5,0.09090909090909091,3,3,1,"{1: 125, 2: 59, 3: 57, 4: 35, 5: 22}","{1: 135, 2: 64, 3: 44, 4: 32, 5: 23}"
0.5,0.015,0.08,6,False,False,0.6615838023503925,0.00032324397115957026,0.14555200938628549,6,4,2,0.3333333333333333,2,2,0,"{1: 125, 2: 58, 3: 58, 4: 35, 5: 22}","{1: 134, 2: 65, 3: 44, 4: 32, 5: 23}"
0.5,0.015,0.08,8,False,False,0.6615838023503925,0.00032324397115957026,0.14555200938628549,6,4,2,0.3333333333333333,2,2,0,"{1: 125, 2: 58, 3: 58, 4: 35, 5: 22}","{1: 134, 2: 65, 3: 44, 4: 32, 5: 23}"
0.5,0.015,0.08,10,False,False,0.6615838023503925,0.00032324397115957026,0.14555200938628549,6,4,2,0.3333333333333333,2,2,0,"{1: 125, 2: 58, 3: 58, 4: 35, 5: 22}","{1: 134, 2: 65, 3: 44, 4: 32, 5: 23}"
0.5,0.015,0.08,12,False,False,0.6615838023503925,0.00032324397115957026,0.14555200938628549,6,4,2,0.3333333333333333,2,2,0,"{1: 125, 2: 58, 3: 58, 4: 35, 5: 22}","{1: 134, 2: 65, 3: 44, 4: 32, 5: 23}"
2.0,0.015,0.08,6,False,False,0.6615806109963362,0.000320052617103328,0.14890771408427203,6,4,2,0.3333333333333333,0,3,1,"{1: 125, 2: 59, 3: 57, 4: 35, 5: 22}","{1: 135, 2: 64, 3: 44, 4: 32, 5: 23}"
2.0,0.015,0.08,6,False,True,0.6615806109963362,0.000320052617103328,0.14890771408427206,6,4,2,0.3333333333333333,0,3,0,"{1: 125, 2: 59, 3: 57, 4: 35, 5: 22}","{1: 134, 2: 65, 3: 44, 4: 32, 5: 23}"
2.0,0.015,0.08,6,True,True,0.6615806109963362,0.000320052617103328,0.14890771408427206,6,4,2,0.3333333333333333,0,3,0,"{1: 125, 2: 59, 3: 57, 4: 35, 5: 22}","{1: 134, 2: 65, 3: 44, 4: 32, 5: 23}"
2.0,0.015,0.08,6,True,False,0.6615806109963362,0.000320052617103328,0.14890771408427206,6,4,2,0.3333333333333333,0,3,0,"{1: 125, 2: 59, 3: 57, 4: 35, 5: 22}","{1: 134, 2: 65, 3: 44, 4: 32, 5: 23}"
1.0,0.015,0.08,8,False,False,0.6615746066645102,0.0003140482852772575,0.1483452904420273,8,5,3,0.25,2,2,1,"{1: 125, 2: 58, 3: 58, 4: 35, 5: 22}","{1: 135, 2: 64, 3: 44, 4: 32, 5: 23}"
0.5,0.025,0.1,5,False,True,0.6615514012026789,0.00029084282344593593,0.14555200938628549,5,4,1,0.6,0,0,0,"{1: 123, 2: 60, 3: 58, 4: 35, 5: 22}","{1: 134, 2: 65, 3: 44, 4: 32, 5: 23}"
0.5,0.025,0.1,5,False,False,0.6615514012026789,0.00029084282344593593,0.14555200938628549,5,4,1,0.6,0,0,0,"{1: 123, 2: 60, 3: 58, 4: 35, 5: 22}","{1: 134, 2: 65, 3: 44, 4: 32, 5: 23}"
0.5,0.025,0.1,5,True,True,0.6615514012026789,0.00029084282344593593,0.14555200938628549,5,4,1,0.6,0,0,0,"{1: 123, 2: 60, 3: 58, 4: 35, 5: 22}","{1: 134, 2: 65, 3: 44, 4: 32, 5: 23}"
0.5,0.025,0.1,5,True,False,0.6615514012026789,0.00029084282344593593,0.14555200938628549,5,4,1,0.6,0,0,0,"{1: 123, 2: 60, 3: 58, 4: 35, 5: 22}","{1: 134, 2: 65, 3: 44, 4: 32, 5: 23}"
1.0,0.015,0.08,10,False,False,0.6615362208085671,0.00027566242933418916,0.1483452904420273,9,5,4,0.1111111111111111,3,2,1,"{1: 125, 2: 58, 3: 58, 4: 35, 5: 22}","{1: 135, 2: 64, 3: 44, 4: 32, 5: 23}"
1.0,0.015,0.08,12,False,False,0.6615362208085671,0.00027566242933418916,0.1483452904420273,9,5,4,0.1111111111111111,3,2,1,"{1: 125, 2: 58, 3: 58, 4: 35, 5: 22}","{1: 135, 2: 64, 3: 44, 4: 32, 5: 23}"
1.0,0.015,0.1,3,False,True,0.6615314029577583,0.00027084457852533106,0.14555200938628546,2,2,0,1.0,0,1,0,"{1: 124, 2: 59, 3: 58, 4: 35, 5: 22}","{1: 134, 2: 65, 3: 44, 4: 32, 5: 23}"
1.0,0.015,0.1,3,True,True,0.6615314029577583,0.00027084457852533106,0.14555200938628546,2,2,0,1.0,0,1,0,"{1: 124, 2: 59, 3: 58, 4: 35, 5: 22}","{1: 134, 2: 65, 3: 44, 4: 32, 5: 23}"
1.0,0.015,0.1,3,True,False,0.6615314029577583,0.00027084457852533106,0.14555200938628546,2,2,0,1.0,0,1,0,"{1: 124, 2: 59, 3: 58, 4: 35, 5: 22}","{1: 134, 2: 65, 3: 44, 4: 32, 5: 23}"
1.0,0.015,0.1,4,False,True,0.6615314029577583,0.00027084457852533106,0.14555200938628546,2,2,0,1.0,0,1,0,"{1: 124, 2: 59, 3: 58, 4: 35, 5: 22}","{1: 134, 2: 65, 3: 44, 4: 32, 5: 23}"
1.0,0.015,0.1,4,True,True,0.6615314029577583,0.00027084457852533106,0.14555200938628546,2,2,0,1.0,0,1,0,"{1: 124, 2: 59, 3: 58, 4: 35, 5: 22}","{1: 134, 2: 65, 3: 44, 4: 32, 5: 23}"
1.0,0.015,0.1,4,True,False,0.6615314029577583,0.00027084457852533106,0.14555200938628546,2,2,0,1.0,0,1,0,"{1: 124, 2: 59, 3: 58, 4: 35, 5: 22}","{1: 134, 2: 65, 3: 44, 4: 32, 5: 23}"
1.0,0.015,0.1,5,False,True,0.6615314029577583,0.00027084457852533106,0.14555200938628546,2,2,0,1.0,0,1,0,"{1: 124, 2: 59, 3: 58, 4: 35, 5: 22}","{1: 134, 2: 65, 3: 44, 4: 32, 5: 23}"
1.0,0.015,0.1,5,True,True,0.6615314029577583,0.00027084457852533106,0.14555200938628546,2,2,0,1.0,0,1,0,"{1: 124, 2: 59, 3: 58, 4: 35, 5: 22}","{1: 134, 2: 65, 3: 44, 4: 32, 5: 23}"
1.0,0.015,0.1,5,True,False,0.6615314029577583,0.00027084457852533106,0.14555200938628546,2,2,0,1.0,0,1,0,"{1: 124, 2: 59, 3: 58, 4: 35, 5: 22}","{1: 134, 2: 65, 3: 44, 4: 32, 5: 23}"
1.0,0.015,0.1,6,False,True,0.6615314029577583,0.00027084457852533106,0.14555200938628546,2,2,0,1.0,0,1,0,"{1: 124, 2: 59, 3: 58, 4: 35, 5: 22}","{1: 134, 2: 65, 3: 44, 4: 32, 5: 23}"
1.0,0.015,0.1,6,True,True,0.6615314029577583,0.00027084457852533106,0.14555200938628546,2,2,0,1.0,0,1,0,"{1: 124, 2: 59, 3: 58, 4: 35, 5: 22}","{1: 134, 2: 65, 3: 44, 4: 32, 5: 23}"
1.0,0.015,0.1,6,True,False,0.6615314029577583,0.00027084457852533106,0.14555200938628546,2,2,0,1.0,0,1,0,"{1: 124, 2: 59, 3: 58, 4: 35, 5: 22}","{1: 134, 2: 65, 3: 44, 4: 32, 5: 23}"
1.0,0.015,0.1,8,False,True,0.6615314029577583,0.00027084457852533106,0.14555200938628546,2,2,0,1.0,0,1,0,"{1: 124, 2: 59, 3: 58, 4: 35, 5: 22}","{1: 134, 2: 65, 3: 44, 4: 32, 5: 23}"
1.0,0.015,0.1,8,True,True,0.6615314029577583,0.00027084457852533106,0.14555200938628546,2,2,0,1.0,0,1,0,"{1: 124, 2: 59, 3: 58, 4: 35, 5: 22}","{1: 134, 2: 65, 3: 44, 4: 32, 5: 23}"
1.0,0.015,0.1,8,True,False,0.6615314029577583,0.00027084457852533106,0.14555200938628546,2,2,0,1.0,0,1,0,"{1: 124, 2: 59, 3: 58, 4: 35, 5: 22}","{1: 134, 2: 65, 3: 44, 4: 32, 5: 23}"
1.0,0.015,0.1,10,False,True,0.6615314029577583,0.00027084457852533106,0.14555200938628546,2,2,0,1.0,0,1,0,"{1: 124, 2: 59, 3: 58, 4: 35, 5: 22}","{1: 134, 2: 65, 3: 44, 4: 32, 5: 23}"
1.0,0.015,0.1,10,True,True,0.6615314029577583,0.00027084457852533106,0.14555200938628546,2,2,0,1.0,0,1,0,"{1: 124, 2: 59, 3: 58, 4: 35, 5: 22}","{1: 134, 2: 65, 3: 44, 4: 32, 5: 23}"
1.0,0.015,0.1,10,True,False,0.6615314029577583,0.00027084457852533106,0.14555200938628546,2,2,0,1.0,0,1,0,"{1: 124, 2: 59, 3: 58, 4: 35, 5: 22}","{1: 134, 2: 65, 3: 44, 4: 32, 5: 23}"
1.0,0.015,0.1,12,False,True,0.6615314029577583,0.00027084457852533106,0.14555200938628546,2,2,0,1.0,0,1,0,"{1: 124, 2: 59, 3: 58, 4: 35, 5: 22}","{1: 134, 2: 65, 3: 44, 4: 32, 5: 23}"
1.0,0.015,0.1,12,True,True,0.6615314029577583,0.00027084457852533106,0.14555200938628546,2,2,0,1.0,0,1,0,"{1: 124, 2: 59, 3: 58, 4: 35, 5: 22}","{1: 134, 2: 65, 3: 44, 4: 32, 5: 23}"
1.0,0.015,0.1,12,True,False,0.6615314029577583,0.00027084457852533106,0.14555200938628546,2,2,0,1.0,0,1,0,"{1: 124, 2: 59, 3: 58, 4: 35, 5: 22}","{1: 134, 2: 65, 3: 44, 4: 32, 5: 23}"
0.5,0.015,0.1,3,False,True,0.6615314029577583,0.00027084457852533106,0.14555200938628549,2,2,0,1.0,0,0,0,"{1: 123, 2: 60, 3: 58, 4: 35, 5: 22}","{1: 134, 2: 65, 3: 44, 4: 32, 5: 23}"
0.5,0.015,0.1,3,True,True,0.6615314029577583,0.00027084457852533106,0.14555200938628549,2,2,0,1.0,0,0,0,"{1: 123, 2: 60, 3: 58, 4: 35, 5: 22}","{1: 134, 2: 65, 3: 44, 4: 32, 5: 23}"
0.5,0.015,0.1,3,True,False,0.6615314029577583,0.00027084457852533106,0.14555200938628549,2,2,0,1.0,0,0,0,"{1: 123, 2: 60, 3: 58, 4: 35, 5: 22}","{1: 134, 2: 65, 3: 44, 4: 32, 5: 23}"
0.5,0.015,0.1,4,False,True,0.6615314029577583,0.00027084457852533106,0.14555200938628549,2,2,0,1.0,0,0,0,"{1: 123, 2: 60, 3: 58, 4: 35, 5: 22}","{1: 134, 2: 65, 3: 44, 4: 32, 5: 23}"
0.5,0.015,0.1,4,True,True,0.6615314029577583,0.00027084457852533106,0.14555200938628549,2,2,0,1.0,0,0,0,"{1: 123, 2: 60, 3: 58, 4: 35, 5: 22}","{1: 134, 2: 65, 3: 44, 4: 32, 5: 23}"
0.5,0.015,0.1,4,True,False,0.6615314029577583,0.00027084457852533106,0.14555200938628549,2,2,0,1.0,0,0,0,"{1: 123, 2: 60, 3: 58, 4: 35, 5: 22}","{1: 134, 2: 65, 3: 44, 4: 32, 5: 23}"
0.5,0.015,0.1,5,False,True,0.6615314029577583,0.00027084457852533106,0.14555200938628549,2,2,0,1.0,0,0,0,"{1: 123, 2: 60, 3: 58, 4: 35, 5: 22}","{1: 134, 2: 65, 3: 44, 4: 32, 5: 23}"
0.5,0.015,0.1,5,True,True,0.6615314029577583,0.00027084457852533106,0.14555200938628549,2,2,0,1.0,0,0,0,"{1: 123, 2: 60, 3: 58, 4: 35, 5: 22}","{1: 134, 2: 65, 3: 44, 4: 32, 5: 23}"
0.5,0.015,0.1,5,True,False,0.6615314029577583,0.00027084457852533106,0.14555200938628549,2,2,0,1.0,0,0,0,"{1: 123, 2: 60, 3: 58, 4: 35, 5: 22}","{1: 134, 2: 65, 3: 44, 4: 32, 5: 23}"
0.5,0.015,0.1,6,False,True,0.6615314029577583,0.00027084457852533106,0.14555200938628549,2,2,0,1.0,0,0,0,"{1: 123, 2: 60, 3: 58, 4: 35, 5: 22}","{1: 134, 2: 65, 3: 44, 4: 32, 5: 23}"
0.5,0.015,0.1,6,True,True,0.6615314029577583,0.00027084457852533106,0.14555200938628549,2,2,0,1.0,0,0,0,"{1: 123, 2: 60, 3: 58, 4: 35, 5: 22}","{1: 134, 2: 65, 3: 44, 4: 32, 5: 23}"
0.5,0.015,0.1,6,True,False,0.6615314029577583,0.00027084457852533106,0.14555200938628549,2,2,0,1.0,0,0,0,"{1: 123, 2: 60, 3: 58, 4: 35, 5: 22}","{1: 134, 2: 65, 3: 44, 4: 32, 5: 23}"
0.5,0.015,0.1,8,False,True,0.6615314029577583,0.00027084457852533106,0.14555200938628549,2,2,0,1.0,0,0,0,"{1: 123, 2: 60, 3: 58, 4: 35, 5: 22}","{1: 134, 2: 65, 3: 44, 4: 32, 5: 23}"
0.5,0.015,0.1,8,True,True,0.6615314029577583,0.00027084457852533106,0.14555200938628549,2,2,0,1.0,0,0,0,"{1: 123, 2: 60, 3: 58, 4: 35, 5: 22}","{1: 134, 2: 65, 3: 44, 4: 32, 5: 23}"
0.5,0.015,0.1,8,True,False,0.6615314029577583,0.00027084457852533106,0.14555200938628549,2,2,0,1.0,0,0,0,"{1: 123, 2: 60, 3: 58, 4: 35, 5: 22}","{1: 134, 2: 65, 3: 44, 4: 32, 5: 23}"
0.5,0.015,0.1,10,False,True,0.6615314029577583,0.00027084457852533106,0.14555200938628549,2,2,0,1.0,0,0,0,"{1: 123, 2: 60, 3: 58, 4: 35, 5: 22}","{1: 134, 2: 65, 3: 44, 4: 32, 5: 23}"
0.5,0.015,0.1,10,True,True,0.6615314029577583,0.00027084457852533106,0.14555200938628549,2,2,0,1.0,0,0,0,"{1: 123, 2: 60, 3: 58, 4: 35, 5: 22}","{1: 134, 2: 65, 3: 44, 4: 32, 5: 23}"
0.5,0.015,0.1,10,True,False,0.6615314029577583,0.00027084457852533106,0.14555200938628549,2,2,0,1.0,0,0,0,"{1: 123, 2: 60, 3: 58, 4: 35, 5: 22}","{1: 134, 2: 65, 3: 44, 4: 32, 5: 23}"
0.5,0.015,0.1,12,False,True,0.6615314029577583,0.00027084457852533106,0.14555200938628549,2,2,0,1.0,0,0,0,"{1: 123, 2: 60, 3: 58, 4: 35, 5: 22}","{1: 134, 2: 65, 3: 44, 4: 32, 5: 23}"
0.5,0.015,0.1,12,True,True,0.6615314029577583,0.00027084457852533106,0.14555200938628549,2,2,0,1.0,0,0,0,"{1: 123, 2: 60, 3: 58, 4: 35, 5: 22}","{1: 134, 2: 65, 3: 44, 4: 32, 5: 23}"
0.5,0.015,0.1,12,True,False,0.6615314029577583,0.00027084457852533106,0.14555200938628549,2,2,0,1.0,0,0,0,"{1: 123, 2: 60, 3: 58, 4: 35, 5: 22}","{1: 134, 2: 65, 3: 44, 4: 32, 5: 23}"
2.0,0.015,0.1,3,False,True,0.6615314029577583,0.00027084457852533106,0.14555200938628549,2,2,0,1.0,0,2,0,"{1: 125, 2: 58, 3: 58, 4: 35, 5: 22}","{1: 134, 2: 65, 3: 44, 4: 32, 5: 23}"
2.0,0.015,0.1,3,True,True,0.6615314029577583,0.00027084457852533106,0.14555200938628549,2,2,0,1.0,0,2,0,"{1: 125, 2: 58, 3: 58, 4: 35, 5: 22}","{1: 134, 2: 65, 3: 44, 4: 32, 5: 23}"
2.0,0.015,0.1,3,True,False,0.6615314029577583,0.00027084457852533106,0.14555200938628549,2,2,0,1.0,0,2,0,"{1: 125, 2: 58, 3: 58, 4: 35, 5: 22}","{1: 134, 2: 65, 3: 44, 4: 32, 5: 23}"
2.0,0.015,0.1,4,False,True,0.6615314029577583,0.00027084457852533106,0.14555200938628549,2,2,0,1.0,0,2,0,"{1: 125, 2: 58, 3: 58, 4: 35, 5: 22}","{1: 134, 2: 65, 3: 44, 4: 32, 5: 23}"
2.0,0.015,0.1,4,True,True,0.6615314029577583,0.00027084457852533106,0.14555200938628549,2,2,0,1.0,0,2,0,"{1: 125, 2: 58, 3: 58, 4: 35, 5: 22}","{1: 134, 2: 65, 3: 44, 4: 32, 5: 23}"
2.0,0.015,0.1,4,True,False,0.6615314029577583,0.00027084457852533106,0.14555200938628549,2,2,0,1.0,0,2,0,"{1: 125, 2: 58, 3: 58, 4: 35, 5: 22}","{1: 134, 2: 65, 3: 44, 4: 32, 5: 23}"
2.0,0.015,0.1,5,False,True,0.6615314029577583,0.00027084457852533106,0.14555200938628549,2,2,0,1.0,0,2,0,"{1: 125, 2: 58, 3: 58, 4: 35, 5: 22}","{1: 134, 2: 65, 3: 44, 4: 32, 5: 23}"
2.0,0.015,0.1,5,True,True,0.6615314029577583,0.00027084457852533106,0.14555200938628549,2,2,0,1.0,0,2,0,"{1: 125, 2: 58, 3: 58, 4: 35, 5: 22}","{1: 134, 2: 65, 3: 44, 4: 32, 5: 23}"
2.0,0.015,0.1,5,True,False,0.6615314029577583,0.00027084457852533106,0.14555200938628549,2,2,0,1.0,0,2,0,"{1: 125, 2: 58, 3: 58, 4: 35, 5: 22}","{1: 134, 2: 65, 3: 44, 4: 32, 5: 23}"
2.0,0.015,0.1,6,False,True,0.6615314029577583,0.00027084457852533106,0.14555200938628549,2,2,0,1.0,0,2,0,"{1: 125, 2: 58, 3: 58, 4: 35, 5: 22}","{1: 134, 2: 65, 3: 44, 4: 32, 5: 23}"
2.0,0.015,0.1,6,True,True,0.6615314029577583,0.00027084457852533106,0.14555200938628549,2,2,0,1.0,0,2,0,"{1: 125, 2: 58, 3: 58, 4: 35, 5: 22}","{1: 134, 2: 65, 3: 44, 4: 32, 5: 23}"
2.0,0.015,0.1,6,True,False,0.6615314029577583,0.00027084457852533106,0.14555200938628549,2,2,0,1.0,0,2,0,"{1: 125, 2: 58, 3: 58, 4: 35, 5: 22}","{1: 134, 2: 65, 3: 44, 4: 32, 5: 23}"
2.0,0.015,0.1,8,False,True,0.6615314029577583,0.00027084457852533106,0.14555200938628549,2,2,0,1.0,0,2,0,"{1: 125, 2: 58, 3: 58, 4: 35, 5: 22}","{1: 134, 2: 65, 3: 44, 4: 32, 5: 23}"
2.0,0.015,0.1,8,True,True,0.6615314029577583,0.00027084457852533106,0.14555200938628549,2,2,0,1.0,0,2,0,"{1: 125, 2: 58, 3: 58, 4: 35, 5: 22}","{1: 134, 2: 65, 3: 44, 4: 32, 5: 23}"
2.0,0.015,0.1,8,True,False,0.6615314029577583,0.00027084457852533106,0.14555200938628549,2,2,0,1.0,0,2,0,"{1: 125, 2: 58, 3: 58, 4: 35, 5: 22}","{1: 134, 2: 65, 3: 44, 4: 32, 5: 23}"
2.0,0.015,0.1,10,False,True,0.6615314029577583,0.00027084457852533106,0.14555200938628549,2,2,0,1.0,0,2,0,"{1: 125, 2: 58, 3: 58, 4: 35, 5: 22}","{1: 134, 2: 65, 3: 44, 4: 32, 5: 23}"
2.0,0.015,0.1,10,True,True,0.6615314029577583,0.00027084457852533106,0.14555200938628549,2,2,0,1.0,0,2,0,"{1: 125, 2: 58, 3: 58, 4: 35, 5: 22}","{1: 134, 2: 65, 3: 44, 4: 32, 5: 23}"
2.0,0.015,0.1,10,True,False,0.6615314029577583,0.00027084457852533106,0.14555200938628549,2,2,0,1.0,0,2,0,"{1: 125, 2: 58, 3: 58, 4: 35, 5: 22}","{1: 134, 2: 65, 3: 44, 4: 32, 5: 23}"
2.0,0.015,0.1,12,False,True,0.6615314029577583,0.00027084457852533106,0.14555200938628549,2,2,0,1.0,0,2,0,"{1: 125, 2: 58, 3: 58, 4: 35, 5: 22}","{1: 134, 2: 65, 3: 44, 4: 32, 5: 23}"
2.0,0.015,0.1,12,True,True,0.6615314029577583,0.00027084457852533106,0.14555200938628549,2,2,0,1.0,0,2,0,"{1: 125, 2: 58, 3: 58, 4: 35, 5: 22}","{1: 134, 2: 65, 3: 44, 4: 32, 5: 23}"
2.0,0.015,0.1,12,True,False,0.6615314029577583,0.00027084457852533106,0.14555200938628549,2,2,0,1.0,0,2,0,"{1: 125, 2: 58, 3: 58, 4: 35, 5: 22}","{1: 134, 2: 65, 3: 44, 4: 32, 5: 23}"
2.0,0.015,0.08,4,False,False,0.6615189738064001,0.00025841542716720234,0.14890771408427203,4,3,1,0.5,0,3,1,"{1: 125, 2: 59, 3: 57, 4: 35, 5: 22}","{1: 135, 2: 64, 3: 44, 4: 32, 5: 23}"
2.0,0.015,0.08,4,False,True,0.6615189738064001,0.00025841542716720234,0.14890771408427206,4,3,1,0.5,0,3,0,"{1: 125, 2: 59, 3: 57, 4: 35, 5: 22}","{1: 134, 2: 65, 3: 44, 4: 32, 5: 23}"
2.0,0.015,0.08,4,True,True,0.6615189738064001,0.00025841542716720234,0.14890771408427206,4,3,1,0.5,0,3,0,"{1: 125, 2: 59, 3: 57, 4: 35, 5: 22}","{1: 134, 2: 65, 3: 44, 4: 32, 5: 23}"
2.0,0.015,0.08,4,True,False,0.6615189738064001,0.00025841542716720234,0.14890771408427206,4,3,1,0.5,0,3,0,"{1: 125, 2: 59, 3: 57, 4: 35, 5: 22}","{1: 134, 2: 65, 3: 44, 4: 32, 5: 23}"
0.5,0.015,0.06,4,False,True,0.6615189738064001,0.00025841542716720234,0.1556191234802452,4,3,1,0.5,0,3,2,"{1: 125, 2: 59, 3: 57, 4: 35, 5: 22}","{1: 134, 2: 67, 3: 42, 4: 32, 5: 23}"
0.5,0.015,0.06,4,True,True,0.6615189738064001,0.00025841542716720234,0.1556191234802452,4,3,1,0.5,0,3,2,"{1: 125, 2: 59, 3: 57, 4: 35, 5: 22}","{1: 134, 2: 67, 3: 42, 4: 32, 5: 23}"
0.5,0.015,0.06,4,True,False,0.6615189738064001,0.00025841542716720234,0.1556191234802452,4,3,1,0.5,0,3,2,"{1: 125, 2: 59, 3: 57, 4: 35, 5: 22}","{1: 134, 2: 67, 3: 42, 4: 32, 5: 23}"
0.5,0.015,0.06,4,False,False,0.6615189738064001,0.00025841542716720234,0.15897482817823178,4,3,1,0.5,0,4,4,"{1: 126, 2: 58, 3: 57, 4: 35, 5: 22}","{1: 135, 2: 67, 3: 41, 4: 32, 5: 23}"
1.0,0.015,0.06,4,False,True,0.6615189738064001,0.00025841542716720234,0.16233053287621835,4,3,1,0.5,0,4,2,"{1: 124, 2: 62, 3: 55, 4: 35, 5: 22}","{1: 134, 2: 67, 3: 42, 4: 32, 5: 23}"
1.0,0.015,0.06,4,True,True,0.6615189738064001,0.00025841542716720234,0.16233053287621835,4,3,1,0.5,0,4,2,"{1: 124, 2: 62, 3: 55, 4: 35, 5: 22}","{1: 134, 2: 67, 3: 42, 4: 32, 5: 23}"
1.0,0.015,0.06,4,True,False,0.6615189738064001,0.00025841542716720234,0.16233053287621835,4,3,1,0.5,0,4,2,"{1: 124, 2: 62, 3: 55, 4: 35, 5: 22}","{1: 134, 2: 67, 3: 42, 4: 32, 5: 23}"
0.5,0.015,0.04,4,False,True,0.6615189738064001,0.00025841542716720234,0.16233053287621838,4,3,1,0.5,0,4,3,"{1: 124, 2: 62, 3: 55, 4: 35, 5: 22}","{1: 135, 2: 66, 3: 42, 4: 32, 5: 23}"
0.5,0.015,0.04,4,True,True,0.6615189738064001,0.00025841542716720234,0.16233053287621838,4,3,1,0.5,0,4,3,"{1: 124, 2: 62, 3: 55, 4: 35, 5: 22}","{1: 135, 2: 66, 3: 42, 4: 32, 5: 23}"
0.5,0.015,0.04,4,True,False,0.6615189738064001,0.00025841542716720234,0.16233053287621838,4,3,1,0.5,0,4,3,"{1: 124, 2: 62, 3: 55, 4: 35, 5: 22}","{1: 135, 2: 66, 3: 42, 4: 32, 5: 23}"
1.0,0.015,0.04,4,False,True,0.6615189738064001,0.00025841542716720234,0.16233053287621838,4,3,1,0.5,0,4,3,"{1: 124, 2: 62, 3: 55, 4: 35, 5: 22}","{1: 135, 2: 66, 3: 42, 4: 32, 5: 23}"
1.0,0.015,0.04,4,True,True,0.6615189738064001,0.00025841542716720234,0.16233053287621838,4,3,1,0.5,0,4,3,"{1: 124, 2: 62, 3: 55, 4: 35, 5: 22}","{1: 135, 2: 66, 3: 42, 4: 32, 5: 23}"
1.0,0.015,0.04,4,True,False,0.6615189738064001,0.00025841542716720234,0.16233053287621838,4,3,1,0.5,0,4,3,"{1: 124, 2: 62, 3: 55, 4: 35, 5: 22}","{1: 135, 2: 66, 3: 42, 4: 32, 5: 23}"
2.0,0.015,0.04,4,False,True,0.6615189738064001,0.00025841542716720234,0.16233053287621838,4,3,1,0.5,0,4,3,"{1: 124, 2: 62, 3: 55, 4: 35, 5: 22}","{1: 135, 2: 66, 3: 42, 4: 32, 5: 23}"
2.0,0.015,0.04,4,True,True,0.6615189738064001,0.00025841542716720234,0.16233053287621838,4,3,1,0.5,0,4,3,"{1: 124, 2: 62, 3: 55, 4: 35, 5: 22}","{1: 135, 2: 66, 3: 42, 4: 32, 5: 23}"
2.0,0.015,0.04,4,True,False,0.6615189738064001,0.00025841542716720234,0.16233053287621838,4,3,1,0.5,0,4,3,"{1: 124, 2: 62, 3: 55, 4: 35, 5: 22}","{1: 135, 2: 66, 3: 42, 4: 32, 5: 23}"
2.0,0.015,0.06,4,False,True,0.6615189738064001,0.00025841542716720234,0.16233053287621838,4,3,1,0.5,0,4,3,"{1: 124, 2: 62, 3: 55, 4: 35, 5: 22}","{1: 135, 2: 66, 3: 42, 4: 32, 5: 23}"
2.0,0.015,0.06,4,True,True,0.6615189738064001,0.00025841542716720234,0.16233053287621838,4,3,1,0.5,0,4,3,"{1: 124, 2: 62, 3: 55, 4: 35, 5: 22}","{1: 135, 2: 66, 3: 42, 4: 32, 5: 23}"
2.0,0.015,0.06,4,True,False,0.6615189738064001,0.00025841542716720234,0.16233053287621838,4,3,1,0.5,0,4,3,"{1: 124, 2: 62, 3: 55, 4: 35, 5: 22}","{1: 135, 2: 66, 3: 42, 4: 32, 5: 23}"
0.5,0.015,0.04,4,False,False,0.6615189738064001,0.00025841542716720234,0.16568623757420495,4,3,1,0.5,0,4,4,"{1: 124, 2: 62, 3: 55, 4: 35, 5: 22}","{1: 135, 2: 67, 3: 41, 4: 32, 5: 23}"
1.0,0.015,0.04,4,False,False,0.6615189738064001,0.00025841542716720234,0.16568623757420495,4,3,1,0.5,0,4,4,"{1: 124, 2: 62, 3: 55, 4: 35, 5: 22}","{1: 135, 2: 67, 3: 41, 4: 32, 5: 23}"
1.0,0.015,0.06,4,False,False,0.6615189738064001,0.00025841542716720234,0.16568623757420495,4,3,1,0.5,0,4,4,"{1: 124, 2: 62, 3: 55, 4: 35, 5: 22}","{1: 135, 2: 67, 3: 41, 4: 32, 5: 23}"
2.0,0.015,0.04,4,False,False,0.6615189738064001,0.00025841542716720234,0.16568623757420495,4,3,1,0.5,0,4,4,"{1: 124, 2: 62, 3: 55, 4: 35, 5: 22}","{1: 135, 2: 67, 3: 41, 4: 32, 5: 23}"
2.0,0.015,0.06,4,False,False,0.6615189738064001,0.00025841542716720234,0.16568623757420495,4,3,1,0.5,0,4,4,"{1: 124, 2: 62, 3: 55, 4: 35, 5: 22}","{1: 135, 2: 67, 3: 41, 4: 32, 5: 23}"
0.5,0.025,0.04,6,False,False,0.6615065283578603,0.00024596997862735837,0.16568623757420492,6,4,2,0.3333333333333333,1,6,6,"{1: 126, 2: 60, 3: 55, 4: 35, 5: 22}","{1: 136, 2: 66, 3: 42, 4: 31, 5: 23}"
2.0,0.015,0.08,8,False,True,0.6615038058563237,0.0002432474770908133,0.14890771408427206,8,5,3,0.25,0,3,0,"{1: 125, 2: 59, 3: 57, 4: 35, 5: 22}","{1: 134, 2: 65, 3: 44, 4: 32, 5: 23}"
2.0,0.015,0.08,8,True,True,0.6615038058563237,0.0002432474770908133,0.14890771408427206,8,5,3,0.25,0,3,0,"{1: 125, 2: 59, 3: 57, 4: 35, 5: 22}","{1: 134, 2: 65, 3: 44, 4: 32, 5: 23}"
2.0,0.015,0.08,8,True,False,0.6615038058563237,0.0002432474770908133,0.14890771408427206,8,5,3,0.25,0,3,0,"{1: 125, 2: 59, 3: 57, 4: 35, 5: 22}","{1: 134, 2: 65, 3: 44, 4: 32, 5: 23}"
2.0,0.015,0.08,10,False,True,0.6615038058563237,0.0002432474770908133,0.14890771408427206,8,5,3,0.25,0,3,0,"{1: 125, 2: 59, 3: 57, 4: 35, 5: 22}","{1: 134, 2: 65, 3: 44, 4: 32, 5: 23}"
2.0,0.015,0.08,10,True,True,0.6615038058563237,0.0002432474770908133,0.14890771408427206,8,5,3,0.25,0,3,0,"{1: 125, 2: 59, 3: 57, 4: 35, 5: 22}","{1: 134, 2: 65, 3: 44, 4: 32, 5: 23}"
2.0,0.015,0.08,10,True,False,0.6615038058563237,0.0002432474770908133,0.14890771408427206,8,5,3,0.25,0,3,0,"{1: 125, 2: 59, 3: 57, 4: 35, 5: 22}","{1: 134, 2: 65, 3: 44, 4: 32, 5: 23}"
2.0,0.015,0.08,12,False,True,0.6615038058563237,0.0002432474770908133,0.14890771408427206,8,5,3,0.25,0,3,0,"{1: 125, 2: 59, 3: 57, 4: 35, 5: 22}","{1: 134, 2: 65, 3: 44, 4: 32, 5: 23}"
2.0,0.015,0.08,12,True,True,0.6615038058563237,0.0002432474770908133,0.14890771408427206,8,5,3,0.25,0,3,0,"{1: 125, 2: 59, 3: 57, 4: 35, 5: 22}","{1: 134, 2: 65, 3: 44, 4: 32, 5: 23}"
2.0,0.015,0.08,12,True,False,0.6615038058563237,0.0002432474770908133,0.14890771408427206,8,5,3,0.25,0,3,0,"{1: 125, 2: 59, 3: 57, 4: 35, 5: 22}","{1: 134, 2: 65, 3: 44, 4: 32, 5: 23}"
0.5,0.015,0.04,10,False,False,0.6614946058224251,0.00023404744319222015,0.16568623757420495,10,5,5,0.0,2,6,6,"{1: 126, 2: 60, 3: 55, 4: 35, 5: 22}","{1: 137, 2: 65, 3: 41, 4: 32, 5: 23}"
1.0,0.015,0.04,10,False,False,0.6614946058224251,0.00023404744319222015,0.16568623757420495,10,5,5,0.0,2,6,6,"{1: 126, 2: 60, 3: 55, 4: 35, 5: 22}","{1: 137, 2: 65, 3: 41, 4: 32, 5: 23}"
2.0,0.015,0.04,10,False,False,0.6614946058224251,0.00023404744319222015,0.16568623757420495,10,5,5,0.0,2,6,6,"{1: 126, 2: 60, 3: 55, 4: 35, 5: 22}","{1: 137, 2: 65, 3: 41, 4: 32, 5: 23}"
1.0,0.015,0.1,3,False,False,0.6614930206514518,0.0002324622722188474,0.14555200938628546,3,2,1,0.3333333333333333,1,1,0,"{1: 124, 2: 59, 3: 58, 4: 35, 5: 22}","{1: 134, 2: 65, 3: 44, 4: 32, 5: 23}"
1.0,0.015,0.1,4,False,False,0.6614930206514518,0.0002324622722188474,0.14555200938628546,3,2,1,0.3333333333333333,1,1,0,"{1: 124, 2: 59, 3: 58, 4: 35, 5: 22}","{1: 134, 2: 65, 3: 44, 4: 32, 5: 23}"
1.0,0.015,0.1,5,False,False,0.6614930206514518,0.0002324622722188474,0.14555200938628546,3,2,1,0.3333333333333333,1,1,0,"{1: 124, 2: 59, 3: 58, 4: 35, 5: 22}","{1: 134, 2: 65, 3: 44, 4: 32, 5: 23}"
1.0,0.015,0.1,6,False,False,0.6614930206514518,0.0002324622722188474,0.14555200938628546,3,2,1,0.3333333333333333,1,1,0,"{1: 124, 2: 59, 3: 58, 4: 35, 5: 22}","{1: 134, 2: 65, 3: 44, 4: 32, 5: 23}"
1.0,0.015,0.1,8,False,False,0.6614930206514518,0.0002324622722188474,0.14555200938628546,3,2,1,0.3333333333333333,1,1,0,"{1: 124, 2: 59, 3: 58, 4: 35, 5: 22}","{1: 134, 2: 65, 3: 44, 4: 32, 5: 23}"
1.0,0.015,0.1,10,False,False,0.6614930206514518,0.0002324622722188474,0.14555200938628546,3,2,1,0.3333333333333333,1,1,0,"{1: 124, 2: 59, 3: 58, 4: 35, 5: 22}","{1: 134, 2: 65, 3: 44, 4: 32, 5: 23}"
1.0,0.015,0.1,12,False,False,0.6614930206514518,0.0002324622722188474,0.14555200938628546,3,2,1,0.3333333333333333,1,1,0,"{1: 124, 2: 59, 3: 58, 4: 35, 5: 22}","{1: 134, 2: 65, 3: 44, 4: 32, 5: 23}"
0.5,0.015,0.1,3,False,False,0.6614930206514518,0.0002324622722188474,0.14555200938628549,3,2,1,0.3333333333333333,1,0,0,"{1: 123, 2: 60, 3: 58, 4: 35, 5: 22}","{1: 134, 2: 65, 3: 44, 4: 32, 5: 23}"
0.5,0.015,0.1,4,False,False,0.6614930206514518,0.0002324622722188474,0.14555200938628549,3,2,1,0.3333333333333333,1,0,0,"{1: 123, 2: 60, 3: 58, 4: 35, 5: 22}","{1: 134, 2: 65, 3: 44, 4: 32, 5: 23}"
0.5,0.015,0.1,5,False,False,0.6614930206514518,0.0002324622722188474,0.14555200938628549,3,2,1,0.3333333333333333,1,0,0,"{1: 123, 2: 60, 3: 58, 4: 35, 5: 22}","{1: 134, 2: 65, 3: 44, 4: 32, 5: 23}"
0.5,0.015,0.1,6,False,False,0.6614930206514518,0.0002324622722188474,0.14555200938628549,3,2,1,0.3333333333333333,1,0,0,"{1: 123, 2: 60, 3: 58, 4: 35, 5: 22}","{1: 134, 2: 65, 3: 44, 4: 32, 5: 23}"
0.5,0.015,0.1,8,False,False,0.6614930206514518,0.0002324622722188474,0.14555200938628549,3,2,1,0.3333333333333333,1,0,0,"{1: 123, 2: 60, 3: 58, 4: 35, 5: 22}","{1: 134, 2: 65, 3: 44, 4: 32, 5: 23}"
0.5,0.015,0.1,10,False,False,0.6614930206514518,0.0002324622722188474,0.14555200938628549,3,2,1,0.3333333333333333,1,0,0,"{1: 123, 2: 60, 3: 58, 4: 35, 5: 22}","{1: 134, 2: 65, 3: 44, 4: 32, 5: 23}"
0.5,0.015,0.1,12,False,False,0.6614930206514518,0.0002324622722188474,0.14555200938628549,3,2,1,0.3333333333333333,1,0,0,"{1: 123, 2: 60, 3: 58, 4: 35, 5: 22}","{1: 134, 2: 65, 3: 44, 4: 32, 5: 23}"
2.0,0.015,0.1,3,False,False,0.6614930206514518,0.0002324622722188474,0.14555200938628549,3,2,1,0.3333333333333333,1,2,0,"{1: 125, 2: 58, 3: 58, 4: 35, 5: 22}","{1: 134, 2: 65, 3: 44, 4: 32, 5: 23}"
0.5,0.015,0.06,12,False,False,0.6614886552867283,0.0002280969074953676,0.15897482817823178,12,6,6,0.0,3,4,4,"{1: 126, 2: 58, 3: 57, 4: 35, 5: 22}","{1: 135, 2: 67, 3: 41, 4: 32, 5: 23}"
1.0,0.015,0.06,12,False,False,0.6614886552867283,0.0002280969074953676,0.16568623757420492,12,6,6,0.0,3,6,5,"{1: 126, 2: 60, 3: 55, 4: 35, 5: 22}","{1: 136, 2: 66, 3: 41, 4: 32, 5: 23}"
2.0,0.015,0.06,12,False,False,0.6614886552867283,0.0002280969074953676,0.16568623757420495,12,6,6,0.0,3,6,6,"{1: 126, 2: 60, 3: 55, 4: 35, 5: 22}","{1: 137, 2: 65, 3: 41, 4: 32, 5: 23}"
0.5,0.025,0.04,10,False,False,0.661488105312094,0.00022754693286108907,0.16568623757420495,10,6,4,0.2,1,6,9,"{1: 126, 2: 60, 3: 55, 4: 35, 5: 22}","{1: 139, 2: 63, 3: 42, 4: 31, 5: 23}"
2.0,0.025,0.08,12,False,True,0.6614854052884149,0.00022484690918200823,0.14890771408427206,12,8,4,0.3333333333333333,0,3,0,"{1: 125, 2: 59, 3: 57, 4: 35, 5: 22}","{1: 134, 2: 65, 3: 44, 4: 32, 5: 23}"
2.0,0.025,0.08,12,True,True,0.6614854052884149,0.00022484690918200823,0.14890771408427206,12,8,4,0.3333333333333333,0,3,0,"{1: 125, 2: 59, 3: 57, 4: 35, 5: 22}","{1: 134, 2: 65, 3: 44, 4: 32, 5: 23}"
2.0,0.025,0.08,12,True,False,0.6614854052884149,0.00022484690918200823,0.14890771408427206,12,8,4,0.3333333333333333,0,3,0,"{1: 125, 2: 59, 3: 57, 4: 35, 5: 22}","{1: 134, 2: 65, 3: 44, 4: 32, 5: 23}"
2.0,0.04,0.08,12,False,False,0.6614788930371629,0.00021833465792997497,0.15505669983800044,12,8,4,0.3333333333333333,3,4,4,"{1: 125, 2: 59, 3: 58, 4: 34, 5: 22}","{1: 137, 2: 63, 3: 43, 4: 32, 5: 23}"
2.0,0.06,0.08,12,False,True,0.6614788930371628,0.00021833465792986395,0.16176810923397364,12,7,5,0.16666666666666666,0,6,5,"{1: 126, 2: 59, 3: 57, 4: 34, 5: 22}","{1: 138, 2: 62, 3: 43, 4: 32, 5: 23}"
2.0,0.06,0.08,12,True,True,0.6614788930371628,0.00021833465792986395,0.16176810923397364,12,7,5,0.16666666666666666,0,6,5,"{1: 126, 2: 59, 3: 57, 4: 34, 5: 22}","{1: 138, 2: 62, 3: 43, 4: 32, 5: 23}"
2.0,0.06,0.08,12,True,False,0.6614788930371628,0.00021833465792986395,0.16176810923397364,12,7,5,0.16666666666666666,0,6,5,"{1: 126, 2: 59, 3: 57, 4: 34, 5: 22}","{1: 138, 2: 62, 3: 43, 4: 32, 5: 23}"
0.5,0.015,0.08,4,False,True,0.6614513816859877,0.00019082330675479486,0.14555200938628549,4,3,1,0.5,0,2,0,"{1: 125, 2: 58, 3: 58, 4: 35, 5: 22}","{1: 134, 2: 65, 3: 44, 4: 32, 5: 23}"
0.5,0.015,0.08,4,True,True,0.6614513816859877,0.00019082330675479486,0.14555200938628549,4,3,1,0.5,0,2,0,"{1: 125, 2: 58, 3: 58, 4: 35, 5: 22}","{1: 134, 2: 65, 3: 44, 4: 32, 5: 23}"
0.5,0.015,0.08,4,True,False,0.6614513816859877,0.00019082330675479486,0.14555200938628549,4,3,1,0.5,0,2,0,"{1: 125, 2: 58, 3: 58, 4: 35, 5: 22}","{1: 134, 2: 65, 3: 44, 4: 32, 5: 23}"
0.5,0.015,0.08,5,False,True,0.6614513816859877,0.00019082330675479486,0.14555200938628549,4,3,1,0.5,0,2,0,"{1: 125, 2: 58, 3: 58, 4: 35, 5: 22}","{1: 134, 2: 65, 3: 44, 4: 32, 5: 23}"
0.5,0.015,0.08,5,True,True,0.6614513816859877,0.00019082330675479486,0.14555200938628549,4,3,1,0.5,0,2,0,"{1: 125, 2: 58, 3: 58, 4: 35, 5: 22}","{1: 134, 2: 65, 3: 44, 4: 32, 5: 23}"
0.5,0.015,0.08,5,True,False,0.6614513816859877,0.00019082330675479486,0.14555200938628549,4,3,1,0.5,0,2,0,"{1: 125, 2: 58, 3: 58, 4: 35, 5: 22}","{1: 134, 2: 65, 3: 44, 4: 32, 5: 23}"
0.5,0.015,0.08,6,False,True,0.6614513816859877,0.00019082330675479486,0.14555200938628549,4,3,1,0.5,0,2,0,"{1: 125, 2: 58, 3: 58, 4: 35, 5: 22}","{1: 134, 2: 65, 3: 44, 4: 32, 5: 23}"
0.5,0.015,0.08,6,True,True,0.6614513816859877,0.00019082330675479486,0.14555200938628549,4,3,1,0.5,0,2,0,"{1: 125, 2: 58, 3: 58, 4: 35, 5: 22}","{1: 134, 2: 65, 3: 44, 4: 32, 5: 23}"
0.5,0.015,0.08,6,True,False,0.6614513816859877,0.00019082330675479486,0.14555200938628549,4,3,1,0.5,0,2,0,"{1: 125, 2: 58, 3: 58, 4: 35, 5: 22}","{1: 134, 2: 65, 3: 44, 4: 32, 5: 23}"
0.5,0.015,0.08,8,False,True,0.6614513816859877,0.00019082330675479486,0.14555200938628549,4,3,1,0.5,0,2,0,"{1: 125, 2: 58, 3: 58, 4: 35, 5: 22}","{1: 134, 2: 65, 3: 44, 4: 32, 5: 23}"
0.5,0.015,0.08,8,True,True,0.6614513816859877,0.00019082330675479486,0.14555200938628549,4,3,1,0.5,0,2,0,"{1: 125, 2: 58, 3: 58, 4: 35, 5: 22}","{1: 134, 2: 65, 3: 44, 4: 32, 5: 23}"
0.5,0.015,0.08,8,True,False,0.6614513816859877,0.00019082330675479486,0.14555200938628549,4,3,1,0.5,0,2,0,"{1: 125, 2: 58, 3: 58, 4: 35, 5: 22}","{1: 134, 2: 65, 3: 44, 4: 32, 5: 23}"
0.5,0.015,0.08,10,False,True,0.6614513816859877,0.00019082330675479486,0.14555200938628549,4,3,1,0.5,0,2,0,"{1: 125, 2: 58, 3: 58, 4: 35, 5: 22}","{1: 134, 2: 65, 3: 44, 4: 32, 5: 23}"
0.5,0.015,0.08,10,True,True,0.6614513816859877,0.00019082330675479486,0.14555200938628549,4,3,1,0.5,0,2,0,"{1: 125, 2: 58, 3: 58, 4: 35, 5: 22}","{1: 134, 2: 65, 3: 44, 4: 32, 5: 23}"
0.5,0.015,0.08,10,True,False,0.6614513816859877,0.00019082330675479486,0.14555200938628549,4,3,1,0.5,0,2,0,"{1: 125, 2: 58, 3: 58, 4: 35, 5: 22}","{1: 134, 2: 65, 3: 44, 4: 32, 5: 23}"
0.5,0.015,0.08,12,False,True,0.6614513816859877,0.00019082330675479486,0.14555200938628549,4,3,1,0.5,0,2,0,"{1: 125, 2: 58, 3: 58, 4: 35, 5: 22}","{1: 134, 2: 65, 3: 44, 4: 32, 5: 23}"
0.5,0.015,0.08,12,True,True,0.6614513816859877,0.00019082330675479486,0.14555200938628549,4,3,1,0.5,0,2,0,"{1: 125, 2: 58, 3: 58, 4: 35, 5: 22}","{1: 134, 2: 65, 3: 44, 4: 32, 5: 23}"
0.5,0.015,0.08,12,True,False,0.6614513816859877,0.00019082330675479486,0.14555200938628549,4,3,1,0.5,0,2,0,"{1: 125, 2: 58, 3: 58, 4: 35, 5: 22}","{1: 134, 2: 65, 3: 44, 4: 32, 5: 23}"
0.5,0.025,0.08,4,False,True,0.6614481059074934,0.00018754752826044552,0.14555200938628549,4,3,1,0.5,0,2,0,"{1: 125, 2: 58, 3: 58, 4: 35, 5: 22}","{1: 134, 2: 65, 3: 44, 4: 32, 5: 23}"
0.5,0.025,0.08,4,False,False,0.6614481059074934,0.00018754752826044552,0.14555200938628549,4,3,1,0.5,0,2,0,"{1: 125, 2: 58, 3: 58, 4: 35, 5: 22}","{1: 134, 2: 65, 3: 44, 4: 32, 5: 23}"
0.5,0.025,0.08,4,True,True,0.6614481059074934,0.00018754752826044552,0.14555200938628549,4,3,1,0.5,0,2,0,"{1: 125, 2: 58, 3: 58, 4: 35, 5: 22}","{1: 134, 2: 65, 3: 44, 4: 32, 5: 23}"
0.5,0.025,0.08,4,True,False,0.6614481059074934,0.00018754752826044552,0.14555200938628549,4,3,1,0.5,0,2,0,"{1: 125, 2: 58, 3: 58, 4: 35, 5: 22}","{1: 134, 2: 65, 3: 44, 4: 32, 5: 23}"
1.0,0.025,0.08,4,False,True,0.6614481059074934,0.00018754752826044552,0.14555200938628549,4,3,1,0.5,0,2,0,"{1: 125, 2: 58, 3: 58, 4: 35, 5: 22}","{1: 134, 2: 65, 3: 44, 4: 32, 5: 23}"
1.0,0.025,0.08,4,True,True,0.6614481059074934,0.00018754752826044552,0.14555200938628549,4,3,1,0.5,0,2,0,"{1: 125, 2: 58, 3: 58, 4: 35, 5: 22}","{1: 134, 2: 65, 3: 44, 4: 32, 5: 23}"
1.0,0.025,0.08,4,True,False,0.6614481059074934,0.00018754752826044552,0.14555200938628549,4,3,1,0.5,0,2,0,"{1: 125, 2: 58, 3: 58, 4: 35, 5: 22}","{1: 134, 2: 65, 3: 44, 4: 32, 5: 23}"
1.0,0.025,0.08,4,False,False,0.6614481059074934,0.00018754752826044552,0.1483452904420273,4,3,1,0.5,0,2,1,"{1: 125, 2: 58, 3: 58, 4: 35, 5: 22}","{1: 135, 2: 64, 3: 44, 4: 32, 5: 23}"
2.0,0.025,0.08,4,False,False,0.6614481059074934,0.00018754752826044552,0.14890771408427203,4,3,1,0.5,0,3,1,"{1: 125, 2: 59, 3: 57, 4: 35, 5: 22}","{1: 135, 2: 64, 3: 44, 4: 32, 5: 23}"
2.0,0.025,0.08,4,False,True,0.6614481059074934,0.00018754752826044552,0.14890771408427206,4,3,1,0.5,0,3,0,"{1: 125, 2: 59, 3: 57, 4: 35, 5: 22}","{1: 134, 2: 65, 3: 44, 4: 32, 5: 23}"
2.0,0.025,0.08,4,True,True,0.6614481059074934,0.00018754752826044552,0.14890771408427206,4,3,1,0.5,0,3,0,"{1: 125, 2: 59, 3: 57, 4: 35, 5: 22}","{1: 134, 2: 65, 3: 44, 4: 32, 5: 23}"
2.0,0.025,0.08,4,True,False,0.6614481059074934,0.00018754752826044552,0.14890771408427206,4,3,1,0.5,0,3,0,"{1: 125, 2: 59, 3: 57, 4: 35, 5: 22}","{1: 134, 2: 65, 3: 44, 4: 32, 5: 23}"
0.5,0.025,0.06,4,False,True,0.6614481059074934,0.00018754752826044552,0.1556191234802452,4,3,1,0.5,0,3,2,"{1: 125, 2: 59, 3: 57, 4: 35, 5: 22}","{1: 134, 2: 67, 3: 42, 4: 32, 5: 23}"
0.5,0.025,0.06,4,True,True,0.6614481059074934,0.00018754752826044552,0.1556191234802452,4,3,1,0.5,0,3,2,"{1: 125, 2: 59, 3: 57, 4: 35, 5: 22}","{1: 134, 2: 67, 3: 42, 4: 32, 5: 23}"
0.5,0.025,0.06,4,True,False,0.6614481059074934,0.00018754752826044552,0.1556191234802452,4,3,1,0.5,0,3,2,"{1: 125, 2: 59, 3: 57, 4: 35, 5: 22}","{1: 134, 2: 67, 3: 42, 4: 32, 5: 23}"
0.5,0.025,0.06,4,False,False,0.6614481059074934,0.00018754752826044552,0.15897482817823178,4,3,1,0.5,0,4,4,"{1: 126, 2: 58, 3: 57, 4: 35, 5: 22}","{1: 135, 2: 67, 3: 41, 4: 32, 5: 23}"
1.0,0.015,0.08,6,False,True,0.6614421788021424,0.00018162042290947866,0.14555200938628549,6,4,2,0.3333333333333333,0,2,0,"{1: 125, 2: 58, 3: 58, 4: 35, 5: 22}","{1: 134, 2: 65, 3: 44, 4: 32, 5: 23}"
1.0,0.015,0.08,6,True,True,0.6614421788021424,0.00018162042290947866,0.14555200938628549,6,4,2,0.3333333333333333,0,2,0,"{1: 125, 2: 58, 3: 58, 4: 35, 5: 22}","{1: 134, 2: 65, 3: 44, 4: 32, 5: 23}"
1.0,0.015,0.08,6,True,False,0.6614421788021424,0.00018162042290947866,0.14555200938628549,6,4,2,0.3333333333333333,0,2,0,"{1: 125, 2: 58, 3: 58, 4: 35, 5: 22}","{1: 134, 2: 65, 3: 44, 4: 32, 5: 23}"
1.0,0.015,0.08,8,False,True,0.6614421788021424,0.00018162042290947866,0.14555200938628549,6,4,2,0.3333333333333333,0,2,0,"{1: 125, 2: 58, 3: 58, 4: 35, 5: 22}","{1: 134, 2: 65, 3: 44, 4: 32, 5: 23}"
1.0,0.015,0.08,8,True,True,0.6614421788021424,0.00018162042290947866,0.14555200938628549,6,4,2,0.3333333333333333,0,2,0,"{1: 125, 2: 58, 3: 58, 4: 35, 5: 22}","{1: 134, 2: 65, 3: 44, 4: 32, 5: 23}"
1.0,0.015,0.08,8,True,False,0.6614421788021424,0.00018162042290947866,0.14555200938628549,6,4,2,0.3333333333333333,0,2,0,"{1: 125, 2: 58, 3: 58, 4: 35, 5: 22}","{1: 134, 2: 65, 3: 44, 4: 32, 5: 23}"
1.0,0.015,0.08,10,False,True,0.6614421788021424,0.00018162042290947866,0.14555200938628549,6,4,2,0.3333333333333333,0,2,0,"{1: 125, 2: 58, 3: 58, 4: 35, 5: 22}","{1: 134, 2: 65, 3: 44, 4: 32, 5: 23}"
1.0,0.015,0.08,10,True,True,0.6614421788021424,0.00018162042290947866,0.14555200938628549,6,4,2,0.3333333333333333,0,2,0,"{1: 125, 2: 58, 3: 58, 4: 35, 5: 22}","{1: 134, 2: 65, 3: 44, 4: 32, 5: 23}"
1.0,0.015,0.08,10,True,False,0.6614421788021424,0.00018162042290947866,0.14555200938628549,6,4,2,0.3333333333333333,0,2,0,"{1: 125, 2: 58, 3: 58, 4: 35, 5: 22}","{1: 134, 2: 65, 3: 44, 4: 32, 5: 23}"
1.0,0.015,0.08,12,False,True,0.6614421788021424,0.00018162042290947866,0.14555200938628549,6,4,2,0.3333333333333333,0,2,0,"{1: 125, 2: 58, 3: 58, 4: 35, 5: 22}","{1: 134, 2: 65, 3: 44, 4: 32, 5: 23}"
1.0,0.015,0.08,12,True,True,0.6614421788021424,0.00018162042290947866,0.14555200938628549,6,4,2,0.3333333333333333,0,2,0,"{1: 125, 2: 58, 3: 58, 4: 35, 5: 22}","{1: 134, 2: 65, 3: 44, 4: 32, 5: 23}"
1.0,0.015,0.08,12,True,False,0.6614421788021424,0.00018162042290947866,0.14555200938628549,6,4,2,0.3333333333333333,0,2,0,"{1: 125, 2: 58, 3: 58, 4: 35, 5: 22}","{1: 134, 2: 65, 3: 44, 4: 32, 5: 23}"
0.5,0.015,0.06,8,False,False,0.6614329754179532,0.00017241703872028502,0.15897482817823178,8,4,4,0.0,1,4,4,"{1: 126, 2: 58, 3: 57, 4: 35, 5: 22}","{1: 135, 2: 67, 3: 41, 4: 32, 5: 23}"
1.0,0.015,0.06,8,False,False,0.6614329754179532,0.00017241703872028502,0.16568623757420492,8,4,4,0.0,1,6,5,"{1: 126, 2: 60, 3: 55, 4: 35, 5: 22}","{1: 136, 2: 66, 3: 41, 4: 32, 5: 23}"
2.0,0.015,0.06,8,False,False,0.6614329754179532,0.00017241703872028502,0.16568623757420495,8,4,4,0.0,1,6,6,"{1: 126, 2: 60, 3: 55, 4: 35, 5: 22}","{1: 137, 2: 65, 3: 41, 4: 32, 5: 23}"
2.0,0.025,0.08,8,False,False,0.6614296878994383,0.00016912952020542438,0.14890771408427203,8,5,3,0.25,0,3,1,"{1: 125, 2: 59, 3: 57, 4: 35, 5: 22}","{1: 135, 2: 64, 3: 44, 4: 32, 5: 23}"
2.0,0.025,0.08,8,False,True,0.6614296878994383,0.00016912952020542438,0.14890771408427206,8,5,3,0.25,0,3,0,"{1: 125, 2: 59, 3: 57, 4: 35, 5: 22}","{1: 134, 2: 65, 3: 44, 4: 32, 5: 23}"
2.0,0.025,0.08,8,True,True,0.6614296878994383,0.00016912952020542438,0.14890771408427206,8,5,3,0.25,0,3,0,"{1: 125, 2: 59, 3: 57, 4: 35, 5: 22}","{1: 134, 2: 65, 3: 44, 4: 32, 5: 23}"
2.0,0.025,0.08,8,True,False,0.6614296878994383,0.00016912952020542438,0.14890771408427206,8,5,3,0.25,0,3,0,"{1: 125, 2: 59, 3: 57, 4: 35, 5: 22}","{1: 134, 2: 65, 3: 44, 4: 32, 5: 23}"
0.5,0.025,0.06,8,False,True,0.6614296878994383,0.00016912952020542438,0.1556191234802452,8,5,3,0.25,0,3,2,"{1: 125, 2: 59, 3: 57, 4: 35, 5: 22}","{1: 134, 2: 67, 3: 42, 4: 32, 5: 23}"
0.5,0.025,0.06,8,True,True,0.6614296878994383,0.00016912952020542438,0.1556191234802452,8,5,3,0.25,0,3,2,"{1: 125, 2: 59, 3: 57, 4: 35, 5: 22}","{1: 134, 2: 67, 3: 42, 4: 32, 5: 23}"
0.5,0.025,0.06,8,True,False,0.6614296878994383,0.00016912952020542438,0.1556191234802452,8,5,3,0.25,0,3,2,"{1: 125, 2: 59, 3: 57, 4: 35, 5: 22}","{1: 134, 2: 67, 3: 42, 4: 32, 5: 23}"
0.5,0.025,0.06,8,False,False,0.6614296878994383,0.00016912952020542438,0.15897482817823178,8,5,3,0.25,0,4,4,"{1: 126, 2: 58, 3: 57, 4: 35, 5: 22}","{1: 135, 2: 67, 3: 41, 4: 32, 5: 23}"
2.0,0.04,0.1,3,False,False,0.6614189142176534,0.0001583558384204986,0.1517009951400139,3,3,0,1.0,1,2,3,"{1: 125, 2: 58, 3: 58, 4: 35, 5: 22}","{1: 136, 2: 64, 3: 43, 4: 32, 5: 23}"
1.0,0.025,0.04,10,False,False,0.6614171806142605,0.00015662223502754813,0.16568623757420495,10,6,4,0.2,2,6,9,"{1: 126, 2: 60, 3: 55, 4: 35, 5: 22}","{1: 139, 2: 63, 3: 42, 4: 31, 5: 23}"
2.0,0.025,0.04,10,False,False,0.6614171806142605,0.00015662223502754813,0.16568623757420495,10,6,4,0.2,2,6,9,"{1: 126, 2: 60, 3: 55, 4: 35, 5: 22}","{1: 139, 2: 63, 3: 42, 4: 31, 5: 23}"
0.5,0.08,0.1,12,False,True,0.6614145671483798,0.00015400876914684059,0.15505669983800044,12,6,6,0.0,0,4,4,"{1: 125, 2: 59, 3: 58, 4: 34, 5: 22}","{1: 137, 2: 63, 3: 43, 4: 32, 5: 23}"
0.5,0.08,0.1,12,True,True,0.6614145671483798,0.00015400876914684059,0.15505669983800044,12,6,6,0.0,0,4,4,"{1: 125, 2: 59, 3: 58, 4: 34, 5: 22}","{1: 137, 2: 63, 3: 43, 4: 32, 5: 23}"
0.5,0.08,0.1,12,True,False,0.6614145671483798,0.00015400876914684059,0.15505669983800044,12,6,6,0.0,0,4,4,"{1: 125, 2: 59, 3: 58, 4: 34, 5: 22}","{1: 137, 2: 63, 3: 43, 4: 32, 5: 23}"
1.0,0.08,0.1,12,False,True,0.6614145671483798,0.00015400876914684059,0.15841240453598704,12,6,6,0.0,0,5,5,"{1: 126, 2: 58, 3: 58, 4: 34, 5: 22}","{1: 137, 2: 63, 3: 44, 4: 31, 5: 23}"
1.0,0.08,0.1,12,True,True,0.6614145671483798,0.00015400876914684059,0.15841240453598704,12,6,6,0.0,0,5,5,"{1: 126, 2: 58, 3: 58, 4: 34, 5: 22}","{1: 137, 2: 63, 3: 44, 4: 31, 5: 23}"
1.0,0.08,0.1,12,True,False,0.6614145671483798,0.00015400876914684059,0.15841240453598704,12,6,6,0.0,0,5,5,"{1: 126, 2: 58, 3: 58, 4: 34, 5: 22}","{1: 137, 2: 63, 3: 44, 4: 31, 5: 23}"
2.0,0.08,0.1,12,False,True,0.6614145671483798,0.00015400876914684059,0.1617681092339737,12,6,6,0.0,0,6,5,"{1: 127, 2: 57, 3: 58, 4: 34, 5: 22}","{1: 137, 2: 63, 3: 44, 4: 31, 5: 23}"
2.0,0.08,0.1,12,True,True,0.6614145671483798,0.00015400876914684059,0.1617681092339737,12,6,6,0.0,0,6,5,"{1: 127, 2: 57, 3: 58, 4: 34, 5: 22}","{1: 137, 2: 63, 3: 44, 4: 31, 5: 23}"
2.0,0.08,0.1,12,True,False,0.6614145671483798,0.00015400876914684059,0.1617681092339737,12,6,6,0.0,0,6,5,"{1: 127, 2: 57, 3: 58, 4: 34, 5: 22}","{1: 137, 2: 63, 3: 44, 4: 31, 5: 23}"
0.5,0.015,0.08,5,False,False,0.6614130059599626,0.00015244758072963105,0.14555200938628549,5,3,2,0.2,2,2,0,"{1: 125, 2: 58, 3: 58, 4: 35, 5: 22}","{1: 134, 2: 65, 3: 44, 4: 32, 5: 23}"
2.0,0.06,0.14,5,False,True,0.6614130059599626,0.00015244758072963105,0.1483452904420273,5,3,2,0.2,0,1,2,"{1: 124, 2: 59, 3: 58, 4: 35, 5: 22}","{1: 136, 2: 63, 3: 44, 4: 32, 5: 23}"
2.0,0.06,0.14,5,False,False,0.6614130059599626,0.00015244758072963105,0.1483452904420273,5,3,2,0.2,0,1,2,"{1: 124, 2: 59, 3: 58, 4: 35, 5: 22}","{1: 136, 2: 63, 3: 44, 4: 32, 5: 23}"
2.0,0.06,0.14,5,True,True,0.6614130059599626,0.00015244758072963105,0.1483452904420273,5,3,2,0.2,0,1,2,"{1: 124, 2: 59, 3: 58, 4: 35, 5: 22}","{1: 136, 2: 63, 3: 44, 4: 32, 5: 23}"
2.0,0.06,0.14,5,True,False,0.6614130059599626,0.00015244758072963105,0.1483452904420273,5,3,2,0.2,0,1,2,"{1: 124, 2: 59, 3: 58, 4: 35, 5: 22}","{1: 136, 2: 63, 3: 44, 4: 32, 5: 23}"
0.5,0.025,0.06,12,False,True,0.6614112678873095,0.00015070950807660743,0.1556191234802452,12,7,5,0.16666666666666666,0,3,2,"{1: 125, 2: 59, 3: 57, 4: 35, 5: 22}","{1: 134, 2: 67, 3: 42, 4: 32, 5: 23}"
0.5,0.025,0.06,12,True,True,0.6614112678873095,0.00015070950807660743,0.1556191234802452,12,7,5,0.16666666666666666,0,3,2,"{1: 125, 2: 59, 3: 57, 4: 35, 5: 22}","{1: 134, 2: 67, 3: 42, 4: 32, 5: 23}"
0.5,0.025,0.06,12,True,False,0.6614112678873095,0.00015070950807660743,0.1556191234802452,12,7,5,0.16666666666666666,0,3,2,"{1: 125, 2: 59, 3: 57, 4: 35, 5: 22}","{1: 134, 2: 67, 3: 42, 4: 32, 5: 23}"
0.5,0.025,0.06,12,False,False,0.6614112678873095,0.00015070950807660743,0.15897482817823178,12,7,5,0.16666666666666666,1,4,4,"{1: 126, 2: 58, 3: 57, 4: 35, 5: 22}","{1: 135, 2: 67, 3: 41, 4: 32, 5: 23}"
0.5,0.08,0.1,12,False,False,0.6614112678873094,0.0001507095080764964,0.15505669983800044,12,7,5,0.16666666666666666,2,4,4,"{1: 125, 2: 59, 3: 58, 4: 34, 5: 22}","{1: 137, 2: 63, 3: 43, 4: 32, 5: 23}"
1.0,0.08,0.1,12,False,False,0.6614112678873094,0.0001507095080764964,0.15841240453598704,12,7,5,0.16666666666666666,2,5,5,"{1: 126, 2: 58, 3: 58, 4: 34, 5: 22}","{1: 137, 2: 63, 3: 44, 4: 31, 5: 23}"
2.0,0.08,0.1,12,False,False,0.6614112678873094,0.0001507095080764964,0.1617681092339737,12,7,5,0.16666666666666666,2,6,5,"{1: 127, 2: 57, 3: 58, 4: 34, 5: 22}","{1: 137, 2: 63, 3: 44, 4: 31, 5: 23}"
1.0,0.04,0.1,5,False,False,0.6614097067231414,0.0001491483439084451,0.14890771408427203,5,4,1,0.6,1,1,3,"{1: 124, 2: 59, 3: 58, 4: 35, 5: 22}","{1: 136, 2: 64, 3: 43, 4: 32, 5: 23}"
2.0,0.015,0.08,5,False,False,0.6614097067231414,0.0001491483439084451,0.14890771408427203,5,3,2,0.2,0,3,1,"{1: 125, 2: 59, 3: 57, 4: 35, 5: 22}","{1: 135, 2: 64, 3: 44, 4: 32, 5: 23}"
0.5,0.04,0.1,5,False,False,0.6614097067231414,0.0001491483439084451,0.14890771408427206,5,4,1,0.6,1,0,3,"{1: 123, 2: 60, 3: 58, 4: 35, 5: 22}","{1: 136, 2: 64, 3: 43, 4: 32, 5: 23}"
2.0,0.015,0.08,5,False,True,0.6614097067231414,0.0001491483439084451,0.14890771408427206,5,3,2,0.2,0,3,0,"{1: 125, 2: 59, 3: 57, 4: 35, 5: 22}","{1: 134, 2: 65, 3: 44, 4: 32, 5: 23}"
2.0,0.015,0.08,5,True,True,0.6614097067231414,0.0001491483439084451,0.14890771408427206,5,3,2,0.2,0,3,0,"{1: 125, 2: 59, 3: 57, 4: 35, 5: 22}","{1: 134, 2: 65, 3: 44, 4: 32, 5: 23}"
2.0,0.015,0.08,5,True,False,0.6614097067231414,0.0001491483439084451,0.14890771408427206,5,3,2,0.2,0,3,0,"{1: 125, 2: 59, 3: 57, 4: 35, 5: 22}","{1: 134, 2: 65, 3: 44, 4: 32, 5: 23}"
2.0,0.04,0.1,5,False,False,0.6614097067231414,0.0001491483439084451,0.1517009951400139,5,4,1,0.6,1,2,3,"{1: 125, 2: 58, 3: 58, 4: 35, 5: 22}","{1: 136, 2: 64, 3: 43, 4: 32, 5: 23}"
0.5,0.015,0.06,5,False,True,0.6614097067231414,0.0001491483439084451,0.1556191234802452,5,3,2,0.2,0,3,2,"{1: 125, 2: 59, 3: 57, 4: 35, 5: 22}","{1: 134, 2: 67, 3: 42, 4: 32, 5: 23}"
0.5,0.015,0.06,5,True,True,0.6614097067231414,0.0001491483439084451,0.1556191234802452,5,3,2,0.2,0,3,2,"{1: 125, 2: 59, 3: 57, 4: 35, 5: 22}","{1: 134, 2: 67, 3: 42, 4: 32, 5: 23}"
0.5,0.015,0.06,5,True,False,0.6614097067231414,0.0001491483439084451,0.1556191234802452,5,3,2,0.2,0,3,2,"{1: 125, 2: 59, 3: 57, 4: 35, 5: 22}","{1: 134, 2: 67, 3: 42, 4: 32, 5: 23}"
0.5,0.015,0.06,5,False,False,0.6614097067231414,0.0001491483439084451,0.15897482817823178,5,3,2,0.2,0,4,4,"{1: 126, 2: 58, 3: 57, 4: 35, 5: 22}","{1: 135, 2: 67, 3: 41, 4: 32, 5: 23}"
0.5,0.015,0.04,5,False,True,0.6614097067231414,0.0001491483439084451,0.16233053287621835,5,3,2,0.2,0,5,3,"{1: 125, 2: 61, 3: 55, 4: 35, 5: 22}","{1: 135, 2: 66, 3: 42, 4: 32, 5: 23}"
0.5,0.015,0.04,5,True,True,0.6614097067231414,0.0001491483439084451,0.16233053287621835,5,3,2,0.2,0,5,3,"{1: 125, 2: 61, 3: 55, 4: 35, 5: 22}","{1: 135, 2: 66, 3: 42, 4: 32, 5: 23}"
0.5,0.015,0.04,5,True,False,0.6614097067231414,0.0001491483439084451,0.16233053287621835,5,3,2,0.2,0,5,3,"{1: 125, 2: 61, 3: 55, 4: 35, 5: 22}","{1: 135, 2: 66, 3: 42, 4: 32, 5: 23}"
1.0,0.015,0.04,5,False,True,0.6614097067231414,0.0001491483439084451,0.16233053287621835,5,3,2,0.2,0,5,3,"{1: 125, 2: 61, 3: 55, 4: 35, 5: 22}","{1: 135, 2: 66, 3: 42, 4: 32, 5: 23}"
1.0,0.015,0.04,5,True,True,0.6614097067231414,0.0001491483439084451,0.16233053287621835,5,3,2,0.2,0,5,3,"{1: 125, 2: 61, 3: 55, 4: 35, 5: 22}","{1: 135, 2: 66, 3: 42, 4: 32, 5: 23}"
1.0,0.015,0.04,5,True,False,0.6614097067231414,0.0001491483439084451,0.16233053287621835,5,3,2,0.2,0,5,3,"{1: 125, 2: 61, 3: 55, 4: 35, 5: 22}","{1: 135, 2: 66, 3: 42, 4: 32, 5: 23}"
2.0,0.015,0.04,5,False,True,0.6614097067231414,0.0001491483439084451,0.16233053287621835,5,3,2,0.2,0,5,3,"{1: 125, 2: 61, 3: 55, 4: 35, 5: 22}","{1: 135, 2: 66, 3: 42, 4: 32, 5: 23}"
2.0,0.015,0.04,5,True,True,0.6614097067231414,0.0001491483439084451,0.16233053287621835,5,3,2,0.2,0,5,3,"{1: 125, 2: 61, 3: 55, 4: 35, 5: 22}","{1: 135, 2: 66, 3: 42, 4: 32, 5: 23}"
2.0,0.015,0.04,5,True,False,0.6614097067231414,0.0001491483439084451,0.16233053287621835,5,3,2,0.2,0,5,3,"{1: 125, 2: 61, 3: 55, 4: 35, 5: 22}","{1: 135, 2: 66, 3: 42, 4: 32, 5: 23}"
2.0,0.015,0.06,5,False,True,0.6614097067231414,0.0001491483439084451,0.16233053287621835,5,3,2,0.2,0,5,3,"{1: 125, 2: 61, 3: 55, 4: 35, 5: 22}","{1: 135, 2: 66, 3: 42, 4: 32, 5: 23}"
2.0,0.015,0.06,5,True,True,0.6614097067231414,0.0001491483439084451,0.16233053287621835,5,3,2,0.2,0,5,3,"{1: 125, 2: 61, 3: 55, 4: 35, 5: 22}","{1: 135, 2: 66, 3: 42, 4: 32, 5: 23}"
2.0,0.015,0.06,5,True,False,0.6614097067231414,0.0001491483439084451,0.16233053287621835,5,3,2,0.2,0,5,3,"{1: 125, 2: 61, 3: 55, 4: 35, 5: 22}","{1: 135, 2: 66, 3: 42, 4: 32, 5: 23}"
1.0,0.015,0.06,5,False,True,0.6614097067231414,0.0001491483439084451,0.16233053287621838,5,3,2,0.2,0,5,2,"{1: 125, 2: 61, 3: 55, 4: 35, 5: 22}","{1: 134, 2: 67, 3: 42, 4: 32, 5: 23}"
1.0,0.015,0.06,5,True,True,0.6614097067231414,0.0001491483439084451,0.16233053287621838,5,3,2,0.2,0,5,2,"{1: 125, 2: 61, 3: 55, 4: 35, 5: 22}","{1: 134, 2: 67, 3: 42, 4: 32, 5: 23}"
1.0,0.015,0.06,5,True,False,0.6614097067231414,0.0001491483439084451,0.16233053287621838,5,3,2,0.2,0,5,2,"{1: 125, 2: 61, 3: 55, 4: 35, 5: 22}","{1: 134, 2: 67, 3: 42, 4: 32, 5: 23}"
0.5,0.015,0.04,5,False,False,0.6614097067231414,0.0001491483439084451,0.16568623757420495,5,3,2,0.2,0,5,5,"{1: 125, 2: 61, 3: 55, 4: 35, 5: 22}","{1: 136, 2: 66, 3: 41, 4: 32, 5: 23}"
1.0,0.015,0.04,5,False,False,0.6614097067231414,0.0001491483439084451,0.16568623757420495,5,3,2,0.2,0,5,5,"{1: 125, 2: 61, 3: 55, 4: 35, 5: 22}","{1: 136, 2: 66, 3: 41, 4: 32, 5: 23}"
1.0,0.015,0.06,5,False,False,0.6614097067231414,0.0001491483439084451,0.16568623757420495,5,3,2,0.2,0,5,5,"{1: 125, 2: 61, 3: 55, 4: 35, 5: 22}","{1: 136, 2: 66, 3: 41, 4: 32, 5: 23}"
2.0,0.015,0.04,5,False,False,0.6614097067231414,0.0001491483439084451,0.16568623757420495,5,3,2,0.2,0,5,5,"{1: 125, 2: 61, 3: 55, 4: 35, 5: 22}","{1: 136, 2: 66, 3: 41, 4: 32, 5: 23}"
2.0,0.015,0.06,5,False,False,0.6614097067231414,0.0001491483439084451,0.16568623757420495,5,3,2,0.2,0,5,5,"{1: 125, 2: 61, 3: 55, 4: 35, 5: 22}","{1: 136, 2: 66, 3: 41, 4: 32, 5: 23}"
2.0,0.04,0.08,5,False,False,0.6614064033399528,0.0001458449607198986,0.15505669983800044,5,4,1,0.6,2,4,4,"{1: 125, 2: 59, 3: 58, 4: 34, 5: 22}","{1: 137, 2: 63, 3: 43, 4: 32, 5: 23}"
1.0,0.025,0.1,4,False,True,0.6613805293040728,0.00011997092483984062,0.14555200938628546,4,3,1,0.5,0,1,0,"{1: 124, 2: 59, 3: 58, 4: 35, 5: 22}","{1: 134, 2: 65, 3: 44, 4: 32, 5: 23}"
1.0,0.025,0.1,4,False,False,0.6613805293040728,0.00011997092483984062,0.14555200938628546,4,3,1,0.5,0,1,0,"{1: 124, 2: 59, 3: 58, 4: 35, 5: 22}","{1: 134, 2: 65, 3: 44, 4: 32, 5: 23}"
1.0,0.025,0.1,4,True,True,0.6613805293040728,0.00011997092483984062,0.14555200938628546,4,3,1,0.5,0,1,0,"{1: 124, 2: 59, 3: 58, 4: 35, 5: 22}","{1: 134, 2: 65, 3: 44, 4: 32, 5: 23}"
1.0,0.025,0.1,4,True,False,0.6613805293040728,0.00011997092483984062,0.14555200938628546,4,3,1,0.5,0,1,0,"{1: 124, 2: 59, 3: 58, 4: 35, 5: 22}","{1: 134, 2: 65, 3: 44, 4: 32, 5: 23}"
0.5,0.025,0.1,4,False,True,0.6613805293040728,0.00011997092483984062,0.14555200938628549,4,3,1,0.5,0,0,0,"{1: 123, 2: 60, 3: 58, 4: 35, 5: 22}","{1: 134, 2: 65, 3: 44, 4: 32, 5: 23}"
0.5,0.025,0.1,4,False,False,0.6613805293040728,0.00011997092483984062,0.14555200938628549,4,3,1,0.5,0,0,0,"{1: 123, 2: 60, 3: 58, 4: 35, 5: 22}","{1: 134, 2: 65, 3: 44, 4: 32, 5: 23}"
0.5,0.025,0.1,4,True,True,0.6613805293040728,0.00011997092483984062,0.14555200938628549,4,3,1,0.5,0,0,0,"{1: 123, 2: 60, 3: 58, 4: 35, 5: 22}","{1: 134, 2: 65, 3: 44, 4: 32, 5: 23}"
0.5,0.025,0.1,4,True,False,0.6613805293040728,0.00011997092483984062,0.14555200938628549,4,3,1,0.5,0,0,0,"{1: 123, 2: 60, 3: 58, 4: 35, 5: 22}","{1: 134, 2: 65, 3: 44, 4: 32, 5: 23}"
2.0,0.025,0.1,4,False,True,0.6613805293040728,0.00011997092483984062,0.14555200938628549,4,3,1,0.5,0,2,0,"{1: 125, 2: 58, 3: 58, 4: 35, 5: 22}","{1: 134, 2: 65, 3: 44, 4: 32, 5: 23}"
2.0,0.025,0.1,4,False,False,0.6613805293040728,0.00011997092483984062,0.14555200938628549,4,3,1,0.5,0,2,0,"{1: 125, 2: 58, 3: 58, 4: 35, 5: 22}","{1: 134, 2: 65, 3: 44, 4: 32, 5: 23}"
2.0,0.025,0.1,4,True,True,0.6613805293040728,0.00011997092483984062,0.14555200938628549,4,3,1,0.5,0,2,0,"{1: 125, 2: 58, 3: 58, 4: 35, 5: 22}","{1: 134, 2: 65, 3: 44, 4: 32, 5: 23}"
2.0,0.025,0.1,4,True,False,0.6613805293040728,0.00011997092483984062,0.14555200938628549,4,3,1,0.5,0,2,0,"{1: 125, 2: 58, 3: 58, 4: 35, 5: 22}","{1: 134, 2: 65, 3: 44, 4: 32, 5: 23}"
1.0,0.04,0.1,4,False,True,0.6613805293040728,0.00011997092483984062,0.14890771408427203,4,3,1,0.5,0,1,3,"{1: 124, 2: 59, 3: 58, 4: 35, 5: 22}","{1: 136, 2: 64, 3: 43, 4: 32, 5: 23}"
1.0,0.04,0.1,4,True,True,0.6613805293040728,0.00011997092483984062,0.14890771408427203,4,3,1,0.5,0,1,3,"{1: 124, 2: 59, 3: 58, 4: 35, 5: 22}","{1: 136, 2: 64, 3: 43, 4: 32, 5: 23}"
1.0,0.04,0.1,4,True,False,0.6613805293040728,0.00011997092483984062,0.14890771408427203,4,3,1,0.5,0,1,3,"{1: 124, 2: 59, 3: 58, 4: 35, 5: 22}","{1: 136, 2: 64, 3: 43, 4: 32, 5: 23}"
0.5,0.04,0.1,4,False,True,0.6613805293040728,0.00011997092483984062,0.14890771408427206,4,3,1,0.5,0,0,3,"{1: 123, 2: 60, 3: 58, 4: 35, 5: 22}","{1: 136, 2: 64, 3: 43, 4: 32, 5: 23}"
0.5,0.04,0.1,4,True,True,0.6613805293040728,0.00011997092483984062,0.14890771408427206,4,3,1,0.5,0,0,3,"{1: 123, 2: 60, 3: 58, 4: 35, 5: 22}","{1: 136, 2: 64, 3: 43, 4: 32, 5: 23}"
0.5,0.04,0.1,4,True,False,0.6613805293040728,0.00011997092483984062,0.14890771408427206,4,3,1,0.5,0,0,3,"{1: 123, 2: 60, 3: 58, 4: 35, 5: 22}","{1: 136, 2: 64, 3: 43, 4: 32, 5: 23}"
2.0,0.04,0.1,4,False,True,0.6613805293040728,0.00011997092483984062,0.1517009951400139,4,3,1,0.5,0,2,3,"{1: 125, 2: 58, 3: 58, 4: 35, 5: 22}","{1: 136, 2: 64, 3: 43, 4: 32, 5: 23}"
2.0,0.04,0.1,4,True,True,0.6613805293040728,0.00011997092483984062,0.1517009951400139,4,3,1,0.5,0,2,3,"{1: 125, 2: 58, 3: 58, 4: 35, 5: 22}","{1: 136, 2: 64, 3: 43, 4: 32, 5: 23}"
2.0,0.04,0.1,4,True,False,0.6613805293040728,0.00011997092483984062,0.1517009951400139,4,3,1,0.5,0,2,3,"{1: 125, 2: 58, 3: 58, 4: 35, 5: 22}","{1: 136, 2: 64, 3: 43, 4: 32, 5: 23}"
0.5,0.015,0.04,8,False,True,0.6613621153307943,0.00010155695156133238,0.16233053287621835,8,4,4,0.0,0,5,3,"{1: 125, 2: 61, 3: 55, 4: 35, 5: 22}","{1: 135, 2: 66, 3: 42, 4: 32, 5: 23}"
0.5,0.015,0.04,8,True,True,0.6613621153307943,0.00010155695156133238,0.16233053287621835,8,4,4,0.0,0,5,3,"{1: 125, 2: 61, 3: 55, 4: 35, 5: 22}","{1: 135, 2: 66, 3: 42, 4: 32, 5: 23}"
0.5,0.015,0.04,8,True,False,0.6613621153307943,0.00010155695156133238,0.16233053287621835,8,4,4,0.0,0,5,3,"{1: 125, 2: 61, 3: 55, 4: 35, 5: 22}","{1: 135, 2: 66, 3: 42, 4: 32, 5: 23}"
1.0,0.015,0.04,8,False,True,0.6613621153307943,0.00010155695156133238,0.16233053287621835,8,4,4,0.0,0,5,3,"{1: 125, 2: 61, 3: 55, 4: 35, 5: 22}","{1: 135, 2: 66, 3: 42, 4: 32, 5: 23}"
1.0,0.015,0.04,8,True,True,0.6613621153307943,0.00010155695156133238,0.16233053287621835,8,4,4,0.0,0,5,3,"{1: 125, 2: 61, 3: 55, 4: 35, 5: 22}","{1: 135, 2: 66, 3: 42, 4: 32, 5: 23}"
1.0,0.015,0.04,8,True,False,0.6613621153307943,0.00010155695156133238,0.16233053287621835,8,4,4,0.0,0,5,3,"{1: 125, 2: 61, 3: 55, 4: 35, 5: 22}","{1: 135, 2: 66, 3: 42, 4: 32, 5: 23}"
2.0,0.015,0.04,8,False,True,0.6613621153307943,0.00010155695156133238,0.16233053287621835,8,4,4,0.0,0,5,3,"{1: 125, 2: 61, 3: 55, 4: 35, 5: 22}","{1: 135, 2: 66, 3: 42, 4: 32, 5: 23}"
2.0,0.015,0.04,8,True,True,0.6613621153307943,0.00010155695156133238,0.16233053287621835,8,4,4,0.0,0,5,3,"{1: 125, 2: 61, 3: 55, 4: 35, 5: 22}","{1: 135, 2: 66, 3: 42, 4: 32, 5: 23}"
2.0,0.015,0.04,8,True,False,0.6613621153307943,0.00010155695156133238,0.16233053287621835,8,4,4,0.0,0,5,3,"{1: 125, 2: 61, 3: 55, 4: 35, 5: 22}","{1: 135, 2: 66, 3: 42, 4: 32, 5: 23}"
0.5,0.015,0.04,8,False,False,0.6613621153307943,0.00010155695156133238,0.16568623757420495,8,4,4,0.0,0,6,6,"{1: 126, 2: 60, 3: 55, 4: 35, 5: 22}","{1: 137, 2: 65, 3: 41, 4: 32, 5: 23}"
1.0,0.015,0.04,8,False,False,0.6613621153307943,0.00010155695156133238,0.16568623757420495,8,4,4,0.0,0,6,6,"{1: 126, 2: 60, 3: 55, 4: 35, 5: 22}","{1: 137, 2: 65, 3: 41, 4: 32, 5: 23}"
2.0,0.015,0.04,8,False,False,0.6613621153307943,0.00010155695156133238,0.16568623757420495,8,4,4,0.0,0,6,6,"{1: 126, 2: 60, 3: 55, 4: 35, 5: 22}","{1: 137, 2: 65, 3: 41, 4: 32, 5: 23}"
2.0,0.015,0.14,3,False,True,0.6613605698651319,0.00010001148589899866,0.14555200938628549,1,1,0,1.0,0,0,0,"{1: 123, 2: 60, 3: 58, 4: 35, 5: 22}","{1: 134, 2: 65, 3: 44, 4: 32, 5: 23}"
2.0,0.015,0.14,3,False,False,0.6613605698651319,0.00010001148589899866,0.14555200938628549,1,1,0,1.0,0,0,0,"{1: 123, 2: 60, 3: 58, 4: 35, 5: 22}","{1: 134, 2: 65, 3: 44, 4: 32, 5: 23}"
2.0,0.015,0.14,3,True,True,0.6613605698651319,0.00010001148589899866,0.14555200938628549,1,1,0,1.0,0,0,0,"{1: 123, 2: 60, 3: 58, 4: 35, 5: 22}","{1: 134, 2: 65, 3: 44, 4: 32, 5: 23}"
2.0,0.015,0.14,3,True,False,0.6613605698651319,0.00010001148589899866,0.14555200938628549,1,1,0,1.0,0,0,0,"{1: 123, 2: 60, 3: 58, 4: 35, 5: 22}","{1: 134, 2: 65, 3: 44, 4: 32, 5: 23}"
2.0,0.015,0.14,4,False,True,0.6613605698651319,0.00010001148589899866,0.14555200938628549,1,1,0,1.0,0,0,0,"{1: 123, 2: 60, 3: 58, 4: 35, 5: 22}","{1: 134, 2: 65, 3: 44, 4: 32, 5: 23}"
2.0,0.015,0.14,4,False,False,0.6613605698651319,0.00010001148589899866,0.14555200938628549,1,1,0,1.0,0,0,0,"{1: 123, 2: 60, 3: 58, 4: 35, 5: 22}","{1: 134, 2: 65, 3: 44, 4: 32, 5: 23}"
2.0,0.015,0.14,4,True,True,0.6613605698651319,0.00010001148589899866,0.14555200938628549,1,1,0,1.0,0,0,0,"{1: 123, 2: 60, 3: 58, 4: 35, 5: 22}","{1: 134, 2: 65, 3: 44, 4: 32, 5: 23}"
2.0,0.015,0.14,4,True,False,0.6613605698651319,0.00010001148589899866,0.14555200938628549,1,1,0,1.0,0,0,0,"{1: 123, 2: 60, 3: 58, 4: 35, 5: 22}","{1: 134, 2: 65, 3: 44, 4: 32, 5: 23}"
2.0,0.015,0.14,5,False,True,0.6613605698651319,0.00010001148589899866,0.14555200938628549,1,1,0,1.0,0,0,0,"{1: 123, 2: 60, 3: 58, 4: 35, 5: 22}","{1: 134, 2: 65, 3: 44, 4: 32, 5: 23}"
2.0,0.015,0.14,5,False,False,0.6613605698651319,0.00010001148589899866,0.14555200938628549,1,1,0,1.0,0,0,0,"{1: 123, 2: 60, 3: 58, 4: 35, 5: 22}","{1: 134, 2: 65, 3: 44, 4: 32, 5: 23}"
2.0,0.015,0.14,5,True,True,0.6613605698651319,0.00010001148589899866,0.14555200938628549,1,1,0,1.0,0,0,0,"{1: 123, 2: 60, 3: 58, 4: 35, 5: 22}","{1: 134, 2: 65, 3: 44, 4: 32, 5: 23}"
2.0,0.015,0.14,5,True,False,0.6613605698651319,0.00010001148589899866,0.14555200938628549,1,1,0,1.0,0,0,0,"{1: 123, 2: 60, 3: 58, 4: 35, 5: 22}","{1: 134, 2: 65, 3: 44, 4: 32, 5: 23}"
2.0,0.015,0.14,6,False,True,0.6613605698651319,0.00010001148589899866,0.14555200938628549,1,1,0,1.0,0,0,0,"{1: 123, 2: 60, 3: 58, 4: 35, 5: 22}","{1: 134, 2: 65, 3: 44, 4: 32, 5: 23}"
2.0,0.015,0.14,6,False,False,0.6613605698651319,0.00010001148589899866,0.14555200938628549,1,1,0,1.0,0,0,0,"{1: 123, 2: 60, 3: 58, 4: 35, 5: 22}","{1: 134, 2: 65, 3: 44, 4: 32, 5: 23}"
2.0,0.015,0.14,6,True,True,0.6613605698651319,0.00010001148589899866,0.14555200938628549,1,1,0,1.0,0,0,0,"{1: 123, 2: 60, 3: 58, 4: 35, 5: 22}","{1: 134, 2: 65, 3: 44, 4: 32, 5: 23}"
2.0,0.015,0.14,6,True,False,0.6613605698651319,0.00010001148589899866,0.14555200938628549,1,1,0,1.0,0,0,0,"{1: 123, 2: 60, 3: 58, 4: 35, 5: 22}","{1: 134, 2: 65, 3: 44, 4: 32, 5: 23}"
2.0,0.015,0.14,8,False,True,0.6613605698651319,0.00010001148589899866,0.14555200938628549,1,1,0,1.0,0,0,0,"{1: 123, 2: 60, 3: 58, 4: 35, 5: 22}","{1: 134, 2: 65, 3: 44, 4: 32, 5: 23}"
2.0,0.015,0.14,8,False,False,0.6613605698651319,0.00010001148589899866,0.14555200938628549,1,1,0,1.0,0,0,0,"{1: 123, 2: 60, 3: 58, 4: 35, 5: 22}","{1: 134, 2: 65, 3: 44, 4: 32, 5: 23}"
2.0,0.015,0.14,8,True,True,0.6613605698651319,0.00010001148589899866,0.14555200938628549,1,1,0,1.0,0,0,0,"{1: 123, 2: 60, 3: 58, 4: 35, 5: 22}","{1: 134, 2: 65, 3: 44, 4: 32, 5: 23}"
2.0,0.015,0.14,8,True,False,0.6613605698651319,0.00010001148589899866,0.14555200938628549,1,1,0,1.0,0,0,0,"{1: 123, 2: 60, 3: 58, 4: 35, 5: 22}","{1: 134, 2: 65, 3: 44, 4: 32, 5: 23}"
2.0,0.015,0.14,10,False,True,0.6613605698651319,0.00010001148589899866,0.14555200938628549,1,1,0,1.0,0,0,0,"{1: 123, 2: 60, 3: 58, 4: 35, 5: 22}","{1: 134, 2: 65, 3: 44, 4: 32, 5: 23}"
2.0,0.015,0.14,10,False,False,0.6613605698651319,0.00010001148589899866,0.14555200938628549,1,1,0,1.0,0,0,0,"{1: 123, 2: 60, 3: 58, 4: 35, 5: 22}","{1: 134, 2: 65, 3: 44, 4: 32, 5: 23}"
2.0,0.015,0.14,10,True,True,0.6613605698651319,0.00010001148589899866,0.14555200938628549,1,1,0,1.0,0,0,0,"{1: 123, 2: 60, 3: 58, 4: 35, 5: 22}","{1: 134, 2: 65, 3: 44, 4: 32, 5: 23}"
2.0,0.015,0.14,10,True,False,0.6613605698651319,0.00010001148589899866,0.14555200938628549,1,1,0,1.0,0,0,0,"{1: 123, 2: 60, 3: 58, 4: 35, 5: 22}","{1: 134, 2: 65, 3: 44, 4: 32, 5: 23}"
2.0,0.015,0.14,12,False,True,0.6613605698651319,0.00010001148589899866,0.14555200938628549,1,1,0,1.0,0,0,0,"{1: 123, 2: 60, 3: 58, 4: 35, 5: 22}","{1: 134, 2: 65, 3: 44, 4: 32, 5: 23}"
2.0,0.015,0.14,12,False,False,0.6613605698651319,0.00010001148589899866,0.14555200938628549,1,1,0,1.0,0,0,0,"{1: 123, 2: 60, 3: 58, 4: 35, 5: 22}","{1: 134, 2: 65, 3: 44, 4: 32, 5: 23}"
2.0,0.015,0.14,12,True,True,0.6613605698651319,0.00010001148589899866,0.14555200938628549,1,1,0,1.0,0,0,0,"{1: 123, 2: 60, 3: 58, 4: 35, 5: 22}","{1: 134, 2: 65, 3: 44, 4: 32, 5: 23}"
2.0,0.015,0.14,12,True,False,0.6613605698651319,0.00010001148589899866,0.14555200938628549,1,1,0,1.0,0,0,0,"{1: 123, 2: 60, 3: 58, 4: 35, 5: 22}","{1: 134, 2: 65, 3: 44, 4: 32, 5: 23}"
2.0,0.025,0.1,10,False,False,0.6613595722362591,9.90138570261534e-05,0.14555200938628549,10,6,4,0.2,4,2,0,"{1: 125, 2: 58, 3: 58, 4: 35, 5: 22}","{1: 134, 2: 65, 3: 44, 4: 32, 5: 23}"
2.0,0.025,0.1,12,False,False,0.6613595722362591,9.90138570261534e-05,0.14555200938628549,10,6,4,0.2,4,2,0,"{1: 125, 2: 58, 3: 58, 4: 35, 5: 22}","{1: 134, 2: 65, 3: 44, 4: 32, 5: 23}"
0.5,0.025,0.04,8,False,True,0.661358782604037,9.822422480409987e-05,0.16233053287621832,8,5,3,0.25,0,5,6,"{1: 125, 2: 61, 3: 55, 4: 35, 5: 22}","{1: 137, 2: 64, 3: 43, 4: 31, 5: 23}"
0.5,0.025,0.04,8,True,True,0.661358782604037,9.822422480409987e-05,0.16233053287621832,8,5,3,0.25,0,5,6,"{1: 125, 2: 61, 3: 55, 4: 35, 5: 22}","{1: 137, 2: 64, 3: 43, 4: 31, 5: 23}"
0.5,0.025,0.04,8,True,False,0.661358782604037,9.822422480409987e-05,0.16233053287621832,8,5,3,0.25,0,5,6,"{1: 125, 2: 61, 3: 55, 4: 35, 5: 22}","{1: 137, 2: 64, 3: 43, 4: 31, 5: 23}"
1.0,0.025,0.04,8,False,True,0.661358782604037,9.822422480409987e-05,0.16233053287621832,8,5,3,0.25,0,5,6,"{1: 125, 2: 61, 3: 55, 4: 35, 5: 22}","{1: 137, 2: 64, 3: 43, 4: 31, 5: 23}"
1.0,0.025,0.04,8,True,True,0.661358782604037,9.822422480409987e-05,0.16233053287621832,8,5,3,0.25,0,5,6,"{1: 125, 2: 61, 3: 55, 4: 35, 5: 22}","{1: 137, 2: 64, 3: 43, 4: 31, 5: 23}"
1.0,0.025,0.04,8,True,False,0.661358782604037,9.822422480409987e-05,0.16233053287621832,8,5,3,0.25,0,5,6,"{1: 125, 2: 61, 3: 55, 4: 35, 5: 22}","{1: 137, 2: 64, 3: 43, 4: 31, 5: 23}"
2.0,0.025,0.04,8,False,True,0.661358782604037,9.822422480409987e-05,0.16233053287621832,8,5,3,0.25,0,5,6,"{1: 125, 2: 61, 3: 55, 4: 35, 5: 22}","{1: 137, 2: 64, 3: 43, 4: 31, 5: 23}"
2.0,0.025,0.04,8,True,True,0.661358782604037,9.822422480409987e-05,0.16233053287621832,8,5,3,0.25,0,5,6,"{1: 125, 2: 61, 3: 55, 4: 35, 5: 22}","{1: 137, 2: 64, 3: 43, 4: 31, 5: 23}"
2.0,0.025,0.04,8,True,False,0.661358782604037,9.822422480409987e-05,0.16233053287621832,8,5,3,0.25,0,5,6,"{1: 125, 2: 61, 3: 55, 4: 35, 5: 22}","{1: 137, 2: 64, 3: 43, 4: 31, 5: 23}"
2.0,0.025,0.06,8,False,True,0.661358782604037,9.822422480409987e-05,0.16233053287621832,8,5,3,0.25,0,5,6,"{1: 125, 2: 61, 3: 55, 4: 35, 5: 22}","{1: 137, 2: 64, 3: 43, 4: 31, 5: 23}"
2.0,0.025,0.06,8,True,True,0.661358782604037,9.822422480409987e-05,0.16233053287621832,8,5,3,0.25,0,5,6,"{1: 125, 2: 61, 3: 55, 4: 35, 5: 22}","{1: 137, 2: 64, 3: 43, 4: 31, 5: 23}"
2.0,0.025,0.06,8,True,False,0.661358782604037,9.822422480409987e-05,0.16233053287621832,8,5,3,0.25,0,5,6,"{1: 125, 2: 61, 3: 55, 4: 35, 5: 22}","{1: 137, 2: 64, 3: 43, 4: 31, 5: 23}"
1.0,0.025,0.06,8,False,True,0.661358782604037,9.822422480409987e-05,0.16233053287621835,8,5,3,0.25,0,5,5,"{1: 125, 2: 61, 3: 55, 4: 35, 5: 22}","{1: 136, 2: 65, 3: 43, 4: 31, 5: 23}"
1.0,0.025,0.06,8,True,True,0.661358782604037,9.822422480409987e-05,0.16233053287621835,8,5,3,0.25,0,5,5,"{1: 125, 2: 61, 3: 55, 4: 35, 5: 22}","{1: 136, 2: 65, 3: 43, 4: 31, 5: 23}"
1.0,0.025,0.06,8,True,False,0.661358782604037,9.822422480409987e-05,0.16233053287621835,8,5,3,0.25,0,5,5,"{1: 125, 2: 61, 3: 55, 4: 35, 5: 22}","{1: 136, 2: 65, 3: 43, 4: 31, 5: 23}"
1.0,0.025,0.06,8,False,False,0.661358782604037,9.822422480409987e-05,0.16568623757420498,8,5,3,0.25,0,6,8,"{1: 126, 2: 60, 3: 55, 4: 35, 5: 22}","{1: 138, 2: 64, 3: 42, 4: 31, 5: 23}"
2.0,0.025,0.06,8,False,False,0.661358782604037,9.822422480409987e-05,0.16568623757420498,8,5,3,0.25,0,6,8,"{1: 126, 2: 60, 3: 55, 4: 35, 5: 22}","{1: 138, 2: 64, 3: 42, 4: 31, 5: 23}"
0.5,0.015,0.06,10,False,True,0.6613562420057428,9.568362650991258e-05,0.1556191234802452,10,5,5,0.0,0,3,2,"{1: 125, 2: 59, 3: 57, 4: 35, 5: 22}","{1: 134, 2: 67, 3: 42, 4: 32, 5: 23}"
0.5,0.015,0.06,10,True,True,0.6613562420057428,9.568362650991258e-05,0.1556191234802452,10,5,5,0.0,0,3,2,"{1: 125, 2: 59, 3: 57, 4: 35, 5: 22}","{1: 134, 2: 67, 3: 42, 4: 32, 5: 23}"
0.5,0.015,0.06,10,True,False,0.6613562420057428,9.568362650991258e-05,0.1556191234802452,10,5,5,0.0,0,3,2,"{1: 125, 2: 59, 3: 57, 4: 35, 5: 22}","{1: 134, 2: 67, 3: 42, 4: 32, 5: 23}"
2.0,0.015,0.06,10,False,True,0.6613562420057428,9.568362650991258e-05,0.16233053287621835,10,5,5,0.0,0,5,3,"{1: 125, 2: 61, 3: 55, 4: 35, 5: 22}","{1: 135, 2: 66, 3: 42, 4: 32, 5: 23}"
2.0,0.015,0.06,10,True,True,0.6613562420057428,9.568362650991258e-05,0.16233053287621835,10,5,5,0.0,0,5,3,"{1: 125, 2: 61, 3: 55, 4: 35, 5: 22}","{1: 135, 2: 66, 3: 42, 4: 32, 5: 23}"
2.0,0.015,0.06,10,True,False,0.6613562420057428,9.568362650991258e-05,0.16233053287621835,10,5,5,0.0,0,5,3,"{1: 125, 2: 61, 3: 55, 4: 35, 5: 22}","{1: 135, 2: 66, 3: 42, 4: 32, 5: 23}"
1.0,0.015,0.06,10,False,True,0.6613562420057428,9.568362650991258e-05,0.16233053287621838,10,5,5,0.0,0,5,2,"{1: 125, 2: 61, 3: 55, 4: 35, 5: 22}","{1: 134, 2: 67, 3: 42, 4: 32, 5: 23}"
1.0,0.015,0.06,10,True,True,0.6613562420057428,9.568362650991258e-05,0.16233053287621838,10,5,5,0.0,0,5,2,"{1: 125, 2: 61, 3: 55, 4: 35, 5: 22}","{1: 134, 2: 67, 3: 42, 4: 32, 5: 23}"
1.0,0.015,0.06,10,True,False,0.6613562420057428,9.568362650991258e-05,0.16233053287621838,10,5,5,0.0,0,5,2,"{1: 125, 2: 61, 3: 55, 4: 35, 5: 22}","{1: 134, 2: 67, 3: 42, 4: 32, 5: 23}"
2.0,0.06,0.1,10,False,False,0.6613529075931268,9.234921389389417e-05,0.15841240453598704,10,6,4,0.2,3,5,4,"{1: 126, 2: 58, 3: 58, 4: 34, 5: 22}","{1: 137, 2: 63, 3: 43, 4: 32, 5: 23}"
2.0,0.04,0.14,3,False,True,0.6613513648880507,9.080650881776453e-05,0.14555200938628546,3,2,1,0.3333333333333333,0,0,1,"{1: 123, 2: 60, 3: 58, 4: 35, 5: 22}","{1: 135, 2: 64, 3: 44, 4: 32, 5: 23}"
2.0,0.04,0.14,3,False,False,0.6613513648880507,9.080650881776453e-05,0.14555200938628546,3,2,1,0.3333333333333333,0,0,1,"{1: 123, 2: 60, 3: 58, 4: 35, 5: 22}","{1: 135, 2: 64, 3: 44, 4: 32, 5: 23}"
2.0,0.04,0.14,3,True,True,0.6613513648880507,9.080650881776453e-05,0.14555200938628546,3,2,1,0.3333333333333333,0,0,1,"{1: 123, 2: 60, 3: 58, 4: 35, 5: 22}","{1: 135, 2: 64, 3: 44, 4: 32, 5: 23}"
2.0,0.04,0.14,3,True,False,0.6613513648880507,9.080650881776453e-05,0.14555200938628546,3,2,1,0.3333333333333333,0,0,1,"{1: 123, 2: 60, 3: 58, 4: 35, 5: 22}","{1: 135, 2: 64, 3: 44, 4: 32, 5: 23}"
1.0,0.06,0.14,4,False,True,0.6613130092474502,5.245086821725753e-05,0.14555200938628549,4,2,2,0.0,0,1,1,"{1: 124, 2: 59, 3: 58, 4: 35, 5: 22}","{1: 135, 2: 64, 3: 44, 4: 32, 5: 23}"
1.0,0.06,0.14,4,False,False,0.6613130092474502,5.245086821725753e-05,0.14555200938628549,4,2,2,0.0,0,1,1,"{1: 124, 2: 59, 3: 58, 4: 35, 5: 22}","{1: 135, 2: 64, 3: 44, 4: 32, 5: 23}"
1.0,0.06,0.14,4,True,True,0.6613130092474502,5.245086821725753e-05,0.14555200938628549,4,2,2,0.0,0,1,1,"{1: 124, 2: 59, 3: 58, 4: 35, 5: 22}","{1: 135, 2: 64, 3: 44, 4: 32, 5: 23}"
1.0,0.06,0.14,4,True,False,0.6613130092474502,5.245086821725753e-05,0.14555200938628549,4,2,2,0.0,0,1,1,"{1: 124, 2: 59, 3: 58, 4: 35, 5: 22}","{1: 135, 2: 64, 3: 44, 4: 32, 5: 23}"
1.0,0.06,0.14,5,False,True,0.6613130092474502,5.245086821725753e-05,0.14555200938628549,4,2,2,0.0,0,1,1,"{1: 124, 2: 59, 3: 58, 4: 35, 5: 22}","{1: 135, 2: 64, 3: 44, 4: 32, 5: 23}"
1.0,0.06,0.14,5,False,False,0.6613130092474502,5.245086821725753e-05,0.14555200938628549,4,2,2,0.0,0,1,1,"{1: 124, 2: 59, 3: 58, 4: 35, 5: 22}","{1: 135, 2: 64, 3: 44, 4: 32, 5: 23}"
1.0,0.06,0.14,5,True,True,0.6613130092474502,5.245086821725753e-05,0.14555200938628549,4,2,2,0.0,0,1,1,"{1: 124, 2: 59, 3: 58, 4: 35, 5: 22}","{1: 135, 2: 64, 3: 44, 4: 32, 5: 23}"
1.0,0.06,0.14,5,True,False,0.6613130092474502,5.245086821725753e-05,0.14555200938628549,4,2,2,0.0,0,1,1,"{1: 124, 2: 59, 3: 58, 4: 35, 5: 22}","{1: 135, 2: 64, 3: 44, 4: 32, 5: 23}"
1.0,0.06,0.14,6,False,True,0.6613130092474502,5.245086821725753e-05,0.14555200938628549,4,2,2,0.0,0,1,1,"{1: 124, 2: 59, 3: 58, 4: 35, 5: 22}","{1: 135, 2: 64, 3: 44, 4: 32, 5: 23}"
1.0,0.06,0.14,6,False,False,0.6613130092474502,5.245086821725753e-05,0.14555200938628549,4,2,2,0.0,0,1,1,"{1: 124, 2: 59, 3: 58, 4: 35, 5: 22}","{1: 135, 2: 64, 3: 44, 4: 32, 5: 23}"
1.0,0.06,0.14,6,True,True,0.6613130092474502,5.245086821725753e-05,0.14555200938628549,4,2,2,0.0,0,1,1,"{1: 124, 2: 59, 3: 58, 4: 35, 5: 22}","{1: 135, 2: 64, 3: 44, 4: 32, 5: 23}"
1.0,0.06,0.14,6,True,False,0.6613130092474502,5.245086821725753e-05,0.14555200938628549,4,2,2,0.0,0,1,1,"{1: 124, 2: 59, 3: 58, 4: 35, 5: 22}","{1: 135, 2: 64, 3: 44, 4: 32, 5: 23}"
1.0,0.06,0.14,8,False,True,0.6613130092474502,5.245086821725753e-05,0.14555200938628549,4,2,2,0.0,0,1,1,"{1: 124, 2: 59, 3: 58, 4: 35, 5: 22}","{1: 135, 2: 64, 3: 44, 4: 32, 5: 23}"
1.0,0.06,0.14,8,False,False,0.6613130092474502,5.245086821725753e-05,0.14555200938628549,4,2,2,0.0,0,1,1,"{1: 124, 2: 59, 3: 58, 4: 35, 5: 22}","{1: 135, 2: 64, 3: 44, 4: 32, 5: 23}"
1.0,0.06,0.14,8,True,True,0.6613130092474502,5.245086821725753e-05,0.14555200938628549,4,2,2,0.0,0,1,1,"{1: 124, 2: 59, 3: 58, 4: 35, 5: 22}","{1: 135, 2: 64, 3: 44, 4: 32, 5: 23}"
1.0,0.06,0.14,8,True,False,0.6613130092474502,5.245086821725753e-05,0.14555200938628549,4,2,2,0.0,0,1,1,"{1: 124, 2: 59, 3: 58, 4: 35, 5: 22}","{1: 135, 2: 64, 3: 44, 4: 32, 5: 23}"
1.0,0.06,0.14,10,False,True,0.6613130092474502,5.245086821725753e-05,0.14555200938628549,4,2,2,0.0,0,1,1,"{1: 124, 2: 59, 3: 58, 4: 35, 5: 22}","{1: 135, 2: 64, 3: 44, 4: 32, 5: 23}"
1.0,0.06,0.14,10,False,False,0.6613130092474502,5.245086821725753e-05,0.14555200938628549,4,2,2,0.0,0,1,1,"{1: 124, 2: 59, 3: 58, 4: 35, 5: 22}","{1: 135, 2: 64, 3: 44, 4: 32, 5: 23}"
1.0,0.06,0.14,10,True,True,0.6613130092474502,5.245086821725753e-05,0.14555200938628549,4,2,2,0.0,0,1,1,"{1: 124, 2: 59, 3: 58, 4: 35, 5: 22}","{1: 135, 2: 64, 3: 44, 4: 32, 5: 23}"
1.0,0.06,0.14,10,True,False,0.6613130092474502,5.245086821725753e-05,0.14555200938628549,4,2,2,0.0,0,1,1,"{1: 124, 2: 59, 3: 58, 4: 35, 5: 22}","{1: 135, 2: 64, 3: 44, 4: 32, 5: 23}"
1.0,0.06,0.14,12,False,True,0.6613130092474502,5.245086821725753e-05,0.14555200938628549,4,2,2,0.0,0,1,1,"{1: 124, 2: 59, 3: 58, 4: 35, 5: 22}","{1: 135, 2: 64, 3: 44, 4: 32, 5: 23}"
1.0,0.06,0.14,12,False,False,0.6613130092474502,5.245086821725753e-05,0.14555200938628549,4,2,2,0.0,0,1,1,"{1: 124, 2: 59, 3: 58, 4: 35, 5: 22}","{1: 135, 2: 64, 3: 44, 4: 32, 5: 23}"
1.0,0.06,0.14,12,True,True,0.6613130092474502,5.245086821725753e-05,0.14555200938628549,4,2,2,0.0,0,1,1,"{1: 124, 2: 59, 3: 58, 4: 35, 5: 22}","{1: 135, 2: 64, 3: 44, 4: 32, 5: 23}"
1.0,0.06,0.14,12,True,False,0.6613130092474502,5.245086821725753e-05,0.14555200938628549,4,2,2,0.0,0,1,1,"{1: 124, 2: 59, 3: 58, 4: 35, 5: 22}","{1: 135, 2: 64, 3: 44, 4: 32, 5: 23}"
1.0,0.08,0.14,4,False,True,0.6613130092474502,5.245086821725753e-05,0.14555200938628549,4,2,2,0.0,0,1,1,"{1: 124, 2: 59, 3: 58, 4: 35, 5: 22}","{1: 135, 2: 64, 3: 44, 4: 32, 5: 23}"
1.0,0.08,0.14,4,False,False,0.6613130092474502,5.245086821725753e-05,0.14555200938628549,4,2,2,0.0,0,1,1,"{1: 124, 2: 59, 3: 58, 4: 35, 5: 22}","{1: 135, 2: 64, 3: 44, 4: 32, 5: 23}"
1.0,0.08,0.14,4,True,True,0.6613130092474502,5.245086821725753e-05,0.14555200938628549,4,2,2,0.0,0,1,1,"{1: 124, 2: 59, 3: 58, 4: 35, 5: 22}","{1: 135, 2: 64, 3: 44, 4: 32, 5: 23}"
1.0,0.08,0.14,4,True,False,0.6613130092474502,5.245086821725753e-05,0.14555200938628549,4,2,2,0.0,0,1,1,"{1: 124, 2: 59, 3: 58, 4: 35, 5: 22}","{1: 135, 2: 64, 3: 44, 4: 32, 5: 23}"
1.0,0.08,0.14,5,False,True,0.6613130092474502,5.245086821725753e-05,0.14555200938628549,4,2,2,0.0,0,1,1,"{1: 124, 2: 59, 3: 58, 4: 35, 5: 22}","{1: 135, 2: 64, 3: 44, 4: 32, 5: 23}"
1.0,0.08,0.14,5,False,False,0.6613130092474502,5.245086821725753e-05,0.14555200938628549,4,2,2,0.0,0,1,1,"{1: 124, 2: 59, 3: 58, 4: 35, 5: 22}","{1: 135, 2: 64, 3: 44, 4: 32, 5: 23}"
1.0,0.08,0.14,5,True,True,0.6613130092474502,5.245086821725753e-05,0.14555200938628549,4,2,2,0.0,0,1,1,"{1: 124, 2: 59, 3: 58, 4: 35, 5: 22}","{1: 135, 2: 64, 3: 44, 4: 32, 5: 23}"
1.0,0.08,0.14,5,True,False,0.6613130092474502,5.245086821725753e-05,0.14555200938628549,4,2,2,0.0,0,1,1,"{1: 124, 2: 59, 3: 58, 4: 35, 5: 22}","{1: 135, 2: 64, 3: 44, 4: 32, 5: 23}"
1.0,0.08,0.14,6,False,True,0.6613130092474502,5.245086821725753e-05,0.14555200938628549,4,2,2,0.0,0,1,1,"{1: 124, 2: 59, 3: 58, 4: 35, 5: 22}","{1: 135, 2: 64, 3: 44, 4: 32, 5: 23}"
1.0,0.08,0.14,6,False,False,0.6613130092474502,5.245086821725753e-05,0.14555200938628549,4,2,2,0.0,0,1,1,"{1: 124, 2: 59, 3: 58, 4: 35, 5: 22}","{1: 135, 2: 64, 3: 44, 4: 32, 5: 23}"
1.0,0.08,0.14,6,True,True,0.6613130092474502,5.245086821725753e-05,0.14555200938628549,4,2,2,0.0,0,1,1,"{1: 124, 2: 59, 3: 58, 4: 35, 5: 22}","{1: 135, 2: 64, 3: 44, 4: 32, 5: 23}"
1.0,0.08,0.14,6,True,False,0.6613130092474502,5.245086821725753e-05,0.14555200938628549,4,2,2,0.0,0,1,1,"{1: 124, 2: 59, 3: 58, 4: 35, 5: 22}","{1: 135, 2: 64, 3: 44, 4: 32, 5: 23}"
1.0,0.08,0.14,8,False,True,0.6613130092474502,5.245086821725753e-05,0.14555200938628549,4,2,2,0.0,0,1,1,"{1: 124, 2: 59, 3: 58, 4: 35, 5: 22}","{1: 135, 2: 64, 3: 44, 4: 32, 5: 23}"
1.0,0.08,0.14,8,False,False,0.6613130092474502,5.245086821725753e-05,0.14555200938628549,4,2,2,0.0,0,1,1,"{1: 124, 2: 59, 3: 58, 4: 35, 5: 22}","{1: 135, 2: 64, 3: 44, 4: 32, 5: 23}"
1.0,0.08,0.14,8,True,True,0.6613130092474502,5.245086821725753e-05,0.14555200938628549,4,2,2,0.0,0,1,1,"{1: 124, 2: 59, 3: 58, 4: 35, 5: 22}","{1: 135, 2: 64, 3: 44, 4: 32, 5: 23}"
1.0,0.08,0.14,8,True,False,0.6613130092474502,5.245086821725753e-05,0.14555200938628549,4,2,2,0.0,0,1,1,"{1: 124, 2: 59, 3: 58, 4: 35, 5: 22}","{1: 135, 2: 64, 3: 44, 4: 32, 5: 23}"
1.0,0.08,0.14,10,False,True,0.6613130092474502,5.245086821725753e-05,0.14555200938628549,4,2,2,0.0,0,1,1,"{1: 124, 2: 59, 3: 58, 4: 35, 5: 22}","{1: 135, 2: 64, 3: 44, 4: 32, 5: 23}"
1.0,0.08,0.14,10,False,False,0.6613130092474502,5.245086821725753e-05,0.14555200938628549,4,2,2,0.0,0,1,1,"{1: 124, 2: 59, 3: 58, 4: 35, 5: 22}","{1: 135, 2: 64, 3: 44, 4: 32, 5: 23}"
1.0,0.08,0.14,10,True,True,0.6613130092474502,5.245086821725753e-05,0.14555200938628549,4,2,2,0.0,0,1,1,"{1: 124, 2: 59, 3: 58, 4: 35, 5: 22}","{1: 135, 2: 64, 3: 44, 4: 32, 5: 23}"
1.0,0.08,0.14,10,True,False,0.6613130092474502,5.245086821725753e-05,0.14555200938628549,4,2,2,0.0,0,1,1,"{1: 124, 2: 59, 3: 58, 4: 35, 5: 22}","{1: 135, 2: 64, 3: 44, 4: 32, 5: 23}"
1.0,0.08,0.14,12,False,True,0.6613130092474502,5.245086821725753e-05,0.14555200938628549,4,2,2,0.0,0,1,1,"{1: 124, 2: 59, 3: 58, 4: 35, 5: 22}","{1: 135, 2: 64, 3: 44, 4: 32, 5: 23}"
1.0,0.08,0.14,12,False,False,0.6613130092474502,5.245086821725753e-05,0.14555200938628549,4,2,2,0.0,0,1,1,"{1: 124, 2: 59, 3: 58, 4: 35, 5: 22}","{1: 135, 2: 64, 3: 44, 4: 32, 5: 23}"
1.0,0.08,0.14,12,True,True,0.6613130092474502,5.245086821725753e-05,0.14555200938628549,4,2,2,0.0,0,1,1,"{1: 124, 2: 59, 3: 58, 4: 35, 5: 22}","{1: 135, 2: 64, 3: 44, 4: 32, 5: 23}"
1.0,0.08,0.14,12,True,False,0.6613130092474502,5.245086821725753e-05,0.14555200938628549,4,2,2,0.0,0,1,1,"{1: 124, 2: 59, 3: 58, 4: 35, 5: 22}","{1: 135, 2: 64, 3: 44, 4: 32, 5: 23}"
2.0,0.06,0.1,4,False,False,0.661309647259589,4.9088880356040754e-05,0.15505669983800044,4,3,1,0.5,1,4,4,"{1: 125, 2: 59, 3: 58, 4: 34, 5: 22}","{1: 137, 2: 63, 3: 43, 4: 32, 5: 23}"
2.0,0.04,0.08,4,False,False,0.6613062810465546,4.57226673217237e-05,0.15505669983800044,4,3,1,0.5,2,4,4,"{1: 125, 2: 59, 3: 58, 4: 34, 5: 22}","{1: 137, 2: 63, 3: 43, 4: 32, 5: 23}"
0.5,0.04,0.04,4,False,False,0.6613062810465546,4.57226673217237e-05,0.1556191234802452,4,3,1,0.5,2,4,4,"{1: 123, 2: 62, 3: 57, 4: 35, 5: 21}","{1: 134, 2: 66, 3: 45, 4: 31, 5: 22}"
1.0,0.04,0.04,4,False,False,0.6613062810465546,4.57226673217237e-05,0.1556191234802452,4,3,1,0.5,2,4,4,"{1: 123, 2: 62, 3: 57, 4: 35, 5: 21}","{1: 134, 2: 66, 3: 45, 4: 31, 5: 22}"
2.0,0.04,0.04,4,False,False,0.6613062810465546,4.57226673217237e-05,0.1556191234802452,4,3,1,0.5,2,4,4,"{1: 123, 2: 62, 3: 57, 4: 35, 5: 21}","{1: 134, 2: 66, 3: 45, 4: 31, 5: 22}"
2.0,0.04,0.06,4,False,False,0.6613062810465546,4.57226673217237e-05,0.1556191234802452,4,3,1,0.5,2,4,4,"{1: 123, 2: 62, 3: 57, 4: 35, 5: 21}","{1: 134, 2: 66, 3: 45, 4: 31, 5: 22}"
1.0,0.04,0.06,4,False,False,0.6613062810465546,4.57226673217237e-05,0.15897482817823178,4,3,1,0.5,2,4,4,"{1: 123, 2: 62, 3: 57, 4: 35, 5: 21}","{1: 134, 2: 67, 3: 44, 4: 30, 5: 23}"
0.5,0.04,0.06,4,False,False,0.6613062810465546,4.57226673217237e-05,0.1589748281782318,4,3,1,0.5,2,4,4,"{1: 125, 2: 59, 3: 58, 4: 34, 5: 22}","{1: 134, 2: 68, 3: 42, 4: 31, 5: 23}"
0.5,0.025,0.08,6,False,True,0.6613004366683943,3.987828916141023e-05,0.14555200938628549,6,4,2,0.3333333333333333,0,2,0,"{1: 125, 2: 58, 3: 58, 4: 35, 5: 22}","{1: 134, 2: 65, 3: 44, 4: 32, 5: 23}"
0.5,0.025,0.08,6,False,False,0.6613004366683943,3.987828916141023e-05,0.14555200938628549,6,4,2,0.3333333333333333,0,2,0,"{1: 125, 2: 58, 3: 58, 4: 35, 5: 22}","{1: 134, 2: 65, 3: 44, 4: 32, 5: 23}"
0.5,0.025,0.08,6,True,True,0.6613004366683943,3.987828916141023e-05,0.14555200938628549,6,4,2,0.3333333333333333,0,2,0,"{1: 125, 2: 58, 3: 58, 4: 35, 5: 22}","{1: 134, 2: 65, 3: 44, 4: 32, 5: 23}"
0.5,0.025,0.08,6,True,False,0.6613004366683943,3.987828916141023e-05,0.14555200938628549,6,4,2,0.3333333333333333,0,2,0,"{1: 125, 2: 58, 3: 58, 4: 35, 5: 22}","{1: 134, 2: 65, 3: 44, 4: 32, 5: 23}"
0.5,0.015,0.06,6,False,True,0.6613004366683943,3.987828916141023e-05,0.1556191234802452,6,3,3,0.0,0,3,2,"{1: 125, 2: 59, 3: 57, 4: 35, 5: 22}","{1: 134, 2: 67, 3: 42, 4: 32, 5: 23}"
0.5,0.015,0.06,6,True,True,0.6613004366683943,3.987828916141023e-05,0.1556191234802452,6,3,3,0.0,0,3,2,"{1: 125, 2: 59, 3: 57, 4: 35, 5: 22}","{1: 134, 2: 67, 3: 42, 4: 32, 5: 23}"
0.5,0.015,0.06,6,True,False,0.6613004366683943,3.987828916141023e-05,0.1556191234802452,6,3,3,0.0,0,3,2,"{1: 125, 2: 59, 3: 57, 4: 35, 5: 22}","{1: 134, 2: 67, 3: 42, 4: 32, 5: 23}"
0.5,0.015,0.06,6,False,False,0.6613004366683943,3.987828916141023e-05,0.15897482817823178,6,3,3,0.0,0,4,4,"{1: 126, 2: 58, 3: 57, 4: 35, 5: 22}","{1: 135, 2: 67, 3: 41, 4: 32, 5: 23}"
0.5,0.015,0.04,6,False,True,0.6613004366683943,3.987828916141023e-05,0.16233053287621835,6,3,3,0.0,0,5,3,"{1: 125, 2: 61, 3: 55, 4: 35, 5: 22}","{1: 135, 2: 66, 3: 42, 4: 32, 5: 23}"
0.5,0.015,0.04,6,True,True,0.6613004366683943,3.987828916141023e-05,0.16233053287621835,6,3,3,0.0,0,5,3,"{1: 125, 2: 61, 3: 55, 4: 35, 5: 22}","{1: 135, 2: 66, 3: 42, 4: 32, 5: 23}"
0.5,0.015,0.04,6,True,False,0.6613004366683943,3.987828916141023e-05,0.16233053287621835,6,3,3,0.0,0,5,3,"{1: 125, 2: 61, 3: 55, 4: 35, 5: 22}","{1: 135, 2: 66, 3: 42, 4: 32, 5: 23}"
1.0,0.015,0.04,6,False,True,0.6613004366683943,3.987828916141023e-05,0.16233053287621835,6,3,3,0.0,0,5,3,"{1: 125, 2: 61, 3: 55, 4: 35, 5: 22}","{1: 135, 2: 66, 3: 42, 4: 32, 5: 23}"
1.0,0.015,0.04,6,True,True,0.6613004366683943,3.987828916141023e-05,0.16233053287621835,6,3,3,0.0,0,5,3,"{1: 125, 2: 61, 3: 55, 4: 35, 5: 22}","{1: 135, 2: 66, 3: 42, 4: 32, 5: 23}"
1.0,0.015,0.04,6,True,False,0.6613004366683943,3.987828916141023e-05,0.16233053287621835,6,3,3,0.0,0,5,3,"{1: 125, 2: 61, 3: 55, 4: 35, 5: 22}","{1: 135, 2: 66, 3: 42, 4: 32, 5: 23}"
2.0,0.015,0.04,6,False,True,0.6613004366683943,3.987828916141023e-05,0.16233053287621835,6,3,3,0.0,0,5,3,"{1: 125, 2: 61, 3: 55, 4: 35, 5: 22}","{1: 135, 2: 66, 3: 42, 4: 32, 5: 23}"
2.0,0.015,0.04,6,True,True,0.6613004366683943,3.987828916141023e-05,0.16233053287621835,6,3,3,0.0,0,5,3,"{1: 125, 2: 61, 3: 55, 4: 35, 5: 22}","{1: 135, 2: 66, 3: 42, 4: 32, 5: 23}"
2.0,0.015,0.04,6,True,False,0.6613004366683943,3.987828916141023e-05,0.16233053287621835,6,3,3,0.0,0,5,3,"{1: 125, 2: 61, 3: 55, 4: 35, 5: 22}","{1: 135, 2: 66, 3: 42, 4: 32, 5: 23}"
2.0,0.015,0.06,6,False,True,0.6613004366683943,3.987828916141023e-05,0.16233053287621835,6,3,3,0.0,0,5,3,"{1: 125, 2: 61, 3: 55, 4: 35, 5: 22}","{1: 135, 2: 66, 3: 42, 4: 32, 5: 23}"
2.0,0.015,0.06,6,True,True,0.6613004366683943,3.987828916141023e-05,0.16233053287621835,6,3,3,0.0,0,5,3,"{1: 125, 2: 61, 3: 55, 4: 35, 5: 22}","{1: 135, 2: 66, 3: 42, 4: 32, 5: 23}"
2.0,0.015,0.06,6,True,False,0.6613004366683943,3.987828916141023e-05,0.16233053287621835,6,3,3,0.0,0,5,3,"{1: 125, 2: 61, 3: 55, 4: 35, 5: 22}","{1: 135, 2: 66, 3: 42, 4: 32, 5: 23}"
1.0,0.015,0.06,6,False,True,0.6613004366683943,3.987828916141023e-05,0.16233053287621838,6,3,3,0.0,0,5,2,"{1: 125, 2: 61, 3: 55, 4: 35, 5: 22}","{1: 134, 2: 67, 3: 42, 4: 32, 5: 23}"
1.0,0.015,0.06,6,True,True,0.6613004366683943,3.987828916141023e-05,0.16233053287621838,6,3,3,0.0,0,5,2,"{1: 125, 2: 61, 3: 55, 4: 35, 5: 22}","{1: 134, 2: 67, 3: 42, 4: 32, 5: 23}"
1.0,0.015,0.06,6,True,False,0.6613004366683943,3.987828916141023e-05,0.16233053287621838,6,3,3,0.0,0,5,2,"{1: 125, 2: 61, 3: 55, 4: 35, 5: 22}","{1: 134, 2: 67, 3: 42, 4: 32, 5: 23}"
1.0,0.015,0.06,6,False,False,0.6613004366683943,3.987828916141023e-05,0.16568623757420492,6,3,3,0.0,0,6,5,"{1: 126, 2: 60, 3: 55, 4: 35, 5: 22}","{1: 136, 2: 66, 3: 41, 4: 32, 5: 23}"
0.5,0.015,0.04,6,False,False,0.6613004366683943,3.987828916141023e-05,0.16568623757420495,6,3,3,0.0,0,6,6,"{1: 126, 2: 60, 3: 55, 4: 35, 5: 22}","{1: 137, 2: 65, 3: 41, 4: 32, 5: 23}"
1.0,0.015,0.04,6,False,False,0.6613004366683943,3.987828916141023e-05,0.16568623757420495,6,3,3,0.0,0,6,6,"{1: 126, 2: 60, 3: 55, 4: 35, 5: 22}","{1: 137, 2: 65, 3: 41, 4: 32, 5: 23}"
2.0,0.015,0.04,6,False,False,0.6613004366683943,3.987828916141023e-05,0.16568623757420495,6,3,3,0.0,0,6,6,"{1: 126, 2: 60, 3: 55, 4: 35, 5: 22}","{1: 137, 2: 65, 3: 41, 4: 32, 5: 23}"
2.0,0.015,0.06,6,False,False,0.6613004366683943,3.987828916141023e-05,0.16568623757420495,6,3,3,0.0,0,6,6,"{1: 126, 2: 60, 3: 55, 4: 35, 5: 22}","{1: 137, 2: 65, 3: 41, 4: 32, 5: 23}"
0.5,0.06,0.1,6,False,False,0.6613004366683942,3.987828916129921e-05,0.15226341878225863,6,4,2,0.3333333333333333,1,3,4,"{1: 124, 2: 60, 3: 58, 4: 34, 5: 22}","{1: 137, 2: 63, 3: 43, 4: 32, 5: 23}"
1.0,0.06,0.1,6,False,False,0.6613004366683942,3.987828916129921e-05,0.15505669983800044,6,4,2,0.3333333333333333,1,4,4,"{1: 125, 2: 59, 3: 58, 4: 34, 5: 22}","{1: 137, 2: 63, 3: 43, 4: 32, 5: 23}"
2.0,0.06,0.1,6,False,False,0.6613004366683942,3.987828916129921e-05,0.15841240453598704,6,4,2,0.3333333333333333,1,5,4,"{1: 126, 2: 58, 3: 58, 4: 34, 5: 22}","{1: 137, 2: 63, 3: 43, 4: 32, 5: 23}"
1.0,0.025,0.14,3,False,True,0.661289701368061,2.9142988828056993e-05,0.14555200938628549,1,1,0,1.0,0,0,0,"{1: 123, 2: 60, 3: 58, 4: 35, 5: 22}","{1: 134, 2: 65, 3: 44, 4: 32, 5: 23}"
1.0,0.025,0.14,3,False,False,0.661289701368061,2.9142988828056993e-05,0.14555200938628549,1,1,0,1.0,0,0,0,"{1: 123, 2: 60, 3: 58, 4: 35, 5: 22}","{1: 134, 2: 65, 3: 44, 4: 32, 5: 23}"
1.0,0.025,0.14,3,True,True,0.661289701368061,2.9142988828056993e-05,0.14555200938628549,1,1,0,1.0,0,0,0,"{1: 123, 2: 60, 3: 58, 4: 35, 5: 22}","{1: 134, 2: 65, 3: 44, 4: 32, 5: 23}"
1.0,0.025,0.14,3,True,False,0.661289701368061,2.9142988828056993e-05,0.14555200938628549,1,1,0,1.0,0,0,0,"{1: 123, 2: 60, 3: 58, 4: 35, 5: 22}","{1: 134, 2: 65, 3: 44, 4: 32, 5: 23}"
1.0,0.025,0.14,4,False,True,0.661289701368061,2.9142988828056993e-05,0.14555200938628549,1,1,0,1.0,0,0,0,"{1: 123, 2: 60, 3: 58, 4: 35, 5: 22}","{1: 134, 2: 65, 3: 44, 4: 32, 5: 23}"
1.0,0.025,0.14,4,False,False,0.661289701368061,2.9142988828056993e-05,0.14555200938628549,1,1,0,1.0,0,0,0,"{1: 123, 2: 60, 3: 58, 4: 35, 5: 22}","{1: 134, 2: 65, 3: 44, 4: 32, 5: 23}"
1.0,0.025,0.14,4,True,True,0.661289701368061,2.9142988828056993e-05,0.14555200938628549,1,1,0,1.0,0,0,0,"{1: 123, 2: 60, 3: 58, 4: 35, 5: 22}","{1: 134, 2: 65, 3: 44, 4: 32, 5: 23}"
1.0,0.025,0.14,4,True,False,0.661289701368061,2.9142988828056993e-05,0.14555200938628549,1,1,0,1.0,0,0,0,"{1: 123, 2: 60, 3: 58, 4: 35, 5: 22}","{1: 134, 2: 65, 3: 44, 4: 32, 5: 23}"
1.0,0.025,0.14,5,False,True,0.661289701368061,2.9142988828056993e-05,0.14555200938628549,1,1,0,1.0,0,0,0,"{1: 123, 2: 60, 3: 58, 4: 35, 5: 22}","{1: 134, 2: 65, 3: 44, 4: 32, 5: 23}"
1.0,0.025,0.14,5,False,False,0.661289701368061,2.9142988828056993e-05,0.14555200938628549,1,1,0,1.0,0,0,0,"{1: 123, 2: 60, 3: 58, 4: 35, 5: 22}","{1: 134, 2: 65, 3: 44, 4: 32, 5: 23}"
1.0,0.025,0.14,5,True,True,0.661289701368061,2.9142988828056993e-05,0.14555200938628549,1,1,0,1.0,0,0,0,"{1: 123, 2: 60, 3: 58, 4: 35, 5: 22}","{1: 134, 2: 65, 3: 44, 4: 32, 5: 23}"
1.0,0.025,0.14,5,True,False,0.661289701368061,2.9142988828056993e-05,0.14555200938628549,1,1,0,1.0,0,0,0,"{1: 123, 2: 60, 3: 58, 4: 35, 5: 22}","{1: 134, 2: 65, 3: 44, 4: 32, 5: 23}"
1.0,0.025,0.14,6,False,True,0.661289701368061,2.9142988828056993e-05,0.14555200938628549,1,1,0,1.0,0,0,0,"{1: 123, 2: 60, 3: 58, 4: 35, 5: 22}","{1: 134, 2: 65, 3: 44, 4: 32, 5: 23}"
1.0,0.025,0.14,6,False,False,0.661289701368061,2.9142988828056993e-05,0.14555200938628549,1,1,0,1.0,0,0,0,"{1: 123, 2: 60, 3: 58, 4: 35, 5: 22}","{1: 134, 2: 65, 3: 44, 4: 32, 5: 23}"
1.0,0.025,0.14,6,True,True,0.661289701368061,2.9142988828056993e-05,0.14555200938628549,1,1,0,1.0,0,0,0,"{1: 123, 2: 60, 3: 58, 4: 35, 5: 22}","{1: 134, 2: 65, 3: 44, 4: 32, 5: 23}"
1.0,0.025,0.14,6,True,False,0.661289701368061,2.9142988828056993e-05,0.14555200938628549,1,1,0,1.0,0,0,0,"{1: 123, 2: 60, 3: 58, 4: 35, 5: 22}","{1: 134, 2: 65, 3: 44, 4: 32, 5: 23}"
1.0,0.025,0.14,8,False,True,0.661289701368061,2.9142988828056993e-05,0.14555200938628549,1,1,0,1.0,0,0,0,"{1: 123, 2: 60, 3: 58, 4: 35, 5: 22}","{1: 134, 2: 65, 3: 44, 4: 32, 5: 23}"
1.0,0.025,0.14,8,False,False,0.661289701368061,2.9142988828056993e-05,0.14555200938628549,1,1,0,1.0,0,0,0,"{1: 123, 2: 60, 3: 58, 4: 35, 5: 22}","{1: 134, 2: 65, 3: 44, 4: 32, 5: 23}"
1.0,0.025,0.14,8,True,True,0.661289701368061,2.9142988828056993e-05,0.14555200938628549,1,1,0,1.0,0,0,0,"{1: 123, 2: 60, 3: 58, 4: 35, 5: 22}","{1: 134, 2: 65, 3: 44, 4: 32, 5: 23}"
1.0,0.025,0.14,8,True,False,0.661289701368061,2.9142988828056993e-05,0.14555200938628549,1,1,0,1.0,0,0,0,"{1: 123, 2: 60, 3: 58, 4: 35, 5: 22}","{1: 134, 2: 65, 3: 44, 4: 32, 5: 23}"
1.0,0.025,0.14,10,False,True,0.661289701368061,2.9142988828056993e-05,0.14555200938628549,1,1,0,1.0,0,0,0,"{1: 123, 2: 60, 3: 58, 4: 35, 5: 22}","{1: 134, 2: 65, 3: 44, 4: 32, 5: 23}"
1.0,0.025,0.14,10,False,False,0.661289701368061,2.9142988828056993e-05,0.14555200938628549,1,1,0,1.0,0,0,0,"{1: 123, 2: 60, 3: 58, 4: 35, 5: 22}","{1: 134, 2: 65, 3: 44, 4: 32, 5: 23}"
1.0,0.025,0.14,10,True,True,0.661289701368061,2.9142988828056993e-05,0.14555200938628549,1,1,0,1.0,0,0,0,"{1: 123, 2: 60, 3: 58, 4: 35, 5: 22}","{1: 134, 2: 65, 3: 44, 4: 32, 5: 23}"
1.0,0.025,0.14,10,True,False,0.661289701368061,2.9142988828056993e-05,0.14555200938628549,1,1,0,1.0,0,0,0,"{1: 123, 2: 60, 3: 58, 4: 35, 5: 22}","{1: 134, 2: 65, 3: 44, 4: 32, 5: 23}"
1.0,0.025,0.14,12,False,True,0.661289701368061,2.9142988828056993e-05,0.14555200938628549,1,1,0,1.0,0,0,0,"{1: 123, 2: 60, 3: 58, 4: 35, 5: 22}","{1: 134, 2: 65, 3: 44, 4: 32, 5: 23}"
1.0,0.025,0.14,12,False,False,0.661289701368061,2.9142988828056993e-05,0.14555200938628549,1,1,0,1.0,0,0,0,"{1: 123, 2: 60, 3: 58, 4: 35, 5: 22}","{1: 134, 2: 65, 3: 44, 4: 32, 5: 23}"
1.0,0.025,0.14,12,True,True,0.661289701368061,2.9142988828056993e-05,0.14555200938628549,1,1,0,1.0,0,0,0,"{1: 123, 2: 60, 3: 58, 4: 35, 5: 22}","{1: 134, 2: 65, 3: 44, 4: 32, 5: 23}"
1.0,0.025,0.14,12,True,False,0.661289701368061,2.9142988828056993e-05,0.14555200938628549,1,1,0,1.0,0,0,0,"{1: 123, 2: 60, 3: 58, 4: 35, 5: 22}","{1: 134, 2: 65, 3: 44, 4: 32, 5: 23}"
0.5,0.025,0.04,8,False,False,0.6612878476036448,2.7289224411863877e-05,0.16568623757420498,8,5,3,0.25,1,6,8,"{1: 126, 2: 60, 3: 55, 4: 35, 5: 22}","{1: 138, 2: 64, 3: 42, 4: 31, 5: 23}"
0.5,0.015,0.04,10,False,True,0.6612853935886935,2.4835209460616348e-05,0.16233053287621835,10,5,5,0.0,0,5,3,"{1: 125, 2: 61, 3: 55, 4: 35, 5: 22}","{1: 135, 2: 66, 3: 42, 4: 32, 5: 23}"
0.5,0.015,0.04,10,True,True,0.6612853935886935,2.4835209460616348e-05,0.16233053287621835,10,5,5,0.0,0,5,3,"{1: 125, 2: 61, 3: 55, 4: 35, 5: 22}","{1: 135, 2: 66, 3: 42, 4: 32, 5: 23}"
0.5,0.015,0.04,10,True,False,0.6612853935886935,2.4835209460616348e-05,0.16233053287621835,10,5,5,0.0,0,5,3,"{1: 125, 2: 61, 3: 55, 4: 35, 5: 22}","{1: 135, 2: 66, 3: 42, 4: 32, 5: 23}"
1.0,0.015,0.04,10,False,True,0.6612853935886935,2.4835209460616348e-05,0.16233053287621835,10,5,5,0.0,0,5,3,"{1: 125, 2: 61, 3: 55, 4: 35, 5: 22}","{1: 135, 2: 66, 3: 42, 4: 32, 5: 23}"
1.0,0.015,0.04,10,True,True,0.6612853935886935,2.4835209460616348e-05,0.16233053287621835,10,5,5,0.0,0,5,3,"{1: 125, 2: 61, 3: 55, 4: 35, 5: 22}","{1: 135, 2: 66, 3: 42, 4: 32, 5: 23}"
1.0,0.015,0.04,10,True,False,0.6612853935886935,2.4835209460616348e-05,0.16233053287621835,10,5,5,0.0,0,5,3,"{1: 125, 2: 61, 3: 55, 4: 35, 5: 22}","{1: 135, 2: 66, 3: 42, 4: 32, 5: 23}"
2.0,0.015,0.04,10,False,True,0.6612853935886935,2.4835209460616348e-05,0.16233053287621835,10,5,5,0.0,0,5,3,"{1: 125, 2: 61, 3: 55, 4: 35, 5: 22}","{1: 135, 2: 66, 3: 42, 4: 32, 5: 23}"
2.0,0.015,0.04,10,True,True,0.6612853935886935,2.4835209460616348e-05,0.16233053287621835,10,5,5,0.0,0,5,3,"{1: 125, 2: 61, 3: 55, 4: 35, 5: 22}","{1: 135, 2: 66, 3: 42, 4: 32, 5: 23}"
2.0,0.015,0.04,10,True,False,0.6612853935886935,2.4835209460616348e-05,0.16233053287621835,10,5,5,0.0,0,5,3,"{1: 125, 2: 61, 3: 55, 4: 35, 5: 22}","{1: 135, 2: 66, 3: 42, 4: 32, 5: 23}"
0.5,0.08,0.1,10,False,True,0.6612820139830462,2.145560381328071e-05,0.15505669983800044,10,5,5,0.0,0,4,4,"{1: 125, 2: 59, 3: 58, 4: 34, 5: 22}","{1: 137, 2: 63, 3: 43, 4: 32, 5: 23}"
0.5,0.08,0.1,10,True,True,0.6612820139830462,2.145560381328071e-05,0.15505669983800044,10,5,5,0.0,0,4,4,"{1: 125, 2: 59, 3: 58, 4: 34, 5: 22}","{1: 137, 2: 63, 3: 43, 4: 32, 5: 23}"
0.5,0.08,0.1,10,True,False,0.6612820139830462,2.145560381328071e-05,0.15505669983800044,10,5,5,0.0,0,4,4,"{1: 125, 2: 59, 3: 58, 4: 34, 5: 22}","{1: 137, 2: 63, 3: 43, 4: 32, 5: 23}"
1.0,0.08,0.1,10,False,True,0.6612820139830462,2.145560381328071e-05,0.15841240453598704,10,5,5,0.0,0,5,5,"{1: 126, 2: 58, 3: 58, 4: 34, 5: 22}","{1: 137, 2: 63, 3: 44, 4: 31, 5: 23}"
1.0,0.08,0.1,10,True,True,0.6612820139830462,2.145560381328071e-05,0.15841240453598704,10,5,5,0.0,0,5,5,"{1: 126, 2: 58, 3: 58, 4: 34, 5: 22}","{1: 137, 2: 63, 3: 44, 4: 31, 5: 23}"
1.0,0.08,0.1,10,True,False,0.6612820139830462,2.145560381328071e-05,0.15841240453598704,10,5,5,0.0,0,5,5,"{1: 126, 2: 58, 3: 58, 4: 34, 5: 22}","{1: 137, 2: 63, 3: 44, 4: 31, 5: 23}"
2.0,0.08,0.1,10,False,True,0.6612820139830462,2.145560381328071e-05,0.1617681092339737,10,5,5,0.0,0,6,5,"{1: 127, 2: 57, 3: 58, 4: 34, 5: 22}","{1: 137, 2: 63, 3: 44, 4: 31, 5: 23}"
2.0,0.08,0.1,10,True,True,0.6612820139830462,2.145560381328071e-05,0.1617681092339737,10,5,5,0.0,0,6,5,"{1: 127, 2: 57, 3: 58, 4: 34, 5: 22}","{1: 137, 2: 63, 3: 44, 4: 31, 5: 23}"
2.0,0.08,0.1,10,True,False,0.6612820139830462,2.145560381328071e-05,0.1617681092339737,10,5,5,0.0,0,6,5,"{1: 127, 2: 57, 3: 58, 4: 34, 5: 22}","{1: 137, 2: 63, 3: 44, 4: 31, 5: 23}"
0.5,0.015,0.08,3,False,True,0.6612804925377955,1.993415856260672e-05,0.14555200938628549,3,2,1,0.3333333333333333,0,2,0,"{1: 125, 2: 58, 3: 58, 4: 35, 5: 22}","{1: 134, 2: 65, 3: 44, 4: 32, 5: 23}"
0.5,0.015,0.08,3,False,False,0.6612804925377955,1.993415856260672e-05,0.14555200938628549,3,2,1,0.3333333333333333,0,2,0,"{1: 125, 2: 58, 3: 58, 4: 35, 5: 22}","{1: 134, 2: 65, 3: 44, 4: 32, 5: 23}"
0.5,0.015,0.08,3,True,True,0.6612804925377955,1.993415856260672e-05,0.14555200938628549,3,2,1,0.3333333333333333,0,2,0,"{1: 125, 2: 58, 3: 58, 4: 35, 5: 22}","{1: 134, 2: 65, 3: 44, 4: 32, 5: 23}"
0.5,0.015,0.08,3,True,False,0.6612804925377955,1.993415856260672e-05,0.14555200938628549,3,2,1,0.3333333333333333,0,2,0,"{1: 125, 2: 58, 3: 58, 4: 35, 5: 22}","{1: 134, 2: 65, 3: 44, 4: 32, 5: 23}"
2.0,0.06,0.14,3,False,True,0.6612804925377955,1.993415856260672e-05,0.1483452904420273,3,2,1,0.3333333333333333,0,1,2,"{1: 124, 2: 59, 3: 58, 4: 35, 5: 22}","{1: 136, 2: 63, 3: 44, 4: 32, 5: 23}"
2.0,0.06,0.14,3,False,False,0.6612804925377955,1.993415856260672e-05,0.1483452904420273,3,2,1,0.3333333333333333,0,1,2,"{1: 124, 2: 59, 3: 58, 4: 35, 5: 22}","{1: 136, 2: 63, 3: 44, 4: 32, 5: 23}"
2.0,0.06,0.14,3,True,True,0.6612804925377955,1.993415856260672e-05,0.1483452904420273,3,2,1,0.3333333333333333,0,1,2,"{1: 124, 2: 59, 3: 58, 4: 35, 5: 22}","{1: 136, 2: 63, 3: 44, 4: 32, 5: 23}"
2.0,0.06,0.14,3,True,False,0.6612804925377955,1.993415856260672e-05,0.1483452904420273,3,2,1,0.3333333333333333,0,1,2,"{1: 124, 2: 59, 3: 58, 4: 35, 5: 22}","{1: 136, 2: 63, 3: 44, 4: 32, 5: 23}"
2.0,0.06,0.1,3,False,True,0.6612804925377955,1.993415856260672e-05,0.1522634187822586,3,2,1,0.3333333333333333,0,3,3,"{1: 124, 2: 60, 3: 58, 4: 34, 5: 22}","{1: 136, 2: 64, 3: 43, 4: 32, 5: 23}"
2.0,0.06,0.1,3,True,True,0.6612804925377955,1.993415856260672e-05,0.1522634187822586,3,2,1,0.3333333333333333,0,3,3,"{1: 124, 2: 60, 3: 58, 4: 34, 5: 22}","{1: 136, 2: 64, 3: 43, 4: 32, 5: 23}"
2.0,0.06,0.1,3,True,False,0.6612804925377955,1.993415856260672e-05,0.1522634187822586,3,2,1,0.3333333333333333,0,3,3,"{1: 124, 2: 60, 3: 58, 4: 34, 5: 22}","{1: 136, 2: 64, 3: 43, 4: 32, 5: 23}"
0.5,0.025,0.08,12,False,False,0.6612795686006794,1.9010221446458253e-05,0.14555200938628549,12,7,5,0.16666666666666666,4,2,0,"{1: 125, 2: 58, 3: 58, 4: 35, 5: 22}","{1: 134, 2: 65, 3: 44, 4: 32, 5: 23}"
0.5,0.015,0.06,12,False,True,0.6612795686006794,1.9010221446458253e-05,0.1556191234802452,12,6,6,0.0,0,3,2,"{1: 125, 2: 59, 3: 57, 4: 35, 5: 22}","{1: 134, 2: 67, 3: 42, 4: 32, 5: 23}"
0.5,0.015,0.06,12,True,True,0.6612795686006794,1.9010221446458253e-05,0.1556191234802452,12,6,6,0.0,0,3,2,"{1: 125, 2: 59, 3: 57, 4: 35, 5: 22}","{1: 134, 2: 67, 3: 42, 4: 32, 5: 23}"
0.5,0.015,0.06,12,True,False,0.6612795686006794,1.9010221446458253e-05,0.1556191234802452,12,6,6,0.0,0,3,2,"{1: 125, 2: 59, 3: 57, 4: 35, 5: 22}","{1: 134, 2: 67, 3: 42, 4: 32, 5: 23}"
2.0,0.015,0.06,12,False,True,0.6612795686006794,1.9010221446458253e-05,0.16233053287621835,12,6,6,0.0,0,5,3,"{1: 125, 2: 61, 3: 55, 4: 35, 5: 22}","{1: 135, 2: 66, 3: 42, 4: 32, 5: 23}"
2.0,0.015,0.06,12,True,True,0.6612795686006794,1.9010221446458253e-05,0.16233053287621835,12,6,6,0.0,0,5,3,"{1: 125, 2: 61, 3: 55, 4: 35, 5: 22}","{1: 135, 2: 66, 3: 42, 4: 32, 5: 23}"
2.0,0.015,0.06,12,True,False,0.6612795686006794,1.9010221446458253e-05,0.16233053287621835,12,6,6,0.0,0,5,3,"{1: 125, 2: 61, 3: 55, 4: 35, 5: 22}","{1: 135, 2: 66, 3: 42, 4: 32, 5: 23}"
1.0,0.015,0.06,12,False,True,0.6612795686006794,1.9010221446458253e-05,0.16233053287621838,12,6,6,0.0,0,5,2,"{1: 125, 2: 61, 3: 55, 4: 35, 5: 22}","{1: 134, 2: 67, 3: 42, 4: 32, 5: 23}"
1.0,0.015,0.06,12,True,True,0.6612795686006794,1.9010221446458253e-05,0.16233053287621838,12,6,6,0.0,0,5,2,"{1: 125, 2: 61, 3: 55, 4: 35, 5: 22}","{1: 134, 2: 67, 3: 42, 4: 32, 5: 23}"
1.0,0.015,0.06,12,True,False,0.6612795686006794,1.9010221446458253e-05,0.16233053287621838,12,6,6,0.0,0,5,2,"{1: 125, 2: 61, 3: 55, 4: 35, 5: 22}","{1: 134, 2: 67, 3: 42, 4: 32, 5: 23}"
2.0,0.04,0.08,10,False,False,0.6612786301297378,1.807175050483334e-05,0.15505669983800044,10,7,3,0.4,3,4,4,"{1: 125, 2: 59, 3: 58, 4: 34, 5: 22}","{1: 137, 2: 63, 3: 43, 4: 32, 5: 23}"
2.0,0.06,0.08,10,False,True,0.6612786301297378,1.807175050483334e-05,0.16176810923397364,10,6,4,0.2,0,6,5,"{1: 126, 2: 59, 3: 57, 4: 34, 5: 22}","{1: 138, 2: 62, 3: 43, 4: 32, 5: 23}"
2.0,0.06,0.08,10,True,True,0.6612786301297378,1.807175050483334e-05,0.16176810923397364,10,6,4,0.2,0,6,5,"{1: 126, 2: 59, 3: 57, 4: 34, 5: 22}","{1: 138, 2: 62, 3: 43, 4: 32, 5: 23}"
2.0,0.06,0.08,10,True,False,0.6612786301297378,1.807175050483334e-05,0.16176810923397364,10,6,4,0.2,0,6,5,"{1: 126, 2: 59, 3: 57, 4: 34, 5: 22}","{1: 138, 2: 62, 3: 43, 4: 32, 5: 23}"
2.0,0.06,0.1,12,False,False,0.6612761873683213,1.5628989088356526e-05,0.15841240453598704,12,7,5,0.16666666666666666,3,5,4,"{1: 126, 2: 58, 3: 58, 4: 34, 5: 22}","{1: 137, 2: 63, 3: 43, 4: 32, 5: 23}"
0.5,0.06,0.08,12,False,False,0.661272801888811,1.22435095780693e-05,0.15841240453598704,12,7,5,0.16666666666666666,3,6,4,"{1: 126, 2: 58, 3: 59, 4: 33, 5: 22}","{1: 137, 2: 63, 3: 43, 4: 32, 5: 23}"
1.0,0.015,0.08,5,False,True,0.6612712832067789,1.0724827545938176e-05,0.14555200938628549,5,3,2,0.2,0,2,0,"{1: 125, 2: 58, 3: 58, 4: 35, 5: 22}","{1: 134, 2: 65, 3: 44, 4: 32, 5: 23}"
1.0,0.015,0.08,5,True,True,0.6612712832067789,1.0724827545938176e-05,0.14555200938628549,5,3,2,0.2,0,2,0,"{1: 125, 2: 58, 3: 58, 4: 35, 5: 22}","{1: 134, 2: 65, 3: 44, 4: 32, 5: 23}"
1.0,0.015,0.08,5,True,False,0.6612712832067789,1.0724827545938176e-05,0.14555200938628549,5,3,2,0.2,0,2,0,"{1: 125, 2: 58, 3: 58, 4: 35, 5: 22}","{1: 134, 2: 65, 3: 44, 4: 32, 5: 23}"
1.0,0.015,0.08,5,False,False,0.6612712832067789,1.0724827545938176e-05,0.1483452904420273,5,3,2,0.2,0,2,1,"{1: 125, 2: 58, 3: 58, 4: 35, 5: 22}","{1: 135, 2: 64, 3: 44, 4: 32, 5: 23}"
0.5,0.06,0.1,5,False,True,0.6612712832067787,1.0724827545827154e-05,0.15226341878225863,5,3,2,0.2,0,3,4,"{1: 124, 2: 60, 3: 58, 4: 34, 5: 22}","{1: 137, 2: 63, 3: 43, 4: 32, 5: 23}"
0.5,0.06,0.1,5,True,True,0.6612712832067787,1.0724827545827154e-05,0.15226341878225863,5,3,2,0.2,0,3,4,"{1: 124, 2: 60, 3: 58, 4: 34, 5: 22}","{1: 137, 2: 63, 3: 43, 4: 32, 5: 23}"
0.5,0.06,0.1,5,True,False,0.6612712832067787,1.0724827545827154e-05,0.15226341878225863,5,3,2,0.2,0,3,4,"{1: 124, 2: 60, 3: 58, 4: 34, 5: 22}","{1: 137, 2: 63, 3: 43, 4: 32, 5: 23}"
1.0,0.06,0.1,5,False,True,0.6612712832067787,1.0724827545827154e-05,0.15505669983800044,5,3,2,0.2,0,4,4,"{1: 125, 2: 59, 3: 58, 4: 34, 5: 22}","{1: 137, 2: 63, 3: 43, 4: 32, 5: 23}"
1.0,0.06,0.1,5,True,True,0.6612712832067787,1.0724827545827154e-05,0.15505669983800044,5,3,2,0.2,0,4,4,"{1: 125, 2: 59, 3: 58, 4: 34, 5: 22}","{1: 137, 2: 63, 3: 43, 4: 32, 5: 23}"
1.0,0.06,0.1,5,True,False,0.6612712832067787,1.0724827545827154e-05,0.15505669983800044,5,3,2,0.2,0,4,4,"{1: 125, 2: 59, 3: 58, 4: 34, 5: 22}","{1: 137, 2: 63, 3: 43, 4: 32, 5: 23}"
2.0,0.06,0.1,5,False,True,0.6612712832067787,1.0724827545827154e-05,0.15841240453598704,5,3,2,0.2,0,5,4,"{1: 126, 2: 58, 3: 58, 4: 34, 5: 22}","{1: 137, 2: 63, 3: 43, 4: 32, 5: 23}"
2.0,0.06,0.1,5,True,True,0.6612712832067787,1.0724827545827154e-05,0.15841240453598704,5,3,2,0.2,0,5,4,"{1: 126, 2: 58, 3: 58, 4: 34, 5: 22}","{1: 137, 2: 63, 3: 43, 4: 32, 5: 23}"
2.0,0.06,0.1,5,True,False,0.6612712832067787,1.0724827545827154e-05,0.15841240453598704,5,3,2,0.2,0,5,4,"{1: 126, 2: 58, 3: 58, 4: 34, 5: 22}","{1: 137, 2: 63, 3: 43, 4: 32, 5: 23}"
0.5,0.08,0.08,12,False,False,0.6612694121541414,8.853774908446077e-06,0.1617681092339737,12,7,5,0.16666666666666666,2,7,5,"{1: 127, 2: 57, 3: 59, 4: 33, 5: 22}","{1: 137, 2: 63, 3: 44, 4: 31, 5: 23}"
0.5,0.025,0.04,5,False,True,0.6612678935506344,7.335171401501306e-06,0.16233053287621835,5,3,2,0.2,0,5,5,"{1: 125, 2: 61, 3: 55, 4: 35, 5: 22}","{1: 136, 2: 65, 3: 43, 4: 31, 5: 23}"
0.5,0.025,0.04,5,True,True,0.6612678935506344,7.335171401501306e-06,0.16233053287621835,5,3,2,0.2,0,5,5,"{1: 125, 2: 61, 3: 55, 4: 35, 5: 22}","{1: 136, 2: 65, 3: 43, 4: 31, 5: 23}"
0.5,0.025,0.04,5,True,False,0.6612678935506344,7.335171401501306e-06,0.16233053287621835,5,3,2,0.2,0,5,5,"{1: 125, 2: 61, 3: 55, 4: 35, 5: 22}","{1: 136, 2: 65, 3: 43, 4: 31, 5: 23}"
1.0,0.025,0.04,5,False,True,0.6612678935506344,7.335171401501306e-06,0.16233053287621835,5,3,2,0.2,0,5,5,"{1: 125, 2: 61, 3: 55, 4: 35, 5: 22}","{1: 136, 2: 65, 3: 43, 4: 31, 5: 23}"
1.0,0.025,0.04,5,True,True,0.6612678935506344,7.335171401501306e-06,0.16233053287621835,5,3,2,0.2,0,5,5,"{1: 125, 2: 61, 3: 55, 4: 35, 5: 22}","{1: 136, 2: 65, 3: 43, 4: 31, 5: 23}"
1.0,0.025,0.04,5,True,False,0.6612678935506344,7.335171401501306e-06,0.16233053287621835,5,3,2,0.2,0,5,5,"{1: 125, 2: 61, 3: 55, 4: 35, 5: 22}","{1: 136, 2: 65, 3: 43, 4: 31, 5: 23}"
1.0,0.025,0.06,5,False,True,0.6612678935506344,7.335171401501306e-06,0.16233053287621835,5,3,2,0.2,0,5,5,"{1: 125, 2: 61, 3: 55, 4: 35, 5: 22}","{1: 136, 2: 65, 3: 43, 4: 31, 5: 23}"
1.0,0.025,0.06,5,True,True,0.6612678935506344,7.335171401501306e-06,0.16233053287621835,5,3,2,0.2,0,5,5,"{1: 125, 2: 61, 3: 55, 4: 35, 5: 22}","{1: 136, 2: 65, 3: 43, 4: 31, 5: 23}"
1.0,0.025,0.06,5,True,False,0.6612678935506344,7.335171401501306e-06,0.16233053287621835,5,3,2,0.2,0,5,5,"{1: 125, 2: 61, 3: 55, 4: 35, 5: 22}","{1: 136, 2: 65, 3: 43, 4: 31, 5: 23}"
2.0,0.025,0.04,5,False,True,0.6612678935506344,7.335171401501306e-06,0.16233053287621835,5,3,2,0.2,0,5,5,"{1: 125, 2: 61, 3: 55, 4: 35, 5: 22}","{1: 136, 2: 65, 3: 43, 4: 31, 5: 23}"
2.0,0.025,0.04,5,True,True,0.6612678935506344,7.335171401501306e-06,0.16233053287621835,5,3,2,0.2,0,5,5,"{1: 125, 2: 61, 3: 55, 4: 35, 5: 22}","{1: 136, 2: 65, 3: 43, 4: 31, 5: 23}"
2.0,0.025,0.04,5,True,False,0.6612678935506344,7.335171401501306e-06,0.16233053287621835,5,3,2,0.2,0,5,5,"{1: 125, 2: 61, 3: 55, 4: 35, 5: 22}","{1: 136, 2: 65, 3: 43, 4: 31, 5: 23}"
2.0,0.025,0.06,5,False,True,0.6612678935506344,7.335171401501306e-06,0.16233053287621835,5,3,2,0.2,0,5,5,"{1: 125, 2: 61, 3: 55, 4: 35, 5: 22}","{1: 136, 2: 65, 3: 43, 4: 31, 5: 23}"
2.0,0.025,0.06,5,True,True,0.6612678935506344,7.335171401501306e-06,0.16233053287621835,5,3,2,0.2,0,5,5,"{1: 125, 2: 61, 3: 55, 4: 35, 5: 22}","{1: 136, 2: 65, 3: 43, 4: 31, 5: 23}"
2.0,0.025,0.06,5,True,False,0.6612678935506344,7.335171401501306e-06,0.16233053287621835,5,3,2,0.2,0,5,5,"{1: 125, 2: 61, 3: 55, 4: 35, 5: 22}","{1: 136, 2: 65, 3: 43, 4: 31, 5: 23}"
1.0,0.025,0.06,5,False,False,0.6612678935506344,7.335171401501306e-06,0.16568623757420492,5,3,2,0.2,0,5,5,"{1: 125, 2: 61, 3: 55, 4: 35, 5: 22}","{1: 135, 2: 67, 3: 42, 4: 31, 5: 23}"
2.0,0.025,0.06,5,False,False,0.6612678935506344,7.335171401501306e-06,0.16568623757420492,5,3,2,0.2,0,5,5,"{1: 125, 2: 61, 3: 55, 4: 35, 5: 22}","{1: 135, 2: 67, 3: 42, 4: 31, 5: 23}"
0.5,0.015,0.14,3,False,True,0.6612605583792329,0.0,0.14555200938628549,0,0,0,0.0,0,0,0,"{1: 123, 2: 60, 3: 58, 4: 35, 5: 22}","{1: 134, 2: 65, 3: 44, 4: 32, 5: 23}"
0.5,0.015,0.14,3,False,False,0.6612605583792329,0.0,0.14555200938628549,0,0,0,0.0,0,0,0,"{1: 123, 2: 60, 3: 58, 4: 35, 5: 22}","{1: 134, 2: 65, 3: 44, 4: 32, 5: 23}"
0.5,0.015,0.14,3,True,True,0.6612605583792329,0.0,0.14555200938628549,0,0,0,0.0,0,0,0,"{1: 123, 2: 60, 3: 58, 4: 35, 5: 22}","{1: 134, 2: 65, 3: 44, 4: 32, 5: 23}"
0.5,0.015,0.14,3,True,False,0.6612605583792329,0.0,0.14555200938628549,0,0,0,0.0,0,0,0,"{1: 123, 2: 60, 3: 58, 4: 35, 5: 22}","{1: 134, 2: 65, 3: 44, 4: 32, 5: 23}"
0.5,0.015,0.14,4,False,True,0.6612605583792329,0.0,0.14555200938628549,0,0,0,0.0,0,0,0,"{1: 123, 2: 60, 3: 58, 4: 35, 5: 22}","{1: 134, 2: 65, 3: 44, 4: 32, 5: 23}"
0.5,0.015,0.14,4,False,False,0.6612605583792329,0.0,0.14555200938628549,0,0,0,0.0,0,0,0,"{1: 123, 2: 60, 3: 58, 4: 35, 5: 22}","{1: 134, 2: 65, 3: 44, 4: 32, 5: 23}"
0.5,0.015,0.14,4,True,True,0.6612605583792329,0.0,0.14555200938628549,0,0,0,0.0,0,0,0,"{1: 123, 2: 60, 3: 58, 4: 35, 5: 22}","{1: 134, 2: 65, 3: 44, 4: 32, 5: 23}"
0.5,0.015,0.14,4,True,False,0.6612605583792329,0.0,0.14555200938628549,0,0,0,0.0,0,0,0,"{1: 123, 2: 60, 3: 58, 4: 35, 5: 22}","{1: 134, 2: 65, 3: 44, 4: 32, 5: 23}"
0.5,0.015,0.14,5,False,True,0.6612605583792329,0.0,0.14555200938628549,0,0,0,0.0,0,0,0,"{1: 123, 2: 60, 3: 58, 4: 35, 5: 22}","{1: 134, 2: 65, 3: 44, 4: 32, 5: 23}"
0.5,0.015,0.14,5,False,False,0.6612605583792329,0.0,0.14555200938628549,0,0,0,0.0,0,0,0,"{1: 123, 2: 60, 3: 58, 4: 35, 5: 22}","{1: 134, 2: 65, 3: 44, 4: 32, 5: 23}"
0.5,0.015,0.14,5,True,True,0.6612605583792329,0.0,0.14555200938628549,0,0,0,0.0,0,0,0,"{1: 123, 2: 60, 3: 58, 4: 35, 5: 22}","{1: 134, 2: 65, 3: 44, 4: 32, 5: 23}"
0.5,0.015,0.14,5,True,False,0.6612605583792329,0.0,0.14555200938628549,0,0,0,0.0,0,0,0,"{1: 123, 2: 60, 3: 58, 4: 35, 5: 22}","{1: 134, 2: 65, 3: 44, 4: 32, 5: 23}"
0.5,0.015,0.14,6,False,True,0.6612605583792329,0.0,0.14555200938628549,0,0,0,0.0,0,0,0,"{1: 123, 2: 60, 3: 58, 4: 35, 5: 22}","{1: 134, 2: 65, 3: 44, 4: 32, 5: 23}"
0.5,0.015,0.14,6,False,False,0.6612605583792329,0.0,0.14555200938628549,0,0,0,0.0,0,0,0,"{1: 123, 2: 60, 3: 58, 4: 35, 5: 22}","{1: 134, 2: 65, 3: 44, 4: 32, 5: 23}"
0.5,0.015,0.14,6,True,True,0.6612605583792329,0.0,0.14555200938628549,0,0,0,0.0,0,0,0,"{1: 123, 2: 60, 3: 58, 4: 35, 5: 22}","{1: 134, 2: 65, 3: 44, 4: 32, 5: 23}"
0.5,0.015,0.14,6,True,False,0.6612605583792329,0.0,0.14555200938628549,0,0,0,0.0,0,0,0,"{1: 123, 2: 60, 3: 58, 4: 35, 5: 22}","{1: 134, 2: 65, 3: 44, 4: 32, 5: 23}"
0.5,0.015,0.14,8,False,True,0.6612605583792329,0.0,0.14555200938628549,0,0,0,0.0,0,0,0,"{1: 123, 2: 60, 3: 58, 4: 35, 5: 22}","{1: 134, 2: 65, 3: 44, 4: 32, 5: 23}"
0.5,0.015,0.14,8,False,False,0.6612605583792329,0.0,0.14555200938628549,0,0,0,0.0,0,0,0,"{1: 123, 2: 60, 3: 58, 4: 35, 5: 22}","{1: 134, 2: 65, 3: 44, 4: 32, 5: 23}"
0.5,0.015,0.14,8,True,True,0.6612605583792329,0.0,0.14555200938628549,0,0,0,0.0,0,0,0,"{1: 123, 2: 60, 3: 58, 4: 35, 5: 22}","{1: 134, 2: 65, 3: 44, 4: 32, 5: 23}"
0.5,0.015,0.14,8,True,False,0.6612605583792329,0.0,0.14555200938628549,0,0,0,0.0,0,0,0,"{1: 123, 2: 60, 3: 58, 4: 35, 5: 22}","{1: 134, 2: 65, 3: 44, 4: 32, 5: 23}"
0.5,0.015,0.14,10,False,True,0.6612605583792329,0.0,0.14555200938628549,0,0,0,0.0,0,0,0,"{1: 123, 2: 60, 3: 58, 4: 35, 5: 22}","{1: 134, 2: 65, 3: 44, 4: 32, 5: 23}"
0.5,0.015,0.14,10,False,False,0.6612605583792329,0.0,0.14555200938628549,0,0,0,0.0,0,0,0,"{1: 123, 2: 60, 3: 58, 4: 35, 5: 22}","{1: 134, 2: 65, 3: 44, 4: 32, 5: 23}"
0.5,0.015,0.14,10,True,True,0.6612605583792329,0.0,0.14555200938628549,0,0,0,0.0,0,0,0,"{1: 123, 2: 60, 3: 58, 4: 35, 5: 22}","{1: 134, 2: 65, 3: 44, 4: 32, 5: 23}"
0.5,0.015,0.14,10,True,False,0.6612605583792329,0.0,0.14555200938628549,0,0,0,0.0,0,0,0,"{1: 123, 2: 60, 3: 58, 4: 35, 5: 22}","{1: 134, 2: 65, 3: 44, 4: 32, 5: 23}"
0.5,0.015,0.14,12,False,True,0.6612605583792329,0.0,0.14555200938628549,0,0,0,0.0,0,0,0,"{1: 123, 2: 60, 3: 58, 4: 35, 5: 22}","{1: 134, 2: 65, 3: 44, 4: 32, 5: 23}"
0.5,0.015,0.14,12,False,False,0.6612605583792329,0.0,0.14555200938628549,0,0,0,0.0,0,0,0,"{1: 123, 2: 60, 3: 58, 4: 35, 5: 22}","{1: 134, 2: 65, 3: 44, 4: 32, 5: 23}"
0.5,0.015,0.14,12,True,True,0.6612605583792329,0.0,0.14555200938628549,0,0,0,0.0,0,0,0,"{1: 123, 2: 60, 3: 58, 4: 35, 5: 22}","{1: 134, 2: 65, 3: 44, 4: 32, 5: 23}"
0.5,0.015,0.14,12,True,False,0.6612605583792329,0.0,0.14555200938628549,0,0,0,0.0,0,0,0,"{1: 123, 2: 60, 3: 58, 4: 35, 5: 22}","{1: 134, 2: 65, 3: 44, 4: 32, 5: 23}"
0.5,0.025,0.14,3,False,True,0.6612605583792329,0.0,0.14555200938628549,0,0,0,0.0,0,0,0,"{1: 123, 2: 60, 3: 58, 4: 35, 5: 22}","{1: 134, 2: 65, 3: 44, 4: 32, 5: 23}"
0.5,0.025,0.14,3,False,False,0.6612605583792329,0.0,0.14555200938628549,0,0,0,0.0,0,0,0,"{1: 123, 2: 60, 3: 58, 4: 35, 5: 22}","{1: 134, 2: 65, 3: 44, 4: 32, 5: 23}"
0.5,0.025,0.14,3,True,True,0.6612605583792329,0.0,0.14555200938628549,0,0,0,0.0,0,0,0,"{1: 123, 2: 60, 3: 58, 4: 35, 5: 22}","{1: 134, 2: 65, 3: 44, 4: 32, 5: 23}"
0.5,0.025,0.14,3,True,False,0.6612605583792329,0.0,0.14555200938628549,0,0,0,0.0,0,0,0,"{1: 123, 2: 60, 3: 58, 4: 35, 5: 22}","{1: 134, 2: 65, 3: 44, 4: 32, 5: 23}"
0.5,0.025,0.14,4,False,True,0.6612605583792329,0.0,0.14555200938628549,0,0,0,0.0,0,0,0,"{1: 123, 2: 60, 3: 58, 4: 35, 5: 22}","{1: 134, 2: 65, 3: 44, 4: 32, 5: 23}"
0.5,0.025,0.14,4,False,False,0.6612605583792329,0.0,0.14555200938628549,0,0,0,0.0,0,0,0,"{1: 123, 2: 60, 3: 58, 4: 35, 5: 22}","{1: 134, 2: 65, 3: 44, 4: 32, 5: 23}"
0.5,0.025,0.14,4,True,True,0.6612605583792329,0.0,0.14555200938628549,0,0,0,0.0,0,0,0,"{1: 123, 2: 60, 3: 58, 4: 35, 5: 22}","{1: 134, 2: 65, 3: 44, 4: 32, 5: 23}"
0.5,0.025,0.14,4,True,False,0.6612605583792329,0.0,0.14555200938628549,0,0,0,0.0,0,0,0,"{1: 123, 2: 60, 3: 58, 4: 35, 5: 22}","{1: 134, 2: 65, 3: 44, 4: 32, 5: 23}"
0.5,0.025,0.14,5,False,True,0.6612605583792329,0.0,0.14555200938628549,0,0,0,0.0,0,0,0,"{1: 123, 2: 60, 3: 58, 4: 35, 5: 22}","{1: 134, 2: 65, 3: 44, 4: 32, 5: 23}"
0.5,0.025,0.14,5,False,False,0.6612605583792329,0.0,0.14555200938628549,0,0,0,0.0,0,0,0,"{1: 123, 2: 60, 3: 58, 4: 35, 5: 22}","{1: 134, 2: 65, 3: 44, 4: 32, 5: 23}"
0.5,0.025,0.14,5,True,True,0.6612605583792329,0.0,0.14555200938628549,0,0,0,0.0,0,0,0,"{1: 123, 2: 60, 3: 58, 4: 35, 5: 22}","{1: 134, 2: 65, 3: 44, 4: 32, 5: 23}"
0.5,0.025,0.14,5,True,False,0.6612605583792329,0.0,0.14555200938628549,0,0,0,0.0,0,0,0,"{1: 123, 2: 60, 3: 58, 4: 35, 5: 22}","{1: 134, 2: 65, 3: 44, 4: 32, 5: 23}"
0.5,0.025,0.14,6,False,True,0.6612605583792329,0.0,0.14555200938628549,0,0,0,0.0,0,0,0,"{1: 123, 2: 60, 3: 58, 4: 35, 5: 22}","{1: 134, 2: 65, 3: 44, 4: 32, 5: 23}"
0.5,0.025,0.14,6,False,False,0.6612605583792329,0.0,0.14555200938628549,0,0,0,0.0,0,0,0,"{1: 123, 2: 60, 3: 58, 4: 35, 5: 22}","{1: 134, 2: 65, 3: 44, 4: 32, 5: 23}"
0.5,0.025,0.14,6,True,True,0.6612605583792329,0.0,0.14555200938628549,0,0,0,0.0,0,0,0,"{1: 123, 2: 60, 3: 58, 4: 35, 5: 22}","{1: 134, 2: 65, 3: 44, 4: 32, 5: 23}"
0.5,0.025,0.14,6,True,False,0.6612605583792329,0.0,0.14555200938628549,0,0,0,0.0,0,0,0,"{1: 123, 2: 60, 3: 58, 4: 35, 5: 22}","{1: 134, 2: 65, 3: 44, 4: 32, 5: 23}"
0.5,0.025,0.14,8,False,True,0.6612605583792329,0.0,0.14555200938628549,0,0,0,0.0,0,0,0,"{1: 123, 2: 60, 3: 58, 4: 35, 5: 22}","{1: 134, 2: 65, 3: 44, 4: 32, 5: 23}"
0.5,0.025,0.14,8,False,False,0.6612605583792329,0.0,0.14555200938628549,0,0,0,0.0,0,0,0,"{1: 123, 2: 60, 3: 58, 4: 35, 5: 22}","{1: 134, 2: 65, 3: 44, 4: 32, 5: 23}"
0.5,0.025,0.14,8,True,True,0.6612605583792329,0.0,0.14555200938628549,0,0,0,0.0,0,0,0,"{1: 123, 2: 60, 3: 58, 4: 35, 5: 22}","{1: 134, 2: 65, 3: 44, 4: 32, 5: 23}"
0.5,0.025,0.14,8,True,False,0.6612605583792329,0.0,0.14555200938628549,0,0,0,0.0,0,0,0,"{1: 123, 2: 60, 3: 58, 4: 35, 5: 22}","{1: 134, 2: 65, 3: 44, 4: 32, 5: 23}"
0.5,0.025,0.14,10,False,True,0.6612605583792329,0.0,0.14555200938628549,0,0,0,0.0,0,0,0,"{1: 123, 2: 60, 3: 58, 4: 35, 5: 22}","{1: 134, 2: 65, 3: 44, 4: 32, 5: 23}"
0.5,0.025,0.14,10,False,False,0.6612605583792329,0.0,0.14555200938628549,0,0,0,0.0,0,0,0,"{1: 123, 2: 60, 3: 58, 4: 35, 5: 22}","{1: 134, 2: 65, 3: 44, 4: 32, 5: 23}"
0.5,0.025,0.14,10,True,True,0.6612605583792329,0.0,0.14555200938628549,0,0,0,0.0,0,0,0,"{1: 123, 2: 60, 3: 58, 4: 35, 5: 22}","{1: 134, 2: 65, 3: 44, 4: 32, 5: 23}"
0.5,0.025,0.14,10,True,False,0.6612605583792329,0.0,0.14555200938628549,0,0,0,0.0,0,0,0,"{1: 123, 2: 60, 3: 58, 4: 35, 5: 22}","{1: 134, 2: 65, 3: 44, 4: 32, 5: 23}"
0.5,0.025,0.14,12,False,True,0.6612605583792329,0.0,0.14555200938628549,0,0,0,0.0,0,0,0,"{1: 123, 2: 60, 3: 58, 4: 35, 5: 22}","{1: 134, 2: 65, 3: 44, 4: 32, 5: 23}"
0.5,0.025,0.14,12,False,False,0.6612605583792329,0.0,0.14555200938628549,0,0,0,0.0,0,0,0,"{1: 123, 2: 60, 3: 58, 4: 35, 5: 22}","{1: 134, 2: 65, 3: 44, 4: 32, 5: 23}"
0.5,0.025,0.14,12,True,True,0.6612605583792329,0.0,0.14555200938628549,0,0,0,0.0,0,0,0,"{1: 123, 2: 60, 3: 58, 4: 35, 5: 22}","{1: 134, 2: 65, 3: 44, 4: 32, 5: 23}"
0.5,0.025,0.14,12,True,False,0.6612605583792329,0.0,0.14555200938628549,0,0,0,0.0,0,0,0,"{1: 123, 2: 60, 3: 58, 4: 35, 5: 22}","{1: 134, 2: 65, 3: 44, 4: 32, 5: 23}"
1.0,0.015,0.14,3,False,True,0.6612605583792329,0.0,0.14555200938628549,0,0,0,0.0,0,0,0,"{1: 123, 2: 60, 3: 58, 4: 35, 5: 22}","{1: 134, 2: 65, 3: 44, 4: 32, 5: 23}"
1.0,0.015,0.14,3,False,False,0.6612605583792329,0.0,0.14555200938628549,0,0,0,0.0,0,0,0,"{1: 123, 2: 60, 3: 58, 4: 35, 5: 22}","{1: 134, 2: 65, 3: 44, 4: 32, 5: 23}"
1.0,0.015,0.14,3,True,True,0.6612605583792329,0.0,0.14555200938628549,0,0,0,0.0,0,0,0,"{1: 123, 2: 60, 3: 58, 4: 35, 5: 22}","{1: 134, 2: 65, 3: 44, 4: 32, 5: 23}"
1.0,0.015,0.14,3,True,False,0.6612605583792329,0.0,0.14555200938628549,0,0,0,0.0,0,0,0,"{1: 123, 2: 60, 3: 58, 4: 35, 5: 22}","{1: 134, 2: 65, 3: 44, 4: 32, 5: 23}"
1.0,0.015,0.14,4,False,True,0.6612605583792329,0.0,0.14555200938628549,0,0,0,0.0,0,0,0,"{1: 123, 2: 60, 3: 58, 4: 35, 5: 22}","{1: 134, 2: 65, 3: 44, 4: 32, 5: 23}"
1.0,0.015,0.14,4,False,False,0.6612605583792329,0.0,0.14555200938628549,0,0,0,0.0,0,0,0,"{1: 123, 2: 60, 3: 58, 4: 35, 5: 22}","{1: 134, 2: 65, 3: 44, 4: 32, 5: 23}"
1.0,0.015,0.14,4,True,True,0.6612605583792329,0.0,0.14555200938628549,0,0,0,0.0,0,0,0,"{1: 123, 2: 60, 3: 58, 4: 35, 5: 22}","{1: 134, 2: 65, 3: 44, 4: 32, 5: 23}"
1.0,0.015,0.14,4,True,False,0.6612605583792329,0.0,0.14555200938628549,0,0,0,0.0,0,0,0,"{1: 123, 2: 60, 3: 58, 4: 35, 5: 22}","{1: 134, 2: 65, 3: 44, 4: 32, 5: 23}"
1.0,0.015,0.14,5,False,True,0.6612605583792329,0.0,0.14555200938628549,0,0,0,0.0,0,0,0,"{1: 123, 2: 60, 3: 58, 4: 35, 5: 22}","{1: 134, 2: 65, 3: 44, 4: 32, 5: 23}"
1.0,0.015,0.14,5,False,False,0.6612605583792329,0.0,0.14555200938628549,0,0,0,0.0,0,0,0,"{1: 123, 2: 60, 3: 58, 4: 35, 5: 22}","{1: 134, 2: 65, 3: 44, 4: 32, 5: 23}"
1.0,0.015,0.14,5,True,True,0.6612605583792329,0.0,0.14555200938628549,0,0,0,0.0,0,0,0,"{1: 123, 2: 60, 3: 58, 4: 35, 5: 22}","{1: 134, 2: 65, 3: 44, 4: 32, 5: 23}"
1.0,0.015,0.14,5,True,False,0.6612605583792329,0.0,0.14555200938628549,0,0,0,0.0,0,0,0,"{1: 123, 2: 60, 3: 58, 4: 35, 5: 22}","{1: 134, 2: 65, 3: 44, 4: 32, 5: 23}"
1.0,0.015,0.14,6,False,True,0.6612605583792329,0.0,0.14555200938628549,0,0,0,0.0,0,0,0,"{1: 123, 2: 60, 3: 58, 4: 35, 5: 22}","{1: 134, 2: 65, 3: 44, 4: 32, 5: 23}"
1.0,0.015,0.14,6,False,False,0.6612605583792329,0.0,0.14555200938628549,0,0,0,0.0,0,0,0,"{1: 123, 2: 60, 3: 58, 4: 35, 5: 22}","{1: 134, 2: 65, 3: 44, 4: 32, 5: 23}"
1.0,0.015,0.14,6,True,True,0.6612605583792329,0.0,0.14555200938628549,0,0,0,0.0,0,0,0,"{1: 123, 2: 60, 3: 58, 4: 35, 5: 22}","{1: 134, 2: 65, 3: 44, 4: 32, 5: 23}"
1.0,0.015,0.14,6,True,False,0.6612605583792329,0.0,0.14555200938628549,0,0,0,0.0,0,0,0,"{1: 123, 2: 60, 3: 58, 4: 35, 5: 22}","{1: 134, 2: 65, 3: 44, 4: 32, 5: 23}"
1.0,0.015,0.14,8,False,True,0.6612605583792329,0.0,0.14555200938628549,0,0,0,0.0,0,0,0,"{1: 123, 2: 60, 3: 58, 4: 35, 5: 22}","{1: 134, 2: 65, 3: 44, 4: 32, 5: 23}"
1.0,0.015,0.14,8,False,False,0.6612605583792329,0.0,0.14555200938628549,0,0,0,0.0,0,0,0,"{1: 123, 2: 60, 3: 58, 4: 35, 5: 22}","{1: 134, 2: 65, 3: 44, 4: 32, 5: 23}"
1.0,0.015,0.14,8,True,True,0.6612605583792329,0.0,0.14555200938628549,0,0,0,0.0,0,0,0,"{1: 123, 2: 60, 3: 58, 4: 35, 5: 22}","{1: 134, 2: 65, 3: 44, 4: 32, 5: 23}"
1.0,0.015,0.14,8,True,False,0.6612605583792329,0.0,0.14555200938628549,0,0,0,0.0,0,0,0,"{1: 123, 2: 60, 3: 58, 4: 35, 5: 22}","{1: 134, 2: 65, 3: 44, 4: 32, 5: 23}"
1.0,0.015,0.14,10,False,True,0.6612605583792329,0.0,0.14555200938628549,0,0,0,0.0,0,0,0,"{1: 123, 2: 60, 3: 58, 4: 35, 5: 22}","{1: 134, 2: 65, 3: 44, 4: 32, 5: 23}"
1.0,0.015,0.14,10,False,False,0.6612605583792329,0.0,0.14555200938628549,0,0,0,0.0,0,0,0,"{1: 123, 2: 60, 3: 58, 4: 35, 5: 22}","{1: 134, 2: 65, 3: 44, 4: 32, 5: 23}"
1.0,0.015,0.14,10,True,True,0.6612605583792329,0.0,0.14555200938628549,0,0,0,0.0,0,0,0,"{1: 123, 2: 60, 3: 58, 4: 35, 5: 22}","{1: 134, 2: 65, 3: 44, 4: 32, 5: 23}"
1.0,0.015,0.14,10,True,False,0.6612605583792329,0.0,0.14555200938628549,0,0,0,0.0,0,0,0,"{1: 123, 2: 60, 3: 58, 4: 35, 5: 22}","{1: 134, 2: 65, 3: 44, 4: 32, 5: 23}"
1.0,0.015,0.14,12,False,True,0.6612605583792329,0.0,0.14555200938628549,0,0,0,0.0,0,0,0,"{1: 123, 2: 60, 3: 58, 4: 35, 5: 22}","{1: 134, 2: 65, 3: 44, 4: 32, 5: 23}"
1.0,0.015,0.14,12,False,False,0.6612605583792329,0.0,0.14555200938628549,0,0,0,0.0,0,0,0,"{1: 123, 2: 60, 3: 58, 4: 35, 5: 22}","{1: 134, 2: 65, 3: 44, 4: 32, 5: 23}"
1.0,0.015,0.14,12,True,True,0.6612605583792329,0.0,0.14555200938628549,0,0,0,0.0,0,0,0,"{1: 123, 2: 60, 3: 58, 4: 35, 5: 22}","{1: 134, 2: 65, 3: 44, 4: 32, 5: 23}"
1.0,0.015,0.14,12,True,False,0.6612605583792329,0.0,0.14555200938628549,0,0,0,0.0,0,0,0,"{1: 123, 2: 60, 3: 58, 4: 35, 5: 22}","{1: 134, 2: 65, 3: 44, 4: 32, 5: 23}"
1.0,0.04,0.14,3,False,True,0.661251350808757,-9.207570475955329e-06,0.14555200938628546,2,1,1,0.0,0,0,1,"{1: 123, 2: 60, 3: 58, 4: 35, 5: 22}","{1: 135, 2: 64, 3: 44, 4: 32, 5: 23}"
1.0,0.04,0.14,3,False,False,0.661251350808757,-9.207570475955329e-06,0.14555200938628546,2,1,1,0.0,0,0,1,"{1: 123, 2: 60, 3: 58, 4: 35, 5: 22}","{1: 135, 2: 64, 3: 44, 4: 32, 5: 23}"
1.0,0.04,0.14,3,True,True,0.661251350808757,-9.207570475955329e-06,0.14555200938628546,2,1,1,0.0,0,0,1,"{1: 123, 2: 60, 3: 58, 4: 35, 5: 22}","{1: 135, 2: 64, 3: 44, 4: 32, 5: 23}"
1.0,0.04,0.14,3,True,False,0.661251350808757,-9.207570475955329e-06,0.14555200938628546,2,1,1,0.0,0,0,1,"{1: 123, 2: 60, 3: 58, 4: 35, 5: 22}","{1: 135, 2: 64, 3: 44, 4: 32, 5: 23}"
1.0,0.04,0.14,4,False,True,0.661251350808757,-9.207570475955329e-06,0.14555200938628546,2,1,1,0.0,0,0,1,"{1: 123, 2: 60, 3: 58, 4: 35, 5: 22}","{1: 135, 2: 64, 3: 44, 4: 32, 5: 23}"
1.0,0.04,0.14,4,False,False,0.661251350808757,-9.207570475955329e-06,0.14555200938628546,2,1,1,0.0,0,0,1,"{1: 123, 2: 60, 3: 58, 4: 35, 5: 22}","{1: 135, 2: 64, 3: 44, 4: 32, 5: 23}"
1.0,0.04,0.14,4,True,True,0.661251350808757,-9.207570475955329e-06,0.14555200938628546,2,1,1,0.0,0,0,1,"{1: 123, 2: 60, 3: 58, 4: 35, 5: 22}","{1: 135, 2: 64, 3: 44, 4: 32, 5: 23}"
1.0,0.04,0.14,4,True,False,0.661251350808757,-9.207570475955329e-06,0.14555200938628546,2,1,1,0.0,0,0,1,"{1: 123, 2: 60, 3: 58, 4: 35, 5: 22}","{1: 135, 2: 64, 3: 44, 4: 32, 5: 23}"
1.0,0.04,0.14,5,False,True,0.661251350808757,-9.207570475955329e-06,0.14555200938628546,2,1,1,0.0,0,0,1,"{1: 123, 2: 60, 3: 58, 4: 35, 5: 22}","{1: 135, 2: 64, 3: 44, 4: 32, 5: 23}"
1.0,0.04,0.14,5,False,False,0.661251350808757,-9.207570475955329e-06,0.14555200938628546,2,1,1,0.0,0,0,1,"{1: 123, 2: 60, 3: 58, 4: 35, 5: 22}","{1: 135, 2: 64, 3: 44, 4: 32, 5: 23}"
1.0,0.04,0.14,5,True,True,0.661251350808757,-9.207570475955329e-06,0.14555200938628546,2,1,1,0.0,0,0,1,"{1: 123, 2: 60, 3: 58, 4: 35, 5: 22}","{1: 135, 2: 64, 3: 44, 4: 32, 5: 23}"
1.0,0.04,0.14,5,True,False,0.661251350808757,-9.207570475955329e-06,0.14555200938628546,2,1,1,0.0,0,0,1,"{1: 123, 2: 60, 3: 58, 4: 35, 5: 22}","{1: 135, 2: 64, 3: 44, 4: 32, 5: 23}"
1.0,0.04,0.14,6,False,True,0.661251350808757,-9.207570475955329e-06,0.14555200938628546,2,1,1,0.0,0,0,1,"{1: 123, 2: 60, 3: 58, 4: 35, 5: 22}","{1: 135, 2: 64, 3: 44, 4: 32, 5: 23}"
1.0,0.04,0.14,6,False,False,0.661251350808757,-9.207570475955329e-06,0.14555200938628546,2,1,1,0.0,0,0,1,"{1: 123, 2: 60, 3: 58, 4: 35, 5: 22}","{1: 135, 2: 64, 3: 44, 4: 32, 5: 23}"
1.0,0.04,0.14,6,True,True,0.661251350808757,-9.207570475955329e-06,0.14555200938628546,2,1,1,0.0,0,0,1,"{1: 123, 2: 60, 3: 58, 4: 35, 5: 22}","{1: 135, 2: 64, 3: 44, 4: 32, 5: 23}"
1.0,0.04,0.14,6,True,False,0.661251350808757,-9.207570475955329e-06,0.14555200938628546,2,1,1,0.0,0,0,1,"{1: 123, 2: 60, 3: 58, 4: 35, 5: 22}","{1: 135, 2: 64, 3: 44, 4: 32, 5: 23}"
1.0,0.04,0.14,8,False,True,0.661251350808757,-9.207570475955329e-06,0.14555200938628546,2,1,1,0.0,0,0,1,"{1: 123, 2: 60, 3: 58, 4: 35, 5: 22}","{1: 135, 2: 64, 3: 44, 4: 32, 5: 23}"
1.0,0.04,0.14,8,False,False,0.661251350808757,-9.207570475955329e-06,0.14555200938628546,2,1,1,0.0,0,0,1,"{1: 123, 2: 60, 3: 58, 4: 35, 5: 22}","{1: 135, 2: 64, 3: 44, 4: 32, 5: 23}"
1.0,0.04,0.14,8,True,True,0.661251350808757,-9.207570475955329e-06,0.14555200938628546,2,1,1,0.0,0,0,1,"{1: 123, 2: 60, 3: 58, 4: 35, 5: 22}","{1: 135, 2: 64, 3: 44, 4: 32, 5: 23}"
1.0,0.04,0.14,8,True,False,0.661251350808757,-9.207570475955329e-06,0.14555200938628546,2,1,1,0.0,0,0,1,"{1: 123, 2: 60, 3: 58, 4: 35, 5: 22}","{1: 135, 2: 64, 3: 44, 4: 32, 5: 23}"
1.0,0.04,0.14,10,False,True,0.661251350808757,-9.207570475955329e-06,0.14555200938628546,2,1,1,0.0,0,0,1,"{1: 123, 2: 60, 3: 58, 4: 35, 5: 22}","{1: 135, 2: 64, 3: 44, 4: 32, 5: 23}"
1.0,0.04,0.14,10,False,False,0.661251350808757,-9.207570475955329e-06,0.14555200938628546,2,1,1,0.0,0,0,1,"{1: 123, 2: 60, 3: 58, 4: 35, 5: 22}","{1: 135, 2: 64, 3: 44, 4: 32, 5: 23}"
1.0,0.04,0.14,10,True,True,0.661251350808757,-9.207570475955329e-06,0.14555200938628546,2,1,1,0.0,0,0,1,"{1: 123, 2: 60, 3: 58, 4: 35, 5: 22}","{1: 135, 2: 64, 3: 44, 4: 32, 5: 23}"
1.0,0.04,0.14,10,True,False,0.661251350808757,-9.207570475955329e-06,0.14555200938628546,2,1,1,0.0,0,0,1,"{1: 123, 2: 60, 3: 58, 4: 35, 5: 22}","{1: 135, 2: 64, 3: 44, 4: 32, 5: 23}"
1.0,0.04,0.14,12,False,True,0.661251350808757,-9.207570475955329e-06,0.14555200938628546,2,1,1,0.0,0,0,1,"{1: 123, 2: 60, 3: 58, 4: 35, 5: 22}","{1: 135, 2: 64, 3: 44, 4: 32, 5: 23}"
1.0,0.04,0.14,12,False,False,0.661251350808757,-9.207570475955329e-06,0.14555200938628546,2,1,1,0.0,0,0,1,"{1: 123, 2: 60, 3: 58, 4: 35, 5: 22}","{1: 135, 2: 64, 3: 44, 4: 32, 5: 23}"
1.0,0.04,0.14,12,True,True,0.661251350808757,-9.207570475955329e-06,0.14555200938628546,2,1,1,0.0,0,0,1,"{1: 123, 2: 60, 3: 58, 4: 35, 5: 22}","{1: 135, 2: 64, 3: 44, 4: 32, 5: 23}"
1.0,0.04,0.14,12,True,False,0.661251350808757,-9.207570475955329e-06,0.14555200938628546,2,1,1,0.0,0,0,1,"{1: 123, 2: 60, 3: 58, 4: 35, 5: 22}","{1: 135, 2: 64, 3: 44, 4: 32, 5: 23}"
2.0,0.06,0.14,4,False,True,0.6612421427377096,-1.8415641523272797e-05,0.1483452904420273,4,2,2,0.0,0,1,2,"{1: 124, 2: 59, 3: 58, 4: 35, 5: 22}","{1: 136, 2: 63, 3: 44, 4: 32, 5: 23}"
2.0,0.06,0.14,4,False,False,0.6612421427377096,-1.8415641523272797e-05,0.1483452904420273,4,2,2,0.0,0,1,2,"{1: 124, 2: 59, 3: 58, 4: 35, 5: 22}","{1: 136, 2: 63, 3: 44, 4: 32, 5: 23}"
2.0,0.06,0.14,4,True,True,0.6612421427377096,-1.8415641523272797e-05,0.1483452904420273,4,2,2,0.0,0,1,2,"{1: 124, 2: 59, 3: 58, 4: 35, 5: 22}","{1: 136, 2: 63, 3: 44, 4: 32, 5: 23}"
2.0,0.06,0.14,4,True,False,0.6612421427377096,-1.8415641523272797e-05,0.1483452904420273,4,2,2,0.0,0,1,2,"{1: 124, 2: 59, 3: 58, 4: 35, 5: 22}","{1: 136, 2: 63, 3: 44, 4: 32, 5: 23}"
0.5,0.015,0.08,4,False,False,0.6612421427377095,-1.841564152338382e-05,0.14555200938628549,4,2,2,0.0,1,2,0,"{1: 125, 2: 58, 3: 58, 4: 35, 5: 22}","{1: 134, 2: 65, 3: 44, 4: 32, 5: 23}"
1.0,0.015,0.08,6,False,False,0.6612329341660498,-2.7624213183141677e-05,0.1483452904420273,6,3,3,0.0,1,2,1,"{1: 125, 2: 58, 3: 58, 4: 35, 5: 22}","{1: 135, 2: 64, 3: 44, 4: 32, 5: 23}"
2.0,0.08,0.14,6,False,True,0.6612329341660498,-2.7624213183141677e-05,0.1483452904420273,6,3,3,0.0,0,1,2,"{1: 124, 2: 59, 3: 58, 4: 35, 5: 22}","{1: 136, 2: 63, 3: 44, 4: 32, 5: 23}"
2.0,0.08,0.14,6,False,False,0.6612329341660498,-2.7624213183141677e-05,0.1483452904420273,6,3,3,0.0,0,1,2,"{1: 124, 2: 59, 3: 58, 4: 35, 5: 22}","{1: 136, 2: 63, 3: 44, 4: 32, 5: 23}"
2.0,0.08,0.14,6,True,True,0.6612329341660498,-2.7624213183141677e-05,0.1483452904420273,6,3,3,0.0,0,1,2,"{1: 124, 2: 59, 3: 58, 4: 35, 5: 22}","{1: 136, 2: 63, 3: 44, 4: 32, 5: 23}"
2.0,0.08,0.14,6,True,False,0.6612329341660498,-2.7624213183141677e-05,0.1483452904420273,6,3,3,0.0,0,1,2,"{1: 124, 2: 59, 3: 58, 4: 35, 5: 22}","{1: 136, 2: 63, 3: 44, 4: 32, 5: 23}"
1.0,0.025,0.08,6,False,True,0.6612295210854042,-3.1037293828695134e-05,0.14555200938628549,6,4,2,0.3333333333333333,0,2,0,"{1: 125, 2: 58, 3: 58, 4: 35, 5: 22}","{1: 134, 2: 65, 3: 44, 4: 32, 5: 23}"
1.0,0.025,0.08,6,True,True,0.6612295210854042,-3.1037293828695134e-05,0.14555200938628549,6,4,2,0.3333333333333333,0,2,0,"{1: 125, 2: 58, 3: 58, 4: 35, 5: 22}","{1: 134, 2: 65, 3: 44, 4: 32, 5: 23}"
1.0,0.025,0.08,6,True,False,0.6612295210854042,-3.1037293828695134e-05,0.14555200938628549,6,4,2,0.3333333333333333,0,2,0,"{1: 125, 2: 58, 3: 58, 4: 35, 5: 22}","{1: 134, 2: 65, 3: 44, 4: 32, 5: 23}"
1.0,0.025,0.08,6,False,False,0.6612295210854042,-3.1037293828695134e-05,0.1483452904420273,6,4,2,0.3333333333333333,0,2,1,"{1: 125, 2: 58, 3: 58, 4: 35, 5: 22}","{1: 135, 2: 64, 3: 44, 4: 32, 5: 23}"
2.0,0.025,0.08,6,False,False,0.6612295210854042,-3.1037293828695134e-05,0.14890771408427203,6,4,2,0.3333333333333333,0,3,1,"{1: 125, 2: 59, 3: 57, 4: 35, 5: 22}","{1: 135, 2: 64, 3: 44, 4: 32, 5: 23}"
2.0,0.025,0.08,6,False,True,0.6612295210854042,-3.1037293828695134e-05,0.14890771408427206,6,4,2,0.3333333333333333,0,3,0,"{1: 125, 2: 59, 3: 57, 4: 35, 5: 22}","{1: 134, 2: 65, 3: 44, 4: 32, 5: 23}"
2.0,0.025,0.08,6,True,True,0.6612295210854042,-3.1037293828695134e-05,0.14890771408427206,6,4,2,0.3333333333333333,0,3,0,"{1: 125, 2: 59, 3: 57, 4: 35, 5: 22}","{1: 134, 2: 65, 3: 44, 4: 32, 5: 23}"
2.0,0.025,0.08,6,True,False,0.6612295210854042,-3.1037293828695134e-05,0.14890771408427206,6,4,2,0.3333333333333333,0,3,0,"{1: 125, 2: 59, 3: 57, 4: 35, 5: 22}","{1: 134, 2: 65, 3: 44, 4: 32, 5: 23}"
0.5,0.025,0.06,6,False,True,0.6612295210854042,-3.1037293828695134e-05,0.1556191234802452,6,4,2,0.3333333333333333,0,3,2,"{1: 125, 2: 59, 3: 57, 4: 35, 5: 22}","{1: 134, 2: 67, 3: 42, 4: 32, 5: 23}"
0.5,0.025,0.06,6,True,True,0.6612295210854042,-3.1037293828695134e-05,0.1556191234802452,6,4,2,0.3333333333333333,0,3,2,"{1: 125, 2: 59, 3: 57, 4: 35, 5: 22}","{1: 134, 2: 67, 3: 42, 4: 32, 5: 23}"
0.5,0.025,0.06,6,True,False,0.6612295210854042,-3.1037293828695134e-05,0.1556191234802452,6,4,2,0.3333333333333333,0,3,2,"{1: 125, 2: 59, 3: 57, 4: 35, 5: 22}","{1: 134, 2: 67, 3: 42, 4: 32, 5: 23}"
0.5,0.025,0.06,6,False,False,0.6612295210854042,-3.1037293828695134e-05,0.15897482817823178,6,4,2,0.3333333333333333,0,4,4,"{1: 126, 2: 58, 3: 57, 4: 35, 5: 22}","{1: 135, 2: 67, 3: 41, 4: 32, 5: 23}"
2.0,0.06,0.08,6,False,False,0.6612226820448199,-3.787633441298954e-05,0.16176810923397364,6,4,2,0.3333333333333333,3,6,6,"{1: 125, 2: 60, 3: 58, 4: 33, 5: 22}","{1: 139, 2: 61, 3: 43, 4: 32, 5: 23}"
0.5,0.04,0.14,3,False,True,0.6612222220637899,-3.833631544303273e-05,0.14555200938628549,1,0,1,-1.0,0,0,0,"{1: 123, 2: 60, 3: 58, 4: 35, 5: 22}","{1: 134, 2: 65, 3: 44, 4: 32, 5: 23}"
0.5,0.04,0.14,3,False,False,0.6612222220637899,-3.833631544303273e-05,0.14555200938628549,1,0,1,-1.0,0,0,0,"{1: 123, 2: 60, 3: 58, 4: 35, 5: 22}","{1: 134, 2: 65, 3: 44, 4: 32, 5: 23}"
0.5,0.04,0.14,3,True,True,0.6612222220637899,-3.833631544303273e-05,0.14555200938628549,1,0,1,-1.0,0,0,0,"{1: 123, 2: 60, 3: 58, 4: 35, 5: 22}","{1: 134, 2: 65, 3: 44, 4: 32, 5: 23}"
0.5,0.04,0.14,3,True,False,0.6612222220637899,-3.833631544303273e-05,0.14555200938628549,1,0,1,-1.0,0,0,0,"{1: 123, 2: 60, 3: 58, 4: 35, 5: 22}","{1: 134, 2: 65, 3: 44, 4: 32, 5: 23}"
0.5,0.04,0.14,4,False,True,0.6612222220637899,-3.833631544303273e-05,0.14555200938628549,1,0,1,-1.0,0,0,0,"{1: 123, 2: 60, 3: 58, 4: 35, 5: 22}","{1: 134, 2: 65, 3: 44, 4: 32, 5: 23}"
0.5,0.04,0.14,4,False,False,0.6612222220637899,-3.833631544303273e-05,0.14555200938628549,1,0,1,-1.0,0,0,0,"{1: 123, 2: 60, 3: 58, 4: 35, 5: 22}","{1: 134, 2: 65, 3: 44, 4: 32, 5: 23}"
0.5,0.04,0.14,4,True,True,0.6612222220637899,-3.833631544303273e-05,0.14555200938628549,1,0,1,-1.0,0,0,0,"{1: 123, 2: 60, 3: 58, 4: 35, 5: 22}","{1: 134, 2: 65, 3: 44, 4: 32, 5: 23}"
0.5,0.04,0.14,4,True,False,0.6612222220637899,-3.833631544303273e-05,0.14555200938628549,1,0,1,-1.0,0,0,0,"{1: 123, 2: 60, 3: 58, 4: 35, 5: 22}","{1: 134, 2: 65, 3: 44, 4: 32, 5: 23}"
0.5,0.04,0.14,5,False,True,0.6612222220637899,-3.833631544303273e-05,0.14555200938628549,1,0,1,-1.0,0,0,0,"{1: 123, 2: 60, 3: 58, 4: 35, 5: 22}","{1: 134, 2: 65, 3: 44, 4: 32, 5: 23}"
0.5,0.04,0.14,5,False,False,0.6612222220637899,-3.833631544303273e-05,0.14555200938628549,1,0,1,-1.0,0,0,0,"{1: 123, 2: 60, 3: 58, 4: 35, 5: 22}","{1: 134, 2: 65, 3: 44, 4: 32, 5: 23}"
0.5,0.04,0.14,5,True,True,0.6612222220637899,-3.833631544303273e-05,0.14555200938628549,1,0,1,-1.0,0,0,0,"{1: 123, 2: 60, 3: 58, 4: 35, 5: 22}","{1: 134, 2: 65, 3: 44, 4: 32, 5: 23}"
0.5,0.04,0.14,5,True,False,0.6612222220637899,-3.833631544303273e-05,0.14555200938628549,1,0,1,-1.0,0,0,0,"{1: 123, 2: 60, 3: 58, 4: 35, 5: 22}","{1: 134, 2: 65, 3: 44, 4: 32, 5: 23}"
0.5,0.04,0.14,6,False,True,0.6612222220637899,-3.833631544303273e-05,0.14555200938628549,1,0,1,-1.0,0,0,0,"{1: 123, 2: 60, 3: 58, 4: 35, 5: 22}","{1: 134, 2: 65, 3: 44, 4: 32, 5: 23}"
0.5,0.04,0.14,6,False,False,0.6612222220637899,-3.833631544303273e-05,0.14555200938628549,1,0,1,-1.0,0,0,0,"{1: 123, 2: 60, 3: 58, 4: 35, 5: 22}","{1: 134, 2: 65, 3: 44, 4: 32, 5: 23}"
0.5,0.04,0.14,6,True,True,0.6612222220637899,-3.833631544303273e-05,0.14555200938628549,1,0,1,-1.0,0,0,0,"{1: 123, 2: 60, 3: 58, 4: 35, 5: 22}","{1: 134, 2: 65, 3: 44, 4: 32, 5: 23}"
0.5,0.04,0.14,6,True,False,0.6612222220637899,-3.833631544303273e-05,0.14555200938628549,1,0,1,-1.0,0,0,0,"{1: 123, 2: 60, 3: 58, 4: 35, 5: 22}","{1: 134, 2: 65, 3: 44, 4: 32, 5: 23}"
0.5,0.04,0.14,8,False,True,0.6612222220637899,-3.833631544303273e-05,0.14555200938628549,1,0,1,-1.0,0,0,0,"{1: 123, 2: 60, 3: 58, 4: 35, 5: 22}","{1: 134, 2: 65, 3: 44, 4: 32, 5: 23}"
0.5,0.04,0.14,8,False,False,0.6612222220637899,-3.833631544303273e-05,0.14555200938628549,1,0,1,-1.0,0,0,0,"{1: 123, 2: 60, 3: 58, 4: 35, 5: 22}","{1: 134, 2: 65, 3: 44, 4: 32, 5: 23}"
0.5,0.04,0.14,8,True,True,0.6612222220637899,-3.833631544303273e-05,0.14555200938628549,1,0,1,-1.0,0,0,0,"{1: 123, 2: 60, 3: 58, 4: 35, 5: 22}","{1: 134, 2: 65, 3: 44, 4: 32, 5: 23}"
0.5,0.04,0.14,8,True,False,0.6612222220637899,-3.833631544303273e-05,0.14555200938628549,1,0,1,-1.0,0,0,0,"{1: 123, 2: 60, 3: 58, 4: 35, 5: 22}","{1: 134, 2: 65, 3: 44, 4: 32, 5: 23}"
0.5,0.04,0.14,10,False,True,0.6612222220637899,-3.833631544303273e-05,0.14555200938628549,1,0,1,-1.0,0,0,0,"{1: 123, 2: 60, 3: 58, 4: 35, 5: 22}","{1: 134, 2: 65, 3: 44, 4: 32, 5: 23}"
0.5,0.04,0.14,10,False,False,0.6612222220637899,-3.833631544303273e-05,0.14555200938628549,1,0,1,-1.0,0,0,0,"{1: 123, 2: 60, 3: 58, 4: 35, 5: 22}","{1: 134, 2: 65, 3: 44, 4: 32, 5: 23}"
0.5,0.04,0.14,10,True,True,0.6612222220637899,-3.833631544303273e-05,0.14555200938628549,1,0,1,-1.0,0,0,0,"{1: 123, 2: 60, 3: 58, 4: 35, 5: 22}","{1: 134, 2: 65, 3: 44, 4: 32, 5: 23}"
0.5,0.04,0.14,10,True,False,0.6612222220637899,-3.833631544303273e-05,0.14555200938628549,1,0,1,-1.0,0,0,0,"{1: 123, 2: 60, 3: 58, 4: 35, 5: 22}","{1: 134, 2: 65, 3: 44, 4: 32, 5: 23}"
0.5,0.04,0.14,12,False,True,0.6612222220637899,-3.833631544303273e-05,0.14555200938628549,1,0,1,-1.0,0,0,0,"{1: 123, 2: 60, 3: 58, 4: 35, 5: 22}","{1: 134, 2: 65, 3: 44, 4: 32, 5: 23}"
0.5,0.04,0.14,12,False,False,0.6612222220637899,-3.833631544303273e-05,0.14555200938628549,1,0,1,-1.0,0,0,0,"{1: 123, 2: 60, 3: 58, 4: 35, 5: 22}","{1: 134, 2: 65, 3: 44, 4: 32, 5: 23}"
0.5,0.04,0.14,12,True,True,0.6612222220637899,-3.833631544303273e-05,0.14555200938628549,1,0,1,-1.0,0,0,0,"{1: 123, 2: 60, 3: 58, 4: 35, 5: 22}","{1: 134, 2: 65, 3: 44, 4: 32, 5: 23}"
0.5,0.04,0.14,12,True,False,0.6612222220637899,-3.833631544303273e-05,0.14555200938628549,1,0,1,-1.0,0,0,0,"{1: 123, 2: 60, 3: 58, 4: 35, 5: 22}","{1: 134, 2: 65, 3: 44, 4: 32, 5: 23}"
0.5,0.06,0.14,3,False,True,0.6612222220637899,-3.833631544303273e-05,0.14555200938628549,1,0,1,-1.0,0,0,0,"{1: 123, 2: 60, 3: 58, 4: 35, 5: 22}","{1: 134, 2: 65, 3: 44, 4: 32, 5: 23}"
0.5,0.06,0.14,3,False,False,0.6612222220637899,-3.833631544303273e-05,0.14555200938628549,1,0,1,-1.0,0,0,0,"{1: 123, 2: 60, 3: 58, 4: 35, 5: 22}","{1: 134, 2: 65, 3: 44, 4: 32, 5: 23}"
0.5,0.06,0.14,3,True,True,0.6612222220637899,-3.833631544303273e-05,0.14555200938628549,1,0,1,-1.0,0,0,0,"{1: 123, 2: 60, 3: 58, 4: 35, 5: 22}","{1: 134, 2: 65, 3: 44, 4: 32, 5: 23}"
0.5,0.06,0.14,3,True,False,0.6612222220637899,-3.833631544303273e-05,0.14555200938628549,1,0,1,-1.0,0,0,0,"{1: 123, 2: 60, 3: 58, 4: 35, 5: 22}","{1: 134, 2: 65, 3: 44, 4: 32, 5: 23}"
0.5,0.06,0.14,4,False,True,0.6612222220637899,-3.833631544303273e-05,0.14555200938628549,1,0,1,-1.0,0,0,0,"{1: 123, 2: 60, 3: 58, 4: 35, 5: 22}","{1: 134, 2: 65, 3: 44, 4: 32, 5: 23}"
0.5,0.06,0.14,4,False,False,0.6612222220637899,-3.833631544303273e-05,0.14555200938628549,1,0,1,-1.0,0,0,0,"{1: 123, 2: 60, 3: 58, 4: 35, 5: 22}","{1: 134, 2: 65, 3: 44, 4: 32, 5: 23}"
0.5,0.06,0.14,4,True,True,0.6612222220637899,-3.833631544303273e-05,0.14555200938628549,1,0,1,-1.0,0,0,0,"{1: 123, 2: 60, 3: 58, 4: 35, 5: 22}","{1: 134, 2: 65, 3: 44, 4: 32, 5: 23}"
0.5,0.06,0.14,4,True,False,0.6612222220637899,-3.833631544303273e-05,0.14555200938628549,1,0,1,-1.0,0,0,0,"{1: 123, 2: 60, 3: 58, 4: 35, 5: 22}","{1: 134, 2: 65, 3: 44, 4: 32, 5: 23}"
0.5,0.06,0.14,5,False,True,0.6612222220637899,-3.833631544303273e-05,0.14555200938628549,1,0,1,-1.0,0,0,0,"{1: 123, 2: 60, 3: 58, 4: 35, 5: 22}","{1: 134, 2: 65, 3: 44, 4: 32, 5: 23}"
0.5,0.06,0.14,5,False,False,0.6612222220637899,-3.833631544303273e-05,0.14555200938628549,1,0,1,-1.0,0,0,0,"{1: 123, 2: 60, 3: 58, 4: 35, 5: 22}","{1: 134, 2: 65, 3: 44, 4: 32, 5: 23}"
0.5,0.06,0.14,5,True,True,0.6612222220637899,-3.833631544303273e-05,0.14555200938628549,1,0,1,-1.0,0,0,0,"{1: 123, 2: 60, 3: 58, 4: 35, 5: 22}","{1: 134, 2: 65, 3: 44, 4: 32, 5: 23}"
0.5,0.06,0.14,5,True,False,0.6612222220637899,-3.833631544303273e-05,0.14555200938628549,1,0,1,-1.0,0,0,0,"{1: 123, 2: 60, 3: 58, 4: 35, 5: 22}","{1: 134, 2: 65, 3: 44, 4: 32, 5: 23}"
0.5,0.06,0.14,6,False,True,0.6612222220637899,-3.833631544303273e-05,0.14555200938628549,1,0,1,-1.0,0,0,0,"{1: 123, 2: 60, 3: 58, 4: 35, 5: 22}","{1: 134, 2: 65, 3: 44, 4: 32, 5: 23}"
0.5,0.06,0.14,6,False,False,0.6612222220637899,-3.833631544303273e-05,0.14555200938628549,1,0,1,-1.0,0,0,0,"{1: 123, 2: 60, 3: 58, 4: 35, 5: 22}","{1: 134, 2: 65, 3: 44, 4: 32, 5: 23}"
0.5,0.06,0.14,6,True,True,0.6612222220637899,-3.833631544303273e-05,0.14555200938628549,1,0,1,-1.0,0,0,0,"{1: 123, 2: 60, 3: 58, 4: 35, 5: 22}","{1: 134, 2: 65, 3: 44, 4: 32, 5: 23}"
0.5,0.06,0.14,6,True,False,0.6612222220637899,-3.833631544303273e-05,0.14555200938628549,1,0,1,-1.0,0,0,0,"{1: 123, 2: 60, 3: 58, 4: 35, 5: 22}","{1: 134, 2: 65, 3: 44, 4: 32, 5: 23}"
0.5,0.06,0.14,8,False,True,0.6612222220637899,-3.833631544303273e-05,0.14555200938628549,1,0,1,-1.0,0,0,0,"{1: 123, 2: 60, 3: 58, 4: 35, 5: 22}","{1: 134, 2: 65, 3: 44, 4: 32, 5: 23}"
0.5,0.06,0.14,8,False,False,0.6612222220637899,-3.833631544303273e-05,0.14555200938628549,1,0,1,-1.0,0,0,0,"{1: 123, 2: 60, 3: 58, 4: 35, 5: 22}","{1: 134, 2: 65, 3: 44, 4: 32, 5: 23}"
0.5,0.06,0.14,8,True,True,0.6612222220637899,-3.833631544303273e-05,0.14555200938628549,1,0,1,-1.0,0,0,0,"{1: 123, 2: 60, 3: 58, 4: 35, 5: 22}","{1: 134, 2: 65, 3: 44, 4: 32, 5: 23}"
0.5,0.06,0.14,8,True,False,0.6612222220637899,-3.833631544303273e-05,0.14555200938628549,1,0,1,-1.0,0,0,0,"{1: 123, 2: 60, 3: 58, 4: 35, 5: 22}","{1: 134, 2: 65, 3: 44, 4: 32, 5: 23}"
0.5,0.06,0.14,10,False,True,0.6612222220637899,-3.833631544303273e-05,0.14555200938628549,1,0,1,-1.0,0,0,0,"{1: 123, 2: 60, 3: 58, 4: 35, 5: 22}","{1: 134, 2: 65, 3: 44, 4: 32, 5: 23}"
0.5,0.06,0.14,10,False,False,0.6612222220637899,-3.833631544303273e-05,0.14555200938628549,1,0,1,-1.0,0,0,0,"{1: 123, 2: 60, 3: 58, 4: 35, 5: 22}","{1: 134, 2: 65, 3: 44, 4: 32, 5: 23}"
0.5,0.06,0.14,10,True,True,0.6612222220637899,-3.833631544303273e-05,0.14555200938628549,1,0,1,-1.0,0,0,0,"{1: 123, 2: 60, 3: 58, 4: 35, 5: 22}","{1: 134, 2: 65, 3: 44, 4: 32, 5: 23}"
0.5,0.06,0.14,10,True,False,0.6612222220637899,-3.833631544303273e-05,0.14555200938628549,1,0,1,-1.0,0,0,0,"{1: 123, 2: 60, 3: 58, 4: 35, 5: 22}","{1: 134, 2: 65, 3: 44, 4: 32, 5: 23}"
0.5,0.06,0.14,12,False,True,0.6612222220637899,-3.833631544303273e-05,0.14555200938628549,1,0,1,-1.0,0,0,0,"{1: 123, 2: 60, 3: 58, 4: 35, 5: 22}","{1: 134, 2: 65, 3: 44, 4: 32, 5: 23}"
0.5,0.06,0.14,12,False,False,0.6612222220637899,-3.833631544303273e-05,0.14555200938628549,1,0,1,-1.0,0,0,0,"{1: 123, 2: 60, 3: 58, 4: 35, 5: 22}","{1: 134, 2: 65, 3: 44, 4: 32, 5: 23}"
0.5,0.06,0.14,12,True,True,0.6612222220637899,-3.833631544303273e-05,0.14555200938628549,1,0,1,-1.0,0,0,0,"{1: 123, 2: 60, 3: 58, 4: 35, 5: 22}","{1: 134, 2: 65, 3: 44, 4: 32, 5: 23}"
0.5,0.06,0.14,12,True,False,0.6612222220637899,-3.833631544303273e-05,0.14555200938628549,1,0,1,-1.0,0,0,0,"{1: 123, 2: 60, 3: 58, 4: 35, 5: 22}","{1: 134, 2: 65, 3: 44, 4: 32, 5: 23}"
0.5,0.08,0.14,3,False,True,0.6612222220637899,-3.833631544303273e-05,0.14555200938628549,1,0,1,-1.0,0,0,0,"{1: 123, 2: 60, 3: 58, 4: 35, 5: 22}","{1: 134, 2: 65, 3: 44, 4: 32, 5: 23}"
0.5,0.08,0.14,3,False,False,0.6612222220637899,-3.833631544303273e-05,0.14555200938628549,1,0,1,-1.0,0,0,0,"{1: 123, 2: 60, 3: 58, 4: 35, 5: 22}","{1: 134, 2: 65, 3: 44, 4: 32, 5: 23}"
0.5,0.08,0.14,3,True,True,0.6612222220637899,-3.833631544303273e-05,0.14555200938628549,1,0,1,-1.0,0,0,0,"{1: 123, 2: 60, 3: 58, 4: 35, 5: 22}","{1: 134, 2: 65, 3: 44, 4: 32, 5: 23}"
0.5,0.08,0.14,3,True,False,0.6612222220637899,-3.833631544303273e-05,0.14555200938628549,1,0,1,-1.0,0,0,0,"{1: 123, 2: 60, 3: 58, 4: 35, 5: 22}","{1: 134, 2: 65, 3: 44, 4: 32, 5: 23}"
0.5,0.08,0.14,4,False,True,0.6612222220637899,-3.833631544303273e-05,0.14555200938628549,1,0,1,-1.0,0,0,0,"{1: 123, 2: 60, 3: 58, 4: 35, 5: 22}","{1: 134, 2: 65, 3: 44, 4: 32, 5: 23}"
0.5,0.08,0.14,4,False,False,0.6612222220637899,-3.833631544303273e-05,0.14555200938628549,1,0,1,-1.0,0,0,0,"{1: 123, 2: 60, 3: 58, 4: 35, 5: 22}","{1: 134, 2: 65, 3: 44, 4: 32, 5: 23}"
0.5,0.08,0.14,4,True,True,0.6612222220637899,-3.833631544303273e-05,0.14555200938628549,1,0,1,-1.0,0,0,0,"{1: 123, 2: 60, 3: 58, 4: 35, 5: 22}","{1: 134, 2: 65, 3: 44, 4: 32, 5: 23}"
0.5,0.08,0.14,4,True,False,0.6612222220637899,-3.833631544303273e-05,0.14555200938628549,1,0,1,-1.0,0,0,0,"{1: 123, 2: 60, 3: 58, 4: 35, 5: 22}","{1: 134, 2: 65, 3: 44, 4: 32, 5: 23}"
0.5,0.08,0.14,5,False,True,0.6612222220637899,-3.833631544303273e-05,0.14555200938628549,1,0,1,-1.0,0,0,0,"{1: 123, 2: 60, 3: 58, 4: 35, 5: 22}","{1: 134, 2: 65, 3: 44, 4: 32, 5: 23}"
0.5,0.08,0.14,5,False,False,0.6612222220637899,-3.833631544303273e-05,0.14555200938628549,1,0,1,-1.0,0,0,0,"{1: 123, 2: 60, 3: 58, 4: 35, 5: 22}","{1: 134, 2: 65, 3: 44, 4: 32, 5: 23}"
0.5,0.08,0.14,5,True,True,0.6612222220637899,-3.833631544303273e-05,0.14555200938628549,1,0,1,-1.0,0,0,0,"{1: 123, 2: 60, 3: 58, 4: 35, 5: 22}","{1: 134, 2: 65, 3: 44, 4: 32, 5: 23}"
0.5,0.08,0.14,5,True,False,0.6612222220637899,-3.833631544303273e-05,0.14555200938628549,1,0,1,-1.0,0,0,0,"{1: 123, 2: 60, 3: 58, 4: 35, 5: 22}","{1: 134, 2: 65, 3: 44, 4: 32, 5: 23}"
0.5,0.08,0.14,6,False,True,0.6612222220637899,-3.833631544303273e-05,0.14555200938628549,1,0,1,-1.0,0,0,0,"{1: 123, 2: 60, 3: 58, 4: 35, 5: 22}","{1: 134, 2: 65, 3: 44, 4: 32, 5: 23}"
0.5,0.08,0.14,6,False,False,0.6612222220637899,-3.833631544303273e-05,0.14555200938628549,1,0,1,-1.0,0,0,0,"{1: 123, 2: 60, 3: 58, 4: 35, 5: 22}","{1: 134, 2: 65, 3: 44, 4: 32, 5: 23}"
0.5,0.08,0.14,6,True,True,0.6612222220637899,-3.833631544303273e-05,0.14555200938628549,1,0,1,-1.0,0,0,0,"{1: 123, 2: 60, 3: 58, 4: 35, 5: 22}","{1: 134, 2: 65, 3: 44, 4: 32, 5: 23}"
0.5,0.08,0.14,6,True,False,0.6612222220637899,-3.833631544303273e-05,0.14555200938628549,1,0,1,-1.0,0,0,0,"{1: 123, 2: 60, 3: 58, 4: 35, 5: 22}","{1: 134, 2: 65, 3: 44, 4: 32, 5: 23}"
0.5,0.08,0.14,8,False,True,0.6612222220637899,-3.833631544303273e-05,0.14555200938628549,1,0,1,-1.0,0,0,0,"{1: 123, 2: 60, 3: 58, 4: 35, 5: 22}","{1: 134, 2: 65, 3: 44, 4: 32, 5: 23}"
0.5,0.08,0.14,8,False,False,0.6612222220637899,-3.833631544303273e-05,0.14555200938628549,1,0,1,-1.0,0,0,0,"{1: 123, 2: 60, 3: 58, 4: 35, 5: 22}","{1: 134, 2: 65, 3: 44, 4: 32, 5: 23}"
0.5,0.08,0.14,8,True,True,0.6612222220637899,-3.833631544303273e-05,0.14555200938628549,1,0,1,-1.0,0,0,0,"{1: 123, 2: 60, 3: 58, 4: 35, 5: 22}","{1: 134, 2: 65, 3: 44, 4: 32, 5: 23}"
0.5,0.08,0.14,8,True,False,0.6612222220637899,-3.833631544303273e-05,0.14555200938628549,1,0,1,-1.0,0,0,0,"{1: 123, 2: 60, 3: 58, 4: 35, 5: 22}","{1: 134, 2: 65, 3: 44, 4: 32, 5: 23}"
0.5,0.08,0.14,10,False,True,0.6612222220637899,-3.833631544303273e-05,0.14555200938628549,1,0,1,-1.0,0,0,0,"{1: 123, 2: 60, 3: 58, 4: 35, 5: 22}","{1: 134, 2: 65, 3: 44, 4: 32, 5: 23}"
0.5,0.08,0.14,10,False,False,0.6612222220637899,-3.833631544303273e-05,0.14555200938628549,1,0,1,-1.0,0,0,0,"{1: 123, 2: 60, 3: 58, 4: 35, 5: 22}","{1: 134, 2: 65, 3: 44, 4: 32, 5: 23}"
0.5,0.08,0.14,10,True,True,0.6612222220637899,-3.833631544303273e-05,0.14555200938628549,1,0,1,-1.0,0,0,0,"{1: 123, 2: 60, 3: 58, 4: 35, 5: 22}","{1: 134, 2: 65, 3: 44, 4: 32, 5: 23}"
0.5,0.08,0.14,10,True,False,0.6612222220637899,-3.833631544303273e-05,0.14555200938628549,1,0,1,-1.0,0,0,0,"{1: 123, 2: 60, 3: 58, 4: 35, 5: 22}","{1: 134, 2: 65, 3: 44, 4: 32, 5: 23}"
0.5,0.08,0.14,12,False,True,0.6612222220637899,-3.833631544303273e-05,0.14555200938628549,1,0,1,-1.0,0,0,0,"{1: 123, 2: 60, 3: 58, 4: 35, 5: 22}","{1: 134, 2: 65, 3: 44, 4: 32, 5: 23}"
0.5,0.08,0.14,12,False,False,0.6612222220637899,-3.833631544303273e-05,0.14555200938628549,1,0,1,-1.0,0,0,0,"{1: 123, 2: 60, 3: 58, 4: 35, 5: 22}","{1: 134, 2: 65, 3: 44, 4: 32, 5: 23}"
0.5,0.08,0.14,12,True,True,0.6612222220637899,-3.833631544303273e-05,0.14555200938628549,1,0,1,-1.0,0,0,0,"{1: 123, 2: 60, 3: 58, 4: 35, 5: 22}","{1: 134, 2: 65, 3: 44, 4: 32, 5: 23}"
0.5,0.08,0.14,12,True,False,0.6612222220637899,-3.833631544303273e-05,0.14555200938628549,1,0,1,-1.0,0,0,0,"{1: 123, 2: 60, 3: 58, 4: 35, 5: 22}","{1: 134, 2: 65, 3: 44, 4: 32, 5: 23}"
2.0,0.04,0.08,8,False,True,0.6612203061356161,-4.025224361681179e-05,0.15226341878225863,8,5,3,0.25,0,3,3,"{1: 125, 2: 59, 3: 57, 4: 35, 5: 22}","{1: 136, 2: 64, 3: 43, 4: 32, 5: 23}"
2.0,0.04,0.08,8,True,True,0.6612203061356161,-4.025224361681179e-05,0.15226341878225863,8,5,3,0.25,0,3,3,"{1: 125, 2: 59, 3: 57, 4: 35, 5: 22}","{1: 136, 2: 64, 3: 43, 4: 32, 5: 23}"
2.0,0.04,0.08,8,True,False,0.6612203061356161,-4.025224361681179e-05,0.15226341878225863,8,5,3,0.25,0,3,3,"{1: 125, 2: 59, 3: 57, 4: 35, 5: 22}","{1: 136, 2: 64, 3: 43, 4: 32, 5: 23}"
0.5,0.06,0.1,10,False,False,0.6612145155207299,-4.604285850307033e-05,0.15226341878225863,10,6,4,0.2,2,3,4,"{1: 124, 2: 60, 3: 58, 4: 34, 5: 22}","{1: 137, 2: 63, 3: 43, 4: 32, 5: 23}"
1.0,0.06,0.1,10,False,False,0.6612145155207299,-4.604285850307033e-05,0.15505669983800044,10,6,4,0.2,2,4,4,"{1: 125, 2: 59, 3: 58, 4: 34, 5: 22}","{1: 137, 2: 63, 3: 43, 4: 32, 5: 23}"
2.0,0.06,0.08,8,False,False,0.6612134553175515,-4.7103061681430525e-05,0.1651238139319602,8,5,3,0.25,3,7,6,"{1: 126, 2: 59, 3: 58, 4: 33, 5: 22}","{1: 139, 2: 61, 3: 43, 4: 32, 5: 23}"
0.5,0.08,0.1,10,False,False,0.6612110906844997,-4.946769473324064e-05,0.15505669983800044,10,6,4,0.2,2,4,4,"{1: 125, 2: 59, 3: 58, 4: 34, 5: 22}","{1: 137, 2: 63, 3: 43, 4: 32, 5: 23}"
1.0,0.08,0.1,10,False,False,0.6612110906844997,-4.946769473324064e-05,0.15841240453598704,10,6,4,0.2,2,5,5,"{1: 126, 2: 58, 3: 58, 4: 34, 5: 22}","{1: 137, 2: 63, 3: 44, 4: 31, 5: 23}"
2.0,0.08,0.1,10,False,False,0.6612110906844997,-4.946769473324064e-05,0.1617681092339737,10,6,4,0.2,2,6,5,"{1: 127, 2: 57, 3: 58, 4: 34, 5: 22}","{1: 137, 2: 63, 3: 44, 4: 31, 5: 23}"
1.0,0.015,0.08,3,False,True,0.6612095905170152,-5.0967862217699e-05,0.14555200938628549,3,2,1,0.3333333333333333,0,2,0,"{1: 125, 2: 58, 3: 58, 4: 35, 5: 22}","{1: 134, 2: 65, 3: 44, 4: 32, 5: 23}"
1.0,0.015,0.08,3,True,True,0.6612095905170152,-5.0967862217699e-05,0.14555200938628549,3,2,1,0.3333333333333333,0,2,0,"{1: 125, 2: 58, 3: 58, 4: 35, 5: 22}","{1: 134, 2: 65, 3: 44, 4: 32, 5: 23}"
1.0,0.015,0.08,3,True,False,0.6612095905170152,-5.0967862217699e-05,0.14555200938628549,3,2,1,0.3333333333333333,0,2,0,"{1: 125, 2: 58, 3: 58, 4: 35, 5: 22}","{1: 134, 2: 65, 3: 44, 4: 32, 5: 23}"
1.0,0.015,0.08,3,False,False,0.6612095905170152,-5.0967862217699e-05,0.1483452904420273,3,2,1,0.3333333333333333,0,2,1,"{1: 125, 2: 58, 3: 58, 4: 35, 5: 22}","{1: 135, 2: 64, 3: 44, 4: 32, 5: 23}"
2.0,0.015,0.08,3,False,False,0.6612095905170152,-5.0967862217699e-05,0.14890771408427203,3,2,1,0.3333333333333333,0,3,1,"{1: 125, 2: 59, 3: 57, 4: 35, 5: 22}","{1: 135, 2: 64, 3: 44, 4: 32, 5: 23}"
2.0,0.015,0.08,3,False,True,0.6612095905170152,-5.0967862217699e-05,0.14890771408427206,3,2,1,0.3333333333333333,0,3,0,"{1: 125, 2: 59, 3: 57, 4: 35, 5: 22}","{1: 134, 2: 65, 3: 44, 4: 32, 5: 23}"
2.0,0.015,0.08,3,True,True,0.6612095905170152,-5.0967862217699e-05,0.14890771408427206,3,2,1,0.3333333333333333,0,3,0,"{1: 125, 2: 59, 3: 57, 4: 35, 5: 22}","{1: 134, 2: 65, 3: 44, 4: 32, 5: 23}"
2.0,0.015,0.08,3,True,False,0.6612095905170152,-5.0967862217699e-05,0.14890771408427206,3,2,1,0.3333333333333333,0,3,0,"{1: 125, 2: 59, 3: 57, 4: 35, 5: 22}","{1: 134, 2: 65, 3: 44, 4: 32, 5: 23}"
2.0,0.06,0.1,3,False,False,0.6612095905170152,-5.0967862217699e-05,0.1522634187822586,3,2,1,0.3333333333333333,1,3,3,"{1: 124, 2: 60, 3: 58, 4: 34, 5: 22}","{1: 136, 2: 64, 3: 43, 4: 32, 5: 23}"
0.5,0.015,0.06,3,False,True,0.6612095905170152,-5.0967862217699e-05,0.1556191234802452,3,2,1,0.3333333333333333,0,3,2,"{1: 125, 2: 59, 3: 57, 4: 35, 5: 22}","{1: 134, 2: 67, 3: 42, 4: 32, 5: 23}"
0.5,0.015,0.06,3,True,True,0.6612095905170152,-5.0967862217699e-05,0.1556191234802452,3,2,1,0.3333333333333333,0,3,2,"{1: 125, 2: 59, 3: 57, 4: 35, 5: 22}","{1: 134, 2: 67, 3: 42, 4: 32, 5: 23}"
0.5,0.015,0.06,3,True,False,0.6612095905170152,-5.0967862217699e-05,0.1556191234802452,3,2,1,0.3333333333333333,0,3,2,"{1: 125, 2: 59, 3: 57, 4: 35, 5: 22}","{1: 134, 2: 67, 3: 42, 4: 32, 5: 23}"
0.5,0.015,0.06,3,False,False,0.6612095905170152,-5.0967862217699e-05,0.15897482817823178,3,2,1,0.3333333333333333,0,3,3,"{1: 125, 2: 59, 3: 57, 4: 35, 5: 22}","{1: 134, 2: 68, 3: 41, 4: 32, 5: 23}"
0.5,0.015,0.04,3,False,True,0.6612095905170152,-5.0967862217699e-05,0.16233053287621835,3,2,1,0.3333333333333333,0,3,3,"{1: 123, 2: 63, 3: 55, 4: 35, 5: 22}","{1: 135, 2: 66, 3: 42, 4: 32, 5: 23}"
0.5,0.015,0.04,3,True,True,0.6612095905170152,-5.0967862217699e-05,0.16233053287621835,3,2,1,0.3333333333333333,0,3,3,"{1: 123, 2: 63, 3: 55, 4: 35, 5: 22}","{1: 135, 2: 66, 3: 42, 4: 32, 5: 23}"
0.5,0.015,0.04,3,True,False,0.6612095905170152,-5.0967862217699e-05,0.16233053287621835,3,2,1,0.3333333333333333,0,3,3,"{1: 123, 2: 63, 3: 55, 4: 35, 5: 22}","{1: 135, 2: 66, 3: 42, 4: 32, 5: 23}"
1.0,0.015,0.04,3,False,True,0.6612095905170152,-5.0967862217699e-05,0.16233053287621835,3,2,1,0.3333333333333333,0,3,3,"{1: 123, 2: 63, 3: 55, 4: 35, 5: 22}","{1: 135, 2: 66, 3: 42, 4: 32, 5: 23}"
1.0,0.015,0.04,3,True,True,0.6612095905170152,-5.0967862217699e-05,0.16233053287621835,3,2,1,0.3333333333333333,0,3,3,"{1: 123, 2: 63, 3: 55, 4: 35, 5: 22}","{1: 135, 2: 66, 3: 42, 4: 32, 5: 23}"
1.0,0.015,0.04,3,True,False,0.6612095905170152,-5.0967862217699e-05,0.16233053287621835,3,2,1,0.3333333333333333,0,3,3,"{1: 123, 2: 63, 3: 55, 4: 35, 5: 22}","{1: 135, 2: 66, 3: 42, 4: 32, 5: 23}"
2.0,0.015,0.04,3,False,True,0.6612095905170152,-5.0967862217699e-05,0.16233053287621835,3,2,1,0.3333333333333333,0,3,3,"{1: 123, 2: 63, 3: 55, 4: 35, 5: 22}","{1: 135, 2: 66, 3: 42, 4: 32, 5: 23}"
2.0,0.015,0.04,3,True,True,0.6612095905170152,-5.0967862217699e-05,0.16233053287621835,3,2,1,0.3333333333333333,0,3,3,"{1: 123, 2: 63, 3: 55, 4: 35, 5: 22}","{1: 135, 2: 66, 3: 42, 4: 32, 5: 23}"
2.0,0.015,0.04,3,True,False,0.6612095905170152,-5.0967862217699e-05,0.16233053287621835,3,2,1,0.3333333333333333,0,3,3,"{1: 123, 2: 63, 3: 55, 4: 35, 5: 22}","{1: 135, 2: 66, 3: 42, 4: 32, 5: 23}"
2.0,0.015,0.06,3,False,True,0.6612095905170152,-5.0967862217699e-05,0.16233053287621835,3,2,1,0.3333333333333333,0,3,3,"{1: 123, 2: 63, 3: 55, 4: 35, 5: 22}","{1: 135, 2: 66, 3: 42, 4: 32, 5: 23}"
2.0,0.015,0.06,3,True,True,0.6612095905170152,-5.0967862217699e-05,0.16233053287621835,3,2,1,0.3333333333333333,0,3,3,"{1: 123, 2: 63, 3: 55, 4: 35, 5: 22}","{1: 135, 2: 66, 3: 42, 4: 32, 5: 23}"
2.0,0.015,0.06,3,True,False,0.6612095905170152,-5.0967862217699e-05,0.16233053287621835,3,2,1,0.3333333333333333,0,3,3,"{1: 123, 2: 63, 3: 55, 4: 35, 5: 22}","{1: 135, 2: 66, 3: 42, 4: 32, 5: 23}"
1.0,0.015,0.06,3,False,True,0.6612095905170152,-5.0967862217699e-05,0.16233053287621838,3,2,1,0.3333333333333333,0,3,2,"{1: 123, 2: 63, 3: 55, 4: 35, 5: 22}","{1: 134, 2: 67, 3: 42, 4: 32, 5: 23}"
1.0,0.015,0.06,3,True,True,0.6612095905170152,-5.0967862217699e-05,0.16233053287621838,3,2,1,0.3333333333333333,0,3,2,"{1: 123, 2: 63, 3: 55, 4: 35, 5: 22}","{1: 134, 2: 67, 3: 42, 4: 32, 5: 23}"
1.0,0.015,0.06,3,True,False,0.6612095905170152,-5.0967862217699e-05,0.16233053287621838,3,2,1,0.3333333333333333,0,3,2,"{1: 123, 2: 63, 3: 55, 4: 35, 5: 22}","{1: 134, 2: 67, 3: 42, 4: 32, 5: 23}"
0.5,0.015,0.04,3,False,False,0.6612095905170152,-5.0967862217699e-05,0.16568623757420495,3,2,1,0.3333333333333333,0,3,3,"{1: 123, 2: 63, 3: 55, 4: 35, 5: 22}","{1: 134, 2: 68, 3: 41, 4: 32, 5: 23}"
1.0,0.015,0.04,3,False,False,0.6612095905170152,-5.0967862217699e-05,0.16568623757420495,3,2,1,0.3333333333333333,0,3,3,"{1: 123, 2: 63, 3: 55, 4: 35, 5: 22}","{1: 134, 2: 68, 3: 41, 4: 32, 5: 23}"
1.0,0.015,0.06,3,False,False,0.6612095905170152,-5.0967862217699e-05,0.16568623757420495,3,2,1,0.3333333333333333,0,3,3,"{1: 123, 2: 63, 3: 55, 4: 35, 5: 22}","{1: 134, 2: 68, 3: 41, 4: 32, 5: 23}"
2.0,0.015,0.04,3,False,False,0.6612095905170152,-5.0967862217699e-05,0.16568623757420495,3,2,1,0.3333333333333333,0,3,3,"{1: 123, 2: 63, 3: 55, 4: 35, 5: 22}","{1: 134, 2: 68, 3: 41, 4: 32, 5: 23}"
2.0,0.015,0.06,3,False,False,0.6612095905170152,-5.0967862217699e-05,0.16568623757420495,3,2,1,0.3333333333333333,0,3,3,"{1: 123, 2: 63, 3: 55, 4: 35, 5: 22}","{1: 134, 2: 68, 3: 41, 4: 32, 5: 23}"
1.0,0.06,0.08,3,False,True,0.6612061614775546,-5.439690167829969e-05,0.1522634187822586,3,2,1,0.3333333333333333,0,3,3,"{1: 124, 2: 60, 3: 58, 4: 34, 5: 22}","{1: 136, 2: 64, 3: 43, 4: 32, 5: 23}"
1.0,0.06,0.08,3,True,True,0.6612061614775546,-5.439690167829969e-05,0.1522634187822586,3,2,1,0.3333333333333333,0,3,3,"{1: 124, 2: 60, 3: 58, 4: 34, 5: 22}","{1: 136, 2: 64, 3: 43, 4: 32, 5: 23}"
1.0,0.06,0.08,3,True,False,0.6612061614775546,-5.439690167829969e-05,0.1522634187822586,3,2,1,0.3333333333333333,0,3,3,"{1: 124, 2: 60, 3: 58, 4: 34, 5: 22}","{1: 136, 2: 64, 3: 43, 4: 32, 5: 23}"
1.0,0.08,0.08,3,False,True,0.6612061614775546,-5.439690167829969e-05,0.15226341878225863,3,2,1,0.3333333333333333,0,3,3,"{1: 124, 2: 60, 3: 58, 4: 34, 5: 22}","{1: 134, 2: 66, 3: 45, 4: 30, 5: 23}"
1.0,0.08,0.08,3,True,True,0.6612061614775546,-5.439690167829969e-05,0.15226341878225863,3,2,1,0.3333333333333333,0,3,3,"{1: 124, 2: 60, 3: 58, 4: 34, 5: 22}","{1: 134, 2: 66, 3: 45, 4: 30, 5: 23}"
1.0,0.08,0.08,3,True,False,0.6612061614775546,-5.439690167829969e-05,0.15226341878225863,3,2,1,0.3333333333333333,0,3,3,"{1: 124, 2: 60, 3: 58, 4: 34, 5: 22}","{1: 134, 2: 66, 3: 45, 4: 30, 5: 23}"
2.0,0.08,0.08,3,False,True,0.6612061614775546,-5.439690167829969e-05,0.15226341878225863,3,2,1,0.3333333333333333,0,3,3,"{1: 123, 2: 61, 3: 59, 4: 33, 5: 22}","{1: 134, 2: 66, 3: 45, 4: 30, 5: 23}"
2.0,0.08,0.08,3,True,True,0.6612061614775546,-5.439690167829969e-05,0.15226341878225863,3,2,1,0.3333333333333333,0,3,3,"{1: 123, 2: 61, 3: 59, 4: 33, 5: 22}","{1: 134, 2: 66, 3: 45, 4: 30, 5: 23}"
2.0,0.08,0.08,3,True,False,0.6612061614775546,-5.439690167829969e-05,0.15226341878225863,3,2,1,0.3333333333333333,0,3,3,"{1: 123, 2: 61, 3: 59, 4: 33, 5: 22}","{1: 134, 2: 66, 3: 45, 4: 30, 5: 23}"
2.0,0.06,0.08,3,False,True,0.6612061614775546,-5.439690167829969e-05,0.1556191234802452,3,2,1,0.3333333333333333,0,3,3,"{1: 123, 2: 62, 3: 57, 4: 34, 5: 22}","{1: 136, 2: 64, 3: 43, 4: 32, 5: 23}"
2.0,0.06,0.08,3,True,True,0.6612061614775546,-5.439690167829969e-05,0.1556191234802452,3,2,1,0.3333333333333333,0,3,3,"{1: 123, 2: 62, 3: 57, 4: 34, 5: 22}","{1: 136, 2: 64, 3: 43, 4: 32, 5: 23}"
2.0,0.06,0.08,3,True,False,0.6612061614775546,-5.439690167829969e-05,0.1556191234802452,3,2,1,0.3333333333333333,0,3,3,"{1: 123, 2: 62, 3: 57, 4: 34, 5: 22}","{1: 136, 2: 64, 3: 43, 4: 32, 5: 23}"
2.0,0.06,0.08,10,False,False,0.6612042280876824,-5.633029155049929e-05,0.1651238139319602,10,6,4,0.2,3,7,6,"{1: 126, 2: 59, 3: 58, 4: 33, 5: 22}","{1: 139, 2: 61, 3: 43, 4: 32, 5: 23}"
1.0,0.08,0.08,12,False,True,0.6611984397041215,-6.211867511141111e-05,0.1651238139319602,12,6,6,0.0,0,6,7,"{1: 127, 2: 57, 3: 58, 4: 34, 5: 22}","{1: 138, 2: 62, 3: 45, 4: 30, 5: 23}"
1.0,0.08,0.08,12,True,True,0.6611984397041215,-6.211867511141111e-05,0.1651238139319602,12,6,6,0.0,0,6,7,"{1: 127, 2: 57, 3: 58, 4: 34, 5: 22}","{1: 138, 2: 62, 3: 45, 4: 30, 5: 23}"
1.0,0.08,0.08,12,True,False,0.6611984397041215,-6.211867511141111e-05,0.1651238139319602,12,6,6,0.0,0,6,7,"{1: 127, 2: 57, 3: 58, 4: 34, 5: 22}","{1: 138, 2: 62, 3: 45, 4: 30, 5: 23}"
2.0,0.08,0.08,12,False,True,0.6611984397041215,-6.211867511141111e-05,0.1651238139319602,12,6,6,0.0,0,8,7,"{1: 127, 2: 58, 3: 58, 4: 33, 5: 22}","{1: 138, 2: 62, 3: 45, 4: 30, 5: 23}"
2.0,0.08,0.08,12,True,True,0.6611984397041215,-6.211867511141111e-05,0.1651238139319602,12,6,6,0.0,0,8,7,"{1: 127, 2: 58, 3: 58, 4: 33, 5: 22}","{1: 138, 2: 62, 3: 45, 4: 30, 5: 23}"
2.0,0.08,0.08,12,True,False,0.6611984397041215,-6.211867511141111e-05,0.1651238139319602,12,6,6,0.0,0,8,7,"{1: 127, 2: 58, 3: 58, 4: 33, 5: 22}","{1: 138, 2: 62, 3: 45, 4: 30, 5: 23}"
0.5,0.04,0.06,12,False,False,0.6611984397041214,-6.211867511152214e-05,0.16568623757420495,12,8,4,0.3333333333333333,3,5,9,"{1: 126, 2: 58, 3: 58, 4: 34, 5: 22}","{1: 137, 2: 67, 3: 40, 4: 31, 5: 23}"
1.0,0.025,0.04,12,False,False,0.6611984397041214,-6.211867511152214e-05,0.16568623757420495,12,6,6,0.0,2,6,9,"{1: 126, 2: 60, 3: 55, 4: 35, 5: 22}","{1: 139, 2: 63, 3: 42, 4: 31, 5: 23}"
2.0,0.025,0.04,12,False,False,0.6611984397041214,-6.211867511152214e-05,0.16568623757420495,12,6,6,0.0,2,6,9,"{1: 126, 2: 60, 3: 55, 4: 35, 5: 22}","{1: 139, 2: 63, 3: 42, 4: 31, 5: 23}"
2.0,0.06,0.08,5,False,True,0.661196942407902,-6.361597133086594e-05,0.15841240453598704,5,3,2,0.2,0,5,5,"{1: 125, 2: 60, 3: 57, 4: 34, 5: 22}","{1: 138, 2: 62, 3: 43, 4: 32, 5: 23}"
2.0,0.06,0.08,5,True,True,0.661196942407902,-6.361597133086594e-05,0.15841240453598704,5,3,2,0.2,0,5,5,"{1: 125, 2: 60, 3: 57, 4: 34, 5: 22}","{1: 138, 2: 62, 3: 43, 4: 32, 5: 23}"
2.0,0.06,0.08,5,True,False,0.661196942407902,-6.361597133086594e-05,0.15841240453598704,5,3,2,0.2,0,5,5,"{1: 125, 2: 60, 3: 57, 4: 34, 5: 22}","{1: 138, 2: 62, 3: 43, 4: 32, 5: 23}"
0.5,0.025,0.04,5,False,False,0.661196942407902,-6.361597133086594e-05,0.16568623757420492,5,3,2,0.2,1,5,5,"{1: 125, 2: 61, 3: 55, 4: 35, 5: 22}","{1: 135, 2: 67, 3: 42, 4: 31, 5: 23}"
1.0,0.025,0.1,10,False,False,0.6611888298605875,-7.172851864545304e-05,0.14555200938628546,9,5,4,0.1111111111111111,3,1,0,"{1: 124, 2: 59, 3: 58, 4: 35, 5: 22}","{1: 134, 2: 65, 3: 44, 4: 32, 5: 23}"
1.0,0.025,0.1,12,False,False,0.6611888298605875,-7.172851864545304e-05,0.14555200938628546,9,5,4,0.1111111111111111,3,1,0,"{1: 124, 2: 59, 3: 58, 4: 35, 5: 22}","{1: 134, 2: 65, 3: 44, 4: 32, 5: 23}"
2.0,0.06,0.14,6,False,True,0.6611654881382174,-9.507024101551576e-05,0.1483452904420273,6,3,3,0.0,0,1,2,"{1: 124, 2: 59, 3: 58, 4: 35, 5: 22}","{1: 136, 2: 63, 3: 44, 4: 32, 5: 23}"
2.0,0.06,0.14,6,False,False,0.6611654881382174,-9.507024101551576e-05,0.1483452904420273,6,3,3,0.0,0,1,2,"{1: 124, 2: 59, 3: 58, 4: 35, 5: 22}","{1: 136, 2: 63, 3: 44, 4: 32, 5: 23}"
2.0,0.06,0.14,6,True,True,0.6611654881382174,-9.507024101551576e-05,0.1483452904420273,6,3,3,0.0,0,1,2,"{1: 124, 2: 59, 3: 58, 4: 35, 5: 22}","{1: 136, 2: 63, 3: 44, 4: 32, 5: 23}"
2.0,0.06,0.14,6,True,False,0.6611654881382174,-9.507024101551576e-05,0.1483452904420273,6,3,3,0.0,0,1,2,"{1: 124, 2: 59, 3: 58, 4: 35, 5: 22}","{1: 136, 2: 63, 3: 44, 4: 32, 5: 23}"
0.5,0.04,0.08,6,False,False,0.6611585758001433,-0.00010198257908966557,0.1517009951400139,6,4,2,0.3333333333333333,1,3,3,"{1: 125, 2: 58, 3: 59, 4: 34, 5: 22}","{1: 136, 2: 64, 3: 43, 4: 32, 5: 23}"
1.0,0.04,0.08,6,False,False,0.6611585758001433,-0.00010198257908966557,0.15505669983800044,6,4,2,0.3333333333333333,1,3,4,"{1: 125, 2: 58, 3: 59, 4: 34, 5: 22}","{1: 137, 2: 63, 3: 43, 4: 32, 5: 23}"
1.0,0.04,0.1,8,False,False,0.6611528212117156,-0.00010773716751732998,0.14890771408427203,8,5,3,0.25,2,1,3,"{1: 124, 2: 59, 3: 58, 4: 35, 5: 22}","{1: 136, 2: 64, 3: 43, 4: 32, 5: 23}"
0.5,0.04,0.1,8,False,False,0.6611528212117156,-0.00010773716751732998,0.14890771408427206,8,5,3,0.25,2,0,3,"{1: 123, 2: 60, 3: 58, 4: 35, 5: 22}","{1: 136, 2: 64, 3: 43, 4: 32, 5: 23}"
2.0,0.04,0.1,8,False,False,0.6611528212117156,-0.00010773716751732998,0.1517009951400139,8,5,3,0.25,2,2,3,"{1: 125, 2: 58, 3: 58, 4: 35, 5: 22}","{1: 136, 2: 64, 3: 43, 4: 32, 5: 23}"
2.0,0.025,0.08,10,False,False,0.6611436077832339,-0.00011695059599903246,0.14890771408427203,10,6,4,0.2,0,3,1,"{1: 125, 2: 59, 3: 57, 4: 35, 5: 22}","{1: 135, 2: 64, 3: 44, 4: 32, 5: 23}"
2.0,0.025,0.08,10,False,True,0.6611436077832339,-0.00011695059599903246,0.14890771408427206,10,6,4,0.2,0,3,0,"{1: 125, 2: 59, 3: 57, 4: 35, 5: 22}","{1: 134, 2: 65, 3: 44, 4: 32, 5: 23}"
2.0,0.025,0.08,10,True,True,0.6611436077832339,-0.00011695059599903246,0.14890771408427206,10,6,4,0.2,0,3,0,"{1: 125, 2: 59, 3: 57, 4: 35, 5: 22}","{1: 134, 2: 65, 3: 44, 4: 32, 5: 23}"
2.0,0.025,0.08,10,True,False,0.6611436077832339,-0.00011695059599903246,0.14890771408427206,10,6,4,0.2,0,3,0,"{1: 125, 2: 59, 3: 57, 4: 35, 5: 22}","{1: 134, 2: 65, 3: 44, 4: 32, 5: 23}"
1.0,0.06,0.14,3,False,True,0.6611421287835638,-0.00011842959566910061,0.14555200938628549,3,1,2,-0.3333333333333333,0,1,1,"{1: 124, 2: 59, 3: 58, 4: 35, 5: 22}","{1: 135, 2: 64, 3: 44, 4: 32, 5: 23}"
1.0,0.06,0.14,3,False,False,0.6611421287835638,-0.00011842959566910061,0.14555200938628549,3,1,2,-0.3333333333333333,0,1,1,"{1: 124, 2: 59, 3: 58, 4: 35, 5: 22}","{1: 135, 2: 64, 3: 44, 4: 32, 5: 23}"
1.0,0.06,0.14,3,True,True,0.6611421287835638,-0.00011842959566910061,0.14555200938628549,3,1,2,-0.3333333333333333,0,1,1,"{1: 124, 2: 59, 3: 58, 4: 35, 5: 22}","{1: 135, 2: 64, 3: 44, 4: 32, 5: 23}"
1.0,0.06,0.14,3,True,False,0.6611421287835638,-0.00011842959566910061,0.14555200938628549,3,1,2,-0.3333333333333333,0,1,1,"{1: 124, 2: 59, 3: 58, 4: 35, 5: 22}","{1: 135, 2: 64, 3: 44, 4: 32, 5: 23}"
1.0,0.08,0.14,3,False,True,0.6611421287835638,-0.00011842959566910061,0.14555200938628549,3,1,2,-0.3333333333333333,0,1,1,"{1: 124, 2: 59, 3: 58, 4: 35, 5: 22}","{1: 135, 2: 64, 3: 44, 4: 32, 5: 23}"
1.0,0.08,0.14,3,False,False,0.6611421287835638,-0.00011842959566910061,0.14555200938628549,3,1,2,-0.3333333333333333,0,1,1,"{1: 124, 2: 59, 3: 58, 4: 35, 5: 22}","{1: 135, 2: 64, 3: 44, 4: 32, 5: 23}"
1.0,0.08,0.14,3,True,True,0.6611421287835638,-0.00011842959566910061,0.14555200938628549,3,1,2,-0.3333333333333333,0,1,1,"{1: 124, 2: 59, 3: 58, 4: 35, 5: 22}","{1: 135, 2: 64, 3: 44, 4: 32, 5: 23}"
1.0,0.08,0.14,3,True,False,0.6611421287835638,-0.00011842959566910061,0.14555200938628549,3,1,2,-0.3333333333333333,0,1,1,"{1: 124, 2: 59, 3: 58, 4: 35, 5: 22}","{1: 135, 2: 64, 3: 44, 4: 32, 5: 23}"
0.5,0.06,0.08,10,False,False,0.6611401376788344,-0.00012042070039852693,0.15841240453598704,10,6,4,0.2,3,6,4,"{1: 126, 2: 58, 3: 59, 4: 33, 5: 22}","{1: 137, 2: 63, 3: 43, 4: 32, 5: 23}"
0.5,0.08,0.08,10,False,True,0.6611401376788344,-0.00012042070039852693,0.1617681092339737,10,5,5,0.0,0,6,5,"{1: 127, 2: 57, 3: 58, 4: 34, 5: 22}","{1: 137, 2: 63, 3: 44, 4: 31, 5: 23}"
0.5,0.08,0.08,10,True,True,0.6611401376788344,-0.00012042070039852693,0.1617681092339737,10,5,5,0.0,0,6,5,"{1: 127, 2: 57, 3: 58, 4: 34, 5: 22}","{1: 137, 2: 63, 3: 44, 4: 31, 5: 23}"
0.5,0.08,0.08,10,True,False,0.6611401376788344,-0.00012042070039852693,0.1617681092339737,10,5,5,0.0,0,6,5,"{1: 127, 2: 57, 3: 58, 4: 34, 5: 22}","{1: 137, 2: 63, 3: 44, 4: 31, 5: 23}"
0.5,0.025,0.04,10,False,True,0.6611401376788344,-0.00012042070039852693,0.16233053287621832,10,5,5,0.0,0,5,6,"{1: 125, 2: 61, 3: 55, 4: 35, 5: 22}","{1: 137, 2: 64, 3: 43, 4: 31, 5: 23}"
0.5,0.025,0.04,10,True,True,0.6611401376788344,-0.00012042070039852693,0.16233053287621832,10,5,5,0.0,0,5,6,"{1: 125, 2: 61, 3: 55, 4: 35, 5: 22}","{1: 137, 2: 64, 3: 43, 4: 31, 5: 23}"
0.5,0.025,0.04,10,True,False,0.6611401376788344,-0.00012042070039852693,0.16233053287621832,10,5,5,0.0,0,5,6,"{1: 125, 2: 61, 3: 55, 4: 35, 5: 22}","{1: 137, 2: 64, 3: 43, 4: 31, 5: 23}"
1.0,0.025,0.04,10,False,True,0.6611401376788344,-0.00012042070039852693,0.16233053287621832,10,5,5,0.0,0,5,6,"{1: 125, 2: 61, 3: 55, 4: 35, 5: 22}","{1: 137, 2: 64, 3: 43, 4: 31, 5: 23}"
1.0,0.025,0.04,10,True,True,0.6611401376788344,-0.00012042070039852693,0.16233053287621832,10,5,5,0.0,0,5,6,"{1: 125, 2: 61, 3: 55, 4: 35, 5: 22}","{1: 137, 2: 64, 3: 43, 4: 31, 5: 23}"
1.0,0.025,0.04,10,True,False,0.6611401376788344,-0.00012042070039852693,0.16233053287621832,10,5,5,0.0,0,5,6,"{1: 125, 2: 61, 3: 55, 4: 35, 5: 22}","{1: 137, 2: 64, 3: 43, 4: 31, 5: 23}"
2.0,0.025,0.04,10,False,True,0.6611401376788344,-0.00012042070039852693,0.16233053287621832,10,5,5,0.0,0,5,6,"{1: 125, 2: 61, 3: 55, 4: 35, 5: 22}","{1: 137, 2: 64, 3: 43, 4: 31, 5: 23}"
2.0,0.025,0.04,10,True,True,0.6611401376788344,-0.00012042070039852693,0.16233053287621832,10,5,5,0.0,0,5,6,"{1: 125, 2: 61, 3: 55, 4: 35, 5: 22}","{1: 137, 2: 64, 3: 43, 4: 31, 5: 23}"
2.0,0.025,0.04,10,True,False,0.6611401376788344,-0.00012042070039852693,0.16233053287621832,10,5,5,0.0,0,5,6,"{1: 125, 2: 61, 3: 55, 4: 35, 5: 22}","{1: 137, 2: 64, 3: 43, 4: 31, 5: 23}"
2.0,0.025,0.06,10,False,True,0.6611401376788344,-0.00012042070039852693,0.16233053287621832,10,5,5,0.0,0,5,6,"{1: 125, 2: 61, 3: 55, 4: 35, 5: 22}","{1: 137, 2: 64, 3: 43, 4: 31, 5: 23}"
2.0,0.025,0.06,10,True,True,0.6611401376788344,-0.00012042070039852693,0.16233053287621832,10,5,5,0.0,0,5,6,"{1: 125, 2: 61, 3: 55, 4: 35, 5: 22}","{1: 137, 2: 64, 3: 43, 4: 31, 5: 23}"
2.0,0.025,0.06,10,True,False,0.6611401376788344,-0.00012042070039852693,0.16233053287621832,10,5,5,0.0,0,5,6,"{1: 125, 2: 61, 3: 55, 4: 35, 5: 22}","{1: 137, 2: 64, 3: 43, 4: 31, 5: 23}"
1.0,0.025,0.06,10,False,True,0.6611401376788344,-0.00012042070039852693,0.16233053287621835,10,5,5,0.0,0,5,5,"{1: 125, 2: 61, 3: 55, 4: 35, 5: 22}","{1: 136, 2: 65, 3: 43, 4: 31, 5: 23}"
1.0,0.025,0.06,10,True,True,0.6611401376788344,-0.00012042070039852693,0.16233053287621835,10,5,5,0.0,0,5,5,"{1: 125, 2: 61, 3: 55, 4: 35, 5: 22}","{1: 136, 2: 65, 3: 43, 4: 31, 5: 23}"
1.0,0.025,0.06,10,True,False,0.6611401376788344,-0.00012042070039852693,0.16233053287621835,10,5,5,0.0,0,5,5,"{1: 125, 2: 61, 3: 55, 4: 35, 5: 22}","{1: 136, 2: 65, 3: 43, 4: 31, 5: 23}"
2.0,0.025,0.06,10,False,False,0.6611401376788344,-0.00012042070039852693,0.16568623757420495,10,5,5,0.0,0,6,9,"{1: 126, 2: 60, 3: 55, 4: 35, 5: 22}","{1: 139, 2: 63, 3: 42, 4: 31, 5: 23}"
1.0,0.025,0.06,10,False,False,0.6611401376788344,-0.00012042070039852693,0.16568623757420498,10,5,5,0.0,0,6,8,"{1: 126, 2: 60, 3: 55, 4: 35, 5: 22}","{1: 138, 2: 64, 3: 42, 4: 31, 5: 23}"
0.5,0.06,0.06,8,False,False,0.6611389381588931,-0.00012162022033979092,0.1690419422721915,8,5,3,0.25,4,8,8,"{1: 125, 2: 60, 3: 59, 4: 33, 5: 21}","{1: 136, 2: 68, 3: 40, 4: 31, 5: 23}"
0.5,0.06,0.04,8,False,False,0.6611389381588931,-0.00012162022033979092,0.17239764697017812,8,5,3,0.25,4,8,8,"{1: 123, 2: 63, 3: 58, 4: 34, 5: 20}","{1: 134, 2: 70, 3: 41, 4: 31, 5: 22}"
1.0,0.06,0.04,8,False,False,0.6611389381588931,-0.00012162022033979092,0.17239764697017812,8,5,3,0.25,4,8,8,"{1: 123, 2: 63, 3: 58, 4: 34, 5: 20}","{1: 134, 2: 70, 3: 41, 4: 31, 5: 22}"
2.0,0.06,0.04,8,False,False,0.6611389381588931,-0.00012162022033979092,0.17239764697017812,8,5,3,0.25,4,8,8,"{1: 123, 2: 63, 3: 58, 4: 34, 5: 20}","{1: 134, 2: 70, 3: 41, 4: 31, 5: 22}"
2.0,0.06,0.06,8,False,False,0.6611389381588931,-0.00012162022033979092,0.17239764697017812,8,5,3,0.25,4,8,8,"{1: 123, 2: 63, 3: 58, 4: 34, 5: 20}","{1: 134, 2: 70, 3: 41, 4: 31, 5: 22}"
1.0,0.06,0.06,8,False,False,0.6611389381588931,-0.00012162022033979092,0.17575335166816466,8,5,3,0.25,4,8,8,"{1: 123, 2: 63, 3: 58, 4: 34, 5: 20}","{1: 134, 2: 71, 3: 40, 4: 30, 5: 23}"
0.5,0.025,0.08,3,False,True,0.6611386588070736,-0.00012189957215935632,0.14555200938628549,3,2,1,0.3333333333333333,0,2,0,"{1: 125, 2: 58, 3: 58, 4: 35, 5: 22}","{1: 134, 2: 65, 3: 44, 4: 32, 5: 23}"
0.5,0.025,0.08,3,False,False,0.6611386588070736,-0.00012189957215935632,0.14555200938628549,3,2,1,0.3333333333333333,0,2,0,"{1: 125, 2: 58, 3: 58, 4: 35, 5: 22}","{1: 134, 2: 65, 3: 44, 4: 32, 5: 23}"
0.5,0.025,0.08,3,True,True,0.6611386588070736,-0.00012189957215935632,0.14555200938628549,3,2,1,0.3333333333333333,0,2,0,"{1: 125, 2: 58, 3: 58, 4: 35, 5: 22}","{1: 134, 2: 65, 3: 44, 4: 32, 5: 23}"
0.5,0.025,0.08,3,True,False,0.6611386588070736,-0.00012189957215935632,0.14555200938628549,3,2,1,0.3333333333333333,0,2,0,"{1: 125, 2: 58, 3: 58, 4: 35, 5: 22}","{1: 134, 2: 65, 3: 44, 4: 32, 5: 23}"
1.0,0.025,0.08,3,False,True,0.6611386588070736,-0.00012189957215935632,0.14555200938628549,3,2,1,0.3333333333333333,0,2,0,"{1: 125, 2: 58, 3: 58, 4: 35, 5: 22}","{1: 134, 2: 65, 3: 44, 4: 32, 5: 23}"
1.0,0.025,0.08,3,True,True,0.6611386588070736,-0.00012189957215935632,0.14555200938628549,3,2,1,0.3333333333333333,0,2,0,"{1: 125, 2: 58, 3: 58, 4: 35, 5: 22}","{1: 134, 2: 65, 3: 44, 4: 32, 5: 23}"
1.0,0.025,0.08,3,True,False,0.6611386588070736,-0.00012189957215935632,0.14555200938628549,3,2,1,0.3333333333333333,0,2,0,"{1: 125, 2: 58, 3: 58, 4: 35, 5: 22}","{1: 134, 2: 65, 3: 44, 4: 32, 5: 23}"
1.0,0.025,0.08,3,False,False,0.6611386588070736,-0.00012189957215935632,0.1483452904420273,3,2,1,0.3333333333333333,0,2,1,"{1: 125, 2: 58, 3: 58, 4: 35, 5: 22}","{1: 135, 2: 64, 3: 44, 4: 32, 5: 23}"
2.0,0.025,0.08,3,False,False,0.6611386588070736,-0.00012189957215935632,0.14890771408427203,3,2,1,0.3333333333333333,0,3,1,"{1: 125, 2: 59, 3: 57, 4: 35, 5: 22}","{1: 135, 2: 64, 3: 44, 4: 32, 5: 23}"
2.0,0.025,0.08,3,False,True,0.6611386588070736,-0.00012189957215935632,0.14890771408427206,3,2,1,0.3333333333333333,0,3,0,"{1: 125, 2: 59, 3: 57, 4: 35, 5: 22}","{1: 134, 2: 65, 3: 44, 4: 32, 5: 23}"
2.0,0.025,0.08,3,True,True,0.6611386588070736,-0.00012189957215935632,0.14890771408427206,3,2,1,0.3333333333333333,0,3,0,"{1: 125, 2: 59, 3: 57, 4: 35, 5: 22}","{1: 134, 2: 65, 3: 44, 4: 32, 5: 23}"
2.0,0.025,0.08,3,True,False,0.6611386588070736,-0.00012189957215935632,0.14890771408427206,3,2,1,0.3333333333333333,0,3,0,"{1: 125, 2: 59, 3: 57, 4: 35, 5: 22}","{1: 134, 2: 65, 3: 44, 4: 32, 5: 23}"
0.5,0.08,0.1,3,False,False,0.6611386588070736,-0.00012189957215935632,0.1522634187822586,3,2,1,0.3333333333333333,1,3,3,"{1: 124, 2: 60, 3: 58, 4: 34, 5: 22}","{1: 136, 2: 64, 3: 43, 4: 32, 5: 23}"
1.0,0.08,0.1,3,False,False,0.6611386588070736,-0.00012189957215935632,0.15226341878225863,3,2,1,0.3333333333333333,1,3,3,"{1: 124, 2: 60, 3: 58, 4: 34, 5: 22}","{1: 135, 2: 65, 3: 44, 4: 31, 5: 23}"
2.0,0.04,0.08,3,False,True,0.6611386588070736,-0.00012189957215935632,0.15226341878225863,3,2,1,0.3333333333333333,0,3,3,"{1: 125, 2: 59, 3: 57, 4: 35, 5: 22}","{1: 136, 2: 64, 3: 43, 4: 32, 5: 23}"
2.0,0.04,0.08,3,True,True,0.6611386588070736,-0.00012189957215935632,0.15226341878225863,3,2,1,0.3333333333333333,0,3,3,"{1: 125, 2: 59, 3: 57, 4: 35, 5: 22}","{1: 136, 2: 64, 3: 43, 4: 32, 5: 23}"
2.0,0.04,0.08,3,True,False,0.6611386588070736,-0.00012189957215935632,0.15226341878225863,3,2,1,0.3333333333333333,0,3,3,"{1: 125, 2: 59, 3: 57, 4: 35, 5: 22}","{1: 136, 2: 64, 3: 43, 4: 32, 5: 23}"
2.0,0.08,0.1,3,False,False,0.6611386588070736,-0.00012189957215935632,0.15226341878225863,3,2,1,0.3333333333333333,1,3,3,"{1: 124, 2: 60, 3: 58, 4: 34, 5: 22}","{1: 135, 2: 65, 3: 44, 4: 31, 5: 23}"
0.5,0.025,0.06,3,False,True,0.6611386588070736,-0.00012189957215935632,0.1556191234802452,3,2,1,0.3333333333333333,0,3,2,"{1: 125, 2: 59, 3: 57, 4: 35, 5: 22}","{1: 134, 2: 67, 3: 42, 4: 32, 5: 23}"
0.5,0.025,0.06,3,True,True,0.6611386588070736,-0.00012189957215935632,0.1556191234802452,3,2,1,0.3333333333333333,0,3,2,"{1: 125, 2: 59, 3: 57, 4: 35, 5: 22}","{1: 134, 2: 67, 3: 42, 4: 32, 5: 23}"
0.5,0.025,0.06,3,True,False,0.6611386588070736,-0.00012189957215935632,0.1556191234802452,3,2,1,0.3333333333333333,0,3,2,"{1: 125, 2: 59, 3: 57, 4: 35, 5: 22}","{1: 134, 2: 67, 3: 42, 4: 32, 5: 23}"
0.5,0.025,0.06,3,False,False,0.6611386588070736,-0.00012189957215935632,0.15897482817823178,3,2,1,0.3333333333333333,0,3,3,"{1: 125, 2: 59, 3: 57, 4: 35, 5: 22}","{1: 134, 2: 68, 3: 41, 4: 32, 5: 23}"
0.5,0.06,0.1,12,False,False,0.6611378654792105,-0.00012269290002242528,0.15226341878225863,12,7,5,0.16666666666666666,2,3,4,"{1: 124, 2: 60, 3: 58, 4: 34, 5: 22}","{1: 137, 2: 63, 3: 43, 4: 32, 5: 23}"
2.0,0.08,0.1,5,False,False,0.6611294417617977,-0.00013111661743525627,0.15841240453598704,5,3,2,0.2,1,5,5,"{1: 126, 2: 58, 3: 58, 4: 34, 5: 22}","{1: 137, 2: 63, 3: 44, 4: 31, 5: 23}"
0.5,0.025,0.08,5,False,True,0.6611294417617976,-0.0001311166174353673,0.14555200938628549,5,3,2,0.2,0,2,0,"{1: 125, 2: 58, 3: 58, 4: 35, 5: 22}","{1: 134, 2: 65, 3: 44, 4: 32, 5: 23}"
0.5,0.025,0.08,5,False,False,0.6611294417617976,-0.0001311166174353673,0.14555200938628549,5,3,2,0.2,0,2,0,"{1: 125, 2: 58, 3: 58, 4: 35, 5: 22}","{1: 134, 2: 65, 3: 44, 4: 32, 5: 23}"
0.5,0.025,0.08,5,True,True,0.6611294417617976,-0.0001311166174353673,0.14555200938628549,5,3,2,0.2,0,2,0,"{1: 125, 2: 58, 3: 58, 4: 35, 5: 22}","{1: 134, 2: 65, 3: 44, 4: 32, 5: 23}"
0.5,0.025,0.08,5,True,False,0.6611294417617976,-0.0001311166174353673,0.14555200938628549,5,3,2,0.2,0,2,0,"{1: 125, 2: 58, 3: 58, 4: 35, 5: 22}","{1: 134, 2: 65, 3: 44, 4: 32, 5: 23}"
1.0,0.025,0.08,5,False,True,0.6611294417617976,-0.0001311166174353673,0.14555200938628549,5,3,2,0.2,0,2,0,"{1: 125, 2: 58, 3: 58, 4: 35, 5: 22}","{1: 134, 2: 65, 3: 44, 4: 32, 5: 23}"
1.0,0.025,0.08,5,True,True,0.6611294417617976,-0.0001311166174353673,0.14555200938628549,5,3,2,0.2,0,2,0,"{1: 125, 2: 58, 3: 58, 4: 35, 5: 22}","{1: 134, 2: 65, 3: 44, 4: 32, 5: 23}"
1.0,0.025,0.08,5,True,False,0.6611294417617976,-0.0001311166174353673,0.14555200938628549,5,3,2,0.2,0,2,0,"{1: 125, 2: 58, 3: 58, 4: 35, 5: 22}","{1: 134, 2: 65, 3: 44, 4: 32, 5: 23}"
1.0,0.025,0.08,5,False,False,0.6611294417617976,-0.0001311166174353673,0.1483452904420273,5,3,2,0.2,0,2,1,"{1: 125, 2: 58, 3: 58, 4: 35, 5: 22}","{1: 135, 2: 64, 3: 44, 4: 32, 5: 23}"
2.0,0.025,0.08,5,False,False,0.6611294417617976,-0.0001311166174353673,0.14890771408427203,5,3,2,0.2,0,3,1,"{1: 125, 2: 59, 3: 57, 4: 35, 5: 22}","{1: 135, 2: 64, 3: 44, 4: 32, 5: 23}"
2.0,0.025,0.08,5,False,True,0.6611294417617976,-0.0001311166174353673,0.14890771408427206,5,3,2,0.2,0,3,0,"{1: 125, 2: 59, 3: 57, 4: 35, 5: 22}","{1: 134, 2: 65, 3: 44, 4: 32, 5: 23}"
2.0,0.025,0.08,5,True,True,0.6611294417617976,-0.0001311166174353673,0.14890771408427206,5,3,2,0.2,0,3,0,"{1: 125, 2: 59, 3: 57, 4: 35, 5: 22}","{1: 134, 2: 65, 3: 44, 4: 32, 5: 23}"
2.0,0.025,0.08,5,True,False,0.6611294417617976,-0.0001311166174353673,0.14890771408427206,5,3,2,0.2,0,3,0,"{1: 125, 2: 59, 3: 57, 4: 35, 5: 22}","{1: 134, 2: 65, 3: 44, 4: 32, 5: 23}"
0.5,0.04,0.08,5,False,True,0.6611294417617976,-0.0001311166174353673,0.1517009951400139,5,3,2,0.2,0,2,3,"{1: 125, 2: 58, 3: 58, 4: 35, 5: 22}","{1: 136, 2: 64, 3: 43, 4: 32, 5: 23}"
0.5,0.04,0.08,5,True,True,0.6611294417617976,-0.0001311166174353673,0.1517009951400139,5,3,2,0.2,0,2,3,"{1: 125, 2: 58, 3: 58, 4: 35, 5: 22}","{1: 136, 2: 64, 3: 43, 4: 32, 5: 23}"
0.5,0.04,0.08,5,True,False,0.6611294417617976,-0.0001311166174353673,0.1517009951400139,5,3,2,0.2,0,2,3,"{1: 125, 2: 58, 3: 58, 4: 35, 5: 22}","{1: 136, 2: 64, 3: 43, 4: 32, 5: 23}"
1.0,0.04,0.08,5,False,True,0.6611294417617976,-0.0001311166174353673,0.1517009951400139,5,3,2,0.2,0,2,3,"{1: 125, 2: 58, 3: 58, 4: 35, 5: 22}","{1: 136, 2: 64, 3: 43, 4: 32, 5: 23}"
1.0,0.04,0.08,5,True,True,0.6611294417617976,-0.0001311166174353673,0.1517009951400139,5,3,2,0.2,0,2,3,"{1: 125, 2: 58, 3: 58, 4: 35, 5: 22}","{1: 136, 2: 64, 3: 43, 4: 32, 5: 23}"
1.0,0.04,0.08,5,True,False,0.6611294417617976,-0.0001311166174353673,0.1517009951400139,5,3,2,0.2,0,2,3,"{1: 125, 2: 58, 3: 58, 4: 35, 5: 22}","{1: 136, 2: 64, 3: 43, 4: 32, 5: 23}"
2.0,0.04,0.08,5,False,True,0.6611294417617976,-0.0001311166174353673,0.15226341878225863,5,3,2,0.2,0,3,3,"{1: 125, 2: 59, 3: 57, 4: 35, 5: 22}","{1: 136, 2: 64, 3: 43, 4: 32, 5: 23}"
2.0,0.04,0.08,5,True,True,0.6611294417617976,-0.0001311166174353673,0.15226341878225863,5,3,2,0.2,0,3,3,"{1: 125, 2: 59, 3: 57, 4: 35, 5: 22}","{1: 136, 2: 64, 3: 43, 4: 32, 5: 23}"
2.0,0.04,0.08,5,True,False,0.6611294417617976,-0.0001311166174353673,0.15226341878225863,5,3,2,0.2,0,3,3,"{1: 125, 2: 59, 3: 57, 4: 35, 5: 22}","{1: 136, 2: 64, 3: 43, 4: 32, 5: 23}"
0.5,0.025,0.06,5,False,True,0.6611294417617976,-0.0001311166174353673,0.1556191234802452,5,3,2,0.2,0,3,2,"{1: 125, 2: 59, 3: 57, 4: 35, 5: 22}","{1: 134, 2: 67, 3: 42, 4: 32, 5: 23}"
0.5,0.025,0.06,5,True,True,0.6611294417617976,-0.0001311166174353673,0.1556191234802452,5,3,2,0.2,0,3,2,"{1: 125, 2: 59, 3: 57, 4: 35, 5: 22}","{1: 134, 2: 67, 3: 42, 4: 32, 5: 23}"
0.5,0.025,0.06,5,True,False,0.6611294417617976,-0.0001311166174353673,0.1556191234802452,5,3,2,0.2,0,3,2,"{1: 125, 2: 59, 3: 57, 4: 35, 5: 22}","{1: 134, 2: 67, 3: 42, 4: 32, 5: 23}"
0.5,0.025,0.06,5,False,False,0.6611294417617976,-0.0001311166174353673,0.15897482817823178,5,3,2,0.2,0,4,4,"{1: 126, 2: 58, 3: 57, 4: 35, 5: 22}","{1: 135, 2: 67, 3: 41, 4: 32, 5: 23}"
1.0,0.015,0.08,4,False,True,0.6611003207127779,-0.0001602376664550098,0.14555200938628549,4,2,2,0.0,0,2,0,"{1: 125, 2: 58, 3: 58, 4: 35, 5: 22}","{1: 134, 2: 65, 3: 44, 4: 32, 5: 23}"
1.0,0.015,0.08,4,True,True,0.6611003207127779,-0.0001602376664550098,0.14555200938628549,4,2,2,0.0,0,2,0,"{1: 125, 2: 58, 3: 58, 4: 35, 5: 22}","{1: 134, 2: 65, 3: 44, 4: 32, 5: 23}"
1.0,0.015,0.08,4,True,False,0.6611003207127779,-0.0001602376664550098,0.14555200938628549,4,2,2,0.0,0,2,0,"{1: 125, 2: 58, 3: 58, 4: 35, 5: 22}","{1: 134, 2: 65, 3: 44, 4: 32, 5: 23}"
1.0,0.015,0.08,4,False,False,0.6611003207127779,-0.0001602376664550098,0.1483452904420273,4,2,2,0.0,0,2,1,"{1: 125, 2: 58, 3: 58, 4: 35, 5: 22}","{1: 135, 2: 64, 3: 44, 4: 32, 5: 23}"
2.0,0.08,0.14,4,False,True,0.6611003207127779,-0.0001602376664550098,0.1483452904420273,4,2,2,0.0,0,1,2,"{1: 124, 2: 59, 3: 58, 4: 35, 5: 22}","{1: 136, 2: 63, 3: 44, 4: 32, 5: 23}"
2.0,0.08,0.14,4,False,False,0.6611003207127779,-0.0001602376664550098,0.1483452904420273,4,2,2,0.0,0,1,2,"{1: 124, 2: 59, 3: 58, 4: 35, 5: 22}","{1: 136, 2: 63, 3: 44, 4: 32, 5: 23}"
2.0,0.08,0.14,4,True,True,0.6611003207127779,-0.0001602376664550098,0.1483452904420273,4,2,2,0.0,0,1,2,"{1: 124, 2: 59, 3: 58, 4: 35, 5: 22}","{1: 136, 2: 63, 3: 44, 4: 32, 5: 23}"
2.0,0.08,0.14,4,True,False,0.6611003207127779,-0.0001602376664550098,0.1483452904420273,4,2,2,0.0,0,1,2,"{1: 124, 2: 59, 3: 58, 4: 35, 5: 22}","{1: 136, 2: 63, 3: 44, 4: 32, 5: 23}"
1.0,0.04,0.1,4,False,False,0.6611003207127779,-0.0001602376664550098,0.14890771408427203,4,3,1,0.5,1,1,3,"{1: 124, 2: 59, 3: 58, 4: 35, 5: 22}","{1: 136, 2: 64, 3: 43, 4: 32, 5: 23}"
0.5,0.04,0.1,4,False,False,0.6611003207127779,-0.0001602376664550098,0.14890771408427206,4,3,1,0.5,1,0,3,"{1: 123, 2: 60, 3: 58, 4: 35, 5: 22}","{1: 136, 2: 64, 3: 43, 4: 32, 5: 23}"
2.0,0.04,0.1,4,False,False,0.6611003207127779,-0.0001602376664550098,0.1517009951400139,4,3,1,0.5,1,2,3,"{1: 125, 2: 58, 3: 58, 4: 35, 5: 22}","{1: 136, 2: 64, 3: 43, 4: 32, 5: 23}"
0.5,0.06,0.1,4,False,False,0.6611003207127779,-0.0001602376664550098,0.15226341878225863,4,3,1,0.5,1,3,4,"{1: 124, 2: 60, 3: 58, 4: 34, 5: 22}","{1: 137, 2: 63, 3: 43, 4: 32, 5: 23}"
2.0,0.08,0.1,4,False,True,0.6611003207127779,-0.0001602376664550098,0.15226341878225863,4,2,2,0.0,0,4,4,"{1: 125, 2: 59, 3: 58, 4: 34, 5: 22}","{1: 136, 2: 64, 3: 44, 4: 31, 5: 23}"
2.0,0.08,0.1,4,True,True,0.6611003207127779,-0.0001602376664550098,0.15226341878225863,4,2,2,0.0,0,4,4,"{1: 125, 2: 59, 3: 58, 4: 34, 5: 22}","{1: 136, 2: 64, 3: 44, 4: 31, 5: 23}"
2.0,0.08,0.1,4,True,False,0.6611003207127779,-0.0001602376664550098,0.15226341878225863,4,2,2,0.0,0,4,4,"{1: 125, 2: 59, 3: 58, 4: 34, 5: 22}","{1: 136, 2: 64, 3: 44, 4: 31, 5: 23}"
1.0,0.06,0.1,4,False,False,0.6611003207127779,-0.0001602376664550098,0.15505669983800044,4,3,1,0.5,1,4,4,"{1: 125, 2: 59, 3: 58, 4: 34, 5: 22}","{1: 137, 2: 63, 3: 43, 4: 32, 5: 23}"
2.0,0.06,0.08,4,False,True,0.6610968229643324,-0.00016373541490055654,0.1556191234802452,4,2,2,0.0,0,4,4,"{1: 124, 2: 61, 3: 57, 4: 34, 5: 22}","{1: 137, 2: 63, 3: 43, 4: 32, 5: 23}"
2.0,0.06,0.08,4,True,True,0.6610968229643324,-0.00016373541490055654,0.1556191234802452,4,2,2,0.0,0,4,4,"{1: 124, 2: 61, 3: 57, 4: 34, 5: 22}","{1: 137, 2: 63, 3: 43, 4: 32, 5: 23}"
2.0,0.06,0.08,4,True,False,0.6610968229643324,-0.00016373541490055654,0.1556191234802452,4,2,2,0.0,0,4,4,"{1: 124, 2: 61, 3: 57, 4: 34, 5: 22}","{1: 137, 2: 63, 3: 43, 4: 32, 5: 23}"
0.5,0.025,0.04,4,False,False,0.6610968229643324,-0.00016373541490055654,0.16568623757420492,4,2,2,0.0,1,4,4,"{1: 124, 2: 62, 3: 55, 4: 35, 5: 22}","{1: 134, 2: 68, 3: 42, 4: 31, 5: 23}"
1.0,0.025,0.04,4,False,False,0.6610968229643324,-0.00016373541490055654,0.16568623757420492,4,2,2,0.0,1,4,4,"{1: 124, 2: 62, 3: 55, 4: 35, 5: 22}","{1: 134, 2: 68, 3: 42, 4: 31, 5: 23}"
2.0,0.025,0.04,4,False,False,0.6610968229643324,-0.00016373541490055654,0.16568623757420492,4,2,2,0.0,1,4,4,"{1: 124, 2: 62, 3: 55, 4: 35, 5: 22}","{1: 134, 2: 68, 3: 42, 4: 31, 5: 23}"
1.0,0.025,0.1,6,False,True,0.6610946036662829,-0.00016595471295000053,0.14555200938628546,6,4,2,0.3333333333333333,0,1,0,"{1: 124, 2: 59, 3: 58, 4: 35, 5: 22}","{1: 134, 2: 65, 3: 44, 4: 32, 5: 23}"
1.0,0.025,0.1,6,False,False,0.6610946036662829,-0.00016595471295000053,0.14555200938628546,6,4,2,0.3333333333333333,0,1,0,"{1: 124, 2: 59, 3: 58, 4: 35, 5: 22}","{1: 134, 2: 65, 3: 44, 4: 32, 5: 23}"
1.0,0.025,0.1,6,True,True,0.6610946036662829,-0.00016595471295000053,0.14555200938628546,6,4,2,0.3333333333333333,0,1,0,"{1: 124, 2: 59, 3: 58, 4: 35, 5: 22}","{1: 134, 2: 65, 3: 44, 4: 32, 5: 23}"
1.0,0.025,0.1,6,True,False,0.6610946036662829,-0.00016595471295000053,0.14555200938628546,6,4,2,0.3333333333333333,0,1,0,"{1: 124, 2: 59, 3: 58, 4: 35, 5: 22}","{1: 134, 2: 65, 3: 44, 4: 32, 5: 23}"
1.0,0.025,0.1,8,False,True,0.6610946036662829,-0.00016595471295000053,0.14555200938628546,6,4,2,0.3333333333333333,0,1,0,"{1: 124, 2: 59, 3: 58, 4: 35, 5: 22}","{1: 134, 2: 65, 3: 44, 4: 32, 5: 23}"
1.0,0.025,0.1,8,True,True,0.6610946036662829,-0.00016595471295000053,0.14555200938628546,6,4,2,0.3333333333333333,0,1,0,"{1: 124, 2: 59, 3: 58, 4: 35, 5: 22}","{1: 134, 2: 65, 3: 44, 4: 32, 5: 23}"
1.0,0.025,0.1,8,True,False,0.6610946036662829,-0.00016595471295000053,0.14555200938628546,6,4,2,0.3333333333333333,0,1,0,"{1: 124, 2: 59, 3: 58, 4: 35, 5: 22}","{1: 134, 2: 65, 3: 44, 4: 32, 5: 23}"
1.0,0.025,0.1,10,False,True,0.6610946036662829,-0.00016595471295000053,0.14555200938628546,6,4,2,0.3333333333333333,0,1,0,"{1: 124, 2: 59, 3: 58, 4: 35, 5: 22}","{1: 134, 2: 65, 3: 44, 4: 32, 5: 23}"
1.0,0.025,0.1,10,True,True,0.6610946036662829,-0.00016595471295000053,0.14555200938628546,6,4,2,0.3333333333333333,0,1,0,"{1: 124, 2: 59, 3: 58, 4: 35, 5: 22}","{1: 134, 2: 65, 3: 44, 4: 32, 5: 23}"
1.0,0.025,0.1,10,True,False,0.6610946036662829,-0.00016595471295000053,0.14555200938628546,6,4,2,0.3333333333333333,0,1,0,"{1: 124, 2: 59, 3: 58, 4: 35, 5: 22}","{1: 134, 2: 65, 3: 44, 4: 32, 5: 23}"
1.0,0.025,0.1,12,False,True,0.6610946036662829,-0.00016595471295000053,0.14555200938628546,6,4,2,0.3333333333333333,0,1,0,"{1: 124, 2: 59, 3: 58, 4: 35, 5: 22}","{1: 134, 2: 65, 3: 44, 4: 32, 5: 23}"
1.0,0.025,0.1,12,True,True,0.6610946036662829,-0.00016595471295000053,0.14555200938628546,6,4,2,0.3333333333333333,0,1,0,"{1: 124, 2: 59, 3: 58, 4: 35, 5: 22}","{1: 134, 2: 65, 3: 44, 4: 32, 5: 23}"
1.0,0.025,0.1,12,True,False,0.6610946036662829,-0.00016595471295000053,0.14555200938628546,6,4,2,0.3333333333333333,0,1,0,"{1: 124, 2: 59, 3: 58, 4: 35, 5: 22}","{1: 134, 2: 65, 3: 44, 4: 32, 5: 23}"
0.5,0.025,0.1,6,False,True,0.6610946036662829,-0.00016595471295000053,0.14555200938628549,6,4,2,0.3333333333333333,0,0,0,"{1: 123, 2: 60, 3: 58, 4: 35, 5: 22}","{1: 134, 2: 65, 3: 44, 4: 32, 5: 23}"
0.5,0.025,0.1,6,False,False,0.6610946036662829,-0.00016595471295000053,0.14555200938628549,6,4,2,0.3333333333333333,0,0,0,"{1: 123, 2: 60, 3: 58, 4: 35, 5: 22}","{1: 134, 2: 65, 3: 44, 4: 32, 5: 23}"
0.5,0.025,0.1,6,True,True,0.6610946036662829,-0.00016595471295000053,0.14555200938628549,6,4,2,0.3333333333333333,0,0,0,"{1: 123, 2: 60, 3: 58, 4: 35, 5: 22}","{1: 134, 2: 65, 3: 44, 4: 32, 5: 23}"
0.5,0.025,0.1,6,True,False,0.6610946036662829,-0.00016595471295000053,0.14555200938628549,6,4,2,0.3333333333333333,0,0,0,"{1: 123, 2: 60, 3: 58, 4: 35, 5: 22}","{1: 134, 2: 65, 3: 44, 4: 32, 5: 23}"
0.5,0.025,0.1,8,False,True,0.6610946036662829,-0.00016595471295000053,0.14555200938628549,6,4,2,0.3333333333333333,0,0,0,"{1: 123, 2: 60, 3: 58, 4: 35, 5: 22}","{1: 134, 2: 65, 3: 44, 4: 32, 5: 23}"
0.5,0.025,0.1,8,True,True,0.6610946036662829,-0.00016595471295000053,0.14555200938628549,6,4,2,0.3333333333333333,0,0,0,"{1: 123, 2: 60, 3: 58, 4: 35, 5: 22}","{1: 134, 2: 65, 3: 44, 4: 32, 5: 23}"
0.5,0.025,0.1,8,True,False,0.6610946036662829,-0.00016595471295000053,0.14555200938628549,6,4,2,0.3333333333333333,0,0,0,"{1: 123, 2: 60, 3: 58, 4: 35, 5: 22}","{1: 134, 2: 65, 3: 44, 4: 32, 5: 23}"
0.5,0.025,0.1,10,False,True,0.6610946036662829,-0.00016595471295000053,0.14555200938628549,6,4,2,0.3333333333333333,0,0,0,"{1: 123, 2: 60, 3: 58, 4: 35, 5: 22}","{1: 134, 2: 65, 3: 44, 4: 32, 5: 23}"
0.5,0.025,0.1,10,True,True,0.6610946036662829,-0.00016595471295000053,0.14555200938628549,6,4,2,0.3333333333333333,0,0,0,"{1: 123, 2: 60, 3: 58, 4: 35, 5: 22}","{1: 134, 2: 65, 3: 44, 4: 32, 5: 23}"
0.5,0.025,0.1,10,True,False,0.6610946036662829,-0.00016595471295000053,0.14555200938628549,6,4,2,0.3333333333333333,0,0,0,"{1: 123, 2: 60, 3: 58, 4: 35, 5: 22}","{1: 134, 2: 65, 3: 44, 4: 32, 5: 23}"
0.5,0.025,0.1,12,False,True,0.6610946036662829,-0.00016595471295000053,0.14555200938628549,6,4,2,0.3333333333333333,0,0,0,"{1: 123, 2: 60, 3: 58, 4: 35, 5: 22}","{1: 134, 2: 65, 3: 44, 4: 32, 5: 23}"
0.5,0.025,0.1,12,True,True,0.6610946036662829,-0.00016595471295000053,0.14555200938628549,6,4,2,0.3333333333333333,0,0,0,"{1: 123, 2: 60, 3: 58, 4: 35, 5: 22}","{1: 134, 2: 65, 3: 44, 4: 32, 5: 23}"
0.5,0.025,0.1,12,True,False,0.6610946036662829,-0.00016595471295000053,0.14555200938628549,6,4,2,0.3333333333333333,0,0,0,"{1: 123, 2: 60, 3: 58, 4: 35, 5: 22}","{1: 134, 2: 65, 3: 44, 4: 32, 5: 23}"
2.0,0.025,0.1,6,False,True,0.6610946036662829,-0.00016595471295000053,0.14555200938628549,6,4,2,0.3333333333333333,0,2,0,"{1: 125, 2: 58, 3: 58, 4: 35, 5: 22}","{1: 134, 2: 65, 3: 44, 4: 32, 5: 23}"
2.0,0.025,0.1,6,False,False,0.6610946036662829,-0.00016595471295000053,0.14555200938628549,6,4,2,0.3333333333333333,0,2,0,"{1: 125, 2: 58, 3: 58, 4: 35, 5: 22}","{1: 134, 2: 65, 3: 44, 4: 32, 5: 23}"
2.0,0.025,0.1,6,True,True,0.6610946036662829,-0.00016595471295000053,0.14555200938628549,6,4,2,0.3333333333333333,0,2,0,"{1: 125, 2: 58, 3: 58, 4: 35, 5: 22}","{1: 134, 2: 65, 3: 44, 4: 32, 5: 23}"
2.0,0.025,0.1,6,True,False,0.6610946036662829,-0.00016595471295000053,0.14555200938628549,6,4,2,0.3333333333333333,0,2,0,"{1: 125, 2: 58, 3: 58, 4: 35, 5: 22}","{1: 134, 2: 65, 3: 44, 4: 32, 5: 23}"
2.0,0.025,0.1,8,False,True,0.6610946036662829,-0.00016595471295000053,0.14555200938628549,6,4,2,0.3333333333333333,0,2,0,"{1: 125, 2: 58, 3: 58, 4: 35, 5: 22}","{1: 134, 2: 65, 3: 44, 4: 32, 5: 23}"
2.0,0.025,0.1,8,True,True,0.6610946036662829,-0.00016595471295000053,0.14555200938628549,6,4,2,0.3333333333333333,0,2,0,"{1: 125, 2: 58, 3: 58, 4: 35, 5: 22}","{1: 134, 2: 65, 3: 44, 4: 32, 5: 23}"
2.0,0.025,0.1,8,True,False,0.6610946036662829,-0.00016595471295000053,0.14555200938628549,6,4,2,0.3333333333333333,0,2,0,"{1: 125, 2: 58, 3: 58, 4: 35, 5: 22}","{1: 134, 2: 65, 3: 44, 4: 32, 5: 23}"
2.0,0.025,0.1,10,False,True,0.6610946036662829,-0.00016595471295000053,0.14555200938628549,6,4,2,0.3333333333333333,0,2,0,"{1: 125, 2: 58, 3: 58, 4: 35, 5: 22}","{1: 134, 2: 65, 3: 44, 4: 32, 5: 23}"
2.0,0.025,0.1,10,True,True,0.6610946036662829,-0.00016595471295000053,0.14555200938628549,6,4,2,0.3333333333333333,0,2,0,"{1: 125, 2: 58, 3: 58, 4: 35, 5: 22}","{1: 134, 2: 65, 3: 44, 4: 32, 5: 23}"
2.0,0.025,0.1,10,True,False,0.6610946036662829,-0.00016595471295000053,0.14555200938628549,6,4,2,0.3333333333333333,0,2,0,"{1: 125, 2: 58, 3: 58, 4: 35, 5: 22}","{1: 134, 2: 65, 3: 44, 4: 32, 5: 23}"
2.0,0.025,0.1,12,False,True,0.6610946036662829,-0.00016595471295000053,0.14555200938628549,6,4,2,0.3333333333333333,0,2,0,"{1: 125, 2: 58, 3: 58, 4: 35, 5: 22}","{1: 134, 2: 65, 3: 44, 4: 32, 5: 23}"
2.0,0.025,0.1,12,True,True,0.6610946036662829,-0.00016595471295000053,0.14555200938628549,6,4,2,0.3333333333333333,0,2,0,"{1: 125, 2: 58, 3: 58, 4: 35, 5: 22}","{1: 134, 2: 65, 3: 44, 4: 32, 5: 23}"
2.0,0.025,0.1,12,True,False,0.6610946036662829,-0.00016595471295000053,0.14555200938628549,6,4,2,0.3333333333333333,0,2,0,"{1: 125, 2: 58, 3: 58, 4: 35, 5: 22}","{1: 134, 2: 65, 3: 44, 4: 32, 5: 23}"
0.5,0.08,0.04,4,False,False,0.6610933208173329,-0.00016723756190006878,0.14665801951529306,4,2,2,0.0,2,4,4,"{1: 123, 2: 60, 3: 58, 4: 39, 5: 18}","{1: 134, 2: 65, 3: 47, 4: 30, 5: 22}"
1.0,0.08,0.04,4,False,False,0.6610933208173329,-0.00016723756190006878,0.14665801951529306,4,2,2,0.0,2,4,4,"{1: 123, 2: 60, 3: 58, 4: 39, 5: 18}","{1: 134, 2: 65, 3: 47, 4: 30, 5: 22}"
2.0,0.08,0.04,4,False,False,0.6610933208173329,-0.00016723756190006878,0.14665801951529306,4,2,2,0.0,2,4,4,"{1: 123, 2: 60, 3: 58, 4: 39, 5: 18}","{1: 134, 2: 65, 3: 47, 4: 30, 5: 22}"
0.5,0.06,0.04,4,False,False,0.6610933208173329,-0.00016723756190006878,0.15001372421327963,4,2,2,0.0,2,4,4,"{1: 123, 2: 60, 3: 60, 4: 35, 5: 20}","{1: 134, 2: 66, 3: 45, 4: 31, 5: 22}"
1.0,0.06,0.04,4,False,False,0.6610933208173329,-0.00016723756190006878,0.15001372421327963,4,2,2,0.0,2,4,4,"{1: 123, 2: 60, 3: 60, 4: 35, 5: 20}","{1: 134, 2: 66, 3: 45, 4: 31, 5: 22}"
2.0,0.06,0.04,4,False,False,0.6610933208173329,-0.00016723756190006878,0.15001372421327963,4,2,2,0.0,2,4,4,"{1: 123, 2: 60, 3: 60, 4: 35, 5: 20}","{1: 134, 2: 66, 3: 45, 4: 31, 5: 22}"
2.0,0.06,0.06,4,False,False,0.6610933208173329,-0.00016723756190006878,0.15001372421327963,4,2,2,0.0,2,4,4,"{1: 123, 2: 60, 3: 60, 4: 35, 5: 20}","{1: 134, 2: 66, 3: 45, 4: 31, 5: 22}"
2.0,0.08,0.06,4,False,False,0.6610933208173329,-0.00016723756190006878,0.15001372421327963,4,2,2,0.0,2,4,4,"{1: 123, 2: 60, 3: 59, 4: 37, 5: 19}","{1: 134, 2: 65, 3: 47, 4: 30, 5: 22}"
1.0,0.06,0.06,4,False,False,0.6610933208173329,-0.00016723756190006878,0.15226341878225863,4,2,2,0.0,2,4,4,"{1: 123, 2: 60, 3: 60, 4: 35, 5: 20}","{1: 134, 2: 67, 3: 44, 4: 30, 5: 23}"
1.0,0.08,0.06,4,False,False,0.6610933208173329,-0.00016723756190006878,0.15336942891126623,4,2,2,0.0,2,4,4,"{1: 123, 2: 60, 3: 59, 4: 37, 5: 19}","{1: 134, 2: 65, 3: 48, 4: 28, 5: 23}"
0.5,0.06,0.06,4,False,False,0.6610933208173329,-0.00016723756190006878,0.1556191234802452,4,2,2,0.0,2,4,4,"{1: 123, 2: 60, 3: 61, 4: 33, 5: 21}","{1: 134, 2: 68, 3: 42, 4: 31, 5: 23}"
0.5,0.08,0.06,4,False,False,0.6610933208173329,-0.00016723756190006878,0.15672513360925278,4,2,2,0.0,2,4,4,"{1: 123, 2: 60, 3: 61, 4: 33, 5: 21}","{1: 134, 2: 66, 3: 46, 4: 29, 5: 23}"
1.0,0.04,0.1,6,False,False,0.6610911044290051,-0.00016945395022782694,0.14890771408427203,6,4,2,0.3333333333333333,1,1,3,"{1: 124, 2: 59, 3: 58, 4: 35, 5: 22}","{1: 136, 2: 64, 3: 43, 4: 32, 5: 23}"
0.5,0.04,0.1,6,False,False,0.6610911044290051,-0.00016945395022782694,0.14890771408427206,6,4,2,0.3333333333333333,1,0,3,"{1: 123, 2: 60, 3: 58, 4: 35, 5: 22}","{1: 136, 2: 64, 3: 43, 4: 32, 5: 23}"
2.0,0.04,0.1,6,False,False,0.6610911044290051,-0.00016945395022782694,0.1517009951400139,6,4,2,0.3333333333333333,1,2,3,"{1: 125, 2: 58, 3: 58, 4: 35, 5: 22}","{1: 136, 2: 64, 3: 43, 4: 32, 5: 23}"
0.5,0.08,0.1,6,False,True,0.6610911044290051,-0.00016945395022782694,0.15505669983800044,6,3,3,0.0,0,4,4,"{1: 125, 2: 59, 3: 58, 4: 34, 5: 22}","{1: 137, 2: 63, 3: 43, 4: 32, 5: 23}"
0.5,0.08,0.1,6,True,True,0.6610911044290051,-0.00016945395022782694,0.15505669983800044,6,3,3,0.0,0,4,4,"{1: 125, 2: 59, 3: 58, 4: 34, 5: 22}","{1: 137, 2: 63, 3: 43, 4: 32, 5: 23}"
0.5,0.08,0.1,6,True,False,0.6610911044290051,-0.00016945395022782694,0.15505669983800044,6,3,3,0.0,0,4,4,"{1: 125, 2: 59, 3: 58, 4: 34, 5: 22}","{1: 137, 2: 63, 3: 43, 4: 32, 5: 23}"
1.0,0.08,0.1,6,False,True,0.6610911044290051,-0.00016945395022782694,0.15841240453598704,6,3,3,0.0,0,5,5,"{1: 126, 2: 58, 3: 58, 4: 34, 5: 22}","{1: 137, 2: 63, 3: 44, 4: 31, 5: 23}"
1.0,0.08,0.1,6,True,True,0.6610911044290051,-0.00016945395022782694,0.15841240453598704,6,3,3,0.0,0,5,5,"{1: 126, 2: 58, 3: 58, 4: 34, 5: 22}","{1: 137, 2: 63, 3: 44, 4: 31, 5: 23}"
1.0,0.08,0.1,6,True,False,0.6610911044290051,-0.00016945395022782694,0.15841240453598704,6,3,3,0.0,0,5,5,"{1: 126, 2: 58, 3: 58, 4: 34, 5: 22}","{1: 137, 2: 63, 3: 44, 4: 31, 5: 23}"
2.0,0.08,0.1,6,False,True,0.6610911044290051,-0.00016945395022782694,0.1617681092339737,6,3,3,0.0,0,6,5,"{1: 127, 2: 57, 3: 58, 4: 34, 5: 22}","{1: 137, 2: 63, 3: 44, 4: 31, 5: 23}"
2.0,0.08,0.1,6,True,True,0.6610911044290051,-0.00016945395022782694,0.1617681092339737,6,3,3,0.0,0,6,5,"{1: 127, 2: 57, 3: 58, 4: 34, 5: 22}","{1: 137, 2: 63, 3: 44, 4: 31, 5: 23}"
2.0,0.08,0.1,6,True,False,0.6610911044290051,-0.00016945395022782694,0.1617681092339737,6,3,3,0.0,0,6,5,"{1: 127, 2: 57, 3: 58, 4: 34, 5: 22}","{1: 137, 2: 63, 3: 44, 4: 31, 5: 23}"
2.0,0.04,0.08,6,False,False,0.6610876007939467,-0.0001729575852862375,0.15505669983800044,6,4,2,0.3333333333333333,2,4,4,"{1: 125, 2: 59, 3: 58, 4: 34, 5: 22}","{1: 137, 2: 63, 3: 43, 4: 32, 5: 23}"
0.5,0.06,0.1,8,False,True,0.6610853927609669,-0.0001751656182660266,0.15226341878225863,8,4,4,0.0,0,3,4,"{1: 124, 2: 60, 3: 58, 4: 34, 5: 22}","{1: 137, 2: 63, 3: 43, 4: 32, 5: 23}"
0.5,0.06,0.1,8,True,True,0.6610853927609669,-0.0001751656182660266,0.15226341878225863,8,4,4,0.0,0,3,4,"{1: 124, 2: 60, 3: 58, 4: 34, 5: 22}","{1: 137, 2: 63, 3: 43, 4: 32, 5: 23}"
0.5,0.06,0.1,8,True,False,0.6610853927609669,-0.0001751656182660266,0.15226341878225863,8,4,4,0.0,0,3,4,"{1: 124, 2: 60, 3: 58, 4: 34, 5: 22}","{1: 137, 2: 63, 3: 43, 4: 32, 5: 23}"
1.0,0.06,0.1,8,False,True,0.6610853927609669,-0.0001751656182660266,0.15505669983800044,8,4,4,0.0,0,4,4,"{1: 125, 2: 59, 3: 58, 4: 34, 5: 22}","{1: 137, 2: 63, 3: 43, 4: 32, 5: 23}"
1.0,0.06,0.1,8,True,True,0.6610853927609669,-0.0001751656182660266,0.15505669983800044,8,4,4,0.0,0,4,4,"{1: 125, 2: 59, 3: 58, 4: 34, 5: 22}","{1: 137, 2: 63, 3: 43, 4: 32, 5: 23}"
1.0,0.06,0.1,8,True,False,0.6610853927609669,-0.0001751656182660266,0.15505669983800044,8,4,4,0.0,0,4,4,"{1: 125, 2: 59, 3: 58, 4: 34, 5: 22}","{1: 137, 2: 63, 3: 43, 4: 32, 5: 23}"
2.0,0.06,0.1,8,False,True,0.6610853927609669,-0.0001751656182660266,0.15841240453598704,8,4,4,0.0,0,5,4,"{1: 126, 2: 58, 3: 58, 4: 34, 5: 22}","{1: 137, 2: 63, 3: 43, 4: 32, 5: 23}"
2.0,0.06,0.1,8,True,True,0.6610853927609669,-0.0001751656182660266,0.15841240453598704,8,4,4,0.0,0,5,4,"{1: 126, 2: 58, 3: 58, 4: 34, 5: 22}","{1: 137, 2: 63, 3: 43, 4: 32, 5: 23}"
2.0,0.06,0.1,8,True,False,0.6610853927609669,-0.0001751656182660266,0.15841240453598704,8,4,4,0.0,0,5,4,"{1: 126, 2: 58, 3: 58, 4: 34, 5: 22}","{1: 137, 2: 63, 3: 43, 4: 32, 5: 23}"
0.5,0.06,0.1,8,False,False,0.6610818876439503,-0.00017867073528265998,0.15226341878225863,8,5,3,0.25,2,3,4,"{1: 124, 2: 60, 3: 58, 4: 34, 5: 22}","{1: 137, 2: 63, 3: 43, 4: 32, 5: 23}"
0.5,0.08,0.1,8,False,True,0.6610818876439503,-0.00017867073528265998,0.15505669983800044,8,4,4,0.0,0,4,4,"{1: 125, 2: 59, 3: 58, 4: 34, 5: 22}","{1: 137, 2: 63, 3: 43, 4: 32, 5: 23}"
0.5,0.08,0.1,8,True,True,0.6610818876439503,-0.00017867073528265998,0.15505669983800044,8,4,4,0.0,0,4,4,"{1: 125, 2: 59, 3: 58, 4: 34, 5: 22}","{1: 137, 2: 63, 3: 43, 4: 32, 5: 23}"
0.5,0.08,0.1,8,True,False,0.6610818876439503,-0.00017867073528265998,0.15505669983800044,8,4,4,0.0,0,4,4,"{1: 125, 2: 59, 3: 58, 4: 34, 5: 22}","{1: 137, 2: 63, 3: 43, 4: 32, 5: 23}"
1.0,0.06,0.1,8,False,False,0.6610818876439503,-0.00017867073528265998,0.15505669983800044,8,5,3,0.25,2,4,4,"{1: 125, 2: 59, 3: 58, 4: 34, 5: 22}","{1: 137, 2: 63, 3: 43, 4: 32, 5: 23}"
1.0,0.08,0.1,8,False,True,0.6610818876439503,-0.00017867073528265998,0.15841240453598704,8,4,4,0.0,0,5,5,"{1: 126, 2: 58, 3: 58, 4: 34, 5: 22}","{1: 137, 2: 63, 3: 44, 4: 31, 5: 23}"
1.0,0.08,0.1,8,True,True,0.6610818876439503,-0.00017867073528265998,0.15841240453598704,8,4,4,0.0,0,5,5,"{1: 126, 2: 58, 3: 58, 4: 34, 5: 22}","{1: 137, 2: 63, 3: 44, 4: 31, 5: 23}"
1.0,0.08,0.1,8,True,False,0.6610818876439503,-0.00017867073528265998,0.15841240453598704,8,4,4,0.0,0,5,5,"{1: 126, 2: 58, 3: 58, 4: 34, 5: 22}","{1: 137, 2: 63, 3: 44, 4: 31, 5: 23}"
2.0,0.06,0.1,8,False,False,0.6610818876439503,-0.00017867073528265998,0.15841240453598704,8,5,3,0.25,2,5,4,"{1: 126, 2: 58, 3: 58, 4: 34, 5: 22}","{1: 137, 2: 63, 3: 43, 4: 32, 5: 23}"
2.0,0.08,0.1,8,False,True,0.6610818876439503,-0.00017867073528265998,0.1617681092339737,8,4,4,0.0,0,6,5,"{1: 127, 2: 57, 3: 58, 4: 34, 5: 22}","{1: 137, 2: 63, 3: 44, 4: 31, 5: 23}"
2.0,0.08,0.1,8,True,True,0.6610818876439503,-0.00017867073528265998,0.1617681092339737,8,4,4,0.0,0,6,5,"{1: 127, 2: 57, 3: 58, 4: 34, 5: 22}","{1: 137, 2: 63, 3: 44, 4: 31, 5: 23}"
2.0,0.08,0.1,8,True,False,0.6610818876439503,-0.00017867073528265998,0.1617681092339737,8,4,4,0.0,0,6,5,"{1: 127, 2: 57, 3: 58, 4: 34, 5: 22}","{1: 137, 2: 63, 3: 44, 4: 31, 5: 23}"
2.0,0.04,0.08,8,False,False,0.6610783781216434,-0.00018218025758953704,0.15505669983800044,8,5,3,0.25,2,4,4,"{1: 125, 2: 59, 3: 58, 4: 34, 5: 22}","{1: 137, 2: 63, 3: 43, 4: 32, 5: 23}"
0.5,0.04,0.08,10,False,False,0.6610726703575722,-0.00018788802166069818,0.1517009951400139,10,6,4,0.2,2,3,3,"{1: 125, 2: 58, 3: 59, 4: 34, 5: 22}","{1: 136, 2: 64, 3: 43, 4: 32, 5: 23}"
1.0,0.04,0.1,3,False,True,0.6610712126443992,-0.00018934573483375683,0.14890771408427203,3,2,1,0.3333333333333333,0,1,3,"{1: 124, 2: 59, 3: 58, 4: 35, 5: 22}","{1: 136, 2: 64, 3: 43, 4: 32, 5: 23}"
1.0,0.04,0.1,3,True,True,0.6610712126443992,-0.00018934573483375683,0.14890771408427203,3,2,1,0.3333333333333333,0,1,3,"{1: 124, 2: 59, 3: 58, 4: 35, 5: 22}","{1: 136, 2: 64, 3: 43, 4: 32, 5: 23}"
1.0,0.04,0.1,3,True,False,0.6610712126443992,-0.00018934573483375683,0.14890771408427203,3,2,1,0.3333333333333333,0,1,3,"{1: 124, 2: 59, 3: 58, 4: 35, 5: 22}","{1: 136, 2: 64, 3: 43, 4: 32, 5: 23}"
0.5,0.04,0.1,3,False,True,0.6610712126443992,-0.00018934573483375683,0.14890771408427206,3,2,1,0.3333333333333333,0,0,3,"{1: 123, 2: 60, 3: 58, 4: 35, 5: 22}","{1: 136, 2: 64, 3: 43, 4: 32, 5: 23}"
0.5,0.04,0.1,3,True,True,0.6610712126443992,-0.00018934573483375683,0.14890771408427206,3,2,1,0.3333333333333333,0,0,3,"{1: 123, 2: 60, 3: 58, 4: 35, 5: 22}","{1: 136, 2: 64, 3: 43, 4: 32, 5: 23}"
0.5,0.04,0.1,3,True,False,0.6610712126443992,-0.00018934573483375683,0.14890771408427206,3,2,1,0.3333333333333333,0,0,3,"{1: 123, 2: 60, 3: 58, 4: 35, 5: 22}","{1: 136, 2: 64, 3: 43, 4: 32, 5: 23}"
2.0,0.04,0.1,3,False,True,0.6610712126443992,-0.00018934573483375683,0.1517009951400139,3,2,1,0.3333333333333333,0,2,3,"{1: 125, 2: 58, 3: 58, 4: 35, 5: 22}","{1: 136, 2: 64, 3: 43, 4: 32, 5: 23}"
2.0,0.04,0.1,3,True,True,0.6610712126443992,-0.00018934573483375683,0.1517009951400139,3,2,1,0.3333333333333333,0,2,3,"{1: 125, 2: 58, 3: 58, 4: 35, 5: 22}","{1: 136, 2: 64, 3: 43, 4: 32, 5: 23}"
2.0,0.04,0.1,3,True,False,0.6610712126443992,-0.00018934573483375683,0.1517009951400139,3,2,1,0.3333333333333333,0,2,3,"{1: 125, 2: 58, 3: 58, 4: 35, 5: 22}","{1: 136, 2: 64, 3: 43, 4: 32, 5: 23}"
0.5,0.06,0.1,3,False,True,0.6610712126443992,-0.00018934573483375683,0.1522634187822586,3,2,1,0.3333333333333333,0,3,3,"{1: 124, 2: 60, 3: 58, 4: 34, 5: 22}","{1: 136, 2: 64, 3: 43, 4: 32, 5: 23}"
0.5,0.06,0.1,3,True,True,0.6610712126443992,-0.00018934573483375683,0.1522634187822586,3,2,1,0.3333333333333333,0,3,3,"{1: 124, 2: 60, 3: 58, 4: 34, 5: 22}","{1: 136, 2: 64, 3: 43, 4: 32, 5: 23}"
0.5,0.06,0.1,3,True,False,0.6610712126443992,-0.00018934573483375683,0.1522634187822586,3,2,1,0.3333333333333333,0,3,3,"{1: 124, 2: 60, 3: 58, 4: 34, 5: 22}","{1: 136, 2: 64, 3: 43, 4: 32, 5: 23}"
1.0,0.06,0.1,3,False,True,0.6610712126443992,-0.00018934573483375683,0.1522634187822586,3,2,1,0.3333333333333333,0,3,3,"{1: 124, 2: 60, 3: 58, 4: 34, 5: 22}","{1: 136, 2: 64, 3: 43, 4: 32, 5: 23}"
1.0,0.06,0.1,3,True,True,0.6610712126443992,-0.00018934573483375683,0.1522634187822586,3,2,1,0.3333333333333333,0,3,3,"{1: 124, 2: 60, 3: 58, 4: 34, 5: 22}","{1: 136, 2: 64, 3: 43, 4: 32, 5: 23}"
1.0,0.06,0.1,3,True,False,0.6610712126443992,-0.00018934573483375683,0.1522634187822586,3,2,1,0.3333333333333333,0,3,3,"{1: 124, 2: 60, 3: 58, 4: 34, 5: 22}","{1: 136, 2: 64, 3: 43, 4: 32, 5: 23}"
0.5,0.04,0.04,3,False,False,0.6610676973893186,-0.0001928609899143341,0.14890771408427206,3,2,1,0.3333333333333333,1,3,3,"{1: 123, 2: 61, 3: 58, 4: 35, 5: 21}","{1: 134, 2: 65, 3: 46, 4: 31, 5: 22}"
1.0,0.04,0.04,3,False,False,0.6610676973893186,-0.0001928609899143341,0.14890771408427206,3,2,1,0.3333333333333333,1,3,3,"{1: 123, 2: 61, 3: 58, 4: 35, 5: 21}","{1: 134, 2: 65, 3: 46, 4: 31, 5: 22}"
2.0,0.04,0.04,3,False,False,0.6610676973893186,-0.0001928609899143341,0.14890771408427206,3,2,1,0.3333333333333333,1,3,3,"{1: 123, 2: 61, 3: 58, 4: 35, 5: 21}","{1: 134, 2: 65, 3: 46, 4: 31, 5: 22}"
2.0,0.04,0.06,3,False,False,0.6610676973893186,-0.0001928609899143341,0.14890771408427206,3,2,1,0.3333333333333333,1,3,3,"{1: 123, 2: 61, 3: 58, 4: 35, 5: 21}","{1: 134, 2: 65, 3: 46, 4: 31, 5: 22}"
0.5,0.04,0.08,3,False,False,0.6610676973893186,-0.0001928609899143341,0.1517009951400139,3,2,1,0.3333333333333333,1,3,3,"{1: 125, 2: 58, 3: 59, 4: 34, 5: 22}","{1: 136, 2: 64, 3: 43, 4: 32, 5: 23}"
1.0,0.04,0.08,3,False,False,0.6610676973893186,-0.0001928609899143341,0.1517009951400139,3,2,1,0.3333333333333333,1,3,3,"{1: 125, 2: 58, 3: 59, 4: 34, 5: 22}","{1: 136, 2: 64, 3: 43, 4: 32, 5: 23}"
2.0,0.04,0.08,3,False,False,0.6610676973893186,-0.0001928609899143341,0.1522634187822586,3,2,1,0.3333333333333333,1,3,3,"{1: 124, 2: 60, 3: 58, 4: 34, 5: 22}","{1: 136, 2: 64, 3: 43, 4: 32, 5: 23}"
0.5,0.06,0.08,3,False,False,0.6610676973893186,-0.0001928609899143341,0.15226341878225863,3,2,1,0.3333333333333333,1,3,3,"{1: 123, 2: 61, 3: 59, 4: 33, 5: 22}","{1: 136, 2: 64, 3: 43, 4: 32, 5: 23}"
1.0,0.04,0.06,3,False,False,0.6610676973893186,-0.0001928609899143341,0.15226341878225863,3,2,1,0.3333333333333333,1,3,3,"{1: 123, 2: 61, 3: 58, 4: 35, 5: 21}","{1: 134, 2: 66, 3: 45, 4: 30, 5: 23}"
0.5,0.04,0.06,3,False,False,0.6610676973893186,-0.0001928609899143341,0.1556191234802452,3,2,1,0.3333333333333333,1,3,3,"{1: 124, 2: 60, 3: 58, 4: 34, 5: 22}","{1: 134, 2: 67, 3: 43, 4: 31, 5: 23}"
2.0,0.025,0.08,12,False,False,0.6610669694482276,-0.00019358893100529517,0.14890771408427203,12,6,6,0.0,2,3,1,"{1: 125, 2: 59, 3: 57, 4: 35, 5: 22}","{1: 135, 2: 64, 3: 44, 4: 32, 5: 23}"
0.5,0.04,0.04,10,False,False,0.661065635116065,-0.0001949232631679454,0.17910905636615124,10,6,4,0.2,3,9,10,"{1: 126, 2: 61, 3: 55, 4: 35, 5: 21}","{1: 135, 2: 70, 3: 40, 4: 31, 5: 22}"
2.0,0.08,0.14,5,False,True,0.6610619976233415,-0.0001985607558914193,0.1483452904420273,5,2,3,-0.2,0,1,2,"{1: 124, 2: 59, 3: 58, 4: 35, 5: 22}","{1: 136, 2: 63, 3: 44, 4: 32, 5: 23}"
2.0,0.08,0.14,5,False,False,0.6610619976233415,-0.0001985607558914193,0.1483452904420273,5,2,3,-0.2,0,1,2,"{1: 124, 2: 59, 3: 58, 4: 35, 5: 22}","{1: 136, 2: 63, 3: 44, 4: 32, 5: 23}"
2.0,0.08,0.14,5,True,True,0.6610619976233415,-0.0001985607558914193,0.1483452904420273,5,2,3,-0.2,0,1,2,"{1: 124, 2: 59, 3: 58, 4: 35, 5: 22}","{1: 136, 2: 63, 3: 44, 4: 32, 5: 23}"
2.0,0.08,0.14,5,True,False,0.6610619976233415,-0.0001985607558914193,0.1483452904420273,5,2,3,-0.2,0,1,2,"{1: 124, 2: 59, 3: 58, 4: 35, 5: 22}","{1: 136, 2: 63, 3: 44, 4: 32, 5: 23}"
1.0,0.04,0.1,5,False,True,0.6610619976233415,-0.0001985607558914193,0.14890771408427203,5,3,2,0.2,0,1,3,"{1: 124, 2: 59, 3: 58, 4: 35, 5: 22}","{1: 136, 2: 64, 3: 43, 4: 32, 5: 23}"
1.0,0.04,0.1,5,True,True,0.6610619976233415,-0.0001985607558914193,0.14890771408427203,5,3,2,0.2,0,1,3,"{1: 124, 2: 59, 3: 58, 4: 35, 5: 22}","{1: 136, 2: 64, 3: 43, 4: 32, 5: 23}"
1.0,0.04,0.1,5,True,False,0.6610619976233415,-0.0001985607558914193,0.14890771408427203,5,3,2,0.2,0,1,3,"{1: 124, 2: 59, 3: 58, 4: 35, 5: 22}","{1: 136, 2: 64, 3: 43, 4: 32, 5: 23}"
0.5,0.04,0.1,5,False,True,0.6610619976233415,-0.0001985607558914193,0.14890771408427206,5,3,2,0.2,0,0,3,"{1: 123, 2: 60, 3: 58, 4: 35, 5: 22}","{1: 136, 2: 64, 3: 43, 4: 32, 5: 23}"
0.5,0.04,0.1,5,True,True,0.6610619976233415,-0.0001985607558914193,0.14890771408427206,5,3,2,0.2,0,0,3,"{1: 123, 2: 60, 3: 58, 4: 35, 5: 22}","{1: 136, 2: 64, 3: 43, 4: 32, 5: 23}"
0.5,0.04,0.1,5,True,False,0.6610619976233415,-0.0001985607558914193,0.14890771408427206,5,3,2,0.2,0,0,3,"{1: 123, 2: 60, 3: 58, 4: 35, 5: 22}","{1: 136, 2: 64, 3: 43, 4: 32, 5: 23}"
2.0,0.04,0.1,5,False,True,0.6610619976233415,-0.0001985607558914193,0.1517009951400139,5,3,2,0.2,0,2,3,"{1: 125, 2: 58, 3: 58, 4: 35, 5: 22}","{1: 136, 2: 64, 3: 43, 4: 32, 5: 23}"
2.0,0.04,0.1,5,True,True,0.6610619976233415,-0.0001985607558914193,0.1517009951400139,5,3,2,0.2,0,2,3,"{1: 125, 2: 58, 3: 58, 4: 35, 5: 22}","{1: 136, 2: 64, 3: 43, 4: 32, 5: 23}"
2.0,0.04,0.1,5,True,False,0.6610619976233415,-0.0001985607558914193,0.1517009951400139,5,3,2,0.2,0,2,3,"{1: 125, 2: 58, 3: 58, 4: 35, 5: 22}","{1: 136, 2: 64, 3: 43, 4: 32, 5: 23}"
2.0,0.08,0.1,4,False,False,0.6610293651603165,-0.00023119321891640343,0.15226341878225863,4,2,2,0.0,1,4,4,"{1: 125, 2: 59, 3: 58, 4: 34, 5: 22}","{1: 136, 2: 64, 3: 44, 4: 31, 5: 23}"
1.0,0.08,0.08,4,False,True,0.6610258220831031,-0.00023473629612980051,0.15226341878225863,4,2,2,0.0,0,4,4,"{1: 125, 2: 59, 3: 58, 4: 34, 5: 22}","{1: 135, 2: 65, 3: 45, 4: 30, 5: 23}"
1.0,0.08,0.08,4,True,True,0.6610258220831031,-0.00023473629612980051,0.15226341878225863,4,2,2,0.0,0,4,4,"{1: 125, 2: 59, 3: 58, 4: 34, 5: 22}","{1: 135, 2: 65, 3: 45, 4: 30, 5: 23}"
1.0,0.08,0.08,4,True,False,0.6610258220831031,-0.00023473629612980051,0.15226341878225863,4,2,2,0.0,0,4,4,"{1: 125, 2: 59, 3: 58, 4: 34, 5: 22}","{1: 135, 2: 65, 3: 45, 4: 30, 5: 23}"
2.0,0.08,0.08,4,False,True,0.6610258220831031,-0.00023473629612980051,0.1556191234802452,4,2,2,0.0,0,4,4,"{1: 123, 2: 62, 3: 58, 4: 33, 5: 22}","{1: 135, 2: 65, 3: 45, 4: 30, 5: 23}"
2.0,0.08,0.08,4,True,True,0.6610258220831031,-0.00023473629612980051,0.1556191234802452,4,2,2,0.0,0,4,4,"{1: 123, 2: 62, 3: 58, 4: 33, 5: 22}","{1: 135, 2: 65, 3: 45, 4: 30, 5: 23}"
2.0,0.08,0.08,4,True,False,0.6610258220831031,-0.00023473629612980051,0.1556191234802452,4,2,2,0.0,0,4,4,"{1: 123, 2: 62, 3: 58, 4: 33, 5: 22}","{1: 135, 2: 65, 3: 45, 4: 30, 5: 23}"
1.0,0.04,0.1,6,False,True,0.6610236895299572,-0.00023686884927576202,0.14890771408427203,6,3,3,0.0,0,1,3,"{1: 124, 2: 59, 3: 58, 4: 35, 5: 22}","{1: 136, 2: 64, 3: 43, 4: 32, 5: 23}"
1.0,0.04,0.1,6,True,True,0.6610236895299572,-0.00023686884927576202,0.14890771408427203,6,3,3,0.0,0,1,3,"{1: 124, 2: 59, 3: 58, 4: 35, 5: 22}","{1: 136, 2: 64, 3: 43, 4: 32, 5: 23}"
1.0,0.04,0.1,6,True,False,0.6610236895299572,-0.00023686884927576202,0.14890771408427203,6,3,3,0.0,0,1,3,"{1: 124, 2: 59, 3: 58, 4: 35, 5: 22}","{1: 136, 2: 64, 3: 43, 4: 32, 5: 23}"
0.5,0.04,0.1,6,False,True,0.6610236895299572,-0.00023686884927576202,0.14890771408427206,6,3,3,0.0,0,0,3,"{1: 123, 2: 60, 3: 58, 4: 35, 5: 22}","{1: 136, 2: 64, 3: 43, 4: 32, 5: 23}"
0.5,0.04,0.1,6,True,True,0.6610236895299572,-0.00023686884927576202,0.14890771408427206,6,3,3,0.0,0,0,3,"{1: 123, 2: 60, 3: 58, 4: 35, 5: 22}","{1: 136, 2: 64, 3: 43, 4: 32, 5: 23}"
0.5,0.04,0.1,6,True,False,0.6610236895299572,-0.00023686884927576202,0.14890771408427206,6,3,3,0.0,0,0,3,"{1: 123, 2: 60, 3: 58, 4: 35, 5: 22}","{1: 136, 2: 64, 3: 43, 4: 32, 5: 23}"
2.0,0.04,0.1,6,False,True,0.6610236895299572,-0.00023686884927576202,0.1517009951400139,6,3,3,0.0,0,2,3,"{1: 125, 2: 58, 3: 58, 4: 35, 5: 22}","{1: 136, 2: 64, 3: 43, 4: 32, 5: 23}"
2.0,0.04,0.1,6,True,True,0.6610236895299572,-0.00023686884927576202,0.1517009951400139,6,3,3,0.0,0,2,3,"{1: 125, 2: 58, 3: 58, 4: 35, 5: 22}","{1: 136, 2: 64, 3: 43, 4: 32, 5: 23}"
2.0,0.04,0.1,6,True,False,0.6610236895299572,-0.00023686884927576202,0.1517009951400139,6,3,3,0.0,0,2,3,"{1: 125, 2: 58, 3: 58, 4: 35, 5: 22}","{1: 136, 2: 64, 3: 43, 4: 32, 5: 23}"
0.5,0.06,0.08,6,False,True,0.6610201450168538,-0.0002404133623791216,0.15841240453598704,6,3,3,0.0,0,5,4,"{1: 126, 2: 58, 3: 58, 4: 34, 5: 22}","{1: 137, 2: 63, 3: 43, 4: 32, 5: 23}"
0.5,0.06,0.08,6,True,True,0.6610201450168538,-0.0002404133623791216,0.15841240453598704,6,3,3,0.0,0,5,4,"{1: 126, 2: 58, 3: 58, 4: 34, 5: 22}","{1: 137, 2: 63, 3: 43, 4: 32, 5: 23}"
0.5,0.06,0.08,6,True,False,0.6610201450168538,-0.0002404133623791216,0.15841240453598704,6,3,3,0.0,0,5,4,"{1: 126, 2: 58, 3: 58, 4: 34, 5: 22}","{1: 137, 2: 63, 3: 43, 4: 32, 5: 23}"
1.0,0.025,0.1,8,False,False,0.6610180207125124,-0.00024253766672055477,0.14555200938628546,8,4,4,0.0,2,1,0,"{1: 124, 2: 59, 3: 58, 4: 35, 5: 22}","{1: 134, 2: 65, 3: 44, 4: 32, 5: 23}"
0.5,0.025,0.1,8,False,False,0.6610180207125124,-0.00024253766672055477,0.14555200938628549,8,4,4,0.0,2,0,0,"{1: 123, 2: 60, 3: 58, 4: 35, 5: 22}","{1: 134, 2: 65, 3: 44, 4: 32, 5: 23}"
0.5,0.025,0.1,10,False,False,0.6610180207125124,-0.00024253766672055477,0.14555200938628549,8,4,4,0.0,2,0,0,"{1: 123, 2: 60, 3: 58, 4: 35, 5: 22}","{1: 134, 2: 65, 3: 44, 4: 32, 5: 23}"
0.5,0.025,0.1,12,False,False,0.6610180207125124,-0.00024253766672055477,0.14555200938628549,8,4,4,0.0,2,0,0,"{1: 123, 2: 60, 3: 58, 4: 35, 5: 22}","{1: 134, 2: 65, 3: 44, 4: 32, 5: 23}"
2.0,0.025,0.1,8,False,False,0.6610180207125124,-0.00024253766672055477,0.14555200938628549,8,4,4,0.0,2,2,0,"{1: 125, 2: 58, 3: 58, 4: 35, 5: 22}","{1: 134, 2: 65, 3: 44, 4: 32, 5: 23}"
2.0,0.08,0.08,6,False,True,0.6610165960481343,-0.00024396233109857945,0.1556191234802452,6,3,3,0.0,0,6,6,"{1: 125, 2: 60, 3: 58, 4: 33, 5: 22}","{1: 137, 2: 63, 3: 45, 4: 30, 5: 23}"
2.0,0.08,0.08,6,True,True,0.6610165960481343,-0.00024396233109857945,0.1556191234802452,6,3,3,0.0,0,6,6,"{1: 125, 2: 60, 3: 58, 4: 33, 5: 22}","{1: 137, 2: 63, 3: 45, 4: 30, 5: 23}"
2.0,0.08,0.08,6,True,False,0.6610165960481343,-0.00024396233109857945,0.1556191234802452,6,3,3,0.0,0,6,6,"{1: 125, 2: 60, 3: 58, 4: 33, 5: 22}","{1: 137, 2: 63, 3: 45, 4: 30, 5: 23}"
1.0,0.025,0.04,6,False,False,0.6610165960481343,-0.00024396233109857945,0.16568623757420492,6,3,3,0.0,2,6,6,"{1: 126, 2: 60, 3: 55, 4: 35, 5: 22}","{1: 136, 2: 66, 3: 42, 4: 31, 5: 23}"
2.0,0.025,0.04,6,False,False,0.6610165960481343,-0.00024396233109857945,0.16568623757420492,6,3,3,0.0,2,6,6,"{1: 126, 2: 60, 3: 55, 4: 35, 5: 22}","{1: 136, 2: 66, 3: 42, 4: 31, 5: 23}"
0.5,0.025,0.08,8,False,True,0.6610144747695205,-0.00024608360971245524,0.14555200938628549,8,5,3,0.25,0,2,0,"{1: 125, 2: 58, 3: 58, 4: 35, 5: 22}","{1: 134, 2: 65, 3: 44, 4: 32, 5: 23}"
0.5,0.025,0.08,8,True,True,0.6610144747695205,-0.00024608360971245524,0.14555200938628549,8,5,3,0.25,0,2,0,"{1: 125, 2: 58, 3: 58, 4: 35, 5: 22}","{1: 134, 2: 65, 3: 44, 4: 32, 5: 23}"
0.5,0.025,0.08,8,True,False,0.6610144747695205,-0.00024608360971245524,0.14555200938628549,8,5,3,0.25,0,2,0,"{1: 125, 2: 58, 3: 58, 4: 35, 5: 22}","{1: 134, 2: 65, 3: 44, 4: 32, 5: 23}"
0.5,0.025,0.08,10,False,True,0.6610144747695205,-0.00024608360971245524,0.14555200938628549,8,5,3,0.25,0,2,0,"{1: 125, 2: 58, 3: 58, 4: 35, 5: 22}","{1: 134, 2: 65, 3: 44, 4: 32, 5: 23}"
0.5,0.025,0.08,10,True,True,0.6610144747695205,-0.00024608360971245524,0.14555200938628549,8,5,3,0.25,0,2,0,"{1: 125, 2: 58, 3: 58, 4: 35, 5: 22}","{1: 134, 2: 65, 3: 44, 4: 32, 5: 23}"
0.5,0.025,0.08,10,True,False,0.6610144747695205,-0.00024608360971245524,0.14555200938628549,8,5,3,0.25,0,2,0,"{1: 125, 2: 58, 3: 58, 4: 35, 5: 22}","{1: 134, 2: 65, 3: 44, 4: 32, 5: 23}"
0.5,0.025,0.08,12,False,True,0.6610144747695205,-0.00024608360971245524,0.14555200938628549,8,5,3,0.25,0,2,0,"{1: 125, 2: 58, 3: 58, 4: 35, 5: 22}","{1: 134, 2: 65, 3: 44, 4: 32, 5: 23}"
0.5,0.025,0.08,12,True,True,0.6610144747695205,-0.00024608360971245524,0.14555200938628549,8,5,3,0.25,0,2,0,"{1: 125, 2: 58, 3: 58, 4: 35, 5: 22}","{1: 134, 2: 65, 3: 44, 4: 32, 5: 23}"
0.5,0.025,0.08,12,True,False,0.6610144747695205,-0.00024608360971245524,0.14555200938628549,8,5,3,0.25,0,2,0,"{1: 125, 2: 58, 3: 58, 4: 35, 5: 22}","{1: 134, 2: 65, 3: 44, 4: 32, 5: 23}"
0.5,0.06,0.1,10,False,True,0.661008811328825,-0.00025174705040786893,0.15226341878225863,10,5,5,0.0,0,3,4,"{1: 124, 2: 60, 3: 58, 4: 34, 5: 22}","{1: 137, 2: 63, 3: 43, 4: 32, 5: 23}"
0.5,0.06,0.1,10,True,True,0.661008811328825,-0.00025174705040786893,0.15226341878225863,10,5,5,0.0,0,3,4,"{1: 124, 2: 60, 3: 58, 4: 34, 5: 22}","{1: 137, 2: 63, 3: 43, 4: 32, 5: 23}"
0.5,0.06,0.1,10,True,False,0.661008811328825,-0.00025174705040786893,0.15226341878225863,10,5,5,0.0,0,3,4,"{1: 124, 2: 60, 3: 58, 4: 34, 5: 22}","{1: 137, 2: 63, 3: 43, 4: 32, 5: 23}"
1.0,0.08,0.08,8,False,True,0.6610073695109324,-0.00025318886830050236,0.1651238139319602,8,4,4,0.0,0,6,7,"{1: 127, 2: 57, 3: 58, 4: 34, 5: 22}","{1: 138, 2: 62, 3: 45, 4: 30, 5: 23}"
1.0,0.08,0.08,8,True,True,0.6610073695109324,-0.00025318886830050236,0.1651238139319602,8,4,4,0.0,0,6,7,"{1: 127, 2: 57, 3: 58, 4: 34, 5: 22}","{1: 138, 2: 62, 3: 45, 4: 30, 5: 23}"
1.0,0.08,0.08,8,True,False,0.6610073695109324,-0.00025318886830050236,0.1651238139319602,8,4,4,0.0,0,6,7,"{1: 127, 2: 57, 3: 58, 4: 34, 5: 22}","{1: 138, 2: 62, 3: 45, 4: 30, 5: 23}"
2.0,0.08,0.08,8,False,True,0.6610073695109324,-0.00025318886830050236,0.1651238139319602,8,4,4,0.0,0,8,7,"{1: 127, 2: 58, 3: 58, 4: 33, 5: 22}","{1: 138, 2: 62, 3: 45, 4: 30, 5: 23}"
2.0,0.08,0.08,8,True,True,0.6610073695109324,-0.00025318886830050236,0.1651238139319602,8,4,4,0.0,0,8,7,"{1: 127, 2: 58, 3: 58, 4: 33, 5: 22}","{1: 138, 2: 62, 3: 45, 4: 30, 5: 23}"
2.0,0.08,0.08,8,True,False,0.6610073695109324,-0.00025318886830050236,0.1651238139319602,8,4,4,0.0,0,8,7,"{1: 127, 2: 58, 3: 58, 4: 33, 5: 22}","{1: 138, 2: 62, 3: 45, 4: 30, 5: 23}"
0.5,0.04,0.06,8,False,False,0.6610073695109324,-0.00025318886830050236,0.1656862375742049,8,5,3,0.25,2,5,8,"{1: 126, 2: 58, 3: 58, 4: 34, 5: 22}","{1: 136, 2: 68, 3: 40, 4: 31, 5: 23}"
1.0,0.025,0.04,8,False,False,0.6610073695109324,-0.00025318886830050236,0.16568623757420498,8,4,4,0.0,2,6,8,"{1: 126, 2: 60, 3: 55, 4: 35, 5: 22}","{1: 138, 2: 64, 3: 42, 4: 31, 5: 23}"
2.0,0.025,0.04,8,False,False,0.6610073695109324,-0.00025318886830050236,0.16568623757420498,8,4,4,0.0,2,6,8,"{1: 126, 2: 60, 3: 55, 4: 35, 5: 22}","{1: 138, 2: 64, 3: 42, 4: 31, 5: 23}"
1.0,0.025,0.08,10,False,True,0.6610052595080806,-0.00025529887115227634,0.14555200938628549,10,6,4,0.2,0,2,0,"{1: 125, 2: 58, 3: 58, 4: 35, 5: 22}","{1: 134, 2: 65, 3: 44, 4: 32, 5: 23}"
1.0,0.025,0.08,10,True,True,0.6610052595080806,-0.00025529887115227634,0.14555200938628549,10,6,4,0.2,0,2,0,"{1: 125, 2: 58, 3: 58, 4: 35, 5: 22}","{1: 134, 2: 65, 3: 44, 4: 32, 5: 23}"
1.0,0.025,0.08,10,True,False,0.6610052595080806,-0.00025529887115227634,0.14555200938628549,10,6,4,0.2,0,2,0,"{1: 125, 2: 58, 3: 58, 4: 35, 5: 22}","{1: 134, 2: 65, 3: 44, 4: 32, 5: 23}"
1.0,0.025,0.08,12,False,True,0.6610052595080806,-0.00025529887115227634,0.14555200938628549,10,6,4,0.2,0,2,0,"{1: 125, 2: 58, 3: 58, 4: 35, 5: 22}","{1: 134, 2: 65, 3: 44, 4: 32, 5: 23}"
1.0,0.025,0.08,12,True,True,0.6610052595080806,-0.00025529887115227634,0.14555200938628549,10,6,4,0.2,0,2,0,"{1: 125, 2: 58, 3: 58, 4: 35, 5: 22}","{1: 134, 2: 65, 3: 44, 4: 32, 5: 23}"
1.0,0.025,0.08,12,True,False,0.6610052595080806,-0.00025529887115227634,0.14555200938628549,10,6,4,0.2,0,2,0,"{1: 125, 2: 58, 3: 58, 4: 35, 5: 22}","{1: 134, 2: 65, 3: 44, 4: 32, 5: 23}"
2.0,0.08,0.14,3,False,True,0.661000266816377,-0.0002602915628558966,0.1483452904420273,3,1,2,-0.3333333333333333,0,1,2,"{1: 124, 2: 59, 3: 58, 4: 35, 5: 22}","{1: 136, 2: 63, 3: 44, 4: 32, 5: 23}"
2.0,0.08,0.14,3,False,False,0.661000266816377,-0.0002602915628558966,0.1483452904420273,3,1,2,-0.3333333333333333,0,1,2,"{1: 124, 2: 59, 3: 58, 4: 35, 5: 22}","{1: 136, 2: 63, 3: 44, 4: 32, 5: 23}"
2.0,0.08,0.14,3,True,True,0.661000266816377,-0.0002602915628558966,0.1483452904420273,3,1,2,-0.3333333333333333,0,1,2,"{1: 124, 2: 59, 3: 58, 4: 35, 5: 22}","{1: 136, 2: 63, 3: 44, 4: 32, 5: 23}"
2.0,0.08,0.14,3,True,False,0.661000266816377,-0.0002602915628558966,0.1483452904420273,3,1,2,-0.3333333333333333,0,1,2,"{1: 124, 2: 59, 3: 58, 4: 35, 5: 22}","{1: 136, 2: 63, 3: 44, 4: 32, 5: 23}"
1.0,0.04,0.1,3,False,False,0.661000266816377,-0.0002602915628558966,0.14890771408427203,3,2,1,0.3333333333333333,1,1,3,"{1: 124, 2: 59, 3: 58, 4: 35, 5: 22}","{1: 136, 2: 64, 3: 43, 4: 32, 5: 23}"
0.5,0.04,0.1,3,False,False,0.661000266816377,-0.0002602915628558966,0.14890771408427206,3,2,1,0.3333333333333333,1,0,3,"{1: 123, 2: 60, 3: 58, 4: 35, 5: 22}","{1: 136, 2: 64, 3: 43, 4: 32, 5: 23}"
0.5,0.06,0.1,3,False,False,0.661000266816377,-0.0002602915628558966,0.1522634187822586,3,2,1,0.3333333333333333,1,3,3,"{1: 124, 2: 60, 3: 58, 4: 34, 5: 22}","{1: 136, 2: 64, 3: 43, 4: 32, 5: 23}"
1.0,0.06,0.1,3,False,False,0.661000266816377,-0.0002602915628558966,0.1522634187822586,3,2,1,0.3333333333333333,1,3,3,"{1: 124, 2: 60, 3: 58, 4: 34, 5: 22}","{1: 136, 2: 64, 3: 43, 4: 32, 5: 23}"
2.0,0.08,0.1,3,False,True,0.661000266816377,-0.0002602915628558966,0.15226341878225863,3,1,2,-0.3333333333333333,0,3,3,"{1: 124, 2: 60, 3: 58, 4: 34, 5: 22}","{1: 135, 2: 65, 3: 44, 4: 31, 5: 23}"
2.0,0.08,0.1,3,True,True,0.661000266816377,-0.0002602915628558966,0.15226341878225863,3,1,2,-0.3333333333333333,0,3,3,"{1: 124, 2: 60, 3: 58, 4: 34, 5: 22}","{1: 135, 2: 65, 3: 44, 4: 31, 5: 23}"
2.0,0.08,0.1,3,True,False,0.661000266816377,-0.0002602915628558966,0.15226341878225863,3,1,2,-0.3333333333333333,0,3,3,"{1: 124, 2: 60, 3: 58, 4: 34, 5: 22}","{1: 135, 2: 65, 3: 44, 4: 31, 5: 23}"
0.5,0.015,0.04,12,False,True,0.6609996014447272,-0.0002609569345056739,0.16233053287621835,12,5,7,-0.16666666666666666,0,5,3,"{1: 125, 2: 61, 3: 55, 4: 35, 5: 22}","{1: 135, 2: 66, 3: 42, 4: 32, 5: 23}"
0.5,0.015,0.04,12,True,True,0.6609996014447272,-0.0002609569345056739,0.16233053287621835,12,5,7,-0.16666666666666666,0,5,3,"{1: 125, 2: 61, 3: 55, 4: 35, 5: 22}","{1: 135, 2: 66, 3: 42, 4: 32, 5: 23}"
0.5,0.015,0.04,12,True,False,0.6609996014447272,-0.0002609569345056739,0.16233053287621835,12,5,7,-0.16666666666666666,0,5,3,"{1: 125, 2: 61, 3: 55, 4: 35, 5: 22}","{1: 135, 2: 66, 3: 42, 4: 32, 5: 23}"
1.0,0.015,0.04,12,False,True,0.6609996014447272,-0.0002609569345056739,0.16233053287621835,12,5,7,-0.16666666666666666,0,5,3,"{1: 125, 2: 61, 3: 55, 4: 35, 5: 22}","{1: 135, 2: 66, 3: 42, 4: 32, 5: 23}"
1.0,0.015,0.04,12,True,True,0.6609996014447272,-0.0002609569345056739,0.16233053287621835,12,5,7,-0.16666666666666666,0,5,3,"{1: 125, 2: 61, 3: 55, 4: 35, 5: 22}","{1: 135, 2: 66, 3: 42, 4: 32, 5: 23}"
1.0,0.015,0.04,12,True,False,0.6609996014447272,-0.0002609569345056739,0.16233053287621835,12,5,7,-0.16666666666666666,0,5,3,"{1: 125, 2: 61, 3: 55, 4: 35, 5: 22}","{1: 135, 2: 66, 3: 42, 4: 32, 5: 23}"
2.0,0.015,0.04,12,False,True,0.6609996014447272,-0.0002609569345056739,0.16233053287621835,12,5,7,-0.16666666666666666,0,5,3,"{1: 125, 2: 61, 3: 55, 4: 35, 5: 22}","{1: 135, 2: 66, 3: 42, 4: 32, 5: 23}"
2.0,0.015,0.04,12,True,True,0.6609996014447272,-0.0002609569345056739,0.16233053287621835,12,5,7,-0.16666666666666666,0,5,3,"{1: 125, 2: 61, 3: 55, 4: 35, 5: 22}","{1: 135, 2: 66, 3: 42, 4: 32, 5: 23}"
2.0,0.015,0.04,12,True,False,0.6609996014447272,-0.0002609569345056739,0.16233053287621835,12,5,7,-0.16666666666666666,0,5,3,"{1: 125, 2: 61, 3: 55, 4: 35, 5: 22}","{1: 135, 2: 66, 3: 42, 4: 32, 5: 23}"
1.0,0.08,0.08,10,False,True,0.6609981424714564,-0.00026241590777653645,0.1651238139319602,10,5,5,0.0,0,6,7,"{1: 127, 2: 57, 3: 58, 4: 34, 5: 22}","{1: 138, 2: 62, 3: 45, 4: 30, 5: 23}"
1.0,0.08,0.08,10,True,True,0.6609981424714564,-0.00026241590777653645,0.1651238139319602,10,5,5,0.0,0,6,7,"{1: 127, 2: 57, 3: 58, 4: 34, 5: 22}","{1: 138, 2: 62, 3: 45, 4: 30, 5: 23}"
1.0,0.08,0.08,10,True,False,0.6609981424714564,-0.00026241590777653645,0.1651238139319602,10,5,5,0.0,0,6,7,"{1: 127, 2: 57, 3: 58, 4: 34, 5: 22}","{1: 138, 2: 62, 3: 45, 4: 30, 5: 23}"
2.0,0.08,0.08,10,False,True,0.6609981424714564,-0.00026241590777653645,0.1651238139319602,10,5,5,0.0,0,8,7,"{1: 127, 2: 58, 3: 58, 4: 33, 5: 22}","{1: 138, 2: 62, 3: 45, 4: 30, 5: 23}"
2.0,0.08,0.08,10,True,True,0.6609981424714564,-0.00026241590777653645,0.1651238139319602,10,5,5,0.0,0,8,7,"{1: 127, 2: 58, 3: 58, 4: 33, 5: 22}","{1: 138, 2: 62, 3: 45, 4: 30, 5: 23}"
2.0,0.08,0.08,10,True,False,0.6609981424714564,-0.00026241590777653645,0.1651238139319602,10,5,5,0.0,0,8,7,"{1: 127, 2: 58, 3: 58, 4: 33, 5: 22}","{1: 138, 2: 62, 3: 45, 4: 30, 5: 23}"
0.5,0.08,0.08,12,False,True,0.6609924815767187,-0.0002680768025141722,0.1617681092339737,12,5,7,-0.16666666666666666,0,6,5,"{1: 127, 2: 57, 3: 58, 4: 34, 5: 22}","{1: 137, 2: 63, 3: 44, 4: 31, 5: 23}"
0.5,0.08,0.08,12,True,True,0.6609924815767187,-0.0002680768025141722,0.1617681092339737,12,5,7,-0.16666666666666666,0,6,5,"{1: 127, 2: 57, 3: 58, 4: 34, 5: 22}","{1: 137, 2: 63, 3: 44, 4: 31, 5: 23}"
0.5,0.08,0.08,12,True,False,0.6609924815767187,-0.0002680768025141722,0.1617681092339737,12,5,7,-0.16666666666666666,0,6,5,"{1: 127, 2: 57, 3: 58, 4: 34, 5: 22}","{1: 137, 2: 63, 3: 44, 4: 31, 5: 23}"
0.5,0.06,0.1,5,False,False,0.6609910479370185,-0.0002695104422144601,0.15226341878225863,5,3,2,0.2,1,3,4,"{1: 124, 2: 60, 3: 58, 4: 34, 5: 22}","{1: 137, 2: 63, 3: 43, 4: 32, 5: 23}"
1.0,0.06,0.1,5,False,False,0.6609910479370185,-0.0002695104422144601,0.15505669983800044,5,3,2,0.2,1,4,4,"{1: 125, 2: 59, 3: 58, 4: 34, 5: 22}","{1: 137, 2: 63, 3: 43, 4: 32, 5: 23}"
2.0,0.06,0.1,5,False,False,0.6609910479370185,-0.0002695104422144601,0.15841240453598704,5,3,2,0.2,1,5,4,"{1: 126, 2: 58, 3: 58, 4: 34, 5: 22}","{1: 137, 2: 63, 3: 43, 4: 32, 5: 23}"
1.0,0.06,0.08,5,False,True,0.6609874814758512,-0.0002730769033817415,0.16176810923397367,5,3,2,0.2,0,5,5,"{1: 126, 2: 58, 3: 58, 4: 34, 5: 22}","{1: 138, 2: 62, 3: 43, 4: 32, 5: 23}"
1.0,0.06,0.08,5,True,True,0.6609874814758512,-0.0002730769033817415,0.16176810923397367,5,3,2,0.2,0,5,5,"{1: 126, 2: 58, 3: 58, 4: 34, 5: 22}","{1: 138, 2: 62, 3: 43, 4: 32, 5: 23}"
1.0,0.06,0.08,5,True,False,0.6609874814758512,-0.0002730769033817415,0.16176810923397367,5,3,2,0.2,0,5,5,"{1: 126, 2: 58, 3: 58, 4: 34, 5: 22}","{1: 138, 2: 62, 3: 43, 4: 32, 5: 23}"
2.0,0.06,0.08,12,False,False,0.6609853437959858,-0.00027521458324708536,0.1651238139319602,12,7,5,0.16666666666666666,4,7,6,"{1: 126, 2: 59, 3: 58, 4: 33, 5: 22}","{1: 139, 2: 61, 3: 43, 4: 32, 5: 23}"
2.0,0.06,0.08,5,False,False,0.66098391052966,-0.00027664784957293076,0.1556191234802452,5,3,2,0.2,2,5,5,"{1: 124, 2: 61, 3: 58, 4: 33, 5: 22}","{1: 138, 2: 62, 3: 43, 4: 32, 5: 23}"
1.0,0.06,0.08,5,False,False,0.66098391052966,-0.00027664784957293076,0.15841240453598704,5,3,2,0.2,2,5,5,"{1: 125, 2: 59, 3: 59, 4: 33, 5: 22}","{1: 138, 2: 62, 3: 43, 4: 32, 5: 23}"
0.5,0.06,0.1,4,False,True,0.6609619638273163,-0.0002985945519166089,0.15226341878225863,4,2,2,0.0,0,3,4,"{1: 124, 2: 60, 3: 58, 4: 34, 5: 22}","{1: 137, 2: 63, 3: 43, 4: 32, 5: 23}"
0.5,0.06,0.1,4,True,True,0.6609619638273163,-0.0002985945519166089,0.15226341878225863,4,2,2,0.0,0,3,4,"{1: 124, 2: 60, 3: 58, 4: 34, 5: 22}","{1: 137, 2: 63, 3: 43, 4: 32, 5: 23}"
0.5,0.06,0.1,4,True,False,0.6609619638273163,-0.0002985945519166089,0.15226341878225863,4,2,2,0.0,0,3,4,"{1: 124, 2: 60, 3: 58, 4: 34, 5: 22}","{1: 137, 2: 63, 3: 43, 4: 32, 5: 23}"
1.0,0.06,0.1,4,False,True,0.6609619638273163,-0.0002985945519166089,0.15505669983800044,4,2,2,0.0,0,4,4,"{1: 125, 2: 59, 3: 58, 4: 34, 5: 22}","{1: 137, 2: 63, 3: 43, 4: 32, 5: 23}"
1.0,0.06,0.1,4,True,True,0.6609619638273163,-0.0002985945519166089,0.15505669983800044,4,2,2,0.0,0,4,4,"{1: 125, 2: 59, 3: 58, 4: 34, 5: 22}","{1: 137, 2: 63, 3: 43, 4: 32, 5: 23}"
1.0,0.06,0.1,4,True,False,0.6609619638273163,-0.0002985945519166089,0.15505669983800044,4,2,2,0.0,0,4,4,"{1: 125, 2: 59, 3: 58, 4: 34, 5: 22}","{1: 137, 2: 63, 3: 43, 4: 32, 5: 23}"
2.0,0.06,0.1,4,False,True,0.6609619638273163,-0.0002985945519166089,0.15505669983800044,4,2,2,0.0,0,4,4,"{1: 125, 2: 59, 3: 58, 4: 34, 5: 22}","{1: 137, 2: 63, 3: 43, 4: 32, 5: 23}"
2.0,0.06,0.1,4,True,True,0.6609619638273163,-0.0002985945519166089,0.15505669983800044,4,2,2,0.0,0,4,4,"{1: 125, 2: 59, 3: 58, 4: 34, 5: 22}","{1: 137, 2: 63, 3: 43, 4: 32, 5: 23}"
2.0,0.06,0.1,4,True,False,0.6609619638273163,-0.0002985945519166089,0.15505669983800044,4,2,2,0.0,0,4,4,"{1: 125, 2: 59, 3: 58, 4: 34, 5: 22}","{1: 137, 2: 63, 3: 43, 4: 32, 5: 23}"
0.5,0.025,0.04,4,False,True,0.6609583798896519,-0.00030217848958102866,0.16233053287621835,4,2,2,0.0,0,4,4,"{1: 124, 2: 62, 3: 55, 4: 35, 5: 22}","{1: 135, 2: 66, 3: 43, 4: 31, 5: 23}"
0.5,0.025,0.04,4,True,True,0.6609583798896519,-0.00030217848958102866,0.16233053287621835,4,2,2,0.0,0,4,4,"{1: 124, 2: 62, 3: 55, 4: 35, 5: 22}","{1: 135, 2: 66, 3: 43, 4: 31, 5: 23}"
0.5,0.025,0.04,4,True,False,0.6609583798896519,-0.00030217848958102866,0.16233053287621835,4,2,2,0.0,0,4,4,"{1: 124, 2: 62, 3: 55, 4: 35, 5: 22}","{1: 135, 2: 66, 3: 43, 4: 31, 5: 23}"
1.0,0.025,0.04,4,False,True,0.6609583798896519,-0.00030217848958102866,0.16233053287621835,4,2,2,0.0,0,4,4,"{1: 124, 2: 62, 3: 55, 4: 35, 5: 22}","{1: 135, 2: 66, 3: 43, 4: 31, 5: 23}"
1.0,0.025,0.04,4,True,True,0.6609583798896519,-0.00030217848958102866,0.16233053287621835,4,2,2,0.0,0,4,4,"{1: 124, 2: 62, 3: 55, 4: 35, 5: 22}","{1: 135, 2: 66, 3: 43, 4: 31, 5: 23}"
1.0,0.025,0.04,4,True,False,0.6609583798896519,-0.00030217848958102866,0.16233053287621835,4,2,2,0.0,0,4,4,"{1: 124, 2: 62, 3: 55, 4: 35, 5: 22}","{1: 135, 2: 66, 3: 43, 4: 31, 5: 23}"
1.0,0.025,0.06,4,False,True,0.6609583798896519,-0.00030217848958102866,0.16233053287621835,4,2,2,0.0,0,4,4,"{1: 124, 2: 62, 3: 55, 4: 35, 5: 22}","{1: 135, 2: 66, 3: 43, 4: 31, 5: 23}"
1.0,0.025,0.06,4,True,True,0.6609583798896519,-0.00030217848958102866,0.16233053287621835,4,2,2,0.0,0,4,4,"{1: 124, 2: 62, 3: 55, 4: 35, 5: 22}","{1: 135, 2: 66, 3: 43, 4: 31, 5: 23}"
1.0,0.025,0.06,4,True,False,0.6609583798896519,-0.00030217848958102866,0.16233053287621835,4,2,2,0.0,0,4,4,"{1: 124, 2: 62, 3: 55, 4: 35, 5: 22}","{1: 135, 2: 66, 3: 43, 4: 31, 5: 23}"
2.0,0.025,0.04,4,False,True,0.6609583798896519,-0.00030217848958102866,0.16233053287621835,4,2,2,0.0,0,4,4,"{1: 124, 2: 62, 3: 55, 4: 35, 5: 22}","{1: 135, 2: 66, 3: 43, 4: 31, 5: 23}"
2.0,0.025,0.04,4,True,True,0.6609583798896519,-0.00030217848958102866,0.16233053287621835,4,2,2,0.0,0,4,4,"{1: 124, 2: 62, 3: 55, 4: 35, 5: 22}","{1: 135, 2: 66, 3: 43, 4: 31, 5: 23}"
2.0,0.025,0.04,4,True,False,0.6609583798896519,-0.00030217848958102866,0.16233053287621835,4,2,2,0.0,0,4,4,"{1: 124, 2: 62, 3: 55, 4: 35, 5: 22}","{1: 135, 2: 66, 3: 43, 4: 31, 5: 23}"
2.0,0.025,0.06,4,False,True,0.6609583798896519,-0.00030217848958102866,0.16233053287621835,4,2,2,0.0,0,4,4,"{1: 124, 2: 62, 3: 55, 4: 35, 5: 22}","{1: 135, 2: 66, 3: 43, 4: 31, 5: 23}"
2.0,0.025,0.06,4,True,True,0.6609583798896519,-0.00030217848958102866,0.16233053287621835,4,2,2,0.0,0,4,4,"{1: 124, 2: 62, 3: 55, 4: 35, 5: 22}","{1: 135, 2: 66, 3: 43, 4: 31, 5: 23}"
2.0,0.025,0.06,4,True,False,0.6609583798896519,-0.00030217848958102866,0.16233053287621835,4,2,2,0.0,0,4,4,"{1: 124, 2: 62, 3: 55, 4: 35, 5: 22}","{1: 135, 2: 66, 3: 43, 4: 31, 5: 23}"
1.0,0.025,0.06,4,False,False,0.6609583798896519,-0.00030217848958102866,0.16568623757420492,4,2,2,0.0,0,4,4,"{1: 124, 2: 62, 3: 55, 4: 35, 5: 22}","{1: 134, 2: 68, 3: 42, 4: 31, 5: 23}"
2.0,0.025,0.06,4,False,False,0.6609583798896519,-0.00030217848958102866,0.16568623757420492,4,2,2,0.0,0,4,4,"{1: 124, 2: 62, 3: 55, 4: 35, 5: 22}","{1: 134, 2: 68, 3: 42, 4: 31, 5: 23}"
0.5,0.08,0.04,4,False,True,0.6609547914459917,-0.00030576693324124715,0.14665801951529306,4,2,2,0.0,0,4,4,"{1: 123, 2: 60, 3: 58, 4: 39, 5: 18}","{1: 134, 2: 65, 3: 47, 4: 30, 5: 22}"
0.5,0.08,0.04,4,True,True,0.6609547914459917,-0.00030576693324124715,0.14665801951529306,4,2,2,0.0,0,4,4,"{1: 123, 2: 60, 3: 58, 4: 39, 5: 18}","{1: 134, 2: 65, 3: 47, 4: 30, 5: 22}"
0.5,0.08,0.04,4,True,False,0.6609547914459917,-0.00030576693324124715,0.14665801951529306,4,2,2,0.0,0,4,4,"{1: 123, 2: 60, 3: 58, 4: 39, 5: 18}","{1: 134, 2: 65, 3: 47, 4: 30, 5: 22}"
1.0,0.08,0.04,4,False,True,0.6609547914459917,-0.00030576693324124715,0.14665801951529306,4,2,2,0.0,0,4,4,"{1: 123, 2: 60, 3: 58, 4: 39, 5: 18}","{1: 134, 2: 65, 3: 47, 4: 30, 5: 22}"
1.0,0.08,0.04,4,True,True,0.6609547914459917,-0.00030576693324124715,0.14665801951529306,4,2,2,0.0,0,4,4,"{1: 123, 2: 60, 3: 58, 4: 39, 5: 18}","{1: 134, 2: 65, 3: 47, 4: 30, 5: 22}"
1.0,0.08,0.04,4,True,False,0.6609547914459917,-0.00030576693324124715,0.14665801951529306,4,2,2,0.0,0,4,4,"{1: 123, 2: 60, 3: 58, 4: 39, 5: 18}","{1: 134, 2: 65, 3: 47, 4: 30, 5: 22}"
2.0,0.08,0.04,4,False,True,0.6609547914459917,-0.00030576693324124715,0.14665801951529306,4,2,2,0.0,0,4,4,"{1: 123, 2: 60, 3: 58, 4: 39, 5: 18}","{1: 134, 2: 65, 3: 47, 4: 30, 5: 22}"
2.0,0.08,0.04,4,True,True,0.6609547914459917,-0.00030576693324124715,0.14665801951529306,4,2,2,0.0,0,4,4,"{1: 123, 2: 60, 3: 58, 4: 39, 5: 18}","{1: 134, 2: 65, 3: 47, 4: 30, 5: 22}"
2.0,0.08,0.04,4,True,False,0.6609547914459917,-0.00030576693324124715,0.14665801951529306,4,2,2,0.0,0,4,4,"{1: 123, 2: 60, 3: 58, 4: 39, 5: 18}","{1: 134, 2: 65, 3: 47, 4: 30, 5: 22}"
0.5,0.06,0.04,4,False,True,0.6609547914459917,-0.00030576693324124715,0.15001372421327963,4,2,2,0.0,0,4,4,"{1: 123, 2: 60, 3: 60, 4: 35, 5: 20}","{1: 134, 2: 66, 3: 45, 4: 31, 5: 22}"
0.5,0.06,0.04,4,True,True,0.6609547914459917,-0.00030576693324124715,0.15001372421327963,4,2,2,0.0,0,4,4,"{1: 123, 2: 60, 3: 60, 4: 35, 5: 20}","{1: 134, 2: 66, 3: 45, 4: 31, 5: 22}"
0.5,0.06,0.04,4,True,False,0.6609547914459917,-0.00030576693324124715,0.15001372421327963,4,2,2,0.0,0,4,4,"{1: 123, 2: 60, 3: 60, 4: 35, 5: 20}","{1: 134, 2: 66, 3: 45, 4: 31, 5: 22}"
1.0,0.06,0.04,4,False,True,0.6609547914459917,-0.00030576693324124715,0.15001372421327963,4,2,2,0.0,0,4,4,"{1: 123, 2: 60, 3: 60, 4: 35, 5: 20}","{1: 134, 2: 66, 3: 45, 4: 31, 5: 22}"
1.0,0.06,0.04,4,True,True,0.6609547914459917,-0.00030576693324124715,0.15001372421327963,4,2,2,0.0,0,4,4,"{1: 123, 2: 60, 3: 60, 4: 35, 5: 20}","{1: 134, 2: 66, 3: 45, 4: 31, 5: 22}"
1.0,0.06,0.04,4,True,False,0.6609547914459917,-0.00030576693324124715,0.15001372421327963,4,2,2,0.0,0,4,4,"{1: 123, 2: 60, 3: 60, 4: 35, 5: 20}","{1: 134, 2: 66, 3: 45, 4: 31, 5: 22}"
2.0,0.06,0.04,4,False,True,0.6609547914459917,-0.00030576693324124715,0.15001372421327963,4,2,2,0.0,0,4,4,"{1: 123, 2: 60, 3: 60, 4: 35, 5: 20}","{1: 134, 2: 66, 3: 45, 4: 31, 5: 22}"
2.0,0.06,0.04,4,True,True,0.6609547914459917,-0.00030576693324124715,0.15001372421327963,4,2,2,0.0,0,4,4,"{1: 123, 2: 60, 3: 60, 4: 35, 5: 20}","{1: 134, 2: 66, 3: 45, 4: 31, 5: 22}"
2.0,0.06,0.04,4,True,False,0.6609547914459917,-0.00030576693324124715,0.15001372421327963,4,2,2,0.0,0,4,4,"{1: 123, 2: 60, 3: 60, 4: 35, 5: 20}","{1: 134, 2: 66, 3: 45, 4: 31, 5: 22}"
2.0,0.06,0.06,4,False,True,0.6609547914459917,-0.00030576693324124715,0.15001372421327963,4,2,2,0.0,0,4,4,"{1: 123, 2: 60, 3: 60, 4: 35, 5: 20}","{1: 134, 2: 66, 3: 45, 4: 31, 5: 22}"
2.0,0.06,0.06,4,True,True,0.6609547914459917,-0.00030576693324124715,0.15001372421327963,4,2,2,0.0,0,4,4,"{1: 123, 2: 60, 3: 60, 4: 35, 5: 20}","{1: 134, 2: 66, 3: 45, 4: 31, 5: 22}"
2.0,0.06,0.06,4,True,False,0.6609547914459917,-0.00030576693324124715,0.15001372421327963,4,2,2,0.0,0,4,4,"{1: 123, 2: 60, 3: 60, 4: 35, 5: 20}","{1: 134, 2: 66, 3: 45, 4: 31, 5: 22}"
2.0,0.08,0.06,4,False,True,0.6609547914459917,-0.00030576693324124715,0.15001372421327963,4,2,2,0.0,0,4,4,"{1: 123, 2: 60, 3: 59, 4: 37, 5: 19}","{1: 134, 2: 65, 3: 47, 4: 30, 5: 22}"
2.0,0.08,0.06,4,True,True,0.6609547914459917,-0.00030576693324124715,0.15001372421327963,4,2,2,0.0,0,4,4,"{1: 123, 2: 60, 3: 59, 4: 37, 5: 19}","{1: 134, 2: 65, 3: 47, 4: 30, 5: 22}"
2.0,0.08,0.06,4,True,False,0.6609547914459917,-0.00030576693324124715,0.15001372421327963,4,2,2,0.0,0,4,4,"{1: 123, 2: 60, 3: 59, 4: 37, 5: 19}","{1: 134, 2: 65, 3: 47, 4: 30, 5: 22}"
1.0,0.06,0.06,4,False,True,0.6609547914459917,-0.00030576693324124715,0.15226341878225863,4,2,2,0.0,0,4,4,"{1: 123, 2: 60, 3: 60, 4: 35, 5: 20}","{1: 134, 2: 67, 3: 44, 4: 30, 5: 23}"
1.0,0.06,0.06,4,True,True,0.6609547914459917,-0.00030576693324124715,0.15226341878225863,4,2,2,0.0,0,4,4,"{1: 123, 2: 60, 3: 60, 4: 35, 5: 20}","{1: 134, 2: 67, 3: 44, 4: 30, 5: 23}"
1.0,0.06,0.06,4,True,False,0.6609547914459917,-0.00030576693324124715,0.15226341878225863,4,2,2,0.0,0,4,4,"{1: 123, 2: 60, 3: 60, 4: 35, 5: 20}","{1: 134, 2: 67, 3: 44, 4: 30, 5: 23}"
1.0,0.06,0.08,4,False,False,0.6609547914459917,-0.00030576693324124715,0.15226341878225863,4,2,2,0.0,1,4,4,"{1: 124, 2: 60, 3: 59, 4: 33, 5: 22}","{1: 137, 2: 63, 3: 43, 4: 32, 5: 23}"
1.0,0.08,0.08,4,False,False,0.6609547914459917,-0.00030576693324124715,0.15226341878225863,4,2,2,0.0,1,4,4,"{1: 124, 2: 60, 3: 59, 4: 33, 5: 22}","{1: 135, 2: 65, 3: 45, 4: 30, 5: 23}"
2.0,0.08,0.08,4,False,False,0.6609547914459917,-0.00030576693324124715,0.1533694289112662,4,2,2,0.0,1,4,4,"{1: 123, 2: 61, 3: 60, 4: 32, 5: 22}","{1: 135, 2: 65, 3: 45, 4: 30, 5: 23}"
1.0,0.08,0.06,4,False,True,0.6609547914459917,-0.00030576693324124715,0.15336942891126623,4,2,2,0.0,0,4,4,"{1: 123, 2: 60, 3: 59, 4: 37, 5: 19}","{1: 134, 2: 65, 3: 48, 4: 28, 5: 23}"
1.0,0.08,0.06,4,True,True,0.6609547914459917,-0.00030576693324124715,0.15336942891126623,4,2,2,0.0,0,4,4,"{1: 123, 2: 60, 3: 59, 4: 37, 5: 19}","{1: 134, 2: 65, 3: 48, 4: 28, 5: 23}"
1.0,0.08,0.06,4,True,False,0.6609547914459917,-0.00030576693324124715,0.15336942891126623,4,2,2,0.0,0,4,4,"{1: 123, 2: 60, 3: 59, 4: 37, 5: 19}","{1: 134, 2: 65, 3: 48, 4: 28, 5: 23}"
2.0,0.06,0.08,4,False,False,0.6609547914459917,-0.00030576693324124715,0.1556191234802452,4,2,2,0.0,1,4,4,"{1: 123, 2: 62, 3: 58, 4: 33, 5: 22}","{1: 137, 2: 63, 3: 43, 4: 32, 5: 23}"
0.5,0.08,0.06,4,False,True,0.6609547914459917,-0.00030576693324124715,0.15672513360925278,4,2,2,0.0,0,4,4,"{1: 123, 2: 60, 3: 61, 4: 33, 5: 21}","{1: 134, 2: 66, 3: 46, 4: 29, 5: 23}"
0.5,0.08,0.06,4,True,True,0.6609547914459917,-0.00030576693324124715,0.15672513360925278,4,2,2,0.0,0,4,4,"{1: 123, 2: 60, 3: 61, 4: 33, 5: 21}","{1: 134, 2: 66, 3: 46, 4: 29, 5: 23}"
0.5,0.08,0.06,4,True,False,0.6609547914459917,-0.00030576693324124715,0.15672513360925278,4,2,2,0.0,0,4,4,"{1: 123, 2: 60, 3: 61, 4: 33, 5: 21}","{1: 134, 2: 66, 3: 46, 4: 29, 5: 23}"
0.5,0.06,0.06,4,False,True,0.6609547914459917,-0.00030576693324124715,0.15897482817823178,4,2,2,0.0,0,4,4,"{1: 123, 2: 61, 3: 59, 4: 34, 5: 21}","{1: 134, 2: 68, 3: 42, 4: 31, 5: 23}"
0.5,0.06,0.06,4,True,True,0.6609547914459917,-0.00030576693324124715,0.15897482817823178,4,2,2,0.0,0,4,4,"{1: 123, 2: 61, 3: 59, 4: 34, 5: 21}","{1: 134, 2: 68, 3: 42, 4: 31, 5: 23}"
0.5,0.06,0.06,4,True,False,0.6609547914459917,-0.00030576693324124715,0.15897482817823178,4,2,2,0.0,0,4,4,"{1: 123, 2: 61, 3: 59, 4: 34, 5: 21}","{1: 134, 2: 68, 3: 42, 4: 31, 5: 23}"
0.5,0.06,0.1,6,False,True,0.6609527457106152,-0.00030781266861767964,0.15226341878225863,6,3,3,0.0,0,3,4,"{1: 124, 2: 60, 3: 58, 4: 34, 5: 22}","{1: 137, 2: 63, 3: 43, 4: 32, 5: 23}"
0.5,0.06,0.1,6,True,True,0.6609527457106152,-0.00030781266861767964,0.15226341878225863,6,3,3,0.0,0,3,4,"{1: 124, 2: 60, 3: 58, 4: 34, 5: 22}","{1: 137, 2: 63, 3: 43, 4: 32, 5: 23}"
0.5,0.06,0.1,6,True,False,0.6609527457106152,-0.00030781266861767964,0.15226341878225863,6,3,3,0.0,0,3,4,"{1: 124, 2: 60, 3: 58, 4: 34, 5: 22}","{1: 137, 2: 63, 3: 43, 4: 32, 5: 23}"
1.0,0.06,0.1,6,False,True,0.6609527457106152,-0.00030781266861767964,0.15505669983800044,6,3,3,0.0,0,4,4,"{1: 125, 2: 59, 3: 58, 4: 34, 5: 22}","{1: 137, 2: 63, 3: 43, 4: 32, 5: 23}"
1.0,0.06,0.1,6,True,True,0.6609527457106152,-0.00030781266861767964,0.15505669983800044,6,3,3,0.0,0,4,4,"{1: 125, 2: 59, 3: 58, 4: 34, 5: 22}","{1: 137, 2: 63, 3: 43, 4: 32, 5: 23}"
1.0,0.06,0.1,6,True,False,0.6609527457106152,-0.00030781266861767964,0.15505669983800044,6,3,3,0.0,0,4,4,"{1: 125, 2: 59, 3: 58, 4: 34, 5: 22}","{1: 137, 2: 63, 3: 43, 4: 32, 5: 23}"
2.0,0.06,0.1,6,False,True,0.6609527457106152,-0.00030781266861767964,0.15841240453598704,6,3,3,0.0,0,5,4,"{1: 126, 2: 58, 3: 58, 4: 34, 5: 22}","{1: 137, 2: 63, 3: 43, 4: 32, 5: 23}"
2.0,0.06,0.1,6,True,True,0.6609527457106152,-0.00030781266861767964,0.15841240453598704,6,3,3,0.0,0,5,4,"{1: 126, 2: 58, 3: 58, 4: 34, 5: 22}","{1: 137, 2: 63, 3: 43, 4: 32, 5: 23}"
2.0,0.06,0.1,6,True,False,0.6609527457106152,-0.00030781266861767964,0.15841240453598704,6,3,3,0.0,0,5,4,"{1: 126, 2: 58, 3: 58, 4: 34, 5: 22}","{1: 137, 2: 63, 3: 43, 4: 32, 5: 23}"
0.5,0.025,0.04,6,False,True,0.6609491558840741,-0.000311402495158819,0.16233053287621832,6,3,3,0.0,0,5,6,"{1: 125, 2: 61, 3: 55, 4: 35, 5: 22}","{1: 137, 2: 64, 3: 43, 4: 31, 5: 23}"
0.5,0.025,0.04,6,True,True,0.6609491558840741,-0.000311402495158819,0.16233053287621832,6,3,3,0.0,0,5,6,"{1: 125, 2: 61, 3: 55, 4: 35, 5: 22}","{1: 137, 2: 64, 3: 43, 4: 31, 5: 23}"
0.5,0.025,0.04,6,True,False,0.6609491558840741,-0.000311402495158819,0.16233053287621832,6,3,3,0.0,0,5,6,"{1: 125, 2: 61, 3: 55, 4: 35, 5: 22}","{1: 137, 2: 64, 3: 43, 4: 31, 5: 23}"
1.0,0.025,0.04,6,False,True,0.6609491558840741,-0.000311402495158819,0.16233053287621832,6,3,3,0.0,0,5,6,"{1: 125, 2: 61, 3: 55, 4: 35, 5: 22}","{1: 137, 2: 64, 3: 43, 4: 31, 5: 23}"
1.0,0.025,0.04,6,True,True,0.6609491558840741,-0.000311402495158819,0.16233053287621832,6,3,3,0.0,0,5,6,"{1: 125, 2: 61, 3: 55, 4: 35, 5: 22}","{1: 137, 2: 64, 3: 43, 4: 31, 5: 23}"
1.0,0.025,0.04,6,True,False,0.6609491558840741,-0.000311402495158819,0.16233053287621832,6,3,3,0.0,0,5,6,"{1: 125, 2: 61, 3: 55, 4: 35, 5: 22}","{1: 137, 2: 64, 3: 43, 4: 31, 5: 23}"
2.0,0.025,0.04,6,False,True,0.6609491558840741,-0.000311402495158819,0.16233053287621832,6,3,3,0.0,0,5,6,"{1: 125, 2: 61, 3: 55, 4: 35, 5: 22}","{1: 137, 2: 64, 3: 43, 4: 31, 5: 23}"
2.0,0.025,0.04,6,True,True,0.6609491558840741,-0.000311402495158819,0.16233053287621832,6,3,3,0.0,0,5,6,"{1: 125, 2: 61, 3: 55, 4: 35, 5: 22}","{1: 137, 2: 64, 3: 43, 4: 31, 5: 23}"
2.0,0.025,0.04,6,True,False,0.6609491558840741,-0.000311402495158819,0.16233053287621832,6,3,3,0.0,0,5,6,"{1: 125, 2: 61, 3: 55, 4: 35, 5: 22}","{1: 137, 2: 64, 3: 43, 4: 31, 5: 23}"
2.0,0.025,0.06,6,False,True,0.6609491558840741,-0.000311402495158819,0.16233053287621832,6,3,3,0.0,0,5,6,"{1: 125, 2: 61, 3: 55, 4: 35, 5: 22}","{1: 137, 2: 64, 3: 43, 4: 31, 5: 23}"
2.0,0.025,0.06,6,True,True,0.6609491558840741,-0.000311402495158819,0.16233053287621832,6,3,3,0.0,0,5,6,"{1: 125, 2: 61, 3: 55, 4: 35, 5: 22}","{1: 137, 2: 64, 3: 43, 4: 31, 5: 23}"
2.0,0.025,0.06,6,True,False,0.6609491558840741,-0.000311402495158819,0.16233053287621832,6,3,3,0.0,0,5,6,"{1: 125, 2: 61, 3: 55, 4: 35, 5: 22}","{1: 137, 2: 64, 3: 43, 4: 31, 5: 23}"
1.0,0.025,0.06,6,False,True,0.6609491558840741,-0.000311402495158819,0.16233053287621835,6,3,3,0.0,0,5,5,"{1: 125, 2: 61, 3: 55, 4: 35, 5: 22}","{1: 136, 2: 65, 3: 43, 4: 31, 5: 23}"
1.0,0.025,0.06,6,True,True,0.6609491558840741,-0.000311402495158819,0.16233053287621835,6,3,3,0.0,0,5,5,"{1: 125, 2: 61, 3: 55, 4: 35, 5: 22}","{1: 136, 2: 65, 3: 43, 4: 31, 5: 23}"
1.0,0.025,0.06,6,True,False,0.6609491558840741,-0.000311402495158819,0.16233053287621835,6,3,3,0.0,0,5,5,"{1: 125, 2: 61, 3: 55, 4: 35, 5: 22}","{1: 136, 2: 65, 3: 43, 4: 31, 5: 23}"
1.0,0.025,0.06,6,False,False,0.6609491558840741,-0.000311402495158819,0.16568623757420492,6,3,3,0.0,0,6,6,"{1: 126, 2: 60, 3: 55, 4: 35, 5: 22}","{1: 136, 2: 66, 3: 42, 4: 31, 5: 23}"
2.0,0.025,0.06,6,False,False,0.6609491558840741,-0.000311402495158819,0.16568623757420492,6,3,3,0.0,0,6,6,"{1: 126, 2: 60, 3: 55, 4: 35, 5: 22}","{1: 136, 2: 66, 3: 42, 4: 31, 5: 23}"
0.5,0.04,0.08,8,False,True,0.6609435270926369,-0.00031703128659599233,0.1517009951400139,8,4,4,0.0,0,2,3,"{1: 125, 2: 58, 3: 58, 4: 35, 5: 22}","{1: 136, 2: 64, 3: 43, 4: 32, 5: 23}"
0.5,0.04,0.08,8,True,True,0.6609435270926369,-0.00031703128659599233,0.1517009951400139,8,4,4,0.0,0,2,3,"{1: 125, 2: 58, 3: 58, 4: 35, 5: 22}","{1: 136, 2: 64, 3: 43, 4: 32, 5: 23}"
0.5,0.04,0.08,8,True,False,0.6609435270926369,-0.00031703128659599233,0.1517009951400139,8,4,4,0.0,0,2,3,"{1: 125, 2: 58, 3: 58, 4: 35, 5: 22}","{1: 136, 2: 64, 3: 43, 4: 32, 5: 23}"
0.5,0.04,0.08,8,False,False,0.6609399313765837,-0.00032062700264923194,0.1517009951400139,8,5,3,0.25,2,3,3,"{1: 125, 2: 58, 3: 59, 4: 34, 5: 22}","{1: 136, 2: 64, 3: 43, 4: 32, 5: 23}"
1.0,0.04,0.08,8,False,False,0.6609399313765837,-0.00032062700264923194,0.15505669983800044,8,5,3,0.25,2,3,4,"{1: 125, 2: 58, 3: 59, 4: 34, 5: 22}","{1: 137, 2: 63, 3: 43, 4: 32, 5: 23}"
0.5,0.025,0.08,10,False,False,0.6609379050594868,-0.00032265331974612455,0.14555200938628549,10,5,5,0.0,3,2,0,"{1: 125, 2: 58, 3: 58, 4: 35, 5: 22}","{1: 134, 2: 65, 3: 44, 4: 32, 5: 23}"
2.0,0.025,0.14,3,False,True,0.660932892679077,-0.00032766570015596574,0.14555200938628549,3,2,1,0.3333333333333333,0,0,0,"{1: 123, 2: 60, 3: 58, 4: 35, 5: 22}","{1: 134, 2: 65, 3: 44, 4: 32, 5: 23}"
2.0,0.025,0.14,3,False,False,0.660932892679077,-0.00032766570015596574,0.14555200938628549,3,2,1,0.3333333333333333,0,0,0,"{1: 123, 2: 60, 3: 58, 4: 35, 5: 22}","{1: 134, 2: 65, 3: 44, 4: 32, 5: 23}"
2.0,0.025,0.14,3,True,True,0.660932892679077,-0.00032766570015596574,0.14555200938628549,3,2,1,0.3333333333333333,0,0,0,"{1: 123, 2: 60, 3: 58, 4: 35, 5: 22}","{1: 134, 2: 65, 3: 44, 4: 32, 5: 23}"
2.0,0.025,0.14,3,True,False,0.660932892679077,-0.00032766570015596574,0.14555200938628549,3,2,1,0.3333333333333333,0,0,0,"{1: 123, 2: 60, 3: 58, 4: 35, 5: 22}","{1: 134, 2: 65, 3: 44, 4: 32, 5: 23}"
2.0,0.025,0.14,4,False,True,0.660932892679077,-0.00032766570015596574,0.14555200938628549,3,2,1,0.3333333333333333,0,0,0,"{1: 123, 2: 60, 3: 58, 4: 35, 5: 22}","{1: 134, 2: 65, 3: 44, 4: 32, 5: 23}"
2.0,0.025,0.14,4,False,False,0.660932892679077,-0.00032766570015596574,0.14555200938628549,3,2,1,0.3333333333333333,0,0,0,"{1: 123, 2: 60, 3: 58, 4: 35, 5: 22}","{1: 134, 2: 65, 3: 44, 4: 32, 5: 23}"
2.0,0.025,0.14,4,True,True,0.660932892679077,-0.00032766570015596574,0.14555200938628549,3,2,1,0.3333333333333333,0,0,0,"{1: 123, 2: 60, 3: 58, 4: 35, 5: 22}","{1: 134, 2: 65, 3: 44, 4: 32, 5: 23}"
2.0,0.025,0.14,4,True,False,0.660932892679077,-0.00032766570015596574,0.14555200938628549,3,2,1,0.3333333333333333,0,0,0,"{1: 123, 2: 60, 3: 58, 4: 35, 5: 22}","{1: 134, 2: 65, 3: 44, 4: 32, 5: 23}"
2.0,0.025,0.14,5,False,True,0.660932892679077,-0.00032766570015596574,0.14555200938628549,3,2,1,0.3333333333333333,0,0,0,"{1: 123, 2: 60, 3: 58, 4: 35, 5: 22}","{1: 134, 2: 65, 3: 44, 4: 32, 5: 23}"
2.0,0.025,0.14,5,False,False,0.660932892679077,-0.00032766570015596574,0.14555200938628549,3,2,1,0.3333333333333333,0,0,0,"{1: 123, 2: 60, 3: 58, 4: 35, 5: 22}","{1: 134, 2: 65, 3: 44, 4: 32, 5: 23}"
2.0,0.025,0.14,5,True,True,0.660932892679077,-0.00032766570015596574,0.14555200938628549,3,2,1,0.3333333333333333,0,0,0,"{1: 123, 2: 60, 3: 58, 4: 35, 5: 22}","{1: 134, 2: 65, 3: 44, 4: 32, 5: 23}"
2.0,0.025,0.14,5,True,False,0.660932892679077,-0.00032766570015596574,0.14555200938628549,3,2,1,0.3333333333333333,0,0,0,"{1: 123, 2: 60, 3: 58, 4: 35, 5: 22}","{1: 134, 2: 65, 3: 44, 4: 32, 5: 23}"
2.0,0.025,0.14,6,False,True,0.660932892679077,-0.00032766570015596574,0.14555200938628549,3,2,1,0.3333333333333333,0,0,0,"{1: 123, 2: 60, 3: 58, 4: 35, 5: 22}","{1: 134, 2: 65, 3: 44, 4: 32, 5: 23}"
2.0,0.025,0.14,6,False,False,0.660932892679077,-0.00032766570015596574,0.14555200938628549,3,2,1,0.3333333333333333,0,0,0,"{1: 123, 2: 60, 3: 58, 4: 35, 5: 22}","{1: 134, 2: 65, 3: 44, 4: 32, 5: 23}"
2.0,0.025,0.14,6,True,True,0.660932892679077,-0.00032766570015596574,0.14555200938628549,3,2,1,0.3333333333333333,0,0,0,"{1: 123, 2: 60, 3: 58, 4: 35, 5: 22}","{1: 134, 2: 65, 3: 44, 4: 32, 5: 23}"
2.0,0.025,0.14,6,True,False,0.660932892679077,-0.00032766570015596574,0.14555200938628549,3,2,1,0.3333333333333333,0,0,0,"{1: 123, 2: 60, 3: 58, 4: 35, 5: 22}","{1: 134, 2: 65, 3: 44, 4: 32, 5: 23}"
2.0,0.025,0.14,8,False,True,0.660932892679077,-0.00032766570015596574,0.14555200938628549,3,2,1,0.3333333333333333,0,0,0,"{1: 123, 2: 60, 3: 58, 4: 35, 5: 22}","{1: 134, 2: 65, 3: 44, 4: 32, 5: 23}"
2.0,0.025,0.14,8,False,False,0.660932892679077,-0.00032766570015596574,0.14555200938628549,3,2,1,0.3333333333333333,0,0,0,"{1: 123, 2: 60, 3: 58, 4: 35, 5: 22}","{1: 134, 2: 65, 3: 44, 4: 32, 5: 23}"
2.0,0.025,0.14,8,True,True,0.660932892679077,-0.00032766570015596574,0.14555200938628549,3,2,1,0.3333333333333333,0,0,0,"{1: 123, 2: 60, 3: 58, 4: 35, 5: 22}","{1: 134, 2: 65, 3: 44, 4: 32, 5: 23}"
2.0,0.025,0.14,8,True,False,0.660932892679077,-0.00032766570015596574,0.14555200938628549,3,2,1,0.3333333333333333,0,0,0,"{1: 123, 2: 60, 3: 58, 4: 35, 5: 22}","{1: 134, 2: 65, 3: 44, 4: 32, 5: 23}"
2.0,0.025,0.14,10,False,True,0.660932892679077,-0.00032766570015596574,0.14555200938628549,3,2,1,0.3333333333333333,0,0,0,"{1: 123, 2: 60, 3: 58, 4: 35, 5: 22}","{1: 134, 2: 65, 3: 44, 4: 32, 5: 23}"
2.0,0.025,0.14,10,False,False,0.660932892679077,-0.00032766570015596574,0.14555200938628549,3,2,1,0.3333333333333333,0,0,0,"{1: 123, 2: 60, 3: 58, 4: 35, 5: 22}","{1: 134, 2: 65, 3: 44, 4: 32, 5: 23}"
2.0,0.025,0.14,10,True,True,0.660932892679077,-0.00032766570015596574,0.14555200938628549,3,2,1,0.3333333333333333,0,0,0,"{1: 123, 2: 60, 3: 58, 4: 35, 5: 22}","{1: 134, 2: 65, 3: 44, 4: 32, 5: 23}"
2.0,0.025,0.14,10,True,False,0.660932892679077,-0.00032766570015596574,0.14555200938628549,3,2,1,0.3333333333333333,0,0,0,"{1: 123, 2: 60, 3: 58, 4: 35, 5: 22}","{1: 134, 2: 65, 3: 44, 4: 32, 5: 23}"
2.0,0.025,0.14,12,False,True,0.660932892679077,-0.00032766570015596574,0.14555200938628549,3,2,1,0.3333333333333333,0,0,0,"{1: 123, 2: 60, 3: 58, 4: 35, 5: 22}","{1: 134, 2: 65, 3: 44, 4: 32, 5: 23}"
2.0,0.025,0.14,12,False,False,0.660932892679077,-0.00032766570015596574,0.14555200938628549,3,2,1,0.3333333333333333,0,0,0,"{1: 123, 2: 60, 3: 58, 4: 35, 5: 22}","{1: 134, 2: 65, 3: 44, 4: 32, 5: 23}"
2.0,0.025,0.14,12,True,True,0.660932892679077,-0.00032766570015596574,0.14555200938628549,3,2,1,0.3333333333333333,0,0,0,"{1: 123, 2: 60, 3: 58, 4: 35, 5: 22}","{1: 134, 2: 65, 3: 44, 4: 32, 5: 23}"
2.0,0.025,0.14,12,True,False,0.660932892679077,-0.00032766570015596574,0.14555200938628549,3,2,1,0.3333333333333333,0,0,0,"{1: 123, 2: 60, 3: 58, 4: 35, 5: 22}","{1: 134, 2: 65, 3: 44, 4: 32, 5: 23}"
1.0,0.04,0.08,10,False,False,0.6609307063671401,-0.0003298520120927906,0.15505669983800044,10,6,4,0.2,2,3,4,"{1: 125, 2: 58, 3: 59, 4: 34, 5: 22}","{1: 137, 2: 63, 3: 43, 4: 32, 5: 23}"
1.0,0.025,0.08,12,False,False,0.6609286913220989,-0.00033186705713406095,0.1483452904420273,12,6,6,0.0,3,2,1,"{1: 125, 2: 58, 3: 58, 4: 35, 5: 22}","{1: 135, 2: 64, 3: 44, 4: 32, 5: 23}"
0.5,0.08,0.04,3,False,True,0.6609256853556844,-0.0003348730235485098,0.14555200938628549,3,1,2,-0.3333333333333333,0,3,3,"{1: 123, 2: 60, 3: 58, 4: 38, 5: 19}","{1: 134, 2: 65, 3: 46, 4: 31, 5: 22}"
0.5,0.08,0.04,3,False,False,0.6609256853556844,-0.0003348730235485098,0.14555200938628549,3,1,2,-0.3333333333333333,1,3,3,"{1: 123, 2: 60, 3: 58, 4: 38, 5: 19}","{1: 134, 2: 65, 3: 46, 4: 31, 5: 22}"
0.5,0.08,0.04,3,True,True,0.6609256853556844,-0.0003348730235485098,0.14555200938628549,3,1,2,-0.3333333333333333,0,3,3,"{1: 123, 2: 60, 3: 58, 4: 38, 5: 19}","{1: 134, 2: 65, 3: 46, 4: 31, 5: 22}"
0.5,0.08,0.04,3,True,False,0.6609256853556844,-0.0003348730235485098,0.14555200938628549,3,1,2,-0.3333333333333333,0,3,3,"{1: 123, 2: 60, 3: 58, 4: 38, 5: 19}","{1: 134, 2: 65, 3: 46, 4: 31, 5: 22}"
1.0,0.08,0.04,3,False,True,0.6609256853556844,-0.0003348730235485098,0.14555200938628549,3,1,2,-0.3333333333333333,0,3,3,"{1: 123, 2: 60, 3: 58, 4: 38, 5: 19}","{1: 134, 2: 65, 3: 46, 4: 31, 5: 22}"
1.0,0.08,0.04,3,False,False,0.6609256853556844,-0.0003348730235485098,0.14555200938628549,3,1,2,-0.3333333333333333,1,3,3,"{1: 123, 2: 60, 3: 58, 4: 38, 5: 19}","{1: 134, 2: 65, 3: 46, 4: 31, 5: 22}"
1.0,0.08,0.04,3,True,True,0.6609256853556844,-0.0003348730235485098,0.14555200938628549,3,1,2,-0.3333333333333333,0,3,3,"{1: 123, 2: 60, 3: 58, 4: 38, 5: 19}","{1: 134, 2: 65, 3: 46, 4: 31, 5: 22}"
1.0,0.08,0.04,3,True,False,0.6609256853556844,-0.0003348730235485098,0.14555200938628549,3,1,2,-0.3333333333333333,0,3,3,"{1: 123, 2: 60, 3: 58, 4: 38, 5: 19}","{1: 134, 2: 65, 3: 46, 4: 31, 5: 22}"
2.0,0.08,0.04,3,False,True,0.6609256853556844,-0.0003348730235485098,0.14555200938628549,3,1,2,-0.3333333333333333,0,3,3,"{1: 123, 2: 60, 3: 58, 4: 38, 5: 19}","{1: 134, 2: 65, 3: 46, 4: 31, 5: 22}"
2.0,0.08,0.04,3,False,False,0.6609256853556844,-0.0003348730235485098,0.14555200938628549,3,1,2,-0.3333333333333333,1,3,3,"{1: 123, 2: 60, 3: 58, 4: 38, 5: 19}","{1: 134, 2: 65, 3: 46, 4: 31, 5: 22}"
2.0,0.08,0.04,3,True,True,0.6609256853556844,-0.0003348730235485098,0.14555200938628549,3,1,2,-0.3333333333333333,0,3,3,"{1: 123, 2: 60, 3: 58, 4: 38, 5: 19}","{1: 134, 2: 65, 3: 46, 4: 31, 5: 22}"
2.0,0.08,0.04,3,True,False,0.6609256853556844,-0.0003348730235485098,0.14555200938628549,3,1,2,-0.3333333333333333,0,3,3,"{1: 123, 2: 60, 3: 58, 4: 38, 5: 19}","{1: 134, 2: 65, 3: 46, 4: 31, 5: 22}"
2.0,0.08,0.06,3,False,True,0.6609256853556844,-0.0003348730235485098,0.14555200938628549,3,1,2,-0.3333333333333333,0,3,3,"{1: 123, 2: 60, 3: 58, 4: 38, 5: 19}","{1: 134, 2: 65, 3: 46, 4: 31, 5: 22}"
2.0,0.08,0.06,3,False,False,0.6609256853556844,-0.0003348730235485098,0.14555200938628549,3,1,2,-0.3333333333333333,1,3,3,"{1: 123, 2: 60, 3: 58, 4: 38, 5: 19}","{1: 134, 2: 65, 3: 46, 4: 31, 5: 22}"
2.0,0.08,0.06,3,True,True,0.6609256853556844,-0.0003348730235485098,0.14555200938628549,3,1,2,-0.3333333333333333,0,3,3,"{1: 123, 2: 60, 3: 58, 4: 38, 5: 19}","{1: 134, 2: 65, 3: 46, 4: 31, 5: 22}"
2.0,0.08,0.06,3,True,False,0.6609256853556844,-0.0003348730235485098,0.14555200938628549,3,1,2,-0.3333333333333333,0,3,3,"{1: 123, 2: 60, 3: 58, 4: 38, 5: 19}","{1: 134, 2: 65, 3: 46, 4: 31, 5: 22}"
0.5,0.06,0.04,3,False,True,0.6609256853556844,-0.0003348730235485098,0.14665801951529306,3,1,2,-0.3333333333333333,0,3,3,"{1: 123, 2: 60, 3: 59, 4: 36, 5: 20}","{1: 134, 2: 65, 3: 46, 4: 31, 5: 22}"
0.5,0.06,0.04,3,False,False,0.6609256853556844,-0.0003348730235485098,0.14665801951529306,3,1,2,-0.3333333333333333,1,3,3,"{1: 123, 2: 60, 3: 59, 4: 36, 5: 20}","{1: 134, 2: 65, 3: 46, 4: 31, 5: 22}"
0.5,0.06,0.04,3,True,True,0.6609256853556844,-0.0003348730235485098,0.14665801951529306,3,1,2,-0.3333333333333333,0,3,3,"{1: 123, 2: 60, 3: 59, 4: 36, 5: 20}","{1: 134, 2: 65, 3: 46, 4: 31, 5: 22}"
0.5,0.06,0.04,3,True,False,0.6609256853556844,-0.0003348730235485098,0.14665801951529306,3,1,2,-0.3333333333333333,0,3,3,"{1: 123, 2: 60, 3: 59, 4: 36, 5: 20}","{1: 134, 2: 65, 3: 46, 4: 31, 5: 22}"
1.0,0.06,0.04,3,False,True,0.6609256853556844,-0.0003348730235485098,0.14665801951529306,3,1,2,-0.3333333333333333,0,3,3,"{1: 123, 2: 60, 3: 59, 4: 36, 5: 20}","{1: 134, 2: 65, 3: 46, 4: 31, 5: 22}"
1.0,0.06,0.04,3,False,False,0.6609256853556844,-0.0003348730235485098,0.14665801951529306,3,1,2,-0.3333333333333333,1,3,3,"{1: 123, 2: 60, 3: 59, 4: 36, 5: 20}","{1: 134, 2: 65, 3: 46, 4: 31, 5: 22}"
1.0,0.06,0.04,3,True,True,0.6609256853556844,-0.0003348730235485098,0.14665801951529306,3,1,2,-0.3333333333333333,0,3,3,"{1: 123, 2: 60, 3: 59, 4: 36, 5: 20}","{1: 134, 2: 65, 3: 46, 4: 31, 5: 22}"
1.0,0.06,0.04,3,True,False,0.6609256853556844,-0.0003348730235485098,0.14665801951529306,3,1,2,-0.3333333333333333,0,3,3,"{1: 123, 2: 60, 3: 59, 4: 36, 5: 20}","{1: 134, 2: 65, 3: 46, 4: 31, 5: 22}"
1.0,0.08,0.06,3,False,True,0.6609256853556844,-0.0003348730235485098,0.14665801951529306,3,1,2,-0.3333333333333333,0,3,3,"{1: 123, 2: 60, 3: 58, 4: 38, 5: 19}","{1: 134, 2: 65, 3: 47, 4: 29, 5: 23}"
1.0,0.08,0.06,3,False,False,0.6609256853556844,-0.0003348730235485098,0.14665801951529306,3,1,2,-0.3333333333333333,1,3,3,"{1: 123, 2: 60, 3: 58, 4: 38, 5: 19}","{1: 134, 2: 65, 3: 47, 4: 29, 5: 23}"
1.0,0.08,0.06,3,True,True,0.6609256853556844,-0.0003348730235485098,0.14665801951529306,3,1,2,-0.3333333333333333,0,3,3,"{1: 123, 2: 60, 3: 58, 4: 38, 5: 19}","{1: 134, 2: 65, 3: 47, 4: 29, 5: 23}"
1.0,0.08,0.06,3,True,False,0.6609256853556844,-0.0003348730235485098,0.14665801951529306,3,1,2,-0.3333333333333333,0,3,3,"{1: 123, 2: 60, 3: 58, 4: 38, 5: 19}","{1: 134, 2: 65, 3: 47, 4: 29, 5: 23}"
2.0,0.06,0.04,3,False,True,0.6609256853556844,-0.0003348730235485098,0.14665801951529306,3,1,2,-0.3333333333333333,0,3,3,"{1: 123, 2: 60, 3: 59, 4: 36, 5: 20}","{1: 134, 2: 65, 3: 46, 4: 31, 5: 22}"
2.0,0.06,0.04,3,False,False,0.6609256853556844,-0.0003348730235485098,0.14665801951529306,3,1,2,-0.3333333333333333,1,3,3,"{1: 123, 2: 60, 3: 59, 4: 36, 5: 20}","{1: 134, 2: 65, 3: 46, 4: 31, 5: 22}"
2.0,0.06,0.04,3,True,True,0.6609256853556844,-0.0003348730235485098,0.14665801951529306,3,1,2,-0.3333333333333333,0,3,3,"{1: 123, 2: 60, 3: 59, 4: 36, 5: 20}","{1: 134, 2: 65, 3: 46, 4: 31, 5: 22}"
2.0,0.06,0.04,3,True,False,0.6609256853556844,-0.0003348730235485098,0.14665801951529306,3,1,2,-0.3333333333333333,0,3,3,"{1: 123, 2: 60, 3: 59, 4: 36, 5: 20}","{1: 134, 2: 65, 3: 46, 4: 31, 5: 22}"
2.0,0.06,0.06,3,False,True,0.6609256853556844,-0.0003348730235485098,0.14665801951529306,3,1,2,-0.3333333333333333,0,3,3,"{1: 123, 2: 60, 3: 59, 4: 36, 5: 20}","{1: 134, 2: 65, 3: 46, 4: 31, 5: 22}"
2.0,0.06,0.06,3,False,False,0.6609256853556844,-0.0003348730235485098,0.14665801951529306,3,1,2,-0.3333333333333333,1,3,3,"{1: 123, 2: 60, 3: 59, 4: 36, 5: 20}","{1: 134, 2: 65, 3: 46, 4: 31, 5: 22}"
2.0,0.06,0.06,3,True,True,0.6609256853556844,-0.0003348730235485098,0.14665801951529306,3,1,2,-0.3333333333333333,0,3,3,"{1: 123, 2: 60, 3: 59, 4: 36, 5: 20}","{1: 134, 2: 65, 3: 46, 4: 31, 5: 22}"
2.0,0.06,0.06,3,True,False,0.6609256853556844,-0.0003348730235485098,0.14665801951529306,3,1,2,-0.3333333333333333,0,3,3,"{1: 123, 2: 60, 3: 59, 4: 36, 5: 20}","{1: 134, 2: 65, 3: 46, 4: 31, 5: 22}"
1.0,0.06,0.06,3,False,True,0.6609256853556844,-0.0003348730235485098,0.14890771408427206,3,1,2,-0.3333333333333333,0,3,3,"{1: 123, 2: 60, 3: 59, 4: 36, 5: 20}","{1: 134, 2: 66, 3: 45, 4: 30, 5: 23}"
1.0,0.06,0.06,3,False,False,0.6609256853556844,-0.0003348730235485098,0.14890771408427206,3,1,2,-0.3333333333333333,1,3,3,"{1: 123, 2: 60, 3: 59, 4: 36, 5: 20}","{1: 134, 2: 66, 3: 45, 4: 30, 5: 23}"
1.0,0.06,0.06,3,True,True,0.6609256853556844,-0.0003348730235485098,0.14890771408427206,3,1,2,-0.3333333333333333,0,3,3,"{1: 123, 2: 60, 3: 59, 4: 36, 5: 20}","{1: 134, 2: 66, 3: 45, 4: 30, 5: 23}"
1.0,0.06,0.06,3,True,False,0.6609256853556844,-0.0003348730235485098,0.14890771408427206,3,1,2,-0.3333333333333333,0,3,3,"{1: 123, 2: 60, 3: 59, 4: 36, 5: 20}","{1: 134, 2: 66, 3: 45, 4: 30, 5: 23}"
0.5,0.06,0.06,3,False,True,0.6609256853556844,-0.0003348730235485098,0.15226341878225863,3,1,2,-0.3333333333333333,0,3,3,"{1: 123, 2: 60, 3: 60, 4: 34, 5: 21}","{1: 134, 2: 67, 3: 43, 4: 31, 5: 23}"
0.5,0.06,0.06,3,False,False,0.6609256853556844,-0.0003348730235485098,0.15226341878225863,3,1,2,-0.3333333333333333,1,3,3,"{1: 123, 2: 60, 3: 60, 4: 34, 5: 21}","{1: 134, 2: 67, 3: 43, 4: 31, 5: 23}"
0.5,0.06,0.06,3,True,True,0.6609256853556844,-0.0003348730235485098,0.15226341878225863,3,1,2,-0.3333333333333333,0,3,3,"{1: 123, 2: 60, 3: 60, 4: 34, 5: 21}","{1: 134, 2: 67, 3: 43, 4: 31, 5: 23}"
0.5,0.06,0.06,3,True,False,0.6609256853556844,-0.0003348730235485098,0.15226341878225863,3,1,2,-0.3333333333333333,0,3,3,"{1: 123, 2: 60, 3: 60, 4: 34, 5: 21}","{1: 134, 2: 67, 3: 43, 4: 31, 5: 23}"
1.0,0.06,0.08,3,False,False,0.6609256853556844,-0.0003348730235485098,0.15226341878225863,3,1,2,-0.3333333333333333,1,3,3,"{1: 123, 2: 61, 3: 59, 4: 33, 5: 22}","{1: 136, 2: 64, 3: 43, 4: 32, 5: 23}"
1.0,0.08,0.08,3,False,False,0.6609256853556844,-0.0003348730235485098,0.15226341878225863,3,1,2,-0.3333333333333333,1,3,3,"{1: 123, 2: 61, 3: 59, 4: 33, 5: 22}","{1: 134, 2: 66, 3: 45, 4: 30, 5: 23}"
2.0,0.06,0.08,3,False,False,0.6609256853556844,-0.0003348730235485098,0.15226341878225863,3,1,2,-0.3333333333333333,1,3,3,"{1: 123, 2: 61, 3: 59, 4: 33, 5: 22}","{1: 136, 2: 64, 3: 43, 4: 32, 5: 23}"
0.5,0.08,0.06,3,False,True,0.6609256853556844,-0.0003348730235485098,0.1533694289112662,3,1,2,-0.3333333333333333,0,3,3,"{1: 123, 2: 60, 3: 60, 4: 34, 5: 21}","{1: 134, 2: 65, 3: 47, 4: 29, 5: 23}"
0.5,0.08,0.06,3,False,False,0.6609256853556844,-0.0003348730235485098,0.1533694289112662,3,1,2,-0.3333333333333333,1,3,3,"{1: 123, 2: 60, 3: 60, 4: 34, 5: 21}","{1: 134, 2: 65, 3: 47, 4: 29, 5: 23}"
0.5,0.08,0.06,3,True,True,0.6609256853556844,-0.0003348730235485098,0.1533694289112662,3,1,2,-0.3333333333333333,0,3,3,"{1: 123, 2: 60, 3: 60, 4: 34, 5: 21}","{1: 134, 2: 65, 3: 47, 4: 29, 5: 23}"
0.5,0.08,0.06,3,True,False,0.6609256853556844,-0.0003348730235485098,0.1533694289112662,3,1,2,-0.3333333333333333,0,3,3,"{1: 123, 2: 60, 3: 60, 4: 34, 5: 21}","{1: 134, 2: 65, 3: 47, 4: 29, 5: 23}"
2.0,0.08,0.08,3,False,False,0.6609256853556844,-0.0003348730235485098,0.1533694289112662,3,1,2,-0.3333333333333333,1,3,3,"{1: 123, 2: 60, 3: 61, 4: 32, 5: 22}","{1: 134, 2: 66, 3: 45, 4: 30, 5: 23}"
1.0,0.025,0.1,5,False,True,0.6609236758262387,-0.0003368825529942443,0.14555200938628546,5,3,2,0.2,0,1,0,"{1: 124, 2: 59, 3: 58, 4: 35, 5: 22}","{1: 134, 2: 65, 3: 44, 4: 32, 5: 23}"
1.0,0.025,0.1,5,False,False,0.6609236758262387,-0.0003368825529942443,0.14555200938628546,5,3,2,0.2,0,1,0,"{1: 124, 2: 59, 3: 58, 4: 35, 5: 22}","{1: 134, 2: 65, 3: 44, 4: 32, 5: 23}"
1.0,0.025,0.1,5,True,True,0.6609236758262387,-0.0003368825529942443,0.14555200938628546,5,3,2,0.2,0,1,0,"{1: 124, 2: 59, 3: 58, 4: 35, 5: 22}","{1: 134, 2: 65, 3: 44, 4: 32, 5: 23}"
1.0,0.025,0.1,5,True,False,0.6609236758262387,-0.0003368825529942443,0.14555200938628546,5,3,2,0.2,0,1,0,"{1: 124, 2: 59, 3: 58, 4: 35, 5: 22}","{1: 134, 2: 65, 3: 44, 4: 32, 5: 23}"
2.0,0.025,0.1,5,False,True,0.6609236758262387,-0.0003368825529942443,0.14555200938628549,5,3,2,0.2,0,2,0,"{1: 125, 2: 58, 3: 58, 4: 35, 5: 22}","{1: 134, 2: 65, 3: 44, 4: 32, 5: 23}"
2.0,0.025,0.1,5,False,False,0.6609236758262387,-0.0003368825529942443,0.14555200938628549,5,3,2,0.2,0,2,0,"{1: 125, 2: 58, 3: 58, 4: 35, 5: 22}","{1: 134, 2: 65, 3: 44, 4: 32, 5: 23}"
2.0,0.025,0.1,5,True,True,0.6609236758262387,-0.0003368825529942443,0.14555200938628549,5,3,2,0.2,0,2,0,"{1: 125, 2: 58, 3: 58, 4: 35, 5: 22}","{1: 134, 2: 65, 3: 44, 4: 32, 5: 23}"
2.0,0.025,0.1,5,True,False,0.6609236758262387,-0.0003368825529942443,0.14555200938628549,5,3,2,0.2,0,2,0,"{1: 125, 2: 58, 3: 58, 4: 35, 5: 22}","{1: 134, 2: 65, 3: 44, 4: 32, 5: 23}"
0.5,0.025,0.04,12,False,True,0.6609214808557022,-0.0003390775235306842,0.16233053287621832,12,6,6,0.0,0,5,6,"{1: 125, 2: 61, 3: 55, 4: 35, 5: 22}","{1: 137, 2: 64, 3: 43, 4: 31, 5: 23}"
0.5,0.025,0.04,12,True,True,0.6609214808557022,-0.0003390775235306842,0.16233053287621832,12,6,6,0.0,0,5,6,"{1: 125, 2: 61, 3: 55, 4: 35, 5: 22}","{1: 137, 2: 64, 3: 43, 4: 31, 5: 23}"
0.5,0.025,0.04,12,True,False,0.6609214808557022,-0.0003390775235306842,0.16233053287621832,12,6,6,0.0,0,5,6,"{1: 125, 2: 61, 3: 55, 4: 35, 5: 22}","{1: 137, 2: 64, 3: 43, 4: 31, 5: 23}"
0.5,0.08,0.1,5,False,False,0.6609200685407669,-0.0003404898384660182,0.15505669983800044,5,3,2,0.2,1,4,4,"{1: 125, 2: 59, 3: 58, 4: 34, 5: 22}","{1: 137, 2: 63, 3: 43, 4: 32, 5: 23}"
1.0,0.08,0.1,5,False,False,0.6609200685407669,-0.0003404898384660182,0.15841240453598704,5,3,2,0.2,1,5,5,"{1: 126, 2: 58, 3: 58, 4: 34, 5: 22}","{1: 137, 2: 63, 3: 44, 4: 31, 5: 23}"
2.0,0.08,0.08,5,False,True,0.660916456720833,-0.00034410165839993123,0.1556191234802452,5,2,3,-0.2,0,5,5,"{1: 124, 2: 61, 3: 58, 4: 33, 5: 22}","{1: 136, 2: 64, 3: 45, 4: 30, 5: 23}"
2.0,0.08,0.08,5,True,True,0.660916456720833,-0.00034410165839993123,0.1556191234802452,5,2,3,-0.2,0,5,5,"{1: 124, 2: 61, 3: 58, 4: 33, 5: 22}","{1: 136, 2: 64, 3: 45, 4: 30, 5: 23}"
2.0,0.08,0.08,5,True,False,0.660916456720833,-0.00034410165839993123,0.1556191234802452,5,2,3,-0.2,0,5,5,"{1: 124, 2: 61, 3: 58, 4: 33, 5: 22}","{1: 136, 2: 64, 3: 45, 4: 30, 5: 23}"
0.5,0.04,0.06,5,False,False,0.660916456720833,-0.00034410165839993123,0.16233053287621832,5,3,2,0.2,2,5,5,"{1: 126, 2: 58, 3: 58, 4: 34, 5: 22}","{1: 134, 2: 69, 3: 41, 4: 31, 5: 23}"
0.5,0.04,0.04,5,False,False,0.660916456720833,-0.00034410165839993123,0.16233053287621835,5,3,2,0.2,2,5,5,"{1: 123, 2: 63, 3: 56, 4: 35, 5: 21}","{1: 134, 2: 67, 3: 44, 4: 31, 5: 22}"
1.0,0.04,0.04,5,False,False,0.660916456720833,-0.00034410165839993123,0.16233053287621835,5,3,2,0.2,2,5,5,"{1: 123, 2: 63, 3: 56, 4: 35, 5: 21}","{1: 134, 2: 67, 3: 44, 4: 31, 5: 22}"
2.0,0.04,0.04,5,False,False,0.660916456720833,-0.00034410165839993123,0.16233053287621835,5,3,2,0.2,2,5,5,"{1: 123, 2: 63, 3: 56, 4: 35, 5: 21}","{1: 134, 2: 67, 3: 44, 4: 31, 5: 22}"
2.0,0.04,0.06,5,False,False,0.660916456720833,-0.00034410165839993123,0.16233053287621835,5,3,2,0.2,2,5,5,"{1: 123, 2: 63, 3: 56, 4: 35, 5: 21}","{1: 134, 2: 67, 3: 44, 4: 31, 5: 22}"
1.0,0.025,0.04,5,False,False,0.660916456720833,-0.00034410165839993123,0.16568623757420492,5,2,3,-0.2,2,5,5,"{1: 125, 2: 61, 3: 55, 4: 35, 5: 22}","{1: 135, 2: 67, 3: 42, 4: 31, 5: 23}"
1.0,0.04,0.06,5,False,False,0.660916456720833,-0.00034410165839993123,0.16568623757420492,5,3,2,0.2,2,5,5,"{1: 123, 2: 63, 3: 56, 4: 35, 5: 21}","{1: 134, 2: 68, 3: 43, 4: 30, 5: 23}"
2.0,0.025,0.04,5,False,False,0.660916456720833,-0.00034410165839993123,0.16568623757420492,5,2,3,-0.2,2,5,5,"{1: 125, 2: 61, 3: 55, 4: 35, 5: 22}","{1: 135, 2: 67, 3: 42, 4: 31, 5: 23}"
2.0,0.04,0.14,4,False,True,0.6608946188944513,-0.00036593948478158556,0.14555200938628546,4,2,2,0.0,0,0,1,"{1: 123, 2: 60, 3: 58, 4: 35, 5: 22}","{1: 135, 2: 64, 3: 44, 4: 32, 5: 23}"
2.0,0.04,0.14,4,False,False,0.6608946188944513,-0.00036593948478158556,0.14555200938628546,4,2,2,0.0,0,0,1,"{1: 123, 2: 60, 3: 58, 4: 35, 5: 22}","{1: 135, 2: 64, 3: 44, 4: 32, 5: 23}"
2.0,0.04,0.14,4,True,True,0.6608946188944513,-0.00036593948478158556,0.14555200938628546,4,2,2,0.0,0,0,1,"{1: 123, 2: 60, 3: 58, 4: 35, 5: 22}","{1: 135, 2: 64, 3: 44, 4: 32, 5: 23}"
2.0,0.04,0.14,4,True,False,0.6608946188944513,-0.00036593948478158556,0.14555200938628546,4,2,2,0.0,0,0,1,"{1: 123, 2: 60, 3: 58, 4: 35, 5: 22}","{1: 135, 2: 64, 3: 44, 4: 32, 5: 23}"
2.0,0.04,0.14,5,False,True,0.6608946188944513,-0.00036593948478158556,0.14555200938628546,4,2,2,0.0,0,0,1,"{1: 123, 2: 60, 3: 58, 4: 35, 5: 22}","{1: 135, 2: 64, 3: 44, 4: 32, 5: 23}"
2.0,0.04,0.14,5,False,False,0.6608946188944513,-0.00036593948478158556,0.14555200938628546,4,2,2,0.0,0,0,1,"{1: 123, 2: 60, 3: 58, 4: 35, 5: 22}","{1: 135, 2: 64, 3: 44, 4: 32, 5: 23}"
2.0,0.04,0.14,5,True,True,0.6608946188944513,-0.00036593948478158556,0.14555200938628546,4,2,2,0.0,0,0,1,"{1: 123, 2: 60, 3: 58, 4: 35, 5: 22}","{1: 135, 2: 64, 3: 44, 4: 32, 5: 23}"
2.0,0.04,0.14,5,True,False,0.6608946188944513,-0.00036593948478158556,0.14555200938628546,4,2,2,0.0,0,0,1,"{1: 123, 2: 60, 3: 58, 4: 35, 5: 22}","{1: 135, 2: 64, 3: 44, 4: 32, 5: 23}"
2.0,0.04,0.14,6,False,True,0.6608946188944513,-0.00036593948478158556,0.14555200938628546,4,2,2,0.0,0,0,1,"{1: 123, 2: 60, 3: 58, 4: 35, 5: 22}","{1: 135, 2: 64, 3: 44, 4: 32, 5: 23}"
2.0,0.04,0.14,6,False,False,0.6608946188944513,-0.00036593948478158556,0.14555200938628546,4,2,2,0.0,0,0,1,"{1: 123, 2: 60, 3: 58, 4: 35, 5: 22}","{1: 135, 2: 64, 3: 44, 4: 32, 5: 23}"
2.0,0.04,0.14,6,True,True,0.6608946188944513,-0.00036593948478158556,0.14555200938628546,4,2,2,0.0,0,0,1,"{1: 123, 2: 60, 3: 58, 4: 35, 5: 22}","{1: 135, 2: 64, 3: 44, 4: 32, 5: 23}"
2.0,0.04,0.14,6,True,False,0.6608946188944513,-0.00036593948478158556,0.14555200938628546,4,2,2,0.0,0,0,1,"{1: 123, 2: 60, 3: 58, 4: 35, 5: 22}","{1: 135, 2: 64, 3: 44, 4: 32, 5: 23}"
2.0,0.04,0.14,8,False,True,0.6608946188944513,-0.00036593948478158556,0.14555200938628546,4,2,2,0.0,0,0,1,"{1: 123, 2: 60, 3: 58, 4: 35, 5: 22}","{1: 135, 2: 64, 3: 44, 4: 32, 5: 23}"
2.0,0.04,0.14,8,False,False,0.6608946188944513,-0.00036593948478158556,0.14555200938628546,4,2,2,0.0,0,0,1,"{1: 123, 2: 60, 3: 58, 4: 35, 5: 22}","{1: 135, 2: 64, 3: 44, 4: 32, 5: 23}"
2.0,0.04,0.14,8,True,True,0.6608946188944513,-0.00036593948478158556,0.14555200938628546,4,2,2,0.0,0,0,1,"{1: 123, 2: 60, 3: 58, 4: 35, 5: 22}","{1: 135, 2: 64, 3: 44, 4: 32, 5: 23}"
2.0,0.04,0.14,8,True,False,0.6608946188944513,-0.00036593948478158556,0.14555200938628546,4,2,2,0.0,0,0,1,"{1: 123, 2: 60, 3: 58, 4: 35, 5: 22}","{1: 135, 2: 64, 3: 44, 4: 32, 5: 23}"
2.0,0.04,0.14,10,False,True,0.6608946188944513,-0.00036593948478158556,0.14555200938628546,4,2,2,0.0,0,0,1,"{1: 123, 2: 60, 3: 58, 4: 35, 5: 22}","{1: 135, 2: 64, 3: 44, 4: 32, 5: 23}"
2.0,0.04,0.14,10,False,False,0.6608946188944513,-0.00036593948478158556,0.14555200938628546,4,2,2,0.0,0,0,1,"{1: 123, 2: 60, 3: 58, 4: 35, 5: 22}","{1: 135, 2: 64, 3: 44, 4: 32, 5: 23}"
2.0,0.04,0.14,10,True,True,0.6608946188944513,-0.00036593948478158556,0.14555200938628546,4,2,2,0.0,0,0,1,"{1: 123, 2: 60, 3: 58, 4: 35, 5: 22}","{1: 135, 2: 64, 3: 44, 4: 32, 5: 23}"
2.0,0.04,0.14,10,True,False,0.6608946188944513,-0.00036593948478158556,0.14555200938628546,4,2,2,0.0,0,0,1,"{1: 123, 2: 60, 3: 58, 4: 35, 5: 22}","{1: 135, 2: 64, 3: 44, 4: 32, 5: 23}"
2.0,0.04,0.14,12,False,True,0.6608946188944513,-0.00036593948478158556,0.14555200938628546,4,2,2,0.0,0,0,1,"{1: 123, 2: 60, 3: 58, 4: 35, 5: 22}","{1: 135, 2: 64, 3: 44, 4: 32, 5: 23}"
2.0,0.04,0.14,12,False,False,0.6608946188944513,-0.00036593948478158556,0.14555200938628546,4,2,2,0.0,0,0,1,"{1: 123, 2: 60, 3: 58, 4: 35, 5: 22}","{1: 135, 2: 64, 3: 44, 4: 32, 5: 23}"
2.0,0.04,0.14,12,True,True,0.6608946188944513,-0.00036593948478158556,0.14555200938628546,4,2,2,0.0,0,0,1,"{1: 123, 2: 60, 3: 58, 4: 35, 5: 22}","{1: 135, 2: 64, 3: 44, 4: 32, 5: 23}"
2.0,0.04,0.14,12,True,False,0.6608946188944513,-0.00036593948478158556,0.14555200938628546,4,2,2,0.0,0,0,1,"{1: 123, 2: 60, 3: 58, 4: 35, 5: 22}","{1: 135, 2: 64, 3: 44, 4: 32, 5: 23}"
1.0,0.08,0.1,4,False,True,0.6608909941659666,-0.0003695642132662824,0.15226341878225863,4,2,2,0.0,0,4,4,"{1: 125, 2: 59, 3: 58, 4: 34, 5: 22}","{1: 136, 2: 64, 3: 44, 4: 31, 5: 23}"
1.0,0.08,0.1,4,True,True,0.6608909941659666,-0.0003695642132662824,0.15226341878225863,4,2,2,0.0,0,4,4,"{1: 125, 2: 59, 3: 58, 4: 34, 5: 22}","{1: 136, 2: 64, 3: 44, 4: 31, 5: 23}"
1.0,0.08,0.1,4,True,False,0.6608909941659666,-0.0003695642132662824,0.15226341878225863,4,2,2,0.0,0,4,4,"{1: 125, 2: 59, 3: 58, 4: 34, 5: 22}","{1: 136, 2: 64, 3: 44, 4: 31, 5: 23}"
0.5,0.08,0.1,4,False,True,0.6608909941659666,-0.0003695642132662824,0.15505669983800044,4,2,2,0.0,0,4,4,"{1: 125, 2: 59, 3: 58, 4: 34, 5: 22}","{1: 137, 2: 63, 3: 43, 4: 32, 5: 23}"
0.5,0.08,0.1,4,True,True,0.6608909941659666,-0.0003695642132662824,0.15505669983800044,4,2,2,0.0,0,4,4,"{1: 125, 2: 59, 3: 58, 4: 34, 5: 22}","{1: 137, 2: 63, 3: 43, 4: 32, 5: 23}"
0.5,0.08,0.1,4,True,False,0.6608909941659666,-0.0003695642132662824,0.15505669983800044,4,2,2,0.0,0,4,4,"{1: 125, 2: 59, 3: 58, 4: 34, 5: 22}","{1: 137, 2: 63, 3: 43, 4: 32, 5: 23}"
0.5,0.08,0.08,4,False,False,0.6608873648821101,-0.0003731934971228368,0.15226341878225863,4,2,2,0.0,1,4,4,"{1: 124, 2: 60, 3: 59, 4: 33, 5: 22}","{1: 136, 2: 64, 3: 44, 4: 31, 5: 23}"
1.0,0.06,0.08,4,False,True,0.6608873648821101,-0.0003731934971228368,0.15505669983800044,4,2,2,0.0,0,4,4,"{1: 125, 2: 59, 3: 58, 4: 34, 5: 22}","{1: 137, 2: 63, 3: 43, 4: 32, 5: 23}"
1.0,0.06,0.08,4,True,True,0.6608873648821101,-0.0003731934971228368,0.15505669983800044,4,2,2,0.0,0,4,4,"{1: 125, 2: 59, 3: 58, 4: 34, 5: 22}","{1: 137, 2: 63, 3: 43, 4: 32, 5: 23}"
1.0,0.06,0.08,4,True,False,0.6608873648821101,-0.0003731934971228368,0.15505669983800044,4,2,2,0.0,0,4,4,"{1: 125, 2: 59, 3: 58, 4: 34, 5: 22}","{1: 137, 2: 63, 3: 43, 4: 32, 5: 23}"
2.0,0.06,0.08,6,False,True,0.6608781370119898,-0.00038242136724309095,0.16176810923397364,6,3,3,0.0,0,6,5,"{1: 126, 2: 59, 3: 57, 4: 34, 5: 22}","{1: 138, 2: 62, 3: 43, 4: 32, 5: 23}"
2.0,0.06,0.08,6,True,True,0.6608781370119898,-0.00038242136724309095,0.16176810923397364,6,3,3,0.0,0,6,5,"{1: 126, 2: 59, 3: 57, 4: 34, 5: 22}","{1: 138, 2: 62, 3: 43, 4: 32, 5: 23}"
2.0,0.06,0.08,6,True,False,0.6608781370119898,-0.00038242136724309095,0.16176810923397364,6,3,3,0.0,0,6,5,"{1: 126, 2: 59, 3: 57, 4: 34, 5: 22}","{1: 138, 2: 62, 3: 43, 4: 32, 5: 23}"
1.0,0.06,0.08,6,False,True,0.6608781370119898,-0.00038242136724309095,0.16176810923397367,6,3,3,0.0,0,5,5,"{1: 126, 2: 58, 3: 58, 4: 34, 5: 22}","{1: 138, 2: 62, 3: 43, 4: 32, 5: 23}"
1.0,0.06,0.08,6,True,True,0.6608781370119898,-0.00038242136724309095,0.16176810923397367,6,3,3,0.0,0,5,5,"{1: 126, 2: 58, 3: 58, 4: 34, 5: 22}","{1: 138, 2: 62, 3: 43, 4: 32, 5: 23}"
1.0,0.06,0.08,6,True,False,0.6608781370119898,-0.00038242136724309095,0.16176810923397367,6,3,3,0.0,0,5,5,"{1: 126, 2: 58, 3: 58, 4: 34, 5: 22}","{1: 138, 2: 62, 3: 43, 4: 32, 5: 23}"
0.5,0.06,0.04,6,False,False,0.6608708529336056,-0.0003897054456273308,0.1589748281782318,6,3,3,0.0,2,6,6,"{1: 123, 2: 61, 3: 60, 4: 34, 5: 20}","{1: 134, 2: 68, 3: 43, 4: 31, 5: 22}"
1.0,0.06,0.04,6,False,False,0.6608708529336056,-0.0003897054456273308,0.1589748281782318,6,3,3,0.0,2,6,6,"{1: 123, 2: 61, 3: 60, 4: 34, 5: 20}","{1: 134, 2: 68, 3: 43, 4: 31, 5: 22}"
2.0,0.06,0.04,6,False,False,0.6608708529336056,-0.0003897054456273308,0.1589748281782318,6,3,3,0.0,2,6,6,"{1: 123, 2: 61, 3: 60, 4: 34, 5: 20}","{1: 134, 2: 68, 3: 43, 4: 31, 5: 22}"
2.0,0.06,0.06,6,False,False,0.6608708529336056,-0.0003897054456273308,0.1589748281782318,6,3,3,0.0,2,6,6,"{1: 123, 2: 61, 3: 60, 4: 34, 5: 20}","{1: 134, 2: 68, 3: 43, 4: 31, 5: 22}"
0.5,0.08,0.06,6,False,False,0.6608708529336056,-0.0003897054456273308,0.16008083830723935,6,3,3,0.0,2,6,6,"{1: 123, 2: 61, 3: 61, 4: 32, 5: 21}","{1: 134, 2: 68, 3: 44, 4: 29, 5: 23}"
1.0,0.08,0.06,6,False,False,0.6608708529336056,-0.0003897054456273308,0.16008083830723938,6,3,3,0.0,2,6,6,"{1: 123, 2: 60, 3: 61, 4: 35, 5: 19}","{1: 134, 2: 67, 3: 46, 4: 28, 5: 23}"
2.0,0.08,0.06,6,False,False,0.6608708529336056,-0.0003897054456273308,0.16008083830723938,6,3,3,0.0,2,6,6,"{1: 123, 2: 60, 3: 61, 4: 35, 5: 19}","{1: 134, 2: 66, 3: 47, 4: 29, 5: 22}"
0.5,0.08,0.04,6,False,False,0.6608708529336056,-0.0003897054456273308,0.1600808383072394,6,3,3,0.0,2,6,6,"{1: 123, 2: 60, 3: 60, 4: 37, 5: 18}","{1: 134, 2: 65, 3: 49, 4: 28, 5: 22}"
1.0,0.08,0.04,6,False,False,0.6608708529336056,-0.0003897054456273308,0.1600808383072394,6,3,3,0.0,2,6,6,"{1: 123, 2: 60, 3: 60, 4: 37, 5: 18}","{1: 134, 2: 65, 3: 49, 4: 28, 5: 22}"
2.0,0.08,0.04,6,False,False,0.6608708529336056,-0.0003897054456273308,0.1600808383072394,6,3,3,0.0,2,6,6,"{1: 123, 2: 60, 3: 60, 4: 37, 5: 18}","{1: 134, 2: 65, 3: 49, 4: 28, 5: 22}"
1.0,0.06,0.06,6,False,False,0.6608708529336056,-0.0003897054456273308,0.16233053287621838,6,3,3,0.0,2,6,6,"{1: 123, 2: 61, 3: 60, 4: 34, 5: 20}","{1: 134, 2: 69, 3: 42, 4: 30, 5: 23}"
0.5,0.06,0.06,6,False,False,0.6608708529336056,-0.0003897054456273308,0.16904194227219155,6,3,3,0.0,2,6,6,"{1: 123, 2: 62, 3: 59, 4: 33, 5: 21}","{1: 134, 2: 70, 3: 40, 4: 31, 5: 23}"
2.0,0.04,0.1,10,False,True,0.6608706069410367,-0.00038995143819620104,0.1517009951400139,10,5,5,0.0,0,2,3,"{1: 125, 2: 58, 3: 58, 4: 35, 5: 22}","{1: 136, 2: 64, 3: 43, 4: 32, 5: 23}"
2.0,0.04,0.1,10,True,True,0.6608706069410367,-0.00038995143819620104,0.1517009951400139,10,5,5,0.0,0,2,3,"{1: 125, 2: 58, 3: 58, 4: 35, 5: 22}","{1: 136, 2: 64, 3: 43, 4: 32, 5: 23}"
2.0,0.04,0.1,10,True,False,0.6608706069410367,-0.00038995143819620104,0.1517009951400139,10,5,5,0.0,0,2,3,"{1: 125, 2: 58, 3: 58, 4: 35, 5: 22}","{1: 136, 2: 64, 3: 43, 4: 32, 5: 23}"
2.0,0.04,0.1,12,False,True,0.6608706069410367,-0.00038995143819620104,0.1517009951400139,10,5,5,0.0,0,2,3,"{1: 125, 2: 58, 3: 58, 4: 35, 5: 22}","{1: 136, 2: 64, 3: 43, 4: 32, 5: 23}"
2.0,0.04,0.1,12,True,True,0.6608706069410367,-0.00038995143819620104,0.1517009951400139,10,5,5,0.0,0,2,3,"{1: 125, 2: 58, 3: 58, 4: 35, 5: 22}","{1: 136, 2: 64, 3: 43, 4: 32, 5: 23}"
2.0,0.04,0.1,12,True,False,0.6608706069410367,-0.00038995143819620104,0.1517009951400139,10,5,5,0.0,0,2,3,"{1: 125, 2: 58, 3: 58, 4: 35, 5: 22}","{1: 136, 2: 64, 3: 43, 4: 32, 5: 23}"
2.0,0.06,0.08,8,False,True,0.6608689086396419,-0.000391649739591049,0.16176810923397364,8,4,4,0.0,0,6,5,"{1: 126, 2: 59, 3: 57, 4: 34, 5: 22}","{1: 138, 2: 62, 3: 43, 4: 32, 5: 23}"
2.0,0.06,0.08,8,True,True,0.6608689086396419,-0.000391649739591049,0.16176810923397364,8,4,4,0.0,0,6,5,"{1: 126, 2: 59, 3: 57, 4: 34, 5: 22}","{1: 138, 2: 62, 3: 43, 4: 32, 5: 23}"
2.0,0.06,0.08,8,True,False,0.6608689086396419,-0.000391649739591049,0.16176810923397364,8,4,4,0.0,0,6,5,"{1: 126, 2: 59, 3: 57, 4: 34, 5: 22}","{1: 138, 2: 62, 3: 43, 4: 32, 5: 23}"
1.0,0.06,0.08,8,False,True,0.6608689086396419,-0.000391649739591049,0.16176810923397367,8,4,4,0.0,0,5,5,"{1: 126, 2: 58, 3: 58, 4: 34, 5: 22}","{1: 138, 2: 62, 3: 43, 4: 32, 5: 23}"
1.0,0.06,0.08,8,True,True,0.6608689086396419,-0.000391649739591049,0.16176810923397367,8,4,4,0.0,0,5,5,"{1: 126, 2: 58, 3: 58, 4: 34, 5: 22}","{1: 138, 2: 62, 3: 43, 4: 32, 5: 23}"
1.0,0.06,0.08,8,True,False,0.6608689086396419,-0.000391649739591049,0.16176810923397367,8,4,4,0.0,0,5,5,"{1: 126, 2: 58, 3: 58, 4: 34, 5: 22}","{1: 138, 2: 62, 3: 43, 4: 32, 5: 23}"
0.5,0.08,0.08,8,False,False,0.6608689086396419,-0.000391649739591049,0.1617681092339737,8,4,4,0.0,1,7,5,"{1: 127, 2: 57, 3: 59, 4: 33, 5: 22}","{1: 137, 2: 63, 3: 44, 4: 31, 5: 23}"
1.0,0.04,0.1,10,False,False,0.6608669691212306,-0.0003935892580023692,0.14890771408427203,10,6,4,0.2,2,1,3,"{1: 124, 2: 59, 3: 58, 4: 35, 5: 22}","{1: 136, 2: 64, 3: 43, 4: 32, 5: 23}"
0.5,0.04,0.1,10,False,False,0.6608669691212306,-0.0003935892580023692,0.14890771408427206,10,6,4,0.2,2,0,3,"{1: 123, 2: 60, 3: 58, 4: 35, 5: 22}","{1: 136, 2: 64, 3: 43, 4: 32, 5: 23}"
2.0,0.04,0.1,10,False,False,0.6608669691212306,-0.0003935892580023692,0.1517009951400139,10,6,4,0.2,2,2,3,"{1: 125, 2: 58, 3: 58, 4: 35, 5: 22}","{1: 136, 2: 64, 3: 43, 4: 32, 5: 23}"
1.0,0.06,0.08,10,False,True,0.660859679765025,-0.00040087861420790016,0.16176810923397367,10,5,5,0.0,0,5,5,"{1: 126, 2: 58, 3: 58, 4: 34, 5: 22}","{1: 138, 2: 62, 3: 43, 4: 32, 5: 23}"
1.0,0.06,0.08,10,True,True,0.660859679765025,-0.00040087861420790016,0.16176810923397367,10,5,5,0.0,0,5,5,"{1: 126, 2: 58, 3: 58, 4: 34, 5: 22}","{1: 138, 2: 62, 3: 43, 4: 32, 5: 23}"
1.0,0.06,0.08,10,True,False,0.660859679765025,-0.00040087861420790016,0.16176810923397367,10,5,5,0.0,0,5,5,"{1: 126, 2: 58, 3: 58, 4: 34, 5: 22}","{1: 138, 2: 62, 3: 43, 4: 32, 5: 23}"
0.5,0.08,0.08,3,False,True,0.6608582860191545,-0.00040227236007839284,0.15226341878225863,3,1,2,-0.3333333333333333,0,3,3,"{1: 124, 2: 60, 3: 58, 4: 34, 5: 22}","{1: 135, 2: 65, 3: 44, 4: 31, 5: 23}"
0.5,0.08,0.08,3,False,False,0.6608582860191545,-0.00040227236007839284,0.15226341878225863,3,1,2,-0.3333333333333333,0,3,3,"{1: 123, 2: 61, 3: 59, 4: 33, 5: 22}","{1: 135, 2: 65, 3: 44, 4: 31, 5: 23}"
0.5,0.08,0.08,3,True,True,0.6608582860191545,-0.00040227236007839284,0.15226341878225863,3,1,2,-0.3333333333333333,0,3,3,"{1: 124, 2: 60, 3: 58, 4: 34, 5: 22}","{1: 135, 2: 65, 3: 44, 4: 31, 5: 23}"
0.5,0.08,0.08,3,True,False,0.6608582860191545,-0.00040227236007839284,0.15226341878225863,3,1,2,-0.3333333333333333,0,3,3,"{1: 124, 2: 60, 3: 58, 4: 34, 5: 22}","{1: 135, 2: 65, 3: 44, 4: 31, 5: 23}"
0.5,0.025,0.04,3,False,True,0.6608582860191545,-0.00040227236007839284,0.16233053287621835,3,1,2,-0.3333333333333333,0,3,3,"{1: 123, 2: 63, 3: 55, 4: 35, 5: 22}","{1: 134, 2: 67, 3: 43, 4: 31, 5: 23}"
0.5,0.025,0.04,3,False,False,0.6608582860191545,-0.00040227236007839284,0.16233053287621835,3,1,2,-0.3333333333333333,0,3,3,"{1: 123, 2: 63, 3: 55, 4: 35, 5: 22}","{1: 134, 2: 67, 3: 43, 4: 31, 5: 23}"
0.5,0.025,0.04,3,True,True,0.6608582860191545,-0.00040227236007839284,0.16233053287621835,3,1,2,-0.3333333333333333,0,3,3,"{1: 123, 2: 63, 3: 55, 4: 35, 5: 22}","{1: 134, 2: 67, 3: 43, 4: 31, 5: 23}"
0.5,0.025,0.04,3,True,False,0.6608582860191545,-0.00040227236007839284,0.16233053287621835,3,1,2,-0.3333333333333333,0,3,3,"{1: 123, 2: 63, 3: 55, 4: 35, 5: 22}","{1: 134, 2: 67, 3: 43, 4: 31, 5: 23}"
1.0,0.025,0.04,3,False,True,0.6608582860191545,-0.00040227236007839284,0.16233053287621835,3,1,2,-0.3333333333333333,0,3,3,"{1: 123, 2: 63, 3: 55, 4: 35, 5: 22}","{1: 134, 2: 67, 3: 43, 4: 31, 5: 23}"
1.0,0.025,0.04,3,False,False,0.6608582860191545,-0.00040227236007839284,0.16233053287621835,3,1,2,-0.3333333333333333,0,3,3,"{1: 123, 2: 63, 3: 55, 4: 35, 5: 22}","{1: 134, 2: 67, 3: 43, 4: 31, 5: 23}"
1.0,0.025,0.04,3,True,True,0.6608582860191545,-0.00040227236007839284,0.16233053287621835,3,1,2,-0.3333333333333333,0,3,3,"{1: 123, 2: 63, 3: 55, 4: 35, 5: 22}","{1: 134, 2: 67, 3: 43, 4: 31, 5: 23}"
1.0,0.025,0.04,3,True,False,0.6608582860191545,-0.00040227236007839284,0.16233053287621835,3,1,2,-0.3333333333333333,0,3,3,"{1: 123, 2: 63, 3: 55, 4: 35, 5: 22}","{1: 134, 2: 67, 3: 43, 4: 31, 5: 23}"
1.0,0.025,0.06,3,False,True,0.6608582860191545,-0.00040227236007839284,0.16233053287621835,3,1,2,-0.3333333333333333,0,3,3,"{1: 123, 2: 63, 3: 55, 4: 35, 5: 22}","{1: 134, 2: 67, 3: 43, 4: 31, 5: 23}"
1.0,0.025,0.06,3,False,False,0.6608582860191545,-0.00040227236007839284,0.16233053287621835,3,1,2,-0.3333333333333333,0,3,3,"{1: 123, 2: 63, 3: 55, 4: 35, 5: 22}","{1: 134, 2: 67, 3: 43, 4: 31, 5: 23}"
1.0,0.025,0.06,3,True,True,0.6608582860191545,-0.00040227236007839284,0.16233053287621835,3,1,2,-0.3333333333333333,0,3,3,"{1: 123, 2: 63, 3: 55, 4: 35, 5: 22}","{1: 134, 2: 67, 3: 43, 4: 31, 5: 23}"
1.0,0.025,0.06,3,True,False,0.6608582860191545,-0.00040227236007839284,0.16233053287621835,3,1,2,-0.3333333333333333,0,3,3,"{1: 123, 2: 63, 3: 55, 4: 35, 5: 22}","{1: 134, 2: 67, 3: 43, 4: 31, 5: 23}"
2.0,0.025,0.04,3,False,True,0.6608582860191545,-0.00040227236007839284,0.16233053287621835,3,1,2,-0.3333333333333333,0,3,3,"{1: 123, 2: 63, 3: 55, 4: 35, 5: 22}","{1: 134, 2: 67, 3: 43, 4: 31, 5: 23}"
2.0,0.025,0.04,3,False,False,0.6608582860191545,-0.00040227236007839284,0.16233053287621835,3,1,2,-0.3333333333333333,0,3,3,"{1: 123, 2: 63, 3: 55, 4: 35, 5: 22}","{1: 134, 2: 67, 3: 43, 4: 31, 5: 23}"
2.0,0.025,0.04,3,True,True,0.6608582860191545,-0.00040227236007839284,0.16233053287621835,3,1,2,-0.3333333333333333,0,3,3,"{1: 123, 2: 63, 3: 55, 4: 35, 5: 22}","{1: 134, 2: 67, 3: 43, 4: 31, 5: 23}"
2.0,0.025,0.04,3,True,False,0.6608582860191545,-0.00040227236007839284,0.16233053287621835,3,1,2,-0.3333333333333333,0,3,3,"{1: 123, 2: 63, 3: 55, 4: 35, 5: 22}","{1: 134, 2: 67, 3: 43, 4: 31, 5: 23}"
2.0,0.025,0.06,3,False,True,0.6608582860191545,-0.00040227236007839284,0.16233053287621835,3,1,2,-0.3333333333333333,0,3,3,"{1: 123, 2: 63, 3: 55, 4: 35, 5: 22}","{1: 134, 2: 67, 3: 43, 4: 31, 5: 23}"
2.0,0.025,0.06,3,False,False,0.6608582860191545,-0.00040227236007839284,0.16233053287621835,3,1,2,-0.3333333333333333,0,3,3,"{1: 123, 2: 63, 3: 55, 4: 35, 5: 22}","{1: 134, 2: 67, 3: 43, 4: 31, 5: 23}"
2.0,0.025,0.06,3,True,True,0.6608582860191545,-0.00040227236007839284,0.16233053287621835,3,1,2,-0.3333333333333333,0,3,3,"{1: 123, 2: 63, 3: 55, 4: 35, 5: 22}","{1: 134, 2: 67, 3: 43, 4: 31, 5: 23}"
2.0,0.025,0.06,3,True,False,0.6608582860191545,-0.00040227236007839284,0.16233053287621835,3,1,2,-0.3333333333333333,0,3,3,"{1: 123, 2: 63, 3: 55, 4: 35, 5: 22}","{1: 134, 2: 67, 3: 43, 4: 31, 5: 23}"
0.5,0.04,0.08,5,False,False,0.6608490594159211,-0.00041149896331182934,0.1517009951400139,5,3,2,0.2,1,3,3,"{1: 125, 2: 58, 3: 59, 4: 34, 5: 22}","{1: 136, 2: 64, 3: 43, 4: 32, 5: 23}"
1.0,0.04,0.08,5,False,False,0.6608490594159211,-0.00041149896331182934,0.15505669983800044,5,3,2,0.2,1,3,4,"{1: 125, 2: 58, 3: 59, 4: 34, 5: 22}","{1: 137, 2: 63, 3: 43, 4: 32, 5: 23}"
0.5,0.06,0.08,5,False,False,0.6608490594159211,-0.00041149896331182934,0.15505669983800047,5,3,2,0.2,1,5,4,"{1: 125, 2: 59, 3: 59, 4: 33, 5: 22}","{1: 137, 2: 63, 3: 43, 4: 32, 5: 23}"
0.5,0.04,0.04,12,False,False,0.6608467929312307,-0.0004137654480022013,0.17910905636615124,12,7,5,0.16666666666666666,4,9,12,"{1: 126, 2: 61, 3: 55, 4: 35, 5: 21}","{1: 137, 2: 68, 3: 40, 4: 31, 5: 22}"
1.0,0.06,0.08,12,False,False,0.6608467929312306,-0.0004137654480023123,0.1651238139319602,12,7,5,0.16666666666666666,3,6,6,"{1: 126, 2: 58, 3: 59, 4: 33, 5: 22}","{1: 139, 2: 61, 3: 43, 4: 32, 5: 23}"
0.5,0.08,0.04,5,False,False,0.6608417403820406,-0.00041881799719234447,0.1533694289112662,5,2,3,-0.2,2,5,5,"{1: 123, 2: 60, 3: 59, 4: 38, 5: 18}","{1: 134, 2: 65, 3: 48, 4: 29, 5: 22}"
1.0,0.08,0.04,5,False,False,0.6608417403820406,-0.00041881799719234447,0.1533694289112662,5,2,3,-0.2,2,5,5,"{1: 123, 2: 60, 3: 59, 4: 38, 5: 18}","{1: 134, 2: 65, 3: 48, 4: 29, 5: 22}"
2.0,0.08,0.04,5,False,False,0.6608417403820406,-0.00041881799719234447,0.1533694289112662,5,2,3,-0.2,2,5,5,"{1: 123, 2: 60, 3: 59, 4: 38, 5: 18}","{1: 134, 2: 65, 3: 48, 4: 29, 5: 22}"
0.5,0.06,0.04,5,False,False,0.6608417403820406,-0.00041881799719234447,0.15336942891126623,5,2,3,-0.2,2,5,5,"{1: 123, 2: 60, 3: 61, 4: 34, 5: 20}","{1: 134, 2: 67, 3: 44, 4: 31, 5: 22}"
1.0,0.06,0.04,5,False,False,0.6608417403820406,-0.00041881799719234447,0.15336942891126623,5,2,3,-0.2,2,5,5,"{1: 123, 2: 60, 3: 61, 4: 34, 5: 20}","{1: 134, 2: 67, 3: 44, 4: 31, 5: 22}"
2.0,0.06,0.04,5,False,False,0.6608417403820406,-0.00041881799719234447,0.15336942891126623,5,2,3,-0.2,2,5,5,"{1: 123, 2: 60, 3: 61, 4: 34, 5: 20}","{1: 134, 2: 67, 3: 44, 4: 31, 5: 22}"
2.0,0.06,0.06,5,False,False,0.6608417403820406,-0.00041881799719234447,0.15336942891126623,5,2,3,-0.2,2,5,5,"{1: 123, 2: 60, 3: 61, 4: 34, 5: 20}","{1: 134, 2: 67, 3: 44, 4: 31, 5: 22}"
1.0,0.06,0.06,5,False,False,0.6608417403820406,-0.00041881799719234447,0.1556191234802452,5,2,3,-0.2,2,5,5,"{1: 123, 2: 60, 3: 61, 4: 34, 5: 20}","{1: 134, 2: 68, 3: 43, 4: 30, 5: 23}"
1.0,0.08,0.06,5,False,False,0.6608417403820406,-0.00041881799719234447,0.1567251336092528,5,2,3,-0.2,2,5,5,"{1: 123, 2: 60, 3: 60, 4: 36, 5: 19}","{1: 134, 2: 66, 3: 47, 4: 28, 5: 23}"
2.0,0.08,0.06,5,False,False,0.6608417403820406,-0.00041881799719234447,0.1567251336092528,5,2,3,-0.2,2,5,5,"{1: 123, 2: 60, 3: 60, 4: 36, 5: 19}","{1: 134, 2: 65, 3: 48, 4: 29, 5: 22}"
0.5,0.08,0.06,5,False,False,0.6608417403820406,-0.00041881799719234447,0.16008083830723935,5,2,3,-0.2,2,5,5,"{1: 123, 2: 60, 3: 62, 4: 32, 5: 21}","{1: 134, 2: 67, 3: 45, 4: 29, 5: 23}"
0.5,0.06,0.06,5,False,False,0.6608417403820406,-0.00041881799719234447,0.16233053287621835,5,2,3,-0.2,2,5,5,"{1: 123, 2: 61, 3: 60, 4: 33, 5: 21}","{1: 134, 2: 69, 3: 41, 4: 31, 5: 23}"
0.5,0.04,0.08,4,False,True,0.660819994786728,-0.0004405635925048834,0.1517009951400139,4,2,2,0.0,0,2,3,"{1: 125, 2: 58, 3: 58, 4: 35, 5: 22}","{1: 136, 2: 64, 3: 43, 4: 32, 5: 23}"
0.5,0.04,0.08,4,True,True,0.660819994786728,-0.0004405635925048834,0.1517009951400139,4,2,2,0.0,0,2,3,"{1: 125, 2: 58, 3: 58, 4: 35, 5: 22}","{1: 136, 2: 64, 3: 43, 4: 32, 5: 23}"
0.5,0.04,0.08,4,True,False,0.660819994786728,-0.0004405635925048834,0.1517009951400139,4,2,2,0.0,0,2,3,"{1: 125, 2: 58, 3: 58, 4: 35, 5: 22}","{1: 136, 2: 64, 3: 43, 4: 32, 5: 23}"
1.0,0.04,0.08,4,False,True,0.660819994786728,-0.0004405635925048834,0.1517009951400139,4,2,2,0.0,0,2,3,"{1: 125, 2: 58, 3: 58, 4: 35, 5: 22}","{1: 136, 2: 64, 3: 43, 4: 32, 5: 23}"
1.0,0.04,0.08,4,True,True,0.660819994786728,-0.0004405635925048834,0.1517009951400139,4,2,2,0.0,0,2,3,"{1: 125, 2: 58, 3: 58, 4: 35, 5: 22}","{1: 136, 2: 64, 3: 43, 4: 32, 5: 23}"
1.0,0.04,0.08,4,True,False,0.660819994786728,-0.0004405635925048834,0.1517009951400139,4,2,2,0.0,0,2,3,"{1: 125, 2: 58, 3: 58, 4: 35, 5: 22}","{1: 136, 2: 64, 3: 43, 4: 32, 5: 23}"
1.0,0.08,0.1,4,False,False,0.660819994786728,-0.0004405635925048834,0.15226341878225863,4,2,2,0.0,1,4,4,"{1: 125, 2: 59, 3: 58, 4: 34, 5: 22}","{1: 136, 2: 64, 3: 44, 4: 31, 5: 23}"
2.0,0.04,0.08,4,False,True,0.660819994786728,-0.0004405635925048834,0.15226341878225863,4,2,2,0.0,0,3,3,"{1: 125, 2: 59, 3: 57, 4: 35, 5: 22}","{1: 136, 2: 64, 3: 43, 4: 32, 5: 23}"
2.0,0.04,0.08,4,True,True,0.660819994786728,-0.0004405635925048834,0.15226341878225863,4,2,2,0.0,0,3,3,"{1: 125, 2: 59, 3: 57, 4: 35, 5: 22}","{1: 136, 2: 64, 3: 43, 4: 32, 5: 23}"
2.0,0.04,0.08,4,True,False,0.660819994786728,-0.0004405635925048834,0.15226341878225863,4,2,2,0.0,0,3,3,"{1: 125, 2: 59, 3: 57, 4: 35, 5: 22}","{1: 136, 2: 64, 3: 43, 4: 32, 5: 23}"
0.5,0.06,0.08,4,False,True,0.660819994786728,-0.0004405635925048834,0.15505669983800044,4,2,2,0.0,0,4,4,"{1: 125, 2: 59, 3: 58, 4: 34, 5: 22}","{1: 137, 2: 63, 3: 43, 4: 32, 5: 23}"
0.5,0.06,0.08,4,True,True,0.660819994786728,-0.0004405635925048834,0.15505669983800044,4,2,2,0.0,0,4,4,"{1: 125, 2: 59, 3: 58, 4: 34, 5: 22}","{1: 137, 2: 63, 3: 43, 4: 32, 5: 23}"
0.5,0.06,0.08,4,True,False,0.660819994786728,-0.0004405635925048834,0.15505669983800044,4,2,2,0.0,0,4,4,"{1: 125, 2: 59, 3: 58, 4: 34, 5: 22}","{1: 137, 2: 63, 3: 43, 4: 32, 5: 23}"
0.5,0.08,0.1,4,False,False,0.660819994786728,-0.0004405635925048834,0.15505669983800044,4,2,2,0.0,1,4,4,"{1: 125, 2: 59, 3: 58, 4: 34, 5: 22}","{1: 137, 2: 63, 3: 43, 4: 32, 5: 23}"
0.5,0.04,0.08,6,False,True,0.6608107689483034,-0.00044978943092954804,0.1517009951400139,6,3,3,0.0,0,2,3,"{1: 125, 2: 58, 3: 58, 4: 35, 5: 22}","{1: 136, 2: 64, 3: 43, 4: 32, 5: 23}"
0.5,0.04,0.08,6,True,True,0.6608107689483034,-0.00044978943092954804,0.1517009951400139,6,3,3,0.0,0,2,3,"{1: 125, 2: 58, 3: 58, 4: 35, 5: 22}","{1: 136, 2: 64, 3: 43, 4: 32, 5: 23}"
0.5,0.04,0.08,6,True,False,0.6608107689483034,-0.00044978943092954804,0.1517009951400139,6,3,3,0.0,0,2,3,"{1: 125, 2: 58, 3: 58, 4: 35, 5: 22}","{1: 136, 2: 64, 3: 43, 4: 32, 5: 23}"
1.0,0.04,0.08,6,False,True,0.6608107689483034,-0.00044978943092954804,0.1517009951400139,6,3,3,0.0,0,2,3,"{1: 125, 2: 58, 3: 58, 4: 35, 5: 22}","{1: 136, 2: 64, 3: 43, 4: 32, 5: 23}"
1.0,0.04,0.08,6,True,True,0.6608107689483034,-0.00044978943092954804,0.1517009951400139,6,3,3,0.0,0,2,3,"{1: 125, 2: 58, 3: 58, 4: 35, 5: 22}","{1: 136, 2: 64, 3: 43, 4: 32, 5: 23}"
1.0,0.04,0.08,6,True,False,0.6608107689483034,-0.00044978943092954804,0.1517009951400139,6,3,3,0.0,0,2,3,"{1: 125, 2: 58, 3: 58, 4: 35, 5: 22}","{1: 136, 2: 64, 3: 43, 4: 32, 5: 23}"
2.0,0.04,0.08,6,False,True,0.6608107689483034,-0.00044978943092954804,0.15226341878225863,6,3,3,0.0,0,3,3,"{1: 125, 2: 59, 3: 57, 4: 35, 5: 22}","{1: 136, 2: 64, 3: 43, 4: 32, 5: 23}"
2.0,0.04,0.08,6,True,True,0.6608107689483034,-0.00044978943092954804,0.15226341878225863,6,3,3,0.0,0,3,3,"{1: 125, 2: 59, 3: 57, 4: 35, 5: 22}","{1: 136, 2: 64, 3: 43, 4: 32, 5: 23}"
2.0,0.04,0.08,6,True,False,0.6608107689483034,-0.00044978943092954804,0.15226341878225863,6,3,3,0.0,0,3,3,"{1: 125, 2: 59, 3: 57, 4: 35, 5: 22}","{1: 136, 2: 64, 3: 43, 4: 32, 5: 23}"
0.5,0.08,0.1,6,False,False,0.6608107689483034,-0.00044978943092954804,0.15505669983800044,6,3,3,0.0,1,4,4,"{1: 125, 2: 59, 3: 58, 4: 34, 5: 22}","{1: 137, 2: 63, 3: 43, 4: 32, 5: 23}"
1.0,0.08,0.1,6,False,False,0.6608107689483034,-0.00044978943092954804,0.15841240453598704,6,3,3,0.0,1,5,5,"{1: 126, 2: 58, 3: 58, 4: 34, 5: 22}","{1: 137, 2: 63, 3: 44, 4: 31, 5: 23}"
2.0,0.08,0.1,6,False,False,0.6608107689483034,-0.00044978943092954804,0.1617681092339737,6,3,3,0.0,1,6,5,"{1: 127, 2: 57, 3: 58, 4: 34, 5: 22}","{1: 137, 2: 63, 3: 44, 4: 31, 5: 23}"
1.0,0.08,0.08,6,False,True,0.6608070883819095,-0.0004534699973234302,0.1617681092339737,6,3,3,0.0,0,6,6,"{1: 127, 2: 57, 3: 58, 4: 34, 5: 22}","{1: 137, 2: 63, 3: 45, 4: 30, 5: 23}"
1.0,0.08,0.08,6,True,True,0.6608070883819095,-0.0004534699973234302,0.1617681092339737,6,3,3,0.0,0,6,6,"{1: 127, 2: 57, 3: 58, 4: 34, 5: 22}","{1: 137, 2: 63, 3: 45, 4: 30, 5: 23}"
1.0,0.08,0.08,6,True,False,0.6608070883819095,-0.0004534699973234302,0.1617681092339737,6,3,3,0.0,0,6,6,"{1: 127, 2: 57, 3: 58, 4: 34, 5: 22}","{1: 137, 2: 63, 3: 45, 4: 30, 5: 23}"
0.5,0.025,0.08,8,False,False,0.6608052244453042,-0.00045533393392871435,0.14555200938628549,8,4,4,0.0,1,2,0,"{1: 125, 2: 58, 3: 58, 4: 35, 5: 22}","{1: 134, 2: 65, 3: 44, 4: 32, 5: 23}"
2.0,0.08,0.08,6,False,False,0.6608034031859645,-0.00045715519326838816,0.1556191234802452,6,3,3,0.0,2,6,6,"{1: 124, 2: 61, 3: 59, 4: 32, 5: 22}","{1: 137, 2: 63, 3: 45, 4: 30, 5: 23}"
1.0,0.08,0.08,6,False,False,0.6608034031859645,-0.00045715519326838816,0.15841240453598704,6,3,3,0.0,2,6,6,"{1: 126, 2: 58, 3: 59, 4: 33, 5: 22}","{1: 137, 2: 63, 3: 45, 4: 30, 5: 23}"
1.0,0.04,0.08,8,False,True,0.6608015426079716,-0.0004590157712612841,0.1517009951400139,8,4,4,0.0,0,2,3,"{1: 125, 2: 58, 3: 58, 4: 35, 5: 22}","{1: 136, 2: 64, 3: 43, 4: 32, 5: 23}"
1.0,0.04,0.08,8,True,True,0.6608015426079716,-0.0004590157712612841,0.1517009951400139,8,4,4,0.0,0,2,3,"{1: 125, 2: 58, 3: 58, 4: 35, 5: 22}","{1: 136, 2: 64, 3: 43, 4: 32, 5: 23}"
1.0,0.04,0.08,8,True,False,0.6608015426079716,-0.0004590157712612841,0.1517009951400139,8,4,4,0.0,0,2,3,"{1: 125, 2: 58, 3: 58, 4: 35, 5: 22}","{1: 136, 2: 64, 3: 43, 4: 32, 5: 23}"
0.5,0.08,0.1,8,False,False,0.6608015426079716,-0.0004590157712612841,0.15505669983800044,8,4,4,0.0,1,4,4,"{1: 125, 2: 59, 3: 58, 4: 34, 5: 22}","{1: 137, 2: 63, 3: 43, 4: 32, 5: 23}"
1.0,0.08,0.1,8,False,False,0.6608015426079716,-0.0004590157712612841,0.15841240453598704,8,4,4,0.0,1,5,5,"{1: 126, 2: 58, 3: 58, 4: 34, 5: 22}","{1: 137, 2: 63, 3: 44, 4: 31, 5: 23}"
2.0,0.08,0.1,8,False,False,0.6608015426079716,-0.0004590157712612841,0.1617681092339737,8,4,4,0.0,1,6,5,"{1: 127, 2: 57, 3: 58, 4: 34, 5: 22}","{1: 137, 2: 63, 3: 44, 4: 31, 5: 23}"
1.0,0.025,0.08,10,False,False,0.6607960034954312,-0.0004645548838017044,0.1483452904420273,10,5,5,0.0,1,2,1,"{1: 125, 2: 58, 3: 58, 4: 35, 5: 22}","{1: 135, 2: 64, 3: 44, 4: 32, 5: 23}"
1.0,0.04,0.04,8,False,False,0.6607941650394791,-0.00046639333975384556,0.1757533516681647,8,4,4,0.0,4,8,8,"{1: 125, 2: 62, 3: 55, 4: 35, 5: 21}","{1: 134, 2: 70, 3: 41, 4: 31, 5: 22}"
2.0,0.04,0.04,8,False,False,0.6607941650394791,-0.00046639333975384556,0.1757533516681647,8,4,4,0.0,4,8,8,"{1: 125, 2: 62, 3: 55, 4: 35, 5: 21}","{1: 134, 2: 70, 3: 41, 4: 31, 5: 22}"
2.0,0.04,0.08,10,False,True,0.6607923157656919,-0.0004682426135410589,0.15226341878225863,10,5,5,0.0,0,3,3,"{1: 125, 2: 59, 3: 57, 4: 35, 5: 22}","{1: 136, 2: 64, 3: 43, 4: 32, 5: 23}"
2.0,0.04,0.08,10,True,True,0.6607923157656919,-0.0004682426135410589,0.15226341878225863,10,5,5,0.0,0,3,3,"{1: 125, 2: 59, 3: 57, 4: 35, 5: 22}","{1: 136, 2: 64, 3: 43, 4: 32, 5: 23}"
2.0,0.04,0.08,10,True,False,0.6607923157656919,-0.0004682426135410589,0.15226341878225863,10,5,5,0.0,0,3,3,"{1: 125, 2: 59, 3: 57, 4: 35, 5: 22}","{1: 136, 2: 64, 3: 43, 4: 32, 5: 23}"
0.5,0.08,0.1,3,False,True,0.6607909431157388,-0.0004696152634940942,0.1522634187822586,3,1,2,-0.3333333333333333,0,3,3,"{1: 124, 2: 60, 3: 58, 4: 34, 5: 22}","{1: 136, 2: 64, 3: 43, 4: 32, 5: 23}"
0.5,0.08,0.1,3,True,True,0.6607909431157388,-0.0004696152634940942,0.1522634187822586,3,1,2,-0.3333333333333333,0,3,3,"{1: 124, 2: 60, 3: 58, 4: 34, 5: 22}","{1: 136, 2: 64, 3: 43, 4: 32, 5: 23}"
0.5,0.08,0.1,3,True,False,0.6607909431157388,-0.0004696152634940942,0.1522634187822586,3,1,2,-0.3333333333333333,0,3,3,"{1: 124, 2: 60, 3: 58, 4: 34, 5: 22}","{1: 136, 2: 64, 3: 43, 4: 32, 5: 23}"
1.0,0.08,0.1,3,False,True,0.6607909431157388,-0.0004696152634940942,0.15226341878225863,3,1,2,-0.3333333333333333,0,3,3,"{1: 124, 2: 60, 3: 58, 4: 34, 5: 22}","{1: 135, 2: 65, 3: 44, 4: 31, 5: 23}"
1.0,0.08,0.1,3,True,True,0.6607909431157388,-0.0004696152634940942,0.15226341878225863,3,1,2,-0.3333333333333333,0,3,3,"{1: 124, 2: 60, 3: 58, 4: 34, 5: 22}","{1: 135, 2: 65, 3: 44, 4: 31, 5: 23}"
1.0,0.08,0.1,3,True,False,0.6607909431157388,-0.0004696152634940942,0.15226341878225863,3,1,2,-0.3333333333333333,0,3,3,"{1: 124, 2: 60, 3: 58, 4: 34, 5: 22}","{1: 135, 2: 65, 3: 44, 4: 31, 5: 23}"
1.0,0.04,0.1,12,False,False,0.6607904710322934,-0.0004700873469395406,0.14890771408427203,12,6,6,0.0,4,1,3,"{1: 124, 2: 59, 3: 58, 4: 35, 5: 22}","{1: 136, 2: 64, 3: 43, 4: 32, 5: 23}"
0.5,0.04,0.1,12,False,False,0.6607904710322934,-0.0004700873469395406,0.14890771408427206,12,6,6,0.0,4,0,3,"{1: 123, 2: 60, 3: 58, 4: 35, 5: 22}","{1: 136, 2: 64, 3: 43, 4: 32, 5: 23}"
0.5,0.04,0.08,12,False,True,0.6607904710322934,-0.0004700873469395406,0.1517009951400139,12,6,6,0.0,0,2,3,"{1: 125, 2: 58, 3: 58, 4: 35, 5: 22}","{1: 136, 2: 64, 3: 43, 4: 32, 5: 23}"
0.5,0.04,0.08,12,True,True,0.6607904710322934,-0.0004700873469395406,0.1517009951400139,12,6,6,0.0,0,2,3,"{1: 125, 2: 58, 3: 58, 4: 35, 5: 22}","{1: 136, 2: 64, 3: 43, 4: 32, 5: 23}"
0.5,0.04,0.08,12,True,False,0.6607904710322934,-0.0004700873469395406,0.1517009951400139,12,6,6,0.0,0,2,3,"{1: 125, 2: 58, 3: 58, 4: 35, 5: 22}","{1: 136, 2: 64, 3: 43, 4: 32, 5: 23}"
2.0,0.04,0.1,12,False,False,0.6607904710322934,-0.0004700873469395406,0.1517009951400139,12,6,6,0.0,4,2,3,"{1: 125, 2: 58, 3: 58, 4: 35, 5: 22}","{1: 136, 2: 64, 3: 43, 4: 32, 5: 23}"
0.5,0.04,0.06,10,False,False,0.6607886234000542,-0.0004719349791787453,0.16568623757420495,10,6,4,0.2,3,5,9,"{1: 126, 2: 58, 3: 58, 4: 34, 5: 22}","{1: 137, 2: 67, 3: 40, 4: 31, 5: 23}"
0.5,0.08,0.1,5,False,True,0.6607817185439571,-0.00047883983527585716,0.15505669983800044,5,2,3,-0.2,0,4,4,"{1: 125, 2: 59, 3: 58, 4: 34, 5: 22}","{1: 137, 2: 63, 3: 43, 4: 32, 5: 23}"
0.5,0.08,0.1,5,True,True,0.6607817185439571,-0.00047883983527585716,0.15505669983800044,5,2,3,-0.2,0,4,4,"{1: 125, 2: 59, 3: 58, 4: 34, 5: 22}","{1: 137, 2: 63, 3: 43, 4: 32, 5: 23}"
0.5,0.08,0.1,5,True,False,0.6607817185439571,-0.00047883983527585716,0.15505669983800044,5,2,3,-0.2,0,4,4,"{1: 125, 2: 59, 3: 58, 4: 34, 5: 22}","{1: 137, 2: 63, 3: 43, 4: 32, 5: 23}"
1.0,0.08,0.1,5,False,True,0.6607817185439571,-0.00047883983527585716,0.15841240453598704,5,2,3,-0.2,0,5,5,"{1: 126, 2: 58, 3: 58, 4: 34, 5: 22}","{1: 137, 2: 63, 3: 44, 4: 31, 5: 23}"
1.0,0.08,0.1,5,True,True,0.6607817185439571,-0.00047883983527585716,0.15841240453598704,5,2,3,-0.2,0,5,5,"{1: 126, 2: 58, 3: 58, 4: 34, 5: 22}","{1: 137, 2: 63, 3: 44, 4: 31, 5: 23}"
1.0,0.08,0.1,5,True,False,0.6607817185439571,-0.00047883983527585716,0.15841240453598704,5,2,3,-0.2,0,5,5,"{1: 126, 2: 58, 3: 58, 4: 34, 5: 22}","{1: 137, 2: 63, 3: 44, 4: 31, 5: 23}"
2.0,0.08,0.1,5,False,True,0.6607817185439571,-0.00047883983527585716,0.15841240453598704,5,2,3,-0.2,0,5,5,"{1: 126, 2: 58, 3: 58, 4: 34, 5: 22}","{1: 137, 2: 63, 3: 44, 4: 31, 5: 23}"
2.0,0.08,0.1,5,True,True,0.6607817185439571,-0.00047883983527585716,0.15841240453598704,5,2,3,-0.2,0,5,5,"{1: 126, 2: 58, 3: 58, 4: 34, 5: 22}","{1: 137, 2: 63, 3: 44, 4: 31, 5: 23}"
2.0,0.08,0.1,5,True,False,0.6607817185439571,-0.00047883983527585716,0.15841240453598704,5,2,3,-0.2,0,5,5,"{1: 126, 2: 58, 3: 58, 4: 34, 5: 22}","{1: 137, 2: 63, 3: 44, 4: 31, 5: 23}"
2.0,0.08,0.04,10,False,False,0.660777518400169,-0.00048303997906395946,0.16679224770321252,10,5,5,0.0,5,10,10,"{1: 123, 2: 62, 3: 60, 4: 35, 5: 18}","{1: 134, 2: 69, 3: 45, 4: 28, 5: 22}"
2.0,0.08,0.06,10,False,False,0.660777518400169,-0.00048303997906395946,0.17239764697017812,10,5,5,0.0,5,10,10,"{1: 123, 2: 63, 3: 59, 4: 34, 5: 19}","{1: 134, 2: 70, 3: 43, 4: 29, 5: 22}"
1.0,0.08,0.08,5,False,False,0.6607743178932024,-0.0004862404860305203,0.15226341878225863,5,2,3,-0.2,1,5,5,"{1: 125, 2: 59, 3: 59, 4: 33, 5: 22}","{1: 136, 2: 64, 3: 45, 4: 30, 5: 23}"
0.5,0.08,0.04,5,False,True,0.6607743178932024,-0.0004862404860305203,0.1533694289112662,5,2,3,-0.2,0,5,5,"{1: 123, 2: 60, 3: 59, 4: 38, 5: 18}","{1: 134, 2: 65, 3: 48, 4: 29, 5: 22}"
0.5,0.08,0.04,5,True,True,0.6607743178932024,-0.0004862404860305203,0.1533694289112662,5,2,3,-0.2,0,5,5,"{1: 123, 2: 60, 3: 59, 4: 38, 5: 18}","{1: 134, 2: 65, 3: 48, 4: 29, 5: 22}"
0.5,0.08,0.04,5,True,False,0.6607743178932024,-0.0004862404860305203,0.1533694289112662,5,2,3,-0.2,0,5,5,"{1: 123, 2: 60, 3: 59, 4: 38, 5: 18}","{1: 134, 2: 65, 3: 48, 4: 29, 5: 22}"
1.0,0.08,0.04,5,False,True,0.6607743178932024,-0.0004862404860305203,0.1533694289112662,5,2,3,-0.2,0,5,5,"{1: 123, 2: 60, 3: 59, 4: 38, 5: 18}","{1: 134, 2: 65, 3: 48, 4: 29, 5: 22}"
1.0,0.08,0.04,5,True,True,0.6607743178932024,-0.0004862404860305203,0.1533694289112662,5,2,3,-0.2,0,5,5,"{1: 123, 2: 60, 3: 59, 4: 38, 5: 18}","{1: 134, 2: 65, 3: 48, 4: 29, 5: 22}"
1.0,0.08,0.04,5,True,False,0.6607743178932024,-0.0004862404860305203,0.1533694289112662,5,2,3,-0.2,0,5,5,"{1: 123, 2: 60, 3: 59, 4: 38, 5: 18}","{1: 134, 2: 65, 3: 48, 4: 29, 5: 22}"
2.0,0.08,0.04,5,False,True,0.6607743178932024,-0.0004862404860305203,0.1533694289112662,5,2,3,-0.2,0,5,5,"{1: 123, 2: 60, 3: 59, 4: 38, 5: 18}","{1: 134, 2: 65, 3: 48, 4: 29, 5: 22}"
2.0,0.08,0.04,5,True,True,0.6607743178932024,-0.0004862404860305203,0.1533694289112662,5,2,3,-0.2,0,5,5,"{1: 123, 2: 60, 3: 59, 4: 38, 5: 18}","{1: 134, 2: 65, 3: 48, 4: 29, 5: 22}"
2.0,0.08,0.04,5,True,False,0.6607743178932024,-0.0004862404860305203,0.1533694289112662,5,2,3,-0.2,0,5,5,"{1: 123, 2: 60, 3: 59, 4: 38, 5: 18}","{1: 134, 2: 65, 3: 48, 4: 29, 5: 22}"
2.0,0.08,0.08,5,False,False,0.6607743178932024,-0.0004862404860305203,0.1556191234802452,5,2,3,-0.2,1,5,5,"{1: 123, 2: 62, 3: 59, 4: 32, 5: 22}","{1: 136, 2: 64, 3: 45, 4: 30, 5: 23}"
0.5,0.08,0.06,5,False,True,0.6607743178932024,-0.0004862404860305203,0.15672513360925278,5,2,3,-0.2,0,5,5,"{1: 123, 2: 61, 3: 60, 4: 33, 5: 21}","{1: 134, 2: 67, 3: 45, 4: 29, 5: 23}"
0.5,0.08,0.06,5,True,True,0.6607743178932024,-0.0004862404860305203,0.15672513360925278,5,2,3,-0.2,0,5,5,"{1: 123, 2: 61, 3: 60, 4: 33, 5: 21}","{1: 134, 2: 67, 3: 45, 4: 29, 5: 23}"
0.5,0.08,0.06,5,True,False,0.6607743178932024,-0.0004862404860305203,0.15672513360925278,5,2,3,-0.2,0,5,5,"{1: 123, 2: 61, 3: 60, 4: 33, 5: 21}","{1: 134, 2: 67, 3: 45, 4: 29, 5: 23}"
1.0,0.08,0.06,5,False,True,0.6607743178932024,-0.0004862404860305203,0.1567251336092528,5,2,3,-0.2,0,5,5,"{1: 123, 2: 60, 3: 60, 4: 36, 5: 19}","{1: 134, 2: 66, 3: 47, 4: 28, 5: 23}"
1.0,0.08,0.06,5,True,True,0.6607743178932024,-0.0004862404860305203,0.1567251336092528,5,2,3,-0.2,0,5,5,"{1: 123, 2: 60, 3: 60, 4: 36, 5: 19}","{1: 134, 2: 66, 3: 47, 4: 28, 5: 23}"
1.0,0.08,0.06,5,True,False,0.6607743178932024,-0.0004862404860305203,0.1567251336092528,5,2,3,-0.2,0,5,5,"{1: 123, 2: 60, 3: 60, 4: 36, 5: 19}","{1: 134, 2: 66, 3: 47, 4: 28, 5: 23}"
2.0,0.08,0.06,5,False,True,0.6607743178932024,-0.0004862404860305203,0.1567251336092528,5,2,3,-0.2,0,5,5,"{1: 123, 2: 60, 3: 60, 4: 36, 5: 19}","{1: 134, 2: 65, 3: 48, 4: 29, 5: 22}"
2.0,0.08,0.06,5,True,True,0.6607743178932024,-0.0004862404860305203,0.1567251336092528,5,2,3,-0.2,0,5,5,"{1: 123, 2: 60, 3: 60, 4: 36, 5: 19}","{1: 134, 2: 65, 3: 48, 4: 29, 5: 22}"
2.0,0.08,0.06,5,True,False,0.6607743178932024,-0.0004862404860305203,0.1567251336092528,5,2,3,-0.2,0,5,5,"{1: 123, 2: 60, 3: 60, 4: 36, 5: 19}","{1: 134, 2: 65, 3: 48, 4: 29, 5: 22}"
0.5,0.04,0.08,4,False,False,0.6607489656709302,-0.0005115927083026994,0.1517009951400139,4,2,2,0.0,1,3,3,"{1: 125, 2: 58, 3: 59, 4: 34, 5: 22}","{1: 136, 2: 64, 3: 43, 4: 32, 5: 23}"
0.5,0.06,0.08,4,False,False,0.6607489656709302,-0.0005115927083026994,0.15226341878225863,4,2,2,0.0,1,4,4,"{1: 124, 2: 60, 3: 59, 4: 33, 5: 22}","{1: 137, 2: 63, 3: 43, 4: 32, 5: 23}"
1.0,0.04,0.08,4,False,False,0.6607489656709302,-0.0005115927083026994,0.15505669983800044,4,2,2,0.0,1,3,4,"{1: 125, 2: 58, 3: 59, 4: 34, 5: 22}","{1: 137, 2: 63, 3: 43, 4: 32, 5: 23}"
0.5,0.06,0.08,6,False,False,0.660739735968005,-0.0005208224112279725,0.15841240453598704,6,3,3,0.0,1,6,4,"{1: 126, 2: 58, 3: 59, 4: 33, 5: 22}","{1: 137, 2: 63, 3: 43, 4: 32, 5: 23}"
0.5,0.04,0.06,6,False,True,0.660739735968005,-0.0005208224112279725,0.15897482817823178,6,3,3,0.0,0,3,6,"{1: 125, 2: 59, 3: 57, 4: 35, 5: 22}","{1: 136, 2: 66, 3: 42, 4: 31, 5: 23}"
0.5,0.04,0.06,6,True,True,0.660739735968005,-0.0005208224112279725,0.15897482817823178,6,3,3,0.0,0,3,6,"{1: 125, 2: 59, 3: 57, 4: 35, 5: 22}","{1: 136, 2: 66, 3: 42, 4: 31, 5: 23}"
0.5,0.04,0.06,6,True,False,0.660739735968005,-0.0005208224112279725,0.15897482817823178,6,3,3,0.0,0,3,6,"{1: 125, 2: 59, 3: 57, 4: 35, 5: 22}","{1: 136, 2: 66, 3: 42, 4: 31, 5: 23}"
1.0,0.04,0.1,8,False,True,0.6607379555066968,-0.0005226028725361376,0.14890771408427203,8,4,4,0.0,0,1,3,"{1: 124, 2: 59, 3: 58, 4: 35, 5: 22}","{1: 136, 2: 64, 3: 43, 4: 32, 5: 23}"
1.0,0.04,0.1,8,True,True,0.6607379555066968,-0.0005226028725361376,0.14890771408427203,8,4,4,0.0,0,1,3,"{1: 124, 2: 59, 3: 58, 4: 35, 5: 22}","{1: 136, 2: 64, 3: 43, 4: 32, 5: 23}"
1.0,0.04,0.1,8,True,False,0.6607379555066968,-0.0005226028725361376,0.14890771408427203,8,4,4,0.0,0,1,3,"{1: 124, 2: 59, 3: 58, 4: 35, 5: 22}","{1: 136, 2: 64, 3: 43, 4: 32, 5: 23}"
0.5,0.04,0.1,8,False,True,0.6607379555066968,-0.0005226028725361376,0.14890771408427206,8,4,4,0.0,0,0,3,"{1: 123, 2: 60, 3: 58, 4: 35, 5: 22}","{1: 136, 2: 64, 3: 43, 4: 32, 5: 23}"
0.5,0.04,0.1,8,True,True,0.6607379555066968,-0.0005226028725361376,0.14890771408427206,8,4,4,0.0,0,0,3,"{1: 123, 2: 60, 3: 58, 4: 35, 5: 22}","{1: 136, 2: 64, 3: 43, 4: 32, 5: 23}"
0.5,0.04,0.1,8,True,False,0.6607379555066968,-0.0005226028725361376,0.14890771408427206,8,4,4,0.0,0,0,3,"{1: 123, 2: 60, 3: 58, 4: 35, 5: 22}","{1: 136, 2: 64, 3: 43, 4: 32, 5: 23}"
0.5,0.04,0.1,10,False,True,0.6607379555066968,-0.0005226028725361376,0.14890771408427206,8,4,4,0.0,0,0,3,"{1: 123, 2: 60, 3: 58, 4: 35, 5: 22}","{1: 136, 2: 64, 3: 43, 4: 32, 5: 23}"
0.5,0.04,0.1,10,True,True,0.6607379555066968,-0.0005226028725361376,0.14890771408427206,8,4,4,0.0,0,0,3,"{1: 123, 2: 60, 3: 58, 4: 35, 5: 22}","{1: 136, 2: 64, 3: 43, 4: 32, 5: 23}"
0.5,0.04,0.1,10,True,False,0.6607379555066968,-0.0005226028725361376,0.14890771408427206,8,4,4,0.0,0,0,3,"{1: 123, 2: 60, 3: 58, 4: 35, 5: 22}","{1: 136, 2: 64, 3: 43, 4: 32, 5: 23}"
0.5,0.04,0.1,12,False,True,0.6607379555066968,-0.0005226028725361376,0.14890771408427206,8,4,4,0.0,0,0,3,"{1: 123, 2: 60, 3: 58, 4: 35, 5: 22}","{1: 136, 2: 64, 3: 43, 4: 32, 5: 23}"
0.5,0.04,0.1,12,True,True,0.6607379555066968,-0.0005226028725361376,0.14890771408427206,8,4,4,0.0,0,0,3,"{1: 123, 2: 60, 3: 58, 4: 35, 5: 22}","{1: 136, 2: 64, 3: 43, 4: 32, 5: 23}"
0.5,0.04,0.1,12,True,False,0.6607379555066968,-0.0005226028725361376,0.14890771408427206,8,4,4,0.0,0,0,3,"{1: 123, 2: 60, 3: 58, 4: 35, 5: 22}","{1: 136, 2: 64, 3: 43, 4: 32, 5: 23}"
2.0,0.04,0.1,8,False,True,0.6607379555066968,-0.0005226028725361376,0.1517009951400139,8,4,4,0.0,0,2,3,"{1: 125, 2: 58, 3: 58, 4: 35, 5: 22}","{1: 136, 2: 64, 3: 43, 4: 32, 5: 23}"
2.0,0.04,0.1,8,True,True,0.6607379555066968,-0.0005226028725361376,0.1517009951400139,8,4,4,0.0,0,2,3,"{1: 125, 2: 58, 3: 58, 4: 35, 5: 22}","{1: 136, 2: 64, 3: 43, 4: 32, 5: 23}"
2.0,0.04,0.1,8,True,False,0.6607379555066968,-0.0005226028725361376,0.1517009951400139,8,4,4,0.0,0,2,3,"{1: 125, 2: 58, 3: 58, 4: 35, 5: 22}","{1: 136, 2: 64, 3: 43, 4: 32, 5: 23}"
0.5,0.04,0.04,6,False,False,0.6607360099751252,-0.0005245484041077608,0.16904194227219152,6,3,3,0.0,2,6,6,"{1: 123, 2: 64, 3: 55, 4: 35, 5: 21}","{1: 134, 2: 68, 3: 43, 4: 31, 5: 22}"
1.0,0.04,0.04,6,False,False,0.6607360099751252,-0.0005245484041077608,0.16904194227219152,6,3,3,0.0,2,6,6,"{1: 123, 2: 64, 3: 55, 4: 35, 5: 21}","{1: 134, 2: 68, 3: 43, 4: 31, 5: 22}"
2.0,0.04,0.04,6,False,False,0.6607360099751252,-0.0005245484041077608,0.16904194227219152,6,3,3,0.0,2,6,6,"{1: 123, 2: 64, 3: 55, 4: 35, 5: 21}","{1: 134, 2: 68, 3: 43, 4: 31, 5: 22}"
2.0,0.04,0.06,6,False,False,0.6607360099751252,-0.0005245484041077608,0.16904194227219152,6,3,3,0.0,2,6,6,"{1: 123, 2: 64, 3: 55, 4: 35, 5: 21}","{1: 134, 2: 68, 3: 43, 4: 31, 5: 22}"
1.0,0.04,0.06,6,False,False,0.6607360099751252,-0.0005245484041077608,0.17239764697017812,6,3,3,0.0,2,6,6,"{1: 123, 2: 64, 3: 55, 4: 35, 5: 21}","{1: 134, 2: 69, 3: 42, 4: 30, 5: 23}"
0.5,0.06,0.08,8,False,False,0.6607305057628571,-0.0005300526163758423,0.15841240453598704,8,4,4,0.0,1,6,4,"{1: 126, 2: 58, 3: 59, 4: 33, 5: 22}","{1: 137, 2: 63, 3: 43, 4: 32, 5: 23}"
0.5,0.04,0.06,10,False,True,0.660721275055446,-0.0005392833237869432,0.15897482817823178,10,5,5,0.0,0,3,6,"{1: 125, 2: 59, 3: 57, 4: 35, 5: 22}","{1: 136, 2: 66, 3: 42, 4: 31, 5: 23}"
0.5,0.04,0.06,10,True,True,0.660721275055446,-0.0005392833237869432,0.15897482817823178,10,5,5,0.0,0,3,6,"{1: 125, 2: 59, 3: 57, 4: 35, 5: 22}","{1: 136, 2: 66, 3: 42, 4: 31, 5: 23}"
0.5,0.04,0.06,10,True,False,0.660721275055446,-0.0005392833237869432,0.15897482817823178,10,5,5,0.0,0,3,6,"{1: 125, 2: 59, 3: 57, 4: 35, 5: 22}","{1: 136, 2: 66, 3: 42, 4: 31, 5: 23}"
0.5,0.04,0.08,3,False,True,0.6607199237546263,-0.0005406346246066285,0.1517009951400139,3,1,2,-0.3333333333333333,0,2,3,"{1: 125, 2: 58, 3: 58, 4: 35, 5: 22}","{1: 136, 2: 64, 3: 43, 4: 32, 5: 23}"
0.5,0.04,0.08,3,True,True,0.6607199237546263,-0.0005406346246066285,0.1517009951400139,3,1,2,-0.3333333333333333,0,2,3,"{1: 125, 2: 58, 3: 58, 4: 35, 5: 22}","{1: 136, 2: 64, 3: 43, 4: 32, 5: 23}"
0.5,0.04,0.08,3,True,False,0.6607199237546263,-0.0005406346246066285,0.1517009951400139,3,1,2,-0.3333333333333333,0,2,3,"{1: 125, 2: 58, 3: 58, 4: 35, 5: 22}","{1: 136, 2: 64, 3: 43, 4: 32, 5: 23}"
1.0,0.04,0.08,3,False,True,0.6607199237546263,-0.0005406346246066285,0.1517009951400139,3,1,2,-0.3333333333333333,0,2,3,"{1: 125, 2: 58, 3: 58, 4: 35, 5: 22}","{1: 136, 2: 64, 3: 43, 4: 32, 5: 23}"
1.0,0.04,0.08,3,True,True,0.6607199237546263,-0.0005406346246066285,0.1517009951400139,3,1,2,-0.3333333333333333,0,2,3,"{1: 125, 2: 58, 3: 58, 4: 35, 5: 22}","{1: 136, 2: 64, 3: 43, 4: 32, 5: 23}"
1.0,0.04,0.08,3,True,False,0.6607199237546263,-0.0005406346246066285,0.1517009951400139,3,1,2,-0.3333333333333333,0,2,3,"{1: 125, 2: 58, 3: 58, 4: 35, 5: 22}","{1: 136, 2: 64, 3: 43, 4: 32, 5: 23}"
0.5,0.06,0.08,3,False,True,0.6607199237546263,-0.0005406346246066285,0.1522634187822586,3,1,2,-0.3333333333333333,0,3,3,"{1: 124, 2: 60, 3: 58, 4: 34, 5: 22}","{1: 136, 2: 64, 3: 43, 4: 32, 5: 23}"
0.5,0.06,0.08,3,True,True,0.6607199237546263,-0.0005406346246066285,0.1522634187822586,3,1,2,-0.3333333333333333,0,3,3,"{1: 124, 2: 60, 3: 58, 4: 34, 5: 22}","{1: 136, 2: 64, 3: 43, 4: 32, 5: 23}"
0.5,0.06,0.08,3,True,False,0.6607199237546263,-0.0005406346246066285,0.1522634187822586,3,1,2,-0.3333333333333333,0,3,3,"{1: 124, 2: 60, 3: 58, 4: 34, 5: 22}","{1: 136, 2: 64, 3: 43, 4: 32, 5: 23}"
1.0,0.08,0.06,8,False,False,0.6607192959770465,-0.0005412624021864376,0.16343654300522595,8,4,4,0.0,3,8,8,"{1: 123, 2: 61, 3: 61, 4: 34, 5: 19}","{1: 134, 2: 69, 3: 44, 4: 28, 5: 23}"
2.0,0.08,0.06,8,False,False,0.6607192959770465,-0.0005412624021864376,0.16343654300522595,8,4,4,0.0,3,8,8,"{1: 123, 2: 61, 3: 61, 4: 34, 5: 19}","{1: 134, 2: 68, 3: 45, 4: 29, 5: 22}"
0.5,0.08,0.04,8,False,False,0.6607192959770465,-0.0005412624021864376,0.16679224770321255,8,4,4,0.0,3,8,8,"{1: 123, 2: 60, 3: 62, 4: 35, 5: 18}","{1: 134, 2: 67, 3: 47, 4: 28, 5: 22}"
1.0,0.08,0.04,8,False,False,0.6607192959770465,-0.0005412624021864376,0.16679224770321255,8,4,4,0.0,3,8,8,"{1: 123, 2: 60, 3: 62, 4: 35, 5: 18}","{1: 134, 2: 67, 3: 47, 4: 28, 5: 22}"
2.0,0.08,0.04,8,False,False,0.6607192959770465,-0.0005412624021864376,0.16679224770321255,8,4,4,0.0,3,8,8,"{1: 123, 2: 60, 3: 62, 4: 35, 5: 18}","{1: 134, 2: 67, 3: 47, 4: 28, 5: 22}"
0.5,0.08,0.06,8,False,False,0.6607192959770465,-0.0005412624021864376,0.1690419422721915,8,4,4,0.0,3,8,8,"{1: 124, 2: 61, 3: 60, 4: 32, 5: 21}","{1: 134, 2: 70, 3: 42, 4: 29, 5: 23}"
0.5,0.06,0.08,5,False,True,0.6607106953197361,-0.0005498630594967802,0.15841240453598704,5,2,3,-0.2,0,5,4,"{1: 126, 2: 58, 3: 58, 4: 34, 5: 22}","{1: 137, 2: 63, 3: 43, 4: 32, 5: 23}"
0.5,0.06,0.08,5,True,True,0.6607106953197361,-0.0005498630594967802,0.15841240453598704,5,2,3,-0.2,0,5,4,"{1: 126, 2: 58, 3: 58, 4: 34, 5: 22}","{1: 137, 2: 63, 3: 43, 4: 32, 5: 23}"
0.5,0.06,0.08,5,True,False,0.6607106953197361,-0.0005498630594967802,0.15841240453598704,5,2,3,-0.2,0,5,4,"{1: 126, 2: 58, 3: 58, 4: 34, 5: 22}","{1: 137, 2: 63, 3: 43, 4: 32, 5: 23}"
2.0,0.06,0.14,8,False,True,0.6607089509032202,-0.0005516074760126832,0.1483452904420273,7,3,4,-0.14285714285714285,0,1,2,"{1: 124, 2: 59, 3: 58, 4: 35, 5: 22}","{1: 136, 2: 63, 3: 44, 4: 32, 5: 23}"
2.0,0.06,0.14,8,False,False,0.6607089509032202,-0.0005516074760126832,0.1483452904420273,7,3,4,-0.14285714285714285,0,1,2,"{1: 124, 2: 59, 3: 58, 4: 35, 5: 22}","{1: 136, 2: 63, 3: 44, 4: 32, 5: 23}"
2.0,0.06,0.14,8,True,True,0.6607089509032202,-0.0005516074760126832,0.1483452904420273,7,3,4,-0.14285714285714285,0,1,2,"{1: 124, 2: 59, 3: 58, 4: 35, 5: 22}","{1: 136, 2: 63, 3: 44, 4: 32, 5: 23}"
2.0,0.06,0.14,8,True,False,0.6607089509032202,-0.0005516074760126832,0.1483452904420273,7,3,4,-0.14285714285714285,0,1,2,"{1: 124, 2: 59, 3: 58, 4: 35, 5: 22}","{1: 136, 2: 63, 3: 44, 4: 32, 5: 23}"
2.0,0.06,0.14,10,False,True,0.6607089509032202,-0.0005516074760126832,0.1483452904420273,7,3,4,-0.14285714285714285,0,1,2,"{1: 124, 2: 59, 3: 58, 4: 35, 5: 22}","{1: 136, 2: 63, 3: 44, 4: 32, 5: 23}"
2.0,0.06,0.14,10,False,False,0.6607089509032202,-0.0005516074760126832,0.1483452904420273,7,3,4,-0.14285714285714285,0,1,2,"{1: 124, 2: 59, 3: 58, 4: 35, 5: 22}","{1: 136, 2: 63, 3: 44, 4: 32, 5: 23}"
2.0,0.06,0.14,10,True,True,0.6607089509032202,-0.0005516074760126832,0.1483452904420273,7,3,4,-0.14285714285714285,0,1,2,"{1: 124, 2: 59, 3: 58, 4: 35, 5: 22}","{1: 136, 2: 63, 3: 44, 4: 32, 5: 23}"
2.0,0.06,0.14,10,True,False,0.6607089509032202,-0.0005516074760126832,0.1483452904420273,7,3,4,-0.14285714285714285,0,1,2,"{1: 124, 2: 59, 3: 58, 4: 35, 5: 22}","{1: 136, 2: 63, 3: 44, 4: 32, 5: 23}"
2.0,0.06,0.14,12,False,True,0.6607089509032202,-0.0005516074760126832,0.1483452904420273,7,3,4,-0.14285714285714285,0,1,2,"{1: 124, 2: 59, 3: 58, 4: 35, 5: 22}","{1: 136, 2: 63, 3: 44, 4: 32, 5: 23}"
2.0,0.06,0.14,12,False,False,0.6607089509032202,-0.0005516074760126832,0.1483452904420273,7,3,4,-0.14285714285714285,0,1,2,"{1: 124, 2: 59, 3: 58, 4: 35, 5: 22}","{1: 136, 2: 63, 3: 44, 4: 32, 5: 23}"
2.0,0.06,0.14,12,True,True,0.6607089509032202,-0.0005516074760126832,0.1483452904420273,7,3,4,-0.14285714285714285,0,1,2,"{1: 124, 2: 59, 3: 58, 4: 35, 5: 22}","{1: 136, 2: 63, 3: 44, 4: 32, 5: 23}"
2.0,0.06,0.14,12,True,False,0.6607089509032202,-0.0005516074760126832,0.1483452904420273,7,3,4,-0.14285714285714285,0,1,2,"{1: 124, 2: 59, 3: 58, 4: 35, 5: 22}","{1: 136, 2: 63, 3: 44, 4: 32, 5: 23}"
2.0,0.04,0.06,12,False,False,0.6607083001383203,-0.0005522582409126509,0.17910905636615124,12,7,5,0.16666666666666666,3,9,12,"{1: 126, 2: 61, 3: 55, 4: 35, 5: 21}","{1: 137, 2: 68, 3: 40, 4: 31, 5: 22}"
1.0,0.04,0.06,12,False,False,0.6607083001383203,-0.0005522582409126509,0.17910905636615126,12,7,5,0.16666666666666666,3,9,12,"{1: 126, 2: 61, 3: 55, 4: 35, 5: 21}","{1: 138, 2: 67, 3: 40, 4: 30, 5: 23}"
1.0,0.08,0.08,5,False,True,0.6607069519057084,-0.0005536064735245372,0.15505669983800047,5,2,3,-0.2,0,5,5,"{1: 126, 2: 58, 3: 58, 4: 34, 5: 22}","{1: 136, 2: 64, 3: 45, 4: 30, 5: 23}"
1.0,0.08,0.08,5,True,True,0.6607069519057084,-0.0005536064735245372,0.15505669983800047,5,2,3,-0.2,0,5,5,"{1: 126, 2: 58, 3: 58, 4: 34, 5: 22}","{1: 136, 2: 64, 3: 45, 4: 30, 5: 23}"
1.0,0.08,0.08,5,True,False,0.6607069519057084,-0.0005536064735245372,0.15505669983800047,5,2,3,-0.2,0,5,5,"{1: 126, 2: 58, 3: 58, 4: 34, 5: 22}","{1: 136, 2: 64, 3: 45, 4: 30, 5: 23}"
1.0,0.04,0.1,10,False,True,0.6606997332480076,-0.0005608251312253509,0.14890771408427203,9,4,5,-0.1111111111111111,0,1,3,"{1: 124, 2: 59, 3: 58, 4: 35, 5: 22}","{1: 136, 2: 64, 3: 43, 4: 32, 5: 23}"
1.0,0.04,0.1,10,True,True,0.6606997332480076,-0.0005608251312253509,0.14890771408427203,9,4,5,-0.1111111111111111,0,1,3,"{1: 124, 2: 59, 3: 58, 4: 35, 5: 22}","{1: 136, 2: 64, 3: 43, 4: 32, 5: 23}"
1.0,0.04,0.1,10,True,False,0.6606997332480076,-0.0005608251312253509,0.14890771408427203,9,4,5,-0.1111111111111111,0,1,3,"{1: 124, 2: 59, 3: 58, 4: 35, 5: 22}","{1: 136, 2: 64, 3: 43, 4: 32, 5: 23}"
1.0,0.04,0.1,12,False,True,0.6606997332480076,-0.0005608251312253509,0.14890771408427203,9,4,5,-0.1111111111111111,0,1,3,"{1: 124, 2: 59, 3: 58, 4: 35, 5: 22}","{1: 136, 2: 64, 3: 43, 4: 32, 5: 23}"
1.0,0.04,0.1,12,True,True,0.6606997332480076,-0.0005608251312253509,0.14890771408427203,9,4,5,-0.1111111111111111,0,1,3,"{1: 124, 2: 59, 3: 58, 4: 35, 5: 22}","{1: 136, 2: 64, 3: 43, 4: 32, 5: 23}"
1.0,0.04,0.1,12,True,False,0.6606997332480076,-0.0005608251312253509,0.14890771408427203,9,4,5,-0.1111111111111111,0,1,3,"{1: 124, 2: 59, 3: 58, 4: 35, 5: 22}","{1: 136, 2: 64, 3: 43, 4: 32, 5: 23}"
0.5,0.08,0.08,6,False,False,0.6606686732300331,-0.0005918851491998334,0.15841240453598704,6,3,3,0.0,1,6,5,"{1: 126, 2: 58, 3: 59, 4: 33, 5: 22}","{1: 137, 2: 63, 3: 44, 4: 31, 5: 23}"
1.0,0.06,0.08,6,False,False,0.6606649017729139,-0.000595656606318995,0.1651238139319602,6,3,3,0.0,2,6,6,"{1: 126, 2: 58, 3: 59, 4: 33, 5: 22}","{1: 139, 2: 61, 3: 43, 4: 32, 5: 23}"
1.0,0.025,0.08,8,False,True,0.6606632117793968,-0.0005973465998361238,0.14555200938628549,8,4,4,0.0,0,2,0,"{1: 125, 2: 58, 3: 58, 4: 35, 5: 22}","{1: 134, 2: 65, 3: 44, 4: 32, 5: 23}"
1.0,0.025,0.08,8,True,True,0.6606632117793968,-0.0005973465998361238,0.14555200938628549,8,4,4,0.0,0,2,0,"{1: 125, 2: 58, 3: 58, 4: 35, 5: 22}","{1: 134, 2: 65, 3: 44, 4: 32, 5: 23}"
1.0,0.025,0.08,8,True,False,0.6606632117793968,-0.0005973465998361238,0.14555200938628549,8,4,4,0.0,0,2,0,"{1: 125, 2: 58, 3: 58, 4: 35, 5: 22}","{1: 134, 2: 65, 3: 44, 4: 32, 5: 23}"
1.0,0.025,0.08,8,False,False,0.6606632117793968,-0.0005973465998361238,0.1483452904420273,8,4,4,0.0,0,2,1,"{1: 125, 2: 58, 3: 58, 4: 35, 5: 22}","{1: 135, 2: 64, 3: 44, 4: 32, 5: 23}"
0.5,0.06,0.08,8,False,True,0.6606632117793968,-0.0005973465998361238,0.15841240453598704,8,3,5,-0.25,0,5,4,"{1: 126, 2: 58, 3: 58, 4: 34, 5: 22}","{1: 137, 2: 63, 3: 43, 4: 32, 5: 23}"
0.5,0.06,0.08,8,True,True,0.6606632117793968,-0.0005973465998361238,0.15841240453598704,8,3,5,-0.25,0,5,4,"{1: 126, 2: 58, 3: 58, 4: 34, 5: 22}","{1: 137, 2: 63, 3: 43, 4: 32, 5: 23}"
0.5,0.06,0.08,8,True,False,0.6606632117793968,-0.0005973465998361238,0.15841240453598704,8,3,5,-0.25,0,5,4,"{1: 126, 2: 58, 3: 58, 4: 34, 5: 22}","{1: 137, 2: 63, 3: 43, 4: 32, 5: 23}"
1.0,0.06,0.08,8,False,False,0.6606556617914079,-0.0006048965878250323,0.1651238139319602,8,4,4,0.0,2,6,6,"{1: 126, 2: 58, 3: 59, 4: 33, 5: 22}","{1: 139, 2: 61, 3: 43, 4: 32, 5: 23}"
0.5,0.04,0.04,8,False,False,0.6606556617914079,-0.0006048965878250323,0.1757533516681647,8,4,4,0.0,3,8,8,"{1: 125, 2: 62, 3: 55, 4: 35, 5: 21}","{1: 134, 2: 70, 3: 41, 4: 31, 5: 22}"
2.0,0.08,0.08,8,False,False,0.6606518796717433,-0.0006086787074895961,0.1651238139319602,8,4,4,0.0,4,8,8,"{1: 126, 2: 59, 3: 59, 4: 32, 5: 22}","{1: 139, 2: 61, 3: 45, 4: 30, 5: 23}"
0.5,0.08,0.08,10,False,False,0.6606502045826685,-0.0006103537965643779,0.1617681092339737,10,5,5,0.0,2,7,5,"{1: 127, 2: 57, 3: 59, 4: 33, 5: 22}","{1: 137, 2: 63, 3: 44, 4: 31, 5: 23}"
0.5,0.04,0.04,10,False,True,0.6606502045826685,-0.0006103537965643779,0.17239764697017806,10,5,5,0.0,0,7,10,"{1: 125, 2: 62, 3: 54, 4: 36, 5: 21}","{1: 137, 2: 66, 3: 42, 4: 31, 5: 22}"
0.5,0.04,0.04,10,True,True,0.6606502045826685,-0.0006103537965643779,0.17239764697017806,10,5,5,0.0,0,7,10,"{1: 125, 2: 62, 3: 54, 4: 36, 5: 21}","{1: 137, 2: 66, 3: 42, 4: 31, 5: 22}"
0.5,0.04,0.04,10,True,False,0.6606502045826685,-0.0006103537965643779,0.17239764697017806,10,5,5,0.0,0,7,10,"{1: 125, 2: 62, 3: 54, 4: 36, 5: 21}","{1: 137, 2: 66, 3: 42, 4: 31, 5: 22}"
1.0,0.04,0.04,10,False,True,0.6606502045826685,-0.0006103537965643779,0.17239764697017806,10,5,5,0.0,0,7,10,"{1: 125, 2: 62, 3: 54, 4: 36, 5: 21}","{1: 137, 2: 66, 3: 42, 4: 31, 5: 22}"
1.0,0.04,0.04,10,True,True,0.6606502045826685,-0.0006103537965643779,0.17239764697017806,10,5,5,0.0,0,7,10,"{1: 125, 2: 62, 3: 54, 4: 36, 5: 21}","{1: 137, 2: 66, 3: 42, 4: 31, 5: 22}"
1.0,0.04,0.04,10,True,False,0.6606502045826685,-0.0006103537965643779,0.17239764697017806,10,5,5,0.0,0,7,10,"{1: 125, 2: 62, 3: 54, 4: 36, 5: 21}","{1: 137, 2: 66, 3: 42, 4: 31, 5: 22}"
2.0,0.04,0.04,10,False,True,0.6606502045826685,-0.0006103537965643779,0.17239764697017806,10,5,5,0.0,0,7,10,"{1: 125, 2: 62, 3: 54, 4: 36, 5: 21}","{1: 137, 2: 66, 3: 42, 4: 31, 5: 22}"
2.0,0.04,0.04,10,True,True,0.6606502045826685,-0.0006103537965643779,0.17239764697017806,10,5,5,0.0,0,7,10,"{1: 125, 2: 62, 3: 54, 4: 36, 5: 21}","{1: 137, 2: 66, 3: 42, 4: 31, 5: 22}"
2.0,0.04,0.04,10,True,False,0.6606502045826685,-0.0006103537965643779,0.17239764697017806,10,5,5,0.0,0,7,10,"{1: 125, 2: 62, 3: 54, 4: 36, 5: 21}","{1: 137, 2: 66, 3: 42, 4: 31, 5: 22}"
2.0,0.04,0.06,10,False,True,0.6606502045826685,-0.0006103537965643779,0.17239764697017806,10,5,5,0.0,0,7,10,"{1: 125, 2: 62, 3: 54, 4: 36, 5: 21}","{1: 137, 2: 66, 3: 42, 4: 31, 5: 22}"
2.0,0.04,0.06,10,True,True,0.6606502045826685,-0.0006103537965643779,0.17239764697017806,10,5,5,0.0,0,7,10,"{1: 125, 2: 62, 3: 54, 4: 36, 5: 21}","{1: 137, 2: 66, 3: 42, 4: 31, 5: 22}"
2.0,0.04,0.06,10,True,False,0.6606502045826685,-0.0006103537965643779,0.17239764697017806,10,5,5,0.0,0,7,10,"{1: 125, 2: 62, 3: 54, 4: 36, 5: 21}","{1: 137, 2: 66, 3: 42, 4: 31, 5: 22}"
1.0,0.04,0.06,10,False,True,0.6606502045826685,-0.0006103537965643779,0.1723976469701781,10,5,5,0.0,0,7,10,"{1: 125, 2: 62, 3: 54, 4: 36, 5: 21}","{1: 138, 2: 65, 3: 42, 4: 30, 5: 23}"
1.0,0.04,0.06,10,True,True,0.6606502045826685,-0.0006103537965643779,0.1723976469701781,10,5,5,0.0,0,7,10,"{1: 125, 2: 62, 3: 54, 4: 36, 5: 21}","{1: 138, 2: 65, 3: 42, 4: 30, 5: 23}"
1.0,0.04,0.06,10,True,False,0.6606502045826685,-0.0006103537965643779,0.1723976469701781,10,5,5,0.0,0,7,10,"{1: 125, 2: 62, 3: 54, 4: 36, 5: 21}","{1: 138, 2: 65, 3: 42, 4: 30, 5: 23}"
0.5,0.04,0.04,3,False,True,0.6606488746489902,-0.0006116837302426736,0.15226341878225863,3,1,2,-0.3333333333333333,0,3,3,"{1: 123, 2: 62, 3: 56, 4: 36, 5: 21}","{1: 134, 2: 65, 3: 46, 4: 31, 5: 22}"
0.5,0.04,0.04,3,True,True,0.6606488746489902,-0.0006116837302426736,0.15226341878225863,3,1,2,-0.3333333333333333,0,3,3,"{1: 123, 2: 62, 3: 56, 4: 36, 5: 21}","{1: 134, 2: 65, 3: 46, 4: 31, 5: 22}"
0.5,0.04,0.04,3,True,False,0.6606488746489902,-0.0006116837302426736,0.15226341878225863,3,1,2,-0.3333333333333333,0,3,3,"{1: 123, 2: 62, 3: 56, 4: 36, 5: 21}","{1: 134, 2: 65, 3: 46, 4: 31, 5: 22}"
1.0,0.04,0.04,3,False,True,0.6606488746489902,-0.0006116837302426736,0.15226341878225863,3,1,2,-0.3333333333333333,0,3,3,"{1: 123, 2: 62, 3: 56, 4: 36, 5: 21}","{1: 134, 2: 65, 3: 46, 4: 31, 5: 22}"
1.0,0.04,0.04,3,True,True,0.6606488746489902,-0.0006116837302426736,0.15226341878225863,3,1,2,-0.3333333333333333,0,3,3,"{1: 123, 2: 62, 3: 56, 4: 36, 5: 21}","{1: 134, 2: 65, 3: 46, 4: 31, 5: 22}"
1.0,0.04,0.04,3,True,False,0.6606488746489902,-0.0006116837302426736,0.15226341878225863,3,1,2,-0.3333333333333333,0,3,3,"{1: 123, 2: 62, 3: 56, 4: 36, 5: 21}","{1: 134, 2: 65, 3: 46, 4: 31, 5: 22}"
2.0,0.04,0.04,3,False,True,0.6606488746489902,-0.0006116837302426736,0.15226341878225863,3,1,2,-0.3333333333333333,0,3,3,"{1: 123, 2: 62, 3: 56, 4: 36, 5: 21}","{1: 134, 2: 65, 3: 46, 4: 31, 5: 22}"
2.0,0.04,0.04,3,True,True,0.6606488746489902,-0.0006116837302426736,0.15226341878225863,3,1,2,-0.3333333333333333,0,3,3,"{1: 123, 2: 62, 3: 56, 4: 36, 5: 21}","{1: 134, 2: 65, 3: 46, 4: 31, 5: 22}"
2.0,0.04,0.04,3,True,False,0.6606488746489902,-0.0006116837302426736,0.15226341878225863,3,1,2,-0.3333333333333333,0,3,3,"{1: 123, 2: 62, 3: 56, 4: 36, 5: 21}","{1: 134, 2: 65, 3: 46, 4: 31, 5: 22}"
2.0,0.04,0.06,3,False,True,0.6606488746489902,-0.0006116837302426736,0.15226341878225863,3,1,2,-0.3333333333333333,0,3,3,"{1: 123, 2: 62, 3: 56, 4: 36, 5: 21}","{1: 134, 2: 65, 3: 46, 4: 31, 5: 22}"
2.0,0.04,0.06,3,True,True,0.6606488746489902,-0.0006116837302426736,0.15226341878225863,3,1,2,-0.3333333333333333,0,3,3,"{1: 123, 2: 62, 3: 56, 4: 36, 5: 21}","{1: 134, 2: 65, 3: 46, 4: 31, 5: 22}"
2.0,0.04,0.06,3,True,False,0.6606488746489902,-0.0006116837302426736,0.15226341878225863,3,1,2,-0.3333333333333333,0,3,3,"{1: 123, 2: 62, 3: 56, 4: 36, 5: 21}","{1: 134, 2: 65, 3: 46, 4: 31, 5: 22}"
0.5,0.04,0.06,3,False,True,0.6606488746489902,-0.0006116837302426736,0.1556191234802452,3,1,2,-0.3333333333333333,0,3,3,"{1: 125, 2: 59, 3: 57, 4: 35, 5: 22}","{1: 134, 2: 67, 3: 43, 4: 31, 5: 23}"
0.5,0.04,0.06,3,True,True,0.6606488746489902,-0.0006116837302426736,0.1556191234802452,3,1,2,-0.3333333333333333,0,3,3,"{1: 125, 2: 59, 3: 57, 4: 35, 5: 22}","{1: 134, 2: 67, 3: 43, 4: 31, 5: 23}"
0.5,0.04,0.06,3,True,False,0.6606488746489902,-0.0006116837302426736,0.1556191234802452,3,1,2,-0.3333333333333333,0,3,3,"{1: 125, 2: 59, 3: 57, 4: 35, 5: 22}","{1: 134, 2: 67, 3: 43, 4: 31, 5: 23}"
1.0,0.04,0.06,3,False,True,0.6606488746489902,-0.0006116837302426736,0.1556191234802452,3,1,2,-0.3333333333333333,0,3,3,"{1: 123, 2: 62, 3: 56, 4: 36, 5: 21}","{1: 134, 2: 66, 3: 45, 4: 30, 5: 23}"
1.0,0.04,0.06,3,True,True,0.6606488746489902,-0.0006116837302426736,0.1556191234802452,3,1,2,-0.3333333333333333,0,3,3,"{1: 123, 2: 62, 3: 56, 4: 36, 5: 21}","{1: 134, 2: 66, 3: 45, 4: 30, 5: 23}"
1.0,0.04,0.06,3,True,False,0.6606488746489902,-0.0006116837302426736,0.1556191234802452,3,1,2,-0.3333333333333333,0,3,3,"{1: 123, 2: 62, 3: 56, 4: 36, 5: 21}","{1: 134, 2: 66, 3: 45, 4: 30, 5: 23}"
1.0,0.06,0.08,10,False,False,0.6606464213066847,-0.0006141370725482043,0.1651238139319602,10,5,5,0.0,2,6,6,"{1: 126, 2: 58, 3: 59, 4: 33, 5: 22}","{1: 139, 2: 61, 3: 43, 4: 32, 5: 23}"
2.0,0.08,0.08,10,False,False,0.6606426332697024,-0.0006179251095305149,0.17183522332793336,10,5,5,0.0,4,10,8,"{1: 128, 2: 57, 3: 59, 4: 32, 5: 22}","{1: 139, 2: 61, 3: 45, 4: 30, 5: 23}"
0.5,0.08,0.08,5,False,True,0.6606396423485645,-0.0006209160306683836,0.15841240453598704,5,2,3,-0.2,0,5,5,"{1: 126, 2: 58, 3: 58, 4: 34, 5: 22}","{1: 137, 2: 63, 3: 44, 4: 31, 5: 23}"
0.5,0.08,0.08,5,True,True,0.6606396423485645,-0.0006209160306683836,0.15841240453598704,5,2,3,-0.2,0,5,5,"{1: 126, 2: 58, 3: 58, 4: 34, 5: 22}","{1: 137, 2: 63, 3: 44, 4: 31, 5: 23}"
0.5,0.08,0.08,5,True,False,0.6606396423485645,-0.0006209160306683836,0.15841240453598704,5,2,3,-0.2,0,5,5,"{1: 126, 2: 58, 3: 58, 4: 34, 5: 22}","{1: 137, 2: 63, 3: 44, 4: 31, 5: 23}"
0.5,0.06,0.06,12,False,True,0.6606371803187036,-0.0006233780605293671,0.16512381393196018,12,6,6,0.0,0,9,8,"{1: 127, 2: 58, 3: 58, 4: 34, 5: 21}","{1: 138, 2: 64, 3: 42, 4: 31, 5: 23}"
0.5,0.06,0.06,12,True,True,0.6606371803187036,-0.0006233780605293671,0.16512381393196018,12,6,6,0.0,0,9,8,"{1: 127, 2: 58, 3: 58, 4: 34, 5: 21}","{1: 138, 2: 64, 3: 42, 4: 31, 5: 23}"
0.5,0.06,0.06,12,True,False,0.6606371803187036,-0.0006233780605293671,0.16512381393196018,12,6,6,0.0,0,9,8,"{1: 127, 2: 58, 3: 58, 4: 34, 5: 21}","{1: 138, 2: 64, 3: 42, 4: 31, 5: 23}"
2.0,0.08,0.08,12,False,False,0.6606333863637645,-0.000627172015468469,0.17183522332793336,12,6,6,0.0,4,10,8,"{1: 128, 2: 57, 3: 59, 4: 32, 5: 22}","{1: 139, 2: 61, 3: 45, 4: 30, 5: 23}"
2.0,0.06,0.04,12,False,False,0.6606257841121357,-0.0006347742670972378,0.1858204657621244,12,6,6,0.0,6,12,12,"{1: 125, 2: 63, 3: 56, 4: 34, 5: 20}","{1: 136, 2: 70, 3: 39, 4: 31, 5: 22}"
0.5,0.04,0.06,6,False,False,0.6605975807156845,-0.0006629776635483919,0.1656862375742049,6,3,3,0.0,2,5,6,"{1: 126, 2: 58, 3: 58, 4: 34, 5: 22}","{1: 134, 2: 70, 3: 40, 4: 31, 5: 23}"
0.5,0.06,0.08,10,False,True,0.6605867474827819,-0.0006738108964510214,0.15841240453598704,10,4,6,-0.2,0,5,4,"{1: 126, 2: 58, 3: 58, 4: 34, 5: 22}","{1: 137, 2: 63, 3: 43, 4: 32, 5: 23}"
0.5,0.06,0.08,10,True,True,0.6605867474827819,-0.0006738108964510214,0.15841240453598704,10,4,6,-0.2,0,5,4,"{1: 126, 2: 58, 3: 58, 4: 34, 5: 22}","{1: 137, 2: 63, 3: 43, 4: 32, 5: 23}"
0.5,0.06,0.08,10,True,False,0.6605867474827819,-0.0006738108964510214,0.15841240453598704,10,4,6,-0.2,0,5,4,"{1: 126, 2: 58, 3: 58, 4: 34, 5: 22}","{1: 137, 2: 63, 3: 43, 4: 32, 5: 23}"
0.5,0.04,0.08,12,False,False,0.6605775203428133,-0.0006830380364196698,0.1517009951400139,12,6,6,0.0,3,3,3,"{1: 125, 2: 58, 3: 59, 4: 34, 5: 22}","{1: 136, 2: 64, 3: 43, 4: 32, 5: 23}"
1.0,0.04,0.04,10,False,False,0.6605752755408156,-0.0006852828384172893,0.17910905636615124,10,5,5,0.0,4,9,10,"{1: 126, 2: 61, 3: 55, 4: 35, 5: 21}","{1: 135, 2: 70, 3: 40, 4: 31, 5: 22}"
2.0,0.04,0.04,10,False,False,0.6605752755408156,-0.0006852828384172893,0.17910905636615124,10,5,5,0.0,4,9,10,"{1: 126, 2: 61, 3: 55, 4: 35, 5: 21}","{1: 135, 2: 70, 3: 40, 4: 31, 5: 22}"
1.0,0.04,0.08,12,False,False,0.6605736952661279,-0.0006868631131050629,0.15505669983800044,12,6,6,0.0,2,3,4,"{1: 125, 2: 58, 3: 59, 4: 34, 5: 22}","{1: 137, 2: 63, 3: 43, 4: 32, 5: 23}"
0.5,0.08,0.08,5,False,False,0.6605685596117498,-0.0006919987674831596,0.15505669983800047,5,2,3,-0.2,1,5,5,"{1: 125, 2: 59, 3: 59, 4: 33, 5: 22}","{1: 137, 2: 63, 3: 44, 4: 31, 5: 23}"
2.0,0.04,0.04,5,False,True,0.6605685596117498,-0.0006919987674831596,0.16568623757420492,5,2,3,-0.2,0,5,5,"{1: 123, 2: 64, 3: 54, 4: 36, 5: 21}","{1: 134, 2: 67, 3: 44, 4: 31, 5: 22}"
2.0,0.04,0.04,5,True,True,0.6605685596117498,-0.0006919987674831596,0.16568623757420492,5,2,3,-0.2,0,5,5,"{1: 123, 2: 64, 3: 54, 4: 36, 5: 21}","{1: 134, 2: 67, 3: 44, 4: 31, 5: 22}"
2.0,0.04,0.04,5,True,False,0.6605685596117498,-0.0006919987674831596,0.16568623757420492,5,2,3,-0.2,0,5,5,"{1: 123, 2: 64, 3: 54, 4: 36, 5: 21}","{1: 134, 2: 67, 3: 44, 4: 31, 5: 22}"
2.0,0.04,0.06,5,False,True,0.6605685596117498,-0.0006919987674831596,0.16568623757420492,5,2,3,-0.2,0,5,5,"{1: 123, 2: 64, 3: 54, 4: 36, 5: 21}","{1: 134, 2: 67, 3: 44, 4: 31, 5: 22}"
2.0,0.04,0.06,5,True,True,0.6605685596117498,-0.0006919987674831596,0.16568623757420492,5,2,3,-0.2,0,5,5,"{1: 123, 2: 64, 3: 54, 4: 36, 5: 21}","{1: 134, 2: 67, 3: 44, 4: 31, 5: 22}"
2.0,0.04,0.06,5,True,False,0.6605685596117498,-0.0006919987674831596,0.16568623757420492,5,2,3,-0.2,0,5,5,"{1: 123, 2: 64, 3: 54, 4: 36, 5: 21}","{1: 134, 2: 67, 3: 44, 4: 31, 5: 22}"
0.5,0.08,0.04,10,False,False,0.6605676034981889,-0.0006929548810440389,0.16679224770321252,10,5,5,0.0,5,10,10,"{1: 123, 2: 62, 3: 60, 4: 35, 5: 18}","{1: 134, 2: 69, 3: 45, 4: 28, 5: 22}"
1.0,0.08,0.04,10,False,False,0.6605676034981889,-0.0006929548810440389,0.16679224770321252,10,5,5,0.0,5,10,10,"{1: 123, 2: 62, 3: 60, 4: 35, 5: 18}","{1: 134, 2: 69, 3: 45, 4: 28, 5: 22}"
0.5,0.06,0.06,10,False,False,0.6605676034981889,-0.0006929548810440389,0.1690419422721915,10,5,5,0.0,5,10,10,"{1: 127, 2: 58, 3: 59, 4: 33, 5: 21}","{1: 138, 2: 66, 3: 40, 4: 31, 5: 23}"
0.5,0.08,0.06,10,False,False,0.6605676034981889,-0.0006929548810440389,0.1690419422721915,10,5,5,0.0,5,10,10,"{1: 126, 2: 59, 3: 60, 4: 32, 5: 21}","{1: 136, 2: 68, 3: 42, 4: 29, 5: 23}"
1.0,0.08,0.06,10,False,False,0.6605676034981889,-0.0006929548810440389,0.1757533516681647,10,5,5,0.0,5,10,10,"{1: 123, 2: 63, 3: 59, 4: 34, 5: 19}","{1: 134, 2: 71, 3: 42, 4: 28, 5: 23}"
1.0,0.06,0.06,10,False,False,0.6605676034981889,-0.0006929548810440389,0.18582046576212438,10,5,5,0.0,5,10,10,"{1: 123, 2: 65, 3: 56, 4: 34, 5: 20}","{1: 135, 2: 71, 3: 39, 4: 30, 5: 23}"
0.5,0.06,0.04,10,False,False,0.6605676034981889,-0.0006929548810440389,0.1858204657621244,10,5,5,0.0,5,10,10,"{1: 123, 2: 65, 3: 56, 4: 34, 5: 20}","{1: 134, 2: 72, 3: 39, 4: 31, 5: 22}"
1.0,0.06,0.04,10,False,False,0.6605676034981889,-0.0006929548810440389,0.1858204657621244,10,5,5,0.0,5,10,10,"{1: 123, 2: 65, 3: 56, 4: 34, 5: 20}","{1: 134, 2: 72, 3: 39, 4: 31, 5: 22}"
2.0,0.06,0.04,10,False,False,0.6605676034981889,-0.0006929548810440389,0.1858204657621244,10,5,5,0.0,5,10,10,"{1: 123, 2: 65, 3: 56, 4: 34, 5: 20}","{1: 134, 2: 72, 3: 39, 4: 31, 5: 22}"
2.0,0.06,0.06,10,False,False,0.6605676034981889,-0.0006929548810440389,0.1858204657621244,10,5,5,0.0,5,10,10,"{1: 123, 2: 65, 3: 56, 4: 34, 5: 20}","{1: 134, 2: 72, 3: 39, 4: 31, 5: 22}"
1.0,0.04,0.04,12,False,False,0.6605660306776135,-0.000694527701619374,0.17910905636615124,12,6,6,0.0,4,9,12,"{1: 126, 2: 61, 3: 55, 4: 35, 5: 21}","{1: 137, 2: 68, 3: 40, 4: 31, 5: 22}"
2.0,0.04,0.04,12,False,False,0.6605660306776135,-0.000694527701619374,0.17910905636615124,12,6,6,0.0,4,9,12,"{1: 126, 2: 61, 3: 55, 4: 35, 5: 21}","{1: 137, 2: 68, 3: 40, 4: 31, 5: 22}"
0.5,0.06,0.04,5,False,True,0.6605647252567446,-0.0006958331224883318,0.1556191234802452,5,2,3,-0.2,0,5,5,"{1: 123, 2: 61, 3: 59, 4: 35, 5: 20}","{1: 134, 2: 67, 3: 44, 4: 31, 5: 22}"
0.5,0.06,0.04,5,True,True,0.6605647252567446,-0.0006958331224883318,0.1556191234802452,5,2,3,-0.2,0,5,5,"{1: 123, 2: 61, 3: 59, 4: 35, 5: 20}","{1: 134, 2: 67, 3: 44, 4: 31, 5: 22}"
0.5,0.06,0.04,5,True,False,0.6605647252567446,-0.0006958331224883318,0.1556191234802452,5,2,3,-0.2,0,5,5,"{1: 123, 2: 61, 3: 59, 4: 35, 5: 20}","{1: 134, 2: 67, 3: 44, 4: 31, 5: 22}"
1.0,0.06,0.04,5,False,True,0.6605647252567446,-0.0006958331224883318,0.1556191234802452,5,2,3,-0.2,0,5,5,"{1: 123, 2: 61, 3: 59, 4: 35, 5: 20}","{1: 134, 2: 67, 3: 44, 4: 31, 5: 22}"
1.0,0.06,0.04,5,True,True,0.6605647252567446,-0.0006958331224883318,0.1556191234802452,5,2,3,-0.2,0,5,5,"{1: 123, 2: 61, 3: 59, 4: 35, 5: 20}","{1: 134, 2: 67, 3: 44, 4: 31, 5: 22}"
1.0,0.06,0.04,5,True,False,0.6605647252567446,-0.0006958331224883318,0.1556191234802452,5,2,3,-0.2,0,5,5,"{1: 123, 2: 61, 3: 59, 4: 35, 5: 20}","{1: 134, 2: 67, 3: 44, 4: 31, 5: 22}"
2.0,0.06,0.04,5,False,True,0.6605647252567446,-0.0006958331224883318,0.1556191234802452,5,2,3,-0.2,0,5,5,"{1: 123, 2: 61, 3: 59, 4: 35, 5: 20}","{1: 134, 2: 67, 3: 44, 4: 31, 5: 22}"
2.0,0.06,0.04,5,True,True,0.6605647252567446,-0.0006958331224883318,0.1556191234802452,5,2,3,-0.2,0,5,5,"{1: 123, 2: 61, 3: 59, 4: 35, 5: 20}","{1: 134, 2: 67, 3: 44, 4: 31, 5: 22}"
2.0,0.06,0.04,5,True,False,0.6605647252567446,-0.0006958331224883318,0.1556191234802452,5,2,3,-0.2,0,5,5,"{1: 123, 2: 61, 3: 59, 4: 35, 5: 20}","{1: 134, 2: 67, 3: 44, 4: 31, 5: 22}"
2.0,0.06,0.06,5,False,True,0.6605647252567446,-0.0006958331224883318,0.1556191234802452,5,2,3,-0.2,0,5,5,"{1: 123, 2: 61, 3: 59, 4: 35, 5: 20}","{1: 134, 2: 67, 3: 44, 4: 31, 5: 22}"
2.0,0.06,0.06,5,True,True,0.6605647252567446,-0.0006958331224883318,0.1556191234802452,5,2,3,-0.2,0,5,5,"{1: 123, 2: 61, 3: 59, 4: 35, 5: 20}","{1: 134, 2: 67, 3: 44, 4: 31, 5: 22}"
2.0,0.06,0.06,5,True,False,0.6605647252567446,-0.0006958331224883318,0.1556191234802452,5,2,3,-0.2,0,5,5,"{1: 123, 2: 61, 3: 59, 4: 35, 5: 20}","{1: 134, 2: 67, 3: 44, 4: 31, 5: 22}"
1.0,0.06,0.06,5,False,True,0.6605647252567446,-0.0006958331224883318,0.15897482817823178,5,2,3,-0.2,0,5,5,"{1: 123, 2: 61, 3: 59, 4: 35, 5: 20}","{1: 134, 2: 68, 3: 43, 4: 30, 5: 23}"
1.0,0.06,0.06,5,True,True,0.6605647252567446,-0.0006958331224883318,0.15897482817823178,5,2,3,-0.2,0,5,5,"{1: 123, 2: 61, 3: 59, 4: 35, 5: 20}","{1: 134, 2: 68, 3: 43, 4: 30, 5: 23}"
1.0,0.06,0.06,5,True,False,0.6605647252567446,-0.0006958331224883318,0.15897482817823178,5,2,3,-0.2,0,5,5,"{1: 123, 2: 61, 3: 59, 4: 35, 5: 20}","{1: 134, 2: 68, 3: 43, 4: 30, 5: 23}"
0.5,0.06,0.06,5,False,True,0.6605647252567446,-0.0006958331224883318,0.16233053287621835,5,2,3,-0.2,0,5,5,"{1: 123, 2: 62, 3: 58, 4: 34, 5: 21}","{1: 135, 2: 67, 3: 42, 4: 31, 5: 23}"
0.5,0.06,0.06,5,True,True,0.6605647252567446,-0.0006958331224883318,0.16233053287621835,5,2,3,-0.2,0,5,5,"{1: 123, 2: 62, 3: 58, 4: 34, 5: 21}","{1: 135, 2: 67, 3: 42, 4: 31, 5: 23}"
0.5,0.06,0.06,5,True,False,0.6605647252567446,-0.0006958331224883318,0.16233053287621835,5,2,3,-0.2,0,5,5,"{1: 123, 2: 62, 3: 58, 4: 34, 5: 21}","{1: 135, 2: 67, 3: 42, 4: 31, 5: 23}"
0.5,0.06,0.1,12,False,True,0.6605523753777698,-0.0007081830014631363,0.15226341878225863,11,5,6,-0.09090909090909091,0,3,4,"{1: 124, 2: 60, 3: 58, 4: 34, 5: 22}","{1: 137, 2: 63, 3: 43, 4: 32, 5: 23}"
0.5,0.06,0.1,12,True,True,0.6605523753777698,-0.0007081830014631363,0.15226341878225863,11,5,6,-0.09090909090909091,0,3,4,"{1: 124, 2: 60, 3: 58, 4: 34, 5: 22}","{1: 137, 2: 63, 3: 43, 4: 32, 5: 23}"
0.5,0.06,0.1,12,True,False,0.6605523753777698,-0.0007081830014631363,0.15226341878225863,11,5,6,-0.09090909090909091,0,3,4,"{1: 124, 2: 60, 3: 58, 4: 34, 5: 22}","{1: 137, 2: 63, 3: 43, 4: 32, 5: 23}"
0.5,0.08,0.08,4,False,True,0.6605395514522087,-0.0007210069270242592,0.15226341878225863,4,1,3,-0.5,0,4,4,"{1: 125, 2: 59, 3: 58, 4: 34, 5: 22}","{1: 136, 2: 64, 3: 44, 4: 31, 5: 23}"
0.5,0.08,0.08,4,True,True,0.6605395514522087,-0.0007210069270242592,0.15226341878225863,4,1,3,-0.5,0,4,4,"{1: 125, 2: 59, 3: 58, 4: 34, 5: 22}","{1: 136, 2: 64, 3: 44, 4: 31, 5: 23}"
0.5,0.08,0.08,4,True,False,0.6605395514522087,-0.0007210069270242592,0.15226341878225863,4,1,3,-0.5,0,4,4,"{1: 125, 2: 59, 3: 58, 4: 34, 5: 22}","{1: 136, 2: 64, 3: 44, 4: 31, 5: 23}"
0.5,0.08,0.08,6,False,True,0.6605303160519358,-0.0007302423272971259,0.1617681092339737,6,2,4,-0.3333333333333333,0,6,5,"{1: 127, 2: 57, 3: 58, 4: 34, 5: 22}","{1: 137, 2: 63, 3: 44, 4: 31, 5: 23}"
0.5,0.08,0.08,6,True,True,0.6605303160519358,-0.0007302423272971259,0.1617681092339737,6,2,4,-0.3333333333333333,0,6,5,"{1: 127, 2: 57, 3: 58, 4: 34, 5: 22}","{1: 137, 2: 63, 3: 44, 4: 31, 5: 23}"
0.5,0.08,0.08,6,True,False,0.6605303160519358,-0.0007302423272971259,0.1617681092339737,6,2,4,-0.3333333333333333,0,6,5,"{1: 127, 2: 57, 3: 58, 4: 34, 5: 22}","{1: 137, 2: 63, 3: 44, 4: 31, 5: 23}"
2.0,0.08,0.14,8,False,True,0.6605287927172435,-0.0007317656619894031,0.1483452904420273,8,3,5,-0.25,0,1,2,"{1: 124, 2: 59, 3: 58, 4: 35, 5: 22}","{1: 136, 2: 63, 3: 44, 4: 32, 5: 23}"
2.0,0.08,0.14,8,False,False,0.6605287927172435,-0.0007317656619894031,0.1483452904420273,8,3,5,-0.25,0,1,2,"{1: 124, 2: 59, 3: 58, 4: 35, 5: 22}","{1: 136, 2: 63, 3: 44, 4: 32, 5: 23}"
2.0,0.08,0.14,8,True,True,0.6605287927172435,-0.0007317656619894031,0.1483452904420273,8,3,5,-0.25,0,1,2,"{1: 124, 2: 59, 3: 58, 4: 35, 5: 22}","{1: 136, 2: 63, 3: 44, 4: 32, 5: 23}"
2.0,0.08,0.14,8,True,False,0.6605287927172435,-0.0007317656619894031,0.1483452904420273,8,3,5,-0.25,0,1,2,"{1: 124, 2: 59, 3: 58, 4: 35, 5: 22}","{1: 136, 2: 63, 3: 44, 4: 32, 5: 23}"
2.0,0.08,0.14,10,False,True,0.6605287927172435,-0.0007317656619894031,0.1483452904420273,8,3,5,-0.25,0,1,2,"{1: 124, 2: 59, 3: 58, 4: 35, 5: 22}","{1: 136, 2: 63, 3: 44, 4: 32, 5: 23}"
2.0,0.08,0.14,10,False,False,0.6605287927172435,-0.0007317656619894031,0.1483452904420273,8,3,5,-0.25,0,1,2,"{1: 124, 2: 59, 3: 58, 4: 35, 5: 22}","{1: 136, 2: 63, 3: 44, 4: 32, 5: 23}"
2.0,0.08,0.14,10,True,True,0.6605287927172435,-0.0007317656619894031,0.1483452904420273,8,3,5,-0.25,0,1,2,"{1: 124, 2: 59, 3: 58, 4: 35, 5: 22}","{1: 136, 2: 63, 3: 44, 4: 32, 5: 23}"
2.0,0.08,0.14,10,True,False,0.6605287927172435,-0.0007317656619894031,0.1483452904420273,8,3,5,-0.25,0,1,2,"{1: 124, 2: 59, 3: 58, 4: 35, 5: 22}","{1: 136, 2: 63, 3: 44, 4: 32, 5: 23}"
2.0,0.08,0.14,12,False,True,0.6605287927172435,-0.0007317656619894031,0.1483452904420273,8,3,5,-0.25,0,1,2,"{1: 124, 2: 59, 3: 58, 4: 35, 5: 22}","{1: 136, 2: 63, 3: 44, 4: 32, 5: 23}"
2.0,0.08,0.14,12,False,False,0.6605287927172435,-0.0007317656619894031,0.1483452904420273,8,3,5,-0.25,0,1,2,"{1: 124, 2: 59, 3: 58, 4: 35, 5: 22}","{1: 136, 2: 63, 3: 44, 4: 32, 5: 23}"
2.0,0.08,0.14,12,True,True,0.6605287927172435,-0.0007317656619894031,0.1483452904420273,8,3,5,-0.25,0,1,2,"{1: 124, 2: 59, 3: 58, 4: 35, 5: 22}","{1: 136, 2: 63, 3: 44, 4: 32, 5: 23}"
2.0,0.08,0.14,12,True,False,0.6605287927172435,-0.0007317656619894031,0.1483452904420273,8,3,5,-0.25,0,1,2,"{1: 124, 2: 59, 3: 58, 4: 35, 5: 22}","{1: 136, 2: 63, 3: 44, 4: 32, 5: 23}"
0.5,0.04,0.06,8,False,True,0.6605210801491305,-0.0007394782301024527,0.15897482817823178,8,4,4,0.0,0,3,6,"{1: 125, 2: 59, 3: 57, 4: 35, 5: 22}","{1: 136, 2: 66, 3: 42, 4: 31, 5: 23}"
0.5,0.04,0.06,8,True,True,0.6605210801491305,-0.0007394782301024527,0.15897482817823178,8,4,4,0.0,0,3,6,"{1: 125, 2: 59, 3: 57, 4: 35, 5: 22}","{1: 136, 2: 66, 3: 42, 4: 31, 5: 23}"
0.5,0.04,0.06,8,True,False,0.6605210801491305,-0.0007394782301024527,0.15897482817823178,8,4,4,0.0,0,3,6,"{1: 125, 2: 59, 3: 57, 4: 35, 5: 22}","{1: 136, 2: 66, 3: 42, 4: 31, 5: 23}"
0.5,0.08,0.08,8,False,True,0.6605210801491305,-0.0007394782301024527,0.1617681092339737,8,3,5,-0.25,0,6,5,"{1: 127, 2: 57, 3: 58, 4: 34, 5: 22}","{1: 137, 2: 63, 3: 44, 4: 31, 5: 23}"
0.5,0.08,0.08,8,True,True,0.6605210801491305,-0.0007394782301024527,0.1617681092339737,8,3,5,-0.25,0,6,5,"{1: 127, 2: 57, 3: 58, 4: 34, 5: 22}","{1: 137, 2: 63, 3: 44, 4: 31, 5: 23}"
0.5,0.08,0.08,8,True,False,0.6605210801491305,-0.0007394782301024527,0.1617681092339737,8,3,5,-0.25,0,6,5,"{1: 127, 2: 57, 3: 58, 4: 34, 5: 22}","{1: 137, 2: 63, 3: 44, 4: 31, 5: 23}"
2.0,0.04,0.06,8,False,False,0.6605172165920626,-0.0007433417871702819,0.1757533516681647,8,4,4,0.0,2,8,8,"{1: 125, 2: 62, 3: 55, 4: 35, 5: 21}","{1: 134, 2: 70, 3: 41, 4: 31, 5: 22}"
1.0,0.04,0.06,8,False,False,0.6605172165920626,-0.0007433417871702819,0.17910905636615126,8,4,4,0.0,2,8,8,"{1: 125, 2: 62, 3: 55, 4: 35, 5: 21}","{1: 134, 2: 71, 3: 40, 4: 30, 5: 23}"
1.0,0.06,0.1,12,False,True,0.6605142038165682,-0.0007463545626646972,0.15505669983800044,12,5,7,-0.16666666666666666,0,4,4,"{1: 125, 2: 59, 3: 58, 4: 34, 5: 22}","{1: 137, 2: 63, 3: 43, 4: 32, 5: 23}"
1.0,0.06,0.1,12,True,True,0.6605142038165682,-0.0007463545626646972,0.15505669983800044,12,5,7,-0.16666666666666666,0,4,4,"{1: 125, 2: 59, 3: 58, 4: 34, 5: 22}","{1: 137, 2: 63, 3: 43, 4: 32, 5: 23}"
1.0,0.06,0.1,12,True,False,0.6605142038165682,-0.0007463545626646972,0.15505669983800044,12,5,7,-0.16666666666666666,0,4,4,"{1: 125, 2: 59, 3: 58, 4: 34, 5: 22}","{1: 137, 2: 63, 3: 43, 4: 32, 5: 23}"
2.0,0.06,0.1,12,False,True,0.6605142038165682,-0.0007463545626646972,0.15841240453598704,12,5,7,-0.16666666666666666,0,5,4,"{1: 126, 2: 58, 3: 58, 4: 34, 5: 22}","{1: 137, 2: 63, 3: 43, 4: 32, 5: 23}"
2.0,0.06,0.1,12,True,True,0.6605142038165682,-0.0007463545626646972,0.15841240453598704,12,5,7,-0.16666666666666666,0,5,4,"{1: 126, 2: 58, 3: 58, 4: 34, 5: 22}","{1: 137, 2: 63, 3: 43, 4: 32, 5: 23}"
2.0,0.06,0.1,12,True,False,0.6605142038165682,-0.0007463545626646972,0.15841240453598704,12,5,7,-0.16666666666666666,0,5,4,"{1: 126, 2: 58, 3: 58, 4: 34, 5: 22}","{1: 137, 2: 63, 3: 43, 4: 32, 5: 23}"
1.0,0.06,0.1,12,False,False,0.6605103430078757,-0.0007502153713572213,0.15505669983800044,12,6,6,0.0,2,4,4,"{1: 125, 2: 59, 3: 58, 4: 34, 5: 22}","{1: 137, 2: 63, 3: 43, 4: 32, 5: 23}"
1.0,0.04,0.06,10,False,False,0.6605079742746739,-0.0007525841045590287,0.1791090563661512,10,5,5,0.0,2,9,10,"{1: 126, 2: 61, 3: 55, 4: 35, 5: 21}","{1: 136, 2: 69, 3: 40, 4: 30, 5: 23}"
2.0,0.04,0.06,10,False,False,0.6605079742746739,-0.0007525841045590287,0.17910905636615124,10,5,5,0.0,2,9,10,"{1: 126, 2: 61, 3: 55, 4: 35, 5: 21}","{1: 135, 2: 70, 3: 40, 4: 31, 5: 22}"
1.0,0.06,0.08,12,False,True,0.6605026068357586,-0.0007579515434743556,0.16176810923397367,12,5,7,-0.16666666666666666,0,5,5,"{1: 126, 2: 58, 3: 58, 4: 34, 5: 22}","{1: 138, 2: 62, 3: 43, 4: 32, 5: 23}"
1.0,0.06,0.08,12,True,True,0.6605026068357586,-0.0007579515434743556,0.16176810923397367,12,5,7,-0.16666666666666666,0,5,5,"{1: 126, 2: 58, 3: 58, 4: 34, 5: 22}","{1: 138, 2: 62, 3: 43, 4: 32, 5: 23}"
1.0,0.06,0.08,12,True,False,0.6605026068357586,-0.0007579515434743556,0.16176810923397367,12,5,7,-0.16666666666666666,0,5,5,"{1: 126, 2: 58, 3: 58, 4: 34, 5: 22}","{1: 138, 2: 62, 3: 43, 4: 32, 5: 23}"
0.5,0.04,0.04,4,False,True,0.6604684487176655,-0.0007921096615673973,0.15897482817823178,4,1,3,-0.5,0,4,4,"{1: 123, 2: 63, 3: 55, 4: 36, 5: 21}","{1: 134, 2: 66, 3: 45, 4: 31, 5: 22}"
0.5,0.04,0.04,4,True,True,0.6604684487176655,-0.0007921096615673973,0.15897482817823178,4,1,3,-0.5,0,4,4,"{1: 123, 2: 63, 3: 55, 4: 36, 5: 21}","{1: 134, 2: 66, 3: 45, 4: 31, 5: 22}"
0.5,0.04,0.04,4,True,False,0.6604684487176655,-0.0007921096615673973,0.15897482817823178,4,1,3,-0.5,0,4,4,"{1: 123, 2: 63, 3: 55, 4: 36, 5: 21}","{1: 134, 2: 66, 3: 45, 4: 31, 5: 22}"
1.0,0.04,0.04,4,False,True,0.6604684487176655,-0.0007921096615673973,0.15897482817823178,4,1,3,-0.5,0,4,4,"{1: 123, 2: 63, 3: 55, 4: 36, 5: 21}","{1: 134, 2: 66, 3: 45, 4: 31, 5: 22}"
1.0,0.04,0.04,4,True,True,0.6604684487176655,-0.0007921096615673973,0.15897482817823178,4,1,3,-0.5,0,4,4,"{1: 123, 2: 63, 3: 55, 4: 36, 5: 21}","{1: 134, 2: 66, 3: 45, 4: 31, 5: 22}"
1.0,0.04,0.04,4,True,False,0.6604684487176655,-0.0007921096615673973,0.15897482817823178,4,1,3,-0.5,0,4,4,"{1: 123, 2: 63, 3: 55, 4: 36, 5: 21}","{1: 134, 2: 66, 3: 45, 4: 31, 5: 22}"
2.0,0.04,0.04,4,False,True,0.6604684487176655,-0.0007921096615673973,0.15897482817823178,4,1,3,-0.5,0,4,4,"{1: 123, 2: 63, 3: 55, 4: 36, 5: 21}","{1: 134, 2: 66, 3: 45, 4: 31, 5: 22}"
2.0,0.04,0.04,4,True,True,0.6604684487176655,-0.0007921096615673973,0.15897482817823178,4,1,3,-0.5,0,4,4,"{1: 123, 2: 63, 3: 55, 4: 36, 5: 21}","{1: 134, 2: 66, 3: 45, 4: 31, 5: 22}"
2.0,0.04,0.04,4,True,False,0.6604684487176655,-0.0007921096615673973,0.15897482817823178,4,1,3,-0.5,0,4,4,"{1: 123, 2: 63, 3: 55, 4: 36, 5: 21}","{1: 134, 2: 66, 3: 45, 4: 31, 5: 22}"
2.0,0.04,0.06,4,False,True,0.6604684487176655,-0.0007921096615673973,0.15897482817823178,4,1,3,-0.5,0,4,4,"{1: 123, 2: 63, 3: 55, 4: 36, 5: 21}","{1: 134, 2: 66, 3: 45, 4: 31, 5: 22}"
2.0,0.04,0.06,4,True,True,0.6604684487176655,-0.0007921096615673973,0.15897482817823178,4,1,3,-0.5,0,4,4,"{1: 123, 2: 63, 3: 55, 4: 36, 5: 21}","{1: 134, 2: 66, 3: 45, 4: 31, 5: 22}"
2.0,0.04,0.06,4,True,False,0.6604684487176655,-0.0007921096615673973,0.15897482817823178,4,1,3,-0.5,0,4,4,"{1: 123, 2: 63, 3: 55, 4: 36, 5: 21}","{1: 134, 2: 66, 3: 45, 4: 31, 5: 22}"
1.0,0.04,0.06,4,False,True,0.6604684487176655,-0.0007921096615673973,0.16233053287621835,4,1,3,-0.5,0,4,4,"{1: 123, 2: 63, 3: 55, 4: 36, 5: 21}","{1: 134, 2: 67, 3: 44, 4: 30, 5: 23}"
1.0,0.04,0.06,4,True,True,0.6604684487176655,-0.0007921096615673973,0.16233053287621835,4,1,3,-0.5,0,4,4,"{1: 123, 2: 63, 3: 55, 4: 36, 5: 21}","{1: 134, 2: 67, 3: 44, 4: 30, 5: 23}"
1.0,0.04,0.06,4,True,False,0.6604684487176655,-0.0007921096615673973,0.16233053287621835,4,1,3,-0.5,0,4,4,"{1: 123, 2: 63, 3: 55, 4: 36, 5: 21}","{1: 134, 2: 67, 3: 44, 4: 30, 5: 23}"
0.5,0.04,0.08,10,False,True,0.6604485446537676,-0.0008120137254653548,0.1517009951400139,10,4,6,-0.2,0,2,3,"{1: 125, 2: 58, 3: 58, 4: 35, 5: 22}","{1: 136, 2: 64, 3: 43, 4: 32, 5: 23}"
0.5,0.04,0.08,10,True,True,0.6604485446537676,-0.0008120137254653548,0.1517009951400139,10,4,6,-0.2,0,2,3,"{1: 125, 2: 58, 3: 58, 4: 35, 5: 22}","{1: 136, 2: 64, 3: 43, 4: 32, 5: 23}"
0.5,0.04,0.08,10,True,False,0.6604485446537676,-0.0008120137254653548,0.1517009951400139,10,4,6,-0.2,0,2,3,"{1: 125, 2: 58, 3: 58, 4: 35, 5: 22}","{1: 136, 2: 64, 3: 43, 4: 32, 5: 23}"
1.0,0.04,0.08,10,False,True,0.6604446394811501,-0.0008159188980828569,0.1517009951400139,10,4,6,-0.2,0,2,3,"{1: 125, 2: 58, 3: 58, 4: 35, 5: 22}","{1: 136, 2: 64, 3: 43, 4: 32, 5: 23}"
1.0,0.04,0.08,10,True,True,0.6604446394811501,-0.0008159188980828569,0.1517009951400139,10,4,6,-0.2,0,2,3,"{1: 125, 2: 58, 3: 58, 4: 35, 5: 22}","{1: 136, 2: 64, 3: 43, 4: 32, 5: 23}"
1.0,0.04,0.08,10,True,False,0.6604446394811501,-0.0008159188980828569,0.1517009951400139,10,4,6,-0.2,0,2,3,"{1: 125, 2: 58, 3: 58, 4: 35, 5: 22}","{1: 136, 2: 64, 3: 43, 4: 32, 5: 23}"
0.5,0.04,0.06,5,False,True,0.6604302252812079,-0.000830333098025049,0.15897482817823175,5,2,3,-0.2,0,3,5,"{1: 125, 2: 59, 3: 57, 4: 35, 5: 22}","{1: 135, 2: 67, 3: 42, 4: 31, 5: 23}"
0.5,0.04,0.06,5,True,True,0.6604302252812079,-0.000830333098025049,0.15897482817823175,5,2,3,-0.2,0,3,5,"{1: 125, 2: 59, 3: 57, 4: 35, 5: 22}","{1: 135, 2: 67, 3: 42, 4: 31, 5: 23}"
0.5,0.04,0.06,5,True,False,0.6604302252812079,-0.000830333098025049,0.15897482817823175,5,2,3,-0.2,0,3,5,"{1: 125, 2: 59, 3: 57, 4: 35, 5: 22}","{1: 135, 2: 67, 3: 42, 4: 31, 5: 23}"
1.0,0.08,0.06,6,False,True,0.6603841243271091,-0.0008764340521237868,0.16008083830723938,6,2,4,-0.3333333333333333,0,6,6,"{1: 123, 2: 60, 3: 61, 4: 35, 5: 19}","{1: 134, 2: 67, 3: 46, 4: 28, 5: 23}"
1.0,0.08,0.06,6,True,True,0.6603841243271091,-0.0008764340521237868,0.16008083830723938,6,2,4,-0.3333333333333333,0,6,6,"{1: 123, 2: 60, 3: 61, 4: 35, 5: 19}","{1: 134, 2: 67, 3: 46, 4: 28, 5: 23}"
1.0,0.08,0.06,6,True,False,0.6603841243271091,-0.0008764340521237868,0.16008083830723938,6,2,4,-0.3333333333333333,0,6,6,"{1: 123, 2: 60, 3: 61, 4: 35, 5: 19}","{1: 134, 2: 67, 3: 46, 4: 28, 5: 23}"
2.0,0.08,0.06,6,False,True,0.6603841243271091,-0.0008764340521237868,0.16008083830723938,6,2,4,-0.3333333333333333,0,6,6,"{1: 123, 2: 60, 3: 61, 4: 35, 5: 19}","{1: 134, 2: 66, 3: 47, 4: 29, 5: 22}"
2.0,0.08,0.06,6,True,True,0.6603841243271091,-0.0008764340521237868,0.16008083830723938,6,2,4,-0.3333333333333333,0,6,6,"{1: 123, 2: 60, 3: 61, 4: 35, 5: 19}","{1: 134, 2: 66, 3: 47, 4: 29, 5: 22}"
2.0,0.08,0.06,6,True,False,0.6603841243271091,-0.0008764340521237868,0.16008083830723938,6,2,4,-0.3333333333333333,0,6,6,"{1: 123, 2: 60, 3: 61, 4: 35, 5: 19}","{1: 134, 2: 66, 3: 47, 4: 29, 5: 22}"
0.5,0.08,0.04,6,False,True,0.6603841243271091,-0.0008764340521237868,0.1600808383072394,6,2,4,-0.3333333333333333,0,6,6,"{1: 123, 2: 60, 3: 60, 4: 37, 5: 18}","{1: 134, 2: 65, 3: 49, 4: 28, 5: 22}"
0.5,0.08,0.04,6,True,True,0.6603841243271091,-0.0008764340521237868,0.1600808383072394,6,2,4,-0.3333333333333333,0,6,6,"{1: 123, 2: 60, 3: 60, 4: 37, 5: 18}","{1: 134, 2: 65, 3: 49, 4: 28, 5: 22}"
0.5,0.08,0.04,6,True,False,0.6603841243271091,-0.0008764340521237868,0.1600808383072394,6,2,4,-0.3333333333333333,0,6,6,"{1: 123, 2: 60, 3: 60, 4: 37, 5: 18}","{1: 134, 2: 65, 3: 49, 4: 28, 5: 22}"
1.0,0.08,0.04,6,False,True,0.6603841243271091,-0.0008764340521237868,0.1600808383072394,6,2,4,-0.3333333333333333,0,6,6,"{1: 123, 2: 60, 3: 60, 4: 37, 5: 18}","{1: 134, 2: 65, 3: 49, 4: 28, 5: 22}"
1.0,0.08,0.04,6,True,True,0.6603841243271091,-0.0008764340521237868,0.1600808383072394,6,2,4,-0.3333333333333333,0,6,6,"{1: 123, 2: 60, 3: 60, 4: 37, 5: 18}","{1: 134, 2: 65, 3: 49, 4: 28, 5: 22}"
1.0,0.08,0.04,6,True,False,0.6603841243271091,-0.0008764340521237868,0.1600808383072394,6,2,4,-0.3333333333333333,0,6,6,"{1: 123, 2: 60, 3: 60, 4: 37, 5: 18}","{1: 134, 2: 65, 3: 49, 4: 28, 5: 22}"
2.0,0.08,0.04,6,False,True,0.6603841243271091,-0.0008764340521237868,0.1600808383072394,6,2,4,-0.3333333333333333,0,6,6,"{1: 123, 2: 60, 3: 60, 4: 37, 5: 18}","{1: 134, 2: 65, 3: 49, 4: 28, 5: 22}"
2.0,0.08,0.04,6,True,True,0.6603841243271091,-0.0008764340521237868,0.1600808383072394,6,2,4,-0.3333333333333333,0,6,6,"{1: 123, 2: 60, 3: 60, 4: 37, 5: 18}","{1: 134, 2: 65, 3: 49, 4: 28, 5: 22}"
2.0,0.08,0.04,6,True,False,0.6603841243271091,-0.0008764340521237868,0.1600808383072394,6,2,4,-0.3333333333333333,0,6,6,"{1: 123, 2: 60, 3: 60, 4: 37, 5: 18}","{1: 134, 2: 65, 3: 49, 4: 28, 5: 22}"
0.5,0.06,0.04,6,False,True,0.6603841243271091,-0.0008764340521237868,0.16233053287621835,6,2,4,-0.3333333333333333,0,6,6,"{1: 123, 2: 62, 3: 58, 4: 35, 5: 20}","{1: 134, 2: 68, 3: 43, 4: 31, 5: 22}"
0.5,0.06,0.04,6,True,True,0.6603841243271091,-0.0008764340521237868,0.16233053287621835,6,2,4,-0.3333333333333333,0,6,6,"{1: 123, 2: 62, 3: 58, 4: 35, 5: 20}","{1: 134, 2: 68, 3: 43, 4: 31, 5: 22}"
0.5,0.06,0.04,6,True,False,0.6603841243271091,-0.0008764340521237868,0.16233053287621835,6,2,4,-0.3333333333333333,0,6,6,"{1: 123, 2: 62, 3: 58, 4: 35, 5: 20}","{1: 134, 2: 68, 3: 43, 4: 31, 5: 22}"
0.5,0.08,0.06,6,False,True,0.6603841243271091,-0.0008764340521237868,0.16233053287621835,6,2,4,-0.3333333333333333,0,6,6,"{1: 123, 2: 62, 3: 59, 4: 33, 5: 21}","{1: 134, 2: 68, 3: 44, 4: 29, 5: 23}"
0.5,0.08,0.06,6,True,True,0.6603841243271091,-0.0008764340521237868,0.16233053287621835,6,2,4,-0.3333333333333333,0,6,6,"{1: 123, 2: 62, 3: 59, 4: 33, 5: 21}","{1: 134, 2: 68, 3: 44, 4: 29, 5: 23}"
0.5,0.08,0.06,6,True,False,0.6603841243271091,-0.0008764340521237868,0.16233053287621835,6,2,4,-0.3333333333333333,0,6,6,"{1: 123, 2: 62, 3: 59, 4: 33, 5: 21}","{1: 134, 2: 68, 3: 44, 4: 29, 5: 23}"
1.0,0.06,0.04,6,False,True,0.6603841243271091,-0.0008764340521237868,0.16233053287621835,6,2,4,-0.3333333333333333,0,6,6,"{1: 123, 2: 62, 3: 58, 4: 35, 5: 20}","{1: 134, 2: 68, 3: 43, 4: 31, 5: 22}"
1.0,0.06,0.04,6,True,True,0.6603841243271091,-0.0008764340521237868,0.16233053287621835,6,2,4,-0.3333333333333333,0,6,6,"{1: 123, 2: 62, 3: 58, 4: 35, 5: 20}","{1: 134, 2: 68, 3: 43, 4: 31, 5: 22}"
1.0,0.06,0.04,6,True,False,0.6603841243271091,-0.0008764340521237868,0.16233053287621835,6,2,4,-0.3333333333333333,0,6,6,"{1: 123, 2: 62, 3: 58, 4: 35, 5: 20}","{1: 134, 2: 68, 3: 43, 4: 31, 5: 22}"
2.0,0.06,0.04,6,False,True,0.6603841243271091,-0.0008764340521237868,0.16233053287621835,6,2,4,-0.3333333333333333,0,6,6,"{1: 123, 2: 62, 3: 58, 4: 35, 5: 20}","{1: 134, 2: 68, 3: 43, 4: 31, 5: 22}"
2.0,0.06,0.04,6,True,True,0.6603841243271091,-0.0008764340521237868,0.16233053287621835,6,2,4,-0.3333333333333333,0,6,6,"{1: 123, 2: 62, 3: 58, 4: 35, 5: 20}","{1: 134, 2: 68, 3: 43, 4: 31, 5: 22}"
2.0,0.06,0.04,6,True,False,0.6603841243271091,-0.0008764340521237868,0.16233053287621835,6,2,4,-0.3333333333333333,0,6,6,"{1: 123, 2: 62, 3: 58, 4: 35, 5: 20}","{1: 134, 2: 68, 3: 43, 4: 31, 5: 22}"
2.0,0.06,0.06,6,False,True,0.6603841243271091,-0.0008764340521237868,0.16233053287621835,6,2,4,-0.3333333333333333,0,6,6,"{1: 123, 2: 62, 3: 58, 4: 35, 5: 20}","{1: 134, 2: 68, 3: 43, 4: 31, 5: 22}"
2.0,0.06,0.06,6,True,True,0.6603841243271091,-0.0008764340521237868,0.16233053287621835,6,2,4,-0.3333333333333333,0,6,6,"{1: 123, 2: 62, 3: 58, 4: 35, 5: 20}","{1: 134, 2: 68, 3: 43, 4: 31, 5: 22}"
2.0,0.06,0.06,6,True,False,0.6603841243271091,-0.0008764340521237868,0.16233053287621835,6,2,4,-0.3333333333333333,0,6,6,"{1: 123, 2: 62, 3: 58, 4: 35, 5: 20}","{1: 134, 2: 68, 3: 43, 4: 31, 5: 22}"
1.0,0.06,0.06,6,False,True,0.6603841243271091,-0.0008764340521237868,0.16568623757420495,6,2,4,-0.3333333333333333,0,6,6,"{1: 123, 2: 62, 3: 58, 4: 35, 5: 20}","{1: 134, 2: 69, 3: 42, 4: 30, 5: 23}"
1.0,0.06,0.06,6,True,True,0.6603841243271091,-0.0008764340521237868,0.16568623757420495,6,2,4,-0.3333333333333333,0,6,6,"{1: 123, 2: 62, 3: 58, 4: 35, 5: 20}","{1: 134, 2: 69, 3: 42, 4: 30, 5: 23}"
1.0,0.06,0.06,6,True,False,0.6603841243271091,-0.0008764340521237868,0.16568623757420495,6,2,4,-0.3333333333333333,0,6,6,"{1: 123, 2: 62, 3: 58, 4: 35, 5: 20}","{1: 134, 2: 69, 3: 42, 4: 30, 5: 23}"
1.0,0.06,0.1,10,False,True,0.6603814371363428,-0.0008791212428901352,0.15505669983800044,10,4,6,-0.2,0,4,4,"{1: 125, 2: 59, 3: 58, 4: 34, 5: 22}","{1: 137, 2: 63, 3: 43, 4: 32, 5: 23}"
1.0,0.06,0.1,10,True,True,0.6603814371363428,-0.0008791212428901352,0.15505669983800044,10,4,6,-0.2,0,4,4,"{1: 125, 2: 59, 3: 58, 4: 34, 5: 22}","{1: 137, 2: 63, 3: 43, 4: 32, 5: 23}"
1.0,0.06,0.1,10,True,False,0.6603814371363428,-0.0008791212428901352,0.15505669983800044,10,4,6,-0.2,0,4,4,"{1: 125, 2: 59, 3: 58, 4: 34, 5: 22}","{1: 137, 2: 63, 3: 43, 4: 32, 5: 23}"
2.0,0.06,0.1,10,False,True,0.6603814371363428,-0.0008791212428901352,0.15841240453598704,10,4,6,-0.2,0,5,4,"{1: 126, 2: 58, 3: 58, 4: 34, 5: 22}","{1: 137, 2: 63, 3: 43, 4: 32, 5: 23}"
2.0,0.06,0.1,10,True,True,0.6603814371363428,-0.0008791212428901352,0.15841240453598704,10,4,6,-0.2,0,5,4,"{1: 126, 2: 58, 3: 58, 4: 34, 5: 22}","{1: 137, 2: 63, 3: 43, 4: 32, 5: 23}"
2.0,0.06,0.1,10,True,False,0.6603814371363428,-0.0008791212428901352,0.15841240453598704,10,4,6,-0.2,0,5,4,"{1: 126, 2: 58, 3: 58, 4: 34, 5: 22}","{1: 137, 2: 63, 3: 43, 4: 32, 5: 23}"
2.0,0.06,0.04,8,False,True,0.6603748747614068,-0.0008856836178261496,0.1757533516681647,8,3,5,-0.25,0,8,8,"{1: 123, 2: 64, 3: 56, 4: 35, 5: 20}","{1: 134, 2: 70, 3: 41, 4: 31, 5: 22}"
2.0,0.06,0.04,8,True,True,0.6603748747614068,-0.0008856836178261496,0.1757533516681647,8,3,5,-0.25,0,8,8,"{1: 123, 2: 64, 3: 56, 4: 35, 5: 20}","{1: 134, 2: 70, 3: 41, 4: 31, 5: 22}"
2.0,0.06,0.04,8,True,False,0.6603748747614068,-0.0008856836178261496,0.1757533516681647,8,3,5,-0.25,0,8,8,"{1: 123, 2: 64, 3: 56, 4: 35, 5: 20}","{1: 134, 2: 70, 3: 41, 4: 31, 5: 22}"
2.0,0.06,0.06,8,False,True,0.6603748747614068,-0.0008856836178261496,0.1757533516681647,8,3,5,-0.25,0,8,8,"{1: 123, 2: 64, 3: 56, 4: 35, 5: 20}","{1: 134, 2: 70, 3: 41, 4: 31, 5: 22}"
2.0,0.06,0.06,8,True,True,0.6603748747614068,-0.0008856836178261496,0.1757533516681647,8,3,5,-0.25,0,8,8,"{1: 123, 2: 64, 3: 56, 4: 35, 5: 20}","{1: 134, 2: 70, 3: 41, 4: 31, 5: 22}"
2.0,0.06,0.06,8,True,False,0.6603748747614068,-0.0008856836178261496,0.1757533516681647,8,3,5,-0.25,0,8,8,"{1: 123, 2: 64, 3: 56, 4: 35, 5: 20}","{1: 134, 2: 70, 3: 41, 4: 31, 5: 22}"
0.5,0.08,0.06,10,False,True,0.6603656246918599,-0.000894933687373034,0.16512381393196018,10,4,6,-0.2,0,10,10,"{1: 127, 2: 58, 3: 59, 4: 33, 5: 21}","{1: 138, 2: 64, 3: 44, 4: 29, 5: 23}"
0.5,0.08,0.06,10,True,True,0.6603656246918599,-0.000894933687373034,0.16512381393196018,10,4,6,-0.2,0,10,10,"{1: 127, 2: 58, 3: 59, 4: 33, 5: 21}","{1: 138, 2: 64, 3: 44, 4: 29, 5: 23}"
0.5,0.08,0.06,10,True,False,0.6603656246918599,-0.000894933687373034,0.16512381393196018,10,4,6,-0.2,0,10,10,"{1: 127, 2: 58, 3: 59, 4: 33, 5: 21}","{1: 138, 2: 64, 3: 44, 4: 29, 5: 23}"
1.0,0.06,0.06,10,False,True,0.6603656246918599,-0.000894933687373034,0.17910905636615124,10,4,6,-0.2,0,10,10,"{1: 124, 2: 64, 3: 55, 4: 35, 5: 20}","{1: 137, 2: 67, 3: 41, 4: 30, 5: 23}"
1.0,0.06,0.06,10,True,True,0.6603656246918599,-0.000894933687373034,0.17910905636615124,10,4,6,-0.2,0,10,10,"{1: 124, 2: 64, 3: 55, 4: 35, 5: 20}","{1: 137, 2: 67, 3: 41, 4: 30, 5: 23}"
1.0,0.06,0.06,10,True,False,0.6603656246918599,-0.000894933687373034,0.17910905636615124,10,4,6,-0.2,0,10,10,"{1: 124, 2: 64, 3: 55, 4: 35, 5: 20}","{1: 137, 2: 67, 3: 41, 4: 30, 5: 23}"
0.5,0.06,0.04,10,False,True,0.6603656246918599,-0.000894933687373034,0.17910905636615126,10,4,6,-0.2,0,10,10,"{1: 124, 2: 64, 3: 55, 4: 35, 5: 20}","{1: 136, 2: 68, 3: 41, 4: 31, 5: 22}"
0.5,0.06,0.04,10,True,True,0.6603656246918599,-0.000894933687373034,0.17910905636615126,10,4,6,-0.2,0,10,10,"{1: 124, 2: 64, 3: 55, 4: 35, 5: 20}","{1: 136, 2: 68, 3: 41, 4: 31, 5: 22}"
0.5,0.06,0.04,10,True,False,0.6603656246918599,-0.000894933687373034,0.17910905636615126,10,4,6,-0.2,0,10,10,"{1: 124, 2: 64, 3: 55, 4: 35, 5: 20}","{1: 136, 2: 68, 3: 41, 4: 31, 5: 22}"
1.0,0.06,0.04,10,False,True,0.6603656246918599,-0.000894933687373034,0.17910905636615126,10,4,6,-0.2,0,10,10,"{1: 124, 2: 64, 3: 55, 4: 35, 5: 20}","{1: 136, 2: 68, 3: 41, 4: 31, 5: 22}"
1.0,0.06,0.04,10,True,True,0.6603656246918599,-0.000894933687373034,0.17910905636615126,10,4,6,-0.2,0,10,10,"{1: 124, 2: 64, 3: 55, 4: 35, 5: 20}","{1: 136, 2: 68, 3: 41, 4: 31, 5: 22}"
1.0,0.06,0.04,10,True,False,0.6603656246918599,-0.000894933687373034,0.17910905636615126,10,4,6,-0.2,0,10,10,"{1: 124, 2: 64, 3: 55, 4: 35, 5: 20}","{1: 136, 2: 68, 3: 41, 4: 31, 5: 22}"
2.0,0.06,0.04,10,False,True,0.6603656246918599,-0.000894933687373034,0.17910905636615126,10,4,6,-0.2,0,10,10,"{1: 124, 2: 64, 3: 55, 4: 35, 5: 20}","{1: 136, 2: 68, 3: 41, 4: 31, 5: 22}"
2.0,0.06,0.04,10,True,True,0.6603656246918599,-0.000894933687373034,0.17910905636615126,10,4,6,-0.2,0,10,10,"{1: 124, 2: 64, 3: 55, 4: 35, 5: 20}","{1: 136, 2: 68, 3: 41, 4: 31, 5: 22}"
2.0,0.06,0.04,10,True,False,0.6603656246918599,-0.000894933687373034,0.17910905636615126,10,4,6,-0.2,0,10,10,"{1: 124, 2: 64, 3: 55, 4: 35, 5: 20}","{1: 136, 2: 68, 3: 41, 4: 31, 5: 22}"
2.0,0.06,0.06,10,False,True,0.6603656246918599,-0.000894933687373034,0.17910905636615126,10,4,6,-0.2,0,10,10,"{1: 124, 2: 64, 3: 55, 4: 35, 5: 20}","{1: 136, 2: 68, 3: 41, 4: 31, 5: 22}"
2.0,0.06,0.06,10,True,True,0.6603656246918599,-0.000894933687373034,0.17910905636615126,10,4,6,-0.2,0,10,10,"{1: 124, 2: 64, 3: 55, 4: 35, 5: 20}","{1: 136, 2: 68, 3: 41, 4: 31, 5: 22}"
2.0,0.06,0.06,10,True,False,0.6603656246918599,-0.000894933687373034,0.17910905636615126,10,4,6,-0.2,0,10,10,"{1: 124, 2: 64, 3: 55, 4: 35, 5: 20}","{1: 136, 2: 68, 3: 41, 4: 31, 5: 22}"
0.5,0.08,0.06,12,False,True,0.6603563741184274,-0.0009041842608055184,0.17183522332793338,12,5,7,-0.16666666666666666,0,11,11,"{1: 128, 2: 57, 3: 59, 4: 33, 5: 21}","{1: 139, 2: 63, 3: 44, 4: 29, 5: 23}"
0.5,0.08,0.06,12,True,True,0.6603563741184274,-0.0009041842608055184,0.17183522332793338,12,5,7,-0.16666666666666666,0,11,11,"{1: 128, 2: 57, 3: 59, 4: 33, 5: 21}","{1: 139, 2: 63, 3: 44, 4: 29, 5: 23}"
0.5,0.08,0.06,12,True,False,0.6603563741184274,-0.0009041842608055184,0.17183522332793338,12,5,7,-0.16666666666666666,0,11,11,"{1: 128, 2: 57, 3: 59, 4: 33, 5: 21}","{1: 139, 2: 63, 3: 44, 4: 29, 5: 23}"
0.5,0.04,0.06,4,False,True,0.660330137233487,-0.0009304211457459299,0.15897482817823178,4,1,3,-0.5,0,3,4,"{1: 125, 2: 59, 3: 57, 4: 35, 5: 22}","{1: 134, 2: 68, 3: 42, 4: 31, 5: 23}"
0.5,0.04,0.06,4,True,True,0.660330137233487,-0.0009304211457459299,0.15897482817823178,4,1,3,-0.5,0,3,4,"{1: 125, 2: 59, 3: 57, 4: 35, 5: 22}","{1: 134, 2: 68, 3: 42, 4: 31, 5: 23}"
0.5,0.04,0.06,4,True,False,0.660330137233487,-0.0009304211457459299,0.15897482817823178,4,1,3,-0.5,0,3,4,"{1: 125, 2: 59, 3: 57, 4: 35, 5: 22}","{1: 134, 2: 68, 3: 42, 4: 31, 5: 23}"
0.5,0.06,0.08,12,False,True,0.6603011688507641,-0.0009593895284688569,0.15841240453598704,12,5,7,-0.16666666666666666,0,5,4,"{1: 126, 2: 58, 3: 58, 4: 34, 5: 22}","{1: 137, 2: 63, 3: 43, 4: 32, 5: 23}"
0.5,0.06,0.08,12,True,True,0.6603011688507641,-0.0009593895284688569,0.15841240453598704,12,5,7,-0.16666666666666666,0,5,4,"{1: 126, 2: 58, 3: 58, 4: 34, 5: 22}","{1: 137, 2: 63, 3: 43, 4: 32, 5: 23}"
0.5,0.06,0.08,12,True,False,0.6603011688507641,-0.0009593895284688569,0.15841240453598704,12,5,7,-0.16666666666666666,0,5,4,"{1: 126, 2: 58, 3: 58, 4: 34, 5: 22}","{1: 137, 2: 63, 3: 43, 4: 32, 5: 23}"
2.0,0.04,0.08,12,False,True,0.6602971718496353,-0.0009633865295975985,0.15226341878225863,12,5,7,-0.16666666666666666,0,3,3,"{1: 125, 2: 59, 3: 57, 4: 35, 5: 22}","{1: 136, 2: 64, 3: 43, 4: 32, 5: 23}"
2.0,0.04,0.08,12,True,True,0.6602971718496353,-0.0009633865295975985,0.15226341878225863,12,5,7,-0.16666666666666666,0,3,3,"{1: 125, 2: 59, 3: 57, 4: 35, 5: 22}","{1: 136, 2: 64, 3: 43, 4: 32, 5: 23}"
2.0,0.04,0.08,12,True,False,0.6602971718496353,-0.0009633865295975985,0.15226341878225863,12,5,7,-0.16666666666666666,0,3,3,"{1: 125, 2: 59, 3: 57, 4: 35, 5: 22}","{1: 136, 2: 64, 3: 43, 4: 32, 5: 23}"
0.5,0.04,0.06,12,False,True,0.6602931698257869,-0.0009673885534460247,0.15897482817823178,12,5,7,-0.16666666666666666,0,3,6,"{1: 125, 2: 59, 3: 57, 4: 35, 5: 22}","{1: 136, 2: 66, 3: 42, 4: 31, 5: 23}"
0.5,0.04,0.06,12,True,True,0.6602931698257869,-0.0009673885534460247,0.15897482817823178,12,5,7,-0.16666666666666666,0,3,6,"{1: 125, 2: 59, 3: 57, 4: 35, 5: 22}","{1: 136, 2: 66, 3: 42, 4: 31, 5: 23}"
0.5,0.04,0.06,12,True,False,0.6602931698257869,-0.0009673885534460247,0.15897482817823178,12,5,7,-0.16666666666666666,0,3,6,"{1: 125, 2: 59, 3: 57, 4: 35, 5: 22}","{1: 136, 2: 66, 3: 42, 4: 31, 5: 23}"
0.5,0.04,0.04,6,False,True,0.6602497456661196,-0.0010108127131133182,0.1690419422721915,6,2,4,-0.3333333333333333,0,6,6,"{1: 124, 2: 63, 3: 54, 4: 36, 5: 21}","{1: 134, 2: 68, 3: 43, 4: 31, 5: 22}"
0.5,0.04,0.04,6,True,True,0.6602497456661196,-0.0010108127131133182,0.1690419422721915,6,2,4,-0.3333333333333333,0,6,6,"{1: 124, 2: 63, 3: 54, 4: 36, 5: 21}","{1: 134, 2: 68, 3: 43, 4: 31, 5: 22}"
0.5,0.04,0.04,6,True,False,0.6602497456661196,-0.0010108127131133182,0.1690419422721915,6,2,4,-0.3333333333333333,0,6,6,"{1: 124, 2: 63, 3: 54, 4: 36, 5: 21}","{1: 134, 2: 68, 3: 43, 4: 31, 5: 22}"
1.0,0.04,0.04,6,False,True,0.6602497456661196,-0.0010108127131133182,0.1690419422721915,6,2,4,-0.3333333333333333,0,6,6,"{1: 124, 2: 63, 3: 54, 4: 36, 5: 21}","{1: 134, 2: 68, 3: 43, 4: 31, 5: 22}"
1.0,0.04,0.04,6,True,True,0.6602497456661196,-0.0010108127131133182,0.1690419422721915,6,2,4,-0.3333333333333333,0,6,6,"{1: 124, 2: 63, 3: 54, 4: 36, 5: 21}","{1: 134, 2: 68, 3: 43, 4: 31, 5: 22}"
1.0,0.04,0.04,6,True,False,0.6602497456661196,-0.0010108127131133182,0.1690419422721915,6,2,4,-0.3333333333333333,0,6,6,"{1: 124, 2: 63, 3: 54, 4: 36, 5: 21}","{1: 134, 2: 68, 3: 43, 4: 31, 5: 22}"
2.0,0.04,0.04,6,False,True,0.6602497456661196,-0.0010108127131133182,0.1690419422721915,6,2,4,-0.3333333333333333,0,6,6,"{1: 124, 2: 63, 3: 54, 4: 36, 5: 21}","{1: 134, 2: 68, 3: 43, 4: 31, 5: 22}"
2.0,0.04,0.04,6,True,True,0.6602497456661196,-0.0010108127131133182,0.1690419422721915,6,2,4,-0.3333333333333333,0,6,6,"{1: 124, 2: 63, 3: 54, 4: 36, 5: 21}","{1: 134, 2: 68, 3: 43, 4: 31, 5: 22}"
2.0,0.04,0.04,6,True,False,0.6602497456661196,-0.0010108127131133182,0.1690419422721915,6,2,4,-0.3333333333333333,0,6,6,"{1: 124, 2: 63, 3: 54, 4: 36, 5: 21}","{1: 134, 2: 68, 3: 43, 4: 31, 5: 22}"
2.0,0.04,0.06,6,False,True,0.6602497456661196,-0.0010108127131133182,0.1690419422721915,6,2,4,-0.3333333333333333,0,6,6,"{1: 124, 2: 63, 3: 54, 4: 36, 5: 21}","{1: 134, 2: 68, 3: 43, 4: 31, 5: 22}"
2.0,0.04,0.06,6,True,True,0.6602497456661196,-0.0010108127131133182,0.1690419422721915,6,2,4,-0.3333333333333333,0,6,6,"{1: 124, 2: 63, 3: 54, 4: 36, 5: 21}","{1: 134, 2: 68, 3: 43, 4: 31, 5: 22}"
2.0,0.04,0.06,6,True,False,0.6602497456661196,-0.0010108127131133182,0.1690419422721915,6,2,4,-0.3333333333333333,0,6,6,"{1: 124, 2: 63, 3: 54, 4: 36, 5: 21}","{1: 134, 2: 68, 3: 43, 4: 31, 5: 22}"
1.0,0.04,0.06,6,False,True,0.6602497456661196,-0.0010108127131133182,0.1723976469701781,6,2,4,-0.3333333333333333,0,6,6,"{1: 124, 2: 63, 3: 54, 4: 36, 5: 21}","{1: 134, 2: 69, 3: 42, 4: 30, 5: 23}"
1.0,0.04,0.06,6,True,True,0.6602497456661196,-0.0010108127131133182,0.1723976469701781,6,2,4,-0.3333333333333333,0,6,6,"{1: 124, 2: 63, 3: 54, 4: 36, 5: 21}","{1: 134, 2: 69, 3: 42, 4: 30, 5: 23}"
1.0,0.04,0.06,6,True,False,0.6602497456661196,-0.0010108127131133182,0.1723976469701781,6,2,4,-0.3333333333333333,0,6,6,"{1: 124, 2: 63, 3: 54, 4: 36, 5: 21}","{1: 134, 2: 69, 3: 42, 4: 30, 5: 23}"
0.5,0.06,0.06,6,False,True,0.6602457107930164,-0.0010148475862165052,0.16233053287621835,6,2,4,-0.3333333333333333,0,6,6,"{1: 124, 2: 61, 3: 58, 4: 34, 5: 21}","{1: 136, 2: 66, 3: 42, 4: 31, 5: 23}"
0.5,0.06,0.06,6,True,True,0.6602457107930164,-0.0010148475862165052,0.16233053287621835,6,2,4,-0.3333333333333333,0,6,6,"{1: 124, 2: 61, 3: 58, 4: 34, 5: 21}","{1: 136, 2: 66, 3: 42, 4: 31, 5: 23}"
0.5,0.06,0.06,6,True,False,0.6602457107930164,-0.0010148475862165052,0.16233053287621835,6,2,4,-0.3333333333333333,0,6,6,"{1: 124, 2: 61, 3: 58, 4: 34, 5: 21}","{1: 136, 2: 66, 3: 42, 4: 31, 5: 23}"
0.5,0.04,0.04,8,False,True,0.6602405001936376,-0.0010200581855953628,0.17239764697017806,8,3,5,-0.25,0,7,8,"{1: 125, 2: 62, 3: 54, 4: 36, 5: 21}","{1: 135, 2: 68, 3: 42, 4: 31, 5: 22}"
0.5,0.04,0.04,8,True,True,0.6602405001936376,-0.0010200581855953628,0.17239764697017806,8,3,5,-0.25,0,7,8,"{1: 125, 2: 62, 3: 54, 4: 36, 5: 21}","{1: 135, 2: 68, 3: 42, 4: 31, 5: 22}"
0.5,0.04,0.04,8,True,False,0.6602405001936376,-0.0010200581855953628,0.17239764697017806,8,3,5,-0.25,0,7,8,"{1: 125, 2: 62, 3: 54, 4: 36, 5: 21}","{1: 135, 2: 68, 3: 42, 4: 31, 5: 22}"
1.0,0.04,0.04,8,False,True,0.6602405001936376,-0.0010200581855953628,0.17239764697017806,8,3,5,-0.25,0,7,8,"{1: 125, 2: 62, 3: 54, 4: 36, 5: 21}","{1: 135, 2: 68, 3: 42, 4: 31, 5: 22}"
1.0,0.04,0.04,8,True,True,0.6602405001936376,-0.0010200581855953628,0.17239764697017806,8,3,5,-0.25,0,7,8,"{1: 125, 2: 62, 3: 54, 4: 36, 5: 21}","{1: 135, 2: 68, 3: 42, 4: 31, 5: 22}"
1.0,0.04,0.04,8,True,False,0.6602405001936376,-0.0010200581855953628,0.17239764697017806,8,3,5,-0.25,0,7,8,"{1: 125, 2: 62, 3: 54, 4: 36, 5: 21}","{1: 135, 2: 68, 3: 42, 4: 31, 5: 22}"
2.0,0.04,0.04,8,False,True,0.6602405001936376,-0.0010200581855953628,0.17239764697017806,8,3,5,-0.25,0,7,8,"{1: 125, 2: 62, 3: 54, 4: 36, 5: 21}","{1: 135, 2: 68, 3: 42, 4: 31, 5: 22}"
2.0,0.04,0.04,8,True,True,0.6602405001936376,-0.0010200581855953628,0.17239764697017806,8,3,5,-0.25,0,7,8,"{1: 125, 2: 62, 3: 54, 4: 36, 5: 21}","{1: 135, 2: 68, 3: 42, 4: 31, 5: 22}"
2.0,0.04,0.04,8,True,False,0.6602405001936376,-0.0010200581855953628,0.17239764697017806,8,3,5,-0.25,0,7,8,"{1: 125, 2: 62, 3: 54, 4: 36, 5: 21}","{1: 135, 2: 68, 3: 42, 4: 31, 5: 22}"
2.0,0.04,0.06,8,False,True,0.6602405001936376,-0.0010200581855953628,0.17239764697017806,8,3,5,-0.25,0,7,8,"{1: 125, 2: 62, 3: 54, 4: 36, 5: 21}","{1: 135, 2: 68, 3: 42, 4: 31, 5: 22}"
2.0,0.04,0.06,8,True,True,0.6602405001936376,-0.0010200581855953628,0.17239764697017806,8,3,5,-0.25,0,7,8,"{1: 125, 2: 62, 3: 54, 4: 36, 5: 21}","{1: 135, 2: 68, 3: 42, 4: 31, 5: 22}"
2.0,0.04,0.06,8,True,False,0.6602405001936376,-0.0010200581855953628,0.17239764697017806,8,3,5,-0.25,0,7,8,"{1: 125, 2: 62, 3: 54, 4: 36, 5: 21}","{1: 135, 2: 68, 3: 42, 4: 31, 5: 22}"
1.0,0.04,0.06,8,False,True,0.6602405001936376,-0.0010200581855953628,0.1723976469701781,8,3,5,-0.25,0,7,8,"{1: 125, 2: 62, 3: 54, 4: 36, 5: 21}","{1: 136, 2: 67, 3: 42, 4: 30, 5: 23}"
1.0,0.04,0.06,8,True,True,0.6602405001936376,-0.0010200581855953628,0.1723976469701781,8,3,5,-0.25,0,7,8,"{1: 125, 2: 62, 3: 54, 4: 36, 5: 21}","{1: 136, 2: 67, 3: 42, 4: 30, 5: 23}"
1.0,0.04,0.06,8,True,False,0.6602405001936376,-0.0010200581855953628,0.1723976469701781,8,3,5,-0.25,0,7,8,"{1: 125, 2: 62, 3: 54, 4: 36, 5: 21}","{1: 136, 2: 67, 3: 42, 4: 30, 5: 23}"
0.5,0.06,0.06,8,False,True,0.6602364593970798,-0.0010240989821531654,0.1623305328762184,8,3,5,-0.25,0,8,8,"{1: 126, 2: 59, 3: 58, 4: 34, 5: 21}","{1: 138, 2: 64, 3: 42, 4: 31, 5: 23}"
0.5,0.06,0.06,8,True,True,0.6602364593970798,-0.0010240989821531654,0.1623305328762184,8,3,5,-0.25,0,8,8,"{1: 126, 2: 59, 3: 58, 4: 34, 5: 21}","{1: 138, 2: 64, 3: 42, 4: 31, 5: 23}"
0.5,0.06,0.06,8,True,False,0.6602364593970798,-0.0010240989821531654,0.1623305328762184,8,3,5,-0.25,0,8,8,"{1: 126, 2: 59, 3: 58, 4: 34, 5: 21}","{1: 138, 2: 64, 3: 42, 4: 31, 5: 23}"
2.0,0.08,0.06,8,False,True,0.6602324135155897,-0.001028144863643221,0.16233053287621838,8,3,5,-0.25,0,8,8,"{1: 123, 2: 62, 3: 59, 4: 35, 5: 19}","{1: 134, 2: 68, 3: 45, 4: 29, 5: 22}"
2.0,0.08,0.06,8,True,True,0.6602324135155897,-0.001028144863643221,0.16233053287621838,8,3,5,-0.25,0,8,8,"{1: 123, 2: 62, 3: 59, 4: 35, 5: 19}","{1: 134, 2: 68, 3: 45, 4: 29, 5: 22}"
2.0,0.08,0.06,8,True,False,0.6602324135155897,-0.001028144863643221,0.16233053287621838,8,3,5,-0.25,0,8,8,"{1: 123, 2: 62, 3: 59, 4: 35, 5: 19}","{1: 134, 2: 68, 3: 45, 4: 29, 5: 22}"
0.5,0.08,0.04,8,False,True,0.6602324135155897,-0.001028144863643221,0.16343654300522595,8,3,5,-0.25,0,8,8,"{1: 123, 2: 61, 3: 60, 4: 36, 5: 18}","{1: 134, 2: 67, 3: 47, 4: 28, 5: 22}"
0.5,0.08,0.04,8,True,True,0.6602324135155897,-0.001028144863643221,0.16343654300522595,8,3,5,-0.25,0,8,8,"{1: 123, 2: 61, 3: 60, 4: 36, 5: 18}","{1: 134, 2: 67, 3: 47, 4: 28, 5: 22}"
0.5,0.08,0.04,8,True,False,0.6602324135155897,-0.001028144863643221,0.16343654300522595,8,3,5,-0.25,0,8,8,"{1: 123, 2: 61, 3: 60, 4: 36, 5: 18}","{1: 134, 2: 67, 3: 47, 4: 28, 5: 22}"
1.0,0.08,0.04,8,False,True,0.6602324135155897,-0.001028144863643221,0.16343654300522595,8,3,5,-0.25,0,8,8,"{1: 123, 2: 61, 3: 60, 4: 36, 5: 18}","{1: 134, 2: 67, 3: 47, 4: 28, 5: 22}"
1.0,0.08,0.04,8,True,True,0.6602324135155897,-0.001028144863643221,0.16343654300522595,8,3,5,-0.25,0,8,8,"{1: 123, 2: 61, 3: 60, 4: 36, 5: 18}","{1: 134, 2: 67, 3: 47, 4: 28, 5: 22}"
1.0,0.08,0.04,8,True,False,0.6602324135155897,-0.001028144863643221,0.16343654300522595,8,3,5,-0.25,0,8,8,"{1: 123, 2: 61, 3: 60, 4: 36, 5: 18}","{1: 134, 2: 67, 3: 47, 4: 28, 5: 22}"
2.0,0.08,0.04,8,False,True,0.6602324135155897,-0.001028144863643221,0.16343654300522595,8,3,5,-0.25,0,8,8,"{1: 123, 2: 61, 3: 60, 4: 36, 5: 18}","{1: 134, 2: 67, 3: 47, 4: 28, 5: 22}"
2.0,0.08,0.04,8,True,True,0.6602324135155897,-0.001028144863643221,0.16343654300522595,8,3,5,-0.25,0,8,8,"{1: 123, 2: 61, 3: 60, 4: 36, 5: 18}","{1: 134, 2: 67, 3: 47, 4: 28, 5: 22}"
2.0,0.08,0.04,8,True,False,0.6602324135155897,-0.001028144863643221,0.16343654300522595,8,3,5,-0.25,0,8,8,"{1: 123, 2: 61, 3: 60, 4: 36, 5: 18}","{1: 134, 2: 67, 3: 47, 4: 28, 5: 22}"
0.5,0.06,0.06,10,False,True,0.6602272074973045,-0.0010333508819284631,0.16512381393196018,10,4,6,-0.2,0,9,8,"{1: 127, 2: 58, 3: 58, 4: 34, 5: 21}","{1: 138, 2: 64, 3: 42, 4: 31, 5: 23}"
0.5,0.06,0.06,10,True,True,0.6602272074973045,-0.0010333508819284631,0.16512381393196018,10,4,6,-0.2,0,9,8,"{1: 127, 2: 58, 3: 58, 4: 34, 5: 21}","{1: 138, 2: 64, 3: 42, 4: 31, 5: 23}"
0.5,0.06,0.06,10,True,False,0.6602272074973045,-0.0010333508819284631,0.16512381393196018,10,4,6,-0.2,0,9,8,"{1: 127, 2: 58, 3: 58, 4: 34, 5: 21}","{1: 138, 2: 64, 3: 42, 4: 31, 5: 23}"
2.0,0.08,0.04,10,False,True,0.6602231556841274,-0.0010374026951055493,0.16904194227219155,10,4,6,-0.2,0,10,10,"{1: 123, 2: 63, 3: 58, 4: 36, 5: 18}","{1: 134, 2: 69, 3: 45, 4: 28, 5: 22}"
2.0,0.08,0.04,10,True,True,0.6602231556841274,-0.0010374026951055493,0.16904194227219155,10,4,6,-0.2,0,10,10,"{1: 123, 2: 63, 3: 58, 4: 36, 5: 18}","{1: 134, 2: 69, 3: 45, 4: 28, 5: 22}"
2.0,0.08,0.04,10,True,False,0.6602231556841274,-0.0010374026951055493,0.16904194227219155,10,4,6,-0.2,0,10,10,"{1: 123, 2: 63, 3: 58, 4: 36, 5: 18}","{1: 134, 2: 69, 3: 45, 4: 28, 5: 22}"
2.0,0.08,0.06,10,False,True,0.6602231556841274,-0.0010374026951055493,0.1757533516681647,10,4,6,-0.2,0,10,10,"{1: 123, 2: 64, 3: 57, 4: 35, 5: 19}","{1: 134, 2: 70, 3: 43, 4: 29, 5: 22}"
2.0,0.08,0.06,10,True,True,0.6602231556841274,-0.0010374026951055493,0.1757533516681647,10,4,6,-0.2,0,10,10,"{1: 123, 2: 64, 3: 57, 4: 35, 5: 19}","{1: 134, 2: 70, 3: 43, 4: 29, 5: 22}"
2.0,0.08,0.06,10,True,False,0.6602231556841274,-0.0010374026951055493,0.1757533516681647,10,4,6,-0.2,0,10,10,"{1: 123, 2: 64, 3: 57, 4: 35, 5: 19}","{1: 134, 2: 70, 3: 43, 4: 29, 5: 22}"
1.0,0.04,0.06,12,False,True,0.6602220077390335,-0.0010385506401994204,0.1723976469701781,12,5,7,-0.16666666666666666,0,7,10,"{1: 125, 2: 62, 3: 54, 4: 36, 5: 21}","{1: 138, 2: 65, 3: 42, 4: 30, 5: 23}"
1.0,0.04,0.06,12,True,True,0.6602220077390335,-0.0010385506401994204,0.1723976469701781,12,5,7,-0.16666666666666666,0,7,10,"{1: 125, 2: 62, 3: 54, 4: 36, 5: 21}","{1: 138, 2: 65, 3: 42, 4: 30, 5: 23}"
1.0,0.04,0.06,12,True,False,0.6602220077390335,-0.0010385506401994204,0.1723976469701781,12,5,7,-0.16666666666666666,0,7,10,"{1: 125, 2: 62, 3: 54, 4: 36, 5: 21}","{1: 138, 2: 65, 3: 42, 4: 30, 5: 23}"
0.5,0.04,0.04,12,False,True,0.6602220077390335,-0.0010385506401994204,0.17239764697017812,12,5,7,-0.16666666666666666,0,7,12,"{1: 125, 2: 62, 3: 54, 4: 36, 5: 21}","{1: 139, 2: 64, 3: 42, 4: 31, 5: 22}"
0.5,0.04,0.04,12,True,True,0.6602220077390335,-0.0010385506401994204,0.17239764697017812,12,5,7,-0.16666666666666666,0,7,12,"{1: 125, 2: 62, 3: 54, 4: 36, 5: 21}","{1: 139, 2: 64, 3: 42, 4: 31, 5: 22}"
0.5,0.04,0.04,12,True,False,0.6602220077390335,-0.0010385506401994204,0.17239764697017812,12,5,7,-0.16666666666666666,0,7,12,"{1: 125, 2: 62, 3: 54, 4: 36, 5: 21}","{1: 139, 2: 64, 3: 42, 4: 31, 5: 22}"
1.0,0.04,0.04,12,False,True,0.6602220077390335,-0.0010385506401994204,0.17239764697017812,12,5,7,-0.16666666666666666,0,7,12,"{1: 125, 2: 62, 3: 54, 4: 36, 5: 21}","{1: 139, 2: 64, 3: 42, 4: 31, 5: 22}"
1.0,0.04,0.04,12,True,True,0.6602220077390335,-0.0010385506401994204,0.17239764697017812,12,5,7,-0.16666666666666666,0,7,12,"{1: 125, 2: 62, 3: 54, 4: 36, 5: 21}","{1: 139, 2: 64, 3: 42, 4: 31, 5: 22}"
1.0,0.04,0.04,12,True,False,0.6602220077390335,-0.0010385506401994204,0.17239764697017812,12,5,7,-0.16666666666666666,0,7,12,"{1: 125, 2: 62, 3: 54, 4: 36, 5: 21}","{1: 139, 2: 64, 3: 42, 4: 31, 5: 22}"
2.0,0.04,0.04,12,False,True,0.6602220077390335,-0.0010385506401994204,0.17239764697017812,12,5,7,-0.16666666666666666,0,7,12,"{1: 125, 2: 62, 3: 54, 4: 36, 5: 21}","{1: 139, 2: 64, 3: 42, 4: 31, 5: 22}"
2.0,0.04,0.04,12,True,True,0.6602220077390335,-0.0010385506401994204,0.17239764697017812,12,5,7,-0.16666666666666666,0,7,12,"{1: 125, 2: 62, 3: 54, 4: 36, 5: 21}","{1: 139, 2: 64, 3: 42, 4: 31, 5: 22}"
2.0,0.04,0.04,12,True,False,0.6602220077390335,-0.0010385506401994204,0.17239764697017812,12,5,7,-0.16666666666666666,0,7,12,"{1: 125, 2: 62, 3: 54, 4: 36, 5: 21}","{1: 139, 2: 64, 3: 42, 4: 31, 5: 22}"
2.0,0.04,0.06,12,False,True,0.6602220077390335,-0.0010385506401994204,0.17239764697017812,12,5,7,-0.16666666666666666,0,7,12,"{1: 125, 2: 62, 3: 54, 4: 36, 5: 21}","{1: 139, 2: 64, 3: 42, 4: 31, 5: 22}"
2.0,0.04,0.06,12,True,True,0.6602220077390335,-0.0010385506401994204,0.17239764697017812,12,5,7,-0.16666666666666666,0,7,12,"{1: 125, 2: 62, 3: 54, 4: 36, 5: 21}","{1: 139, 2: 64, 3: 42, 4: 31, 5: 22}"
2.0,0.04,0.06,12,True,False,0.6602220077390335,-0.0010385506401994204,0.17239764697017812,12,5,7,-0.16666666666666666,0,7,12,"{1: 125, 2: 62, 3: 54, 4: 36, 5: 21}","{1: 139, 2: 64, 3: 42, 4: 31, 5: 22}"
0.5,0.08,0.04,12,False,True,0.6602138973481448,-0.0010466610310880808,0.18246476106413784,12,5,7,-0.16666666666666666,0,12,12,"{1: 123, 2: 65, 3: 56, 4: 36, 5: 18}","{1: 134, 2: 71, 3: 43, 4: 28, 5: 22}"
0.5,0.08,0.04,12,True,True,0.6602138973481448,-0.0010466610310880808,0.18246476106413784,12,5,7,-0.16666666666666666,0,12,12,"{1: 123, 2: 65, 3: 56, 4: 36, 5: 18}","{1: 134, 2: 71, 3: 43, 4: 28, 5: 22}"
0.5,0.08,0.04,12,True,False,0.6602138973481448,-0.0010466610310880808,0.18246476106413784,12,5,7,-0.16666666666666666,0,12,12,"{1: 123, 2: 65, 3: 56, 4: 36, 5: 18}","{1: 134, 2: 71, 3: 43, 4: 28, 5: 22}"
1.0,0.08,0.04,12,False,True,0.6602138973481448,-0.0010466610310880808,0.18246476106413784,12,5,7,-0.16666666666666666,0,12,12,"{1: 123, 2: 65, 3: 56, 4: 36, 5: 18}","{1: 134, 2: 71, 3: 43, 4: 28, 5: 22}"
1.0,0.08,0.04,12,True,True,0.6602138973481448,-0.0010466610310880808,0.18246476106413784,12,5,7,-0.16666666666666666,0,12,12,"{1: 123, 2: 65, 3: 56, 4: 36, 5: 18}","{1: 134, 2: 71, 3: 43, 4: 28, 5: 22}"
1.0,0.08,0.04,12,True,False,0.6602138973481448,-0.0010466610310880808,0.18246476106413784,12,5,7,-0.16666666666666666,0,12,12,"{1: 123, 2: 65, 3: 56, 4: 36, 5: 18}","{1: 134, 2: 71, 3: 43, 4: 28, 5: 22}"
2.0,0.08,0.04,12,False,True,0.6602138973481448,-0.0010466610310880808,0.18246476106413784,12,5,7,-0.16666666666666666,0,12,12,"{1: 123, 2: 65, 3: 56, 4: 36, 5: 18}","{1: 134, 2: 71, 3: 43, 4: 28, 5: 22}"
2.0,0.08,0.04,12,True,True,0.6602138973481448,-0.0010466610310880808,0.18246476106413784,12,5,7,-0.16666666666666666,0,12,12,"{1: 123, 2: 65, 3: 56, 4: 36, 5: 18}","{1: 134, 2: 71, 3: 43, 4: 28, 5: 22}"
2.0,0.08,0.04,12,True,False,0.6602138973481448,-0.0010466610310880808,0.18246476106413784,12,5,7,-0.16666666666666666,0,12,12,"{1: 123, 2: 65, 3: 56, 4: 36, 5: 18}","{1: 134, 2: 71, 3: 43, 4: 28, 5: 22}"
2.0,0.08,0.06,12,False,True,0.6602138973481448,-0.0010466610310880808,0.18246476106413784,12,5,7,-0.16666666666666666,0,12,12,"{1: 124, 2: 64, 3: 56, 4: 35, 5: 19}","{1: 135, 2: 70, 3: 42, 4: 29, 5: 22}"
2.0,0.08,0.06,12,True,True,0.6602138973481448,-0.0010466610310880808,0.18246476106413784,12,5,7,-0.16666666666666666,0,12,12,"{1: 124, 2: 64, 3: 56, 4: 35, 5: 19}","{1: 135, 2: 70, 3: 42, 4: 29, 5: 22}"
2.0,0.08,0.06,12,True,False,0.6602138973481448,-0.0010466610310880808,0.18246476106413784,12,5,7,-0.16666666666666666,0,12,12,"{1: 124, 2: 64, 3: 56, 4: 35, 5: 19}","{1: 135, 2: 70, 3: 42, 4: 29, 5: 22}"
1.0,0.06,0.06,12,False,False,0.660205766518215,-0.0010547918610178675,0.18582046576212438,12,5,7,-0.16666666666666666,6,12,12,"{1: 125, 2: 63, 3: 56, 4: 34, 5: 20}","{1: 137, 2: 69, 3: 39, 4: 30, 5: 23}"
0.5,0.06,0.04,12,False,False,0.660205766518215,-0.0010547918610178675,0.1858204657621244,12,5,7,-0.16666666666666666,6,12,12,"{1: 125, 2: 63, 3: 56, 4: 34, 5: 20}","{1: 136, 2: 70, 3: 39, 4: 31, 5: 22}"
1.0,0.06,0.04,12,False,False,0.660205766518215,-0.0010547918610178675,0.1858204657621244,12,5,7,-0.16666666666666666,6,12,12,"{1: 125, 2: 63, 3: 56, 4: 34, 5: 20}","{1: 136, 2: 70, 3: 39, 4: 31, 5: 22}"
2.0,0.06,0.06,12,False,False,0.660205766518215,-0.0010547918610178675,0.1858204657621244,12,5,7,-0.16666666666666666,6,12,12,"{1: 125, 2: 63, 3: 56, 4: 34, 5: 20}","{1: 136, 2: 70, 3: 39, 4: 31, 5: 22}"
0.5,0.08,0.06,8,False,True,0.6601652296223706,-0.001095328756862357,0.16233053287621835,8,3,5,-0.25,0,8,8,"{1: 125, 2: 60, 3: 59, 4: 33, 5: 21}","{1: 136, 2: 66, 3: 44, 4: 29, 5: 23}"
0.5,0.08,0.06,8,True,True,0.6601652296223706,-0.001095328756862357,0.16233053287621835,8,3,5,-0.25,0,8,8,"{1: 125, 2: 60, 3: 59, 4: 33, 5: 21}","{1: 136, 2: 66, 3: 44, 4: 29, 5: 23}"
0.5,0.08,0.06,8,True,False,0.6601652296223706,-0.001095328756862357,0.16233053287621835,8,3,5,-0.25,0,8,8,"{1: 125, 2: 60, 3: 59, 4: 33, 5: 21}","{1: 136, 2: 66, 3: 44, 4: 29, 5: 23}"
1.0,0.06,0.06,8,False,True,0.6601652296223706,-0.001095328756862357,0.17575335166816466,8,3,5,-0.25,0,8,8,"{1: 123, 2: 64, 3: 56, 4: 35, 5: 20}","{1: 135, 2: 69, 3: 41, 4: 30, 5: 23}"
1.0,0.06,0.06,8,True,True,0.6601652296223706,-0.001095328756862357,0.17575335166816466,8,3,5,-0.25,0,8,8,"{1: 123, 2: 64, 3: 56, 4: 35, 5: 20}","{1: 135, 2: 69, 3: 41, 4: 30, 5: 23}"
1.0,0.06,0.06,8,True,False,0.6601652296223706,-0.001095328756862357,0.17575335166816466,8,3,5,-0.25,0,8,8,"{1: 123, 2: 64, 3: 56, 4: 35, 5: 20}","{1: 135, 2: 69, 3: 41, 4: 30, 5: 23}"
0.5,0.06,0.04,8,False,True,0.6601652296223706,-0.001095328756862357,0.1757533516681647,8,3,5,-0.25,0,8,8,"{1: 123, 2: 64, 3: 56, 4: 35, 5: 20}","{1: 134, 2: 70, 3: 41, 4: 31, 5: 22}"
0.5,0.06,0.04,8,True,True,0.6601652296223706,-0.001095328756862357,0.1757533516681647,8,3,5,-0.25,0,8,8,"{1: 123, 2: 64, 3: 56, 4: 35, 5: 20}","{1: 134, 2: 70, 3: 41, 4: 31, 5: 22}"
0.5,0.06,0.04,8,True,False,0.6601652296223706,-0.001095328756862357,0.1757533516681647,8,3,5,-0.25,0,8,8,"{1: 123, 2: 64, 3: 56, 4: 35, 5: 20}","{1: 134, 2: 70, 3: 41, 4: 31, 5: 22}"
1.0,0.06,0.04,8,False,True,0.6601652296223706,-0.001095328756862357,0.1757533516681647,8,3,5,-0.25,0,8,8,"{1: 123, 2: 64, 3: 56, 4: 35, 5: 20}","{1: 134, 2: 70, 3: 41, 4: 31, 5: 22}"
1.0,0.06,0.04,8,True,True,0.6601652296223706,-0.001095328756862357,0.1757533516681647,8,3,5,-0.25,0,8,8,"{1: 123, 2: 64, 3: 56, 4: 35, 5: 20}","{1: 134, 2: 70, 3: 41, 4: 31, 5: 22}"
1.0,0.06,0.04,8,True,False,0.6601652296223706,-0.001095328756862357,0.1757533516681647,8,3,5,-0.25,0,8,8,"{1: 123, 2: 64, 3: 56, 4: 35, 5: 20}","{1: 134, 2: 70, 3: 41, 4: 31, 5: 22}"
1.0,0.04,0.08,12,False,True,0.6601589969400301,-0.001101561439202814,0.1517009951400139,12,5,7,-0.16666666666666666,0,2,3,"{1: 125, 2: 58, 3: 58, 4: 35, 5: 22}","{1: 136, 2: 64, 3: 43, 4: 32, 5: 23}"
1.0,0.04,0.08,12,True,True,0.6601589969400301,-0.001101561439202814,0.1517009951400139,12,5,7,-0.16666666666666666,0,2,3,"{1: 125, 2: 58, 3: 58, 4: 35, 5: 22}","{1: 136, 2: 64, 3: 43, 4: 32, 5: 23}"
1.0,0.04,0.08,12,True,False,0.6601589969400301,-0.001101561439202814,0.1517009951400139,12,5,7,-0.16666666666666666,0,2,3,"{1: 125, 2: 58, 3: 58, 4: 35, 5: 22}","{1: 136, 2: 64, 3: 43, 4: 32, 5: 23}"
0.5,0.04,0.04,5,False,True,0.6601496377476483,-0.0011109206315845777,0.16568623757420492,5,1,4,-0.6,0,5,5,"{1: 123, 2: 64, 3: 54, 4: 36, 5: 21}","{1: 134, 2: 67, 3: 44, 4: 31, 5: 22}"
0.5,0.04,0.04,5,True,True,0.6601496377476483,-0.0011109206315845777,0.16568623757420492,5,1,4,-0.6,0,5,5,"{1: 123, 2: 64, 3: 54, 4: 36, 5: 21}","{1: 134, 2: 67, 3: 44, 4: 31, 5: 22}"
0.5,0.04,0.04,5,True,False,0.6601496377476483,-0.0011109206315845777,0.16568623757420492,5,1,4,-0.6,0,5,5,"{1: 123, 2: 64, 3: 54, 4: 36, 5: 21}","{1: 134, 2: 67, 3: 44, 4: 31, 5: 22}"
1.0,0.04,0.04,5,False,True,0.6601496377476483,-0.0011109206315845777,0.16568623757420492,5,1,4,-0.6,0,5,5,"{1: 123, 2: 64, 3: 54, 4: 36, 5: 21}","{1: 134, 2: 67, 3: 44, 4: 31, 5: 22}"
1.0,0.04,0.04,5,True,True,0.6601496377476483,-0.0011109206315845777,0.16568623757420492,5,1,4,-0.6,0,5,5,"{1: 123, 2: 64, 3: 54, 4: 36, 5: 21}","{1: 134, 2: 67, 3: 44, 4: 31, 5: 22}"
1.0,0.04,0.04,5,True,False,0.6601496377476483,-0.0011109206315845777,0.16568623757420492,5,1,4,-0.6,0,5,5,"{1: 123, 2: 64, 3: 54, 4: 36, 5: 21}","{1: 134, 2: 67, 3: 44, 4: 31, 5: 22}"
1.0,0.04,0.06,5,False,True,0.6601496377476483,-0.0011109206315845777,0.16904194227219155,5,1,4,-0.6,0,5,5,"{1: 123, 2: 64, 3: 54, 4: 36, 5: 21}","{1: 134, 2: 68, 3: 43, 4: 30, 5: 23}"
1.0,0.04,0.06,5,True,True,0.6601496377476483,-0.0011109206315845777,0.16904194227219155,5,1,4,-0.6,0,5,5,"{1: 123, 2: 64, 3: 54, 4: 36, 5: 21}","{1: 134, 2: 68, 3: 43, 4: 30, 5: 23}"
1.0,0.04,0.06,5,True,False,0.6601496377476483,-0.0011109206315845777,0.16904194227219155,5,1,4,-0.6,0,5,5,"{1: 123, 2: 64, 3: 54, 4: 36, 5: 21}","{1: 134, 2: 68, 3: 43, 4: 30, 5: 23}"
1.0,0.06,0.06,12,False,True,0.6601467175592413,-0.0011138408199916627,0.17910905636615124,12,5,7,-0.16666666666666666,0,12,12,"{1: 126, 2: 62, 3: 55, 4: 35, 5: 20}","{1: 139, 2: 65, 3: 41, 4: 30, 5: 23}"
1.0,0.06,0.06,12,True,True,0.6601467175592413,-0.0011138408199916627,0.17910905636615124,12,5,7,-0.16666666666666666,0,12,12,"{1: 126, 2: 62, 3: 55, 4: 35, 5: 20}","{1: 139, 2: 65, 3: 41, 4: 30, 5: 23}"
1.0,0.06,0.06,12,True,False,0.6601467175592413,-0.0011138408199916627,0.17910905636615124,12,5,7,-0.16666666666666666,0,12,12,"{1: 126, 2: 62, 3: 55, 4: 35, 5: 20}","{1: 139, 2: 65, 3: 41, 4: 30, 5: 23}"
0.5,0.06,0.04,12,False,True,0.6601467175592413,-0.0011138408199916627,0.17910905636615126,12,5,7,-0.16666666666666666,0,12,12,"{1: 126, 2: 62, 3: 55, 4: 35, 5: 20}","{1: 138, 2: 66, 3: 41, 4: 31, 5: 22}"
0.5,0.06,0.04,12,True,True,0.6601467175592413,-0.0011138408199916627,0.17910905636615126,12,5,7,-0.16666666666666666,0,12,12,"{1: 126, 2: 62, 3: 55, 4: 35, 5: 20}","{1: 138, 2: 66, 3: 41, 4: 31, 5: 22}"
0.5,0.06,0.04,12,True,False,0.6601467175592413,-0.0011138408199916627,0.17910905636615126,12,5,7,-0.16666666666666666,0,12,12,"{1: 126, 2: 62, 3: 55, 4: 35, 5: 20}","{1: 138, 2: 66, 3: 41, 4: 31, 5: 22}"
1.0,0.06,0.04,12,False,True,0.6601467175592413,-0.0011138408199916627,0.17910905636615126,12,5,7,-0.16666666666666666,0,12,12,"{1: 126, 2: 62, 3: 55, 4: 35, 5: 20}","{1: 138, 2: 66, 3: 41, 4: 31, 5: 22}"
1.0,0.06,0.04,12,True,True,0.6601467175592413,-0.0011138408199916627,0.17910905636615126,12,5,7,-0.16666666666666666,0,12,12,"{1: 126, 2: 62, 3: 55, 4: 35, 5: 20}","{1: 138, 2: 66, 3: 41, 4: 31, 5: 22}"
1.0,0.06,0.04,12,True,False,0.6601467175592413,-0.0011138408199916627,0.17910905636615126,12,5,7,-0.16666666666666666,0,12,12,"{1: 126, 2: 62, 3: 55, 4: 35, 5: 20}","{1: 138, 2: 66, 3: 41, 4: 31, 5: 22}"
2.0,0.06,0.04,12,False,True,0.6601467175592413,-0.0011138408199916627,0.17910905636615126,12,5,7,-0.16666666666666666,0,12,12,"{1: 126, 2: 62, 3: 55, 4: 35, 5: 20}","{1: 138, 2: 66, 3: 41, 4: 31, 5: 22}"
2.0,0.06,0.04,12,True,True,0.6601467175592413,-0.0011138408199916627,0.17910905636615126,12,5,7,-0.16666666666666666,0,12,12,"{1: 126, 2: 62, 3: 55, 4: 35, 5: 20}","{1: 138, 2: 66, 3: 41, 4: 31, 5: 22}"
2.0,0.06,0.04,12,True,False,0.6601467175592413,-0.0011138408199916627,0.17910905636615126,12,5,7,-0.16666666666666666,0,12,12,"{1: 126, 2: 62, 3: 55, 4: 35, 5: 20}","{1: 138, 2: 66, 3: 41, 4: 31, 5: 22}"
2.0,0.06,0.06,12,False,True,0.6601467175592413,-0.0011138408199916627,0.17910905636615126,12,5,7,-0.16666666666666666,0,12,12,"{1: 126, 2: 62, 3: 55, 4: 35, 5: 20}","{1: 138, 2: 66, 3: 41, 4: 31, 5: 22}"
2.0,0.06,0.06,12,True,True,0.6601467175592413,-0.0011138408199916627,0.17910905636615126,12,5,7,-0.16666666666666666,0,12,12,"{1: 126, 2: 62, 3: 55, 4: 35, 5: 20}","{1: 138, 2: 66, 3: 41, 4: 31, 5: 22}"
2.0,0.06,0.06,12,True,False,0.6601467175592413,-0.0011138408199916627,0.17910905636615126,12,5,7,-0.16666666666666666,0,12,12,"{1: 126, 2: 62, 3: 55, 4: 35, 5: 20}","{1: 138, 2: 66, 3: 41, 4: 31, 5: 22}"
1.0,0.08,0.08,8,False,False,0.6600939699754469,-0.0011665884037860286,0.17183522332793336,8,3,5,-0.25,3,8,8,"{1: 128, 2: 56, 3: 59, 4: 33, 5: 22}","{1: 139, 2: 61, 3: 45, 4: 30, 5: 23}"
1.0,0.08,0.08,10,False,False,0.6600847103138485,-0.0011758480653843995,0.17183522332793336,10,4,6,-0.2,3,8,8,"{1: 128, 2: 56, 3: 59, 4: 33, 5: 22}","{1: 139, 2: 61, 3: 45, 4: 30, 5: 23}"
1.0,0.08,0.08,12,False,False,0.6600754501477363,-0.0011851082314966455,0.17183522332793336,12,5,7,-0.16666666666666666,3,8,8,"{1: 128, 2: 56, 3: 59, 4: 33, 5: 22}","{1: 139, 2: 61, 3: 45, 4: 30, 5: 23}"
0.5,0.06,0.06,12,False,False,0.6600671466108421,-0.0011934117683908285,0.17183522332793333,12,5,7,-0.16666666666666666,6,11,11,"{1: 128, 2: 57, 3: 59, 4: 33, 5: 21}","{1: 139, 2: 65, 3: 40, 4: 31, 5: 23}"
0.5,0.08,0.04,10,False,True,0.6600134168913397,-0.0012471414878931775,0.16904194227219155,10,4,6,-0.2,0,10,10,"{1: 123, 2: 63, 3: 58, 4: 36, 5: 18}","{1: 134, 2: 69, 3: 45, 4: 28, 5: 22}"
0.5,0.08,0.04,10,True,True,0.6600134168913397,-0.0012471414878931775,0.16904194227219155,10,4,6,-0.2,0,10,10,"{1: 123, 2: 63, 3: 58, 4: 36, 5: 18}","{1: 134, 2: 69, 3: 45, 4: 28, 5: 22}"
0.5,0.08,0.04,10,True,False,0.6600134168913397,-0.0012471414878931775,0.16904194227219155,10,4,6,-0.2,0,10,10,"{1: 123, 2: 63, 3: 58, 4: 36, 5: 18}","{1: 134, 2: 69, 3: 45, 4: 28, 5: 22}"
1.0,0.08,0.04,10,False,True,0.6600134168913397,-0.0012471414878931775,0.16904194227219155,10,4,6,-0.2,0,10,10,"{1: 123, 2: 63, 3: 58, 4: 36, 5: 18}","{1: 134, 2: 69, 3: 45, 4: 28, 5: 22}"
1.0,0.08,0.04,10,True,True,0.6600134168913397,-0.0012471414878931775,0.16904194227219155,10,4,6,-0.2,0,10,10,"{1: 123, 2: 63, 3: 58, 4: 36, 5: 18}","{1: 134, 2: 69, 3: 45, 4: 28, 5: 22}"
1.0,0.08,0.04,10,True,False,0.6600134168913397,-0.0012471414878931775,0.16904194227219155,10,4,6,-0.2,0,10,10,"{1: 123, 2: 63, 3: 58, 4: 36, 5: 18}","{1: 134, 2: 69, 3: 45, 4: 28, 5: 22}"
0.5,0.08,0.06,12,False,False,0.6599957577212547,-0.0012648006579781823,0.16904194227219155,12,5,7,-0.16666666666666666,6,12,12,"{1: 128, 2: 57, 3: 60, 4: 32, 5: 21}","{1: 138, 2: 66, 3: 42, 4: 29, 5: 23}"
0.5,0.08,0.04,12,False,False,0.6599957577212547,-0.0012648006579781823,0.17910905636615126,12,5,7,-0.16666666666666666,6,12,12,"{1: 123, 2: 64, 3: 58, 4: 35, 5: 18}","{1: 134, 2: 71, 3: 43, 4: 28, 5: 22}"
1.0,0.08,0.04,12,False,False,0.6599957577212547,-0.0012648006579781823,0.17910905636615126,12,5,7,-0.16666666666666666,6,12,12,"{1: 123, 2: 64, 3: 58, 4: 35, 5: 18}","{1: 134, 2: 71, 3: 43, 4: 28, 5: 22}"
2.0,0.08,0.04,12,False,False,0.6599957577212547,-0.0012648006579781823,0.17910905636615126,12,5,7,-0.16666666666666666,6,12,12,"{1: 123, 2: 64, 3: 58, 4: 35, 5: 18}","{1: 134, 2: 71, 3: 43, 4: 28, 5: 22}"
2.0,0.08,0.06,12,False,False,0.6599957577212547,-0.0012648006579781823,0.1858204657621244,12,5,7,-0.16666666666666666,6,12,12,"{1: 123, 2: 65, 3: 57, 4: 34, 5: 19}","{1: 134, 2: 72, 3: 41, 4: 29, 5: 22}"
1.0,0.08,0.06,12,False,False,0.6599957577212547,-0.0012648006579781823,0.18917617046011098,12,5,7,-0.16666666666666666,6,12,12,"{1: 123, 2: 65, 3: 57, 4: 34, 5: 19}","{1: 134, 2: 73, 3: 40, 4: 28, 5: 23}"
1.0,0.08,0.06,8,False,True,0.6598842808761103,-0.001376277503122636,0.16568623757420492,8,2,6,-0.5,0,8,8,"{1: 123, 2: 62, 3: 59, 4: 35, 5: 19}","{1: 134, 2: 69, 3: 44, 4: 28, 5: 23}"
1.0,0.08,0.06,8,True,True,0.6598842808761103,-0.001376277503122636,0.16568623757420492,8,2,6,-0.5,0,8,8,"{1: 123, 2: 62, 3: 59, 4: 35, 5: 19}","{1: 134, 2: 69, 3: 44, 4: 28, 5: 23}"
1.0,0.08,0.06,8,True,False,0.6598842808761103,-0.001376277503122636,0.16568623757420492,8,2,6,-0.5,0,8,8,"{1: 123, 2: 62, 3: 59, 4: 35, 5: 19}","{1: 134, 2: 69, 3: 44, 4: 28, 5: 23}"
1.0,0.08,0.06,10,False,True,0.6598750155021976,-0.001385542877035295,0.17910905636615126,10,3,7,-0.4,0,10,10,"{1: 123, 2: 64, 3: 57, 4: 35, 5: 19}","{1: 134, 2: 71, 3: 42, 4: 28, 5: 23}"
1.0,0.08,0.06,10,True,True,0.6598750155021976,-0.001385542877035295,0.17910905636615126,10,3,7,-0.4,0,10,10,"{1: 123, 2: 64, 3: 57, 4: 35, 5: 19}","{1: 134, 2: 71, 3: 42, 4: 28, 5: 23}"
1.0,0.08,0.06,10,True,False,0.6598750155021976,-0.001385542877035295,0.17910905636615126,10,3,7,-0.4,0,10,10,"{1: 123, 2: 64, 3: 57, 4: 35, 5: 19}","{1: 134, 2: 71, 3: 42, 4: 28, 5: 23}"
1.0,0.08,0.06,12,False,True,0.6598657496234598,-0.001394808755773136,0.18246476106413778,12,4,8,-0.3333333333333333,0,12,12,"{1: 124, 2: 64, 3: 56, 4: 35, 5: 19}","{1: 136, 2: 69, 3: 42, 4: 28, 5: 23}"
1.0,0.08,0.06,12,True,True,0.6598657496234598,-0.001394808755773136,0.18246476106413778,12,4,8,-0.3333333333333333,0,12,12,"{1: 124, 2: 64, 3: 56, 4: 35, 5: 19}","{1: 136, 2: 69, 3: 42, 4: 28, 5: 23}"
1.0,0.08,0.06,12,True,False,0.6598657496234598,-0.001394808755773136,0.18246476106413778,12,4,8,-0.3333333333333333,0,12,12,"{1: 124, 2: 64, 3: 56, 4: 35, 5: 19}","{1: 136, 2: 69, 3: 42, 4: 28, 5: 23}"
