name,kind,weight,threshold_lambda,oof_qwk,oof_lift_vs_step25,test_l1,pub_dist,pri_dist,changed,improved,worsened,mean_delta_abs_error,risky_promotions,core_demotions,public_changed,private_changed,thresholds
step25_pairwise_specter2_blend_w0p0100_l0p5,label_blend,0.01,0.5,0.6614367577944804,0.00017619941524749105,0.16904194227219152,"{1: 122, 2: 63, 3: 56, 4: 35, 5: 22}","{1: 134, 2: 70, 3: 40, 4: 31, 5: 23}",32,15,17,-0.0625,0,6,3,6,"1.895777,2.525213,3.246774,4.079222"
step25_pairwise_specter2_resid_w0p0100_l0p5,residual_blend,0.01,0.5,0.6614367577944804,0.00017619941524749105,0.16904194227219152,"{1: 122, 2: 63, 3: 56, 4: 35, 5: 22}","{1: 134, 2: 70, 3: 40, 4: 31, 5: 23}",32,15,17,-0.0625,0,6,3,6,"1.895777,2.525213,3.246774,4.079222"
step25_openalex_anchor_blend_w0p0150_l0p5,label_blend,0.015,0.5,0.6613164226089253,5.58642296923928e-05,0.1858204657621244,"{1: 126, 2: 63, 3: 55, 4: 34, 5: 20}","{1: 138, 2: 67, 3: 44, 4: 28, 5: 21}",81,42,39,0.037037037037037035,0,16,14,20,"1.918896,2.542694,3.288667,4.129465"
step25_openalex_anchor_resid_w0p0150_l0p5,residual_blend,0.015,0.5,0.6613164226089253,5.58642296923928e-05,0.1858204657621244,"{1: 126, 2: 63, 3: 55, 4: 34, 5: 20}","{1: 138, 2: 67, 3: 44, 4: 28, 5: 21}",81,42,39,0.037037037037037035,0,16,14,20,"1.918896,2.542694,3.288667,4.129465"
step25_deberta_v3_blend_w0p0200_l1p0,label_blend,0.02,1.0,0.6611457676244079,-0.00011479075482501155,0.16233053287621838,"{1: 124, 2: 61, 3: 57, 4: 34, 5: 22}","{1: 137, 2: 65, 3: 43, 4: 30, 5: 23}",37,17,20,-0.08108108108108109,0,4,6,8,"1.904146,2.525747,3.247808,4.090196"
step25_deberta_v3_resid_w0p0200_l1p0,residual_blend,0.02,1.0,0.6611457676244079,-0.00011479075482501155,0.16233053287621838,"{1: 124, 2: 61, 3: 57, 4: 34, 5: 22}","{1: 137, 2: 65, 3: 43, 4: 30, 5: 23}",37,17,20,-0.08108108108108109,0,4,6,8,"1.904146,2.525747,3.247808,4.090196"
step25_pairwise_e5_blend_w0p0200_l0p5,label_blend,0.02,0.5,0.6610646624337195,-0.0001958959455133913,0.17239764697017806,"{1: 126, 2: 60, 3: 57, 4: 34, 5: 21}","{1: 139, 2: 65, 3: 45, 4: 28, 5: 21}",75,40,35,0.06666666666666667,1,23,9,18,"1.914098,2.530739,3.291292,4.140958"
step25_pairwise_e5_resid_w0p0200_l0p5,residual_blend,0.02,0.5,0.6610646624337195,-0.0001958959455133913,0.17239764697017806,"{1: 126, 2: 60, 3: 57, 4: 34, 5: 21}","{1: 139, 2: 65, 3: 45, 4: 28, 5: 21}",75,40,35,0.06666666666666667,1,23,9,18,"1.914098,2.530739,3.291292,4.140958"
step25_openalex_anchor_blend_w0p0300_l2p0,label_blend,0.03,2.0,0.6610535406956866,-0.00020701768354636219,0.1824647610641378,"{1: 124, 2: 64, 3: 56, 4: 32, 5: 22}","{1: 138, 2: 67, 3: 40, 4: 30, 5: 23}",62,31,31,0.0,0,1,13,14,"1.917093,2.538658,3.250321,4.072061"
step25_pairwise_e5_blend_w0p0150_l0p5,label_blend,0.015,0.5,0.6609769633021467,-0.00028359507708619613,0.19253187515809755,"{1: 126, 2: 65, 3: 51, 4: 35, 5: 21}","{1: 140, 2: 65, 3: 42, 4: 30, 5: 21}",95,50,45,0.05263157894736842,0,25,13,18,"1.916282,2.558863,3.276982,4.139291"
step25_pairwise_e5_resid_w0p0150_l0p5,residual_blend,0.015,0.5,0.6609769633021467,-0.00028359507708619613,0.19253187515809755,"{1: 126, 2: 65, 3: 51, 4: 35, 5: 21}","{1: 140, 2: 65, 3: 42, 4: 30, 5: 21}",95,50,45,0.05263157894736842,0,25,13,18,"1.916282,2.558863,3.276982,4.139291"
step25_deberta_v3_blend_w0p0100_l0p5,label_blend,0.01,0.5,0.6609195108079031,-0.0003410475713298,0.16176810923397364,"{1: 125, 2: 59, 3: 57, 4: 35, 5: 22}","{1: 139, 2: 63, 3: 43, 4: 31, 5: 22}",44,21,23,-0.045454545454545456,0,7,3,11,"1.912580,2.521268,3.244622,4.112781"
step25_deberta_v3_resid_w0p0100_l0p5,residual_blend,0.01,0.5,0.6609195108079031,-0.0003410475713298,0.16176810923397364,"{1: 125, 2: 59, 3: 57, 4: 35, 5: 22}","{1: 139, 2: 63, 3: 43, 4: 31, 5: 22}",44,21,23,-0.045454545454545456,0,7,3,11,"1.912580,2.521268,3.244622,4.112781"
step25_pairwise_e5_blend_w0p0300_l1p0,label_blend,0.03,1.0,0.6609057403414316,-0.0003548180378013521,0.17910905636615126,"{1: 126, 2: 62, 3: 53, 4: 35, 5: 22}","{1: 139, 2: 65, 3: 42, 4: 30, 5: 22}",63,30,33,-0.047619047619047616,1,11,8,14,"1.916628,2.535314,3.256253,4.095448"
step25_pairwise_e5_blend_w0p0300_l2p0,label_blend,0.03,2.0,0.6608552910686871,-0.00040526731054579823,0.18246476106413784,"{1: 126, 2: 62, 3: 53, 4: 35, 5: 22}","{1: 139, 2: 66, 3: 41, 4: 30, 5: 22}",59,29,30,-0.01694915254237288,1,9,8,15,"1.914347,2.536639,3.257293,4.095693"
step25_openalex_anchor_blend_w0p0075_l2p0,label_blend,0.0075,2.0,0.6608212563826236,-0.00043930199660935365,0.17910905636615124,"{1: 125, 2: 62, 3: 54, 4: 35, 5: 22}","{1: 138, 2: 67, 3: 39, 4: 31, 5: 23}",45,22,23,-0.022222222222222223,0,6,6,11,"1.910895,2.535903,3.248113,4.081580"
step25_openalex_anchor_resid_w0p0075_l2p0,residual_blend,0.0075,2.0,0.6608212563826236,-0.00043930199660935365,0.17910905636615124,"{1: 125, 2: 62, 3: 54, 4: 35, 5: 22}","{1: 138, 2: 67, 3: 39, 4: 31, 5: 23}",45,22,23,-0.022222222222222223,0,6,6,11,"1.910895,2.535903,3.248113,4.081580"
step25_openalex_anchor_blend_w0p0200_l4p0,label_blend,0.02,4.0,0.6607844298640067,-0.00047612851522627064,0.17910905636615124,"{1: 124, 2: 64, 3: 53, 4: 35, 5: 22}","{1: 138, 2: 66, 3: 41, 4: 30, 5: 23}",59,29,30,-0.01694915254237288,0,4,10,13,"1.913631,2.539114,3.250912,4.073761"
step25_openalex_anchor_resid_w0p0200_l4p0,residual_blend,0.02,4.0,0.6607844298640067,-0.00047612851522627064,0.17910905636615124,"{1: 124, 2: 64, 3: 53, 4: 35, 5: 22}","{1: 138, 2: 66, 3: 41, 4: 30, 5: 23}",59,29,30,-0.01694915254237288,0,4,10,13,"1.913631,2.539114,3.250912,4.073761"
step25_openalex_anchor_blend_w0p0300_l0p5,label_blend,0.03,0.5,0.6607517388962367,-0.0005088194829961923,0.1824647610641378,"{1: 124, 2: 64, 3: 56, 4: 32, 5: 22}","{1: 138, 2: 67, 3: 41, 4: 29, 5: 23}",62,31,31,0.0,0,1,13,15,"1.919396,2.538534,3.259517,4.069562"
step25_openalex_anchor_blend_w0p0300_l1p0,label_blend,0.03,1.0,0.6607350870972681,-0.0005254712819647844,0.1824647610641378,"{1: 124, 2: 64, 3: 56, 4: 32, 5: 22}","{1: 138, 2: 67, 3: 41, 4: 29, 5: 23}",62,30,32,-0.03225806451612903,0,1,13,15,"1.916736,2.538218,3.253333,4.088561"
step25_pairwise_e5_blend_w0p0300_l4p0,label_blend,0.03,4.0,0.6606044395328771,-0.0006561188463558576,0.18246476106413784,"{1: 126, 2: 62, 3: 53, 4: 35, 5: 22}","{1: 139, 2: 66, 3: 41, 4: 30, 5: 22}",58,28,30,-0.034482758620689655,1,9,8,15,"1.914015,2.535952,3.258347,4.099797"
step25_openalex_anchor_blend_w0p0100_l0p5,label_blend,0.01,0.5,0.6605819850388741,-0.0006785733403588123,0.16568623757420495,"{1: 124, 2: 61, 3: 54, 4: 37, 5: 22}","{1: 135, 2: 68, 3: 40, 4: 32, 5: 23}",36,13,23,-0.2777777777777778,0,3,7,7,"1.903705,2.524537,3.222593,4.075681"
step25_openalex_anchor_resid_w0p0100_l0p5,residual_blend,0.01,0.5,0.6605819850388741,-0.0006785733403588123,0.16568623757420495,"{1: 124, 2: 61, 3: 54, 4: 37, 5: 22}","{1: 135, 2: 68, 3: 40, 4: 32, 5: 23}",36,13,23,-0.2777777777777778,0,3,7,7,"1.903705,2.524537,3.222593,4.075681"
step25_openalex_anchor_blend_w0p0200_l2p0,label_blend,0.02,2.0,0.6605716684688714,-0.0006888899103615342,0.17910905636615124,"{1: 124, 2: 64, 3: 53, 4: 35, 5: 22}","{1: 138, 2: 66, 3: 41, 4: 30, 5: 23}",57,28,29,-0.017543859649122806,0,4,10,13,"1.913024,2.537562,3.250474,4.079399"
step25_openalex_anchor_resid_w0p0200_l2p0,residual_blend,0.02,2.0,0.6605716684688714,-0.0006888899103615342,0.17910905636615124,"{1: 124, 2: 64, 3: 53, 4: 35, 5: 22}","{1: 138, 2: 66, 3: 41, 4: 30, 5: 23}",57,28,29,-0.017543859649122806,0,4,10,13,"1.913024,2.537562,3.250474,4.079399"
step25_openalex_anchor_blend_w0p0075_l0p5,label_blend,0.0075,0.5,0.660455763390835,-0.0008047949883979166,0.18582046576212444,"{1: 126, 2: 63, 3: 52, 4: 35, 5: 22}","{1: 138, 2: 67, 3: 41, 4: 29, 5: 23}",64,30,34,-0.0625,0,8,9,13,"1.915562,2.543458,3.256540,4.077545"
step25_openalex_anchor_resid_w0p0075_l0p5,residual_blend,0.0075,0.5,0.660455763390835,-0.0008047949883979166,0.18582046576212444,"{1: 126, 2: 63, 3: 52, 4: 35, 5: 22}","{1: 138, 2: 67, 3: 41, 4: 29, 5: 23}",64,30,34,-0.0625,0,8,9,13,"1.915562,2.543458,3.256540,4.077545"
step25_openalex_anchor_blend_w0p0200_l0p5,label_blend,0.02,0.5,0.6603809338298077,-0.0008796245494252508,0.1791090563661512,"{1: 124, 2: 64, 3: 56, 4: 32, 5: 22}","{1: 138, 2: 66, 3: 43, 4: 28, 5: 23}",63,31,32,-0.015873015873015872,0,5,13,15,"1.911300,2.540345,3.269013,4.093029"
step25_openalex_anchor_resid_w0p0200_l0p5,residual_blend,0.02,0.5,0.6603809338298077,-0.0008796245494252508,0.1791090563661512,"{1: 124, 2: 64, 3: 56, 4: 32, 5: 22}","{1: 138, 2: 66, 3: 43, 4: 28, 5: 23}",63,31,32,-0.015873015873015872,0,5,13,15,"1.911300,2.540345,3.269013,4.093029"
step25_specter2_finetune_blend_w0p0150_l0p5,label_blend,0.015,0.5,0.6603791772832068,-0.0008813810960260904,0.19253187515809755,"{1: 126, 2: 65, 3: 52, 4: 33, 5: 22}","{1: 140, 2: 65, 3: 42, 4: 29, 5: 22}",105,53,52,0.009523809523809525,0,28,13,17,"1.920755,2.566871,3.279909,4.128208"
step25_specter2_finetune_resid_w0p0150_l0p5,residual_blend,0.015,0.5,0.6603791772832068,-0.0008813810960260904,0.19253187515809755,"{1: 126, 2: 65, 3: 52, 4: 33, 5: 22}","{1: 140, 2: 65, 3: 42, 4: 29, 5: 22}",105,53,52,0.009523809523809525,0,28,13,17,"1.920755,2.566871,3.279909,4.128208"
step25_specter2_finetune_blend_w0p0050_l1p0,label_blend,0.005,1.0,0.6603455024600913,-0.0009150559191416496,0.1723976469701781,"{1: 125, 2: 61, 3: 55, 4: 35, 5: 22}","{1: 138, 2: 66, 3: 40, 4: 32, 5: 22}",46,22,24,-0.043478260869565216,0,11,5,11,"1.908905,2.527335,3.252388,4.118584"
step25_specter2_finetune_resid_w0p0050_l1p0,residual_blend,0.005,1.0,0.6603455024600913,-0.0009150559191416496,0.1723976469701781,"{1: 125, 2: 61, 3: 55, 4: 35, 5: 22}","{1: 138, 2: 66, 3: 40, 4: 32, 5: 22}",46,22,24,-0.043478260869565216,0,11,5,11,"1.908905,2.527335,3.252388,4.118584"
step25_openalex_anchor_blend_w0p0150_l1p0,label_blend,0.015,1.0,0.6603347453153701,-0.000925813063862857,0.17910905636615124,"{1: 124, 2: 64, 3: 54, 4: 34, 5: 22}","{1: 138, 2: 66, 3: 42, 4: 31, 5: 21}",62,30,32,-0.03225806451612903,0,9,9,16,"1.910651,2.536285,3.256305,4.118566"
step25_openalex_anchor_resid_w0p0150_l1p0,residual_blend,0.015,1.0,0.6603347453153701,-0.000925813063862857,0.17910905636615124,"{1: 124, 2: 64, 3: 54, 4: 34, 5: 22}","{1: 138, 2: 66, 3: 42, 4: 31, 5: 21}",62,30,32,-0.03225806451612903,0,9,9,16,"1.910651,2.536285,3.256305,4.118566"
step25_openalex_anchor_blend_w0p0150_l4p0,label_blend,0.015,4.0,0.6603336880507609,-0.0009268703284720514,0.17910905636615124,"{1: 124, 2: 64, 3: 53, 4: 35, 5: 22}","{1: 138, 2: 66, 3: 42, 4: 29, 5: 23}",52,25,27,-0.038461538461538464,0,5,8,14,"1.910292,2.537455,3.254405,4.077075"
step25_openalex_anchor_resid_w0p0150_l4p0,residual_blend,0.015,4.0,0.6603336880507609,-0.0009268703284720514,0.17910905636615124,"{1: 124, 2: 64, 3: 53, 4: 35, 5: 22}","{1: 138, 2: 66, 3: 42, 4: 29, 5: 23}",52,25,27,-0.038461538461538464,0,5,8,14,"1.910292,2.537455,3.254405,4.077075"
step25_specter2_finetune_blend_w0p0100_l0p5,label_blend,0.01,0.5,0.6603219697682925,-0.0009385886109404273,0.1651238139319602,"{1: 126, 2: 58, 3: 57, 4: 35, 5: 22}","{1: 139, 2: 64, 3: 43, 4: 29, 5: 23}",49,23,26,-0.061224489795918366,0,10,4,12,"1.916496,2.521157,3.255498,4.090095"
step25_specter2_finetune_resid_w0p0100_l0p5,residual_blend,0.01,0.5,0.6603219697682925,-0.0009385886109404273,0.1651238139319602,"{1: 126, 2: 58, 3: 57, 4: 35, 5: 22}","{1: 139, 2: 64, 3: 43, 4: 29, 5: 23}",49,23,26,-0.061224489795918366,0,10,4,12,"1.916496,2.521157,3.255498,4.090095"
step25_openalex_anchor_blend_w0p0100_l1p0,label_blend,0.01,1.0,0.6603152726997863,-0.000945285679446628,0.16904194227219152,"{1: 125, 2: 60, 3: 56, 4: 35, 5: 22}","{1: 138, 2: 66, 3: 41, 4: 30, 5: 23}",47,22,25,-0.06382978723404255,0,5,4,11,"1.909021,2.533220,3.252166,4.089172"
step25_openalex_anchor_resid_w0p0100_l1p0,residual_blend,0.01,1.0,0.6603152726997863,-0.000945285679446628,0.16904194227219152,"{1: 125, 2: 60, 3: 56, 4: 35, 5: 22}","{1: 138, 2: 66, 3: 41, 4: 30, 5: 23}",47,22,25,-0.06382978723404255,0,5,4,11,"1.909021,2.533220,3.252166,4.089172"
step25_pairwise_e5_blend_w0p0050_l1p0,label_blend,0.005,1.0,0.6603137692948795,-0.0009467890843534166,0.17575335166816466,"{1: 125, 2: 62, 3: 54, 4: 35, 5: 22}","{1: 138, 2: 66, 3: 41, 4: 31, 5: 22}",52,26,26,0.0,0,10,6,12,"1.909319,2.534251,3.255659,4.117125"
step25_pairwise_e5_resid_w0p0050_l1p0,residual_blend,0.005,1.0,0.6603137692948795,-0.0009467890843534166,0.17575335166816466,"{1: 125, 2: 62, 3: 54, 4: 35, 5: 22}","{1: 138, 2: 66, 3: 41, 4: 31, 5: 22}",52,26,26,0.0,0,10,6,12,"1.909319,2.534251,3.255659,4.117125"
step25_modernbert_best_blend_w0p0075_l0p5,label_blend,0.0075,0.5,0.6602998910595319,-0.000960667319701014,0.1651238139319602,"{1: 126, 2: 58, 3: 57, 4: 35, 5: 22}","{1: 139, 2: 62, 3: 42, 4: 32, 5: 23}",34,13,21,-0.23529411764705882,0,6,4,7,"1.912510,2.515128,3.239293,4.084374"
step25_modernbert_best_blend_w0p0100_l0p5,label_blend,0.01,0.5,0.6602998910595319,-0.000960667319701014,0.1651238139319602,"{1: 126, 2: 58, 3: 57, 4: 35, 5: 22}","{1: 139, 2: 62, 3: 42, 4: 32, 5: 23}",34,13,21,-0.23529411764705882,0,6,4,7,"1.912510,2.515128,3.239293,4.084374"
step25_modernbert_best_resid_w0p0075_l0p5,residual_blend,0.0075,0.5,0.6602998910595319,-0.000960667319701014,0.1651238139319602,"{1: 126, 2: 58, 3: 57, 4: 35, 5: 22}","{1: 139, 2: 62, 3: 42, 4: 32, 5: 23}",34,13,21,-0.23529411764705882,0,6,4,7,"1.912510,2.515128,3.239293,4.084374"
step25_modernbert_best_resid_w0p0100_l0p5,residual_blend,0.01,0.5,0.6602998910595319,-0.000960667319701014,0.1651238139319602,"{1: 126, 2: 58, 3: 57, 4: 35, 5: 22}","{1: 139, 2: 62, 3: 42, 4: 32, 5: 23}",34,13,21,-0.23529411764705882,0,6,4,7,"1.912510,2.515128,3.239293,4.084374"
step25_modernbert_second_blend_w0p0075_l0p5,label_blend,0.0075,0.5,0.6602998910595319,-0.000960667319701014,0.1651238139319602,"{1: 126, 2: 58, 3: 57, 4: 35, 5: 22}","{1: 139, 2: 62, 3: 42, 4: 32, 5: 23}",34,13,21,-0.23529411764705882,0,6,4,7,"1.912510,2.515128,3.239293,4.084374"
step25_modernbert_second_blend_w0p0100_l0p5,label_blend,0.01,0.5,0.6602998910595319,-0.000960667319701014,0.1651238139319602,"{1: 126, 2: 58, 3: 57, 4: 35, 5: 22}","{1: 139, 2: 62, 3: 42, 4: 32, 5: 23}",34,13,21,-0.23529411764705882,0,6,4,7,"1.912510,2.515128,3.239293,4.084374"
step25_modernbert_second_resid_w0p0075_l0p5,residual_blend,0.0075,0.5,0.6602998910595319,-0.000960667319701014,0.1651238139319602,"{1: 126, 2: 58, 3: 57, 4: 35, 5: 22}","{1: 139, 2: 62, 3: 42, 4: 32, 5: 23}",34,13,21,-0.23529411764705882,0,6,4,7,"1.912510,2.515128,3.239293,4.084374"
step25_modernbert_second_resid_w0p0100_l0p5,residual_blend,0.01,0.5,0.6602998910595319,-0.000960667319701014,0.1651238139319602,"{1: 126, 2: 58, 3: 57, 4: 35, 5: 22}","{1: 139, 2: 62, 3: 42, 4: 32, 5: 23}",34,13,21,-0.23529411764705882,0,6,4,7,"1.912510,2.515128,3.239293,4.084374"
step25_openalex_anchor_blend_w0p0300_l4p0,label_blend,0.03,4.0,0.6602153351285889,-0.001045223250644045,0.1824647610641378,"{1: 124, 2: 64, 3: 56, 4: 32, 5: 22}","{1: 138, 2: 67, 3: 41, 4: 29, 5: 23}",65,32,33,-0.015384615384615385,0,2,13,15,"1.919554,2.541778,3.259225,4.070949"
step25_pairwise_e5_blend_w0p0200_l4p0,label_blend,0.02,4.0,0.6601760554147567,-0.0010845029644762638,0.17575335166816466,"{1: 126, 2: 61, 3: 54, 4: 35, 5: 22}","{1: 139, 2: 65, 3: 39, 4: 33, 5: 22}",51,24,27,-0.058823529411764705,1,9,7,11,"1.914213,2.535269,3.252314,4.094298"
step25_pairwise_e5_resid_w0p0200_l4p0,residual_blend,0.02,4.0,0.6601760554147567,-0.0010845029644762638,0.17575335166816466,"{1: 126, 2: 61, 3: 54, 4: 35, 5: 22}","{1: 139, 2: 65, 3: 39, 4: 33, 5: 22}",51,24,27,-0.058823529411764705,1,9,7,11,"1.914213,2.535269,3.252314,4.094298"
step25_specter2_finetune_blend_w0p0075_l0p5,label_blend,0.0075,0.5,0.660160287116446,-0.0011002712627868894,0.1723976469701781,"{1: 123, 2: 63, 3: 55, 4: 35, 5: 22}","{1: 136, 2: 68, 3: 39, 4: 32, 5: 23}",30,13,17,-0.13333333333333333,0,6,3,7,"1.901383,2.530168,3.237403,4.092085"
step25_specter2_finetune_resid_w0p0075_l0p5,residual_blend,0.0075,0.5,0.660160287116446,-0.0011002712627868894,0.1723976469701781,"{1: 123, 2: 63, 3: 55, 4: 35, 5: 22}","{1: 136, 2: 68, 3: 39, 4: 32, 5: 23}",30,13,17,-0.13333333333333333,0,6,3,7,"1.901383,2.530168,3.237403,4.092085"
step25_openalex_anchor_blend_w0p0200_l1p0,label_blend,0.02,1.0,0.660099125921955,-0.0011614324572779555,0.17910905636615118,"{1: 124, 2: 64, 3: 56, 4: 32, 5: 22}","{1: 138, 2: 66, 3: 42, 4: 29, 5: 23}",65,31,34,-0.046153846153846156,0,5,13,14,"1.914805,2.539905,3.263576,4.082086"
step25_openalex_anchor_resid_w0p0200_l1p0,residual_blend,0.02,1.0,0.660099125921955,-0.0011614324572779555,0.17910905636615118,"{1: 124, 2: 64, 3: 56, 4: 32, 5: 22}","{1: 138, 2: 66, 3: 42, 4: 29, 5: 23}",65,31,34,-0.046153846153846156,0,5,13,14,"1.914805,2.539905,3.263576,4.082086"
step25_deberta_v3_blend_w0p0150_l1p0,label_blend,0.015,1.0,0.6600854297830463,-0.0011751285961866254,0.17239764697017815,"{1: 124, 2: 63, 3: 55, 4: 34, 5: 22}","{1: 140, 2: 63, 3: 42, 4: 30, 5: 23}",46,21,25,-0.08695652173913043,0,7,8,12,"1.912514,2.535022,3.248924,4.091942"
step25_deberta_v3_resid_w0p0150_l1p0,residual_blend,0.015,1.0,0.6600854297830463,-0.0011751285961866254,0.17239764697017815,"{1: 124, 2: 63, 3: 55, 4: 34, 5: 22}","{1: 140, 2: 63, 3: 42, 4: 30, 5: 23}",46,21,25,-0.08695652173913043,0,7,8,12,"1.912514,2.535022,3.248924,4.091942"
step25_llm_zeroshot_v2_blend_w0p0050_l0p5,label_blend,0.005,0.5,0.6600563676248217,-0.0012041907544112496,0.16233053287621838,"{1: 125, 2: 60, 3: 56, 4: 35, 5: 22}","{1: 138, 2: 64, 3: 41, 4: 32, 5: 23}",40,13,27,-0.35,0,4,4,7,"1.910616,2.520596,3.232431,4.078995"
step25_llm_zeroshot_v2_resid_w0p0050_l0p5,residual_blend,0.005,0.5,0.6600563676248217,-0.0012041907544112496,0.16233053287621838,"{1: 125, 2: 60, 3: 56, 4: 35, 5: 22}","{1: 138, 2: 64, 3: 41, 4: 32, 5: 23}",40,13,27,-0.35,0,4,4,7,"1.910616,2.520596,3.232431,4.078995"
step25_openalex_anchor_blend_w0p0100_l4p0,label_blend,0.01,4.0,0.6600289282194369,-0.0012316301597959933,0.18246476106413784,"{1: 126, 2: 62, 3: 53, 4: 35, 5: 22}","{1: 138, 2: 67, 3: 39, 4: 31, 5: 23}",51,23,28,-0.09803921568627451,0,5,8,11,"1.912611,2.540283,3.246971,4.080510"
step25_openalex_anchor_resid_w0p0100_l4p0,residual_blend,0.01,4.0,0.6600289282194369,-0.0012316301597959933,0.18246476106413784,"{1: 126, 2: 62, 3: 53, 4: 35, 5: 22}","{1: 138, 2: 67, 3: 39, 4: 31, 5: 23}",51,23,28,-0.09803921568627451,0,5,8,11,"1.912611,2.540283,3.246971,4.080510"
step25_openalex_anchor_blend_w0p0075_l4p0,label_blend,0.0075,4.0,0.6600166686606125,-0.001243889718620439,0.189176170460111,"{1: 126, 2: 64, 3: 51, 4: 35, 5: 22}","{1: 138, 2: 67, 3: 41, 4: 29, 5: 23}",60,29,31,-0.03333333333333333,0,9,10,13,"1.912929,2.548325,3.254897,4.087071"
step25_openalex_anchor_resid_w0p0075_l4p0,residual_blend,0.0075,4.0,0.6600166686606125,-0.001243889718620439,0.189176170460111,"{1: 126, 2: 64, 3: 51, 4: 35, 5: 22}","{1: 138, 2: 67, 3: 41, 4: 29, 5: 23}",60,29,31,-0.03333333333333333,0,9,10,13,"1.912929,2.548325,3.254897,4.087071"
step25_pairwise_specter2_blend_w0p0200_l4p0,label_blend,0.02,4.0,0.6600155338002637,-0.001245024578969245,0.17575335166816464,"{1: 124, 2: 63, 3: 54, 4: 35, 5: 22}","{1: 138, 2: 66, 3: 40, 4: 31, 5: 23}",53,25,28,-0.05660377358490566,0,11,5,10,"1.910875,2.540613,3.250610,4.092211"
step25_pairwise_specter2_resid_w0p0200_l4p0,residual_blend,0.02,4.0,0.6600155338002637,-0.001245024578969245,0.17575335166816464,"{1: 124, 2: 63, 3: 54, 4: 35, 5: 22}","{1: 138, 2: 66, 3: 40, 4: 31, 5: 23}",53,25,28,-0.05660377358490566,0,11,5,10,"1.910875,2.540613,3.250610,4.092211"
step25_specter2_finetune_blend_w0p0300_l2p0,label_blend,0.03,2.0,0.6600146441821186,-0.001245914197114284,0.189176170460111,"{1: 125, 2: 65, 3: 51, 4: 35, 5: 22}","{1: 138, 2: 67, 3: 41, 4: 29, 5: 23}",59,27,32,-0.0847457627118644,0,12,9,13,"1.911159,2.548482,3.254198,4.092242"
step25_deberta_v3_blend_w0p0200_l4p0,label_blend,0.02,4.0,0.6600093433472445,-0.0012512150319884396,0.17575335166816466,"{1: 124, 2: 64, 3: 54, 4: 34, 5: 22}","{1: 141, 2: 62, 3: 42, 4: 30, 5: 23}",48,21,27,-0.125,0,8,9,13,"1.914449,2.538141,3.247458,4.087295"
step25_deberta_v3_resid_w0p0200_l4p0,residual_blend,0.02,4.0,0.6600093433472445,-0.0012512150319884396,0.17575335166816466,"{1: 124, 2: 64, 3: 54, 4: 34, 5: 22}","{1: 141, 2: 62, 3: 42, 4: 30, 5: 23}",48,21,27,-0.125,0,8,9,13,"1.914449,2.538141,3.247458,4.087295"
step25_deberta_v3_blend_w0p0300_l0p5,label_blend,0.03,0.5,0.6599855834694918,-0.0012749749097411556,0.18246476106413786,"{1: 124, 2: 66, 3: 52, 4: 34, 5: 22}","{1: 142, 2: 61, 3: 42, 4: 30, 5: 23}",55,24,31,-0.12727272727272726,0,7,11,14,"1.913574,2.541718,3.249340,4.087459"
step25_specter2_finetune_blend_w0p0200_l2p0,label_blend,0.02,2.0,0.659877600733038,-0.0013829576461948934,0.1858204657621244,"{1: 125, 2: 64, 3: 52, 4: 35, 5: 22}","{1: 138, 2: 67, 3: 41, 4: 30, 5: 22}",55,25,30,-0.09090909090909091,0,10,8,14,"1.912200,2.545144,3.250637,4.105653"
step25_specter2_finetune_resid_w0p0200_l2p0,residual_blend,0.02,2.0,0.659877600733038,-0.0013829576461948934,0.1858204657621244,"{1: 125, 2: 64, 3: 52, 4: 35, 5: 22}","{1: 138, 2: 67, 3: 41, 4: 30, 5: 22}",55,25,30,-0.09090909090909091,0,10,8,14,"1.912200,2.545144,3.250637,4.105653"
step25_openalex_anchor_blend_w0p0150_l2p0,label_blend,0.015,2.0,0.6598701686394379,-0.001390389739794995,0.18582046576212444,"{1: 126, 2: 63, 3: 53, 4: 34, 5: 22}","{1: 138, 2: 67, 3: 41, 4: 29, 5: 23}",60,27,33,-0.1,0,5,10,15,"1.911553,2.543685,3.255027,4.094831"
step25_openalex_anchor_resid_w0p0150_l2p0,residual_blend,0.015,2.0,0.6598701686394379,-0.001390389739794995,0.18582046576212444,"{1: 126, 2: 63, 3: 53, 4: 34, 5: 22}","{1: 138, 2: 67, 3: 41, 4: 29, 5: 23}",60,27,33,-0.1,0,5,10,15,"1.911553,2.543685,3.255027,4.094831"
step25_llm_zeroshot_blend_w0p0075_l1p0,label_blend,0.0075,1.0,0.6598626276931931,-0.0013979306860397722,0.1690419422721915,"{1: 125, 2: 60, 3: 56, 4: 35, 5: 22}","{1: 137, 2: 67, 3: 39, 4: 32, 5: 23}",41,18,23,-0.12195121951219512,0,6,4,8,"1.907828,2.527947,3.237798,4.091852"
step25_llm_zeroshot_resid_w0p0075_l1p0,residual_blend,0.0075,1.0,0.6598626276931931,-0.0013979306860397722,0.1690419422721915,"{1: 125, 2: 60, 3: 56, 4: 35, 5: 22}","{1: 137, 2: 67, 3: 39, 4: 32, 5: 23}",41,18,23,-0.12195121951219512,0,6,4,8,"1.907828,2.527947,3.237798,4.091852"
step25_pairwise_e5_blend_w0p0075_l0p5,label_blend,0.0075,0.5,0.6598411104802311,-0.0014194478990018355,0.19253187515809755,"{1: 126, 2: 65, 3: 52, 4: 33, 5: 22}","{1: 142, 2: 63, 3: 42, 4: 29, 5: 22}",98,46,52,-0.061224489795918366,0,20,13,19,"1.925576,2.559921,3.278177,4.116295"
step25_pairwise_e5_resid_w0p0075_l0p5,residual_blend,0.0075,0.5,0.6598411104802311,-0.0014194478990018355,0.19253187515809755,"{1: 126, 2: 65, 3: 52, 4: 33, 5: 22}","{1: 142, 2: 63, 3: 42, 4: 29, 5: 22}",98,46,52,-0.061224489795918366,0,20,13,19,"1.925576,2.559921,3.278177,4.116295"
step25_specter2_finetune_blend_w0p0300_l4p0,label_blend,0.03,4.0,0.6598352970073549,-0.0014252613718780394,0.18582046576212438,"{1: 125, 2: 64, 3: 53, 4: 34, 5: 22}","{1: 138, 2: 67, 3: 41, 4: 29, 5: 23}",58,27,31,-0.06896551724137931,0,11,9,13,"1.909926,2.546167,3.259585,4.097011"
step25_pairwise_e5_blend_w0p0150_l4p0,label_blend,0.015,4.0,0.6597684898765541,-0.0014920685026788005,0.17910905636615124,"{1: 126, 2: 61, 3: 54, 4: 35, 5: 22}","{1: 139, 2: 66, 3: 40, 4: 31, 5: 22}",54,25,29,-0.07407407407407407,0,11,7,14,"1.914594,2.538082,3.253994,4.100503"
step25_pairwise_e5_resid_w0p0150_l4p0,residual_blend,0.015,4.0,0.6597684898765541,-0.0014920685026788005,0.17910905636615124,"{1: 126, 2: 61, 3: 54, 4: 35, 5: 22}","{1: 139, 2: 66, 3: 40, 4: 31, 5: 22}",54,25,29,-0.07407407407407407,0,11,7,14,"1.914594,2.538082,3.253994,4.100503"
step25_pairwise_e5_blend_w0p0300_l0p5,label_blend,0.03,0.5,0.6597684015742789,-0.00149215680495407,0.18917617046011098,"{1: 126, 2: 64, 3: 51, 4: 35, 5: 22}","{1: 139, 2: 66, 3: 42, 4: 29, 5: 22}",84,39,45,-0.07142857142857142,1,19,10,16,"1.918521,2.548971,3.271996,4.112489"
step25_specter2_finetune_blend_w0p0025_l0p5,label_blend,0.0025,0.5,0.6597575905303346,-0.0015029678488983622,0.18917617046011098,"{1: 126, 2: 64, 3: 53, 4: 34, 5: 21}","{1: 139, 2: 66, 3: 42, 4: 30, 5: 21}",85,43,42,0.011764705882352941,0,23,13,17,"1.915559,2.548305,3.275202,4.144668"
step25_specter2_finetune_resid_w0p0025_l0p5,residual_blend,0.0025,0.5,0.6597575905303346,-0.0015029678488983622,0.18917617046011098,"{1: 126, 2: 64, 3: 53, 4: 34, 5: 21}","{1: 139, 2: 66, 3: 42, 4: 30, 5: 21}",85,43,42,0.011764705882352941,0,23,13,17,"1.915559,2.548305,3.275202,4.144668"
step25_openalex_anchor_blend_w0p0100_l2p0,label_blend,0.01,2.0,0.6597451157401069,-0.0015154426391260634,0.18917617046011095,"{1: 126, 2: 64, 3: 51, 4: 35, 5: 22}","{1: 139, 2: 66, 3: 40, 4: 30, 5: 23}",60,28,32,-0.06666666666666667,0,7,10,13,"1.917572,2.544818,3.251994,4.084242"
step25_openalex_anchor_resid_w0p0100_l2p0,residual_blend,0.01,2.0,0.6597451157401069,-0.0015154426391260634,0.18917617046011095,"{1: 126, 2: 64, 3: 51, 4: 35, 5: 22}","{1: 139, 2: 66, 3: 40, 4: 30, 5: 23}",60,28,32,-0.06666666666666667,0,7,10,13,"1.917572,2.544818,3.251994,4.084242"
step25_pairwise_e5_blend_w0p0025_l0p5,label_blend,0.0025,0.5,0.6597384396468621,-0.0015221187323708474,0.19253187515809755,"{1: 126, 2: 65, 3: 52, 4: 33, 5: 22}","{1: 139, 2: 66, 3: 42, 4: 29, 5: 22}",91,46,45,0.01098901098901099,0,21,13,16,"1.914583,2.563793,3.274475,4.124219"
step25_pairwise_e5_resid_w0p0025_l0p5,residual_blend,0.0025,0.5,0.6597384396468621,-0.0015221187323708474,0.19253187515809755,"{1: 126, 2: 65, 3: 52, 4: 33, 5: 22}","{1: 139, 2: 66, 3: 42, 4: 29, 5: 22}",91,46,45,0.01098901098901099,0,21,13,16,"1.914583,2.563793,3.274475,4.124219"
step25_deberta_v3_blend_w0p0050_l0p5,label_blend,0.005,0.5,0.659735779694933,-0.001524778684299899,0.18917617046011098,"{1: 126, 2: 64, 3: 52, 4: 34, 5: 22}","{1: 140, 2: 65, 3: 42, 4: 29, 5: 22}",79,39,40,-0.012658227848101266,0,17,11,17,"1.916810,2.553025,3.266572,4.122460"
step25_deberta_v3_resid_w0p0050_l0p5,residual_blend,0.005,0.5,0.659735779694933,-0.001524778684299899,0.18917617046011098,"{1: 126, 2: 64, 3: 52, 4: 34, 5: 22}","{1: 140, 2: 65, 3: 42, 4: 29, 5: 22}",79,39,40,-0.012658227848101266,0,17,11,17,"1.916810,2.553025,3.266572,4.122460"
step25_openalex_anchor_blend_w0p0075_l1p0,label_blend,0.0075,1.0,0.6597076526657799,-0.0015529057134530122,0.18582046576212444,"{1: 126, 2: 63, 3: 53, 4: 34, 5: 22}","{1: 138, 2: 67, 3: 41, 4: 29, 5: 23}",59,28,31,-0.05084745762711865,0,8,10,13,"1.914661,2.542542,3.258968,4.086730"
step25_openalex_anchor_resid_w0p0075_l1p0,residual_blend,0.0075,1.0,0.6597076526657799,-0.0015529057134530122,0.18582046576212444,"{1: 126, 2: 63, 3: 53, 4: 34, 5: 22}","{1: 138, 2: 67, 3: 41, 4: 29, 5: 23}",59,28,31,-0.05084745762711865,0,8,10,13,"1.914661,2.542542,3.258968,4.086730"
step25_deberta_v3_blend_w0p0075_l0p5,label_blend,0.0075,0.5,0.6597071078440648,-0.0015534505351680883,0.16233053287621832,"{1: 122, 2: 63, 3: 57, 4: 34, 5: 22}","{1: 136, 2: 66, 3: 45, 4: 28, 5: 23}",39,18,21,-0.07692307692307693,0,9,4,9,"1.901662,2.523498,3.270579,4.088102"
step25_deberta_v3_resid_w0p0075_l0p5,residual_blend,0.0075,0.5,0.6597071078440648,-0.0015534505351680883,0.16233053287621832,"{1: 122, 2: 63, 3: 57, 4: 34, 5: 22}","{1: 136, 2: 66, 3: 45, 4: 28, 5: 23}",39,18,21,-0.07692307692307693,0,9,4,9,"1.901662,2.523498,3.270579,4.088102"
step25_specter2_finetune_blend_w0p0300_l1p0,label_blend,0.03,1.0,0.6597032847661075,-0.0015572736131254095,0.1858204657621244,"{1: 125, 2: 64, 3: 54, 4: 33, 5: 22}","{1: 138, 2: 67, 3: 41, 4: 30, 5: 22}",61,30,31,-0.01639344262295082,0,13,10,14,"1.910552,2.546162,3.263015,4.106543"
step25_pairwise_e5_blend_w0p0100_l2p0,label_blend,0.01,2.0,0.6597017385698183,-0.0015588198094146355,0.1824647610641378,"{1: 126, 2: 62, 3: 53, 4: 35, 5: 22}","{1: 139, 2: 66, 3: 39, 4: 31, 5: 23}",54,25,29,-0.07407407407407407,0,10,8,12,"1.913855,2.540978,3.250884,4.088393"
step25_pairwise_e5_resid_w0p0100_l2p0,residual_blend,0.01,2.0,0.6597017385698183,-0.0015588198094146355,0.1824647610641378,"{1: 126, 2: 62, 3: 53, 4: 35, 5: 22}","{1: 139, 2: 66, 3: 39, 4: 31, 5: 23}",54,25,29,-0.07407407407407407,0,10,8,12,"1.913855,2.540978,3.250884,4.088393"
step25_scibert_finetune_blend_w0p0150_l1p0,label_blend,0.015,1.0,0.6596955719781974,-0.0015649864010355286,0.18917617046011098,"{1: 126, 2: 64, 3: 52, 4: 34, 5: 22}","{1: 139, 2: 66, 3: 40, 4: 31, 5: 22}",66,30,36,-0.09090909090909091,0,14,11,14,"1.914260,2.545037,3.255276,4.115697"
step25_scibert_finetune_resid_w0p0150_l1p0,residual_blend,0.015,1.0,0.6596955719781974,-0.0015649864010355286,0.18917617046011098,"{1: 126, 2: 64, 3: 52, 4: 34, 5: 22}","{1: 139, 2: 66, 3: 40, 4: 31, 5: 22}",66,30,36,-0.09090909090909091,0,14,11,14,"1.914260,2.545037,3.255276,4.115697"
step25_pairwise_e5_blend_w0p0200_l2p0,label_blend,0.02,2.0,0.6596832671403501,-0.0015772912388828386,0.1858204657621244,"{1: 126, 2: 63, 3: 52, 4: 35, 5: 22}","{1: 140, 2: 65, 3: 42, 4: 29, 5: 22}",60,28,32,-0.06666666666666667,1,11,9,17,"1.915017,2.541150,3.258906,4.095416"
step25_pairwise_e5_resid_w0p0200_l2p0,residual_blend,0.02,2.0,0.6596832671403501,-0.0015772912388828386,0.1858204657621244,"{1: 126, 2: 63, 3: 52, 4: 35, 5: 22}","{1: 140, 2: 65, 3: 42, 4: 29, 5: 22}",60,28,32,-0.06666666666666667,1,11,9,17,"1.915017,2.541150,3.258906,4.095416"
step25_modernbert_best_blend_w0p0300_l1p0,label_blend,0.03,1.0,0.6596666628505541,-0.0015938955286788348,0.17910905636615124,"{1: 126, 2: 61, 3: 54, 4: 35, 5: 22}","{1: 139, 2: 66, 3: 39, 4: 31, 5: 23}",56,24,32,-0.14285714285714285,0,10,7,12,"1.914370,2.539533,3.246935,4.082038"
step25_modernbert_second_blend_w0p0300_l1p0,label_blend,0.03,1.0,0.6596666628505541,-0.0015938955286788348,0.17910905636615124,"{1: 126, 2: 61, 3: 54, 4: 35, 5: 22}","{1: 139, 2: 66, 3: 39, 4: 31, 5: 23}",56,24,32,-0.14285714285714285,0,10,7,12,"1.914370,2.539533,3.246935,4.082038"
step25_pairwise_specter2_blend_w0p0150_l1p0,label_blend,0.015,1.0,0.6596625662542049,-0.0015979921250279805,0.16904194227219152,"{1: 124, 2: 61, 3: 56, 4: 34, 5: 23}","{1: 137, 2: 67, 3: 38, 4: 33, 5: 23}",42,15,27,-0.2857142857142857,2,9,4,9,"1.904756,2.526486,3.231853,4.076892"
step25_pairwise_specter2_resid_w0p0150_l1p0,residual_blend,0.015,1.0,0.6596625662542049,-0.0015979921250279805,0.16904194227219152,"{1: 124, 2: 61, 3: 56, 4: 34, 5: 23}","{1: 137, 2: 67, 3: 38, 4: 33, 5: 23}",42,15,27,-0.2857142857142857,2,9,4,9,"1.904756,2.526486,3.231853,4.076892"
step25_deberta_v3_blend_w0p0300_l4p0,label_blend,0.03,4.0,0.6596604024009167,-0.0016001559783161978,0.18246476106413786,"{1: 124, 2: 66, 3: 52, 4: 34, 5: 22}","{1: 142, 2: 61, 3: 43, 4: 29, 5: 23}",66,30,36,-0.09090909090909091,0,9,11,15,"1.916732,2.548167,3.254454,4.090157"
step25_pairwise_specter2_blend_w0p0075_l1p0,label_blend,0.0075,1.0,0.6596548294230336,-0.0016057289561993704,0.16904194227219152,"{1: 124, 2: 61, 3: 56, 4: 35, 5: 22}","{1: 137, 2: 67, 3: 39, 4: 32, 5: 23}",39,15,24,-0.23076923076923078,1,7,3,8,"1.906692,2.525439,3.240066,4.079536"
step25_pairwise_specter2_resid_w0p0075_l1p0,residual_blend,0.0075,1.0,0.6596548294230336,-0.0016057289561993704,0.16904194227219152,"{1: 124, 2: 61, 3: 56, 4: 35, 5: 22}","{1: 137, 2: 67, 3: 39, 4: 32, 5: 23}",39,15,24,-0.23076923076923078,1,7,3,8,"1.906692,2.525439,3.240066,4.079536"
step25_modernbert_best_blend_w0p0300_l0p5,label_blend,0.03,0.5,0.6596467562820323,-0.001613802097200634,0.17910905636615124,"{1: 126, 2: 61, 3: 54, 4: 35, 5: 22}","{1: 139, 2: 66, 3: 39, 4: 32, 5: 22}",64,30,34,-0.0625,0,14,7,13,"1.916671,2.538990,3.251193,4.120047"
step25_modernbert_second_blend_w0p0300_l0p5,label_blend,0.03,0.5,0.6596467562820323,-0.001613802097200634,0.17910905636615124,"{1: 126, 2: 61, 3: 54, 4: 35, 5: 22}","{1: 139, 2: 66, 3: 39, 4: 32, 5: 22}",64,30,34,-0.0625,0,14,7,13,"1.916671,2.538990,3.251193,4.120047"
step25_pairwise_specter2_blend_w0p0200_l2p0,label_blend,0.02,2.0,0.6596262222052697,-0.0016343361739632467,0.17239764697017806,"{1: 124, 2: 62, 3: 55, 4: 35, 5: 22}","{1: 138, 2: 66, 3: 40, 4: 31, 5: 23}",54,25,29,-0.07407407407407407,0,12,4,10,"1.911029,2.538160,3.255363,4.091851"
step25_pairwise_specter2_resid_w0p0200_l2p0,residual_blend,0.02,2.0,0.6596262222052697,-0.0016343361739632467,0.17239764697017806,"{1: 124, 2: 62, 3: 55, 4: 35, 5: 22}","{1: 138, 2: 66, 3: 40, 4: 31, 5: 23}",54,25,29,-0.07407407407407407,0,12,4,10,"1.911029,2.538160,3.255363,4.091851"
step25_pairwise_specter2_blend_w0p0200_l1p0,label_blend,0.02,1.0,0.6596203820736342,-0.0016401763055987617,0.17239764697017806,"{1: 124, 2: 62, 3: 55, 4: 35, 5: 22}","{1: 138, 2: 66, 3: 40, 4: 31, 5: 23}",51,23,28,-0.09803921568627451,0,11,4,10,"1.909773,2.534769,3.251823,4.090109"
step25_pairwise_specter2_resid_w0p0200_l1p0,residual_blend,0.02,1.0,0.6596203820736342,-0.0016401763055987617,0.17239764697017806,"{1: 124, 2: 62, 3: 55, 4: 35, 5: 22}","{1: 138, 2: 66, 3: 40, 4: 31, 5: 23}",51,23,28,-0.09803921568627451,0,11,4,10,"1.909773,2.534769,3.251823,4.090109"
step25_deberta_v3_blend_w0p0200_l2p0,label_blend,0.02,2.0,0.6596149510413192,-0.001645607337913746,0.17575335166816472,"{1: 124, 2: 64, 3: 54, 4: 34, 5: 22}","{1: 140, 2: 63, 3: 42, 4: 30, 5: 23}",46,20,26,-0.13043478260869565,0,8,9,12,"1.911144,2.534698,3.246495,4.090990"
step25_deberta_v3_resid_w0p0200_l2p0,residual_blend,0.02,2.0,0.6596149510413192,-0.001645607337913746,0.17575335166816472,"{1: 124, 2: 64, 3: 54, 4: 34, 5: 22}","{1: 140, 2: 63, 3: 42, 4: 30, 5: 23}",46,20,26,-0.13043478260869565,0,8,9,12,"1.911144,2.534698,3.246495,4.090990"
step25_modernbert_best_blend_w0p0025_l0p5,label_blend,0.0025,0.5,0.6596089163803837,-0.0016516419988492625,0.189176170460111,"{1: 125, 2: 65, 3: 54, 4: 32, 5: 22}","{1: 139, 2: 66, 3: 43, 4: 28, 5: 22}",78,39,39,0.0,0,20,12,17,"1.910315,2.551644,3.291914,4.125561"
step25_modernbert_best_blend_w0p0050_l0p5,label_blend,0.005,0.5,0.6596089163803837,-0.0016516419988492625,0.189176170460111,"{1: 125, 2: 65, 3: 54, 4: 32, 5: 22}","{1: 139, 2: 66, 3: 43, 4: 28, 5: 22}",78,39,39,0.0,0,20,12,17,"1.910315,2.551644,3.291914,4.125561"
step25_modernbert_best_resid_w0p0025_l0p5,residual_blend,0.0025,0.5,0.6596089163803837,-0.0016516419988492625,0.189176170460111,"{1: 125, 2: 65, 3: 54, 4: 32, 5: 22}","{1: 139, 2: 66, 3: 43, 4: 28, 5: 22}",78,39,39,0.0,0,20,12,17,"1.910315,2.551644,3.291914,4.125561"
step25_modernbert_best_resid_w0p0050_l0p5,residual_blend,0.005,0.5,0.6596089163803837,-0.0016516419988492625,0.189176170460111,"{1: 125, 2: 65, 3: 54, 4: 32, 5: 22}","{1: 139, 2: 66, 3: 43, 4: 28, 5: 22}",78,39,39,0.0,0,20,12,17,"1.910315,2.551644,3.291914,4.125561"
step25_modernbert_second_blend_w0p0025_l0p5,label_blend,0.0025,0.5,0.6596089163803837,-0.0016516419988492625,0.189176170460111,"{1: 125, 2: 65, 3: 54, 4: 32, 5: 22}","{1: 139, 2: 66, 3: 43, 4: 28, 5: 22}",78,39,39,0.0,0,20,12,17,"1.910315,2.551644,3.291914,4.125561"
step25_modernbert_second_blend_w0p0050_l0p5,label_blend,0.005,0.5,0.6596089163803837,-0.0016516419988492625,0.189176170460111,"{1: 125, 2: 65, 3: 54, 4: 32, 5: 22}","{1: 139, 2: 66, 3: 43, 4: 28, 5: 22}",78,39,39,0.0,0,20,12,17,"1.910315,2.551644,3.291914,4.125561"
step25_modernbert_second_resid_w0p0025_l0p5,residual_blend,0.0025,0.5,0.6596089163803837,-0.0016516419988492625,0.189176170460111,"{1: 125, 2: 65, 3: 54, 4: 32, 5: 22}","{1: 139, 2: 66, 3: 43, 4: 28, 5: 22}",78,39,39,0.0,0,20,12,17,"1.910315,2.551644,3.291914,4.125561"
step25_modernbert_second_resid_w0p0050_l0p5,residual_blend,0.005,0.5,0.6596089163803837,-0.0016516419988492625,0.189176170460111,"{1: 125, 2: 65, 3: 54, 4: 32, 5: 22}","{1: 139, 2: 66, 3: 43, 4: 28, 5: 22}",78,39,39,0.0,0,20,12,17,"1.910315,2.551644,3.291914,4.125561"
step25_scibert_finetune_blend_w0p0050_l1p0,label_blend,0.005,1.0,0.6595964701887194,-0.0016640881905135574,0.17239764697017815,"{1: 125, 2: 61, 3: 55, 4: 35, 5: 22}","{1: 139, 2: 65, 3: 41, 4: 30, 5: 23}",46,21,25,-0.08695652173913043,0,8,5,12,"1.911385,2.534984,3.247925,4.091487"
step25_scibert_finetune_resid_w0p0050_l1p0,residual_blend,0.005,1.0,0.6595964701887194,-0.0016640881905135574,0.17239764697017815,"{1: 125, 2: 61, 3: 55, 4: 35, 5: 22}","{1: 139, 2: 65, 3: 41, 4: 30, 5: 23}",46,21,25,-0.08695652173913043,0,8,5,12,"1.911385,2.534984,3.247925,4.091487"
step25_specter2_finetune_blend_w0p0200_l0p5,label_blend,0.02,0.5,0.6595958392209604,-0.0016647191582724874,0.1723976469701781,"{1: 124, 2: 62, 3: 55, 4: 35, 5: 22}","{1: 137, 2: 67, 3: 39, 4: 33, 5: 22}",39,16,23,-0.1794871794871795,0,7,4,9,"1.904852,2.528135,3.239147,4.111060"
step25_specter2_finetune_resid_w0p0200_l0p5,residual_blend,0.02,0.5,0.6595958392209604,-0.0016647191582724874,0.1723976469701781,"{1: 124, 2: 62, 3: 55, 4: 35, 5: 22}","{1: 137, 2: 67, 3: 39, 4: 33, 5: 22}",39,16,23,-0.1794871794871795,0,7,4,9,"1.904852,2.528135,3.239147,4.111060"
step25_openalex_anchor_blend_w0p0025_l0p5,label_blend,0.0025,0.5,0.659589875110368,-0.001670683268864881,0.18582046576212444,"{1: 126, 2: 63, 3: 53, 4: 34, 5: 22}","{1: 140, 2: 65, 3: 42, 4: 28, 5: 23}",71,35,36,-0.014084507042253521,0,14,10,16,"1.919638,2.548878,3.264300,4.090798"
step25_openalex_anchor_resid_w0p0025_l0p5,residual_blend,0.0025,0.5,0.659589875110368,-0.001670683268864881,0.18582046576212444,"{1: 126, 2: 63, 3: 53, 4: 34, 5: 22}","{1: 140, 2: 65, 3: 42, 4: 28, 5: 23}",71,35,36,-0.014084507042253521,0,14,10,16,"1.919638,2.548878,3.264300,4.090798"
step25_openalex_anchor_blend_w0p0050_l1p0,label_blend,0.005,1.0,0.6595882333170761,-0.0016723250621568653,0.1757533516681647,"{1: 126, 2: 60, 3: 55, 4: 35, 5: 22}","{1: 138, 2: 67, 3: 39, 4: 31, 5: 23}",55,25,30,-0.09090909090909091,0,7,6,11,"1.914259,2.536608,3.252727,4.095766"
step25_openalex_anchor_resid_w0p0050_l1p0,residual_blend,0.005,1.0,0.6595882333170761,-0.0016723250621568653,0.1757533516681647,"{1: 126, 2: 60, 3: 55, 4: 35, 5: 22}","{1: 138, 2: 67, 3: 39, 4: 31, 5: 23}",55,25,30,-0.09090909090909091,0,7,6,11,"1.914259,2.536608,3.252727,4.095766"
step25_pairwise_specter2_blend_w0p0200_l0p5,label_blend,0.02,0.5,0.6595652903598415,-0.0016952680193914604,0.18582046576212438,"{1: 124, 2: 65, 3: 52, 4: 35, 5: 22}","{1: 138, 2: 67, 3: 39, 4: 32, 5: 22}",59,27,32,-0.0847457627118644,0,12,7,12,"1.911135,2.548494,3.255637,4.103116"
step25_pairwise_specter2_resid_w0p0200_l0p5,residual_blend,0.02,0.5,0.6595652903598415,-0.0016952680193914604,0.18582046576212438,"{1: 124, 2: 65, 3: 52, 4: 35, 5: 22}","{1: 138, 2: 67, 3: 39, 4: 32, 5: 22}",59,27,32,-0.0847457627118644,0,12,7,12,"1.911135,2.548494,3.255637,4.103116"
step25_pairwise_specter2_blend_w0p0300_l2p0,label_blend,0.03,2.0,0.659550259276289,-0.0017102991029439574,0.17575335166816464,"{1: 124, 2: 63, 3: 54, 4: 35, 5: 22}","{1: 138, 2: 66, 3: 40, 4: 31, 5: 23}",58,26,32,-0.10344827586206896,1,13,5,10,"1.910065,2.542225,3.254841,4.096607"
step25_llm_zeroshot_v2_blend_w0p0100_l1p0,label_blend,0.01,1.0,0.6595446148175036,-0.0017159435617293273,0.18246476106413784,"{1: 126, 2: 62, 3: 55, 4: 34, 5: 21}","{1: 142, 2: 63, 3: 42, 4: 30, 5: 21}",75,36,39,-0.04,0,15,11,20,"1.921468,2.541310,3.263773,4.122781"
step25_llm_zeroshot_v2_resid_w0p0100_l1p0,residual_blend,0.01,1.0,0.6595446148175036,-0.0017159435617293273,0.18246476106413784,"{1: 126, 2: 62, 3: 55, 4: 34, 5: 21}","{1: 142, 2: 63, 3: 42, 4: 30, 5: 21}",75,36,39,-0.04,0,15,11,20,"1.921468,2.541310,3.263773,4.122781"
step25_specter2_finetune_blend_w0p0100_l1p0,label_blend,0.01,1.0,0.6595355559800964,-0.0017250023991365326,0.17575335166816466,"{1: 126, 2: 61, 3: 54, 4: 35, 5: 22}","{1: 139, 2: 65, 3: 40, 4: 32, 5: 22}",51,23,28,-0.09803921568627451,0,9,7,12,"1.912929,2.538595,3.246675,4.108013"
step25_specter2_finetune_resid_w0p0100_l1p0,residual_blend,0.01,1.0,0.6595355559800964,-0.0017250023991365326,0.17575335166816466,"{1: 126, 2: 61, 3: 54, 4: 35, 5: 22}","{1: 139, 2: 65, 3: 40, 4: 32, 5: 22}",51,23,28,-0.09803921568627451,0,9,7,12,"1.912929,2.538595,3.246675,4.108013"
step25_pairwise_specter2_blend_w0p0025_l0p5,label_blend,0.0025,0.5,0.6595227816762053,-0.0017377767030276603,0.17239764697017812,"{1: 125, 2: 61, 3: 55, 4: 35, 5: 22}","{1: 139, 2: 65, 3: 39, 4: 32, 5: 23}",42,15,27,-0.2857142857142857,0,8,5,10,"1.912613,2.528126,3.239852,4.082621"
step25_pairwise_specter2_resid_w0p0025_l0p5,residual_blend,0.0025,0.5,0.6595227816762053,-0.0017377767030276603,0.17239764697017812,"{1: 125, 2: 61, 3: 55, 4: 35, 5: 22}","{1: 139, 2: 65, 3: 39, 4: 32, 5: 23}",42,15,27,-0.2857142857142857,0,8,5,10,"1.912613,2.528126,3.239852,4.082621"
step25_specter2_finetune_blend_w0p0200_l4p0,label_blend,0.02,4.0,0.6595170608277614,-0.0017434975514715179,0.1858204657621244,"{1: 125, 2: 64, 3: 52, 4: 35, 5: 22}","{1: 138, 2: 67, 3: 41, 4: 30, 5: 22}",57,26,31,-0.08771929824561403,0,11,8,14,"1.912263,2.546357,3.254865,4.101997"
step25_specter2_finetune_resid_w0p0200_l4p0,residual_blend,0.02,4.0,0.6595170608277614,-0.0017434975514715179,0.1858204657621244,"{1: 125, 2: 64, 3: 52, 4: 35, 5: 22}","{1: 138, 2: 67, 3: 41, 4: 30, 5: 22}",57,26,31,-0.08771929824561403,0,11,8,14,"1.912263,2.546357,3.254865,4.101997"
step25_specter2_finetune_blend_w0p0150_l2p0,label_blend,0.015,2.0,0.6595070992486771,-0.0017534591305558012,0.1757533516681647,"{1: 125, 2: 62, 3: 54, 4: 35, 5: 22}","{1: 138, 2: 66, 3: 42, 4: 30, 5: 22}",48,22,26,-0.08333333333333333,0,10,6,13,"1.909346,2.538230,3.253583,4.103066"
step25_specter2_finetune_resid_w0p0150_l2p0,residual_blend,0.015,2.0,0.6595070992486771,-0.0017534591305558012,0.1757533516681647,"{1: 125, 2: 62, 3: 54, 4: 35, 5: 22}","{1: 138, 2: 66, 3: 42, 4: 30, 5: 22}",48,22,26,-0.08333333333333333,0,10,6,13,"1.909346,2.538230,3.253583,4.103066"
step25_deberta_v3_blend_w0p0025_l0p5,label_blend,0.0025,0.5,0.6594921120225183,-0.0017684463567145814,0.16176810923397364,"{1: 125, 2: 59, 3: 57, 4: 35, 5: 22}","{1: 139, 2: 63, 3: 42, 4: 32, 5: 22}",45,19,26,-0.15555555555555556,0,7,3,10,"1.912277,2.521242,3.249591,4.109851"
step25_deberta_v3_resid_w0p0025_l0p5,residual_blend,0.0025,0.5,0.6594921120225183,-0.0017684463567145814,0.16176810923397364,"{1: 125, 2: 59, 3: 57, 4: 35, 5: 22}","{1: 139, 2: 63, 3: 42, 4: 32, 5: 22}",45,19,26,-0.15555555555555556,0,7,3,10,"1.912277,2.521242,3.249591,4.109851"
step25_deberta_v3_blend_w0p0150_l0p5,label_blend,0.015,0.5,0.6594921120225183,-0.0017684463567145814,0.1723976469701781,"{1: 124, 2: 63, 3: 55, 4: 34, 5: 22}","{1: 139, 2: 64, 3: 42, 4: 30, 5: 23}",45,20,25,-0.1111111111111111,0,8,8,11,"1.910437,2.532143,3.257257,4.089472"
step25_deberta_v3_resid_w0p0150_l0p5,residual_blend,0.015,0.5,0.6594921120225183,-0.0017684463567145814,0.1723976469701781,"{1: 124, 2: 63, 3: 55, 4: 34, 5: 22}","{1: 139, 2: 64, 3: 42, 4: 30, 5: 23}",45,20,25,-0.1111111111111111,0,8,8,11,"1.910437,2.532143,3.257257,4.089472"
step25_deberta_v3_blend_w0p0300_l2p0,label_blend,0.03,2.0,0.6594708141544499,-0.001789744224783063,0.189176170460111,"{1: 124, 2: 67, 3: 51, 4: 34, 5: 22}","{1: 142, 2: 62, 3: 42, 4: 29, 5: 23}",69,31,38,-0.10144927536231885,0,10,12,16,"1.916847,2.551910,3.258230,4.089775"
step25_pairwise_specter2_blend_w0p0300_l4p0,label_blend,0.03,4.0,0.6594698452071653,-0.0017907131720675817,0.17575335166816466,"{1: 124, 2: 63, 3: 55, 4: 34, 5: 22}","{1: 138, 2: 66, 3: 41, 4: 30, 5: 23}",60,27,33,-0.1,0,13,6,11,"1.910308,2.541368,3.259765,4.092523"
step25_scibert_finetune_blend_w0p0025_l1p0,label_blend,0.0025,1.0,0.659463394456079,-0.0017971639231538772,0.17239764697017806,"{1: 125, 2: 61, 3: 55, 4: 35, 5: 22}","{1: 137, 2: 67, 3: 40, 4: 31, 5: 23}",44,20,24,-0.09090909090909091,0,7,5,9,"1.907870,2.532791,3.248119,4.089949"
step25_scibert_finetune_resid_w0p0025_l1p0,residual_blend,0.0025,1.0,0.659463394456079,-0.0017971639231538772,0.17239764697017806,"{1: 125, 2: 61, 3: 55, 4: 35, 5: 22}","{1: 137, 2: 67, 3: 40, 4: 31, 5: 23}",44,20,24,-0.09090909090909091,0,7,5,9,"1.907870,2.532791,3.248119,4.089949"
step25_llm_zeroshot_v2_blend_w0p0300_l4p0,label_blend,0.03,4.0,0.6594596315787931,-0.0018009268004398615,0.17910905636615124,"{1: 125, 2: 63, 3: 55, 4: 34, 5: 21}","{1: 139, 2: 65, 3: 44, 4: 28, 5: 22}",75,33,42,-0.12,1,7,14,20,"1.916166,2.534556,3.254268,4.083100"
step25_llm_zeroshot_v2_blend_w0p0300_l1p0,label_blend,0.03,1.0,0.6594541460502944,-0.0018064123289385225,0.17239764697017806,"{1: 125, 2: 61, 3: 56, 4: 36, 5: 20}","{1: 138, 2: 66, 3: 42, 4: 30, 5: 22}",70,30,40,-0.14285714285714285,1,5,12,17,"1.912584,2.529908,3.234820,4.089503"
step25_pairwise_e5_blend_w0p0100_l4p0,label_blend,0.01,4.0,0.6594124466326511,-0.0018481117465818375,0.18582046576212438,"{1: 126, 2: 63, 3: 52, 4: 35, 5: 22}","{1: 139, 2: 66, 3: 40, 4: 31, 5: 22}",56,25,31,-0.10714285714285714,0,11,9,14,"1.914302,2.544467,3.254806,4.099641"
step25_pairwise_e5_resid_w0p0100_l4p0,residual_blend,0.01,4.0,0.6594124466326511,-0.0018481117465818375,0.18582046576212438,"{1: 126, 2: 63, 3: 52, 4: 35, 5: 22}","{1: 139, 2: 66, 3: 40, 4: 31, 5: 22}",56,25,31,-0.10714285714285714,0,11,9,14,"1.914302,2.544467,3.254806,4.099641"
step25_pairwise_e5_blend_w0p0075_l2p0,label_blend,0.0075,2.0,0.6594022534327447,-0.0018583049464881984,0.1723976469701781,"{1: 126, 2: 60, 3: 55, 4: 35, 5: 22}","{1: 139, 2: 65, 3: 40, 4: 31, 5: 23}",51,24,27,-0.058823529411764705,0,9,6,11,"1.913026,2.532636,3.251418,4.087991"
step25_pairwise_e5_resid_w0p0075_l2p0,residual_blend,0.0075,2.0,0.6594022534327447,-0.0018583049464881984,0.1723976469701781,"{1: 126, 2: 60, 3: 55, 4: 35, 5: 22}","{1: 139, 2: 65, 3: 40, 4: 31, 5: 23}",51,24,27,-0.058823529411764705,0,9,6,11,"1.913026,2.532636,3.251418,4.087991"
step25_pairwise_e5_blend_w0p0150_l1p0,label_blend,0.015,1.0,0.6593976981534522,-0.0018628602257807492,0.1858204657621244,"{1: 126, 2: 63, 3: 52, 4: 35, 5: 22}","{1: 138, 2: 67, 3: 40, 4: 31, 5: 22}",51,23,28,-0.09803921568627451,0,8,9,13,"1.912757,2.542841,3.255824,4.096402"
step25_pairwise_e5_resid_w0p0150_l1p0,residual_blend,0.015,1.0,0.6593976981534522,-0.0018628602257807492,0.1858204657621244,"{1: 126, 2: 63, 3: 52, 4: 35, 5: 22}","{1: 138, 2: 67, 3: 40, 4: 31, 5: 22}",51,23,28,-0.09803921568627451,0,8,9,13,"1.912757,2.542841,3.255824,4.096402"
step25_llm_zeroshot_v2_blend_w0p0300_l2p0,label_blend,0.03,2.0,0.6593966205670581,-0.001863937812174865,0.17575335166816466,"{1: 125, 2: 62, 3: 56, 4: 34, 5: 21}","{1: 138, 2: 66, 3: 43, 4: 29, 5: 22}",74,32,42,-0.13513513513513514,1,5,13,18,"1.912846,2.531817,3.246205,4.079608"
step25_pairwise_specter2_blend_w0p0150_l4p0,label_blend,0.015,4.0,0.6593782586163629,-0.001882299762870021,0.17239764697017806,"{1: 124, 2: 62, 3: 55, 4: 35, 5: 22}","{1: 138, 2: 66, 3: 40, 4: 31, 5: 23}",48,22,26,-0.08333333333333333,0,10,4,10,"1.910401,2.538233,3.249568,4.094737"
step25_pairwise_specter2_resid_w0p0150_l4p0,residual_blend,0.015,4.0,0.6593782586163629,-0.001882299762870021,0.17239764697017806,"{1: 124, 2: 62, 3: 55, 4: 35, 5: 22}","{1: 138, 2: 66, 3: 40, 4: 31, 5: 23}",48,22,26,-0.08333333333333333,0,10,4,10,"1.910401,2.538233,3.249568,4.094737"
step25_modernbert_best_blend_w0p0050_l1p0,label_blend,0.005,1.0,0.6593756727555656,-0.0018848856236672873,0.17575335166816466,"{1: 126, 2: 61, 3: 54, 4: 35, 5: 22}","{1: 139, 2: 65, 3: 40, 4: 32, 5: 22}",60,28,32,-0.06666666666666667,0,13,7,12,"1.912689,2.537860,3.254216,4.117431"
step25_modernbert_best_resid_w0p0050_l1p0,residual_blend,0.005,1.0,0.6593756727555656,-0.0018848856236672873,0.17575335166816466,"{1: 126, 2: 61, 3: 54, 4: 35, 5: 22}","{1: 139, 2: 65, 3: 40, 4: 32, 5: 22}",60,28,32,-0.06666666666666667,0,13,7,12,"1.912689,2.537860,3.254216,4.117431"
step25_modernbert_second_blend_w0p0050_l1p0,label_blend,0.005,1.0,0.6593756727555656,-0.0018848856236672873,0.17575335166816466,"{1: 126, 2: 61, 3: 54, 4: 35, 5: 22}","{1: 139, 2: 65, 3: 40, 4: 32, 5: 22}",60,28,32,-0.06666666666666667,0,13,7,12,"1.912689,2.537860,3.254216,4.117431"
step25_modernbert_second_resid_w0p0050_l1p0,residual_blend,0.005,1.0,0.6593756727555656,-0.0018848856236672873,0.17575335166816466,"{1: 126, 2: 61, 3: 54, 4: 35, 5: 22}","{1: 139, 2: 65, 3: 40, 4: 32, 5: 22}",60,28,32,-0.06666666666666667,0,13,7,12,"1.912689,2.537860,3.254216,4.117431"
step25_pairwise_e5_blend_w0p0150_l2p0,label_blend,0.015,2.0,0.6593699492395828,-0.0018906091396501123,0.18582046576212438,"{1: 126, 2: 63, 3: 52, 4: 35, 5: 22}","{1: 139, 2: 66, 3: 40, 4: 31, 5: 22}",57,26,31,-0.08771929824561403,0,11,9,14,"1.915289,2.542377,3.255301,4.106157"
step25_pairwise_e5_resid_w0p0150_l2p0,residual_blend,0.015,2.0,0.6593699492395828,-0.0018906091396501123,0.18582046576212438,"{1: 126, 2: 63, 3: 52, 4: 35, 5: 22}","{1: 139, 2: 66, 3: 40, 4: 31, 5: 22}",57,26,31,-0.08771929824561403,0,11,9,14,"1.915289,2.542377,3.255301,4.106157"
step25_openalex_anchor_blend_w0p0050_l4p0,label_blend,0.005,4.0,0.6593653704591634,-0.0018951879200694854,0.18246476106413786,"{1: 126, 2: 62, 3: 53, 4: 35, 5: 22}","{1: 138, 2: 67, 3: 41, 4: 29, 5: 23}",57,26,31,-0.08771929824561403,0,9,8,13,"1.913536,2.540454,3.254092,4.095761"
step25_openalex_anchor_resid_w0p0050_l4p0,residual_blend,0.005,4.0,0.6593653704591634,-0.0018951879200694854,0.18246476106413786,"{1: 126, 2: 62, 3: 53, 4: 35, 5: 22}","{1: 138, 2: 67, 3: 41, 4: 29, 5: 23}",57,26,31,-0.08771929824561403,0,9,8,13,"1.913536,2.540454,3.254092,4.095761"
step25_deberta_v3_blend_w0p0050_l4p0,label_blend,0.005,4.0,0.6593643415643494,-0.0018962168148835001,0.18246476106413786,"{1: 125, 2: 63, 3: 53, 4: 35, 5: 22}","{1: 139, 2: 66, 3: 40, 4: 30, 5: 23}",52,23,29,-0.11538461538461539,0,8,7,13,"1.912810,2.542162,3.251807,4.087747"
step25_deberta_v3_resid_w0p0050_l4p0,residual_blend,0.005,4.0,0.6593643415643494,-0.0018962168148835001,0.18246476106413786,"{1: 125, 2: 63, 3: 53, 4: 35, 5: 22}","{1: 139, 2: 66, 3: 40, 4: 30, 5: 23}",52,23,29,-0.11538461538461539,0,8,7,13,"1.912810,2.542162,3.251807,4.087747"
step25_specter2_finetune_blend_w0p0300_l0p5,label_blend,0.03,0.5,0.6593586594428913,-0.0019018989363416283,0.18917617046011098,"{1: 125, 2: 65, 3: 51, 4: 35, 5: 22}","{1: 138, 2: 67, 3: 38, 4: 32, 5: 23}",57,24,33,-0.15789473684210525,0,10,9,12,"1.910913,2.550940,3.240123,4.086987"
step25_pairwise_specter2_blend_w0p0100_l1p0,label_blend,0.01,1.0,0.6593367282645444,-0.0019238301146885517,0.17239764697017812,"{1: 125, 2: 61, 3: 55, 4: 35, 5: 22}","{1: 139, 2: 65, 3: 40, 4: 32, 5: 22}",54,25,29,-0.07407407407407407,0,12,5,12,"1.911790,2.537888,3.252645,4.114634"
step25_pairwise_specter2_resid_w0p0100_l1p0,residual_blend,0.01,1.0,0.6593367282645444,-0.0019238301146885517,0.17239764697017812,"{1: 125, 2: 61, 3: 55, 4: 35, 5: 22}","{1: 139, 2: 65, 3: 40, 4: 32, 5: 22}",54,25,29,-0.07407407407407407,0,12,5,12,"1.911790,2.537888,3.252645,4.114634"
step25_llm_zeroshot_blend_w0p0100_l1p0,label_blend,0.01,1.0,0.6593218830559173,-0.0019386753233155973,0.1757533516681647,"{1: 126, 2: 60, 3: 55, 4: 35, 5: 22}","{1: 138, 2: 67, 3: 38, 4: 33, 5: 22}",53,24,29,-0.09433962264150944,0,7,6,11,"1.912672,2.534043,3.240793,4.105560"
step25_llm_zeroshot_resid_w0p0100_l1p0,residual_blend,0.01,1.0,0.6593218830559173,-0.0019386753233155973,0.1757533516681647,"{1: 126, 2: 60, 3: 55, 4: 35, 5: 22}","{1: 138, 2: 67, 3: 38, 4: 33, 5: 22}",53,24,29,-0.09433962264150944,0,7,6,11,"1.912672,2.534043,3.240793,4.105560"
step25_specter2_finetune_blend_w0p0200_l1p0,label_blend,0.02,1.0,0.6593218830559173,-0.0019386753233155973,0.17910905636615126,"{1: 125, 2: 63, 3: 53, 4: 35, 5: 22}","{1: 138, 2: 66, 3: 42, 4: 30, 5: 22}",53,24,29,-0.09433962264150944,0,11,7,13,"1.910617,2.537852,3.254635,4.108082"
step25_specter2_finetune_resid_w0p0200_l1p0,residual_blend,0.02,1.0,0.6593218830559173,-0.0019386753233155973,0.17910905636615126,"{1: 125, 2: 63, 3: 53, 4: 35, 5: 22}","{1: 138, 2: 66, 3: 42, 4: 30, 5: 22}",53,24,29,-0.09433962264150944,0,11,7,13,"1.910617,2.537852,3.254635,4.108082"
step25_deberta_v3_blend_w0p0075_l1p0,label_blend,0.0075,1.0,0.6592968966986343,-0.001963661680598583,0.17239764697017815,"{1: 125, 2: 61, 3: 55, 4: 35, 5: 22}","{1: 139, 2: 65, 3: 41, 4: 30, 5: 23}",43,19,24,-0.11627906976744186,0,8,5,12,"1.908969,2.532949,3.244126,4.092241"
step25_deberta_v3_resid_w0p0075_l1p0,residual_blend,0.0075,1.0,0.6592968966986343,-0.001963661680598583,0.17239764697017815,"{1: 125, 2: 61, 3: 55, 4: 35, 5: 22}","{1: 139, 2: 65, 3: 41, 4: 30, 5: 23}",43,19,24,-0.11627906976744186,0,8,5,12,"1.908969,2.532949,3.244126,4.092241"
step25_modernbert_best_blend_w0p0100_l2p0,label_blend,0.01,2.0,0.6592959657258103,-0.0019645926534226366,0.1757533516681647,"{1: 125, 2: 62, 3: 54, 4: 35, 5: 22}","{1: 139, 2: 65, 3: 39, 4: 32, 5: 23}",48,19,29,-0.20833333333333334,0,8,6,10,"1.910847,2.536747,3.241079,4.077534"
step25_modernbert_best_resid_w0p0100_l2p0,residual_blend,0.01,2.0,0.6592959657258103,-0.0019645926534226366,0.1757533516681647,"{1: 125, 2: 62, 3: 54, 4: 35, 5: 22}","{1: 139, 2: 65, 3: 39, 4: 32, 5: 23}",48,19,29,-0.20833333333333334,0,8,6,10,"1.910847,2.536747,3.241079,4.077534"
step25_modernbert_second_blend_w0p0100_l2p0,label_blend,0.01,2.0,0.6592959657258103,-0.0019645926534226366,0.1757533516681647,"{1: 125, 2: 62, 3: 54, 4: 35, 5: 22}","{1: 139, 2: 65, 3: 39, 4: 32, 5: 23}",48,19,29,-0.20833333333333334,0,8,6,10,"1.910847,2.536747,3.241079,4.077534"
step25_modernbert_second_resid_w0p0100_l2p0,residual_blend,0.01,2.0,0.6592959657258103,-0.0019645926534226366,0.1757533516681647,"{1: 125, 2: 62, 3: 54, 4: 35, 5: 22}","{1: 139, 2: 65, 3: 39, 4: 32, 5: 23}",48,19,29,-0.20833333333333334,0,8,6,10,"1.910847,2.536747,3.241079,4.077534"
step25_pairwise_e5_blend_w0p0075_l1p0,label_blend,0.0075,1.0,0.6592876453445817,-0.0019729130346511914,0.17239764697017806,"{1: 125, 2: 61, 3: 55, 4: 35, 5: 22}","{1: 137, 2: 67, 3: 40, 4: 31, 5: 23}",43,19,24,-0.11627906976744186,0,8,5,9,"1.907668,2.532631,3.251327,4.091780"
step25_pairwise_e5_resid_w0p0075_l1p0,residual_blend,0.0075,1.0,0.6592876453445817,-0.0019729130346511914,0.17239764697017806,"{1: 125, 2: 61, 3: 55, 4: 35, 5: 22}","{1: 137, 2: 67, 3: 40, 4: 31, 5: 23}",43,19,24,-0.11627906976744186,0,8,5,9,"1.907668,2.532631,3.251327,4.091780"
step25_deberta_v3_blend_w0p0300_l1p0,label_blend,0.03,1.0,0.6592866717473067,-0.001973886631926214,0.18917617046011098,"{1: 125, 2: 66, 3: 51, 4: 34, 5: 22}","{1: 143, 2: 61, 3: 42, 4: 30, 5: 22}",75,33,42,-0.12,0,11,13,18,"1.918140,2.553915,3.263041,4.100034"
step25_modernbert_best_blend_w0p0150_l0p5,label_blend,0.015,0.5,0.659265444263911,-0.0019951141153219387,0.1824647610641378,"{1: 126, 2: 62, 3: 53, 4: 35, 5: 22}","{1: 139, 2: 66, 3: 40, 4: 30, 5: 23}",58,27,31,-0.06896551724137931,0,13,8,13,"1.914907,2.542387,3.254403,4.089177"
step25_modernbert_best_resid_w0p0150_l0p5,residual_blend,0.015,0.5,0.659265444263911,-0.0019951141153219387,0.1824647610641378,"{1: 126, 2: 62, 3: 53, 4: 35, 5: 22}","{1: 139, 2: 66, 3: 40, 4: 30, 5: 23}",58,27,31,-0.06896551724137931,0,13,8,13,"1.914907,2.542387,3.254403,4.089177"
step25_modernbert_second_blend_w0p0150_l0p5,label_blend,0.015,0.5,0.659265444263911,-0.0019951141153219387,0.1824647610641378,"{1: 126, 2: 62, 3: 53, 4: 35, 5: 22}","{1: 139, 2: 66, 3: 40, 4: 30, 5: 23}",58,27,31,-0.06896551724137931,0,13,8,13,"1.914907,2.542387,3.254403,4.089177"
step25_modernbert_second_resid_w0p0150_l0p5,residual_blend,0.015,0.5,0.659265444263911,-0.0019951141153219387,0.1824647610641378,"{1: 126, 2: 62, 3: 53, 4: 35, 5: 22}","{1: 139, 2: 66, 3: 40, 4: 30, 5: 23}",58,27,31,-0.06896551724137931,0,13,8,13,"1.914907,2.542387,3.254403,4.089177"
step25_reference_retuned_l4p0,reference,0.0,4.0,0.6592645386113754,-0.001996019767857571,0.17575335166816466,"{1: 126, 2: 61, 3: 54, 4: 35, 5: 22}","{1: 139, 2: 65, 3: 40, 4: 31, 5: 23}",51,23,28,-0.09803921568627451,0,8,7,11,"1.913118,2.537429,3.247843,4.091386"
step25_modernbert_best_blend_w0p0100_l4p0,label_blend,0.01,4.0,0.6592645386113754,-0.001996019767857571,0.17910905636615124,"{1: 126, 2: 61, 3: 54, 4: 35, 5: 22}","{1: 139, 2: 66, 3: 39, 4: 31, 5: 23}",51,23,28,-0.09803921568627451,0,8,7,12,"1.912793,2.540976,3.247425,4.091216"
step25_modernbert_best_blend_w0p0200_l4p0,label_blend,0.02,4.0,0.6592645386113754,-0.001996019767857571,0.17910905636615124,"{1: 126, 2: 61, 3: 54, 4: 35, 5: 22}","{1: 139, 2: 66, 3: 39, 4: 31, 5: 23}",51,23,28,-0.09803921568627451,0,8,7,12,"1.913326,2.539798,3.247550,4.094584"
step25_modernbert_best_resid_w0p0100_l4p0,residual_blend,0.01,4.0,0.6592645386113754,-0.001996019767857571,0.17910905636615124,"{1: 126, 2: 61, 3: 54, 4: 35, 5: 22}","{1: 139, 2: 66, 3: 39, 4: 31, 5: 23}",51,23,28,-0.09803921568627451,0,8,7,12,"1.912793,2.540976,3.247425,4.091216"
step25_modernbert_best_resid_w0p0200_l4p0,residual_blend,0.02,4.0,0.6592645386113754,-0.001996019767857571,0.17910905636615124,"{1: 126, 2: 61, 3: 54, 4: 35, 5: 22}","{1: 139, 2: 66, 3: 39, 4: 31, 5: 23}",51,23,28,-0.09803921568627451,0,8,7,12,"1.913326,2.539798,3.247550,4.094584"
step25_modernbert_second_blend_w0p0100_l4p0,label_blend,0.01,4.0,0.6592645386113754,-0.001996019767857571,0.17910905636615124,"{1: 126, 2: 61, 3: 54, 4: 35, 5: 22}","{1: 139, 2: 66, 3: 39, 4: 31, 5: 23}",51,23,28,-0.09803921568627451,0,8,7,12,"1.912793,2.540976,3.247425,4.091216"
step25_modernbert_second_blend_w0p0200_l4p0,label_blend,0.02,4.0,0.6592645386113754,-0.001996019767857571,0.17910905636615124,"{1: 126, 2: 61, 3: 54, 4: 35, 5: 22}","{1: 139, 2: 66, 3: 39, 4: 31, 5: 23}",51,23,28,-0.09803921568627451,0,8,7,12,"1.913326,2.539798,3.247550,4.094584"
step25_modernbert_second_resid_w0p0100_l4p0,residual_blend,0.01,4.0,0.6592645386113754,-0.001996019767857571,0.17910905636615124,"{1: 126, 2: 61, 3: 54, 4: 35, 5: 22}","{1: 139, 2: 66, 3: 39, 4: 31, 5: 23}",51,23,28,-0.09803921568627451,0,8,7,12,"1.912793,2.540976,3.247425,4.091216"
step25_modernbert_second_resid_w0p0200_l4p0,residual_blend,0.02,4.0,0.6592645386113754,-0.001996019767857571,0.17910905636615124,"{1: 126, 2: 61, 3: 54, 4: 35, 5: 22}","{1: 139, 2: 66, 3: 39, 4: 31, 5: 23}",51,23,28,-0.09803921568627451,0,8,7,12,"1.913326,2.539798,3.247550,4.094584"
step25_openalex_anchor_blend_w0p0025_l1p0,label_blend,0.0025,1.0,0.6592617081146307,-0.0019988502646022255,0.18582046576212438,"{1: 126, 2: 63, 3: 52, 4: 35, 5: 22}","{1: 139, 2: 66, 3: 40, 4: 31, 5: 22}",65,30,35,-0.07692307692307693,0,10,9,14,"1.916602,2.546512,3.254498,4.110114"
step25_openalex_anchor_resid_w0p0025_l1p0,residual_blend,0.0025,1.0,0.6592617081146307,-0.0019988502646022255,0.18582046576212438,"{1: 126, 2: 63, 3: 52, 4: 35, 5: 22}","{1: 139, 2: 66, 3: 40, 4: 31, 5: 22}",65,30,35,-0.07692307692307693,0,10,9,14,"1.916602,2.546512,3.254498,4.110114"
step25_llm_zeroshot_blend_w0p0200_l1p0,label_blend,0.02,1.0,0.6592616738145868,-0.0019988845646461417,0.18246476106413786,"{1: 126, 2: 62, 3: 55, 4: 33, 5: 22}","{1: 138, 2: 67, 3: 42, 4: 28, 5: 23}",71,31,40,-0.1267605633802817,0,6,10,16,"1.913718,2.547686,3.254095,4.090495"
step25_llm_zeroshot_resid_w0p0200_l1p0,residual_blend,0.02,1.0,0.6592616738145868,-0.0019988845646461417,0.18246476106413786,"{1: 126, 2: 62, 3: 55, 4: 33, 5: 22}","{1: 138, 2: 67, 3: 42, 4: 28, 5: 23}",71,31,40,-0.1267605633802817,0,6,10,16,"1.913718,2.547686,3.254095,4.090495"
step25_scibert_finetune_blend_w0p0300_l2p0,label_blend,0.03,2.0,0.6592608027548676,-0.0019997556243652737,0.18917617046011098,"{1: 125, 2: 65, 3: 52, 4: 34, 5: 22}","{1: 138, 2: 67, 3: 40, 4: 31, 5: 22}",58,26,32,-0.10344827586206896,0,11,12,13,"1.913518,2.543268,3.256321,4.099976"
step25_reference_retuned_l1p0,reference,0.0,1.0,0.6592579649983934,-0.0020025933808395235,0.18917617046011098,"{1: 126, 2: 64, 3: 51, 4: 35, 5: 22}","{1: 140, 2: 65, 3: 41, 4: 30, 5: 22}",72,33,39,-0.08333333333333333,0,15,10,16,"1.916589,2.549673,3.259179,4.117900"
step25_modernbert_best_blend_w0p0025_l1p0,label_blend,0.0025,1.0,0.6592579649983934,-0.0020025933808395235,0.18917617046011098,"{1: 126, 2: 64, 3: 51, 4: 35, 5: 22}","{1: 140, 2: 65, 3: 41, 4: 30, 5: 22}",72,33,39,-0.08333333333333333,0,15,10,16,"1.916589,2.549673,3.259179,4.117900"
step25_modernbert_best_resid_w0p0025_l1p0,residual_blend,0.0025,1.0,0.6592579649983934,-0.0020025933808395235,0.18917617046011098,"{1: 126, 2: 64, 3: 51, 4: 35, 5: 22}","{1: 140, 2: 65, 3: 41, 4: 30, 5: 22}",72,33,39,-0.08333333333333333,0,15,10,16,"1.916589,2.549673,3.259179,4.117900"
step25_modernbert_second_blend_w0p0025_l1p0,label_blend,0.0025,1.0,0.6592579649983934,-0.0020025933808395235,0.18917617046011098,"{1: 126, 2: 64, 3: 51, 4: 35, 5: 22}","{1: 140, 2: 65, 3: 41, 4: 30, 5: 22}",72,33,39,-0.08333333333333333,0,15,10,16,"1.916589,2.549673,3.259179,4.117900"
step25_modernbert_second_resid_w0p0025_l1p0,residual_blend,0.0025,1.0,0.6592579649983934,-0.0020025933808395235,0.18917617046011098,"{1: 126, 2: 64, 3: 51, 4: 35, 5: 22}","{1: 140, 2: 65, 3: 41, 4: 30, 5: 22}",72,33,39,-0.08333333333333333,0,15,10,16,"1.916589,2.549673,3.259179,4.117900"
step25_pairwise_specter2_blend_w0p0300_l1p0,label_blend,0.03,1.0,0.6592570599340692,-0.002003498445163676,0.17575335166816464,"{1: 124, 2: 63, 3: 55, 4: 34, 5: 22}","{1: 138, 2: 66, 3: 41, 4: 31, 5: 22}",65,30,35,-0.07692307692307693,0,14,6,12,"1.911852,2.547118,3.260427,4.108839"
step25_llm_zeroshot_v2_blend_w0p0075_l0p5,label_blend,0.0075,0.5,0.6592561554205367,-0.0020044029586961942,0.18246476106413784,"{1: 126, 2: 62, 3: 53, 4: 35, 5: 22}","{1: 138, 2: 67, 3: 41, 4: 30, 5: 22}",58,26,32,-0.10344827586206896,0,8,8,14,"1.911915,2.543930,3.252815,4.100307"
step25_llm_zeroshot_v2_resid_w0p0075_l0p5,residual_blend,0.0075,0.5,0.6592561554205367,-0.0020044029586961942,0.18246476106413784,"{1: 126, 2: 62, 3: 53, 4: 35, 5: 22}","{1: 138, 2: 67, 3: 41, 4: 30, 5: 22}",58,26,32,-0.10344827586206896,0,8,8,14,"1.911915,2.543930,3.252815,4.100307"
step25_specter2_finetune_blend_w0p0075_l1p0,label_blend,0.0075,1.0,0.6592414546412011,-0.0020191037380318244,0.18582046576212438,"{1: 126, 2: 63, 3: 52, 4: 35, 5: 22}","{1: 139, 2: 66, 3: 39, 4: 31, 5: 23}",57,25,32,-0.12280701754385964,0,9,9,12,"1.914559,2.547582,3.249177,4.090350"
step25_specter2_finetune_resid_w0p0075_l1p0,residual_blend,0.0075,1.0,0.6592414546412011,-0.0020191037380318244,0.18582046576212438,"{1: 126, 2: 63, 3: 52, 4: 35, 5: 22}","{1: 139, 2: 66, 3: 39, 4: 31, 5: 23}",57,25,32,-0.12280701754385964,0,9,9,12,"1.914559,2.547582,3.249177,4.090350"
step25_specter2_finetune_blend_w0p0075_l4p0,label_blend,0.0075,4.0,0.659212747880884,-0.002047810498348901,0.1858204657621244,"{1: 125, 2: 64, 3: 52, 4: 35, 5: 22}","{1: 139, 2: 66, 3: 39, 4: 31, 5: 23}",54,25,29,-0.07407407407407407,0,11,8,12,"1.912043,2.545230,3.251944,4.092530"
step25_specter2_finetune_resid_w0p0075_l4p0,residual_blend,0.0075,4.0,0.659212747880884,-0.002047810498348901,0.1858204657621244,"{1: 125, 2: 64, 3: 52, 4: 35, 5: 22}","{1: 139, 2: 66, 3: 39, 4: 31, 5: 23}",54,25,29,-0.07407407407407407,0,11,8,12,"1.912043,2.545230,3.251944,4.092530"
step25_pairwise_e5_blend_w0p0050_l4p0,label_blend,0.005,4.0,0.6592026102197817,-0.0020579481594512616,0.1757533516681647,"{1: 125, 2: 62, 3: 54, 4: 35, 5: 22}","{1: 139, 2: 65, 3: 40, 4: 31, 5: 23}",49,22,27,-0.10204081632653061,0,9,6,11,"1.910752,2.537380,3.249239,4.094601"
step25_pairwise_e5_resid_w0p0050_l4p0,residual_blend,0.005,4.0,0.6592026102197817,-0.0020579481594512616,0.1757533516681647,"{1: 125, 2: 62, 3: 54, 4: 35, 5: 22}","{1: 139, 2: 65, 3: 40, 4: 31, 5: 23}",49,22,27,-0.10204081632653061,0,9,6,11,"1.910752,2.537380,3.249239,4.094601"
step25_pairwise_specter2_blend_w0p0075_l2p0,label_blend,0.0075,2.0,0.6591942460436984,-0.002066312335534559,0.17910905636615124,"{1: 126, 2: 61, 3: 54, 4: 35, 5: 22}","{1: 139, 2: 66, 3: 39, 4: 32, 5: 22}",58,27,31,-0.06896551724137931,0,12,7,13,"1.914508,2.542622,3.253378,4.101128"
step25_pairwise_specter2_resid_w0p0075_l2p0,residual_blend,0.0075,2.0,0.6591942460436984,-0.002066312335534559,0.17910905636615124,"{1: 126, 2: 61, 3: 54, 4: 35, 5: 22}","{1: 139, 2: 66, 3: 39, 4: 32, 5: 22}",58,27,31,-0.06896551724137931,0,12,7,13,"1.914508,2.542622,3.253378,4.101128"
step25_specter2_finetune_blend_w0p0025_l2p0,label_blend,0.0025,2.0,0.6591832320690347,-0.002077326310198191,0.1757533516681647,"{1: 125, 2: 62, 3: 54, 4: 35, 5: 22}","{1: 139, 2: 65, 3: 40, 4: 31, 5: 23}",46,20,26,-0.13043478260869565,0,8,6,11,"1.911488,2.536923,3.246494,4.091720"
step25_specter2_finetune_resid_w0p0025_l2p0,residual_blend,0.0025,2.0,0.6591832320690347,-0.002077326310198191,0.1757533516681647,"{1: 125, 2: 62, 3: 54, 4: 35, 5: 22}","{1: 139, 2: 65, 3: 40, 4: 31, 5: 23}",46,20,26,-0.13043478260869565,0,8,6,11,"1.911488,2.536923,3.246494,4.091720"
step25_pairwise_specter2_blend_w0p0100_l2p0,label_blend,0.01,2.0,0.6591656136773987,-0.002094944701834245,0.18246476106413784,"{1: 125, 2: 63, 3: 53, 4: 35, 5: 22}","{1: 139, 2: 66, 3: 39, 4: 31, 5: 23}",57,26,31,-0.08771929824561403,0,11,7,12,"1.913295,2.545620,3.251480,4.089085"
step25_pairwise_specter2_resid_w0p0100_l2p0,residual_blend,0.01,2.0,0.6591656136773987,-0.002094944701834245,0.18246476106413784,"{1: 125, 2: 63, 3: 53, 4: 35, 5: 22}","{1: 139, 2: 66, 3: 39, 4: 31, 5: 23}",57,26,31,-0.08771929824561403,0,11,7,12,"1.913295,2.545620,3.251480,4.089085"
step25_scibert_finetune_blend_w0p0050_l2p0,label_blend,0.005,2.0,0.6591647383661996,-0.0020958200130333227,0.17575335166816466,"{1: 126, 2: 61, 3: 54, 4: 35, 5: 22}","{1: 139, 2: 65, 3: 40, 4: 31, 5: 23}",50,22,28,-0.12,0,9,7,11,"1.912541,2.536312,3.247672,4.091067"
step25_scibert_finetune_resid_w0p0050_l2p0,residual_blend,0.005,2.0,0.6591647383661996,-0.0020958200130333227,0.17575335166816466,"{1: 126, 2: 61, 3: 54, 4: 35, 5: 22}","{1: 139, 2: 65, 3: 40, 4: 31, 5: 23}",50,22,28,-0.12,0,9,7,11,"1.912541,2.536312,3.247672,4.091067"
step25_deberta_v3_blend_w0p0050_l2p0,label_blend,0.005,2.0,0.6591647383661996,-0.0020958200130333227,0.17910905636615126,"{1: 125, 2: 63, 3: 53, 4: 35, 5: 22}","{1: 139, 2: 65, 3: 40, 4: 31, 5: 23}",50,22,28,-0.12,0,8,7,11,"1.912707,2.538419,3.247018,4.094702"
step25_deberta_v3_resid_w0p0050_l2p0,residual_blend,0.005,2.0,0.6591647383661996,-0.0020958200130333227,0.17910905636615126,"{1: 125, 2: 63, 3: 53, 4: 35, 5: 22}","{1: 139, 2: 65, 3: 40, 4: 31, 5: 23}",50,22,28,-0.12,0,8,7,11,"1.912707,2.538419,3.247018,4.094702"
step25_pairwise_specter2_blend_w0p0150_l2p0,label_blend,0.015,2.0,0.6591609096257378,-0.002099648753495109,0.17910905636615124,"{1: 124, 2: 64, 3: 53, 4: 35, 5: 22}","{1: 139, 2: 65, 3: 40, 4: 31, 5: 23}",57,26,31,-0.08771929824561403,0,12,6,11,"1.911874,2.544562,3.255065,4.094487"
step25_pairwise_specter2_resid_w0p0150_l2p0,residual_blend,0.015,2.0,0.6591609096257378,-0.002099648753495109,0.17910905636615124,"{1: 124, 2: 64, 3: 53, 4: 35, 5: 22}","{1: 139, 2: 65, 3: 40, 4: 31, 5: 23}",57,26,31,-0.08771929824561403,0,12,6,11,"1.911874,2.544562,3.255065,4.094487"
step25_pairwise_e5_blend_w0p0075_l4p0,label_blend,0.0075,4.0,0.6591554907621203,-0.0021050676171125993,0.17575335166816466,"{1: 126, 2: 61, 3: 54, 4: 35, 5: 22}","{1: 139, 2: 65, 3: 40, 4: 31, 5: 23}",52,23,29,-0.11538461538461539,0,9,7,11,"1.912998,2.537299,3.250374,4.092847"
step25_pairwise_e5_resid_w0p0075_l4p0,residual_blend,0.0075,4.0,0.6591554907621203,-0.0021050676171125993,0.17575335166816466,"{1: 126, 2: 61, 3: 54, 4: 35, 5: 22}","{1: 139, 2: 65, 3: 40, 4: 31, 5: 23}",52,23,29,-0.11538461538461539,0,9,7,11,"1.912998,2.537299,3.250374,4.092847"
step25_llm_zeroshot_v2_blend_w0p0300_l0p5,label_blend,0.03,0.5,0.6591490399757548,-0.0021115184034781187,0.17239764697017804,"{1: 125, 2: 61, 3: 57, 4: 34, 5: 21}","{1: 137, 2: 67, 3: 44, 4: 28, 5: 22}",64,27,37,-0.15625,1,3,12,18,"1.911362,2.526943,3.248303,4.079497"
step25_deberta_v3_blend_w0p0200_l0p5,label_blend,0.02,0.5,0.6591490399757548,-0.0021115184034781187,0.17575335166816466,"{1: 124, 2: 64, 3: 53, 4: 35, 5: 22}","{1: 139, 2: 64, 3: 42, 4: 30, 5: 23}",44,18,26,-0.18181818181818182,0,7,8,11,"1.910430,2.535277,3.240567,4.086513"
step25_deberta_v3_resid_w0p0200_l0p5,residual_blend,0.02,0.5,0.6591490399757548,-0.0021115184034781187,0.17575335166816466,"{1: 124, 2: 64, 3: 53, 4: 35, 5: 22}","{1: 139, 2: 64, 3: 42, 4: 30, 5: 23}",44,18,26,-0.18181818181818182,0,7,8,11,"1.910430,2.535277,3.240567,4.086513"
step25_reference_retuned_l2p0,reference,0.0,2.0,0.6591453734469344,-0.002115184932298564,0.1757533516681647,"{1: 125, 2: 62, 3: 54, 4: 35, 5: 22}","{1: 139, 2: 65, 3: 40, 4: 31, 5: 23}",47,20,27,-0.14893617021276595,0,8,6,11,"1.911488,2.536923,3.246494,4.091720"
step25_modernbert_best_blend_w0p0025_l2p0,label_blend,0.0025,2.0,0.6591453734469344,-0.002115184932298564,0.1757533516681647,"{1: 125, 2: 62, 3: 54, 4: 35, 5: 22}","{1: 139, 2: 65, 3: 40, 4: 31, 5: 23}",47,20,27,-0.14893617021276595,0,8,6,11,"1.911488,2.536923,3.246494,4.091720"
step25_modernbert_best_blend_w0p0050_l2p0,label_blend,0.005,2.0,0.6591453734469344,-0.002115184932298564,0.1757533516681647,"{1: 125, 2: 62, 3: 54, 4: 35, 5: 22}","{1: 139, 2: 65, 3: 40, 4: 31, 5: 23}",47,20,27,-0.14893617021276595,0,8,6,11,"1.911488,2.536923,3.246494,4.091720"
step25_modernbert_best_blend_w0p0075_l2p0,label_blend,0.0075,2.0,0.6591453734469344,-0.002115184932298564,0.1757533516681647,"{1: 125, 2: 62, 3: 54, 4: 35, 5: 22}","{1: 139, 2: 65, 3: 40, 4: 31, 5: 23}",47,20,27,-0.14893617021276595,0,8,6,11,"1.911488,2.536923,3.246494,4.091720"
step25_modernbert_best_resid_w0p0025_l2p0,residual_blend,0.0025,2.0,0.6591453734469344,-0.002115184932298564,0.1757533516681647,"{1: 125, 2: 62, 3: 54, 4: 35, 5: 22}","{1: 139, 2: 65, 3: 40, 4: 31, 5: 23}",47,20,27,-0.14893617021276595,0,8,6,11,"1.911488,2.536923,3.246494,4.091720"
step25_modernbert_best_resid_w0p0050_l2p0,residual_blend,0.005,2.0,0.6591453734469344,-0.002115184932298564,0.1757533516681647,"{1: 125, 2: 62, 3: 54, 4: 35, 5: 22}","{1: 139, 2: 65, 3: 40, 4: 31, 5: 23}",47,20,27,-0.14893617021276595,0,8,6,11,"1.911488,2.536923,3.246494,4.091720"
step25_modernbert_best_resid_w0p0075_l2p0,residual_blend,0.0075,2.0,0.6591453734469344,-0.002115184932298564,0.1757533516681647,"{1: 125, 2: 62, 3: 54, 4: 35, 5: 22}","{1: 139, 2: 65, 3: 40, 4: 31, 5: 23}",47,20,27,-0.14893617021276595,0,8,6,11,"1.911488,2.536923,3.246494,4.091720"
step25_modernbert_second_blend_w0p0025_l2p0,label_blend,0.0025,2.0,0.6591453734469344,-0.002115184932298564,0.1757533516681647,"{1: 125, 2: 62, 3: 54, 4: 35, 5: 22}","{1: 139, 2: 65, 3: 40, 4: 31, 5: 23}",47,20,27,-0.14893617021276595,0,8,6,11,"1.911488,2.536923,3.246494,4.091720"
step25_modernbert_second_blend_w0p0050_l2p0,label_blend,0.005,2.0,0.6591453734469344,-0.002115184932298564,0.1757533516681647,"{1: 125, 2: 62, 3: 54, 4: 35, 5: 22}","{1: 139, 2: 65, 3: 40, 4: 31, 5: 23}",47,20,27,-0.14893617021276595,0,8,6,11,"1.911488,2.536923,3.246494,4.091720"
step25_modernbert_second_blend_w0p0075_l2p0,label_blend,0.0075,2.0,0.6591453734469344,-0.002115184932298564,0.1757533516681647,"{1: 125, 2: 62, 3: 54, 4: 35, 5: 22}","{1: 139, 2: 65, 3: 40, 4: 31, 5: 23}",47,20,27,-0.14893617021276595,0,8,6,11,"1.911488,2.536923,3.246494,4.091720"
step25_modernbert_second_resid_w0p0025_l2p0,residual_blend,0.0025,2.0,0.6591453734469344,-0.002115184932298564,0.1757533516681647,"{1: 125, 2: 62, 3: 54, 4: 35, 5: 22}","{1: 139, 2: 65, 3: 40, 4: 31, 5: 23}",47,20,27,-0.14893617021276595,0,8,6,11,"1.911488,2.536923,3.246494,4.091720"
step25_modernbert_second_resid_w0p0050_l2p0,residual_blend,0.005,2.0,0.6591453734469344,-0.002115184932298564,0.1757533516681647,"{1: 125, 2: 62, 3: 54, 4: 35, 5: 22}","{1: 139, 2: 65, 3: 40, 4: 31, 5: 23}",47,20,27,-0.14893617021276595,0,8,6,11,"1.911488,2.536923,3.246494,4.091720"
step25_modernbert_second_resid_w0p0075_l2p0,residual_blend,0.0075,2.0,0.6591453734469344,-0.002115184932298564,0.1757533516681647,"{1: 125, 2: 62, 3: 54, 4: 35, 5: 22}","{1: 139, 2: 65, 3: 40, 4: 31, 5: 23}",47,20,27,-0.14893617021276595,0,8,6,11,"1.911488,2.536923,3.246494,4.091720"
step25_modernbert_best_blend_w0p0025_l4p0,label_blend,0.0025,4.0,0.659136127624729,-0.00212443075450397,0.17910905636615126,"{1: 125, 2: 62, 3: 54, 4: 35, 5: 22}","{1: 139, 2: 66, 3: 39, 4: 31, 5: 23}",51,22,29,-0.13725490196078433,0,8,6,12,"1.911663,2.539817,3.247398,4.087316"
step25_modernbert_best_blend_w0p0050_l4p0,label_blend,0.005,4.0,0.659136127624729,-0.00212443075450397,0.17910905636615126,"{1: 125, 2: 62, 3: 54, 4: 35, 5: 22}","{1: 139, 2: 66, 3: 39, 4: 31, 5: 23}",51,22,29,-0.13725490196078433,0,8,6,12,"1.911663,2.539817,3.247398,4.087316"
step25_modernbert_best_resid_w0p0025_l4p0,residual_blend,0.0025,4.0,0.659136127624729,-0.00212443075450397,0.17910905636615126,"{1: 125, 2: 62, 3: 54, 4: 35, 5: 22}","{1: 139, 2: 66, 3: 39, 4: 31, 5: 23}",51,22,29,-0.13725490196078433,0,8,6,12,"1.911663,2.539817,3.247398,4.087316"
step25_modernbert_best_resid_w0p0050_l4p0,residual_blend,0.005,4.0,0.659136127624729,-0.00212443075450397,0.17910905636615126,"{1: 125, 2: 62, 3: 54, 4: 35, 5: 22}","{1: 139, 2: 66, 3: 39, 4: 31, 5: 23}",51,22,29,-0.13725490196078433,0,8,6,12,"1.911663,2.539817,3.247398,4.087316"
step25_modernbert_second_blend_w0p0025_l4p0,label_blend,0.0025,4.0,0.659136127624729,-0.00212443075450397,0.17910905636615126,"{1: 125, 2: 62, 3: 54, 4: 35, 5: 22}","{1: 139, 2: 66, 3: 39, 4: 31, 5: 23}",51,22,29,-0.13725490196078433,0,8,6,12,"1.911663,2.539817,3.247398,4.087316"
step25_modernbert_second_blend_w0p0050_l4p0,label_blend,0.005,4.0,0.659136127624729,-0.00212443075450397,0.17910905636615126,"{1: 125, 2: 62, 3: 54, 4: 35, 5: 22}","{1: 139, 2: 66, 3: 39, 4: 31, 5: 23}",51,22,29,-0.13725490196078433,0,8,6,12,"1.911663,2.539817,3.247398,4.087316"
step25_modernbert_second_resid_w0p0025_l4p0,residual_blend,0.0025,4.0,0.659136127624729,-0.00212443075450397,0.17910905636615126,"{1: 125, 2: 62, 3: 54, 4: 35, 5: 22}","{1: 139, 2: 66, 3: 39, 4: 31, 5: 23}",51,22,29,-0.13725490196078433,0,8,6,12,"1.911663,2.539817,3.247398,4.087316"
step25_modernbert_second_resid_w0p0050_l4p0,residual_blend,0.005,4.0,0.659136127624729,-0.00212443075450397,0.17910905636615126,"{1: 125, 2: 62, 3: 54, 4: 35, 5: 22}","{1: 139, 2: 66, 3: 39, 4: 31, 5: 23}",51,22,29,-0.13725490196078433,0,8,6,12,"1.911663,2.539817,3.247398,4.087316"
step25_pairwise_specter2_blend_w0p0300_l0p5,label_blend,0.03,0.5,0.6591189380327336,-0.00214162034649934,0.17575335166816464,"{1: 124, 2: 63, 3: 54, 4: 35, 5: 22}","{1: 138, 2: 66, 3: 40, 4: 32, 5: 22}",65,29,36,-0.1076923076923077,1,17,5,11,"1.912718,2.540299,3.256098,4.124755"
step25_modernbert_best_blend_w0p0200_l2p0,label_blend,0.02,2.0,0.6591180746678501,-0.0021424837113828143,0.17910905636615126,"{1: 125, 2: 62, 3: 54, 4: 35, 5: 22}","{1: 139, 2: 66, 3: 39, 4: 32, 5: 22}",56,25,31,-0.10714285714285714,0,11,6,13,"1.911188,2.538729,3.249796,4.117216"
step25_modernbert_best_resid_w0p0200_l2p0,residual_blend,0.02,2.0,0.6591180746678501,-0.0021424837113828143,0.17910905636615126,"{1: 125, 2: 62, 3: 54, 4: 35, 5: 22}","{1: 139, 2: 66, 3: 39, 4: 32, 5: 22}",56,25,31,-0.10714285714285714,0,11,6,13,"1.911188,2.538729,3.249796,4.117216"
step25_modernbert_second_blend_w0p0200_l2p0,label_blend,0.02,2.0,0.6591180746678501,-0.0021424837113828143,0.17910905636615126,"{1: 125, 2: 62, 3: 54, 4: 35, 5: 22}","{1: 139, 2: 66, 3: 39, 4: 32, 5: 22}",56,25,31,-0.10714285714285714,0,11,6,13,"1.911188,2.538729,3.249796,4.117216"
step25_modernbert_second_resid_w0p0200_l2p0,residual_blend,0.02,2.0,0.6591180746678501,-0.0021424837113828143,0.17910905636615126,"{1: 125, 2: 62, 3: 54, 4: 35, 5: 22}","{1: 139, 2: 66, 3: 39, 4: 32, 5: 22}",56,25,31,-0.10714285714285714,0,11,6,13,"1.911188,2.538729,3.249796,4.117216"
step25_deberta_v3_blend_w0p0075_l4p0,label_blend,0.0075,4.0,0.6590935417106214,-0.002167016668611521,0.1791090563661513,"{1: 125, 2: 63, 3: 53, 4: 35, 5: 22}","{1: 139, 2: 65, 3: 41, 4: 30, 5: 23}",50,22,28,-0.12,0,8,7,12,"1.912342,2.539982,3.245320,4.092462"
step25_deberta_v3_blend_w0p0100_l4p0,label_blend,0.01,4.0,0.6590935417106214,-0.002167016668611521,0.1791090563661513,"{1: 125, 2: 63, 3: 53, 4: 35, 5: 22}","{1: 139, 2: 65, 3: 41, 4: 30, 5: 23}",50,22,28,-0.12,0,8,7,12,"1.912806,2.541191,3.247680,4.089868"
step25_deberta_v3_resid_w0p0075_l4p0,residual_blend,0.0075,4.0,0.6590935417106214,-0.002167016668611521,0.1791090563661513,"{1: 125, 2: 63, 3: 53, 4: 35, 5: 22}","{1: 139, 2: 65, 3: 41, 4: 30, 5: 23}",50,22,28,-0.12,0,8,7,12,"1.912342,2.539982,3.245320,4.092462"
step25_deberta_v3_resid_w0p0100_l4p0,residual_blend,0.01,4.0,0.6590935417106214,-0.002167016668611521,0.1791090563661513,"{1: 125, 2: 63, 3: 53, 4: 35, 5: 22}","{1: 139, 2: 65, 3: 41, 4: 30, 5: 23}",50,22,28,-0.12,0,8,7,12,"1.912806,2.541191,3.247680,4.089868"
step25_specter2_finetune_blend_w0p0050_l0p5,label_blend,0.005,0.5,0.6590915964896068,-0.00216896188962612,0.189176170460111,"{1: 126, 2: 64, 3: 52, 4: 34, 5: 22}","{1: 140, 2: 65, 3: 41, 4: 29, 5: 23}",73,34,39,-0.0684931506849315,0,14,11,15,"1.918058,2.551208,3.263583,4.096383"
step25_specter2_finetune_resid_w0p0050_l0p5,residual_blend,0.005,0.5,0.6590915964896068,-0.00216896188962612,0.189176170460111,"{1: 126, 2: 64, 3: 52, 4: 34, 5: 22}","{1: 140, 2: 65, 3: 41, 4: 29, 5: 23}",73,34,39,-0.0684931506849315,0,14,11,15,"1.918058,2.551208,3.263583,4.096383"
step25_scibert_finetune_blend_w0p0075_l0p5,label_blend,0.0075,0.5,0.6590908651336733,-0.0021696932455596007,0.18246476106413784,"{1: 126, 2: 62, 3: 54, 4: 34, 5: 22}","{1: 139, 2: 66, 3: 41, 4: 30, 5: 22}",67,32,35,-0.04477611940298507,0,15,9,15,"1.914028,2.543916,3.258977,4.119279"
step25_scibert_finetune_resid_w0p0075_l0p5,residual_blend,0.0075,0.5,0.6590908651336733,-0.0021696932455596007,0.18246476106413784,"{1: 126, 2: 62, 3: 54, 4: 34, 5: 22}","{1: 139, 2: 66, 3: 41, 4: 30, 5: 22}",67,32,35,-0.04477611940298507,0,15,9,15,"1.914028,2.543916,3.258977,4.119279"
step25_llm_zeroshot_blend_w0p0150_l2p0,label_blend,0.015,2.0,0.659090254560226,-0.002170303819006958,0.17910905636615124,"{1: 126, 2: 61, 3: 56, 4: 33, 5: 22}","{1: 138, 2: 67, 3: 42, 4: 28, 5: 23}",64,29,35,-0.09375,0,7,9,16,"1.914133,2.541783,3.252038,4.099132"
step25_llm_zeroshot_resid_w0p0150_l2p0,residual_blend,0.015,2.0,0.659090254560226,-0.002170303819006958,0.17910905636615124,"{1: 126, 2: 61, 3: 56, 4: 33, 5: 22}","{1: 138, 2: 67, 3: 42, 4: 28, 5: 23}",64,29,35,-0.09375,0,7,9,16,"1.914133,2.541783,3.252038,4.099132"
step25_scibert_finetune_blend_w0p0050_l4p0,label_blend,0.005,4.0,0.6590890390152719,-0.002171519363960983,0.1824647610641378,"{1: 126, 2: 62, 3: 53, 4: 35, 5: 22}","{1: 139, 2: 66, 3: 39, 4: 31, 5: 23}",52,23,29,-0.11538461538461539,0,9,8,12,"1.914555,2.540895,3.246506,4.094730"
step25_scibert_finetune_resid_w0p0050_l4p0,residual_blend,0.005,4.0,0.6590890390152719,-0.002171519363960983,0.1824647610641378,"{1: 126, 2: 62, 3: 53, 4: 35, 5: 22}","{1: 139, 2: 66, 3: 39, 4: 31, 5: 23}",52,23,29,-0.11538461538461539,0,9,8,12,"1.914555,2.540895,3.246506,4.094730"
step25_reference_retuned_l0p5,reference,0.0,0.5,0.659085391810265,-0.002175166568967879,0.1824647610641378,"{1: 126, 2: 62, 3: 53, 4: 35, 5: 22}","{1: 139, 2: 66, 3: 39, 4: 31, 5: 23}",61,27,34,-0.11475409836065574,0,12,8,12,"1.916176,2.544011,3.252645,4.093916"
step25_pairwise_specter2_blend_w0p0050_l2p0,label_blend,0.005,2.0,0.659084290242645,-0.002176268136587889,0.17910905636615126,"{1: 125, 2: 62, 3: 54, 4: 35, 5: 22}","{1: 139, 2: 66, 3: 39, 4: 32, 5: 22}",52,23,29,-0.11538461538461539,0,9,6,13,"1.911657,2.541875,3.247885,4.100432"
step25_pairwise_specter2_resid_w0p0050_l2p0,residual_blend,0.005,2.0,0.659084290242645,-0.002176268136587889,0.17910905636615126,"{1: 125, 2: 62, 3: 54, 4: 35, 5: 22}","{1: 139, 2: 66, 3: 39, 4: 32, 5: 22}",52,23,29,-0.11538461538461539,0,9,6,13,"1.911657,2.541875,3.247885,4.100432"
step25_pairwise_e5_blend_w0p0200_l1p0,label_blend,0.02,1.0,0.6590795355143328,-0.002181022864900073,0.1824647610641378,"{1: 126, 2: 62, 3: 53, 4: 35, 5: 22}","{1: 139, 2: 66, 3: 39, 4: 32, 5: 22}",54,24,30,-0.1111111111111111,1,9,8,13,"1.914070,2.540071,3.252904,4.099537"
step25_pairwise_e5_resid_w0p0200_l1p0,residual_blend,0.02,1.0,0.6590795355143328,-0.002181022864900073,0.1824647610641378,"{1: 126, 2: 62, 3: 53, 4: 35, 5: 22}","{1: 139, 2: 66, 3: 39, 4: 32, 5: 22}",54,24,30,-0.1111111111111111,1,9,8,13,"1.914070,2.540071,3.252904,4.099537"
step25_pairwise_e5_blend_w0p0100_l0p5,label_blend,0.01,0.5,0.6590753609182338,-0.0021851974609991,0.17575335166816464,"{1: 125, 2: 62, 3: 55, 4: 34, 5: 22}","{1: 138, 2: 66, 3: 43, 4: 29, 5: 22}",57,27,30,-0.05263157894736842,0,11,7,14,"1.910305,2.537012,3.270251,4.098419"
step25_pairwise_e5_resid_w0p0100_l0p5,residual_blend,0.01,0.5,0.6590753609182338,-0.0021851974609991,0.17575335166816464,"{1: 125, 2: 62, 3: 55, 4: 34, 5: 22}","{1: 138, 2: 66, 3: 43, 4: 29, 5: 22}",57,27,30,-0.05263157894736842,0,11,7,14,"1.910305,2.537012,3.270251,4.098419"
step25_openalex_anchor_blend_w0p0050_l2p0,label_blend,0.005,2.0,0.659070277613247,-0.0021902807659859302,0.18246476106413784,"{1: 126, 2: 62, 3: 53, 4: 35, 5: 22}","{1: 138, 2: 67, 3: 39, 4: 31, 5: 23}",54,23,31,-0.14814814814814814,0,8,8,11,"1.913781,2.540924,3.250447,4.097418"
step25_openalex_anchor_resid_w0p0050_l2p0,residual_blend,0.005,2.0,0.659070277613247,-0.0021902807659859302,0.18246476106413784,"{1: 126, 2: 62, 3: 53, 4: 35, 5: 22}","{1: 138, 2: 67, 3: 39, 4: 31, 5: 23}",54,23,31,-0.14814814814814814,0,8,8,11,"1.913781,2.540924,3.250447,4.097418"
step25_scibert_finetune_blend_w0p0200_l1p0,label_blend,0.02,1.0,0.6590678091603988,-0.002192749218834167,0.17575335166816464,"{1: 126, 2: 61, 3: 56, 4: 34, 5: 21}","{1: 139, 2: 65, 3: 43, 4: 30, 5: 21}",74,35,39,-0.05405405405405406,0,21,10,16,"1.914452,2.534993,3.275602,4.139101"
step25_scibert_finetune_resid_w0p0200_l1p0,residual_blend,0.02,1.0,0.6590678091603988,-0.002192749218834167,0.17575335166816464,"{1: 126, 2: 61, 3: 56, 4: 34, 5: 21}","{1: 139, 2: 65, 3: 43, 4: 30, 5: 21}",74,35,39,-0.05405405405405406,0,21,10,16,"1.914452,2.534993,3.275602,4.139101"
step25_deberta_v3_blend_w0p0025_l1p0,label_blend,0.0025,1.0,0.659066930793428,-0.0021936275858048804,0.18917617046011098,"{1: 126, 2: 64, 3: 52, 4: 34, 5: 22}","{1: 139, 2: 66, 3: 40, 4: 31, 5: 22}",66,30,36,-0.09090909090909091,0,13,11,14,"1.913712,2.549705,3.257845,4.116589"
step25_deberta_v3_resid_w0p0025_l1p0,residual_blend,0.0025,1.0,0.659066930793428,-0.0021936275858048804,0.18917617046011098,"{1: 126, 2: 64, 3: 52, 4: 34, 5: 22}","{1: 139, 2: 66, 3: 40, 4: 31, 5: 22}",66,30,36,-0.09090909090909091,0,13,11,14,"1.913712,2.549705,3.257845,4.116589"
step25_llm_zeroshot_v2_blend_w0p0100_l4p0,label_blend,0.01,4.0,0.6590610192093398,-0.0021995391698931277,0.1791090563661513,"{1: 126, 2: 61, 3: 55, 4: 34, 5: 22}","{1: 138, 2: 67, 3: 41, 4: 29, 5: 23}",58,25,33,-0.13793103448275862,0,7,8,13,"1.912811,2.536659,3.251235,4.087306"
step25_llm_zeroshot_v2_resid_w0p0100_l4p0,residual_blend,0.01,4.0,0.6590610192093398,-0.0021995391698931277,0.1791090563661513,"{1: 126, 2: 61, 3: 55, 4: 34, 5: 22}","{1: 138, 2: 67, 3: 41, 4: 29, 5: 23}",58,25,33,-0.13793103448275862,0,7,8,13,"1.912811,2.536659,3.251235,4.087306"
step25_llm_zeroshot_v2_blend_w0p0100_l2p0,label_blend,0.01,2.0,0.6590562466363504,-0.002204311742882492,0.17910905636615126,"{1: 126, 2: 61, 3: 54, 4: 35, 5: 22}","{1: 138, 2: 67, 3: 41, 4: 30, 5: 22}",58,25,33,-0.13793103448275862,0,7,7,14,"1.912711,2.535266,3.250134,4.098318"
step25_llm_zeroshot_v2_resid_w0p0100_l2p0,residual_blend,0.01,2.0,0.6590562466363504,-0.002204311742882492,0.17910905636615126,"{1: 126, 2: 61, 3: 54, 4: 35, 5: 22}","{1: 138, 2: 67, 3: 41, 4: 30, 5: 22}",58,25,33,-0.13793103448275862,0,7,7,14,"1.912711,2.535266,3.250134,4.098318"
step25_deberta_v3_blend_w0p0075_l2p0,label_blend,0.0075,2.0,0.6590556906423968,-0.002204867736836147,0.1791090563661513,"{1: 125, 2: 63, 3: 53, 4: 35, 5: 22}","{1: 139, 2: 65, 3: 41, 4: 30, 5: 23}",51,22,29,-0.13725490196078433,0,8,7,12,"1.913126,2.542430,3.250247,4.085577"
step25_deberta_v3_resid_w0p0075_l2p0,residual_blend,0.0075,2.0,0.6590556906423968,-0.002204867736836147,0.1791090563661513,"{1: 125, 2: 63, 3: 53, 4: 35, 5: 22}","{1: 139, 2: 65, 3: 41, 4: 30, 5: 23}",51,22,29,-0.13725490196078433,0,8,7,12,"1.913126,2.542430,3.250247,4.085577"
step25_pairwise_e5_blend_w0p0100_l1p0,label_blend,0.01,1.0,0.6590489596699818,-0.002211598709251139,0.18917617046011098,"{1: 126, 2: 64, 3: 51, 4: 35, 5: 22}","{1: 139, 2: 66, 3: 42, 4: 29, 5: 22}",74,35,39,-0.05405405405405406,0,14,10,16,"1.917023,2.550218,3.263123,4.101767"
step25_pairwise_e5_resid_w0p0100_l1p0,residual_blend,0.01,1.0,0.6590489596699818,-0.002211598709251139,0.18917617046011098,"{1: 126, 2: 64, 3: 51, 4: 35, 5: 22}","{1: 139, 2: 66, 3: 42, 4: 29, 5: 22}",74,35,39,-0.05405405405405406,0,14,10,16,"1.917023,2.550218,3.263123,4.101767"
step25_deberta_v3_blend_w0p0100_l2p0,label_blend,0.01,2.0,0.6590464399541192,-0.0022141184251137647,0.18917617046011095,"{1: 125, 2: 65, 3: 52, 4: 34, 5: 22}","{1: 140, 2: 65, 3: 40, 4: 30, 5: 23}",53,23,30,-0.1320754716981132,0,8,10,14,"1.914332,2.545474,3.252801,4.088851"
step25_deberta_v3_resid_w0p0100_l2p0,residual_blend,0.01,2.0,0.6590464399541192,-0.0022141184251137647,0.18917617046011095,"{1: 125, 2: 65, 3: 52, 4: 34, 5: 22}","{1: 140, 2: 65, 3: 40, 4: 30, 5: 23}",53,23,30,-0.1320754716981132,0,8,10,14,"1.914332,2.545474,3.252801,4.088851"
step25_scibert_finetune_blend_w0p0100_l2p0,label_blend,0.01,2.0,0.6590371887638384,-0.002223369615394488,0.1824647610641378,"{1: 126, 2: 62, 3: 53, 4: 35, 5: 22}","{1: 139, 2: 66, 3: 40, 4: 30, 5: 23}",55,24,31,-0.12727272727272726,0,10,8,13,"1.913235,2.544565,3.250054,4.088719"
step25_scibert_finetune_resid_w0p0100_l2p0,residual_blend,0.01,2.0,0.6590371887638384,-0.002223369615394488,0.1824647610641378,"{1: 126, 2: 62, 3: 53, 4: 35, 5: 22}","{1: 139, 2: 66, 3: 40, 4: 30, 5: 23}",55,24,31,-0.12727272727272726,0,10,8,13,"1.913235,2.544565,3.250054,4.088719"
step25_llm_zeroshot_v2_blend_w0p0050_l1p0,label_blend,0.005,1.0,0.6590368789006384,-0.002223679478594476,0.1757533516681647,"{1: 126, 2: 60, 3: 55, 4: 35, 5: 22}","{1: 138, 2: 67, 3: 39, 4: 31, 5: 23}",53,23,30,-0.1320754716981132,0,8,6,11,"1.913093,2.535876,3.247552,4.096262"
step25_llm_zeroshot_v2_resid_w0p0050_l1p0,residual_blend,0.005,1.0,0.6590368789006384,-0.002223679478594476,0.1757533516681647,"{1: 126, 2: 60, 3: 55, 4: 35, 5: 22}","{1: 138, 2: 67, 3: 39, 4: 31, 5: 23}",53,23,30,-0.1320754716981132,0,8,6,11,"1.913093,2.535876,3.247552,4.096262"
step25_llm_zeroshot_v2_blend_w0p0050_l2p0,label_blend,0.005,2.0,0.6590368789006384,-0.002223679478594476,0.17910905636615126,"{1: 126, 2: 61, 3: 54, 4: 35, 5: 22}","{1: 138, 2: 67, 3: 40, 4: 31, 5: 22}",53,23,30,-0.1320754716981132,0,8,7,13,"1.912631,2.537954,3.248742,4.101962"
step25_llm_zeroshot_v2_resid_w0p0050_l2p0,residual_blend,0.005,2.0,0.6590368789006384,-0.002223679478594476,0.17910905636615126,"{1: 126, 2: 61, 3: 54, 4: 35, 5: 22}","{1: 138, 2: 67, 3: 40, 4: 31, 5: 22}",53,23,30,-0.1320754716981132,0,8,7,13,"1.912631,2.537954,3.248742,4.101962"
step25_llm_zeroshot_v2_blend_w0p0200_l0p5,label_blend,0.02,0.5,0.6590366627001649,-0.002223895679068,0.18582046576212444,"{1: 126, 2: 63, 3: 51, 4: 36, 5: 22}","{1: 138, 2: 67, 3: 41, 4: 29, 5: 23}",68,29,39,-0.14705882352941177,0,5,10,15,"1.913276,2.542090,3.240322,4.076755"
step25_llm_zeroshot_v2_resid_w0p0200_l0p5,residual_blend,0.02,0.5,0.6590366627001649,-0.002223895679068,0.18582046576212444,"{1: 126, 2: 63, 3: 51, 4: 36, 5: 22}","{1: 138, 2: 67, 3: 41, 4: 29, 5: 23}",68,29,39,-0.14705882352941177,0,5,10,15,"1.913276,2.542090,3.240322,4.076755"
step25_scibert_finetune_blend_w0p0150_l0p5,label_blend,0.015,0.5,0.6590339721285888,-0.0022265862506440914,0.19253187515809755,"{1: 126, 2: 65, 3: 51, 4: 34, 5: 22}","{1: 139, 2: 66, 3: 42, 4: 29, 5: 22}",70,33,37,-0.05714285714285714,0,16,12,16,"1.912890,2.551508,3.266184,4.126230"
step25_scibert_finetune_resid_w0p0150_l0p5,residual_blend,0.015,0.5,0.6590339721285888,-0.0022265862506440914,0.19253187515809755,"{1: 126, 2: 65, 3: 51, 4: 34, 5: 22}","{1: 139, 2: 66, 3: 42, 4: 29, 5: 22}",70,33,37,-0.05714285714285714,0,16,12,16,"1.912890,2.551508,3.266184,4.126230"
step25_deberta_v3_blend_w0p0025_l2p0,label_blend,0.0025,2.0,0.6590276158428803,-0.0022329425363526445,0.18246476106413784,"{1: 125, 2: 63, 3: 53, 4: 35, 5: 22}","{1: 139, 2: 66, 3: 39, 4: 32, 5: 22}",55,24,31,-0.12727272727272726,0,8,7,13,"1.912354,2.543195,3.248627,4.110997"
step25_deberta_v3_resid_w0p0025_l2p0,residual_blend,0.0025,2.0,0.6590276158428803,-0.0022329425363526445,0.18246476106413784,"{1: 125, 2: 63, 3: 53, 4: 35, 5: 22}","{1: 139, 2: 66, 3: 39, 4: 32, 5: 22}",55,24,31,-0.12727272727272726,0,8,7,13,"1.912354,2.543195,3.248627,4.110997"
step25_scibert_finetune_blend_w0p0100_l4p0,label_blend,0.01,4.0,0.6590231476814316,-0.0022374106978013675,0.1824647610641378,"{1: 126, 2: 62, 3: 53, 4: 35, 5: 22}","{1: 139, 2: 66, 3: 40, 4: 31, 5: 22}",57,25,32,-0.12280701754385964,0,11,8,14,"1.913025,2.540895,3.253737,4.104976"
step25_scibert_finetune_resid_w0p0100_l4p0,residual_blend,0.01,4.0,0.6590231476814316,-0.0022374106978013675,0.1824647610641378,"{1: 126, 2: 62, 3: 53, 4: 35, 5: 22}","{1: 139, 2: 66, 3: 40, 4: 31, 5: 22}",57,25,32,-0.12280701754385964,0,11,8,14,"1.913025,2.540895,3.253737,4.104976"
step25_specter2_finetune_blend_w0p0025_l1p0,label_blend,0.0025,1.0,0.6590185184266488,-0.002242039952584096,0.18246476106413784,"{1: 125, 2: 63, 3: 54, 4: 34, 5: 22}","{1: 139, 2: 66, 3: 41, 4: 30, 5: 22}",60,28,32,-0.06666666666666667,0,14,8,15,"1.911309,2.542641,3.259563,4.119772"
step25_specter2_finetune_resid_w0p0025_l1p0,residual_blend,0.0025,1.0,0.6590185184266488,-0.002242039952584096,0.18246476106413784,"{1: 125, 2: 63, 3: 54, 4: 34, 5: 22}","{1: 139, 2: 66, 3: 41, 4: 30, 5: 22}",60,28,32,-0.06666666666666667,0,14,8,15,"1.911309,2.542641,3.259563,4.119772"
step25_scibert_finetune_blend_w0p0200_l4p0,label_blend,0.02,4.0,0.6590183522818033,-0.0022422060974296443,0.18917617046011098,"{1: 126, 2: 64, 3: 51, 4: 35, 5: 22}","{1: 138, 2: 67, 3: 40, 4: 31, 5: 22}",57,24,33,-0.15789473684210525,0,11,10,13,"1.912660,2.543701,3.251713,4.104302"
step25_scibert_finetune_resid_w0p0200_l4p0,residual_blend,0.02,4.0,0.6590183522818033,-0.0022422060974296443,0.18917617046011098,"{1: 126, 2: 64, 3: 51, 4: 35, 5: 22}","{1: 138, 2: 67, 3: 40, 4: 31, 5: 22}",57,24,33,-0.15789473684210525,0,11,10,13,"1.912660,2.543701,3.251713,4.104302"
step25_llm_zeroshot_v2_blend_w0p0150_l0p5,label_blend,0.015,0.5,0.659014875692931,-0.0022456826863018753,0.1858204657621244,"{1: 126, 2: 63, 3: 54, 4: 35, 5: 20}","{1: 140, 2: 65, 3: 41, 4: 31, 5: 21}",71,30,41,-0.15492957746478872,0,9,13,17,"1.918351,2.545782,3.250948,4.121175"
step25_llm_zeroshot_v2_resid_w0p0150_l0p5,residual_blend,0.015,0.5,0.659014875692931,-0.0022456826863018753,0.1858204657621244,"{1: 126, 2: 63, 3: 54, 4: 35, 5: 20}","{1: 140, 2: 65, 3: 41, 4: 31, 5: 21}",71,30,41,-0.15492957746478872,0,9,13,17,"1.918351,2.545782,3.250948,4.121175"
step25_deberta_v3_blend_w0p0050_l1p0,label_blend,0.005,1.0,0.6590086044460728,-0.0022519539331601335,0.1791090563661513,"{1: 126, 2: 62, 3: 53, 4: 35, 5: 22}","{1: 140, 2: 64, 3: 41, 4: 30, 5: 23}",54,24,30,-0.1111111111111111,0,9,8,13,"1.915380,2.539276,3.252043,4.086773"
step25_deberta_v3_resid_w0p0050_l1p0,residual_blend,0.005,1.0,0.6590086044460728,-0.0022519539331601335,0.1791090563661513,"{1: 126, 2: 62, 3: 53, 4: 35, 5: 22}","{1: 140, 2: 64, 3: 41, 4: 30, 5: 23}",54,24,30,-0.1111111111111111,0,9,8,13,"1.915380,2.539276,3.252043,4.086773"
step25_deberta_v3_blend_w0p0150_l2p0,label_blend,0.015,2.0,0.6590086044460728,-0.0022519539331601335,0.189176170460111,"{1: 124, 2: 67, 3: 51, 4: 34, 5: 22}","{1: 140, 2: 64, 3: 41, 4: 30, 5: 23}",54,23,31,-0.14814814814814814,0,9,12,13,"1.915172,2.546331,3.248148,4.091070"
step25_deberta_v3_resid_w0p0150_l2p0,residual_blend,0.015,2.0,0.6590086044460728,-0.0022519539331601335,0.189176170460111,"{1: 124, 2: 67, 3: 51, 4: 34, 5: 22}","{1: 140, 2: 64, 3: 41, 4: 30, 5: 23}",54,23,31,-0.14814814814814814,0,9,12,13,"1.915172,2.546331,3.248148,4.091070"
step25_specter2_finetune_blend_w0p0050_l4p0,label_blend,0.005,4.0,0.6590042808504375,-0.002256277528795425,0.18246476106413784,"{1: 125, 2: 63, 3: 53, 4: 35, 5: 22}","{1: 139, 2: 66, 3: 40, 4: 31, 5: 22}",59,27,32,-0.0847457627118644,0,11,7,14,"1.911891,2.545679,3.254855,4.113965"
step25_specter2_finetune_resid_w0p0050_l4p0,residual_blend,0.005,4.0,0.6590042808504375,-0.002256277528795425,0.18246476106413784,"{1: 125, 2: 63, 3: 53, 4: 35, 5: 22}","{1: 139, 2: 66, 3: 40, 4: 31, 5: 22}",59,27,32,-0.0847457627118644,0,11,7,14,"1.911891,2.545679,3.254855,4.113965"
step25_modernbert_best_blend_w0p0075_l1p0,label_blend,0.0075,1.0,0.6589933610294634,-0.0022671973497695452,0.17575335166816466,"{1: 125, 2: 62, 3: 54, 4: 35, 5: 22}","{1: 138, 2: 66, 3: 40, 4: 31, 5: 23}",47,21,26,-0.10638297872340426,0,9,6,10,"1.908860,2.534395,3.249232,4.096361"
step25_modernbert_best_blend_w0p0100_l1p0,label_blend,0.01,1.0,0.6589933610294634,-0.0022671973497695452,0.17575335166816466,"{1: 125, 2: 62, 3: 54, 4: 35, 5: 22}","{1: 138, 2: 66, 3: 40, 4: 31, 5: 23}",47,21,26,-0.10638297872340426,0,9,6,10,"1.908860,2.534395,3.249232,4.096361"
step25_modernbert_best_resid_w0p0075_l1p0,residual_blend,0.0075,1.0,0.6589933610294634,-0.0022671973497695452,0.17575335166816466,"{1: 125, 2: 62, 3: 54, 4: 35, 5: 22}","{1: 138, 2: 66, 3: 40, 4: 31, 5: 23}",47,21,26,-0.10638297872340426,0,9,6,10,"1.908860,2.534395,3.249232,4.096361"
step25_modernbert_best_resid_w0p0100_l1p0,residual_blend,0.01,1.0,0.6589933610294634,-0.0022671973497695452,0.17575335166816466,"{1: 125, 2: 62, 3: 54, 4: 35, 5: 22}","{1: 138, 2: 66, 3: 40, 4: 31, 5: 23}",47,21,26,-0.10638297872340426,0,9,6,10,"1.908860,2.534395,3.249232,4.096361"
step25_modernbert_second_blend_w0p0075_l1p0,label_blend,0.0075,1.0,0.6589933610294634,-0.0022671973497695452,0.17575335166816466,"{1: 125, 2: 62, 3: 54, 4: 35, 5: 22}","{1: 138, 2: 66, 3: 40, 4: 31, 5: 23}",47,21,26,-0.10638297872340426,0,9,6,10,"1.908860,2.534395,3.249232,4.096361"
step25_modernbert_second_blend_w0p0100_l1p0,label_blend,0.01,1.0,0.6589933610294634,-0.0022671973497695452,0.17575335166816466,"{1: 125, 2: 62, 3: 54, 4: 35, 5: 22}","{1: 138, 2: 66, 3: 40, 4: 31, 5: 23}",47,21,26,-0.10638297872340426,0,9,6,10,"1.908860,2.534395,3.249232,4.096361"
step25_modernbert_second_resid_w0p0075_l1p0,residual_blend,0.0075,1.0,0.6589933610294634,-0.0022671973497695452,0.17575335166816466,"{1: 125, 2: 62, 3: 54, 4: 35, 5: 22}","{1: 138, 2: 66, 3: 40, 4: 31, 5: 23}",47,21,26,-0.10638297872340426,0,9,6,10,"1.908860,2.534395,3.249232,4.096361"
step25_modernbert_second_resid_w0p0100_l1p0,residual_blend,0.01,1.0,0.6589933610294634,-0.0022671973497695452,0.17575335166816466,"{1: 125, 2: 62, 3: 54, 4: 35, 5: 22}","{1: 138, 2: 66, 3: 40, 4: 31, 5: 23}",47,21,26,-0.10638297872340426,0,9,6,10,"1.908860,2.534395,3.249232,4.096361"
step25_scibert_finetune_blend_w0p0025_l2p0,label_blend,0.0025,2.0,0.6589792721961789,-0.00228128618305401,0.1757533516681647,"{1: 125, 2: 62, 3: 54, 4: 35, 5: 22}","{1: 139, 2: 65, 3: 41, 4: 31, 5: 22}",49,22,27,-0.10204081632653061,0,10,6,13,"1.909764,2.535644,3.251990,4.103572"
step25_scibert_finetune_resid_w0p0025_l2p0,residual_blend,0.0025,2.0,0.6589792721961789,-0.00228128618305401,0.1757533516681647,"{1: 125, 2: 62, 3: 54, 4: 35, 5: 22}","{1: 139, 2: 65, 3: 41, 4: 31, 5: 22}",49,22,27,-0.10204081632653061,0,10,6,13,"1.909764,2.535644,3.251990,4.103572"
step25_scibert_finetune_blend_w0p0025_l0p5,label_blend,0.0025,0.5,0.6589647300207224,-0.002295828358510499,0.1757533516681647,"{1: 125, 2: 62, 3: 54, 4: 35, 5: 22}","{1: 139, 2: 65, 3: 39, 4: 32, 5: 23}",47,18,29,-0.23404255319148937,0,8,6,10,"1.912192,2.536176,3.239683,4.084134"
step25_scibert_finetune_resid_w0p0025_l0p5,residual_blend,0.0025,0.5,0.6589647300207224,-0.002295828358510499,0.1757533516681647,"{1: 125, 2: 62, 3: 54, 4: 35, 5: 22}","{1: 139, 2: 65, 3: 39, 4: 32, 5: 23}",47,18,29,-0.23404255319148937,0,8,6,10,"1.912192,2.536176,3.239683,4.084134"
step25_openalex_anchor_blend_w0p0050_l0p5,label_blend,0.005,0.5,0.6589619456767327,-0.0022986127025002023,0.1858204657621244,"{1: 126, 2: 63, 3: 52, 4: 35, 5: 22}","{1: 138, 2: 67, 3: 39, 4: 32, 5: 22}",62,27,35,-0.12903225806451613,0,8,9,12,"1.916158,2.544757,3.249664,4.109089"
step25_openalex_anchor_resid_w0p0050_l0p5,residual_blend,0.005,0.5,0.6589619456767327,-0.0022986127025002023,0.1858204657621244,"{1: 126, 2: 63, 3: 52, 4: 35, 5: 22}","{1: 138, 2: 67, 3: 39, 4: 32, 5: 22}",62,27,35,-0.12903225806451613,0,8,9,12,"1.916158,2.544757,3.249664,4.109089"
step25_pairwise_specter2_blend_w0p0075_l4p0,label_blend,0.0075,4.0,0.6589611315055631,-0.0022994268736697965,0.1757533516681647,"{1: 125, 2: 62, 3: 54, 4: 35, 5: 22}","{1: 139, 2: 65, 3: 40, 4: 31, 5: 23}",55,25,30,-0.09090909090909091,0,11,6,11,"1.913483,2.541562,3.251088,4.098579"
step25_pairwise_specter2_resid_w0p0075_l4p0,residual_blend,0.0075,4.0,0.6589611315055631,-0.0022994268736697965,0.1757533516681647,"{1: 125, 2: 62, 3: 54, 4: 35, 5: 22}","{1: 139, 2: 65, 3: 40, 4: 31, 5: 23}",55,25,30,-0.09090909090909091,0,11,6,11,"1.913483,2.541562,3.251088,4.098579"
step25_llm_zeroshot_blend_w0p0075_l0p5,label_blend,0.0075,0.5,0.65896032338646,-0.002300234992772876,0.17575335166816466,"{1: 125, 2: 61, 3: 55, 4: 35, 5: 22}","{1: 138, 2: 67, 3: 41, 4: 29, 5: 23}",51,23,28,-0.09803921568627451,0,8,5,13,"1.908446,2.536730,3.251193,4.101178"
step25_llm_zeroshot_resid_w0p0075_l0p5,residual_blend,0.0075,0.5,0.65896032338646,-0.002300234992772876,0.17575335166816466,"{1: 125, 2: 61, 3: 55, 4: 35, 5: 22}","{1: 138, 2: 67, 3: 41, 4: 29, 5: 23}",51,23,28,-0.09803921568627451,0,8,5,13,"1.908446,2.536730,3.251193,4.101178"
step25_deberta_v3_blend_w0p0150_l4p0,label_blend,0.015,4.0,0.6589466399598912,-0.0023139184193416984,0.18582046576212444,"{1: 124, 2: 66, 3: 52, 4: 34, 5: 22}","{1: 140, 2: 64, 3: 41, 4: 30, 5: 23}",52,22,30,-0.15384615384615385,0,9,11,13,"1.914381,2.543096,3.250877,4.086758"
step25_deberta_v3_resid_w0p0150_l4p0,residual_blend,0.015,4.0,0.6589466399598912,-0.0023139184193416984,0.18582046576212444,"{1: 124, 2: 66, 3: 52, 4: 34, 5: 22}","{1: 140, 2: 64, 3: 41, 4: 30, 5: 23}",52,22,30,-0.15384615384615385,0,9,11,13,"1.914381,2.543096,3.250877,4.086758"
step25_specter2_finetune_blend_w0p0100_l4p0,label_blend,0.01,4.0,0.6589325402202311,-0.0023280181590018545,0.18582046576212438,"{1: 125, 2: 64, 3: 52, 4: 35, 5: 22}","{1: 138, 2: 67, 3: 39, 4: 31, 5: 23}",54,24,30,-0.1111111111111111,0,11,8,11,"1.910836,2.546146,3.250581,4.096938"
step25_specter2_finetune_resid_w0p0100_l4p0,residual_blend,0.01,4.0,0.6589325402202311,-0.0023280181590018545,0.18582046576212438,"{1: 125, 2: 64, 3: 52, 4: 35, 5: 22}","{1: 138, 2: 67, 3: 39, 4: 31, 5: 23}",54,24,30,-0.1111111111111111,0,11,8,11,"1.910836,2.546146,3.250581,4.096938"
step25_scibert_finetune_blend_w0p0050_l0p5,label_blend,0.005,0.5,0.6589292973107213,-0.0023312610685116697,0.18917617046011095,"{1: 126, 2: 64, 3: 53, 4: 33, 5: 22}","{1: 139, 2: 66, 3: 42, 4: 28, 5: 23}",72,33,39,-0.08333333333333333,0,15,12,15,"1.913573,2.549275,3.282916,4.084365"
step25_scibert_finetune_resid_w0p0050_l0p5,residual_blend,0.005,0.5,0.6589292973107213,-0.0023312610685116697,0.18917617046011095,"{1: 126, 2: 64, 3: 53, 4: 33, 5: 22}","{1: 139, 2: 66, 3: 42, 4: 28, 5: 23}",72,33,39,-0.08333333333333333,0,15,12,15,"1.913573,2.549275,3.282916,4.084365"
step25_llm_zeroshot_blend_w0p0025_l0p5,label_blend,0.0025,0.5,0.6589256889794737,-0.002334869399759243,0.19253187515809755,"{1: 126, 2: 65, 3: 50, 4: 35, 5: 22}","{1: 140, 2: 65, 3: 41, 4: 30, 5: 22}",77,35,42,-0.09090909090909091,0,12,11,16,"1.918451,2.560153,3.256773,4.116080"
step25_llm_zeroshot_resid_w0p0025_l0p5,residual_blend,0.0025,0.5,0.6589256889794737,-0.002334869399759243,0.19253187515809755,"{1: 126, 2: 65, 3: 50, 4: 35, 5: 22}","{1: 140, 2: 65, 3: 41, 4: 30, 5: 22}",77,35,42,-0.09090909090909091,0,12,11,16,"1.918451,2.560153,3.256773,4.116080"
step25_pairwise_specter2_blend_w0p0100_l4p0,label_blend,0.01,4.0,0.6589224779985183,-0.002338080380714591,0.17239764697017812,"{1: 125, 2: 61, 3: 55, 4: 35, 5: 22}","{1: 139, 2: 65, 3: 40, 4: 31, 5: 23}",49,21,28,-0.14285714285714285,0,9,5,11,"1.912624,2.537516,3.246839,4.099511"
step25_pairwise_specter2_resid_w0p0100_l4p0,residual_blend,0.01,4.0,0.6589224779985183,-0.002338080380714591,0.17239764697017812,"{1: 125, 2: 61, 3: 55, 4: 35, 5: 22}","{1: 139, 2: 65, 3: 40, 4: 31, 5: 23}",49,21,28,-0.14285714285714285,0,9,5,11,"1.912624,2.537516,3.246839,4.099511"
step25_pairwise_specter2_blend_w0p0025_l1p0,label_blend,0.0025,1.0,0.6589176209841859,-0.0023429373950469845,0.1757533516681647,"{1: 125, 2: 62, 3: 54, 4: 35, 5: 22}","{1: 139, 2: 65, 3: 40, 4: 32, 5: 22}",49,21,28,-0.14285714285714285,0,8,6,12,"1.910671,2.535966,3.246731,4.104574"
step25_pairwise_specter2_resid_w0p0025_l1p0,residual_blend,0.0025,1.0,0.6589176209841859,-0.0023429373950469845,0.1757533516681647,"{1: 125, 2: 62, 3: 54, 4: 35, 5: 22}","{1: 139, 2: 65, 3: 40, 4: 32, 5: 22}",49,21,28,-0.14285714285714285,0,8,6,12,"1.910671,2.535966,3.246731,4.104574"
step25_pairwise_specter2_blend_w0p0025_l2p0,label_blend,0.0025,2.0,0.6589047580857439,-0.00235580029348903,0.1824647610641378,"{1: 126, 2: 62, 3: 53, 4: 35, 5: 22}","{1: 139, 2: 66, 3: 39, 4: 32, 5: 22}",60,27,33,-0.1,0,12,8,13,"1.914951,2.544927,3.252750,4.104193"
step25_pairwise_specter2_resid_w0p0025_l2p0,residual_blend,0.0025,2.0,0.6589047580857439,-0.00235580029348903,0.1824647610641378,"{1: 126, 2: 62, 3: 53, 4: 35, 5: 22}","{1: 139, 2: 66, 3: 39, 4: 32, 5: 22}",60,27,33,-0.1,0,12,8,13,"1.914951,2.544927,3.252750,4.104193"
step25_llm_zeroshot_v2_blend_w0p0025_l0p5,label_blend,0.0025,0.5,0.6588990927668394,-0.0023614656123934763,0.17575335166816466,"{1: 126, 2: 60, 3: 55, 4: 35, 5: 22}","{1: 139, 2: 66, 3: 39, 4: 32, 5: 22}",53,23,30,-0.1320754716981132,0,8,6,13,"1.912000,2.538160,3.243835,4.113809"
step25_llm_zeroshot_v2_resid_w0p0025_l0p5,residual_blend,0.0025,0.5,0.6588990927668394,-0.0023614656123934763,0.17575335166816466,"{1: 126, 2: 60, 3: 55, 4: 35, 5: 22}","{1: 139, 2: 66, 3: 39, 4: 32, 5: 22}",53,23,30,-0.1320754716981132,0,8,6,13,"1.912000,2.538160,3.243835,4.113809"
step25_llm_zeroshot_v2_blend_w0p0100_l0p5,label_blend,0.01,0.5,0.6588867284692335,-0.0023738299099994586,0.19253187515809758,"{1: 126, 2: 65, 3: 50, 4: 35, 5: 22}","{1: 140, 2: 65, 3: 41, 4: 29, 5: 23}",70,30,40,-0.14285714285714285,0,9,11,15,"1.919430,2.558219,3.250842,4.080315"
step25_llm_zeroshot_v2_resid_w0p0100_l0p5,residual_blend,0.01,0.5,0.6588867284692335,-0.0023738299099994586,0.19253187515809758,"{1: 126, 2: 65, 3: 50, 4: 35, 5: 22}","{1: 140, 2: 65, 3: 41, 4: 29, 5: 23}",70,30,40,-0.14285714285714285,0,9,11,15,"1.919430,2.558219,3.250842,4.080315"
step25_scibert_finetune_blend_w0p0150_l4p0,label_blend,0.015,4.0,0.6588846529494146,-0.002375905429818359,0.17910905636615124,"{1: 126, 2: 62, 3: 53, 4: 35, 5: 22}","{1: 139, 2: 65, 3: 41, 4: 31, 5: 22}",50,21,29,-0.16,0,10,8,13,"1.912878,2.537794,3.249732,4.098184"
step25_scibert_finetune_resid_w0p0150_l4p0,residual_blend,0.015,4.0,0.6588846529494146,-0.002375905429818359,0.17910905636615124,"{1: 126, 2: 62, 3: 53, 4: 35, 5: 22}","{1: 139, 2: 65, 3: 41, 4: 31, 5: 22}",50,21,29,-0.16,0,10,8,13,"1.912878,2.537794,3.249732,4.098184"
step25_pairwise_e5_blend_w0p0025_l4p0,label_blend,0.0025,4.0,0.6588846529494146,-0.002375905429818359,0.17910905636615126,"{1: 125, 2: 62, 3: 54, 4: 35, 5: 22}","{1: 139, 2: 66, 3: 39, 4: 31, 5: 23}",50,22,28,-0.12,0,9,6,12,"1.911396,2.540959,3.247964,4.093455"
step25_pairwise_e5_resid_w0p0025_l4p0,residual_blend,0.0025,4.0,0.6588846529494146,-0.002375905429818359,0.17910905636615126,"{1: 125, 2: 62, 3: 54, 4: 35, 5: 22}","{1: 139, 2: 66, 3: 39, 4: 31, 5: 23}",50,22,28,-0.12,0,9,6,12,"1.911396,2.540959,3.247964,4.093455"
step25_scibert_finetune_blend_w0p0100_l1p0,label_blend,0.01,1.0,0.6588617714945881,-0.002398786884644788,0.18582046576212438,"{1: 126, 2: 63, 3: 52, 4: 35, 5: 22}","{1: 139, 2: 66, 3: 40, 4: 31, 5: 22}",56,24,32,-0.14285714285714285,0,10,9,14,"1.914390,2.546018,3.247071,4.097081"
step25_scibert_finetune_resid_w0p0100_l1p0,residual_blend,0.01,1.0,0.6588617714945881,-0.002398786884644788,0.18582046576212438,"{1: 126, 2: 63, 3: 52, 4: 35, 5: 22}","{1: 139, 2: 66, 3: 40, 4: 31, 5: 22}",56,24,32,-0.14285714285714285,0,10,9,14,"1.914390,2.546018,3.247071,4.097081"
step25_pairwise_specter2_blend_w0p0050_l4p0,label_blend,0.005,4.0,0.6588519824338703,-0.00240857594536259,0.18246476106413784,"{1: 125, 2: 63, 3: 53, 4: 35, 5: 22}","{1: 139, 2: 66, 3: 39, 4: 32, 5: 22}",56,25,31,-0.10714285714285714,0,11,7,13,"1.912720,2.545160,3.252583,4.099374"
step25_pairwise_specter2_resid_w0p0050_l4p0,residual_blend,0.005,4.0,0.6588519824338703,-0.00240857594536259,0.18246476106413784,"{1: 125, 2: 63, 3: 53, 4: 35, 5: 22}","{1: 139, 2: 66, 3: 39, 4: 32, 5: 22}",56,25,31,-0.10714285714285714,0,11,7,13,"1.912720,2.545160,3.252583,4.099374"
step25_scibert_finetune_blend_w0p0025_l4p0,label_blend,0.0025,4.0,0.6588419401386886,-0.0024186182405443457,0.17910905636615126,"{1: 125, 2: 62, 3: 54, 4: 35, 5: 22}","{1: 139, 2: 66, 3: 39, 4: 31, 5: 23}",51,22,29,-0.13725490196078433,0,8,6,12,"1.911775,2.539796,3.246809,4.096497"
step25_scibert_finetune_resid_w0p0025_l4p0,residual_blend,0.0025,4.0,0.6588419401386886,-0.0024186182405443457,0.17910905636615126,"{1: 125, 2: 62, 3: 54, 4: 35, 5: 22}","{1: 139, 2: 66, 3: 39, 4: 31, 5: 23}",51,22,29,-0.13725490196078433,0,8,6,12,"1.911775,2.539796,3.246809,4.096497"
step25_specter2_finetune_blend_w0p0150_l1p0,label_blend,0.015,1.0,0.6588403861332037,-0.0024201722460291952,0.17575335166816466,"{1: 125, 2: 62, 3: 54, 4: 35, 5: 22}","{1: 138, 2: 66, 3: 39, 4: 32, 5: 23}",39,15,24,-0.23076923076923078,0,8,6,9,"1.908031,2.540320,3.239380,4.096032"
step25_specter2_finetune_resid_w0p0150_l1p0,residual_blend,0.015,1.0,0.6588403861332037,-0.0024201722460291952,0.17575335166816466,"{1: 125, 2: 62, 3: 54, 4: 35, 5: 22}","{1: 138, 2: 66, 3: 39, 4: 32, 5: 23}",39,15,24,-0.23076923076923078,0,8,6,9,"1.908031,2.540320,3.239380,4.096032"
step25_llm_zeroshot_v2_blend_w0p0075_l4p0,label_blend,0.0075,4.0,0.658833452763463,-0.0024271056157699755,0.17910905636615126,"{1: 126, 2: 61, 3: 55, 4: 34, 5: 22}","{1: 139, 2: 66, 3: 41, 4: 30, 5: 22}",60,26,34,-0.13333333333333333,0,8,8,15,"1.915139,2.538681,3.253062,4.100880"
step25_llm_zeroshot_v2_resid_w0p0075_l4p0,residual_blend,0.0075,4.0,0.658833452763463,-0.0024271056157699755,0.17910905636615126,"{1: 126, 2: 61, 3: 55, 4: 34, 5: 22}","{1: 139, 2: 66, 3: 41, 4: 30, 5: 22}",60,26,34,-0.13333333333333333,0,8,8,15,"1.915139,2.538681,3.253062,4.100880"
step25_llm_zeroshot_v2_blend_w0p0075_l1p0,label_blend,0.0075,1.0,0.6588293115024829,-0.002431246876750004,0.1824647610641378,"{1: 126, 2: 62, 3: 55, 4: 33, 5: 22}","{1: 139, 2: 66, 3: 41, 4: 29, 5: 23}",67,30,37,-0.1044776119402985,0,9,10,14,"1.916210,2.547832,3.261054,4.092586"
step25_llm_zeroshot_v2_resid_w0p0075_l1p0,residual_blend,0.0075,1.0,0.6588293115024829,-0.002431246876750004,0.1824647610641378,"{1: 126, 2: 62, 3: 55, 4: 33, 5: 22}","{1: 139, 2: 66, 3: 41, 4: 29, 5: 23}",67,30,37,-0.1044776119402985,0,9,10,14,"1.916210,2.547832,3.261054,4.092586"
step25_specter2_finetune_blend_w0p0050_l2p0,label_blend,0.005,2.0,0.6588283294613968,-0.002432228917836121,0.1824647610641378,"{1: 126, 2: 62, 3: 53, 4: 35, 5: 22}","{1: 139, 2: 66, 3: 39, 4: 31, 5: 23}",55,24,31,-0.12727272727272726,0,10,8,12,"1.913458,2.545237,3.249831,4.095752"
step25_specter2_finetune_resid_w0p0050_l2p0,residual_blend,0.005,2.0,0.6588283294613968,-0.002432228917836121,0.1824647610641378,"{1: 126, 2: 62, 3: 53, 4: 35, 5: 22}","{1: 139, 2: 66, 3: 39, 4: 31, 5: 23}",55,24,31,-0.12727272727272726,0,10,8,12,"1.913458,2.545237,3.249831,4.095752"
step25_specter2_finetune_blend_w0p0150_l4p0,label_blend,0.015,4.0,0.6588141517560141,-0.002446406623218822,0.1858204657621244,"{1: 126, 2: 63, 3: 52, 4: 35, 5: 22}","{1: 139, 2: 66, 3: 41, 4: 30, 5: 22}",57,25,32,-0.12280701754385964,0,11,9,15,"1.913511,2.546381,3.253282,4.098246"
step25_specter2_finetune_resid_w0p0150_l4p0,residual_blend,0.015,4.0,0.6588141517560141,-0.002446406623218822,0.1858204657621244,"{1: 126, 2: 63, 3: 52, 4: 35, 5: 22}","{1: 139, 2: 66, 3: 41, 4: 30, 5: 22}",57,25,32,-0.12280701754385964,0,11,9,15,"1.913511,2.546381,3.253282,4.098246"
step25_llm_zeroshot_blend_w0p0050_l0p5,label_blend,0.005,0.5,0.6587950168313215,-0.002465541547911454,0.1757533516681647,"{1: 126, 2: 60, 3: 55, 4: 35, 5: 22}","{1: 139, 2: 66, 3: 41, 4: 30, 5: 22}",59,27,32,-0.0847457627118644,0,10,6,15,"1.912380,2.534436,3.254803,4.105062"
step25_llm_zeroshot_resid_w0p0050_l0p5,residual_blend,0.005,0.5,0.6587950168313215,-0.002465541547911454,0.1757533516681647,"{1: 126, 2: 60, 3: 55, 4: 35, 5: 22}","{1: 139, 2: 66, 3: 41, 4: 30, 5: 22}",59,27,32,-0.0847457627118644,0,10,6,15,"1.912380,2.534436,3.254803,4.105062"
step25_pairwise_specter2_blend_w0p0075_l0p5,label_blend,0.0075,0.5,0.6587944085174899,-0.0024661498617429833,0.189176170460111,"{1: 124, 2: 66, 3: 52, 4: 34, 5: 22}","{1: 137, 2: 68, 3: 42, 4: 28, 5: 23}",57,28,29,-0.017543859649122806,0,12,9,13,"1.906944,2.547743,3.267653,4.098065"
step25_pairwise_specter2_resid_w0p0075_l0p5,residual_blend,0.0075,0.5,0.6587944085174899,-0.0024661498617429833,0.189176170460111,"{1: 124, 2: 66, 3: 52, 4: 34, 5: 22}","{1: 137, 2: 68, 3: 42, 4: 28, 5: 23}",57,28,29,-0.017543859649122806,0,12,9,13,"1.906944,2.547743,3.267653,4.098065"
step25_scibert_finetune_blend_w0p0200_l2p0,label_blend,0.02,2.0,0.6587805206948971,-0.0024800376843358007,0.17575335166816466,"{1: 126, 2: 61, 3: 54, 4: 35, 5: 22}","{1: 139, 2: 65, 3: 40, 4: 31, 5: 23}",53,21,32,-0.20754716981132076,0,10,7,11,"1.913796,2.537173,3.242800,4.089114"
step25_scibert_finetune_resid_w0p0200_l2p0,residual_blend,0.02,2.0,0.6587805206948971,-0.0024800376843358007,0.17575335166816466,"{1: 126, 2: 61, 3: 54, 4: 35, 5: 22}","{1: 139, 2: 65, 3: 40, 4: 31, 5: 23}",53,21,32,-0.20754716981132076,0,10,7,11,"1.913796,2.537173,3.242800,4.089114"
step25_pairwise_e5_blend_w0p0050_l2p0,label_blend,0.005,2.0,0.6587755786460525,-0.0024849797331804035,0.17910905636615126,"{1: 125, 2: 62, 3: 54, 4: 35, 5: 22}","{1: 139, 2: 66, 3: 39, 4: 31, 5: 23}",51,22,29,-0.13725490196078433,0,9,6,12,"1.910844,2.539177,3.250001,4.089371"
step25_pairwise_e5_resid_w0p0050_l2p0,residual_blend,0.005,2.0,0.6587755786460525,-0.0024849797331804035,0.17910905636615126,"{1: 125, 2: 62, 3: 54, 4: 35, 5: 22}","{1: 139, 2: 66, 3: 39, 4: 31, 5: 23}",51,22,29,-0.13725490196078433,0,9,6,12,"1.910844,2.539177,3.250001,4.089371"
step25_pairwise_specter2_blend_w0p0150_l0p5,label_blend,0.015,0.5,0.6587722382487582,-0.0024883201304747304,0.18246476106413778,"{1: 124, 2: 64, 3: 56, 4: 36, 5: 18}","{1: 139, 2: 66, 3: 42, 4: 31, 5: 20}",93,47,46,0.010752688172043012,0,28,13,18,"1.912875,2.546786,3.295288,4.179500"
step25_pairwise_specter2_resid_w0p0150_l0p5,residual_blend,0.015,0.5,0.6587722382487582,-0.0024883201304747304,0.18246476106413778,"{1: 124, 2: 64, 3: 56, 4: 36, 5: 18}","{1: 139, 2: 66, 3: 42, 4: 31, 5: 20}",93,47,46,0.010752688172043012,0,28,13,18,"1.912875,2.546786,3.295288,4.179500"
step25_pairwise_specter2_blend_w0p0025_l4p0,label_blend,0.0025,4.0,0.6587713865841298,-0.0024891717951031067,0.1824647610641378,"{1: 126, 2: 62, 3: 53, 4: 35, 5: 22}","{1: 139, 2: 66, 3: 39, 4: 32, 5: 22}",58,26,32,-0.10344827586206896,0,11,8,13,"1.913063,2.545368,3.251156,4.107325"
step25_pairwise_specter2_resid_w0p0025_l4p0,residual_blend,0.0025,4.0,0.6587713865841298,-0.0024891717951031067,0.1824647610641378,"{1: 126, 2: 62, 3: 53, 4: 35, 5: 22}","{1: 139, 2: 66, 3: 39, 4: 32, 5: 22}",58,26,32,-0.10344827586206896,0,11,8,13,"1.913063,2.545368,3.251156,4.107325"
step25_deberta_v3_blend_w0p0025_l4p0,label_blend,0.0025,4.0,0.6587663184235912,-0.002494239955641686,0.18246476106413784,"{1: 125, 2: 63, 3: 53, 4: 35, 5: 22}","{1: 139, 2: 66, 3: 39, 4: 31, 5: 23}",53,23,30,-0.1320754716981132,0,9,7,12,"1.912816,2.543382,3.250672,4.090414"
step25_deberta_v3_resid_w0p0025_l4p0,residual_blend,0.0025,4.0,0.6587663184235912,-0.002494239955641686,0.18246476106413784,"{1: 125, 2: 63, 3: 53, 4: 35, 5: 22}","{1: 139, 2: 66, 3: 39, 4: 31, 5: 23}",53,23,30,-0.1320754716981132,0,9,7,12,"1.912816,2.543382,3.250672,4.090414"
step25_scibert_finetune_blend_w0p0300_l0p5,label_blend,0.03,0.5,0.6587624376009068,-0.0024981207783261183,0.189176170460111,"{1: 125, 2: 65, 3: 52, 4: 35, 5: 21}","{1: 139, 2: 66, 3: 42, 4: 29, 5: 22}",75,36,39,-0.04,0,16,13,16,"1.913967,2.548898,3.270710,4.132189"
step25_modernbert_best_blend_w0p0150_l1p0,label_blend,0.015,1.0,0.65876125941229,-0.0024992989669428978,0.17910905636615124,"{1: 126, 2: 61, 3: 54, 4: 35, 5: 22}","{1: 139, 2: 66, 3: 39, 4: 31, 5: 23}",48,20,28,-0.16666666666666666,0,8,7,12,"1.913325,2.540028,3.244643,4.093551"
step25_modernbert_best_blend_w0p0200_l1p0,label_blend,0.02,1.0,0.65876125941229,-0.0024992989669428978,0.17910905636615124,"{1: 126, 2: 61, 3: 54, 4: 35, 5: 22}","{1: 139, 2: 66, 3: 39, 4: 31, 5: 23}",48,20,28,-0.16666666666666666,0,8,7,12,"1.913325,2.540028,3.244643,4.093551"
step25_modernbert_best_resid_w0p0150_l1p0,residual_blend,0.015,1.0,0.65876125941229,-0.0024992989669428978,0.17910905636615124,"{1: 126, 2: 61, 3: 54, 4: 35, 5: 22}","{1: 139, 2: 66, 3: 39, 4: 31, 5: 23}",48,20,28,-0.16666666666666666,0,8,7,12,"1.913325,2.540028,3.244643,4.093551"
step25_modernbert_best_resid_w0p0200_l1p0,residual_blend,0.02,1.0,0.65876125941229,-0.0024992989669428978,0.17910905636615124,"{1: 126, 2: 61, 3: 54, 4: 35, 5: 22}","{1: 139, 2: 66, 3: 39, 4: 31, 5: 23}",48,20,28,-0.16666666666666666,0,8,7,12,"1.913325,2.540028,3.244643,4.093551"
step25_modernbert_second_blend_w0p0150_l1p0,label_blend,0.015,1.0,0.65876125941229,-0.0024992989669428978,0.17910905636615124,"{1: 126, 2: 61, 3: 54, 4: 35, 5: 22}","{1: 139, 2: 66, 3: 39, 4: 31, 5: 23}",48,20,28,-0.16666666666666666,0,8,7,12,"1.913325,2.540028,3.244643,4.093551"
step25_modernbert_second_blend_w0p0200_l1p0,label_blend,0.02,1.0,0.65876125941229,-0.0024992989669428978,0.17910905636615124,"{1: 126, 2: 61, 3: 54, 4: 35, 5: 22}","{1: 139, 2: 66, 3: 39, 4: 31, 5: 23}",48,20,28,-0.16666666666666666,0,8,7,12,"1.913325,2.540028,3.244643,4.093551"
step25_modernbert_second_resid_w0p0150_l1p0,residual_blend,0.015,1.0,0.65876125941229,-0.0024992989669428978,0.17910905636615124,"{1: 126, 2: 61, 3: 54, 4: 35, 5: 22}","{1: 139, 2: 66, 3: 39, 4: 31, 5: 23}",48,20,28,-0.16666666666666666,0,8,7,12,"1.913325,2.540028,3.244643,4.093551"
step25_modernbert_second_resid_w0p0200_l1p0,residual_blend,0.02,1.0,0.65876125941229,-0.0024992989669428978,0.17910905636615124,"{1: 126, 2: 61, 3: 54, 4: 35, 5: 22}","{1: 139, 2: 66, 3: 39, 4: 31, 5: 23}",48,20,28,-0.16666666666666666,0,8,7,12,"1.913325,2.540028,3.244643,4.093551"
step25_scibert_finetune_blend_w0p0300_l4p0,label_blend,0.03,4.0,0.6587570576985045,-0.0025035006807284654,0.18917617046011098,"{1: 125, 2: 65, 3: 51, 4: 35, 5: 22}","{1: 138, 2: 67, 3: 40, 4: 31, 5: 22}",57,24,33,-0.15789473684210525,0,10,11,13,"1.913513,2.544305,3.246854,4.096806"
step25_llm_zeroshot_v2_blend_w0p0075_l2p0,label_blend,0.0075,2.0,0.6587513474359022,-0.0025092109433306753,0.1757533516681647,"{1: 126, 2: 60, 3: 55, 4: 35, 5: 22}","{1: 138, 2: 67, 3: 39, 4: 31, 5: 23}",50,21,29,-0.16,0,8,6,11,"1.911383,2.533528,3.238739,4.087919"
step25_llm_zeroshot_v2_resid_w0p0075_l2p0,residual_blend,0.0075,2.0,0.6587513474359022,-0.0025092109433306753,0.1757533516681647,"{1: 126, 2: 60, 3: 55, 4: 35, 5: 22}","{1: 138, 2: 67, 3: 39, 4: 31, 5: 23}",50,21,29,-0.16,0,8,6,11,"1.911383,2.533528,3.238739,4.087919"
step25_openalex_anchor_blend_w0p0025_l2p0,label_blend,0.0025,2.0,0.6587327570158943,-0.002527801363338633,0.1824647610641378,"{1: 125, 2: 63, 3: 53, 4: 35, 5: 22}","{1: 138, 2: 67, 3: 39, 4: 31, 5: 23}",47,19,28,-0.19148936170212766,0,7,7,11,"1.912159,2.541273,3.241908,4.086218"
step25_openalex_anchor_resid_w0p0025_l2p0,residual_blend,0.0025,2.0,0.6587327570158943,-0.002527801363338633,0.1824647610641378,"{1: 125, 2: 63, 3: 53, 4: 35, 5: 22}","{1: 138, 2: 67, 3: 39, 4: 31, 5: 23}",47,19,28,-0.19148936170212766,0,7,7,11,"1.912159,2.541273,3.241908,4.086218"
step25_llm_zeroshot_blend_w0p0100_l0p5,label_blend,0.01,0.5,0.658723647259098,-0.002536911120134877,0.1858204657621244,"{1: 126, 2: 63, 3: 54, 4: 33, 5: 22}","{1: 138, 2: 67, 3: 42, 4: 29, 5: 22}",64,29,35,-0.09375,0,9,11,15,"1.910578,2.550505,3.257154,4.107990"
step25_llm_zeroshot_resid_w0p0100_l0p5,residual_blend,0.01,0.5,0.658723647259098,-0.002536911120134877,0.1858204657621244,"{1: 126, 2: 63, 3: 54, 4: 33, 5: 22}","{1: 138, 2: 67, 3: 42, 4: 29, 5: 22}",64,29,35,-0.09375,0,9,11,15,"1.910578,2.550505,3.257154,4.107990"
step25_scibert_finetune_blend_w0p0075_l4p0,label_blend,0.0075,4.0,0.6587235528061504,-0.0025370055730825625,0.1824647610641378,"{1: 126, 2: 62, 3: 53, 4: 35, 5: 22}","{1: 139, 2: 66, 3: 40, 4: 31, 5: 22}",54,23,31,-0.14814814814814814,0,10,8,14,"1.912483,2.540815,3.249638,4.101246"
step25_scibert_finetune_resid_w0p0075_l4p0,residual_blend,0.0075,4.0,0.6587235528061504,-0.0025370055730825625,0.1824647610641378,"{1: 126, 2: 62, 3: 53, 4: 35, 5: 22}","{1: 139, 2: 66, 3: 40, 4: 31, 5: 22}",54,23,31,-0.14814814814814814,0,10,8,14,"1.912483,2.540815,3.249638,4.101246"
step25_specter2_finetune_blend_w0p0075_l2p0,label_blend,0.0075,2.0,0.6587235528061504,-0.0025370055730825625,0.1858204657621244,"{1: 125, 2: 64, 3: 52, 4: 35, 5: 22}","{1: 139, 2: 66, 3: 39, 4: 32, 5: 22}",54,24,30,-0.1111111111111111,0,10,8,13,"1.911616,2.544777,3.250312,4.097643"
step25_specter2_finetune_resid_w0p0075_l2p0,residual_blend,0.0075,2.0,0.6587235528061504,-0.0025370055730825625,0.1858204657621244,"{1: 125, 2: 64, 3: 52, 4: 35, 5: 22}","{1: 139, 2: 66, 3: 39, 4: 32, 5: 22}",54,24,30,-0.1111111111111111,0,10,8,13,"1.911616,2.544777,3.250312,4.097643"
step25_specter2_finetune_blend_w0p0025_l4p0,label_blend,0.0025,4.0,0.6587042848395533,-0.0025562735396795766,0.17910905636615126,"{1: 125, 2: 62, 3: 54, 4: 35, 5: 22}","{1: 139, 2: 66, 3: 39, 4: 31, 5: 23}",51,22,29,-0.13725490196078433,0,9,6,12,"1.912388,2.539525,3.249065,4.090087"
step25_specter2_finetune_resid_w0p0025_l4p0,residual_blend,0.0025,4.0,0.6587042848395533,-0.0025562735396795766,0.17910905636615126,"{1: 125, 2: 62, 3: 54, 4: 35, 5: 22}","{1: 139, 2: 66, 3: 39, 4: 31, 5: 23}",51,22,29,-0.13725490196078433,0,9,6,12,"1.912388,2.539525,3.249065,4.090087"
step25_llm_zeroshot_v2_blend_w0p0025_l1p0,label_blend,0.0025,1.0,0.6586957536482965,-0.002564804730936454,0.18582046576212438,"{1: 126, 2: 63, 3: 52, 4: 35, 5: 22}","{1: 139, 2: 66, 3: 41, 4: 29, 5: 23}",60,27,33,-0.1,0,10,9,14,"1.914235,2.547777,3.254897,4.085465"
step25_llm_zeroshot_v2_resid_w0p0025_l1p0,residual_blend,0.0025,1.0,0.6586957536482965,-0.002564804730936454,0.18582046576212438,"{1: 126, 2: 63, 3: 52, 4: 35, 5: 22}","{1: 139, 2: 66, 3: 41, 4: 29, 5: 23}",60,27,33,-0.1,0,10,9,14,"1.914235,2.547777,3.254897,4.085465"
step25_pairwise_e5_blend_w0p0025_l1p0,label_blend,0.0025,1.0,0.6586772183602352,-0.0025833400189977374,0.1824647610641378,"{1: 126, 2: 62, 3: 53, 4: 35, 5: 22}","{1: 139, 2: 66, 3: 39, 4: 32, 5: 22}",64,28,36,-0.125,0,12,8,13,"1.915583,2.545968,3.253685,4.108951"
step25_pairwise_e5_resid_w0p0025_l1p0,residual_blend,0.0025,1.0,0.6586772183602352,-0.0025833400189977374,0.1824647610641378,"{1: 126, 2: 62, 3: 53, 4: 35, 5: 22}","{1: 139, 2: 66, 3: 39, 4: 32, 5: 22}",64,28,36,-0.125,0,12,8,13,"1.915583,2.545968,3.253685,4.108951"
step25_llm_zeroshot_blend_w0p0025_l1p0,label_blend,0.0025,1.0,0.6586764660595413,-0.002584092319691589,0.18246476106413784,"{1: 126, 2: 62, 3: 53, 4: 35, 5: 22}","{1: 139, 2: 66, 3: 41, 4: 30, 5: 22}",62,28,34,-0.0967741935483871,0,10,8,15,"1.914287,2.544269,3.253545,4.107801"
step25_llm_zeroshot_resid_w0p0025_l1p0,residual_blend,0.0025,1.0,0.6586764660595413,-0.002584092319691589,0.18246476106413784,"{1: 126, 2: 62, 3: 53, 4: 35, 5: 22}","{1: 139, 2: 66, 3: 41, 4: 30, 5: 22}",62,28,34,-0.0967741935483871,0,10,8,15,"1.914287,2.544269,3.253545,4.107801"
step25_pairwise_specter2_blend_w0p0050_l1p0,label_blend,0.005,1.0,0.6586514956555444,-0.002609062723688549,0.17239764697017812,"{1: 125, 2: 61, 3: 55, 4: 35, 5: 22}","{1: 139, 2: 65, 3: 40, 4: 31, 5: 23}",47,19,28,-0.19148936170212766,0,9,5,11,"1.909968,2.534656,3.248734,4.097949"
step25_pairwise_specter2_resid_w0p0050_l1p0,residual_blend,0.005,1.0,0.6586514956555444,-0.002609062723688549,0.17239764697017812,"{1: 125, 2: 61, 3: 55, 4: 35, 5: 22}","{1: 139, 2: 65, 3: 40, 4: 31, 5: 23}",47,19,28,-0.19148936170212766,0,9,5,11,"1.909968,2.534656,3.248734,4.097949"
step25_deberta_v3_blend_w0p0100_l1p0,label_blend,0.01,1.0,0.6586464677714352,-0.0026140906077977144,0.1757533516681647,"{1: 125, 2: 62, 3: 54, 4: 35, 5: 22}","{1: 139, 2: 65, 3: 41, 4: 31, 5: 22}",47,20,27,-0.14893617021276595,0,8,6,13,"1.910109,2.538656,3.251704,4.098490"
step25_deberta_v3_resid_w0p0100_l1p0,residual_blend,0.01,1.0,0.6586464677714352,-0.0026140906077977144,0.1757533516681647,"{1: 125, 2: 62, 3: 54, 4: 35, 5: 22}","{1: 139, 2: 65, 3: 41, 4: 31, 5: 22}",47,20,27,-0.14893617021276595,0,8,6,13,"1.910109,2.538656,3.251704,4.098490"
step25_llm_zeroshot_blend_w0p0025_l4p0,label_blend,0.0025,4.0,0.6586379947044395,-0.00262256367479341,0.1757533516681647,"{1: 125, 2: 61, 3: 55, 4: 35, 5: 22}","{1: 139, 2: 66, 3: 39, 4: 31, 5: 23}",51,22,29,-0.13725490196078433,0,9,5,12,"1.911795,2.538362,3.244915,4.091249"
step25_llm_zeroshot_resid_w0p0025_l4p0,residual_blend,0.0025,4.0,0.6586379947044395,-0.00262256367479341,0.1757533516681647,"{1: 125, 2: 61, 3: 55, 4: 35, 5: 22}","{1: 139, 2: 66, 3: 39, 4: 31, 5: 23}",51,22,29,-0.13725490196078433,0,9,5,12,"1.911795,2.538362,3.244915,4.091249"
step25_scibert_finetune_blend_w0p0300_l1p0,label_blend,0.03,1.0,0.6586379947044394,-0.002622563674793521,0.17575335166816464,"{1: 124, 2: 63, 3: 55, 4: 34, 5: 22}","{1: 138, 2: 66, 3: 41, 4: 31, 5: 22}",53,22,31,-0.16981132075471697,0,10,8,12,"1.911765,2.534557,3.252821,4.094672"
step25_scibert_finetune_blend_w0p0075_l1p0,label_blend,0.0075,1.0,0.6586336753979749,-0.0026268829812580163,0.17910905636615124,"{1: 126, 2: 62, 3: 54, 4: 34, 5: 22}","{1: 139, 2: 65, 3: 41, 4: 30, 5: 23}",58,26,32,-0.10344827586206896,0,12,9,12,"1.913508,2.539278,3.257735,4.092295"
step25_scibert_finetune_resid_w0p0075_l1p0,residual_blend,0.0075,1.0,0.6586336753979749,-0.0026268829812580163,0.17910905636615124,"{1: 126, 2: 62, 3: 54, 4: 34, 5: 22}","{1: 139, 2: 65, 3: 41, 4: 30, 5: 23}",58,26,32,-0.10344827586206896,0,12,9,12,"1.913508,2.539278,3.257735,4.092295"
step25_scibert_finetune_blend_w0p0150_l2p0,label_blend,0.015,2.0,0.6586329612352513,-0.0026275971439816415,0.17575335166816466,"{1: 126, 2: 61, 3: 54, 4: 35, 5: 22}","{1: 139, 2: 65, 3: 41, 4: 31, 5: 22}",51,21,30,-0.17647058823529413,0,10,7,13,"1.912704,2.536907,3.247371,4.099777"
step25_scibert_finetune_resid_w0p0150_l2p0,residual_blend,0.015,2.0,0.6586329612352513,-0.0026275971439816415,0.17575335166816466,"{1: 126, 2: 61, 3: 54, 4: 35, 5: 22}","{1: 139, 2: 65, 3: 41, 4: 31, 5: 22}",51,21,30,-0.17647058823529413,0,10,7,13,"1.912704,2.536907,3.247371,4.099777"
step25_llm_zeroshot_v2_blend_w0p0150_l4p0,label_blend,0.015,4.0,0.65861008058655,-0.0026504777926829037,0.18246476106413784,"{1: 126, 2: 62, 3: 55, 4: 33, 5: 22}","{1: 138, 2: 67, 3: 41, 4: 30, 5: 22}",64,27,37,-0.15625,0,6,10,16,"1.915983,2.541179,3.255628,4.094119"
step25_llm_zeroshot_v2_resid_w0p0150_l4p0,residual_blend,0.015,4.0,0.65861008058655,-0.0026504777926829037,0.18246476106413784,"{1: 126, 2: 62, 3: 55, 4: 33, 5: 22}","{1: 138, 2: 67, 3: 41, 4: 30, 5: 22}",64,27,37,-0.15625,0,6,10,16,"1.915983,2.541179,3.255628,4.094119"
step25_openalex_anchor_blend_w0p0025_l4p0,label_blend,0.0025,4.0,0.65860937311469,-0.002651185264542888,0.17910905636615126,"{1: 126, 2: 61, 3: 54, 4: 35, 5: 22}","{1: 138, 2: 67, 3: 39, 4: 32, 5: 22}",55,24,31,-0.12727272727272726,0,9,7,12,"1.912288,2.538763,3.251921,4.105488"
step25_openalex_anchor_resid_w0p0025_l4p0,residual_blend,0.0025,4.0,0.65860937311469,-0.002651185264542888,0.17910905636615126,"{1: 126, 2: 61, 3: 54, 4: 35, 5: 22}","{1: 138, 2: 67, 3: 39, 4: 32, 5: 22}",55,24,31,-0.12727272727272726,0,9,7,12,"1.912288,2.538763,3.251921,4.105488"
step25_modernbert_best_blend_w0p0150_l4p0,label_blend,0.015,4.0,0.6585901213246398,-0.0026704370545931333,0.17910905636615126,"{1: 125, 2: 62, 3: 54, 4: 35, 5: 22}","{1: 139, 2: 66, 3: 39, 4: 32, 5: 22}",52,22,30,-0.15384615384615385,0,8,6,13,"1.911512,2.539235,3.247470,4.111180"
step25_modernbert_best_resid_w0p0150_l4p0,residual_blend,0.015,4.0,0.6585901213246398,-0.0026704370545931333,0.17910905636615126,"{1: 125, 2: 62, 3: 54, 4: 35, 5: 22}","{1: 139, 2: 66, 3: 39, 4: 32, 5: 22}",52,22,30,-0.15384615384615385,0,8,6,13,"1.911512,2.539235,3.247470,4.111180"
step25_modernbert_second_blend_w0p0150_l4p0,label_blend,0.015,4.0,0.6585901213246398,-0.0026704370545931333,0.17910905636615126,"{1: 125, 2: 62, 3: 54, 4: 35, 5: 22}","{1: 139, 2: 66, 3: 39, 4: 32, 5: 22}",52,22,30,-0.15384615384615385,0,8,6,13,"1.911512,2.539235,3.247470,4.111180"
step25_modernbert_second_resid_w0p0150_l4p0,residual_blend,0.015,4.0,0.6585901213246398,-0.0026704370545931333,0.17910905636615126,"{1: 125, 2: 62, 3: 54, 4: 35, 5: 22}","{1: 139, 2: 66, 3: 39, 4: 32, 5: 22}",52,22,30,-0.15384615384615385,0,8,6,13,"1.911512,2.539235,3.247470,4.111180"
step25_modernbert_best_blend_w0p0075_l4p0,label_blend,0.0075,4.0,0.6585766489556759,-0.002683909423557007,0.1824647610641378,"{1: 126, 2: 62, 3: 53, 4: 35, 5: 22}","{1: 139, 2: 66, 3: 39, 4: 32, 5: 22}",56,24,32,-0.14285714285714285,0,9,8,13,"1.913531,2.543820,3.248678,4.098231"
step25_modernbert_best_resid_w0p0075_l4p0,residual_blend,0.0075,4.0,0.6585766489556759,-0.002683909423557007,0.1824647610641378,"{1: 126, 2: 62, 3: 53, 4: 35, 5: 22}","{1: 139, 2: 66, 3: 39, 4: 32, 5: 22}",56,24,32,-0.14285714285714285,0,9,8,13,"1.913531,2.543820,3.248678,4.098231"
step25_modernbert_second_blend_w0p0075_l4p0,label_blend,0.0075,4.0,0.6585766489556759,-0.002683909423557007,0.1824647610641378,"{1: 126, 2: 62, 3: 53, 4: 35, 5: 22}","{1: 139, 2: 66, 3: 39, 4: 32, 5: 22}",56,24,32,-0.14285714285714285,0,9,8,13,"1.913531,2.543820,3.248678,4.098231"
step25_modernbert_second_resid_w0p0075_l4p0,residual_blend,0.0075,4.0,0.6585766489556759,-0.002683909423557007,0.1824647610641378,"{1: 126, 2: 62, 3: 53, 4: 35, 5: 22}","{1: 139, 2: 66, 3: 39, 4: 32, 5: 22}",56,24,32,-0.14285714285714285,0,9,8,13,"1.913531,2.543820,3.248678,4.098231"
step25_llm_zeroshot_blend_w0p0050_l4p0,label_blend,0.005,4.0,0.6585574211590817,-0.0027031372201512527,0.17575335166816466,"{1: 126, 2: 60, 3: 55, 4: 35, 5: 22}","{1: 139, 2: 66, 3: 39, 4: 31, 5: 23}",53,23,30,-0.1320754716981132,0,9,6,12,"1.913666,2.534480,3.246342,4.087410"
step25_llm_zeroshot_resid_w0p0050_l4p0,residual_blend,0.005,4.0,0.6585574211590817,-0.0027031372201512527,0.17575335166816466,"{1: 126, 2: 60, 3: 55, 4: 35, 5: 22}","{1: 139, 2: 66, 3: 39, 4: 31, 5: 23}",53,23,30,-0.1320754716981132,0,9,6,12,"1.913666,2.534480,3.246342,4.087410"
step25_llm_zeroshot_v2_blend_w0p0150_l2p0,label_blend,0.015,2.0,0.6585479330999553,-0.002712625279277625,0.18246476106413786,"{1: 126, 2: 62, 3: 55, 4: 33, 5: 22}","{1: 138, 2: 67, 3: 41, 4: 31, 5: 21}",62,26,36,-0.16129032258064516,0,5,10,17,"1.913555,2.539996,3.256390,4.096711"
step25_llm_zeroshot_v2_resid_w0p0150_l2p0,residual_blend,0.015,2.0,0.6585479330999553,-0.002712625279277625,0.18246476106413786,"{1: 126, 2: 62, 3: 55, 4: 33, 5: 22}","{1: 138, 2: 67, 3: 41, 4: 31, 5: 21}",62,26,36,-0.16129032258064516,0,5,10,17,"1.913555,2.539996,3.256390,4.096711"
step25_llm_zeroshot_blend_w0p0050_l2p0,label_blend,0.005,2.0,0.6585430636312213,-0.0027174947480116396,0.17910905636615124,"{1: 126, 2: 61, 3: 54, 4: 35, 5: 22}","{1: 139, 2: 66, 3: 39, 4: 31, 5: 23}",55,24,31,-0.12727272727272726,0,9,7,12,"1.913020,2.538035,3.248455,4.090281"
step25_llm_zeroshot_resid_w0p0050_l2p0,residual_blend,0.005,2.0,0.6585430636312213,-0.0027174947480116396,0.17910905636615124,"{1: 126, 2: 61, 3: 54, 4: 35, 5: 22}","{1: 139, 2: 66, 3: 39, 4: 31, 5: 23}",55,24,31,-0.12727272727272726,0,9,7,12,"1.913020,2.538035,3.248455,4.090281"
step25_scibert_finetune_blend_w0p0075_l2p0,label_blend,0.0075,2.0,0.6585094511259237,-0.002751107253309182,0.17910905636615126,"{1: 125, 2: 63, 3: 53, 4: 35, 5: 22}","{1: 139, 2: 65, 3: 41, 4: 31, 5: 22}",54,23,31,-0.14814814814814814,0,10,7,13,"1.912215,2.539328,3.248467,4.104537"
step25_scibert_finetune_resid_w0p0075_l2p0,residual_blend,0.0075,2.0,0.6585094511259237,-0.002751107253309182,0.17910905636615126,"{1: 125, 2: 63, 3: 53, 4: 35, 5: 22}","{1: 139, 2: 65, 3: 41, 4: 31, 5: 22}",54,23,31,-0.14814814814814814,0,10,7,13,"1.912215,2.539328,3.248467,4.104537"
step25_llm_zeroshot_v2_blend_w0p0200_l2p0,label_blend,0.02,2.0,0.6584720107415754,-0.002788547637657568,0.17910905636615126,"{1: 126, 2: 61, 3: 54, 4: 35, 5: 22}","{1: 138, 2: 67, 3: 41, 4: 30, 5: 22}",66,27,39,-0.18181818181818182,0,5,9,16,"1.912662,2.535763,3.241222,4.082962"
step25_llm_zeroshot_v2_resid_w0p0200_l2p0,residual_blend,0.02,2.0,0.6584720107415754,-0.002788547637657568,0.17910905636615126,"{1: 126, 2: 61, 3: 54, 4: 35, 5: 22}","{1: 138, 2: 67, 3: 41, 4: 30, 5: 22}",66,27,39,-0.18181818181818182,0,5,9,16,"1.912662,2.535763,3.241222,4.082962"
step25_llm_zeroshot_v2_blend_w0p0025_l4p0,label_blend,0.0025,4.0,0.6584531186663911,-0.0028074397128418083,0.18582046576212438,"{1: 126, 2: 63, 3: 52, 4: 35, 5: 22}","{1: 139, 2: 66, 3: 40, 4: 30, 5: 23}",59,26,33,-0.11864406779661017,0,9,9,13,"1.914226,2.546268,3.252708,4.096572"
step25_llm_zeroshot_v2_resid_w0p0025_l4p0,residual_blend,0.0025,4.0,0.6584531186663911,-0.0028074397128418083,0.18582046576212438,"{1: 126, 2: 63, 3: 52, 4: 35, 5: 22}","{1: 139, 2: 66, 3: 40, 4: 30, 5: 23}",59,26,33,-0.11864406779661017,0,9,9,13,"1.914226,2.546268,3.252708,4.096572"
step25_pairwise_e5_blend_w0p0025_l2p0,label_blend,0.0025,2.0,0.6584479633450171,-0.0028125950342158257,0.1858204657621244,"{1: 125, 2: 64, 3: 52, 4: 35, 5: 22}","{1: 139, 2: 66, 3: 40, 4: 31, 5: 22}",59,26,33,-0.11864406779661017,0,10,8,14,"1.911705,2.546655,3.255419,4.111772"
step25_pairwise_e5_resid_w0p0025_l2p0,residual_blend,0.0025,2.0,0.6584479633450171,-0.0028125950342158257,0.1858204657621244,"{1: 125, 2: 64, 3: 52, 4: 35, 5: 22}","{1: 139, 2: 66, 3: 40, 4: 31, 5: 22}",59,26,33,-0.11864406779661017,0,10,8,14,"1.911705,2.546655,3.255419,4.111772"
step25_modernbert_best_blend_w0p0300_l2p0,label_blend,0.03,2.0,0.6584431843163983,-0.0028173740628346655,0.18246476106413784,"{1: 125, 2: 63, 3: 53, 4: 35, 5: 22}","{1: 139, 2: 66, 3: 39, 4: 32, 5: 22}",54,23,31,-0.14814814814814814,0,9,7,13,"1.911006,2.542977,3.248025,4.096982"
step25_modernbert_second_blend_w0p0300_l2p0,label_blend,0.03,2.0,0.6584431843163983,-0.0028173740628346655,0.18246476106413784,"{1: 125, 2: 63, 3: 53, 4: 35, 5: 22}","{1: 139, 2: 66, 3: 39, 4: 32, 5: 22}",54,23,31,-0.14814814814814814,0,9,7,13,"1.911006,2.542977,3.248025,4.096982"
step25_modernbert_best_blend_w0p0300_l4p0,label_blend,0.03,4.0,0.6584380241898589,-0.0028225341893740596,0.17910905636615126,"{1: 125, 2: 62, 3: 54, 4: 35, 5: 22}","{1: 139, 2: 66, 3: 39, 4: 32, 5: 22}",54,23,31,-0.14814814814814814,0,10,6,13,"1.911391,2.538739,3.252312,4.110070"
step25_modernbert_second_blend_w0p0300_l4p0,label_blend,0.03,4.0,0.6584380241898589,-0.0028225341893740596,0.17910905636615126,"{1: 125, 2: 62, 3: 54, 4: 35, 5: 22}","{1: 139, 2: 66, 3: 39, 4: 32, 5: 22}",54,23,31,-0.14814814814814814,0,10,6,13,"1.911391,2.538739,3.252312,4.110070"
step25_modernbert_best_blend_w0p0200_l0p5,label_blend,0.02,0.5,0.6583901535641887,-0.002870404815044192,0.17575335166816466,"{1: 125, 2: 62, 3: 54, 4: 35, 5: 22}","{1: 138, 2: 66, 3: 38, 4: 33, 5: 23}",46,18,28,-0.21739130434782608,2,7,6,10,"1.908445,2.538126,3.231432,4.094746"
step25_modernbert_best_resid_w0p0200_l0p5,residual_blend,0.02,0.5,0.6583901535641887,-0.002870404815044192,0.17575335166816466,"{1: 125, 2: 62, 3: 54, 4: 35, 5: 22}","{1: 138, 2: 66, 3: 38, 4: 33, 5: 23}",46,18,28,-0.21739130434782608,2,7,6,10,"1.908445,2.538126,3.231432,4.094746"
step25_modernbert_second_blend_w0p0200_l0p5,label_blend,0.02,0.5,0.6583901535641887,-0.002870404815044192,0.17575335166816466,"{1: 125, 2: 62, 3: 54, 4: 35, 5: 22}","{1: 138, 2: 66, 3: 38, 4: 33, 5: 23}",46,18,28,-0.21739130434782608,2,7,6,10,"1.908445,2.538126,3.231432,4.094746"
step25_modernbert_second_resid_w0p0200_l0p5,residual_blend,0.02,0.5,0.6583901535641887,-0.002870404815044192,0.17575335166816466,"{1: 125, 2: 62, 3: 54, 4: 35, 5: 22}","{1: 138, 2: 66, 3: 38, 4: 33, 5: 23}",46,18,28,-0.21739130434782608,2,7,6,10,"1.908445,2.538126,3.231432,4.094746"
step25_scibert_finetune_blend_w0p0100_l0p5,label_blend,0.01,0.5,0.6583823282582942,-0.002878230120938685,0.19253187515809755,"{1: 126, 2: 65, 3: 51, 4: 34, 5: 22}","{1: 139, 2: 66, 3: 41, 4: 30, 5: 22}",66,29,37,-0.12121212121212122,0,12,12,15,"1.914505,2.550956,3.260625,4.101979"
step25_scibert_finetune_resid_w0p0100_l0p5,residual_blend,0.01,0.5,0.6583823282582942,-0.002878230120938685,0.19253187515809755,"{1: 126, 2: 65, 3: 51, 4: 34, 5: 22}","{1: 139, 2: 66, 3: 41, 4: 30, 5: 22}",66,29,37,-0.12121212121212122,0,12,12,15,"1.914505,2.550956,3.260625,4.101979"
step25_llm_zeroshot_v2_blend_w0p0025_l2p0,label_blend,0.0025,2.0,0.6583717733927583,-0.002888784986474602,0.17575335166816466,"{1: 126, 2: 60, 3: 55, 4: 35, 5: 22}","{1: 139, 2: 66, 3: 39, 4: 32, 5: 22}",54,23,31,-0.14814814814814814,0,9,6,13,"1.912192,2.537050,3.246167,4.104319"
step25_llm_zeroshot_v2_resid_w0p0025_l2p0,residual_blend,0.0025,2.0,0.6583717733927583,-0.002888784986474602,0.17575335166816466,"{1: 126, 2: 60, 3: 55, 4: 35, 5: 22}","{1: 139, 2: 66, 3: 39, 4: 32, 5: 22}",54,23,31,-0.14814814814814814,0,9,6,13,"1.912192,2.537050,3.246167,4.104319"
step25_specter2_finetune_blend_w0p0100_l2p0,label_blend,0.01,2.0,0.6583572820899427,-0.002903276289290213,0.18246476106413784,"{1: 125, 2: 63, 3: 54, 4: 34, 5: 22}","{1: 138, 2: 67, 3: 41, 4: 30, 5: 22}",56,25,31,-0.10714285714285714,0,12,8,14,"1.910410,2.541627,3.259202,4.101677"
step25_specter2_finetune_resid_w0p0100_l2p0,residual_blend,0.01,2.0,0.6583572820899427,-0.002903276289290213,0.18246476106413784,"{1: 125, 2: 63, 3: 54, 4: 34, 5: 22}","{1: 138, 2: 67, 3: 41, 4: 30, 5: 22}",56,25,31,-0.10714285714285714,0,12,8,14,"1.910410,2.541627,3.259202,4.101677"
step25_llm_zeroshot_blend_w0p0150_l1p0,label_blend,0.015,1.0,0.6583492531367517,-0.002911305242481177,0.18246476106413786,"{1: 126, 2: 62, 3: 55, 4: 33, 5: 22}","{1: 140, 2: 65, 3: 42, 4: 30, 5: 21}",74,33,41,-0.10810810810810811,0,11,10,18,"1.916758,2.548706,3.251428,4.112364"
step25_llm_zeroshot_resid_w0p0150_l1p0,residual_blend,0.015,1.0,0.6583492531367517,-0.002911305242481177,0.18246476106413786,"{1: 126, 2: 62, 3: 55, 4: 33, 5: 22}","{1: 140, 2: 65, 3: 42, 4: 30, 5: 21}",74,33,41,-0.10810810810810811,0,11,10,18,"1.916758,2.548706,3.251428,4.112364"
step25_llm_zeroshot_blend_w0p0150_l0p5,label_blend,0.015,0.5,0.6583102315224583,-0.0029503268567746543,0.18246476106413784,"{1: 126, 2: 62, 3: 53, 4: 35, 5: 22}","{1: 138, 2: 67, 3: 41, 4: 31, 5: 21}",65,27,38,-0.16923076923076924,0,7,8,17,"1.913951,2.544680,3.244277,4.107621"
step25_llm_zeroshot_resid_w0p0150_l0p5,residual_blend,0.015,0.5,0.6583102315224583,-0.0029503268567746543,0.18246476106413784,"{1: 126, 2: 62, 3: 53, 4: 35, 5: 22}","{1: 138, 2: 67, 3: 41, 4: 31, 5: 21}",65,27,38,-0.16923076923076924,0,7,8,17,"1.913951,2.544680,3.244277,4.107621"
step25_llm_zeroshot_blend_w0p0200_l0p5,label_blend,0.02,0.5,0.6583084108501264,-0.0029521475291065524,0.17575335166816466,"{1: 126, 2: 60, 3: 53, 4: 37, 5: 22}","{1: 137, 2: 68, 3: 40, 4: 31, 5: 22}",60,24,36,-0.2,0,6,8,14,"1.910493,2.530572,3.240989,4.103716"
step25_llm_zeroshot_resid_w0p0200_l0p5,residual_blend,0.02,0.5,0.6583084108501264,-0.0029521475291065524,0.17575335166816466,"{1: 126, 2: 60, 3: 53, 4: 37, 5: 22}","{1: 137, 2: 68, 3: 40, 4: 31, 5: 22}",60,24,36,-0.2,0,6,8,14,"1.910493,2.530572,3.240989,4.103716"
step25_llm_zeroshot_blend_w0p0050_l1p0,label_blend,0.005,1.0,0.6583021278176255,-0.0029584305616073836,0.16904194227219155,"{1: 125, 2: 60, 3: 56, 4: 35, 5: 22}","{1: 139, 2: 65, 3: 39, 4: 32, 5: 23}",51,18,33,-0.29411764705882354,2,8,4,10,"1.910996,2.532315,3.236664,4.075945"
step25_llm_zeroshot_resid_w0p0050_l1p0,residual_blend,0.005,1.0,0.6583021278176255,-0.0029584305616073836,0.16904194227219155,"{1: 125, 2: 60, 3: 56, 4: 35, 5: 22}","{1: 139, 2: 65, 3: 39, 4: 32, 5: 23}",51,18,33,-0.29411764705882354,2,8,4,10,"1.910996,2.532315,3.236664,4.075945"
step25_llm_zeroshot_v2_blend_w0p0050_l4p0,label_blend,0.005,4.0,0.6582817657102957,-0.0029787926689371913,0.1791090563661513,"{1: 126, 2: 61, 3: 54, 4: 35, 5: 22}","{1: 138, 2: 67, 3: 41, 4: 29, 5: 23}",58,25,33,-0.13793103448275862,0,8,7,13,"1.913207,2.543460,3.253234,4.096613"
step25_llm_zeroshot_v2_resid_w0p0050_l4p0,residual_blend,0.005,4.0,0.6582817657102957,-0.0029787926689371913,0.1791090563661513,"{1: 126, 2: 61, 3: 54, 4: 35, 5: 22}","{1: 138, 2: 67, 3: 41, 4: 29, 5: 23}",58,25,33,-0.13793103448275862,0,8,7,13,"1.913207,2.543460,3.253234,4.096613"
step25_llm_zeroshot_blend_w0p0025_l2p0,label_blend,0.0025,2.0,0.6582724815075605,-0.0029880768716724626,0.18582046576212444,"{1: 125, 2: 64, 3: 52, 4: 35, 5: 22}","{1: 139, 2: 66, 3: 41, 4: 29, 5: 23}",60,26,34,-0.13333333333333333,0,10,8,14,"1.911700,2.547058,3.255313,4.091921"
step25_llm_zeroshot_resid_w0p0025_l2p0,residual_blend,0.0025,2.0,0.6582724815075605,-0.0029880768716724626,0.18582046576212444,"{1: 125, 2: 64, 3: 52, 4: 35, 5: 22}","{1: 139, 2: 66, 3: 41, 4: 29, 5: 23}",60,26,34,-0.13333333333333333,0,10,8,14,"1.911700,2.547058,3.255313,4.091921"
step25_llm_zeroshot_blend_w0p0150_l4p0,label_blend,0.015,4.0,0.6582678629849954,-0.002992695394237521,0.1791090563661513,"{1: 126, 2: 61, 3: 54, 4: 35, 5: 22}","{1: 138, 2: 67, 3: 41, 4: 29, 5: 23}",65,26,39,-0.2,1,6,7,15,"1.914141,2.540911,3.245854,4.085443"
step25_llm_zeroshot_resid_w0p0150_l4p0,residual_blend,0.015,4.0,0.6582678629849954,-0.002992695394237521,0.1791090563661513,"{1: 126, 2: 61, 3: 54, 4: 35, 5: 22}","{1: 138, 2: 67, 3: 41, 4: 29, 5: 23}",65,26,39,-0.2,1,6,7,15,"1.914141,2.540911,3.245854,4.085443"
step25_modernbert_best_blend_w0p0150_l2p0,label_blend,0.015,2.0,0.6582631968003234,-0.0029973615789095076,0.1824647610641378,"{1: 126, 2: 62, 3: 53, 4: 35, 5: 22}","{1: 139, 2: 66, 3: 40, 4: 30, 5: 23}",62,27,35,-0.12903225806451613,0,11,8,13,"1.913519,2.545556,3.254752,4.096274"
step25_modernbert_best_resid_w0p0150_l2p0,residual_blend,0.015,2.0,0.6582631968003234,-0.0029973615789095076,0.1824647610641378,"{1: 126, 2: 62, 3: 53, 4: 35, 5: 22}","{1: 139, 2: 66, 3: 40, 4: 30, 5: 23}",62,27,35,-0.12903225806451613,0,11,8,13,"1.913519,2.545556,3.254752,4.096274"
step25_modernbert_second_blend_w0p0150_l2p0,label_blend,0.015,2.0,0.6582631968003234,-0.0029973615789095076,0.1824647610641378,"{1: 126, 2: 62, 3: 53, 4: 35, 5: 22}","{1: 139, 2: 66, 3: 40, 4: 30, 5: 23}",62,27,35,-0.12903225806451613,0,11,8,13,"1.913519,2.545556,3.254752,4.096274"
step25_modernbert_second_resid_w0p0150_l2p0,residual_blend,0.015,2.0,0.6582631968003234,-0.0029973615789095076,0.1824647610641378,"{1: 126, 2: 62, 3: 53, 4: 35, 5: 22}","{1: 139, 2: 66, 3: 40, 4: 30, 5: 23}",62,27,35,-0.12903225806451613,0,11,8,13,"1.913519,2.545556,3.254752,4.096274"
step25_llm_zeroshot_blend_w0p0300_l1p0,label_blend,0.03,1.0,0.6582194383801017,-0.0030411199991312587,0.1858204657621244,"{1: 126, 2: 62, 3: 54, 4: 34, 5: 22}","{1: 139, 2: 67, 3: 42, 4: 28, 5: 22}",82,34,48,-0.17073170731707318,0,8,13,20,"1.914754,2.549460,3.246008,4.095008"
step25_llm_zeroshot_v2_blend_w0p0150_l1p0,label_blend,0.015,1.0,0.6581688310547622,-0.0030917273244707166,0.1824647610641378,"{1: 126, 2: 62, 3: 52, 4: 36, 5: 22}","{1: 137, 2: 68, 3: 41, 4: 29, 5: 23}",63,25,38,-0.20634920634920634,0,5,9,14,"1.911551,2.538401,3.242419,4.080882"
step25_llm_zeroshot_v2_resid_w0p0150_l1p0,residual_blend,0.015,1.0,0.6581688310547622,-0.0030917273244707166,0.1824647610641378,"{1: 126, 2: 62, 3: 52, 4: 36, 5: 22}","{1: 137, 2: 68, 3: 41, 4: 29, 5: 23}",63,25,38,-0.20634920634920634,0,5,9,14,"1.911551,2.538401,3.242419,4.080882"
step25_llm_zeroshot_v2_blend_w0p0200_l1p0,label_blend,0.02,1.0,0.6581626985906732,-0.003097859788559698,0.18246476106413784,"{1: 126, 2: 62, 3: 54, 4: 34, 5: 22}","{1: 138, 2: 67, 3: 41, 4: 30, 5: 22}",62,25,37,-0.1935483870967742,0,5,11,16,"1.912207,2.536815,3.244651,4.088695"
step25_llm_zeroshot_v2_resid_w0p0200_l1p0,residual_blend,0.02,1.0,0.6581626985906732,-0.003097859788559698,0.18246476106413784,"{1: 126, 2: 62, 3: 54, 4: 34, 5: 22}","{1: 138, 2: 67, 3: 41, 4: 30, 5: 22}",62,25,37,-0.1935483870967742,0,5,11,16,"1.912207,2.536815,3.244651,4.088695"
step25_llm_zeroshot_v2_blend_w0p0200_l4p0,label_blend,0.02,4.0,0.6581587501171884,-0.0031018082620445364,0.1858204657621244,"{1: 126, 2: 63, 3: 54, 4: 33, 5: 22}","{1: 138, 2: 67, 3: 42, 4: 29, 5: 22}",66,27,39,-0.18181818181818182,0,5,11,17,"1.913587,2.545578,3.256435,4.085224"
step25_llm_zeroshot_v2_resid_w0p0200_l4p0,residual_blend,0.02,4.0,0.6581587501171884,-0.0031018082620445364,0.1858204657621244,"{1: 126, 2: 63, 3: 54, 4: 33, 5: 22}","{1: 138, 2: 67, 3: 42, 4: 29, 5: 22}",66,27,39,-0.18181818181818182,0,5,11,17,"1.913587,2.545578,3.256435,4.085224"
step25_llm_zeroshot_blend_w0p0300_l0p5,label_blend,0.03,0.5,0.6581561957436467,-0.003104362635586222,0.18246476106413784,"{1: 126, 2: 62, 3: 54, 4: 34, 5: 22}","{1: 140, 2: 65, 3: 45, 4: 25, 5: 23}",88,36,52,-0.18181818181818182,2,9,13,21,"1.920098,2.535089,3.259737,4.072964"
step25_llm_zeroshot_blend_w0p0100_l4p0,label_blend,0.01,4.0,0.6581148265873997,-0.003145731791833195,0.17575335166816472,"{1: 126, 2: 60, 3: 56, 4: 34, 5: 22}","{1: 138, 2: 67, 3: 41, 4: 29, 5: 23}",64,28,36,-0.125,0,8,7,13,"1.913055,2.536734,3.251470,4.099604"
step25_llm_zeroshot_resid_w0p0100_l4p0,residual_blend,0.01,4.0,0.6581148265873997,-0.003145731791833195,0.17575335166816472,"{1: 126, 2: 60, 3: 56, 4: 34, 5: 22}","{1: 138, 2: 67, 3: 41, 4: 29, 5: 23}",64,28,36,-0.125,0,8,7,13,"1.913055,2.536734,3.251470,4.099604"
step25_pairwise_specter2_blend_w0p0050_l0p5,label_blend,0.005,0.5,0.6580759906435736,-0.0031845677356593383,0.17239764697017812,"{1: 125, 2: 61, 3: 55, 4: 35, 5: 22}","{1: 139, 2: 65, 3: 40, 4: 32, 5: 22}",49,19,30,-0.22448979591836735,0,11,5,12,"1.910108,2.529914,3.251543,4.103209"
step25_pairwise_specter2_resid_w0p0050_l0p5,residual_blend,0.005,0.5,0.6580759906435736,-0.0031845677356593383,0.17239764697017812,"{1: 125, 2: 61, 3: 55, 4: 35, 5: 22}","{1: 139, 2: 65, 3: 40, 4: 32, 5: 22}",49,19,30,-0.22448979591836735,0,11,5,12,"1.910108,2.529914,3.251543,4.103209"
step25_llm_zeroshot_blend_w0p0100_l2p0,label_blend,0.01,2.0,0.6580702363635405,-0.0031903220156924705,0.18582046576212438,"{1: 126, 2: 63, 3: 52, 4: 35, 5: 22}","{1: 139, 2: 66, 3: 41, 4: 29, 5: 23}",68,28,40,-0.17647058823529413,1,9,9,14,"1.913789,2.550351,3.246286,4.082602"
step25_llm_zeroshot_resid_w0p0100_l2p0,residual_blend,0.01,2.0,0.6580702363635405,-0.0031903220156924705,0.18582046576212438,"{1: 126, 2: 63, 3: 52, 4: 35, 5: 22}","{1: 139, 2: 66, 3: 41, 4: 29, 5: 23}",68,28,40,-0.17647058823529413,1,9,9,14,"1.913789,2.550351,3.246286,4.082602"
step25_llm_zeroshot_blend_w0p0075_l2p0,label_blend,0.0075,2.0,0.6580119756345937,-0.003248582744639239,0.17910905636615124,"{1: 126, 2: 61, 3: 54, 4: 35, 5: 22}","{1: 139, 2: 66, 3: 41, 4: 29, 5: 23}",62,26,36,-0.16129032258064516,0,9,7,14,"1.913316,2.539715,3.248132,4.085491"
step25_llm_zeroshot_resid_w0p0075_l2p0,residual_blend,0.0075,2.0,0.6580119756345937,-0.003248582744639239,0.17910905636615124,"{1: 126, 2: 61, 3: 54, 4: 35, 5: 22}","{1: 139, 2: 66, 3: 41, 4: 29, 5: 23}",62,26,36,-0.16129032258064516,0,9,7,14,"1.913316,2.539715,3.248132,4.085491"
step25_llm_zeroshot_blend_w0p0300_l2p0,label_blend,0.03,2.0,0.6579503070453874,-0.0033102513338455486,0.18246476106413784,"{1: 126, 2: 62, 3: 54, 4: 34, 5: 22}","{1: 140, 2: 65, 3: 43, 4: 28, 5: 22}",85,34,51,-0.2,2,8,13,20,"1.917198,2.544105,3.246437,4.084549"
step25_scibert_finetune_blend_w0p0200_l0p5,label_blend,0.02,0.5,0.6579321904990558,-0.0033283678801770966,0.16568623757420492,"{1: 124, 2: 60, 3: 58, 4: 34, 5: 22}","{1: 137, 2: 67, 3: 43, 4: 29, 5: 22}",48,21,27,-0.125,0,12,5,13,"1.903368,2.526450,3.267764,4.116900"
step25_scibert_finetune_resid_w0p0200_l0p5,residual_blend,0.02,0.5,0.6579321904990558,-0.0033283678801770966,0.16568623757420492,"{1: 124, 2: 60, 3: 58, 4: 34, 5: 22}","{1: 137, 2: 67, 3: 43, 4: 29, 5: 22}",48,21,27,-0.125,0,12,5,13,"1.903368,2.526450,3.267764,4.116900"
step25_llm_zeroshot_blend_w0p0200_l2p0,label_blend,0.02,2.0,0.6578216376779389,-0.003438920701294035,0.18246476106413786,"{1: 126, 2: 62, 3: 53, 4: 35, 5: 22}","{1: 138, 2: 67, 3: 41, 4: 29, 5: 23}",70,27,43,-0.22857142857142856,1,5,12,15,"1.914529,2.544536,3.243381,4.087144"
step25_llm_zeroshot_resid_w0p0200_l2p0,residual_blend,0.02,2.0,0.6578216376779389,-0.003438920701294035,0.18246476106413786,"{1: 126, 2: 62, 3: 53, 4: 35, 5: 22}","{1: 138, 2: 67, 3: 41, 4: 29, 5: 23}",70,27,43,-0.22857142857142856,1,5,12,15,"1.914529,2.544536,3.243381,4.087144"
step25_pairwise_e5_blend_w0p0050_l0p5,label_blend,0.005,0.5,0.6577459989371401,-0.0035145594420927795,0.18246476106413784,"{1: 125, 2: 63, 3: 53, 4: 35, 5: 22}","{1: 139, 2: 66, 3: 38, 4: 33, 5: 22}",53,20,33,-0.24528301886792453,1,8,7,12,"1.911963,2.544141,3.234979,4.102522"
step25_pairwise_e5_resid_w0p0050_l0p5,residual_blend,0.005,0.5,0.6577459989371401,-0.0035145594420927795,0.18246476106413784,"{1: 125, 2: 63, 3: 53, 4: 35, 5: 22}","{1: 139, 2: 66, 3: 38, 4: 33, 5: 22}",53,20,33,-0.24528301886792453,1,8,7,12,"1.911963,2.544141,3.234979,4.102522"
step25_llm_zeroshot_blend_w0p0300_l4p0,label_blend,0.03,4.0,0.6576410232350444,-0.003619535144188557,0.18246476106413784,"{1: 126, 2: 62, 3: 54, 4: 34, 5: 22}","{1: 139, 2: 66, 3: 43, 4: 28, 5: 22}",77,30,47,-0.22077922077922077,2,8,13,19,"1.913740,2.539089,3.243993,4.086132"
step25_llm_zeroshot_blend_w0p0075_l4p0,label_blend,0.0075,4.0,0.6575544629631727,-0.003706095416060262,0.17575335166816466,"{1: 126, 2: 60, 3: 55, 4: 35, 5: 22}","{1: 139, 2: 66, 3: 41, 4: 29, 5: 23}",59,24,35,-0.1864406779661017,0,8,6,14,"1.912203,2.537343,3.249522,4.093542"
step25_llm_zeroshot_resid_w0p0075_l4p0,residual_blend,0.0075,4.0,0.6575544629631727,-0.003706095416060262,0.17575335166816466,"{1: 126, 2: 60, 3: 55, 4: 35, 5: 22}","{1: 139, 2: 66, 3: 41, 4: 29, 5: 23}",59,24,35,-0.1864406779661017,0,8,6,14,"1.912203,2.537343,3.249522,4.093542"
step25_llm_zeroshot_blend_w0p0200_l4p0,label_blend,0.02,4.0,0.6574224316209676,-0.0038381267582653367,0.1791090563661513,"{1: 126, 2: 61, 3: 54, 4: 35, 5: 22}","{1: 138, 2: 67, 3: 41, 4: 29, 5: 23}",68,26,42,-0.23529411764705882,2,5,11,15,"1.912345,2.537976,3.244043,4.082751"
step25_llm_zeroshot_resid_w0p0200_l4p0,residual_blend,0.02,4.0,0.6574224316209676,-0.0038381267582653367,0.1791090563661513,"{1: 126, 2: 61, 3: 54, 4: 35, 5: 22}","{1: 138, 2: 67, 3: 41, 4: 29, 5: 23}",68,26,42,-0.23529411764705882,2,5,11,15,"1.912345,2.537976,3.244043,4.082751"
