name,model,weight,threshold_lambda,oof_qwk,oof_lift_vs_step18b,oof_lift_vs_step25,test_l1,diff_vs_step25_public,diff_vs_step25_private,diff_vs_step25_total,forbidden_vs_step25,pub_dist,pri_dist,changed,improved,worsened,mean_delta_abs_error,risky_promotions,core_demotions,public_changed,private_changed,forbidden_changes,thresholds
step18b_bge_m3_ridge_a3p0_w0p0375_l4p0,ridge_a3p0,0.0375,4.0,0.6633119832881308,0.0031356475428158115,0.0020514249088978698,0.14890771408427206,6,5,11,0,"{1: 121, 2: 63, 3: 56, 4: 36, 5: 22}","{1: 132, 2: 67, 3: 45, 4: 31, 5: 23}",89,53,36,0.19101123595505617,24,18,9,9,0,"1.893652,2.499663,3.244018,4.088896"
step18b_bge_m3_ridge_a3p0_w0p0300_l4p0,ridge_a3p0,0.03,4.0,0.663105276744804,0.002928940999489038,0.0018447183655710964,0.14555200938628546,4,5,9,0,"{1: 120, 2: 63, 3: 57, 4: 36, 5: 22}","{1: 132, 2: 67, 3: 45, 4: 31, 5: 23}",68,43,25,0.2647058823529412,20,15,9,9,0,"1.888220,2.498707,3.238934,4.091355"
step18b_bge_m3_ridge_a3p0_w0p0350_l4p0,ridge_a3p0,0.035,4.0,0.6627263894593892,0.0025500537140742408,0.001465831080156299,0.14890771408427203,6,4,10,0,"{1: 123, 2: 61, 3: 55, 4: 36, 5: 23}","{1: 133, 2: 66, 3: 45, 4: 31, 5: 23}",83,47,36,0.13253012048192772,24,14,9,8,0,"1.898589,2.499988,3.236908,4.075740"
step18b_bge_m3_ridge_a30p0_w0p0325_l2p0,ridge_a30p0,0.0325,2.0,0.6622263215810812,0.0020499858357662104,0.0009657632018482687,0.14890771408427206,7,9,16,0,"{1: 119, 2: 64, 3: 56, 4: 36, 5: 23}","{1: 129, 2: 71, 3: 43, 4: 31, 5: 24}",56,31,25,0.10714285714285714,25,8,10,13,0,"1.876032,2.496521,3.220082,4.061706"
step18b_bge_m3_ridge_a3p0_w0p0275_l4p0,ridge_a3p0,0.0275,4.0,0.6620979854294228,0.0019216496841077957,0.000837427050189854,0.14890771408427203,3,2,5,0,"{1: 122, 2: 61, 3: 56, 4: 37, 5: 22}","{1: 134, 2: 66, 3: 44, 4: 31, 5: 23}",61,36,25,0.18032786885245902,14,12,6,6,0,"1.894536,2.499977,3.234838,4.078996"
step18b_bge_m3_ridge_a1000p0_w0p0400_l0p5,ridge_a1000p0,0.04,0.5,0.6615971855888028,0.0014208498434877814,0.0003366272095698397,0.18582046576212438,12,20,32,1,"{1: 126, 2: 63, 3: 54, 4: 34, 5: 21}","{1: 143, 2: 62, 3: 42, 4: 29, 5: 22}",124,71,53,0.14516129032258066,0,29,15,18,0,"1.928661,2.546310,3.258578,4.111337"
step18b_bge_m3_ridge_a300p0_w0p0400_l1p0,ridge_a300p0,0.04,1.0,0.6614505319689861,0.0012741962236710869,0.00018997358975314516,0.17239764697017812,8,14,22,1,"{1: 124, 2: 63, 3: 55, 4: 34, 5: 22}","{1: 140, 2: 63, 3: 41, 4: 32, 5: 22}",91,52,39,0.14285714285714285,1,18,11,14,0,"1.915813,2.527223,3.246460,4.087393"
step18b_bge_m3_ridge_a300p0_w0p0400_l4p0,ridge_a300p0,0.04,4.0,0.6613586379978531,0.0011823022525381255,9.807961862018377e-05,0.17575335166816466,7,15,22,1,"{1: 125, 2: 62, 3: 55, 4: 34, 5: 22}","{1: 140, 2: 64, 3: 40, 4: 32, 5: 22}",99,56,43,0.13131313131313133,1,19,10,15,0,"1.917409,2.540173,3.245256,4.082405"
step18b_bge_m3_ridge_a3p0_w0p0375_l0p5,ridge_a3p0,0.0375,0.5,0.6613366310280586,0.0011602952827436397,7.607264882569797e-05,0.18582046576212438,12,12,24,0,"{1: 123, 2: 68, 3: 51, 4: 35, 5: 21}","{1: 137, 2: 66, 3: 44, 4: 29, 5: 22}",123,70,53,0.13821138211382114,9,31,17,14,0,"1.902700,2.557291,3.265921,4.147594"
step18b_bge_m3_ridge_a30p0_w0p0350_l4p0,ridge_a30p0,0.035,4.0,0.6612697033650952,0.0010933676197801834,9.144985862241661e-06,0.1723976469701781,6,14,20,0,"{1: 124, 2: 63, 3: 55, 4: 34, 5: 22}","{1: 141, 2: 62, 3: 43, 4: 29, 5: 23}",91,52,39,0.14285714285714285,3,18,11,16,0,"1.917700,2.539694,3.249949,4.088076"
step18b_bge_m3_ridge_a300p0_w0p0375_l0p5,ridge_a300p0,0.0375,0.5,0.6612665146959662,0.0010901789506512216,5.956316733279898e-06,0.1757533516681647,9,18,27,1,"{1: 125, 2: 62, 3: 56, 4: 34, 5: 21}","{1: 141, 2: 63, 3: 43, 4: 30, 5: 21}",104,59,45,0.1346153846153846,0,25,12,18,0,"1.917366,2.535427,3.259063,4.108794"
step18b_bge_m3_ridge_a100p0_w0p0375_l2p0,ridge_a100p0,0.0375,2.0,0.6611392322250402,0.0009628964797252504,-0.00012132615419269133,0.17239764697017815,7,12,19,0,"{1: 123, 2: 64, 3: 55, 4: 34, 5: 22}","{1: 141, 2: 62, 3: 41, 4: 31, 5: 23}",82,48,34,0.17073170731707318,2,16,12,14,0,"1.913578,2.529450,3.244285,4.082556"
step18b_bge_m3_huber_w0p0300_l0p5,huber,0.03,0.5,0.6611234601998837,0.0009471244545686819,-0.00013709817934925983,0.1522634187822586,5,5,10,0,"{1: 122, 2: 62, 3: 56, 4: 36, 5: 22}","{1: 132, 2: 68, 3: 43, 4: 32, 5: 23}",92,49,43,0.06521739130434782,26,17,10,7,0,"1.889524,2.504653,3.242931,4.083803"
step18b_bge_m3_ridge_a100p0_w0p0375_l1p0,ridge_a100p0,0.0375,1.0,0.6611138767185851,0.0009375409732701456,-0.00014668166064779609,0.17239764697017812,7,12,19,0,"{1: 123, 2: 64, 3: 55, 4: 34, 5: 22}","{1: 141, 2: 62, 3: 40, 4: 33, 5: 22}",84,49,35,0.16666666666666666,2,16,12,12,0,"1.912931,2.531628,3.237827,4.090073"
step18b_bge_m3_ridge_a100p0_w0p0350_l0p5,ridge_a100p0,0.035,0.5,0.6610899189657728,0.0009135832204578698,-0.00017063941346007194,0.17575335166816466,7,16,23,0,"{1: 123, 2: 64, 3: 55, 4: 34, 5: 22}","{1: 141, 2: 63, 3: 43, 4: 28, 5: 23}",93,54,39,0.16129032258064516,1,21,12,18,0,"1.912009,2.533831,3.259389,4.085287"
step18b_bge_m3_ridge_a30p0_w0p0375_l4p0,ridge_a30p0,0.0375,4.0,0.6610825835621181,0.0009062478168031518,-0.0001779748171147899,0.17239764697017815,7,12,19,0,"{1: 123, 2: 64, 3: 55, 4: 34, 5: 22}","{1: 141, 2: 62, 3: 41, 4: 31, 5: 23}",89,50,39,0.12359550561797752,3,17,12,14,0,"1.918598,2.537327,3.241420,4.087217"
step18b_bge_m3_ridge_a100p0_w0p0400_l4p0,ridge_a100p0,0.04,4.0,0.6610713343461241,0.0008949986008091049,-0.00018922403310883684,0.17575335166816472,7,14,21,0,"{1: 123, 2: 64, 3: 55, 4: 34, 5: 22}","{1: 141, 2: 63, 3: 41, 4: 30, 5: 23}",96,54,42,0.125,2,19,12,16,0,"1.917327,2.537410,3.245961,4.085270"
step18b_bge_m3_ridge_a3p0_w0p0275_l0p5,ridge_a3p0,0.0275,0.5,0.6610552930944673,0.0008789573491523317,-0.00020526528476561,0.15561912348024518,5,5,10,0,"{1: 123, 2: 61, 3: 56, 4: 35, 5: 23}","{1: 135, 2: 66, 3: 43, 4: 30, 5: 24}",75,39,36,0.04,18,13,10,7,0,"1.904514,2.509639,3.237922,4.063111"
step18b_bge_m3_ridge_a300p0_w0p0400_l0p5,ridge_a300p0,0.04,0.5,0.6610358452732222,0.000859509527907254,-0.00022471310601068772,0.1723976469701781,9,13,22,1,"{1: 123, 2: 64, 3: 55, 4: 34, 5: 22}","{1: 140, 2: 63, 3: 40, 4: 33, 5: 22}",83,46,37,0.10843373493975904,3,14,12,13,0,"1.910323,2.530636,3.232546,4.085560"
step18b_bge_m3_ridge_a30p0_w0p0350_l2p0,ridge_a30p0,0.035,2.0,0.6610316173284575,0.0008552815831425198,-0.00022894105077542193,0.1723976469701781,6,12,18,0,"{1: 124, 2: 63, 3: 55, 4: 34, 5: 22}","{1: 141, 2: 62, 3: 41, 4: 31, 5: 23}",90,51,39,0.13333333333333333,3,18,11,14,0,"1.918165,2.540294,3.243626,4.087917"
step18b_bge_m3_ridge_a30p0_w0p0325_l0p5,ridge_a30p0,0.0325,0.5,0.6609826236838516,0.0008062879385366539,-0.0002779346953812878,0.17239764697017812,6,13,19,0,"{1: 124, 2: 63, 3: 55, 4: 34, 5: 22}","{1: 140, 2: 63, 3: 41, 4: 33, 5: 21}",96,55,41,0.14583333333333334,3,23,11,13,0,"1.914709,2.540224,3.247136,4.113292"
step18b_bge_m3_ridge_a30p0_w0p0325_l1p0,ridge_a30p0,0.0325,1.0,0.6609027069480078,0.0007263712026928104,-0.0003578514312251313,0.17910905636615124,7,13,20,0,"{1: 124, 2: 64, 3: 54, 4: 34, 5: 22}","{1: 141, 2: 63, 3: 40, 4: 31, 5: 23}",88,50,38,0.13636363636363635,3,18,12,15,0,"1.916227,2.544497,3.243246,4.087551"
step18b_bge_m3_ridge_a30p0_w0p0300_l1p0,ridge_a30p0,0.03,1.0,0.6608736976351919,0.0006973618898769018,-0.00038686074404103987,0.1723976469701781,6,12,18,0,"{1: 124, 2: 63, 3: 55, 4: 34, 5: 22}","{1: 141, 2: 62, 3: 41, 4: 31, 5: 23}",85,48,37,0.12941176470588237,2,17,11,14,0,"1.914853,2.535642,3.246422,4.086951"
step18b_bge_m3_ridge_a100p0_w0p0400_l0p5,ridge_a100p0,0.04,0.5,0.6608420751483768,0.0006657394030618047,-0.00041848323085613703,0.1757533516681647,7,15,22,0,"{1: 123, 2: 64, 3: 55, 4: 34, 5: 22}","{1: 141, 2: 63, 3: 40, 4: 33, 5: 21}",96,54,42,0.125,2,20,12,15,0,"1.917280,2.536326,3.243728,4.095677"
step18b_bge_m3_ridge_a1000p0_w0p0375_l0p5,ridge_a1000p0,0.0375,0.5,0.6608308057267477,0.0006544699814327037,-0.000429752652485238,0.19253187515809755,14,22,36,1,"{1: 127, 2: 64, 3: 52, 4: 33, 5: 22}","{1: 145, 2: 60, 3: 42, 4: 29, 5: 22}",128,70,58,0.09375,0,25,17,20,0,"1.935397,2.555249,3.257811,4.081680"
step18b_bge_m3_ridge_a1000p0_w0p0200_l0p5,ridge_a1000p0,0.02,0.5,0.6608253152202124,0.0006489794748973932,-0.00043524315902054855,0.1684795186299468,5,11,16,1,"{1: 126, 2: 59, 3: 56, 4: 35, 5: 22}","{1: 140, 2: 63, 3: 40, 4: 33, 5: 22}",70,38,32,0.08571428571428572,0,16,8,9,0,"1.916275,2.526324,3.240459,4.081108"
step18b_bge_m3_ridge_a30p0_w0p0400_l4p0,ridge_a30p0,0.04,4.0,0.6607973161858125,0.0006209804404975205,-0.00046324219342042117,0.1723976469701781,8,14,22,0,"{1: 124, 2: 63, 3: 55, 4: 34, 5: 22}","{1: 143, 2: 60, 3: 41, 4: 31, 5: 23}",95,52,43,0.09473684210526316,4,19,13,16,0,"1.920940,2.537303,3.242950,4.085384"
step18b_bge_m3_ridge_a300p0_w0p0325_l4p0,ridge_a300p0,0.0325,4.0,0.6607890071360989,0.0006126713907839143,-0.0004715512431340274,0.18246476106413784,8,15,23,1,"{1: 125, 2: 63, 3: 54, 4: 34, 5: 22}","{1: 141, 2: 64, 3: 39, 4: 32, 5: 22}",97,55,42,0.13402061855670103,0,18,11,13,0,"1.916822,2.543403,3.248270,4.096459"
step18b_bge_m3_ridge_a1000p0_w0p0225_l0p5,ridge_a1000p0,0.0225,0.5,0.660760033353172,0.0005836976078570366,-0.0005005250260609051,0.1723976469701781,5,10,15,1,"{1: 124, 2: 63, 3: 54, 4: 35, 5: 22}","{1: 137, 2: 66, 3: 40, 4: 33, 5: 22}",66,37,29,0.12121212121212122,0,15,8,8,0,"1.901485,2.528668,3.246590,4.079736"
step18b_bge_m3_ridge_a30p0_w0p0275_l2p0,ridge_a30p0,0.0275,2.0,0.660702984008225,0.0005266482629100455,-0.0005575743710078962,0.16904194227219152,4,10,14,0,"{1: 124, 2: 62, 3: 55, 4: 35, 5: 22}","{1: 139, 2: 64, 3: 41, 4: 31, 5: 23}",82,46,36,0.12195121951219512,1,18,9,12,0,"1.912169,2.534973,3.245901,4.090184"
step18b_bge_m3_ridge_a100p0_w0p0325_l1p0,ridge_a100p0,0.0325,1.0,0.6606777727957285,0.0005014370504135002,-0.0005827855835044415,0.1723976469701781,8,11,19,1,"{1: 126, 2: 61, 3: 55, 4: 34, 5: 22}","{1: 141, 2: 62, 3: 40, 4: 32, 5: 23}",81,45,36,0.1111111111111111,1,16,11,13,0,"1.916182,2.529533,3.238058,4.083243"
step18b_bge_m3_ridge_a10p0_w0p0400_l0p5,ridge_a10p0,0.04,0.5,0.6606532969222532,0.0004769611769381843,-0.0006072614569797574,0.1757533516681646,9,14,23,0,"{1: 123, 2: 65, 3: 54, 4: 35, 5: 21}","{1: 139, 2: 64, 3: 44, 4: 29, 5: 22}",112,63,49,0.125,7,26,14,16,0,"1.911093,2.545597,3.261293,4.106896"
step18b_bge_m3_ridge_a10p0_w0p0325_l0p5,ridge_a10p0,0.0325,0.5,0.6606456085061755,0.0004692727608605063,-0.0006149498730574354,0.17910905636615124,9,12,21,0,"{1: 123, 2: 66, 3: 53, 4: 34, 5: 22}","{1: 138, 2: 65, 3: 44, 4: 28, 5: 23}",100,56,44,0.12,5,20,14,14,0,"1.910176,2.553798,3.256305,4.090770"
step18b_bge_m3_ridge_a1000p0_w0p0125_l1p0,ridge_a1000p0,0.0125,1.0,0.6606035631727052,0.0004272274273902088,-0.0006569952065277329,0.17910905636615124,7,12,19,1,"{1: 126, 2: 61, 3: 54, 4: 35, 5: 22}","{1: 139, 2: 66, 3: 38, 4: 33, 5: 22}",89,49,40,0.10112359550561797,0,21,10,10,0,"1.911985,2.536093,3.248066,4.128079"
step18b_bge_m3_ridge_a30p0_w0p0375_l1p0,ridge_a30p0,0.0375,1.0,0.6605993237651446,0.00042298801982965095,-0.0006612346140882908,0.1723976469701781,7,11,18,0,"{1: 123, 2: 64, 3: 55, 4: 34, 5: 22}","{1: 139, 2: 64, 3: 42, 4: 30, 5: 23}",87,49,38,0.12643678160919541,3,17,12,13,0,"1.915358,2.535530,3.246327,4.088694"
step18b_bge_m3_ridge_a100p0_w0p0350_l2p0,ridge_a100p0,0.035,2.0,0.6605885118252004,0.00041217607988541793,-0.0006720465540325238,0.1723976469701781,6,11,17,0,"{1: 124, 2: 63, 3: 55, 4: 34, 5: 22}","{1: 141, 2: 62, 3: 40, 4: 32, 5: 23}",89,50,39,0.12359550561797752,2,16,11,13,0,"1.913441,2.532970,3.242916,4.084174"
step18b_bge_m3_ridge_a1000p0_w0p0100_l0p5,ridge_a1000p0,0.01,0.5,0.660572522094802,0.0003961863494870155,-0.0006880362844309262,0.19253187515809755,12,18,30,1,"{1: 126, 2: 65, 3: 50, 4: 36, 5: 21}","{1: 142, 2: 63, 3: 41, 4: 30, 5: 22}",129,71,58,0.10077519379844961,0,29,15,16,0,"1.927195,2.559095,3.262895,4.129399"
step18b_bge_m3_ridge_a100p0_w0p0375_l4p0,ridge_a100p0,0.0375,4.0,0.6605662754014827,0.00038993965616773707,-0.0006942829777502046,0.17239764697017815,7,13,20,0,"{1: 123, 2: 64, 3: 55, 4: 34, 5: 22}","{1: 141, 2: 62, 3: 42, 4: 30, 5: 23}",93,52,41,0.11827956989247312,2,18,12,15,0,"1.916010,2.533143,3.247036,4.082215"
step18b_bge_m3_ridge_a30p0_w0p0300_l4p0,ridge_a30p0,0.03,4.0,0.6605557630390684,0.00037942729375339823,-0.0007047953401645435,0.1723976469701781,6,12,18,0,"{1: 124, 2: 63, 3: 55, 4: 34, 5: 22}","{1: 141, 2: 62, 3: 41, 4: 31, 5: 23}",86,48,38,0.11627906976744186,2,18,11,14,0,"1.914825,2.539877,3.247789,4.084841"
step18b_bge_m3_ridge_a30p0_w0p0325_l4p0,ridge_a30p0,0.0325,4.0,0.6605557630390684,0.00037942729375339823,-0.0007047953401645435,0.17239764697017815,7,12,19,0,"{1: 125, 2: 62, 3: 55, 4: 34, 5: 22}","{1: 141, 2: 62, 3: 41, 4: 31, 5: 23}",86,48,38,0.11627906976744186,2,18,12,14,0,"1.917361,2.538048,3.243529,4.089290"
step18b_bge_m3_ridge_a300p0_w0p0400_l2p0,ridge_a300p0,0.04,2.0,0.6605440086653724,0.0003676729200574602,-0.0007165497138604815,0.17575335166816466,7,15,22,1,"{1: 125, 2: 62, 3: 55, 4: 34, 5: 22}","{1: 140, 2: 64, 3: 40, 4: 32, 5: 22}",95,53,42,0.11578947368421053,1,17,10,15,0,"1.917423,2.538027,3.243317,4.082597"
step18b_bge_m3_ridge_a30p0_w0p0350_l1p0,ridge_a30p0,0.035,1.0,0.6605360469703239,0.0003597112250088852,-0.0007245114089090565,0.1824647610641378,8,11,19,0,"{1: 123, 2: 66, 3: 52, 4: 35, 5: 22}","{1: 140, 2: 64, 3: 39, 4: 32, 5: 23}",89,49,40,0.10112359550561797,4,17,13,13,0,"1.916204,2.546131,3.236418,4.085854"
step18b_bge_m3_ridge_a1000p0_w0p0325_l0p5,ridge_a1000p0,0.0325,0.5,0.6604997248311787,0.0003233890858637123,-0.0007608335480542294,0.18917617046011098,16,24,40,1,"{1: 126, 2: 64, 3: 54, 4: 35, 5: 19}","{1: 144, 2: 61, 3: 44, 4: 28, 5: 21}",142,79,63,0.11267605633802817,0,37,19,22,0,"1.925378,2.553093,3.292587,4.135469"
step18b_bge_m3_ridge_a30p0_w0p0375_l2p0,ridge_a30p0,0.0375,2.0,0.6604270222866213,0.00025068654130633305,-0.0008335360926116087,0.1723976469701781,7,12,19,0,"{1: 123, 2: 64, 3: 55, 4: 34, 5: 22}","{1: 140, 2: 63, 3: 42, 4: 30, 5: 23}",90,50,40,0.1111111111111111,4,18,12,14,0,"1.917492,2.540525,3.246796,4.085887"
step18b_bge_m3_huber_w0p0200_l0p5,huber,0.02,0.5,0.6603338379616233,0.00015750221630828065,-0.0009267204176096611,0.1556191234802452,2,5,7,0,"{1: 124, 2: 60, 3: 57, 4: 35, 5: 22}","{1: 135, 2: 66, 3: 42, 4: 32, 5: 23}",71,39,32,0.09859154929577464,7,17,7,5,0,"1.898526,2.514878,3.251888,4.102729"
step18b_bge_m3_ridge_a300p0_w0p0350_l1p0,ridge_a300p0,0.035,1.0,0.6603060150163558,0.00012967927104079457,-0.0009545433628771471,0.18246476106413784,8,14,22,1,"{1: 125, 2: 63, 3: 54, 4: 34, 5: 22}","{1: 141, 2: 64, 3: 38, 4: 33, 5: 22}",92,51,41,0.10869565217391304,1,17,11,12,0,"1.916476,2.540231,3.242442,4.088511"
step18b_bge_m3_ridge_a100p0_w0p0300_l0p5,ridge_a100p0,0.03,0.5,0.660300180797391,0.00012384505207596597,-0.0009603775818419757,0.1858204657621244,10,17,27,1,"{1: 125, 2: 64, 3: 54, 4: 33, 5: 22}","{1: 140, 2: 65, 3: 42, 4: 29, 5: 22}",107,58,49,0.08411214953271028,0,26,13,15,0,"1.913484,2.546607,3.271285,4.108874"
step18b_bge_m3_ridge_a300p0_w0p0175_l0p5,ridge_a300p0,0.0175,0.5,0.6602800480494676,0.00010371230415262556,-0.0009805103297653162,0.19253187515809755,14,17,31,1,"{1: 126, 2: 65, 3: 53, 4: 32, 5: 22}","{1: 140, 2: 65, 3: 42, 4: 29, 5: 22}",132,71,61,0.07575757575757576,0,33,17,15,0,"1.919669,2.562906,3.291456,4.130172"
step18b_bge_m3_ridge_a1000p0_w0p0175_l0p5,ridge_a1000p0,0.0175,0.5,0.660261058281308,8.472253599300927e-05,-0.0009995000979249324,0.17910905636615126,7,15,22,1,"{1: 126, 2: 61, 3: 54, 4: 35, 5: 22}","{1: 140, 2: 65, 3: 40, 4: 31, 5: 22}",87,48,39,0.10344827586206896,0,20,10,13,0,"1.914113,2.533742,3.260581,4.111070"
step18b_bge_m3_ridge_a30p0_w0p0300_l0p5,ridge_a30p0,0.03,0.5,0.6602481051292519,7.17693839369371e-05,-0.0010124532499810046,0.1925318751580976,12,18,30,0,"{1: 124, 2: 67, 3: 52, 4: 34, 5: 21}","{1: 140, 2: 65, 3: 42, 4: 30, 5: 21}",124,69,55,0.11290322580645161,1,33,17,16,0,"1.913956,2.559775,3.274049,4.138867"
step18b_bge_m3_ridge_a1000p0_w0p0400_l2p0,ridge_a1000p0,0.04,2.0,0.6602373552130765,6.10194677614917e-05,-0.00102320316615645,0.1858204657621244,9,14,23,1,"{1: 125, 2: 64, 3: 53, 4: 34, 5: 22}","{1: 141, 2: 64, 3: 38, 4: 33, 5: 22}",95,53,42,0.11578947368421053,0,16,12,12,0,"1.920864,2.538528,3.241846,4.087197"
step18b_bge_m3_ridge_a100p0_w0p0275_l0p5,ridge_a100p0,0.0275,0.5,0.6602284574965561,5.2121751241140934e-05,-0.0010321008826768008,0.16233053287621835,2,7,9,0,"{1: 123, 2: 62, 3: 56, 4: 35, 5: 22}","{1: 137, 2: 65, 3: 41, 4: 33, 5: 22}",62,33,29,0.06451612903225806,2,13,7,7,0,"1.902864,2.519330,3.241857,4.101676"
step18b_bge_m3_ridge_a30p0_w0p0150_l0p5,ridge_a30p0,0.015,0.5,0.6602232079955013,4.687225018629171e-05,-0.00103735038373165,0.15897482817823175,1,6,7,0,"{1: 123, 2: 61, 3: 57, 4: 35, 5: 22}","{1: 135, 2: 67, 3: 42, 4: 32, 5: 22}",57,32,25,0.12280701754385964,3,14,6,4,0,"1.892422,2.514208,3.251173,4.099015"
step18b_bge_m3_ridge_a30p0_w0p0250_l0p5,ridge_a30p0,0.025,0.5,0.6602130074912056,3.667174589061517e-05,-0.0010475508880273265,0.1723976469701781,5,12,17,1,"{1: 125, 2: 61, 3: 55, 4: 35, 5: 22}","{1: 140, 2: 64, 3: 40, 4: 31, 5: 23}",84,46,38,0.09523809523809523,1,18,8,12,0,"1.913371,2.535581,3.247252,4.082081"
step18b_bge_m3_ridge_a30p0_w0p0250_l1p0,ridge_a30p0,0.025,1.0,0.6601709031039764,-5.432641338565247e-06,-0.001089655275256507,0.16904194227219152,5,11,16,1,"{1: 125, 2: 61, 3: 55, 4: 35, 5: 22}","{1: 140, 2: 63, 3: 41, 4: 31, 5: 23}",83,46,37,0.10843373493975904,0,18,8,13,0,"1.913303,2.534220,3.245158,4.084905"
step18b_bge_m3_ridge_a10p0_w0p0300_l4p0,ridge_a10p0,0.03,4.0,0.6601680118762248,-8.323869090220981e-06,-0.0010925465030081627,0.1791090563661513,8,12,20,0,"{1: 124, 2: 65, 3: 53, 4: 34, 5: 22}","{1: 140, 2: 63, 3: 42, 4: 30, 5: 23}",98,53,45,0.08163265306122448,4,21,13,14,0,"1.918259,2.545985,3.250376,4.096039"
step18b_bge_m3_ridge_a30p0_w0p0400_l2p0,ridge_a30p0,0.04,2.0,0.6601586730269191,-1.766271839587219e-05,-0.001101885352313814,0.1723976469701781,7,13,20,0,"{1: 123, 2: 64, 3: 55, 4: 34, 5: 22}","{1: 140, 2: 63, 3: 43, 4: 29, 5: 23}",93,51,42,0.0967741935483871,4,20,12,15,0,"1.916046,2.540922,3.248372,4.087718"
step18b_bge_m3_ridge_a300p0_w0p0250_l0p5,ridge_a300p0,0.025,0.5,0.6601550963319467,-2.1239413368290272e-05,-0.001105462047286232,0.1858204657621244,10,16,26,1,"{1: 126, 2: 63, 3: 53, 4: 34, 5: 22}","{1: 141, 2: 64, 3: 40, 4: 31, 5: 22}",102,57,45,0.11764705882352941,0,24,13,14,0,"1.916783,2.544350,3.256627,4.117784"
step18b_bge_m3_ridge_a100p0_w0p0300_l1p0,ridge_a100p0,0.03,1.0,0.6601454680541772,-3.086769113780363e-05,-0.0011150903250557453,0.1858204657621244,10,17,27,1,"{1: 126, 2: 63, 3: 53, 4: 34, 5: 22}","{1: 141, 2: 64, 3: 41, 4: 30, 5: 22}",94,52,42,0.10638297872340426,0,20,13,15,0,"1.915295,2.547208,3.255855,4.088622"
step18b_bge_m3_ridge_a1000p0_w0p0350_l0p5,ridge_a1000p0,0.035,0.5,0.6601329922486558,-4.334349665913173e-05,-0.0011275661305770734,0.18582046576212438,10,16,26,1,"{1: 126, 2: 63, 3: 52, 4: 34, 5: 23}","{1: 143, 2: 62, 3: 38, 4: 33, 5: 22}",93,51,42,0.0967741935483871,0,18,13,14,0,"1.923338,2.543547,3.234330,4.074492"
step18b_bge_m3_ridge_a30p0_w0p0300_l2p0,ridge_a30p0,0.03,2.0,0.6601236392852189,-5.269646009609108e-05,-0.0011369190940140328,0.1791090563661513,8,13,21,0,"{1: 125, 2: 63, 3: 54, 4: 34, 5: 22}","{1: 141, 2: 63, 3: 40, 4: 31, 5: 23}",88,49,39,0.11363636363636363,1,18,13,15,0,"1.917193,2.543974,3.246868,4.090112"
step18b_bge_m3_ridge_a1000p0_w0p0400_l1p0,ridge_a1000p0,0.04,1.0,0.660093837419403,-8.249832591200601e-05,-0.0011667209598299477,0.1757533516681647,7,13,20,1,"{1: 125, 2: 62, 3: 55, 4: 34, 5: 22}","{1: 141, 2: 63, 3: 39, 4: 33, 5: 22}",88,48,40,0.09090909090909091,0,15,10,11,0,"1.919863,2.530617,3.237725,4.088464"
step18b_bge_m3_ridge_a30p0_w0p0400_l0p5,ridge_a30p0,0.04,0.5,0.6600792940965573,-9.704164875767862e-05,-0.0011812642826756203,0.1723976469701781,6,12,18,0,"{1: 122, 2: 65, 3: 55, 4: 34, 5: 22}","{1: 139, 2: 64, 3: 43, 4: 29, 5: 23}",95,53,42,0.11578947368421053,5,21,11,14,0,"1.910716,2.542679,3.248966,4.088942"
step18b_bge_m3_ridge_a100p0_w0p0350_l4p0,ridge_a100p0,0.035,4.0,0.6600681273085187,-0.00010820843679626435,-0.001192431070714206,0.17575335166816466,6,14,20,0,"{1: 124, 2: 63, 3: 55, 4: 34, 5: 22}","{1: 141, 2: 63, 3: 41, 4: 30, 5: 23}",91,50,41,0.0989010989010989,1,18,11,16,0,"1.913899,2.535792,3.247153,4.085149"
step18b_bge_m3_ridge_a100p0_w0p0300_l4p0,ridge_a100p0,0.03,4.0,0.6600681273085187,-0.00010820843679626435,-0.001192431070714206,0.1791090563661513,8,15,23,1,"{1: 126, 2: 61, 3: 55, 4: 34, 5: 22}","{1: 142, 2: 63, 3: 39, 4: 31, 5: 23}",89,49,40,0.10112359550561797,0,17,11,15,0,"1.915581,2.536521,3.247313,4.084297"
step18b_bge_m3_ridge_a300p0_w0p0375_l1p0,ridge_a300p0,0.0375,1.0,0.6600649392899496,-0.00011139645536539788,-0.0011956190892833396,0.1757533516681647,8,14,22,1,"{1: 124, 2: 63, 3: 55, 4: 34, 5: 22}","{1: 140, 2: 64, 3: 39, 4: 33, 5: 22}",91,51,40,0.12087912087912088,2,17,11,14,0,"1.912444,2.533816,3.242774,4.091240"
step18b_bge_m3_ridge_a300p0_w0p0225_l0p5,ridge_a300p0,0.0225,0.5,0.6600466547129435,-0.00012968103237143147,-0.0012139036662893732,0.1858204657621244,11,17,28,1,"{1: 126, 2: 63, 3: 54, 4: 33, 5: 22}","{1: 140, 2: 65, 3: 42, 4: 29, 5: 22}",108,59,49,0.09259259259259259,0,25,14,15,0,"1.916652,2.548967,3.283714,4.116065"
step18b_bge_m3_ridge_a30p0_w0p0275_l0p5,ridge_a30p0,0.0275,0.5,0.660019073799385,-0.00015726194593002063,-0.0012414845798479623,0.19253187515809755,13,18,31,1,"{1: 126, 2: 65, 3: 52, 4: 33, 5: 22}","{1: 141, 2: 64, 3: 42, 4: 29, 5: 22}",125,68,57,0.088,0,28,16,16,0,"1.917068,2.566277,3.275026,4.107490"
step18b_bge_m3_ridge_a10p0_w0p0400_l1p0,ridge_a10p0,0.04,1.0,0.6600167956211331,-0.00015954012418184504,-0.0012437627580997868,0.17910905636615126,9,16,25,0,"{1: 123, 2: 66, 3: 53, 4: 34, 5: 22}","{1: 141, 2: 62, 3: 44, 4: 29, 5: 22}",119,64,55,0.07563025210084033,4,28,14,18,0,"1.921886,2.550828,3.256763,4.099873"
step18b_bge_m3_ridge_a100p0_w0p0400_l2p0,ridge_a100p0,0.04,2.0,0.6600043855751334,-0.00017195017018156733,-0.001256172804099509,0.17575335166816472,7,15,22,0,"{1: 123, 2: 64, 3: 55, 4: 34, 5: 22}","{1: 141, 2: 63, 3: 42, 4: 29, 5: 23}",105,56,49,0.06666666666666667,1,22,12,17,0,"1.919624,2.545378,3.250202,4.086050"
step18b_bge_m3_ridge_a300p0_w0p0325_l1p0,ridge_a300p0,0.0325,1.0,0.6599505912047713,-0.00022574454054369308,-0.0013099671744616348,0.17910905636615126,7,14,21,1,"{1: 125, 2: 62, 3: 55, 4: 34, 5: 22}","{1: 141, 2: 64, 3: 38, 4: 33, 5: 22}",90,49,41,0.08888888888888889,0,17,10,12,0,"1.916735,2.531996,3.244873,4.091976"
step18b_bge_m3_ridge_a10p0_w0p0375_l2p0,ridge_a10p0,0.0375,2.0,0.6599474880807619,-0.00022884766455311123,-0.001313070298471053,0.17575335166816464,8,15,23,0,"{1: 123, 2: 65, 3: 54, 4: 34, 5: 22}","{1: 140, 2: 63, 3: 44, 4: 29, 5: 22}",107,58,49,0.08411214953271028,5,24,13,17,0,"1.916728,2.544750,3.253959,4.097616"
step18b_bge_m3_ridge_a300p0_w0p0200_l0p5,ridge_a300p0,0.02,0.5,0.6599332121577879,-0.0002431235875270943,-0.001327346221445036,0.18246476106413784,8,15,23,1,"{1: 126, 2: 62, 3: 53, 4: 35, 5: 22}","{1: 140, 2: 65, 3: 40, 4: 31, 5: 22}",99,54,45,0.09090909090909091,0,23,11,13,0,"1.919678,2.539104,3.256146,4.119494"
step18b_bge_m3_huber_w0p0250_l0p5,huber,0.025,0.5,0.6599323151821027,-0.00024402056321226606,-0.0013282431971302078,0.15561912348024518,3,8,11,0,"{1: 124, 2: 60, 3: 56, 4: 36, 5: 22}","{1: 138, 2: 63, 3: 42, 4: 32, 5: 23}",82,42,40,0.024390243902439025,13,14,8,8,0,"1.911870,2.509440,3.240440,4.088660"
step18b_bge_m3_ridge_a100p0_w0p0400_l1p0,ridge_a100p0,0.04,1.0,0.6599264283644624,-0.0002499073808526209,-0.0013341300147705626,0.1757533516681647,8,12,20,0,"{1: 123, 2: 64, 3: 55, 4: 33, 5: 23}","{1: 141, 2: 63, 3: 39, 4: 32, 5: 23}",93,51,42,0.0967741935483871,5,16,13,14,0,"1.917918,2.534018,3.241696,4.070813"
step18b_bge_m3_ridge_a300p0_w0p0325_l2p0,ridge_a300p0,0.0325,2.0,0.6599259791391183,-0.00025035660619665556,-0.0013345792401145973,0.17910905636615126,7,14,21,1,"{1: 125, 2: 62, 3: 55, 4: 34, 5: 22}","{1: 141, 2: 64, 3: 38, 4: 33, 5: 22}",89,49,40,0.10112359550561797,0,17,10,12,0,"1.916068,2.537681,3.244231,4.081971"
step18b_bge_m3_ridge_a30p0_w0p0275_l4p0,ridge_a30p0,0.0275,4.0,0.6599259791391183,-0.00025035660619665556,-0.0013345792401145973,0.1824647610641378,7,14,21,0,"{1: 124, 2: 64, 3: 54, 4: 34, 5: 22}","{1: 141, 2: 64, 3: 39, 4: 31, 5: 23}",89,49,40,0.10112359550561797,0,18,12,14,0,"1.915125,2.542913,3.250057,4.095749"
step18b_bge_m3_ridge_a300p0_w0p0350_l0p5,ridge_a300p0,0.035,0.5,0.6599249449792695,-0.0002513907660455228,-0.0013356133999634645,0.19253187515809755,13,22,35,1,"{1: 126, 2: 65, 3: 52, 4: 33, 5: 22}","{1: 144, 2: 61, 3: 43, 4: 28, 5: 22}",129,70,59,0.08527131782945736,0,31,16,20,0,"1.923202,2.556714,3.282879,4.103502"
step18b_bge_m3_ridge_a300p0_w0p0375_l4p0,ridge_a300p0,0.0375,4.0,0.6599248718999768,-0.00025146384533814015,-0.0013356864792560819,0.1723976469701781,7,13,20,1,"{1: 125, 2: 62, 3: 55, 4: 34, 5: 22}","{1: 140, 2: 63, 3: 40, 4: 33, 5: 22}",86,46,40,0.06976744186046512,1,16,10,13,0,"1.913632,2.528999,3.241083,4.081768"
step18b_bge_m3_ridge_a300p0_w0p0350_l4p0,ridge_a300p0,0.035,4.0,0.6598929184237459,-0.0002834173215691127,-0.0013676399554870544,0.1757533516681647,7,13,20,1,"{1: 125, 2: 62, 3: 55, 4: 34, 5: 22}","{1: 141, 2: 63, 3: 39, 4: 33, 5: 22}",90,49,41,0.08888888888888889,1,17,10,13,0,"1.914727,2.531284,3.243386,4.087300"
step18b_bge_m3_ridge_a30p0_w0p0250_l4p0,ridge_a30p0,0.025,4.0,0.6598910825183113,-0.00028525322700367894,-0.0013694758609216207,0.1791090563661512,6,10,16,0,"{1: 124, 2: 64, 3: 53, 4: 35, 5: 22}","{1: 138, 2: 66, 3: 40, 4: 31, 5: 23}",83,46,37,0.10843373493975904,0,18,11,10,0,"1.912004,2.539189,3.244055,4.090577"
step18b_bge_m3_ridge_a100p0_w0p0325_l2p0,ridge_a100p0,0.0325,2.0,0.6598897628951129,-0.00028657285020206036,-0.001370795484120002,0.1757533516681647,7,15,22,1,"{1: 125, 2: 62, 3: 55, 4: 34, 5: 22}","{1: 141, 2: 63, 3: 41, 4: 31, 5: 22}",95,52,43,0.09473684210526316,0,19,10,15,0,"1.914748,2.540528,3.249949,4.099054"
step18b_bge_m3_ridge_a30p0_w0p0225_l2p0,ridge_a30p0,0.0225,2.0,0.6598868346558748,-0.0002895010894401473,-0.001373723723358089,0.1757533516681647,6,11,17,1,"{1: 125, 2: 62, 3: 54, 4: 35, 5: 22}","{1: 139, 2: 65, 3: 40, 4: 31, 5: 23}",83,46,37,0.10843373493975904,0,18,9,11,0,"1.911790,2.535974,3.252558,4.091836"
step18b_bge_m3_ridge_a10p0_w0p0375_l1p0,ridge_a10p0,0.0375,1.0,0.6598779714233021,-0.00029836432201291174,-0.0013825869559308535,0.1791090563661513,9,14,23,0,"{1: 123, 2: 66, 3: 53, 4: 34, 5: 22}","{1: 141, 2: 62, 3: 43, 4: 29, 5: 23}",108,58,50,0.07407407407407407,6,25,14,16,0,"1.920131,2.551292,3.250120,4.092906"
step18b_bge_m3_ridge_a100p0_w0p0350_l1p0,ridge_a100p0,0.035,1.0,0.6598708237700117,-0.00030551197530326313,-0.0013897346092212048,0.1757533516681647,7,12,19,1,"{1: 125, 2: 62, 3: 55, 4: 34, 5: 22}","{1: 141, 2: 63, 3: 39, 4: 32, 5: 23}",90,48,42,0.06666666666666667,2,16,10,14,0,"1.916906,2.539442,3.237870,4.080373"
step18b_bge_m3_ridge_a1000p0_w0p0275_l2p0,ridge_a1000p0,0.0275,2.0,0.6598633969500523,-0.0003129387952627294,-0.001397161429180671,0.18246476106413784,9,13,22,1,"{1: 126, 2: 62, 3: 54, 4: 34, 5: 22}","{1: 140, 2: 65, 3: 38, 4: 33, 5: 22}",87,48,39,0.10344827586206896,0,16,12,11,0,"1.918603,2.541217,3.246695,4.080337"
step18b_bge_m3_ridge_a300p0_w0p0250_l1p0,ridge_a300p0,0.025,1.0,0.6598506246294442,-0.00032571111587076373,-0.0014099337497887054,0.17910905636615124,8,14,22,1,"{1: 126, 2: 61, 3: 54, 4: 34, 5: 23}","{1: 141, 2: 64, 3: 38, 4: 33, 5: 22}",83,44,39,0.060240963855421686,1,16,11,12,0,"1.918159,2.534990,3.243543,4.074498"
step18b_bge_m3_ridge_a1000p0_w0p0250_l1p0,ridge_a1000p0,0.025,1.0,0.6598469876122222,-0.0003293481330928216,-0.0014135707670107633,0.17910905636615126,8,14,22,1,"{1: 126, 2: 61, 3: 55, 4: 34, 5: 22}","{1: 139, 2: 66, 3: 40, 4: 31, 5: 22}",85,47,38,0.10588235294117647,0,19,11,12,0,"1.915211,2.533237,3.252789,4.109242"
step18b_bge_m3_ridge_a10p0_w0p0350_l2p0,ridge_a10p0,0.035,2.0,0.6598463025282683,-0.0003300332170467213,-0.001414255850964663,0.17575335166816466,8,11,19,0,"{1: 123, 2: 65, 3: 54, 4: 34, 5: 22}","{1: 139, 2: 64, 3: 42, 4: 30, 5: 23}",97,53,44,0.09278350515463918,4,22,13,13,0,"1.915498,2.541050,3.249118,4.096352"
step18b_bge_m3_ridge_a100p0_w0p0325_l4p0,ridge_a100p0,0.0325,4.0,0.6598395791232857,-0.00033675662202925505,-0.0014209792559471968,0.1757533516681647,7,13,20,1,"{1: 125, 2: 62, 3: 55, 4: 34, 5: 22}","{1: 141, 2: 63, 3: 39, 4: 33, 5: 22}",88,48,40,0.09090909090909091,1,17,10,13,0,"1.913004,2.538055,3.246412,4.085895"
step18b_bge_m3_ridge_a1000p0_w0p0125_l0p5,ridge_a1000p0,0.0125,0.5,0.659839353561613,-0.00033698218370192823,-0.00142120481761987,0.1858204657621244,9,17,26,1,"{1: 126, 2: 63, 3: 52, 4: 35, 5: 22}","{1: 142, 2: 63, 3: 40, 4: 31, 5: 22}",123,66,57,0.07317073170731707,0,28,12,15,0,"1.926404,2.549940,3.261629,4.119829"
step18b_bge_m3_ridge_a1000p0_w0p0300_l0p5,ridge_a1000p0,0.03,0.5,0.6598355570270685,-0.00034077871824644834,-0.00142500135216439,0.16904194227219152,6,10,16,1,"{1: 126, 2: 60, 3: 55, 4: 35, 5: 22}","{1: 139, 2: 64, 3: 40, 4: 33, 5: 22}",75,39,36,0.04,0,17,9,8,0,"1.915593,2.522702,3.236241,4.110725"
step18b_bge_m3_ridge_a100p0_w0p0325_l0p5,ridge_a100p0,0.0325,0.5,0.6598303454711386,-0.0003459902741763665,-0.0014302129080943082,0.17575335166816472,7,13,20,1,"{1: 125, 2: 62, 3: 55, 4: 34, 5: 22}","{1: 141, 2: 63, 3: 40, 4: 31, 5: 23}",88,48,40,0.09090909090909091,0,17,10,15,0,"1.913740,2.539082,3.246787,4.084880"
step18b_bge_m3_ridge_a100p0_w0p0375_l0p5,ridge_a100p0,0.0375,0.5,0.6598198385000584,-0.00035649724525654847,-0.0014407198791744902,0.16904194227219155,6,10,16,0,"{1: 121, 2: 65, 3: 56, 4: 34, 5: 22}","{1: 136, 2: 67, 3: 40, 4: 34, 5: 21}",71,37,34,0.04225352112676056,4,17,11,12,0,"1.905461,2.522559,3.232248,4.103464"
step18b_bge_m3_ridge_a3p0_w0p0175_l0p5,ridge_a3p0,0.0175,0.5,0.6597831671739867,-0.0003931685713283173,-0.001477391205246259,0.16233053287621835,4,8,12,1,"{1: 125, 2: 60, 3: 56, 4: 35, 5: 22}","{1: 137, 2: 65, 3: 41, 4: 32, 5: 23}",69,35,34,0.014492753623188406,3,13,7,8,0,"1.911819,2.521405,3.234160,4.105106"
step18b_bge_m3_ridge_a300p0_w0p0325_l0p5,ridge_a300p0,0.0325,0.5,0.659773405189671,-0.0004029305556439988,-0.0014871531895619405,0.17910905636615124,7,13,20,1,"{1: 125, 2: 62, 3: 55, 4: 34, 5: 22}","{1: 140, 2: 65, 3: 38, 4: 33, 5: 22}",86,46,40,0.06976744186046512,1,16,10,11,0,"1.913542,2.533384,3.239435,4.094511"
step18b_bge_m3_ridge_a1000p0_w0p0375_l1p0,ridge_a1000p0,0.0375,1.0,0.6597652211262572,-0.0004111146190577397,-0.0014953372529756814,0.1858204657621244,9,14,23,1,"{1: 125, 2: 64, 3: 53, 4: 34, 5: 22}","{1: 141, 2: 64, 3: 38, 4: 33, 5: 22}",93,51,42,0.0967741935483871,0,15,12,12,0,"1.920128,2.542680,3.239798,4.084586"
step18b_bge_m3_ridge_a300p0_w0p0350_l2p0,ridge_a300p0,0.035,2.0,0.659759252364517,-0.0004170833807979335,-0.0015013060147158752,0.1757533516681647,7,13,20,1,"{1: 125, 2: 62, 3: 55, 4: 34, 5: 22}","{1: 141, 2: 63, 3: 39, 4: 33, 5: 22}",90,49,41,0.08888888888888889,1,17,10,13,0,"1.916077,2.533083,3.242774,4.085973"
step18b_bge_m3_ridge_a30p0_w0p0225_l0p5,ridge_a30p0,0.0225,0.5,0.6597576064780073,-0.00041872926730768256,-0.0015029519012256243,0.1757533516681647,7,13,20,1,"{1: 126, 2: 61, 3: 54, 4: 35, 5: 22}","{1: 140, 2: 64, 3: 40, 4: 32, 5: 22}",100,54,46,0.08,0,26,10,11,0,"1.916671,2.538990,3.251193,4.120047"
step18b_bge_m3_ridge_a1000p0_w0p0275_l1p0,ridge_a1000p0,0.0275,1.0,0.6597528086177846,-0.00042352712753035426,-0.001507749761448296,0.1723976469701781,7,10,17,1,"{1: 126, 2: 61, 3: 54, 4: 35, 5: 22}","{1: 139, 2: 64, 3: 40, 4: 33, 5: 22}",74,39,35,0.05405405405405406,0,15,10,8,0,"1.914704,2.527112,3.240648,4.082200"
step18b_bge_m3_ridge_a100p0_w0p0275_l2p0,ridge_a100p0,0.0275,2.0,0.6597500143508572,-0.0004263213944577515,-0.0015105440283756932,0.17910905636615124,8,15,23,1,"{1: 126, 2: 61, 3: 55, 4: 34, 5: 22}","{1: 141, 2: 64, 3: 39, 4: 32, 5: 22}",90,49,41,0.08888888888888889,0,18,11,13,0,"1.915308,2.540212,3.248409,4.088847"
step18b_bge_m3_ridge_a100p0_w0p0300_l2p0,ridge_a100p0,0.03,2.0,0.6597500143508572,-0.0004263213944577515,-0.0015105440283756932,0.1791090563661513,7,14,21,1,"{1: 125, 2: 62, 3: 55, 4: 34, 5: 22}","{1: 141, 2: 64, 3: 39, 4: 31, 5: 23}",90,49,41,0.08888888888888889,0,18,10,14,0,"1.914248,2.542813,3.246969,4.082168"
step18b_bge_m3_ridge_a300p0_w0p0300_l1p0,ridge_a300p0,0.03,1.0,0.6597326238744898,-0.0004437118708251475,-0.0015279345047430892,0.18246476106413784,8,14,22,1,"{1: 125, 2: 63, 3: 54, 4: 34, 5: 22}","{1: 139, 2: 66, 3: 40, 4: 31, 5: 22}",90,49,41,0.08888888888888889,0,16,11,12,0,"1.913360,2.540398,3.250813,4.103699"
step18b_bge_m3_ridge_a300p0_w0p0375_l2p0,ridge_a300p0,0.0375,2.0,0.6597261384692549,-0.00045019727606010473,-0.0015344199099780464,0.17575335166816466,7,15,22,1,"{1: 125, 2: 62, 3: 55, 4: 34, 5: 22}","{1: 140, 2: 64, 3: 40, 4: 32, 5: 22}",91,49,42,0.07692307692307693,1,17,10,15,0,"1.915235,2.537289,3.244509,4.081819"
step18b_bge_m3_huber_w0p0200_l4p0,huber,0.02,4.0,0.6597202079942415,-0.00045612775107350956,-0.0015403503849914513,0.16904194227219152,5,9,14,0,"{1: 124, 2: 62, 3: 54, 4: 36, 5: 22}","{1: 137, 2: 66, 3: 40, 4: 32, 5: 23}",94,50,44,0.06382978723404255,7,20,10,9,0,"1.910767,2.533970,3.247473,4.095509"
step18b_bge_m3_ridge_a10p0_w0p0350_l0p5,ridge_a10p0,0.035,0.5,0.6597112971481156,-0.00046503859719937424,-0.001549261231117316,0.1858204657621244,10,16,26,0,"{1: 124, 2: 67, 3: 51, 4: 34, 5: 22}","{1: 141, 2: 62, 3: 44, 4: 29, 5: 22}",118,63,55,0.06779661016949153,4,28,15,18,0,"1.920949,2.556251,3.263506,4.099839"
step18b_bge_m3_ridge_a30p0_w0p0275_l1p0,ridge_a30p0,0.0275,1.0,0.6597076526657799,-0.0004686830795350705,-0.0015529057134530122,0.18246476106413786,8,15,23,0,"{1: 125, 2: 63, 3: 54, 4: 34, 5: 22}","{1: 141, 2: 64, 3: 40, 4: 30, 5: 23}",91,49,42,0.07692307692307693,0,18,13,15,0,"1.915354,2.546071,3.251147,4.100407"
step18b_bge_m3_ridge_a30p0_w0p0225_l4p0,ridge_a30p0,0.0225,4.0,0.6597066117825467,-0.0004697239627682315,-0.0015539465966861732,0.1757533516681647,6,11,17,1,"{1: 125, 2: 62, 3: 54, 4: 35, 5: 22}","{1: 139, 2: 65, 3: 40, 4: 31, 5: 23}",84,46,38,0.09523809523809523,0,17,9,11,0,"1.911790,2.538701,3.249265,4.095798"
step18b_bge_m3_ridge_a100p0_w0p0250_l0p5,ridge_a100p0,0.025,0.5,0.6596907447218276,-0.00048559102348733063,-0.0015698136574052723,0.19253187515809755,12,18,30,1,"{1: 126, 2: 65, 3: 51, 4: 34, 5: 22}","{1: 142, 2: 63, 3: 41, 4: 30, 5: 22}",111,58,53,0.04504504504504504,0,22,15,16,0,"1.921291,2.555418,3.255758,4.105815"
step18b_bge_m3_ridge_a3p0_w0p0300_l0p5,ridge_a3p0,0.03,0.5,0.6596847207194998,-0.0004916150258151841,-0.0015758376597331258,0.18582046576212438,11,7,18,0,"{1: 123, 2: 68, 3: 51, 4: 34, 5: 22}","{1: 135, 2: 68, 3: 42, 4: 30, 5: 23}",100,52,48,0.04,8,22,16,9,0,"1.901952,2.554652,3.249986,4.094893"
step18b_bge_m3_ridge_a300p0_w0p0200_l2p0,ridge_a300p0,0.02,2.0,0.6596685170096042,-0.0005078187357108188,-0.0015920413696287605,0.17239764697017806,4,11,15,1,"{1: 124, 2: 62, 3: 55, 4: 35, 5: 22}","{1: 138, 2: 66, 3: 40, 4: 32, 5: 22}",74,39,35,0.05405405405405406,0,16,7,9,0,"1.905569,2.528661,3.250362,4.096591"
step18b_bge_m3_ridge_a1000p0_w0p0325_l2p0,ridge_a1000p0,0.0325,2.0,0.6596652543847767,-0.0005110813605382347,-0.0015953039944561764,0.17910905636615126,8,13,21,1,"{1: 126, 2: 61, 3: 55, 4: 34, 5: 22}","{1: 140, 2: 65, 3: 38, 4: 33, 5: 22}",92,51,41,0.10869565217391304,0,16,11,11,0,"1.919773,2.537268,3.245440,4.088796"
step18b_bge_m3_ridge_a1000p0_w0p0300_l1p0,ridge_a1000p0,0.03,1.0,0.6596589663825071,-0.0005173693628078846,-0.0016015919967258263,0.18246476106413784,10,16,26,1,"{1: 126, 2: 62, 3: 55, 4: 33, 5: 22}","{1: 139, 2: 66, 3: 42, 4: 29, 5: 22}",104,56,48,0.07692307692307693,0,20,13,14,0,"1.918015,2.543241,3.272592,4.102174"
step18b_bge_m3_ridge_a10p0_w0p0325_l4p0,ridge_a10p0,0.0325,4.0,0.6596501354576838,-0.0005262002876311733,-0.001610422921549115,0.17575335166816466,7,13,20,0,"{1: 124, 2: 64, 3: 54, 4: 34, 5: 22}","{1: 141, 2: 62, 3: 42, 4: 30, 5: 23}",97,52,45,0.07216494845360824,4,21,12,15,0,"1.916045,2.542312,3.248323,4.091455"
step18b_bge_m3_ridge_a300p0_w0p0175_l1p0,ridge_a300p0,0.0175,1.0,0.6596480902018952,-0.0005282455434197919,-0.0016124681773377336,0.17239764697017812,6,12,18,1,"{1: 126, 2: 60, 3: 55, 4: 35, 5: 22}","{1: 140, 2: 64, 3: 39, 4: 33, 5: 22}",73,38,35,0.0410958904109589,0,16,9,10,0,"1.912872,2.530045,3.246330,4.094374"
step18b_bge_m3_ridge_a10p0_w0p0275_l4p0,ridge_a10p0,0.0275,4.0,0.6596442759325933,-0.0005320598127216414,-0.001616282446639583,0.17575335166816466,6,11,17,0,"{1: 124, 2: 64, 3: 53, 4: 35, 5: 22}","{1: 139, 2: 64, 3: 42, 4: 30, 5: 23}",92,49,43,0.06521739130434782,4,18,11,13,0,"1.913687,2.542498,3.250419,4.086480"
step18b_bge_m3_ridge_a30p0_w0p0400_l1p0,ridge_a30p0,0.04,1.0,0.6596145524842563,-0.0005617832610587126,-0.0016460058949766543,0.1723976469701781,7,11,18,0,"{1: 123, 2: 64, 3: 55, 4: 34, 5: 22}","{1: 140, 2: 63, 3: 41, 4: 31, 5: 23}",92,49,43,0.06521739130434782,5,18,12,13,0,"1.917390,2.538529,3.236903,4.085049"
step18b_bge_m3_ridge_a300p0_w0p0300_l4p0,ridge_a300p0,0.03,4.0,0.6596121562263548,-0.0005641795189601506,-0.0016484021528780923,0.17910905636615124,8,14,22,1,"{1: 126, 2: 61, 3: 55, 4: 34, 5: 22}","{1: 141, 2: 64, 3: 38, 4: 33, 5: 22}",90,50,40,0.1111111111111111,0,17,11,12,0,"1.917296,2.536574,3.245179,4.080740"
step18b_bge_m3_ridge_a3p0_w0p0125_l0p5,ridge_a3p0,0.0125,0.5,0.6596069557073749,-0.0005693800379400482,-0.00165360267185799,0.19253187515809755,11,16,27,1,"{1: 126, 2: 65, 3: 50, 4: 35, 5: 22}","{1: 139, 2: 66, 3: 42, 4: 29, 5: 22}",118,62,56,0.05084745762711865,0,28,14,14,0,"1.919875,2.560272,3.267314,4.126344"
step18b_bge_m3_ridge_a1000p0_w0p0275_l0p5,ridge_a1000p0,0.0275,0.5,0.6596059448334842,-0.0005703909118307537,-0.0016546135457486955,0.18246476106413784,10,19,29,1,"{1: 126, 2: 62, 3: 55, 4: 33, 5: 22}","{1: 142, 2: 63, 3: 42, 4: 29, 5: 22}",111,59,52,0.06306306306306306,0,23,13,17,0,"1.923416,2.542891,3.264639,4.100944"
step18b_bge_m3_ridge_a3p0_w0p0125_l1p0,ridge_a3p0,0.0125,1.0,0.65960407304983,-0.0005722626954849375,-0.0016564853294028792,0.17575335166816464,6,10,16,1,"{1: 125, 2: 62, 3: 54, 4: 35, 5: 22}","{1: 137, 2: 67, 3: 40, 4: 32, 5: 22}",84,45,39,0.07142857142857142,0,20,9,8,0,"1.907241,2.536706,3.257627,4.130172"
step18b_bge_m3_ridge_a300p0_w0p0150_l0p5,ridge_a300p0,0.015,0.5,0.6596040730498299,-0.0005722626954850485,-0.0016564853294029902,0.1824647610641378,8,13,21,1,"{1: 126, 2: 62, 3: 53, 4: 35, 5: 22}","{1: 139, 2: 66, 3: 39, 4: 32, 5: 22}",84,45,39,0.07142857142857142,0,20,11,11,0,"1.909148,2.538267,3.250696,4.127623"
step18b_bge_m3_ridge_a1000p0_w0p0350_l1p0,ridge_a1000p0,0.035,1.0,0.6596033006686316,-0.0005730350766833814,-0.001657257710601323,0.1858204657621244,10,13,23,1,"{1: 126, 2: 63, 3: 53, 4: 34, 5: 22}","{1: 140, 2: 65, 3: 38, 4: 33, 5: 22}",90,49,41,0.08888888888888889,0,15,13,11,0,"1.919125,2.541865,3.237342,4.083074"
step18b_bge_m3_ridge_a1000p0_w0p0225_l1p0,ridge_a1000p0,0.0225,1.0,0.6596012817375372,-0.0005750540077777977,-0.0016592766416957394,0.1723976469701781,7,11,18,1,"{1: 126, 2: 61, 3: 54, 4: 35, 5: 22}","{1: 139, 2: 64, 3: 41, 4: 32, 5: 22}",74,39,35,0.05405405405405406,0,16,10,9,0,"1.914176,2.529044,3.249598,4.082527"
step18b_bge_m3_ridge_a30p0_w0p0100_l4p0,ridge_a30p0,0.01,4.0,0.6595960942516483,-0.0005802414936666445,-0.0016644641275845862,0.17910905636615124,6,12,18,1,"{1: 125, 2: 62, 3: 54, 4: 35, 5: 22}","{1: 138, 2: 67, 3: 39, 4: 32, 5: 22}",78,40,38,0.02564102564102564,0,16,9,10,0,"1.908514,2.536932,3.251970,4.097906"
step18b_bge_m3_ridge_a100p0_w0p0200_l1p0,ridge_a100p0,0.02,1.0,0.6595708506795916,-0.0006054850657233324,-0.001689707699641274,0.1723976469701781,6,10,16,1,"{1: 126, 2: 60, 3: 55, 4: 35, 5: 22}","{1: 139, 2: 65, 3: 39, 4: 32, 5: 23}",72,37,35,0.027777777777777776,0,16,9,10,0,"1.914079,2.531573,3.242557,4.080357"
step18b_bge_m3_ridge_a300p0_w0p0200_l1p0,ridge_a300p0,0.02,1.0,0.6595632949414189,-0.0006130408038961255,-0.0016972634378140672,0.17239764697017812,6,12,18,1,"{1: 126, 2: 60, 3: 55, 4: 35, 5: 22}","{1: 140, 2: 64, 3: 39, 4: 33, 5: 22}",75,40,35,0.06666666666666667,0,16,9,10,0,"1.912872,2.530045,3.246330,4.094374"
step18b_bge_m3_ridge_a300p0_w0p0275_l0p5,ridge_a300p0,0.0275,0.5,0.6595601662671943,-0.0006161694781207094,-0.0017003921120386511,0.1757533516681647,7,11,18,1,"{1: 125, 2: 62, 3: 55, 4: 34, 5: 22}","{1: 139, 2: 65, 3: 39, 4: 33, 5: 22}",82,44,38,0.07317073170731707,0,16,10,9,0,"1.910635,2.529195,3.248211,4.103218"
step18b_bge_m3_ridge_a10p0_w0p0275_l2p0,ridge_a10p0,0.0275,2.0,0.6595489486538164,-0.0006273870914985658,-0.0017116097254165075,0.1723976469701781,5,10,15,0,"{1: 124, 2: 63, 3: 54, 4: 35, 5: 22}","{1: 139, 2: 64, 3: 41, 4: 31, 5: 23}",91,48,43,0.054945054945054944,4,19,10,12,0,"1.914530,2.541269,3.243151,4.084495"
step18b_bge_m3_ridge_a10p0_w0p0225_l0p5,ridge_a10p0,0.0225,0.5,0.6595306183130142,-0.0006457174323007964,-0.001729940066218738,0.19253187515809755,13,20,33,1,"{1: 125, 2: 66, 3: 52, 4: 34, 5: 21}","{1: 141, 2: 64, 3: 43, 4: 29, 5: 21}",135,72,63,0.06666666666666667,0,36,16,18,0,"1.918936,2.564947,3.288674,4.150531"
step18b_bge_m3_ridge_a100p0_w0p0275_l4p0,ridge_a100p0,0.0275,4.0,0.6595215424848977,-0.0006547932604172857,-0.0017390158943352274,0.17910905636615124,7,13,20,1,"{1: 126, 2: 61, 3: 54, 4: 35, 5: 22}","{1: 141, 2: 64, 3: 38, 4: 32, 5: 23}",87,47,40,0.08045977011494253,0,18,10,13,0,"1.915315,2.537407,3.245221,4.083788"
step18b_bge_m3_huber_w0p0225_l4p0,huber,0.0225,4.0,0.6595170608277614,-0.0006592749175535761,-0.0017434975514715179,0.1690419422721915,5,9,14,0,"{1: 124, 2: 62, 3: 54, 4: 36, 5: 22}","{1: 138, 2: 65, 3: 41, 4: 31, 5: 23}",99,51,48,0.030303030303030304,7,22,10,11,0,"1.911800,2.536560,3.253167,4.098548"
step18b_bge_m3_ridge_a1000p0_w0p0225_l2p0,ridge_a1000p0,0.0225,2.0,0.6595158004397979,-0.0006605353055171292,-0.001744757939435071,0.17910905636615126,7,13,20,1,"{1: 126, 2: 61, 3: 54, 4: 35, 5: 22}","{1: 140, 2: 65, 3: 38, 4: 33, 5: 22}",80,43,37,0.075,0,17,10,11,0,"1.916818,2.535343,3.243280,4.082438"
step18b_bge_m3_ridge_a300p0_w0p0175_l2p0,ridge_a300p0,0.0175,2.0,0.6595080806260465,-0.0006682551192684905,-0.0017524777531864322,0.18246476106413784,8,14,22,1,"{1: 126, 2: 62, 3: 53, 4: 35, 5: 22}","{1: 140, 2: 65, 3: 39, 4: 32, 5: 22}",85,46,39,0.08235294117647059,0,19,11,12,0,"1.913431,2.534837,3.254110,4.111147"
step18b_bge_m3_ridge_a1000p0_w0p0250_l2p0,ridge_a1000p0,0.025,2.0,0.6595020791026418,-0.0006742566426731766,-0.0017584792765911184,0.17910905636615126,7,13,20,1,"{1: 126, 2: 61, 3: 54, 4: 35, 5: 22}","{1: 140, 2: 65, 3: 38, 4: 33, 5: 22}",82,45,37,0.0975609756097561,0,16,10,11,0,"1.916555,2.535604,3.246773,4.081646"
step18b_bge_m3_ridge_a1000p0_w0p0125_l4p0,ridge_a1000p0,0.0125,4.0,0.6595011016377992,-0.0006752341075157986,-0.0017594567414337403,0.17910905636615124,7,12,19,1,"{1: 126, 2: 61, 3: 54, 4: 35, 5: 22}","{1: 139, 2: 66, 3: 38, 4: 33, 5: 22}",75,39,36,0.04,0,16,10,10,0,"1.909584,2.538080,3.248808,4.093921"
step18b_bge_m3_ridge_a100p0_w0p0225_l0p5,ridge_a100p0,0.0225,0.5,0.6595008427060494,-0.0006754930392656178,-0.0017597156731835595,0.1723976469701781,6,13,19,1,"{1: 126, 2: 60, 3: 55, 4: 35, 5: 22}","{1: 141, 2: 63, 3: 39, 4: 33, 5: 22}",79,42,37,0.06329113924050633,0,15,9,11,0,"1.916760,2.531124,3.237742,4.091248"
step18b_bge_m3_ridge_a100p0_w0p0200_l0p5,ridge_a100p0,0.02,0.5,0.6594808020807654,-0.0006955336645495525,-0.0017797562984674942,0.18917617046011098,11,17,28,1,"{1: 126, 2: 64, 3: 52, 4: 34, 5: 22}","{1: 140, 2: 65, 3: 42, 4: 29, 5: 22}",102,55,47,0.0784313725490196,0,22,14,15,0,"1.917288,2.552934,3.265728,4.088612"
step18b_bge_m3_ridge_a10p0_w0p0200_l0p5,ridge_a10p0,0.02,0.5,0.6594779601471615,-0.0006983755981534445,-0.0017825982320713862,0.18917617046011098,10,14,24,1,"{1: 125, 2: 65, 3: 51, 4: 36, 5: 21}","{1: 139, 2: 66, 3: 39, 4: 33, 5: 21}",105,56,49,0.06666666666666667,0,27,13,12,0,"1.915779,2.552381,3.248052,4.144806"
step18b_bge_m3_ridge_a10p0_w0p0325_l1p0,ridge_a10p0,0.0325,1.0,0.6594651135653798,-0.0007112221799351337,-0.0017954448138530754,0.17575335166816466,7,12,19,0,"{1: 124, 2: 64, 3: 54, 4: 34, 5: 22}","{1: 141, 2: 62, 3: 41, 4: 31, 5: 23}",100,52,48,0.04,4,23,12,14,0,"1.920179,2.542232,3.245787,4.094694"
step18b_bge_m3_ridge_a10p0_w0p0100_l1p0,ridge_a10p0,0.01,1.0,0.6594461568877891,-0.0007301788575259094,-0.001814401491443851,0.17239764697017806,6,9,15,1,"{1: 125, 2: 62, 3: 54, 4: 35, 5: 22}","{1: 137, 2: 66, 3: 40, 4: 32, 5: 23}",63,31,32,-0.015873015873015872,1,14,9,7,0,"1.904710,2.531041,3.244160,4.088049"
step18b_bge_m3_huber_w0p0250_l4p0,huber,0.025,4.0,0.6594273536718684,-0.0007489820734465358,-0.0018332047073644775,0.1757533516681646,7,12,19,0,"{1: 124, 2: 64, 3: 54, 4: 34, 5: 22}","{1: 138, 2: 65, 3: 44, 4: 28, 5: 23}",103,54,49,0.04854368932038835,7,25,12,14,0,"1.912064,2.539916,3.263674,4.095219"
step18b_bge_m3_ridge_a300p0_w0p0100_l0p5,ridge_a300p0,0.01,0.5,0.6594231369187442,-0.0007531988265707668,-0.0018374214604887085,0.17910905636615124,7,13,20,1,"{1: 126, 2: 61, 3: 54, 4: 35, 5: 22}","{1: 139, 2: 66, 3: 39, 4: 32, 5: 22}",85,45,40,0.058823529411764705,0,20,10,11,0,"1.908428,2.534975,3.259030,4.128768"
step18b_bge_m3_ridge_a10p0_w0p0250_l0p5,ridge_a10p0,0.025,0.5,0.6594152430114575,-0.0007610927338574935,-0.0018453153677754353,0.16233053287621832,3,6,9,0,"{1: 124, 2: 61, 3: 56, 4: 35, 5: 22}","{1: 136, 2: 66, 3: 42, 4: 31, 5: 23}",78,42,36,0.07692307692307693,3,17,8,8,0,"1.908772,2.523635,3.249559,4.085685"
step18b_bge_m3_ridge_a300p0_w0p0300_l2p0,ridge_a300p0,0.03,2.0,0.659413549752111,-0.0007627859932040071,-0.0018470086271219488,0.17910905636615126,8,16,24,1,"{1: 126, 2: 61, 3: 55, 4: 34, 5: 22}","{1: 141, 2: 64, 3: 40, 4: 31, 5: 22}",93,51,42,0.0967741935483871,0,18,11,14,0,"1.916852,2.537879,3.251961,4.097561"
step18b_bge_m3_ridge_a10p0_w0p0125_l0p5,ridge_a10p0,0.0125,0.5,0.6594131894596517,-0.0007631462856633187,-0.0018473689195812604,0.16233053287621835,3,8,11,1,"{1: 125, 2: 59, 3: 57, 4: 35, 5: 22}","{1: 137, 2: 66, 3: 39, 4: 33, 5: 23}",58,29,29,0.0,0,13,6,6,0,"1.906819,2.517257,3.240847,4.092312"
step18b_bge_m3_huber_w0p0200_l1p0,huber,0.02,1.0,0.6594113468846983,-0.000764988860616711,-0.0018492114945346527,0.1723976469701781,6,11,17,0,"{1: 124, 2: 63, 3: 53, 4: 36, 5: 22}","{1: 139, 2: 64, 3: 40, 4: 32, 5: 23}",91,47,44,0.03296703296703297,5,19,11,11,0,"1.912915,2.537547,3.247838,4.085849"
step18b_bge_m3_ridge_a10p0_w0p0175_l2p0,ridge_a10p0,0.0175,2.0,0.6594013063062496,-0.0007750294390653778,-0.0018592520729833195,0.17575335166816464,6,9,15,1,"{1: 125, 2: 62, 3: 54, 4: 35, 5: 22}","{1: 137, 2: 67, 3: 40, 4: 31, 5: 23}",76,41,35,0.07894736842105263,0,16,9,9,0,"1.910096,2.536213,3.244681,4.101147"
step18b_bge_m3_ridge_a10p0_w0p0300_l0p5,ridge_a10p0,0.03,0.5,0.6593919112656478,-0.0007844244796672006,-0.0018686471135851423,0.1690419422721915,7,12,19,0,"{1: 123, 2: 63, 3: 56, 4: 35, 5: 21}","{1: 136, 2: 67, 3: 44, 4: 30, 5: 21}",104,57,47,0.09615384615384616,4,28,12,12,0,"1.907916,2.538674,3.269368,4.123869"
step18b_bge_m3_ridge_a100p0_w0p0150_l2p0,ridge_a100p0,0.015,2.0,0.6593873855418088,-0.0007889502035062224,-0.001873172837424164,0.17910905636615124,7,12,19,1,"{1: 126, 2: 61, 3: 54, 4: 35, 5: 22}","{1: 139, 2: 66, 3: 38, 4: 33, 5: 22}",78,41,37,0.05128205128205128,0,17,10,10,0,"1.912149,2.537133,3.248703,4.091007"
step18b_bge_m3_ridge_a10p0_w0p0250_l2p0,ridge_a10p0,0.025,2.0,0.6593781500157541,-0.0007981857295609185,-0.0018824083634788602,0.17239764697017806,5,9,14,0,"{1: 124, 2: 63, 3: 54, 4: 35, 5: 22}","{1: 138, 2: 65, 3: 41, 4: 31, 5: 23}",90,47,43,0.044444444444444446,4,19,10,11,0,"1.914073,2.542860,3.248379,4.085670"
step18b_bge_m3_ridge_a100p0_w0p0250_l1p0,ridge_a100p0,0.025,1.0,0.6593691087750984,-0.0008072269702166235,-0.0018914496041345652,0.17910905636615124,6,11,17,1,"{1: 125, 2: 62, 3: 54, 4: 35, 5: 22}","{1: 138, 2: 67, 3: 38, 4: 33, 5: 22}",80,42,38,0.05,0,16,9,9,0,"1.910361,2.535303,3.244527,4.108048"
step18b_bge_m3_ridge_a30p0_w0p0375_l0p5,ridge_a30p0,0.0375,0.5,0.6593650801336731,-0.000811255611641859,-0.0018954782455598007,0.16568623757420492,6,8,14,0,"{1: 123, 2: 63, 3: 54, 4: 36, 5: 22}","{1: 139, 2: 63, 3: 41, 4: 32, 5: 23}",82,42,40,0.024390243902439025,8,16,11,10,0,"1.913682,2.521839,3.228430,4.081693"
step18b_bge_m3_ridge_a10p0_w0p0200_l4p0,ridge_a10p0,0.02,4.0,0.6593643415643494,-0.0008119941809655584,-0.0018962168148835001,0.17575335166816464,6,9,15,1,"{1: 125, 2: 62, 3: 54, 4: 35, 5: 22}","{1: 137, 2: 67, 3: 40, 4: 31, 5: 23}",84,45,39,0.07142857142857142,0,18,9,9,0,"1.911895,2.543096,3.244684,4.097446"
step18b_bge_m3_ridge_a100p0_w0p0225_l1p0,ridge_a100p0,0.0225,1.0,0.6593624712784847,-0.0008138644668302941,-0.0018980871007482358,0.1723976469701781,5,9,14,1,"{1: 125, 2: 61, 3: 55, 4: 35, 5: 22}","{1: 138, 2: 66, 3: 39, 4: 32, 5: 23}",70,35,35,0.0,0,14,8,9,0,"1.909722,2.529514,3.242540,4.079974"
step18b_bge_m3_ridge_a1000p0_w0p0150_l4p0,ridge_a1000p0,0.015,4.0,0.6593597634065264,-0.0008165723387886237,-0.0019007949727065654,0.17910905636615126,7,14,21,1,"{1: 126, 2: 61, 3: 54, 4: 35, 5: 22}","{1: 140, 2: 65, 3: 39, 4: 32, 5: 22}",82,43,39,0.04878048780487805,0,19,10,12,0,"1.912683,2.536515,3.251832,4.100070"
step18b_bge_m3_huber_w0p0150_l1p0,huber,0.015,1.0,0.6593577277249338,-0.0008186080203811397,-0.0019028306542990814,0.17575335166816464,6,10,16,1,"{1: 125, 2: 62, 3: 54, 4: 35, 5: 22}","{1: 137, 2: 67, 3: 39, 4: 32, 5: 23}",80,41,39,0.025,4,15,9,8,0,"1.912550,2.533545,3.246293,4.084528"
step18b_bge_m3_ridge_a1000p0_w0p0375_l2p0,ridge_a1000p0,0.0375,2.0,0.6593561138869442,-0.0008202218583708287,-0.0019044444922887704,0.17910905636615124,8,14,22,1,"{1: 126, 2: 61, 3: 55, 4: 34, 5: 22}","{1: 141, 2: 64, 3: 38, 4: 33, 5: 22}",91,49,42,0.07692307692307693,0,15,11,12,0,"1.920949,2.535544,3.240163,4.085354"
step18b_bge_m3_ridge_a1000p0_w0p0400_l4p0,ridge_a1000p0,0.04,4.0,0.6593561138869442,-0.0008202218583708287,-0.0019044444922887704,0.17910905636615126,7,14,21,1,"{1: 125, 2: 62, 3: 55, 4: 34, 5: 22}","{1: 141, 2: 64, 3: 38, 4: 33, 5: 22}",91,49,42,0.07692307692307693,0,15,10,12,0,"1.920563,2.534692,3.236688,4.080806"
step18b_bge_m3_ridge_a1000p0_w0p0200_l2p0,ridge_a1000p0,0.02,2.0,0.6593505898477342,-0.0008257458975807763,-0.001909968531498718,0.17910905636615126,7,14,21,1,"{1: 126, 2: 61, 3: 54, 4: 35, 5: 22}","{1: 140, 2: 65, 3: 39, 4: 32, 5: 22}",82,44,38,0.07317073170731707,0,16,10,12,0,"1.914117,2.536150,3.249203,4.103030"
step18b_bge_m3_ridge_a3p0_w0p0150_l4p0,ridge_a3p0,0.015,4.0,0.6593505150483927,-0.0008258206969222748,-0.0019100433308402165,0.17575335166816464,6,9,15,1,"{1: 125, 2: 62, 3: 54, 4: 35, 5: 22}","{1: 137, 2: 67, 3: 40, 4: 31, 5: 23}",84,45,39,0.07142857142857142,0,17,9,9,0,"1.909754,2.540285,3.250457,4.102386"
step18b_bge_m3_ridge_a10p0_w0p0250_l1p0,ridge_a10p0,0.025,1.0,0.6593413296289239,-0.0008350061163910905,-0.0019192287503090322,0.17239764697017806,5,9,14,0,"{1: 124, 2: 63, 3: 54, 4: 35, 5: 22}","{1: 138, 2: 65, 3: 41, 4: 31, 5: 23}",90,48,42,0.06666666666666667,2,19,10,11,0,"1.912999,2.539759,3.250494,4.102379"
step18b_bge_m3_ridge_a1000p0_w0p0200_l4p0,ridge_a1000p0,0.02,4.0,0.6593413296289239,-0.0008350061163910905,-0.0019192287503090322,0.17910905636615126,7,14,21,1,"{1: 126, 2: 61, 3: 54, 4: 35, 5: 22}","{1: 140, 2: 65, 3: 39, 4: 32, 5: 22}",84,45,39,0.07142857142857142,0,18,10,12,0,"1.915935,2.535711,3.252203,4.105067"
step18b_bge_m3_ridge_a10p0_w0p0325_l2p0,ridge_a10p0,0.0325,2.0,0.6593412661880608,-0.0008350695572542088,-0.0019192921911721506,0.17575335166816466,7,13,20,0,"{1: 124, 2: 64, 3: 54, 4: 34, 5: 22}","{1: 141, 2: 62, 3: 42, 4: 30, 5: 23}",96,51,45,0.0625,4,21,12,15,0,"1.917104,2.541444,3.247651,4.090427"
step18b_bge_m3_ridge_a10p0_w0p0375_l0p5,ridge_a10p0,0.0375,0.5,0.6593344999441073,-0.0008418358012076688,-0.0019260584351256105,0.1690419422721915,8,11,19,0,"{1: 123, 2: 63, 3: 53, 4: 36, 5: 23}","{1: 139, 2: 64, 3: 41, 4: 30, 5: 24}",91,44,47,-0.03296703296703297,17,15,11,13,0,"1.915832,2.528373,3.224371,4.064197"
step18b_bge_m3_huber_w0p0250_l1p0,huber,0.025,1.0,0.6593320689066402,-0.0008442668386747787,-0.0019284894725927204,0.16904194227219146,5,12,17,0,"{1: 124, 2: 62, 3: 56, 4: 34, 5: 22}","{1: 138, 2: 65, 3: 44, 4: 28, 5: 23}",104,54,50,0.038461538461538464,8,25,10,14,0,"1.909376,2.536294,3.259159,4.095100"
step18b_bge_m3_ridge_a3p0_w0p0275_l2p0,ridge_a3p0,0.0275,2.0,0.6593227669606389,-0.0008535687846761286,-0.0019377914185940703,0.1791090563661513,8,12,20,0,"{1: 124, 2: 65, 3: 53, 4: 34, 5: 22}","{1: 140, 2: 63, 3: 42, 4: 30, 5: 23}",100,52,48,0.04,4,22,13,14,0,"1.918541,2.547186,3.254673,4.094190"
step18b_bge_m3_ridge_a10p0_w0p0250_l4p0,ridge_a10p0,0.025,4.0,0.6593125959015806,-0.0008637398437343347,-0.0019479624776522764,0.1723976469701781,5,10,15,0,"{1: 124, 2: 63, 3: 54, 4: 35, 5: 22}","{1: 139, 2: 64, 3: 41, 4: 31, 5: 23}",91,48,43,0.054945054945054944,2,19,10,12,0,"1.915176,2.542638,3.250689,4.098559"
step18b_bge_m3_ridge_a10p0_w0p0150_l0p5,ridge_a10p0,0.015,0.5,0.659294115787104,-0.0008822199582110279,-0.0019664425921289697,0.1690419422721915,5,13,18,1,"{1: 125, 2: 61, 3: 55, 4: 35, 5: 22}","{1: 138, 2: 65, 3: 44, 4: 29, 5: 22}",83,44,39,0.060240963855421686,0,21,8,11,0,"1.910088,2.524683,3.266012,4.123595"
step18b_bge_m3_ridge_a100p0_w0p0125_l2p0,ridge_a100p0,0.0125,2.0,0.6592784120717281,-0.0008979236735868756,-0.0019821463075048174,0.17910905636615124,7,13,20,1,"{1: 126, 2: 61, 3: 54, 4: 35, 5: 22}","{1: 139, 2: 66, 3: 39, 4: 32, 5: 22}",79,41,38,0.0379746835443038,0,17,10,11,0,"1.912080,2.538954,3.251501,4.094548"
step18b_bge_m3_huber_w0p0125_l1p0,huber,0.0125,1.0,0.6592783983265167,-0.0008979374187982891,-0.001982160052716231,0.17575335166816464,6,10,16,1,"{1: 125, 2: 62, 3: 54, 4: 35, 5: 22}","{1: 137, 2: 67, 3: 39, 4: 32, 5: 23}",81,42,39,0.037037037037037035,2,16,9,8,0,"1.909882,2.536255,3.248646,4.104076"
step18b_bge_m3_ridge_a1000p0_w0p0225_l4p0,ridge_a1000p0,0.0225,4.0,0.6592746915687256,-0.0009016441765893335,-0.001985866810507275,0.17910905636615126,7,13,20,1,"{1: 126, 2: 61, 3: 54, 4: 35, 5: 22}","{1: 140, 2: 65, 3: 38, 4: 33, 5: 22}",86,46,40,0.06976744186046512,0,17,10,11,0,"1.917344,2.537533,3.248323,4.089161"
step18b_bge_m3_huber_w0p0275_l1p0,huber,0.0275,1.0,0.6592737831314204,-0.0009025526138946027,-0.0019867752478125444,0.16904194227219146,6,11,17,0,"{1: 124, 2: 62, 3: 55, 4: 35, 5: 22}","{1: 138, 2: 65, 3: 43, 4: 29, 5: 23}",107,55,52,0.028037383177570093,12,24,11,13,0,"1.912752,2.535164,3.256986,4.091630"
step18b_bge_m3_ridge_a30p0_w0p0200_l4p0,ridge_a30p0,0.02,4.0,0.6592645386113754,-0.0009117971339396291,-0.001996019767857571,0.17575335166816466,7,11,18,1,"{1: 126, 2: 61, 3: 54, 4: 35, 5: 22}","{1: 139, 2: 65, 3: 40, 4: 31, 5: 23}",83,44,39,0.060240963855421686,0,16,10,11,0,"1.913118,2.537429,3.247843,4.091386"
step18b_bge_m3_ridge_a1000p0_w0p0125_l2p0,ridge_a1000p0,0.0125,2.0,0.659258993686215,-0.0009173420590999903,-0.002001564693017932,0.17575335166816466,7,11,18,1,"{1: 126, 2: 61, 3: 54, 4: 35, 5: 22}","{1: 139, 2: 65, 3: 39, 4: 33, 5: 22}",74,38,36,0.02702702702702703,0,16,10,9,0,"1.908869,2.532257,3.249133,4.096149"
step18b_bge_m3_ridge_a30p0_w0p0200_l1p0,ridge_a30p0,0.02,1.0,0.6592579649983934,-0.0009183707469215818,-0.0020025933808395235,0.18917617046011098,10,16,26,1,"{1: 126, 2: 64, 3: 51, 4: 35, 5: 22}","{1: 140, 2: 65, 3: 41, 4: 30, 5: 22}",104,54,50,0.038461538461538464,0,23,13,14,0,"1.916589,2.549673,3.259179,4.117900"
step18b_bge_m3_ridge_a100p0_w0p0175_l0p5,ridge_a100p0,0.0175,0.5,0.6592572661155067,-0.0009190696298082557,-0.0020032922637261974,0.16904194227219152,5,12,17,1,"{1: 126, 2: 59, 3: 56, 4: 35, 5: 22}","{1: 139, 2: 65, 3: 38, 4: 34, 5: 22}",64,31,33,-0.03125,0,13,8,8,0,"1.913296,2.527895,3.228712,4.089237"
step18b_bge_m3_ridge_a10p0_w0p0125_l1p0,ridge_a10p0,0.0125,1.0,0.6592514553624838,-0.000924880382831228,-0.0020091030167491697,0.17575335166816466,6,11,17,1,"{1: 125, 2: 62, 3: 54, 4: 35, 5: 22}","{1: 138, 2: 66, 3: 40, 4: 32, 5: 22}",86,45,41,0.046511627906976744,0,19,9,9,0,"1.908797,2.538525,3.254816,4.127940"
step18b_bge_m3_ridge_a30p0_w0p0250_l2p0,ridge_a30p0,0.025,2.0,0.6592367372069754,-0.0009395985383395811,-0.0020238211722575228,0.1723976469701781,4,11,15,0,"{1: 124, 2: 62, 3: 55, 4: 35, 5: 22}","{1: 138, 2: 66, 3: 41, 4: 30, 5: 23}",87,47,40,0.08045977011494253,0,19,9,11,0,"1.911999,2.536308,3.251699,4.099890"
step18b_bge_m3_ridge_a1000p0_w0p0375_l4p0,ridge_a1000p0,0.0375,4.0,0.659232143606849,-0.0009441921384659713,-0.002028414772383913,0.17910905636615124,9,14,23,1,"{1: 126, 2: 61, 3: 55, 4: 33, 5: 23}","{1: 141, 2: 64, 3: 38, 4: 33, 5: 22}",89,48,41,0.07865168539325842,0,15,12,12,0,"1.921176,2.536614,3.238599,4.075537"
step18b_bge_m3_ridge_a1000p0_w0p0350_l4p0,ridge_a1000p0,0.035,4.0,0.659232143606849,-0.0009441921384659713,-0.002028414772383913,0.17910905636615126,9,13,22,1,"{1: 126, 2: 61, 3: 55, 4: 33, 5: 23}","{1: 140, 2: 65, 3: 38, 4: 33, 5: 22}",89,48,41,0.07865168539325842,0,15,12,11,0,"1.919740,2.535076,3.241781,4.073770"
step18b_bge_m3_ridge_a3p0_w0p0175_l4p0,ridge_a3p0,0.0175,4.0,0.6592173286951395,-0.0009590070501754866,-0.0020432296840934283,0.17575335166816464,6,9,15,1,"{1: 125, 2: 62, 3: 54, 4: 35, 5: 22}","{1: 137, 2: 67, 3: 40, 4: 31, 5: 23}",88,47,41,0.06818181818181818,2,17,9,9,0,"1.909437,2.542561,3.251061,4.101900"
step18b_bge_m3_ridge_a10p0_w0p0275_l1p0,ridge_a10p0,0.0275,1.0,0.6592135448695535,-0.0009627908757614545,-0.002047013509679396,0.17575335166816472,7,12,19,0,"{1: 124, 2: 64, 3: 54, 4: 34, 5: 22}","{1: 140, 2: 63, 3: 42, 4: 30, 5: 23}",97,51,46,0.05154639175257732,3,20,12,14,0,"1.915691,2.542349,3.251600,4.103998"
step18b_bge_m3_ridge_a10p0_w0p0200_l1p0,ridge_a10p0,0.02,1.0,0.6592126534831311,-0.000963682262183907,-0.0020479048961018487,0.17575335166816464,6,9,15,1,"{1: 125, 2: 62, 3: 54, 4: 35, 5: 22}","{1: 137, 2: 67, 3: 40, 4: 31, 5: 23}",86,46,40,0.06976744186046512,1,17,9,9,0,"1.909761,2.538837,3.250707,4.103698"
step18b_bge_m3_ridge_a30p0_w0p0175_l1p0,ridge_a30p0,0.0175,1.0,0.6592099498924652,-0.0009663858528498048,-0.0020506084867677465,0.18917617046011095,11,15,26,1,"{1: 126, 2: 64, 3: 52, 4: 34, 5: 22}","{1: 139, 2: 66, 3: 42, 4: 28, 5: 23}",100,53,47,0.06,0,22,14,15,0,"1.914856,2.551042,3.268913,4.094248"
step18b_bge_m3_ridge_a1000p0_w0p0275_l4p0,ridge_a1000p0,0.0275,4.0,0.6592034972134073,-0.0009728385319076605,-0.002057061165825602,0.17910905636615124,7,12,19,1,"{1: 126, 2: 61, 3: 54, 4: 35, 5: 22}","{1: 139, 2: 66, 3: 38, 4: 33, 5: 22}",86,47,39,0.09302325581395349,0,16,10,10,0,"1.918402,2.536405,3.245791,4.083607"
step18b_bge_m3_ridge_a10p0_w0p0225_l2p0,ridge_a10p0,0.0225,2.0,0.6591980422358027,-0.0009782935095122847,-0.0020625161434302264,0.17575335166816464,6,9,15,1,"{1: 125, 2: 62, 3: 54, 4: 35, 5: 22}","{1: 137, 2: 67, 3: 40, 4: 31, 5: 23}",87,45,42,0.034482758620689655,2,19,9,9,0,"1.913276,2.542462,3.245440,4.090513"
step18b_bge_m3_ridge_a10p0_w0p0400_l2p0,ridge_a10p0,0.04,2.0,0.6591933618371807,-0.000982973908134288,-0.00206719654205223,0.17575335166816466,9,12,21,0,"{1: 123, 2: 65, 3: 53, 4: 35, 5: 22}","{1: 140, 2: 63, 3: 42, 4: 30, 5: 23}",103,55,48,0.06796116504854369,8,24,14,14,0,"1.916420,2.539412,3.244828,4.088554"
step18b_bge_m3_ridge_a1000p0_w0p0100_l2p0,ridge_a1000p0,0.01,2.0,0.6591886755687044,-0.0009876601766105608,-0.0020718828105285025,0.17910905636615124,7,13,20,1,"{1: 126, 2: 61, 3: 54, 4: 35, 5: 22}","{1: 139, 2: 66, 3: 39, 4: 32, 5: 22}",81,42,39,0.037037037037037035,0,19,10,11,0,"1.910109,2.538095,3.253855,4.102156"
step18b_bge_m3_ridge_a10p0_w0p0350_l1p0,ridge_a10p0,0.035,1.0,0.6591809154622604,-0.0009954202830545489,-0.0020796429169724906,0.1757533516681647,8,15,23,0,"{1: 123, 2: 65, 3: 54, 4: 34, 5: 22}","{1: 141, 2: 62, 3: 43, 4: 30, 5: 22}",103,56,47,0.08737864077669903,4,22,13,17,0,"1.915668,2.542012,3.253313,4.101244"
step18b_bge_m3_ridge_a1000p0_w0p0350_l2p0,ridge_a1000p0,0.035,2.0,0.6591701654427341,-0.0010061703025808777,-0.0020903929364988194,0.17910905636615126,8,12,20,1,"{1: 125, 2: 62, 3: 55, 4: 33, 5: 23}","{1: 139, 2: 66, 3: 38, 4: 33, 5: 22}",87,47,40,0.08045977011494253,0,15,11,10,0,"1.917785,2.537082,3.237311,4.073875"
step18b_bge_m3_ridge_a300p0_w0p0100_l1p0,ridge_a300p0,0.01,1.0,0.659169288222876,-0.0010070475224389641,-0.002091270156356906,0.17910905636615124,7,13,20,1,"{1: 126, 2: 61, 3: 54, 4: 35, 5: 22}","{1: 139, 2: 66, 3: 39, 4: 32, 5: 22}",78,40,38,0.02564102564102564,0,17,10,11,0,"1.909087,2.538919,3.251807,4.102808"
step18b_bge_m3_ridge_a10p0_w0p0225_l1p0,ridge_a10p0,0.0225,1.0,0.6591609096257378,-0.0010154261195771674,-0.002099648753495109,0.17575335166816466,6,12,18,1,"{1: 125, 2: 62, 3: 54, 4: 35, 5: 22}","{1: 140, 2: 64, 3: 40, 4: 31, 5: 23}",89,46,43,0.033707865168539325,0,20,9,12,0,"1.915195,2.539994,3.247109,4.109569"
step18b_bge_m3_ridge_a100p0_w0p0225_l2p0,ridge_a100p0,0.0225,2.0,0.65916019396066,-0.0010161417846550336,-0.0021003644185729753,0.18246476106413784,8,12,20,1,"{1: 126, 2: 62, 3: 53, 4: 35, 5: 22}","{1: 140, 2: 65, 3: 38, 4: 32, 5: 23}",84,44,40,0.047619047619047616,0,18,11,12,0,"1.915767,2.540624,3.246580,4.084484"
step18b_bge_m3_ridge_a10p0_w0p0175_l1p0,ridge_a10p0,0.0175,1.0,0.65916019396066,-0.0010161417846550336,-0.0021003644185729753,0.18917617046011095,9,10,19,1,"{1: 125, 2: 65, 3: 51, 4: 35, 5: 22}","{1: 137, 2: 68, 3: 39, 4: 31, 5: 23}",84,44,40,0.047619047619047616,0,16,12,10,0,"1.910970,2.547361,3.247496,4.093328"
step18b_bge_m3_ridge_a10p0_w0p0225_l4p0,ridge_a10p0,0.0225,4.0,0.6591554907621203,-0.0010208449831946576,-0.0021050676171125993,0.18246476106413778,8,9,17,1,"{1: 125, 2: 64, 3: 52, 4: 35, 5: 22}","{1: 137, 2: 67, 3: 40, 4: 31, 5: 23}",86,45,41,0.046511627906976744,1,19,11,9,0,"1.913604,2.546297,3.245977,4.098737"
step18b_bge_m3_ridge_a10p0_w0p0350_l4p0,ridge_a10p0,0.035,4.0,0.6591469374140471,-0.0010293983312679167,-0.0021136209651858584,0.17575335166816472,8,13,21,0,"{1: 123, 2: 65, 3: 54, 4: 34, 5: 22}","{1: 141, 2: 62, 3: 42, 4: 30, 5: 23}",99,52,47,0.050505050505050504,4,22,13,15,0,"1.916371,2.542385,3.249787,4.095559"
step18b_bge_m3_ridge_a30p0_w0p0200_l2p0,ridge_a30p0,0.02,2.0,0.6591453734469344,-0.0010309622983806221,-0.002115184932298564,0.1757533516681647,6,11,17,1,"{1: 125, 2: 62, 3: 54, 4: 35, 5: 22}","{1: 139, 2: 65, 3: 40, 4: 31, 5: 23}",79,41,38,0.0379746835443038,0,16,9,11,0,"1.911488,2.536923,3.246494,4.091720"
step18b_bge_m3_ridge_a3p0_w0p0225_l4p0,ridge_a3p0,0.0225,4.0,0.6591075296042788,-0.001068806141036216,-0.0021530287749541577,0.1723976469701781,5,8,13,0,"{1: 124, 2: 63, 3: 54, 4: 35, 5: 22}","{1: 137, 2: 66, 3: 41, 4: 31, 5: 23}",88,46,42,0.045454545454545456,4,18,10,10,0,"1.910563,2.540600,3.246988,4.092076"
step18b_bge_m3_ridge_a10p0_w0p0275_l0p5,ridge_a10p0,0.0275,0.5,0.6591027926764952,-0.0010735430688197933,-0.002157765702737735,0.16904194227219146,5,10,15,0,"{1: 124, 2: 62, 3: 56, 4: 34, 5: 22}","{1: 138, 2: 65, 3: 42, 4: 30, 5: 23}",88,46,42,0.045454545454545456,4,18,10,12,0,"1.912110,2.536712,3.250986,4.088130"
step18b_bge_m3_ridge_a300p0_w0p0125_l0p5,ridge_a300p0,0.0125,0.5,0.659099448561644,-0.0010768871836709382,-0.00216110981758888,0.17910905636615124,6,9,15,1,"{1: 124, 2: 63, 3: 54, 4: 34, 5: 23}","{1: 136, 2: 69, 3: 37, 4: 33, 5: 23}",69,32,37,-0.07246376811594203,6,15,9,7,0,"1.902114,2.534136,3.240043,4.065766"
step18b_bge_m3_ridge_a10p0_w0p0200_l2p0,ridge_a10p0,0.02,2.0,0.6590989055447742,-0.001077430200540741,-0.0021616528344586827,0.17575335166816464,6,9,15,1,"{1: 125, 2: 62, 3: 54, 4: 35, 5: 22}","{1: 137, 2: 67, 3: 40, 4: 31, 5: 23}",87,46,41,0.05747126436781609,0,18,9,9,0,"1.911782,2.542955,3.249397,4.106633"
step18b_bge_m3_ridge_a10p0_w0p0175_l4p0,ridge_a10p0,0.0175,4.0,0.6590989055447742,-0.001077430200540741,-0.0021616528344586827,0.17575335166816464,6,10,16,1,"{1: 125, 2: 62, 3: 54, 4: 35, 5: 22}","{1: 137, 2: 67, 3: 40, 4: 32, 5: 22}",87,46,41,0.05747126436781609,0,17,9,8,0,"1.910998,2.539460,3.250600,4.109248"
step18b_bge_m3_ridge_a30p0_w0p0200_l0p5,ridge_a30p0,0.02,0.5,0.659085391810265,-0.0010909439350499373,-0.002175166568967879,0.1824647610641378,8,12,20,1,"{1: 126, 2: 62, 3: 53, 4: 35, 5: 22}","{1: 139, 2: 66, 3: 39, 4: 31, 5: 23}",93,48,45,0.03225806451612903,0,20,11,12,0,"1.916176,2.544011,3.252645,4.093916"
step18b_bge_m3_ridge_a300p0_w0p0300_l0p5,ridge_a300p0,0.03,0.5,0.6590747748191244,-0.0011015609261906256,-0.0021857835601085673,0.17910905636615126,7,12,19,1,"{1: 125, 2: 62, 3: 55, 4: 34, 5: 22}","{1: 139, 2: 66, 3: 38, 4: 33, 5: 22}",84,44,40,0.047619047619047616,0,15,10,10,0,"1.912802,2.537115,3.241441,4.090035"
step18b_bge_m3_ridge_a1000p0_w0p0200_l1p0,ridge_a1000p0,0.02,1.0,0.6590736079919624,-0.001102727753352628,-0.00218695038727057,0.18246476106413784,8,13,21,1,"{1: 126, 2: 62, 3: 53, 4: 35, 5: 22}","{1: 140, 2: 65, 3: 38, 4: 33, 5: 22}",72,38,34,0.05555555555555555,0,14,11,11,0,"1.913333,2.537199,3.248016,4.078206"
step18b_bge_m3_ridge_a1000p0_w0p0325_l4p0,ridge_a1000p0,0.0325,4.0,0.659070277613247,-0.0011060581320679885,-0.0021902807659859302,0.17910905636615124,8,12,20,1,"{1: 126, 2: 61, 3: 55, 4: 34, 5: 22}","{1: 139, 2: 66, 3: 38, 4: 33, 5: 22}",86,46,40,0.06976744186046512,0,15,11,10,0,"1.919105,2.535573,3.241136,4.078646"
step18b_bge_m3_ridge_a3p0_w0p0225_l1p0,ridge_a3p0,0.0225,1.0,0.6590697005324152,-0.0011066352128997758,-0.0021908578468177176,0.1723976469701781,5,8,13,0,"{1: 124, 2: 63, 3: 54, 4: 35, 5: 22}","{1: 137, 2: 66, 3: 41, 4: 31, 5: 23}",89,46,43,0.033707865168539325,4,18,10,10,0,"1.911458,2.539108,3.245106,4.096166"
step18b_bge_m3_ridge_a100p0_w0p0275_l1p0,ridge_a100p0,0.0275,1.0,0.6590666312854485,-0.0011097044598664674,-0.002193927093784409,0.18246476106413784,8,15,23,1,"{1: 126, 2: 62, 3: 53, 4: 35, 5: 22}","{1: 142, 2: 63, 3: 38, 4: 33, 5: 22}",95,50,45,0.05263157894736842,0,19,11,13,0,"1.918484,2.541335,3.245282,4.101642"
step18b_bge_m3_ridge_a1000p0_w0p0175_l1p0,ridge_a1000p0,0.0175,1.0,0.6590610192093398,-0.001115316535975186,-0.0021995391698931277,0.18246476106413784,8,15,23,1,"{1: 126, 2: 62, 3: 53, 4: 35, 5: 22}","{1: 140, 2: 65, 3: 40, 4: 31, 5: 22}",86,46,40,0.06976744186046512,0,19,11,13,0,"1.914953,2.536294,3.258191,4.097008"
step18b_bge_m3_ridge_a10p0_w0p0300_l1p0,ridge_a10p0,0.03,1.0,0.6590604562671775,-0.0011158794781375159,-0.0022001021120554576,0.16904194227219155,4,11,15,0,"{1: 124, 2: 62, 3: 55, 4: 35, 5: 22}","{1: 140, 2: 63, 3: 41, 4: 31, 5: 23}",91,47,44,0.03296703296703297,4,19,9,13,0,"1.918592,2.539138,3.247228,4.090573"
step18b_bge_m3_ridge_a300p0_w0p0275_l2p0,ridge_a300p0,0.0275,2.0,0.6590562466363504,-0.0011200891089645504,-0.002204311742882492,0.17910905636615126,8,13,21,1,"{1: 126, 2: 61, 3: 55, 4: 34, 5: 22}","{1: 140, 2: 65, 3: 38, 4: 33, 5: 22}",88,47,41,0.06818181818181818,0,17,11,11,0,"1.916077,2.535833,3.245833,4.106015"
step18b_bge_m3_ridge_a30p0_w0p0125_l4p0,ridge_a30p0,0.0125,4.0,0.6590456010692336,-0.0011307346760813797,-0.0022149573099993214,0.17910905636615124,6,12,18,1,"{1: 125, 2: 62, 3: 54, 4: 35, 5: 22}","{1: 138, 2: 67, 3: 39, 4: 32, 5: 22}",76,39,37,0.02631578947368421,0,16,9,10,0,"1.908365,2.538398,3.248820,4.095032"
step18b_bge_m3_ridge_a300p0_w0p0225_l2p0,ridge_a300p0,0.0225,2.0,0.6590456010692336,-0.0011307346760813797,-0.0022149573099993214,0.17910905636615126,7,13,20,1,"{1: 126, 2: 61, 3: 54, 4: 35, 5: 22}","{1: 140, 2: 65, 3: 38, 4: 33, 5: 22}",76,40,36,0.05263157894736842,0,16,10,11,0,"1.915564,2.534149,3.244508,4.084892"
step18b_bge_m3_ridge_a300p0_w0p0275_l1p0,ridge_a300p0,0.0275,1.0,0.6590453016315929,-0.0011310341137220625,-0.0022152567476400042,0.17239764697017812,5,11,16,1,"{1: 125, 2: 61, 3: 55, 4: 35, 5: 22}","{1: 139, 2: 65, 3: 39, 4: 33, 5: 22}",76,39,37,0.02631578947368421,0,15,8,9,0,"1.914343,2.526635,3.238259,4.097262"
step18b_bge_m3_ridge_a30p0_w0p0350_l0p5,ridge_a30p0,0.035,0.5,0.65904422540138,-0.001132110343935011,-0.002216332977852953,0.1723976469701781,5,9,14,0,"{1: 122, 2: 65, 3: 54, 4: 35, 5: 22}","{1: 139, 2: 64, 3: 40, 4: 32, 5: 23}",84,44,40,0.047619047619047616,7,16,10,11,0,"1.909102,2.535436,3.235797,4.077660"
step18b_bge_m3_ridge_a3p0_w0p0225_l0p5,ridge_a3p0,0.0225,0.5,0.6590368789006384,-0.001139456844676534,-0.002223679478594476,0.1723976469701781,5,8,13,0,"{1: 124, 2: 63, 3: 54, 4: 35, 5: 22}","{1: 137, 2: 66, 3: 41, 4: 31, 5: 23}",91,47,44,0.03296703296703297,3,19,10,10,0,"1.911002,2.539480,3.241757,4.111421"
step18b_bge_m3_ridge_a10p0_w0p0175_l0p5,ridge_a10p0,0.0175,0.5,0.6590296799540574,-0.0011466557912576114,-0.002230878425175553,0.1757533516681646,8,14,22,1,"{1: 125, 2: 62, 3: 56, 4: 33, 5: 22}","{1: 137, 2: 67, 3: 43, 4: 30, 5: 21}",107,58,49,0.08411214953271028,0,28,11,12,0,"1.910470,2.544449,3.284102,4.135469"
step18b_bge_m3_ridge_a10p0_w0p0300_l2p0,ridge_a10p0,0.03,2.0,0.6590289656762118,-0.0011473700691031485,-0.0022315927030210903,0.18582046576212438,9,14,23,0,"{1: 124, 2: 66, 3: 52, 4: 34, 5: 22}","{1: 139, 2: 65, 3: 43, 4: 28, 5: 23}",105,56,49,0.06666666666666667,3,22,14,16,0,"1.914710,2.553372,3.255949,4.101894"
step18b_bge_m3_ridge_a300p0_w0p0150_l1p0,ridge_a300p0,0.015,1.0,0.659026781607644,-0.0011495541376709273,-0.002233776771588869,0.17910905636615124,7,13,20,1,"{1: 126, 2: 61, 3: 54, 4: 35, 5: 22}","{1: 139, 2: 66, 3: 39, 4: 32, 5: 22}",78,40,38,0.02564102564102564,0,18,10,11,0,"1.911111,2.535087,3.251494,4.098111"
step18b_bge_m3_ridge_a3p0_w0p0175_l1p0,ridge_a3p0,0.0175,1.0,0.6590243061541114,-0.0011520295912035294,-0.002236252225121471,0.18917617046011095,9,11,20,1,"{1: 125, 2: 65, 3: 51, 4: 35, 5: 22}","{1: 137, 2: 68, 3: 40, 4: 30, 5: 23}",100,52,48,0.04,2,21,12,11,0,"1.913271,2.554968,3.260866,4.099576"
step18b_bge_m3_ridge_a10p0_w0p0100_l0p5,ridge_a10p0,0.01,0.5,0.6590180188689145,-0.0011583168764004448,-0.0022425395103183865,0.1757533516681647,6,13,19,1,"{1: 125, 2: 62, 3: 54, 4: 35, 5: 22}","{1: 138, 2: 66, 3: 42, 4: 30, 5: 22}",85,44,41,0.03529411764705882,0,20,9,11,0,"1.908423,2.533372,3.267035,4.118138"
step18b_bge_m3_ridge_a3p0_w0p0250_l4p0,ridge_a3p0,0.025,4.0,0.6590130599701706,-0.0011632757751444123,-0.002247498409062354,0.1690419422721915,4,9,13,0,"{1: 124, 2: 62, 3: 55, 4: 35, 5: 22}","{1: 138, 2: 65, 3: 41, 4: 31, 5: 23}",92,47,45,0.021739130434782608,4,20,9,11,0,"1.912537,2.539343,3.248894,4.100251"
step18b_bge_m3_huber_w0p0250_l2p0,huber,0.025,2.0,0.6590039299123212,-0.001172405832993828,-0.0022566284669117698,0.16904194227219146,5,12,17,0,"{1: 124, 2: 62, 3: 56, 4: 34, 5: 22}","{1: 138, 2: 65, 3: 44, 4: 28, 5: 23}",105,54,51,0.02857142857142857,8,26,10,14,0,"1.909364,2.535924,3.259862,4.101291"
step18b_bge_m3_ridge_a1000p0_w0p0100_l4p0,ridge_a1000p0,0.01,4.0,0.6590038041334167,-0.001172531611898231,-0.0022567542458161727,0.1824647610641378,8,13,21,1,"{1: 126, 2: 62, 3: 53, 4: 35, 5: 22}","{1: 139, 2: 66, 3: 39, 4: 32, 5: 22}",84,43,41,0.023809523809523808,0,19,11,11,0,"1.911835,2.539438,3.252721,4.102541"
step18b_bge_m3_ridge_a300p0_w0p0150_l2p0,ridge_a300p0,0.015,2.0,0.6590029778418582,-0.0011733579034567398,-0.0022575805373746816,0.17910905636615124,7,12,19,1,"{1: 126, 2: 61, 3: 54, 4: 35, 5: 22}","{1: 139, 2: 66, 3: 38, 4: 33, 5: 22}",77,40,37,0.03896103896103896,0,17,10,10,0,"1.910904,2.535613,3.247959,4.092031"
step18b_bge_m3_ridge_a3p0_w0p0325_l1p0,ridge_a3p0,0.0325,1.0,0.6590001789818671,-0.0011761567634478443,-0.002260379397365786,0.1858204657621244,11,11,22,0,"{1: 124, 2: 67, 3: 50, 4: 35, 5: 22}","{1: 140, 2: 63, 3: 41, 4: 31, 5: 23}",109,57,52,0.045871559633027525,6,24,16,13,0,"1.916819,2.555891,3.246372,4.095268"
step18b_bge_m3_ridge_a3p0_w0p0150_l0p5,ridge_a3p0,0.015,0.5,0.6589922658678318,-0.001184069877483207,-0.0022682925114011487,0.16568623757420492,5,10,15,0,"{1: 124, 2: 61, 3: 58, 4: 33, 5: 22}","{1: 135, 2: 68, 3: 44, 4: 29, 5: 22}",77,42,35,0.09090909090909091,2,19,10,8,0,"1.901100,2.520407,3.278200,4.111980"
step18b_bge_m3_ridge_a100p0_w0p0175_l1p0,ridge_a100p0,0.0175,1.0,0.6589796529839567,-0.0011966827613583142,-0.002280905395276256,0.17910905636615124,7,13,20,1,"{1: 126, 2: 61, 3: 54, 4: 35, 5: 22}","{1: 139, 2: 66, 3: 39, 4: 32, 5: 22}",81,42,39,0.037037037037037035,0,18,10,11,0,"1.914781,2.534314,3.252490,4.094100"
step18b_bge_m3_ridge_a1000p0_w0p0150_l1p0,ridge_a1000p0,0.015,1.0,0.6589748296810121,-0.0012015060643029152,-0.002285728698220857,0.17910905636615124,7,13,20,1,"{1: 126, 2: 61, 3: 54, 4: 35, 5: 22}","{1: 139, 2: 66, 3: 39, 4: 32, 5: 22}",81,42,39,0.037037037037037035,0,17,10,11,0,"1.910855,2.536372,3.253883,4.107092"
step18b_bge_m3_ridge_a100p0_w0p0100_l1p0,ridge_a100p0,0.01,1.0,0.6589743982651555,-0.0012019374801595095,-0.0022861601140774512,0.17575335166816466,7,11,18,1,"{1: 126, 2: 61, 3: 54, 4: 35, 5: 22}","{1: 139, 2: 65, 3: 39, 4: 33, 5: 22}",76,38,38,0.0,0,17,10,9,0,"1.911092,2.532660,3.249180,4.105128"
step18b_bge_m3_ridge_a1000p0_w0p0100_l1p0,ridge_a1000p0,0.01,1.0,0.658967499039685,-0.0012088367056299898,-0.0022930593395479315,0.16904194227219152,6,10,16,1,"{1: 125, 2: 61, 3: 55, 4: 34, 5: 23}","{1: 138, 2: 65, 3: 39, 4: 34, 5: 22}",60,28,32,-0.06666666666666667,3,12,9,6,0,"1.904831,2.527806,3.241628,4.075658"
step18b_bge_m3_huber_w0p0150_l2p0,huber,0.015,2.0,0.6589655632514779,-0.0012107724938370534,-0.002294995127754995,0.17575335166816466,6,11,17,1,"{1: 125, 2: 62, 3: 54, 4: 35, 5: 22}","{1: 138, 2: 66, 3: 39, 4: 32, 5: 23}",87,46,41,0.05747126436781609,2,18,9,9,0,"1.913233,2.536335,3.247797,4.105611"
step18b_bge_m3_ridge_a100p0_w0p0200_l2p0,ridge_a100p0,0.02,2.0,0.6589615340795366,-0.0012148016657783645,-0.002299024299696306,0.18246476106413784,8,14,22,1,"{1: 126, 2: 62, 3: 53, 4: 35, 5: 22}","{1: 140, 2: 65, 3: 39, 4: 32, 5: 22}",87,45,42,0.034482758620689655,0,19,11,12,0,"1.917076,2.538517,3.249847,4.094370"
step18b_bge_m3_ridge_a30p0_w0p0125_l2p0,ridge_a30p0,0.0125,2.0,0.6589458313977528,-0.0012305043475622224,-0.002314726981480164,0.17910905636615124,6,12,18,1,"{1: 125, 2: 62, 3: 54, 4: 35, 5: 22}","{1: 138, 2: 67, 3: 39, 4: 32, 5: 22}",75,38,37,0.013333333333333334,0,16,9,10,0,"1.908361,2.536467,3.250751,4.094890"
step18b_bge_m3_ridge_a300p0_w0p0250_l4p0,ridge_a300p0,0.025,4.0,0.6589325402202311,-0.0012437955250839128,-0.0023280181590018545,0.17910905636615126,7,13,20,1,"{1: 126, 2: 61, 3: 54, 4: 35, 5: 22}","{1: 140, 2: 65, 3: 38, 4: 33, 5: 22}",86,46,40,0.06976744186046512,0,17,10,11,0,"1.916512,2.534684,3.247292,4.084194"
step18b_bge_m3_ridge_a300p0_w0p0275_l4p0,ridge_a300p0,0.0275,4.0,0.6589325402202311,-0.0012437955250839128,-0.0023280181590018545,0.17910905636615126,8,13,21,1,"{1: 126, 2: 61, 3: 55, 4: 34, 5: 22}","{1: 140, 2: 65, 3: 38, 4: 33, 5: 22}",86,46,40,0.06976744186046512,0,17,11,11,0,"1.915484,2.535982,3.245866,4.081238"
step18b_bge_m3_huber_w0p0350_l1p0,huber,0.035,1.0,0.6589176209841859,-0.0012587147611290428,-0.0023429373950469845,0.17575335166816464,9,14,23,0,"{1: 125, 2: 63, 3: 53, 4: 35, 5: 22}","{1: 137, 2: 66, 3: 44, 4: 29, 5: 22}",117,60,57,0.02564102564102564,16,27,14,16,0,"1.909768,2.534725,3.268039,4.091234"
step18b_bge_m3_huber_w0p0175_l2p0,huber,0.0175,2.0,0.6589039616587562,-0.0012723740865587807,-0.0023565967204767224,0.17575335166816466,6,11,17,1,"{1: 125, 2: 62, 3: 54, 4: 35, 5: 22}","{1: 138, 2: 66, 3: 39, 4: 32, 5: 23}",89,45,44,0.011235955056179775,3,18,9,9,0,"1.912944,2.535076,3.248089,4.103443"
step18b_bge_m3_ridge_a300p0_w0p0100_l2p0,ridge_a300p0,0.01,2.0,0.6588939095837723,-0.0012824261615427268,-0.0023666487954606685,0.17910905636615124,7,12,19,1,"{1: 126, 2: 61, 3: 54, 4: 35, 5: 22}","{1: 139, 2: 66, 3: 38, 4: 33, 5: 22}",78,39,39,0.0,0,17,10,10,0,"1.911409,2.538669,3.247526,4.102876"
step18b_bge_m3_ridge_a100p0_w0p0125_l0p5,ridge_a100p0,0.0125,0.5,0.6588934237860411,-0.0012829119592738802,-0.002367134593191822,0.17575335166816466,7,12,19,1,"{1: 126, 2: 61, 3: 54, 4: 35, 5: 22}","{1: 139, 2: 65, 3: 40, 4: 32, 5: 22}",76,38,38,0.0,0,17,10,10,0,"1.909735,2.530332,3.251387,4.116069"
step18b_bge_m3_ridge_a300p0_w0p0125_l1p0,ridge_a300p0,0.0125,1.0,0.6588740993590477,-0.0013022363862672526,-0.0023864590201851943,0.17910905636615124,6,11,17,1,"{1: 125, 2: 62, 3: 54, 4: 35, 5: 22}","{1: 138, 2: 67, 3: 38, 4: 33, 5: 22}",73,37,36,0.0136986301369863,0,16,9,9,0,"1.905152,2.533742,3.249546,4.099818"
step18b_bge_m3_ridge_a3p0_w0p0150_l2p0,ridge_a3p0,0.015,2.0,0.6588705100915948,-0.0013058256537201718,-0.0023900482876381135,0.17575335166816464,6,9,15,1,"{1: 125, 2: 62, 3: 54, 4: 35, 5: 22}","{1: 137, 2: 67, 3: 40, 4: 31, 5: 23}",82,42,40,0.024390243902439025,0,18,9,9,0,"1.910077,2.535119,3.249843,4.107611"
step18b_bge_m3_ridge_a3p0_w0p0200_l0p5,ridge_a3p0,0.02,0.5,0.6588705100915948,-0.0013058256537201718,-0.0023900482876381135,0.17575335166816464,6,9,15,1,"{1: 125, 2: 62, 3: 54, 4: 35, 5: 22}","{1: 137, 2: 67, 3: 40, 4: 31, 5: 23}",90,46,44,0.022222222222222223,3,19,9,9,0,"1.912679,2.538669,3.242684,4.110297"
step18b_bge_m3_ridge_a3p0_w0p0100_l0p5,ridge_a3p0,0.01,0.5,0.6588646576366254,-0.0013116781086895957,-0.0023959007426075374,0.18917617046011098,15,19,34,1,"{1: 125, 2: 65, 3: 54, 4: 35, 5: 19}","{1: 138, 2: 67, 3: 44, 4: 29, 5: 20}",133,70,63,0.05263157894736842,0,41,18,17,0,"1.911520,2.554404,3.307750,4.172983"
step18b_bge_m3_ridge_a300p0_w0p0200_l4p0,ridge_a300p0,0.02,4.0,0.6588612465142974,-0.00131508923101753,-0.0023993118649354717,0.17910905636615126,7,13,20,1,"{1: 126, 2: 61, 3: 54, 4: 35, 5: 22}","{1: 140, 2: 65, 3: 38, 4: 33, 5: 22}",84,44,40,0.047619047619047616,0,17,10,11,0,"1.915571,2.536199,3.247983,4.102472"
step18b_bge_m3_ridge_a3p0_w0p0325_l0p5,ridge_a3p0,0.0325,0.5,0.6588575866907952,-0.0013187490545197855,-0.0024029716884377272,0.1589748281782318,5,4,9,0,"{1: 123, 2: 61, 3: 55, 4: 37, 5: 22}","{1: 134, 2: 68, 3: 42, 4: 31, 5: 23}",86,43,43,0.0,13,19,8,8,0,"1.899174,2.523652,3.239071,4.086740"
step18b_bge_m3_ridge_a100p0_w0p0225_l4p0,ridge_a100p0,0.0225,4.0,0.6588470786895015,-0.0013292570558134376,-0.0024134796897313793,0.18246476106413784,8,14,22,1,"{1: 126, 2: 62, 3: 53, 4: 35, 5: 22}","{1: 140, 2: 65, 3: 39, 4: 32, 5: 22}",88,46,42,0.045454545454545456,0,18,11,12,0,"1.914612,2.538132,3.249087,4.107938"
step18b_bge_m3_ridge_a100p0_w0p0125_l4p0,ridge_a100p0,0.0125,4.0,0.6588468426734182,-0.0013294930718967812,-0.002413715705814723,0.17910905636615124,7,13,20,1,"{1: 126, 2: 61, 3: 54, 4: 35, 5: 22}","{1: 139, 2: 66, 3: 39, 4: 32, 5: 22}",81,41,40,0.012345679012345678,0,18,10,11,0,"1.911629,2.538476,3.252537,4.096151"
step18b_bge_m3_ridge_a3p0_w0p0150_l1p0,ridge_a3p0,0.015,1.0,0.6588466073783301,-0.0013297283669848614,-0.002413951000902803,0.17575335166816464,6,9,15,1,"{1: 125, 2: 62, 3: 54, 4: 35, 5: 22}","{1: 137, 2: 67, 3: 40, 4: 31, 5: 23}",78,39,39,0.0,1,15,9,9,0,"1.909339,2.543221,3.247504,4.089134"
step18b_bge_m3_ridge_a1000p0_w0p0150_l0p5,ridge_a1000p0,0.015,0.5,0.6588455201539491,-0.0013308155913658304,-0.002415038225283772,0.17910905636615126,7,12,19,1,"{1: 126, 2: 61, 3: 54, 4: 35, 5: 22}","{1: 138, 2: 67, 3: 37, 4: 34, 5: 22}",72,37,35,0.027777777777777776,0,16,10,8,0,"1.907850,2.535531,3.241665,4.107724"
step18b_bge_m3_ridge_a3p0_w0p0250_l2p0,ridge_a3p0,0.025,2.0,0.6588424886426394,-0.0013338471026755894,-0.002418069736593531,0.1791090563661512,7,9,16,0,"{1: 124, 2: 65, 3: 52, 4: 35, 5: 22}","{1: 138, 2: 65, 3: 41, 4: 31, 5: 23}",93,47,46,0.010752688172043012,4,19,12,11,0,"1.913582,2.547533,3.248636,4.089868"
step18b_bge_m3_huber_w0p0100_l1p0,huber,0.01,1.0,0.6588360358879548,-0.001340299857360172,-0.002424522491278114,0.17239764697017806,6,9,15,1,"{1: 125, 2: 62, 3: 54, 4: 35, 5: 22}","{1: 137, 2: 66, 3: 40, 4: 32, 5: 23}",71,34,37,-0.04225352112676056,1,16,9,7,0,"1.908413,2.529665,3.244316,4.104198"
step18b_bge_m3_ridge_a100p0_w0p0250_l4p0,ridge_a100p0,0.025,4.0,0.658833452763463,-0.0013428829818520338,-0.0024271056157699755,0.1824647610641378,8,14,22,1,"{1: 126, 2: 62, 3: 53, 4: 35, 5: 22}","{1: 141, 2: 64, 3: 38, 4: 33, 5: 22}",92,49,43,0.06521739130434782,0,18,11,12,0,"1.915374,2.542469,3.247355,4.097948"
step18b_bge_m3_huber_w0p0150_l0p5,huber,0.015,0.5,0.6588326778474254,-0.0013436578978895941,-0.002427880531807536,0.17575335166816464,6,9,15,1,"{1: 125, 2: 62, 3: 54, 4: 35, 5: 22}","{1: 137, 2: 67, 3: 40, 4: 31, 5: 23}",89,46,43,0.033707865168539325,3,21,9,9,0,"1.911213,2.538678,3.258371,4.098392"
step18b_bge_m3_huber_w0p0175_l4p0,huber,0.0175,4.0,0.6588092252362846,-0.0013671105090303781,-0.00245133314294832,0.17575335166816466,6,11,17,1,"{1: 125, 2: 62, 3: 54, 4: 35, 5: 22}","{1: 138, 2: 66, 3: 39, 4: 32, 5: 23}",93,47,46,0.010752688172043012,3,20,9,9,0,"1.912311,2.540274,3.249812,4.107093"
step18b_bge_m3_huber_w0p0325_l4p0,huber,0.0325,4.0,0.6588090471618757,-0.0013672885834392634,-0.002451511217357205,0.17575335166816466,8,12,20,0,"{1: 124, 2: 64, 3: 53, 4: 35, 5: 22}","{1: 138, 2: 65, 3: 44, 4: 28, 5: 23}",116,59,57,0.017241379310344827,15,26,13,14,0,"1.913121,2.536095,3.265064,4.089964"
step18b_bge_m3_huber_w0p0275_l4p0,huber,0.0275,4.0,0.6587999554901156,-0.001376380255199372,-0.0024606028891173137,0.1723976469701781,7,13,20,0,"{1: 124, 2: 63, 3: 54, 4: 35, 5: 22}","{1: 139, 2: 64, 3: 44, 4: 28, 5: 23}",109,55,54,0.009174311926605505,9,26,12,15,0,"1.915153,2.537435,3.263270,4.096653"
step18b_bge_m3_ridge_a10p0_w0p0150_l4p0,ridge_a10p0,0.015,4.0,0.658799027766606,-0.0013773079787089415,-0.0024615306126268832,0.17575335166816466,6,10,16,1,"{1: 125, 2: 62, 3: 54, 4: 35, 5: 22}","{1: 138, 2: 66, 3: 40, 4: 31, 5: 23}",77,39,38,0.012987012987012988,0,16,9,10,0,"1.910476,2.536499,3.248811,4.097700"
step18b_bge_m3_ridge_a30p0_w0p0150_l4p0,ridge_a30p0,0.015,4.0,0.658799027766606,-0.0013773079787089415,-0.0024615306126268832,0.17910905636615124,7,12,19,1,"{1: 126, 2: 61, 3: 54, 4: 35, 5: 22}","{1: 139, 2: 66, 3: 39, 4: 31, 5: 23}",77,39,38,0.012987012987012988,0,16,10,12,0,"1.910772,2.538629,3.247988,4.091090"
step18b_bge_m3_ridge_a100p0_w0p0250_l2p0,ridge_a100p0,0.025,2.0,0.6587899229969288,-0.0013864127483861344,-0.002470635382304076,0.17910905636615124,7,15,22,1,"{1: 126, 2: 61, 3: 54, 4: 35, 5: 22}","{1: 141, 2: 64, 3: 39, 4: 32, 5: 22}",86,46,40,0.06976744186046512,0,17,10,13,0,"1.914155,2.537002,3.248008,4.088665"
step18b_bge_m3_ridge_a10p0_w0p0125_l2p0,ridge_a10p0,0.0125,2.0,0.6587840788186776,-0.0013922569266373586,-0.0024764795605553003,0.17575335166816464,6,9,15,1,"{1: 125, 2: 62, 3: 54, 4: 35, 5: 22}","{1: 137, 2: 67, 3: 40, 4: 31, 5: 23}",72,36,36,0.0,0,16,9,9,0,"1.907474,2.535592,3.248559,4.098629"
step18b_bge_m3_huber_w0p0325_l1p0,huber,0.0325,1.0,0.6587806550422726,-0.0013956807030424123,-0.002479903336960354,0.1757533516681646,8,13,21,0,"{1: 124, 2: 64, 3: 53, 4: 35, 5: 22}","{1: 138, 2: 65, 3: 45, 4: 27, 5: 23}",116,59,57,0.017241379310344827,13,27,13,15,0,"1.913114,2.535131,3.271633,4.092098"
step18b_bge_m3_ridge_a10p0_w0p0375_l4p0,ridge_a10p0,0.0375,4.0,0.6587805206948971,-0.001395815050417859,-0.0024800376843358007,0.17575335166816466,8,11,19,0,"{1: 123, 2: 65, 3: 54, 4: 34, 5: 22}","{1: 140, 2: 63, 3: 41, 4: 31, 5: 23}",103,53,50,0.02912621359223301,8,23,13,13,0,"1.916656,2.540468,3.244025,4.090705"
step18b_bge_m3_ridge_a1000p0_w0p0300_l2p0,ridge_a1000p0,0.03,2.0,0.6587613642354322,-0.0014149715098827897,-0.0024991941438007315,0.17910905636615124,8,12,20,1,"{1: 126, 2: 61, 3: 55, 4: 34, 5: 22}","{1: 139, 2: 66, 3: 38, 4: 33, 5: 22}",85,45,40,0.058823529411764705,0,15,11,10,0,"1.917925,2.534895,3.246207,4.081795"
step18b_bge_m3_ridge_a3p0_w0p0100_l1p0,ridge_a3p0,0.01,1.0,0.6587277873807131,-0.0014485483646018427,-0.0025327709985197844,0.17575335166816464,6,9,15,1,"{1: 125, 2: 62, 3: 54, 4: 35, 5: 22}","{1: 137, 2: 67, 3: 40, 4: 31, 5: 23}",77,39,38,0.012987012987012988,0,16,9,9,0,"1.905500,2.539887,3.248986,4.099663"
step18b_bge_m3_huber_w0p0150_l4p0,huber,0.015,4.0,0.6587235528061504,-0.0014527829391646208,-0.0025370055730825625,0.17575335166816466,6,11,17,1,"{1: 125, 2: 62, 3: 54, 4: 35, 5: 22}","{1: 138, 2: 66, 3: 39, 4: 32, 5: 23}",90,46,44,0.022222222222222223,3,19,9,9,0,"1.913670,2.540421,3.250729,4.103497"
step18b_bge_m3_ridge_a30p0_w0p0100_l0p5,ridge_a30p0,0.01,0.5,0.6587169417700078,-0.0014593939753071439,-0.0025436166092250856,0.16233053287621838,4,9,13,1,"{1: 125, 2: 59, 3: 56, 4: 36, 5: 22}","{1: 138, 2: 65, 3: 39, 4: 33, 5: 23}",54,23,31,-0.14814814814814814,2,10,5,7,0,"1.908325,2.517186,3.228452,4.083170"
step18b_bge_m3_ridge_a1000p0_w0p0175_l4p0,ridge_a1000p0,0.0175,4.0,0.6587092978181068,-0.001467037927208148,-0.0025512605611260897,0.18246476106413784,8,14,22,1,"{1: 126, 2: 62, 3: 53, 4: 35, 5: 22}","{1: 140, 2: 65, 3: 39, 4: 32, 5: 22}",86,45,41,0.046511627906976744,0,19,11,12,0,"1.914689,2.537212,3.255557,4.102437"
step18b_bge_m3_ridge_a3p0_w0p0350_l1p0,ridge_a3p0,0.035,1.0,0.6587048430558455,-0.0014714926894694447,-0.0025557153233873864,0.1556191234802452,6,3,9,0,"{1: 123, 2: 61, 3: 55, 4: 36, 5: 23}","{1: 134, 2: 67, 3: 43, 4: 31, 5: 23}",84,41,43,-0.023809523809523808,21,13,9,7,0,"1.899818,2.517478,3.229260,4.075136"
step18b_bge_m3_ridge_a3p0_w0p0250_l1p0,ridge_a3p0,0.025,1.0,0.6586857669097892,-0.0014905688355257851,-0.002574791469443727,0.17239764697017806,5,9,14,0,"{1: 124, 2: 63, 3: 54, 4: 35, 5: 22}","{1: 138, 2: 65, 3: 41, 4: 31, 5: 23}",90,45,45,0.0,4,19,10,11,0,"1.913664,2.540972,3.241981,4.090905"
step18b_bge_m3_ridge_a1000p0_w0p0300_l4p0,ridge_a1000p0,0.03,4.0,0.6586807502617871,-0.0014955854835279059,-0.0025798081174458476,0.17910905636615124,8,12,20,1,"{1: 126, 2: 61, 3: 55, 4: 34, 5: 22}","{1: 139, 2: 66, 3: 38, 4: 33, 5: 22}",87,46,41,0.05747126436781609,0,16,11,10,0,"1.919260,2.534919,3.243977,4.085857"
step18b_bge_m3_ridge_a30p0_w0p0175_l4p0,ridge_a30p0,0.0175,4.0,0.658675764188208,-0.0015005715571070333,-0.002584794191024975,0.17910905636615124,7,13,20,1,"{1: 126, 2: 61, 3: 54, 4: 35, 5: 22}","{1: 139, 2: 66, 3: 39, 4: 32, 5: 22}",82,42,40,0.024390243902439025,0,17,10,11,0,"1.911850,2.539717,3.249014,4.096465"
step18b_bge_m3_huber_w0p0375_l0p5,huber,0.0375,0.5,0.6586699302308553,-0.0015064055144596855,-0.0025906281483776272,0.1556191234802452,10,11,21,0,"{1: 120, 2: 64, 3: 57, 4: 33, 5: 24}","{1: 132, 2: 69, 3: 42, 4: 31, 5: 24}",113,54,59,-0.04424778761061947,36,20,15,13,0,"1.891261,2.510935,3.244818,4.076693"
step18b_bge_m3_ridge_a300p0_w0p0250_l2p0,ridge_a300p0,0.025,2.0,0.6586665013826483,-0.0015098343626667177,-0.0025940569965846594,0.17910905636615126,7,13,20,1,"{1: 126, 2: 61, 3: 54, 4: 35, 5: 22}","{1: 140, 2: 65, 3: 38, 4: 33, 5: 22}",84,44,40,0.047619047619047616,0,17,10,11,0,"1.916652,2.537631,3.243320,4.087453"
step18b_bge_m3_huber_w0p0100_l4p0,huber,0.01,4.0,0.6586614846688568,-0.0015148510764582124,-0.002599073710376154,0.17575335166816464,6,9,15,1,"{1: 125, 2: 62, 3: 54, 4: 35, 5: 22}","{1: 137, 2: 67, 3: 40, 4: 31, 5: 23}",84,43,41,0.023809523809523808,1,20,9,9,0,"1.909104,2.539916,3.258067,4.101007"
step18b_bge_m3_ridge_a30p0_w0p0225_l1p0,ridge_a30p0,0.0225,1.0,0.6586572380743296,-0.0015190976709853476,-0.0026033203049032894,0.18246476106413784,7,12,19,1,"{1: 125, 2: 63, 3: 53, 4: 35, 5: 22}","{1: 139, 2: 66, 3: 39, 4: 31, 5: 23}",86,44,42,0.023255813953488372,0,16,10,12,0,"1.912740,2.546458,3.245346,4.095304"
step18b_bge_m3_huber_w0p0125_l4p0,huber,0.0125,4.0,0.6586479742632114,-0.0015283614821035574,-0.002612584116021499,0.1791090563661512,7,10,17,1,"{1: 125, 2: 63, 3: 53, 4: 35, 5: 22}","{1: 137, 2: 67, 3: 39, 4: 32, 5: 23}",88,45,43,0.022727272727272728,1,19,10,8,0,"1.912737,2.542585,3.249222,4.101143"
step18b_bge_m3_ridge_a100p0_w0p0150_l4p0,ridge_a100p0,0.015,4.0,0.6586379947044395,-0.0015383410408754683,-0.00262256367479341,0.17910905636615124,7,13,20,1,"{1: 126, 2: 61, 3: 54, 4: 35, 5: 22}","{1: 139, 2: 66, 3: 39, 4: 32, 5: 22}",81,41,40,0.012345679012345678,0,18,10,11,0,"1.913466,2.538553,3.252514,4.094624"
step18b_bge_m3_ridge_a3p0_w0p0300_l2p0,ridge_a3p0,0.03,2.0,0.6586337657846661,-0.001542569960648832,-0.0026267925945667736,0.17239764697017812,5,11,16,0,"{1: 124, 2: 63, 3: 54, 4: 35, 5: 22}","{1: 140, 2: 63, 3: 41, 4: 31, 5: 23}",99,51,48,0.030303030303030304,6,21,10,13,0,"1.916597,2.542943,3.248544,4.090626"
step18b_bge_m3_ridge_a3p0_w0p0225_l2p0,ridge_a3p0,0.0225,2.0,0.6586336753979749,-0.0015426603473400746,-0.0026268829812580163,0.18246476106413786,7,10,17,0,"{1: 124, 2: 65, 3: 52, 4: 35, 5: 22}","{1: 137, 2: 67, 3: 41, 4: 30, 5: 23}",96,48,48,0.0,3,20,12,10,0,"1.912559,2.548109,3.256345,4.104843"
step18b_bge_m3_ridge_a3p0_w0p0200_l4p0,ridge_a3p0,0.02,4.0,0.6586329612352513,-0.0015433745100636997,-0.0026275971439816415,0.17575335166816466,5,9,14,0,"{1: 124, 2: 63, 3: 54, 4: 35, 5: 22}","{1: 137, 2: 67, 3: 40, 4: 31, 5: 23}",87,45,42,0.034482758620689655,2,17,10,9,0,"1.910101,2.539392,3.249606,4.103130"
step18b_bge_m3_ridge_a100p0_w0p0200_l4p0,ridge_a100p0,0.02,4.0,0.6586329612352513,-0.0015433745100636997,-0.0026275971439816415,0.1824647610641378,8,13,21,1,"{1: 126, 2: 62, 3: 53, 4: 35, 5: 22}","{1: 139, 2: 66, 3: 39, 4: 32, 5: 22}",83,43,40,0.03614457831325301,0,18,11,11,0,"1.914559,2.537094,3.250246,4.092174"
step18b_bge_m3_ridge_a3p0_w0p0300_l1p0,ridge_a3p0,0.03,1.0,0.6586240890144662,-0.0015522467308487498,-0.0026364693647666915,0.1858204657621244,10,15,25,0,"{1: 124, 2: 67, 3: 51, 4: 34, 5: 22}","{1: 140, 2: 63, 3: 44, 4: 29, 5: 22}",111,58,53,0.04504504504504504,2,27,15,17,0,"1.916947,2.552076,3.268506,4.120446"
step18b_bge_m3_ridge_a3p0_w0p0275_l1p0,ridge_a3p0,0.0275,1.0,0.6586236932703027,-0.0015526424750123002,-0.002636865108930242,0.16904194227219155,4,11,15,0,"{1: 124, 2: 62, 3: 55, 4: 35, 5: 22}","{1: 140, 2: 63, 3: 41, 4: 31, 5: 23}",93,46,47,-0.010752688172043012,4,22,9,13,0,"1.917161,2.532307,3.248082,4.096656"
step18b_bge_m3_ridge_a3p0_w0p0250_l0p5,ridge_a3p0,0.025,0.5,0.6586147830711001,-0.0015615526742148722,-0.002645775308132814,0.17910905636615124,9,8,17,0,"{1: 124, 2: 65, 3: 51, 4: 35, 5: 23}","{1: 137, 2: 66, 3: 41, 4: 31, 5: 23}",94,46,48,-0.02127659574468085,9,17,14,10,0,"1.911324,2.547532,3.236471,4.074452"
step18b_bge_m3_huber_w0p0300_l4p0,huber,0.03,4.0,0.6586051558305966,-0.0015711799147183347,-0.0026554025486362764,0.17575335166816466,8,12,20,0,"{1: 124, 2: 64, 3: 53, 4: 35, 5: 22}","{1: 138, 2: 65, 3: 44, 4: 28, 5: 23}",115,59,56,0.02608695652173913,12,26,13,14,0,"1.914654,2.540052,3.262391,4.093357"
step18b_bge_m3_ridge_a300p0_w0p0150_l4p0,ridge_a300p0,0.015,4.0,0.6586051558305966,-0.0015711799147183347,-0.0026554025486362764,0.1858204657621244,9,14,23,1,"{1: 126, 2: 63, 3: 52, 4: 35, 5: 22}","{1: 140, 2: 65, 3: 39, 4: 32, 5: 22}",87,44,43,0.011494252873563218,0,18,12,12,0,"1.914585,2.542456,3.254617,4.099730"
step18b_bge_m3_ridge_a100p0_w0p0125_l1p0,ridge_a100p0,0.0125,1.0,0.6586002399691964,-0.0015760957761186134,-0.002660318410036555,0.17910905636615124,7,13,20,1,"{1: 126, 2: 61, 3: 54, 4: 35, 5: 22}","{1: 139, 2: 66, 3: 39, 4: 32, 5: 22}",82,41,41,0.0,0,17,10,11,0,"1.910401,2.541788,3.251397,4.100142"
step18b_bge_m3_ridge_a100p0_w0p0150_l1p0,ridge_a100p0,0.015,1.0,0.6586000981907659,-0.0015762375545490537,-0.0026604601884669954,0.17910905636615124,7,12,19,1,"{1: 126, 2: 61, 3: 54, 4: 35, 5: 22}","{1: 139, 2: 66, 3: 38, 4: 33, 5: 22}",87,44,43,0.011494252873563218,0,19,10,10,0,"1.914085,2.539620,3.247173,4.115241"
step18b_bge_m3_ridge_a1000p0_w0p0250_l4p0,ridge_a1000p0,0.025,4.0,0.6586000981907659,-0.0015762375545490537,-0.0026604601884669954,0.18246476106413784,9,14,23,1,"{1: 126, 2: 62, 3: 54, 4: 34, 5: 22}","{1: 140, 2: 65, 3: 39, 4: 32, 5: 22}",87,46,41,0.05747126436781609,0,17,12,12,0,"1.916771,2.539492,3.250208,4.093248"
step18b_bge_m3_ridge_a10p0_w0p0125_l4p0,ridge_a10p0,0.0125,4.0,0.6585902783189257,-0.0015860574263892868,-0.0026702800603072285,0.17575335166816466,6,11,17,1,"{1: 125, 2: 62, 3: 54, 4: 35, 5: 22}","{1: 138, 2: 66, 3: 40, 4: 32, 5: 22}",77,38,39,-0.012987012987012988,0,16,9,9,0,"1.909567,2.538501,3.250084,4.100447"
step18b_bge_m3_ridge_a30p0_w0p0175_l0p5,ridge_a30p0,0.0175,0.5,0.6585741979745011,-0.0016021377708138607,-0.0026863604047318024,0.17575335166816464,6,10,16,1,"{1: 125, 2: 62, 3: 54, 4: 35, 5: 22}","{1: 137, 2: 67, 3: 40, 4: 32, 5: 22}",77,41,36,0.06493506493506493,0,16,9,8,0,"1.905784,2.536486,3.250190,4.100329"
step18b_bge_m3_ridge_a3p0_w0p0200_l2p0,ridge_a3p0,0.02,2.0,0.6585572137008031,-0.001619122044511867,-0.0027033446784298087,0.18246476106413778,8,9,17,1,"{1: 125, 2: 64, 3: 52, 4: 35, 5: 22}","{1: 137, 2: 67, 3: 40, 4: 31, 5: 23}",94,48,46,0.02127659574468085,2,19,11,9,0,"1.911187,2.547192,3.251956,4.109289"
step18b_bge_m3_huber_w0p0325_l0p5,huber,0.0325,0.5,0.6585537160106658,-0.0016226197346491666,-0.0027068423685671084,0.18246476106413778,10,13,23,0,"{1: 124, 2: 66, 3: 53, 4: 33, 5: 22}","{1: 138, 2: 65, 3: 45, 4: 27, 5: 23}",127,65,62,0.023622047244094488,13,31,15,15,0,"1.913260,2.550265,3.277281,4.088104"
step18b_bge_m3_ridge_a3p0_w0p0100_l2p0,ridge_a3p0,0.01,2.0,0.6585518623020913,-0.0016244734432236951,-0.002708696077141637,0.17575335166816464,6,9,15,1,"{1: 125, 2: 62, 3: 54, 4: 35, 5: 22}","{1: 137, 2: 67, 3: 40, 4: 31, 5: 23}",71,35,36,-0.014084507042253521,0,16,9,9,0,"1.906374,2.535076,3.249377,4.095040"
step18b_bge_m3_ridge_a1000p0_w0p0150_l2p0,ridge_a1000p0,0.015,2.0,0.6585481547647417,-0.0016281809805732683,-0.00271240361449121,0.1858204657621244,9,14,23,1,"{1: 126, 2: 63, 3: 52, 4: 35, 5: 22}","{1: 140, 2: 65, 3: 39, 4: 32, 5: 22}",85,43,42,0.011764705882352941,0,19,12,12,0,"1.912953,2.541040,3.252234,4.093280"
step18b_bge_m3_ridge_a3p0_w0p0175_l2p0,ridge_a3p0,0.0175,2.0,0.6585430636312213,-0.0016332721140936979,-0.0027174947480116396,0.17575335166816464,6,9,15,1,"{1: 125, 2: 62, 3: 54, 4: 35, 5: 22}","{1: 137, 2: 67, 3: 40, 4: 31, 5: 23}",91,47,44,0.03296703296703297,2,18,9,9,0,"1.912411,2.540020,3.251202,4.101199"
step18b_bge_m3_ridge_a30p0_w0p0100_l1p0,ridge_a30p0,0.01,1.0,0.6585144241817533,-0.0016619115635616577,-0.0027461341974795994,0.18246476106413784,8,15,23,1,"{1: 126, 2: 62, 3: 53, 4: 35, 5: 22}","{1: 139, 2: 66, 3: 41, 4: 30, 5: 22}",106,54,52,0.018867924528301886,0,27,11,13,0,"1.911607,2.548085,3.265624,4.139922"
step18b_bge_m3_huber_w0p0275_l0p5,huber,0.0275,0.5,0.658505006361234,-0.0016713293840809884,-0.00275555201799893,0.1757533516681646,7,12,19,0,"{1: 124, 2: 64, 3: 54, 4: 34, 5: 22}","{1: 138, 2: 65, 3: 44, 4: 28, 5: 23}",109,55,54,0.009174311926605505,8,26,12,14,0,"1.913090,2.540063,3.272423,4.094749"
step18b_bge_m3_ridge_a300p0_w0p0175_l4p0,ridge_a300p0,0.0175,4.0,0.6585001736133385,-0.0016761621319765219,-0.0027603847658944636,0.18246476106413784,8,14,22,1,"{1: 126, 2: 62, 3: 53, 4: 35, 5: 22}","{1: 140, 2: 65, 3: 39, 4: 32, 5: 22}",86,44,42,0.023255813953488372,0,18,11,12,0,"1.914303,2.536495,3.254925,4.103861"
step18b_bge_m3_huber_w0p0175_l0p5,huber,0.0175,0.5,0.658489289630565,-0.0016870461147500126,-0.0027712687486679544,0.16904194227219152,7,15,22,1,"{1: 125, 2: 61, 3: 57, 4: 33, 5: 22}","{1: 138, 2: 65, 3: 45, 4: 29, 5: 21}",100,53,47,0.06,2,29,10,15,0,"1.913413,2.530708,3.281923,4.136389"
step18b_bge_m3_huber_w0p0325_l2p0,huber,0.0325,2.0,0.6584620868934337,-0.001714248851881317,-0.0027984714857992588,0.16904194227219146,6,12,18,0,"{1: 124, 2: 62, 3: 55, 4: 35, 5: 22}","{1: 138, 2: 65, 3: 44, 4: 28, 5: 23}",113,57,56,0.008849557522123894,16,23,11,14,0,"1.913024,2.531946,3.259702,4.087763"
step18b_bge_m3_ridge_a300p0_w0p0125_l2p0,ridge_a300p0,0.0125,2.0,0.6584582675242934,-0.001718068221021607,-0.0028022908549395487,0.18582046576212438,9,13,22,1,"{1: 126, 2: 63, 3: 52, 4: 35, 5: 22}","{1: 139, 2: 66, 3: 39, 4: 32, 5: 22}",89,44,45,-0.011235955056179775,0,19,12,11,0,"1.914955,2.543771,3.256878,4.101593"
step18b_bge_m3_huber_w0p0275_l2p0,huber,0.0275,2.0,0.6584534851785123,-0.0017228505668026584,-0.0028070732007206,0.17239764697017815,7,12,19,0,"{1: 124, 2: 63, 3: 54, 4: 35, 5: 22}","{1: 140, 2: 63, 3: 42, 4: 30, 5: 23}",108,54,54,0.0,11,24,12,14,0,"1.916051,2.536063,3.256572,4.094785"
step18b_bge_m3_ridge_a1000p0_w0p0250_l0p5,ridge_a1000p0,0.025,0.5,0.6584459897495143,-0.0017303459958006862,-0.002814568629718628,0.1723976469701781,7,11,18,1,"{1: 126, 2: 61, 3: 54, 4: 35, 5: 22}","{1: 139, 2: 64, 3: 39, 4: 34, 5: 22}",70,34,36,-0.02857142857142857,0,14,10,7,0,"1.912714,2.526404,3.234512,4.089444"
step18b_bge_m3_ridge_a1000p0_w0p0325_l1p0,ridge_a1000p0,0.0325,1.0,0.6584428015479933,-0.0017335341973216956,-0.0028177568312396373,0.17910905636615126,7,14,21,1,"{1: 125, 2: 62, 3: 55, 4: 34, 5: 22}","{1: 139, 2: 66, 3: 40, 4: 31, 5: 22}",91,48,43,0.054945054945054944,0,16,10,12,0,"1.915997,2.537348,3.250132,4.082128"
step18b_bge_m3_ridge_a100p0_w0p0150_l0p5,ridge_a100p0,0.015,0.5,0.6584296450746093,-0.0017466906707056529,-0.0028309133046235946,0.18917617046011098,13,16,29,1,"{1: 126, 2: 64, 3: 54, 4: 32, 5: 22}","{1: 139, 2: 66, 3: 42, 4: 29, 5: 22}",105,54,51,0.02857142857142857,0,22,16,14,0,"1.913183,2.553064,3.286585,4.100966"
step18b_bge_m3_huber_w0p0350_l4p0,huber,0.035,4.0,0.6584192304649517,-0.0017571052803633247,-0.0028413279142812664,0.17575335166816464,9,14,23,0,"{1: 125, 2: 63, 3: 53, 4: 35, 5: 22}","{1: 137, 2: 66, 3: 44, 4: 29, 5: 22}",116,59,57,0.017241379310344827,17,25,14,16,0,"1.910836,2.533170,3.262193,4.091384"
step18b_bge_m3_ridge_a100p0_w0p0175_l4p0,ridge_a100p0,0.0175,4.0,0.6584147086931802,-0.0017616270521347843,-0.002845849686052726,0.17910905636615124,7,13,20,1,"{1: 126, 2: 61, 3: 54, 4: 35, 5: 22}","{1: 139, 2: 66, 3: 39, 4: 32, 5: 22}",83,42,41,0.012048192771084338,0,18,10,11,0,"1.913882,2.537510,3.251446,4.093976"
step18b_bge_m3_ridge_a1000p0_w0p0175_l2p0,ridge_a1000p0,0.0175,2.0,0.6584054345509822,-0.0017709011943327635,-0.002855123828250705,0.1858204657621244,9,14,23,1,"{1: 126, 2: 63, 3: 52, 4: 35, 5: 22}","{1: 140, 2: 65, 3: 39, 4: 32, 5: 22}",85,43,42,0.011764705882352941,0,19,12,12,0,"1.914362,2.539158,3.250389,4.095955"
step18b_bge_m3_huber_w0p0125_l2p0,huber,0.0125,2.0,0.6584002517505949,-0.001776083994720068,-0.0028603066286380097,0.1791090563661512,7,9,16,1,"{1: 125, 2: 63, 3: 53, 4: 35, 5: 22}","{1: 137, 2: 67, 3: 40, 4: 31, 5: 23}",87,44,43,0.011494252873563218,1,21,10,9,0,"1.911304,2.540736,3.254911,4.103993"
step18b_bge_m3_huber_w0p0175_l1p0,huber,0.0175,1.0,0.6583707871262605,-0.0018055486190544645,-0.0028897712529724062,0.17575335166816466,6,11,17,1,"{1: 125, 2: 62, 3: 54, 4: 35, 5: 22}","{1: 138, 2: 66, 3: 41, 4: 30, 5: 23}",98,51,47,0.04081632653061224,2,26,9,11,0,"1.913588,2.538533,3.261174,4.122491"
step18b_bge_m3_ridge_a30p0_w0p0150_l1p0,ridge_a30p0,0.015,1.0,0.6583496764928631,-0.0018266592524518455,-0.002910881886369787,0.18582046576212438,9,13,22,1,"{1: 126, 2: 63, 3: 52, 4: 35, 5: 22}","{1: 139, 2: 66, 3: 39, 4: 32, 5: 22}",85,41,44,-0.03529411764705882,0,18,12,11,0,"1.912429,2.546686,3.251931,4.096106"
step18b_bge_m3_ridge_a3p0_w0p0200_l1p0,ridge_a3p0,0.02,1.0,0.658338710019747,-0.001837625725568004,-0.0029218483594859457,0.17910905636615124,7,10,17,1,"{1: 125, 2: 63, 3: 53, 4: 35, 5: 22}","{1: 137, 2: 67, 3: 41, 4: 30, 5: 23}",96,48,48,0.0,2,20,10,10,0,"1.914301,2.546222,3.257141,4.113055"
step18b_bge_m3_ridge_a100p0_w0p0100_l4p0,ridge_a100p0,0.01,4.0,0.6583195165152247,-0.0018568192300902897,-0.0029410418640082314,0.1824647610641378,8,13,21,1,"{1: 126, 2: 62, 3: 53, 4: 35, 5: 22}","{1: 139, 2: 66, 3: 39, 4: 32, 5: 22}",87,44,43,0.011494252873563218,0,19,11,11,0,"1.911092,2.541974,3.256007,4.113481"
step18b_bge_m3_ridge_a10p0_w0p0400_l4p0,ridge_a10p0,0.04,4.0,0.6583055779779889,-0.0018707577673260367,-0.0029549804012439784,0.1757533516681647,8,14,22,0,"{1: 123, 2: 65, 3: 54, 4: 34, 5: 22}","{1: 140, 2: 63, 3: 43, 4: 30, 5: 22}",106,55,51,0.03773584905660377,8,24,13,16,0,"1.916950,2.539766,3.250708,4.094093"
step18b_bge_m3_huber_w0p0300_l1p0,huber,0.03,1.0,0.6582898220821982,-0.0018865136631167623,-0.002970736297034704,0.17575335166816466,8,12,20,0,"{1: 124, 2: 64, 3: 53, 4: 35, 5: 22}","{1: 138, 2: 65, 3: 44, 4: 28, 5: 23}",114,58,56,0.017543859649122806,13,27,13,14,0,"1.911618,2.536474,3.266072,4.096314"
step18b_bge_m3_huber_w0p0400_l0p5,huber,0.04,0.5,0.6582785932677008,-0.001897742477614206,-0.0029819651115321477,0.1791090563661512,12,16,28,0,"{1: 124, 2: 65, 3: 53, 4: 34, 5: 22}","{1: 137, 2: 66, 3: 46, 4: 27, 5: 22}",145,78,67,0.07586206896551724,14,37,17,18,0,"1.907978,2.548285,3.281894,4.128265"
step18b_bge_m3_ridge_a10p0_w0p0100_l2p0,ridge_a10p0,0.01,2.0,0.6582573203599231,-0.0019190153853918535,-0.003003238019309795,0.17910905636615124,6,12,18,1,"{1: 125, 2: 62, 3: 54, 4: 35, 5: 22}","{1: 138, 2: 67, 3: 39, 4: 32, 5: 22}",85,43,42,0.011764705882352941,0,17,9,10,0,"1.907678,2.539459,3.255658,4.120381"
step18b_bge_m3_ridge_a300p0_w0p0225_l4p0,ridge_a300p0,0.0225,4.0,0.658244029666493,-0.0019323060788219992,-0.003016528712739941,0.17910905636615126,7,14,21,1,"{1: 126, 2: 61, 3: 54, 4: 35, 5: 22}","{1: 140, 2: 65, 3: 39, 4: 32, 5: 22}",89,46,43,0.033707865168539325,0,18,10,12,0,"1.916795,2.538237,3.251324,4.099175"
step18b_bge_m3_ridge_a3p0_w0p0325_l2p0,ridge_a3p0,0.0325,2.0,0.6582400321472149,-0.001936303598100042,-0.0030205262320179838,0.1723976469701781,6,13,19,0,"{1: 124, 2: 63, 3: 55, 4: 34, 5: 22}","{1: 140, 2: 63, 3: 43, 4: 29, 5: 23}",105,54,51,0.02857142857142857,6,23,11,15,0,"1.917096,2.543400,3.253794,4.094017"
step18b_bge_m3_ridge_a100p0_w0p0175_l2p0,ridge_a100p0,0.0175,2.0,0.6582102872665174,-0.001966048478797555,-0.003050271112715497,0.1824647610641378,8,13,21,1,"{1: 126, 2: 62, 3: 53, 4: 35, 5: 22}","{1: 139, 2: 66, 3: 39, 4: 32, 5: 22}",88,45,43,0.022727272727272728,0,18,11,11,0,"1.913615,2.539063,3.256362,4.098810"
step18b_bge_m3_ridge_a300p0_w0p0125_l4p0,ridge_a300p0,0.0125,4.0,0.6581964442998662,-0.001979891445448745,-0.0030641140793666866,0.17910905636615124,7,13,20,1,"{1: 126, 2: 61, 3: 54, 4: 35, 5: 22}","{1: 139, 2: 66, 3: 39, 4: 32, 5: 22}",85,42,43,-0.011764705882352941,0,18,10,11,0,"1.913313,2.539275,3.255232,4.100010"
step18b_bge_m3_ridge_a300p0_w0p0100_l4p0,ridge_a300p0,0.01,4.0,0.6581587501171884,-0.0020175856281265947,-0.0031018082620445364,0.1824647610641378,8,13,21,1,"{1: 126, 2: 62, 3: 53, 4: 35, 5: 22}","{1: 139, 2: 66, 3: 39, 4: 32, 5: 22}",86,42,44,-0.023255813953488372,0,19,11,11,0,"1.913193,2.541076,3.256040,4.104554"
step18b_bge_m3_ridge_a300p0_w0p0225_l1p0,ridge_a300p0,0.0225,1.0,0.6581339862571953,-0.0020423494881196547,-0.0031265721220375964,0.1858204657621244,11,17,28,1,"{1: 126, 2: 63, 3: 54, 4: 33, 5: 22}","{1: 140, 2: 65, 3: 42, 4: 29, 5: 22}",95,50,45,0.05263157894736842,0,19,14,15,0,"1.915747,2.544717,3.268463,4.091751"
step18b_bge_m3_ridge_a30p0_w0p0150_l2p0,ridge_a30p0,0.015,2.0,0.6581255555986867,-0.002050780146628295,-0.0031350027805462366,0.17910905636615126,7,15,22,1,"{1: 126, 2: 61, 3: 54, 4: 35, 5: 22}","{1: 139, 2: 66, 3: 41, 4: 30, 5: 22}",92,46,46,0.0,0,20,10,13,0,"1.912349,2.542637,3.263754,4.099943"
step18b_bge_m3_huber_w0p0225_l2p0,huber,0.0225,2.0,0.658090841544964,-0.002085494200350979,-0.003169716834268921,0.1824647610641378,9,12,21,0,"{1: 124, 2: 66, 3: 52, 4: 34, 5: 22}","{1: 138, 2: 65, 3: 44, 4: 28, 5: 23}",108,54,54,0.0,6,27,14,14,0,"1.912017,2.542224,3.261909,4.104442"
step18b_bge_m3_huber_w0p0350_l2p0,huber,0.035,2.0,0.6580824721809108,-0.002093863564404219,-0.003178086198322161,0.1757533516681647,9,13,22,0,"{1: 125, 2: 63, 3: 53, 4: 35, 5: 22}","{1: 138, 2: 65, 3: 44, 4: 29, 5: 22}",125,64,61,0.024,14,29,14,15,0,"1.912855,2.539794,3.267990,4.095869"
step18b_bge_m3_huber_w0p0400_l4p0,huber,0.04,4.0,0.6580687403359541,-0.002107595409360896,-0.003191818043278838,0.17575335166816466,12,16,28,0,"{1: 124, 2: 64, 3: 54, 4: 33, 5: 23}","{1: 137, 2: 66, 3: 46, 4: 27, 5: 22}",132,66,66,0.0,17,30,17,18,0,"1.910376,2.540499,3.269759,4.094724"
step18b_bge_m3_huber_w0p0300_l2p0,huber,0.03,2.0,0.6580593464052944,-0.002116989340020581,-0.0032012119739385225,0.1690419422721915,6,9,15,0,"{1: 124, 2: 62, 3: 55, 4: 35, 5: 22}","{1: 138, 2: 65, 3: 41, 4: 31, 5: 23}",105,51,54,-0.02857142857142857,14,20,11,11,0,"1.913926,2.533406,3.252909,4.089330"
step18b_bge_m3_ridge_a10p0_w0p0150_l2p0,ridge_a10p0,0.015,2.0,0.6580349406665948,-0.002141395078720132,-0.0032256177126380736,0.17575335166816466,6,11,17,1,"{1: 125, 2: 62, 3: 54, 4: 35, 5: 22}","{1: 138, 2: 66, 3: 41, 4: 30, 5: 23}",89,45,44,0.011235955056179775,0,19,9,11,0,"1.911148,2.542508,3.257057,4.102364"
step18b_bge_m3_ridge_a10p0_w0p0100_l4p0,ridge_a10p0,0.01,4.0,0.6580305377770366,-0.0021457979682784067,-0.0032300206021963485,0.17910905636615124,6,12,18,1,"{1: 125, 2: 62, 3: 54, 4: 35, 5: 22}","{1: 138, 2: 67, 3: 39, 4: 32, 5: 22}",84,41,43,-0.023809523809523808,0,16,9,10,0,"1.908231,2.542528,3.255851,4.103680"
step18b_bge_m3_ridge_a10p0_w0p0150_l1p0,ridge_a10p0,0.015,1.0,0.6580168889432347,-0.002159446802080245,-0.0032436694359981866,0.18917617046011098,9,13,22,1,"{1: 125, 2: 65, 3: 51, 4: 35, 5: 22}","{1: 138, 2: 67, 3: 40, 4: 31, 5: 22}",100,50,50,0.0,0,22,12,11,0,"1.912257,2.552294,3.260104,4.115194"
step18b_bge_m3_huber_w0p0125_l0p5,huber,0.0125,0.5,0.6579879719458844,-0.0021883637994305483,-0.00327258643334849,0.1757533516681647,7,11,18,1,"{1: 126, 2: 61, 3: 54, 4: 35, 5: 22}","{1: 138, 2: 66, 3: 40, 4: 32, 5: 22}",94,47,47,0.0,1,22,10,9,0,"1.915967,2.537495,3.257865,4.113108"
step18b_bge_m3_ridge_a30p0_w0p0125_l0p5,ridge_a30p0,0.0125,0.5,0.6579519482644682,-0.0022243874808467456,-0.0033086101147646874,0.1824647610641378,8,13,21,1,"{1: 126, 2: 62, 3: 53, 4: 35, 5: 22}","{1: 139, 2: 66, 3: 39, 4: 32, 5: 22}",95,46,49,-0.031578947368421054,0,21,11,11,0,"1.917584,2.545755,3.247455,4.113759"
step18b_bge_m3_huber_w0p0225_l0p5,huber,0.0225,0.5,0.6579217093920086,-0.0022546263533064215,-0.003338848987224363,0.1690419422721915,5,13,18,0,"{1: 124, 2: 62, 3: 56, 4: 34, 5: 22}","{1: 138, 2: 65, 3: 44, 4: 29, 5: 22}",108,55,53,0.018518518518518517,5,29,10,15,0,"1.912055,2.535285,3.268200,4.134611"
step18b_bge_m3_ridge_a30p0_w0p0175_l2p0,ridge_a30p0,0.0175,2.0,0.6579011749376492,-0.002275160807665766,-0.0033593834415837076,0.18246476106413784,7,13,20,1,"{1: 125, 2: 63, 3: 53, 4: 35, 5: 22}","{1: 139, 2: 66, 3: 39, 4: 32, 5: 22}",89,44,45,-0.011235955056179775,0,17,10,11,0,"1.909903,2.545349,3.254356,4.097917"
step18b_bge_m3_ridge_a100p0_w0p0100_l0p5,ridge_a100p0,0.01,0.5,0.657894080518758,-0.002282255226557006,-0.003366477860474948,0.16568623757420495,4,9,13,1,"{1: 125, 2: 60, 3: 56, 4: 35, 5: 22}","{1: 138, 2: 65, 3: 39, 4: 33, 5: 23}",55,24,31,-0.12727272727272726,1,11,7,7,0,"1.906136,2.526570,3.239132,4.079492"
step18b_bge_m3_huber_w0p0100_l0p5,huber,0.01,0.5,0.6578861072565456,-0.0022902284887693636,-0.0033744511226873053,0.18917617046011098,10,15,25,1,"{1: 125, 2: 65, 3: 52, 4: 34, 5: 22}","{1: 138, 2: 67, 3: 42, 4: 29, 5: 22}",110,56,54,0.01818181818181818,1,28,13,13,0,"1.912414,2.552263,3.275639,4.133886"
step18b_bge_m3_huber_w0p0375_l2p0,huber,0.0375,2.0,0.6578783145704634,-0.002298021174851561,-0.003382243808769503,0.17575335166816464,9,15,24,0,"{1: 125, 2: 63, 3: 53, 4: 35, 5: 22}","{1: 137, 2: 66, 3: 45, 4: 28, 5: 22}",126,63,63,0.0,17,29,14,17,0,"1.910701,2.541882,3.267684,4.096503"
step18b_bge_m3_ridge_a3p0_w0p0350_l0p5,ridge_a3p0,0.035,0.5,0.6578547828608574,-0.0023215528844575672,-0.003405775518375509,0.16904194227219146,6,8,14,0,"{1: 123, 2: 63, 3: 56, 4: 34, 5: 22}","{1: 135, 2: 68, 3: 43, 4: 29, 5: 23}",95,47,48,-0.010526315789473684,12,21,11,10,0,"1.901429,2.530656,3.254949,4.087614"
step18b_bge_m3_ridge_a30p0_w0p0125_l1p0,ridge_a30p0,0.0125,1.0,0.6578431384896202,-0.0023331972556948077,-0.0034174198896127495,0.17910905636615126,6,15,21,1,"{1: 125, 2: 62, 3: 54, 4: 35, 5: 22}","{1: 139, 2: 66, 3: 41, 4: 30, 5: 22}",90,45,45,0.0,0,19,9,13,0,"1.909254,2.541486,3.263532,4.117166"
step18b_bge_m3_ridge_a3p0_w0p0125_l2p0,ridge_a3p0,0.0125,2.0,0.6578309236626547,-0.0023454120826602587,-0.0034296347165782004,0.17575335166816464,6,9,15,1,"{1: 125, 2: 62, 3: 54, 4: 35, 5: 22}","{1: 137, 2: 67, 3: 40, 4: 31, 5: 23}",82,40,42,-0.024390243902439025,0,16,9,9,0,"1.908732,2.541177,3.250639,4.102918"
step18b_bge_m3_huber_w0p0350_l0p5,huber,0.035,0.5,0.6578231880033628,-0.0023531477419521662,-0.003437370375870108,0.18246476106413778,11,15,26,0,"{1: 125, 2: 65, 3: 51, 4: 35, 5: 22}","{1: 137, 2: 66, 3: 45, 4: 28, 5: 22}",129,67,62,0.03875968992248062,13,31,16,17,0,"1.910970,2.550859,3.268725,4.110956"
step18b_bge_m3_ridge_a3p0_w0p0350_l2p0,ridge_a3p0,0.035,2.0,0.6577515821454607,-0.002424753599854279,-0.003508976233772221,0.17239764697017806,8,10,18,0,"{1: 123, 2: 64, 3: 54, 4: 35, 5: 22}","{1: 139, 2: 64, 3: 41, 4: 31, 5: 23}",109,54,55,-0.009174311926605505,12,24,13,12,0,"1.915631,2.541333,3.245821,4.082404"
step18b_bge_m3_huber_w0p0225_l1p0,huber,0.0225,1.0,0.657751407720055,-0.0024249280252599537,-0.0035091506591778954,0.17575335166816464,7,13,20,0,"{1: 124, 2: 64, 3: 54, 4: 34, 5: 22}","{1: 138, 2: 65, 3: 44, 4: 29, 5: 22}",109,55,54,0.009174311926605505,5,29,12,15,0,"1.911610,2.539685,3.261890,4.120967"
step18b_bge_m3_huber_w0p0375_l4p0,huber,0.0375,4.0,0.657716222931406,-0.00246011281390901,-0.0035443354478269518,0.17575335166816464,9,15,24,0,"{1: 125, 2: 63, 3: 53, 4: 35, 5: 22}","{1: 137, 2: 66, 3: 45, 4: 28, 5: 22}",125,62,63,-0.008,17,29,14,17,0,"1.910218,2.536586,3.266369,4.094296"
step18b_bge_m3_ridge_a100p0_w0p0100_l2p0,ridge_a100p0,0.01,2.0,0.6577110407791219,-0.0024652949661930768,-0.0035495176001110185,0.1824647610641378,8,13,21,1,"{1: 126, 2: 62, 3: 53, 4: 35, 5: 22}","{1: 139, 2: 66, 3: 39, 4: 32, 5: 22}",90,44,46,-0.022222222222222223,0,19,11,11,0,"1.910602,2.545370,3.257072,4.111910"
step18b_bge_m3_ridge_a3p0_w0p0125_l4p0,ridge_a3p0,0.0125,4.0,0.6576920041488614,-0.0024843315964535595,-0.003568554230371501,0.17575335166816464,6,10,16,1,"{1: 125, 2: 62, 3: 54, 4: 35, 5: 22}","{1: 137, 2: 67, 3: 40, 4: 32, 5: 22}",87,43,44,-0.011494252873563218,0,18,9,8,0,"1.909445,2.540849,3.257238,4.112302"
step18b_bge_m3_ridge_a3p0_w0p0400_l0p5,ridge_a3p0,0.04,0.5,0.6576822767642848,-0.002494058981030167,-0.003578281614948109,0.17239764697017804,7,12,19,0,"{1: 123, 2: 64, 3: 55, 4: 34, 5: 22}","{1: 139, 2: 64, 3: 43, 4: 29, 5: 23}",114,58,56,0.017543859649122806,13,25,12,14,0,"1.915681,2.538291,3.259270,4.082263"
step18b_bge_m3_ridge_a3p0_w0p0100_l4p0,ridge_a3p0,0.01,4.0,0.6576394110421582,-0.0025369247031568065,-0.0036211473370747482,0.18582046576212438,8,11,19,1,"{1: 125, 2: 64, 3: 52, 4: 35, 5: 22}","{1: 137, 2: 68, 3: 39, 4: 32, 5: 22}",90,45,45,0.0,0,17,11,9,0,"1.907645,2.548637,3.257368,4.120426"
step18b_bge_m3_huber_w0p0200_l2p0,huber,0.02,2.0,0.6575606862738912,-0.0026156494714237866,-0.0036998721053417283,0.18582046576212438,9,13,22,0,"{1: 124, 2: 66, 3: 52, 4: 34, 5: 22}","{1: 138, 2: 66, 3: 43, 4: 28, 5: 23}",110,56,54,0.01818181818181818,4,29,14,13,0,"1.912186,2.547648,3.268369,4.120013"
step18b_bge_m3_huber_w0p0100_l2p0,huber,0.01,2.0,0.6575111267329747,-0.0026652090123402417,-0.0037494316462581834,0.17910905636615124,7,11,18,1,"{1: 125, 2: 63, 3: 53, 4: 35, 5: 22}","{1: 138, 2: 66, 3: 40, 4: 32, 5: 22}",90,44,46,-0.022222222222222223,1,20,10,9,0,"1.910968,2.540901,3.257658,4.111649"
step18b_bge_m3_ridge_a3p0_w0p0400_l2p0,ridge_a3p0,0.04,2.0,0.6574069908055933,-0.0027693449397216963,-0.003853567573639638,0.1723976469701781,9,10,19,0,"{1: 123, 2: 64, 3: 53, 4: 36, 5: 22}","{1: 138, 2: 65, 3: 42, 4: 30, 5: 23}",111,55,56,-0.009009009009009009,14,24,12,12,0,"1.913822,2.535372,3.245461,4.089773"
step18b_bge_m3_ridge_a30p0_w0p0100_l2p0,ridge_a30p0,0.01,2.0,0.6571988627934521,-0.002977472951862903,-0.0040616955857808446,0.18246476106413784,8,15,23,1,"{1: 126, 2: 62, 3: 53, 4: 35, 5: 22}","{1: 139, 2: 66, 3: 41, 4: 30, 5: 22}",96,46,50,-0.041666666666666664,0,20,11,13,0,"1.911802,2.547820,3.263506,4.110825"
step18b_bge_m3_huber_w0p0400_l2p0,huber,0.04,2.0,0.657185633883678,-0.0029907018616369685,-0.00407492449555491,0.17575335166816466,11,15,26,0,"{1: 124, 2: 64, 3: 53, 4: 34, 5: 23}","{1: 137, 2: 66, 3: 45, 4: 28, 5: 22}",130,64,66,-0.015384615384615385,18,29,16,17,0,"1.910104,2.535848,3.266958,4.094854"
step18b_bge_m3_ridge_a3p0_w0p0400_l1p0,ridge_a3p0,0.04,1.0,0.6571796882301149,-0.0029966475152001237,-0.0040808701491180654,0.17239764697017806,9,11,20,0,"{1: 123, 2: 64, 3: 53, 4: 36, 5: 22}","{1: 139, 2: 64, 3: 41, 4: 32, 5: 22}",118,57,61,-0.03389830508474576,13,26,12,13,0,"1.917910,2.542025,3.241111,4.105039"
step18b_bge_m3_ridge_a3p0_w0p0325_l4p0,ridge_a3p0,0.0325,4.0,0.6570481406576523,-0.0031281950876627107,-0.004212417721580652,0.1723976469701781,6,10,16,0,"{1: 124, 2: 63, 3: 55, 4: 34, 5: 22}","{1: 139, 2: 64, 3: 41, 4: 31, 5: 23}",99,48,51,-0.030303030303030304,8,22,11,12,0,"1.915995,2.537687,3.248010,4.088273"
step18b_bge_m3_ridge_a3p0_w0p0375_l1p0,ridge_a3p0,0.0375,1.0,0.6569014863789806,-0.003274849366334376,-0.0043590720002523176,0.16904194227219152,7,10,17,0,"{1: 123, 2: 63, 3: 55, 4: 35, 5: 22}","{1: 138, 2: 65, 3: 42, 4: 30, 5: 23}",106,51,55,-0.03773584905660377,13,23,12,12,0,"1.914241,2.534348,3.245983,4.087363"
step18b_bge_m3_huber_w0p0400_l1p0,huber,0.04,1.0,0.6568203986117795,-0.003355937133535436,-0.004440159767453378,0.16233053287621838,8,13,21,0,"{1: 124, 2: 61, 3: 56, 4: 34, 5: 23}","{1: 137, 2: 65, 3: 45, 4: 29, 5: 22}",123,60,63,-0.024390243902439025,23,26,13,15,0,"1.907864,2.522655,3.256433,4.090162"
step18b_bge_m3_ridge_a3p0_w0p0375_l2p0,ridge_a3p0,0.0375,2.0,0.6567645670837914,-0.0034117686615235954,-0.004495991295441537,0.1723976469701781,8,12,20,0,"{1: 123, 2: 64, 3: 54, 4: 35, 5: 22}","{1: 139, 2: 64, 3: 43, 4: 29, 5: 23}",113,55,58,-0.02654867256637168,13,24,13,14,0,"1.915786,2.541912,3.249530,4.085773"
step18b_bge_m3_ridge_a3p0_w0p0400_l4p0,ridge_a3p0,0.04,4.0,0.6566431098160845,-0.0035332259292304435,-0.004617448563148385,0.17575335166816464,9,13,22,0,"{1: 123, 2: 65, 3: 53, 4: 35, 5: 22}","{1: 139, 2: 64, 3: 43, 4: 30, 5: 22}",121,59,62,-0.024793388429752067,13,26,14,15,0,"1.917015,2.544545,3.256325,4.097364"
step18b_bge_m3_huber_w0p0375_l1p0,huber,0.0375,1.0,0.6564433463285612,-0.003732989416753818,-0.00481721205067176,0.16233053287621835,6,13,19,0,"{1: 125, 2: 60, 3: 56, 4: 35, 5: 22}","{1: 137, 2: 65, 3: 45, 4: 29, 5: 22}",122,58,64,-0.04918032786885246,17,28,11,15,0,"1.910665,2.528891,3.264889,4.094534"
