c,margin_cap,conf_gap,max_rows,allow_promote_risky,allow_demote_core,oof_qwk,oof_lift_vs_step25,test_l1,changed,improved,worsened,mean_delta_abs_error,risky_promotions,core_demotions,public_changed,private_changed,pub_dist,pri_dist
2.0,0.025,0.1,10,False,True,0.6612145155207299,-4.604285850307033e-05,0.14890771408427203,10,6,4,0.2,0,4,3,2,"{1: 125, 2: 59, 3: 57, 4: 35, 5: 22}","{1: 135, 2: 64, 3: 44, 4: 33, 5: 22}"
2.0,0.025,0.1,10,True,True,0.6612145155207299,-4.604285850307033e-05,0.14890771408427203,10,6,4,0.2,0,4,3,2,"{1: 125, 2: 59, 3: 57, 4: 35, 5: 22}","{1: 135, 2: 64, 3: 44, 4: 33, 5: 22}"
2.0,0.025,0.08,10,False,True,0.6612145155207299,-4.604285850307033e-05,0.1684795186299468,10,6,4,0.2,0,4,7,7,"{1: 126, 2: 61, 3: 54, 4: 35, 5: 22}","{1: 140, 2: 59, 3: 44, 4: 33, 5: 22}"
2.0,0.025,0.08,10,True,True,0.6612145155207299,-4.604285850307033e-05,0.1684795186299468,10,6,4,0.2,0,4,7,7,"{1: 126, 2: 61, 3: 54, 4: 35, 5: 22}","{1: 140, 2: 59, 3: 44, 4: 33, 5: 22}"
2.0,0.025,0.04,10,False,True,0.6612145155207299,-4.604285850307033e-05,0.17519092802591996,10,6,4,0.2,0,4,10,10,"{1: 127, 2: 62, 3: 52, 4: 35, 5: 22}","{1: 141, 2: 60, 3: 42, 4: 33, 5: 22}"
2.0,0.025,0.04,10,True,True,0.6612145155207299,-4.604285850307033e-05,0.17519092802591996,10,6,4,0.2,0,4,10,10,"{1: 127, 2: 62, 3: 52, 4: 35, 5: 22}","{1: 141, 2: 60, 3: 42, 4: 33, 5: 22}"
2.0,0.025,0.06,10,False,True,0.6612145155207299,-4.604285850307033e-05,0.17519092802591996,10,6,4,0.2,0,4,10,10,"{1: 127, 2: 62, 3: 52, 4: 35, 5: 22}","{1: 141, 2: 60, 3: 42, 4: 33, 5: 22}"
2.0,0.025,0.06,10,True,True,0.6612145155207299,-4.604285850307033e-05,0.17519092802591996,10,6,4,0.2,0,4,10,10,"{1: 127, 2: 62, 3: 52, 4: 35, 5: 22}","{1: 141, 2: 60, 3: 42, 4: 33, 5: 22}"
0.5,0.04,0.1,4,False,False,0.6611038140709506,-0.00015674430828227504,0.14890771408427203,4,2,2,0.0,0,0,0,4,"{1: 123, 2: 60, 3: 58, 4: 35, 5: 22}","{1: 137, 2: 63, 3: 43, 4: 32, 5: 23}"
0.5,0.04,0.1,4,True,False,0.6611038140709506,-0.00015674430828227504,0.14890771408427203,4,2,2,0.0,0,0,0,4,"{1: 123, 2: 60, 3: 58, 4: 35, 5: 22}","{1: 137, 2: 63, 3: 43, 4: 32, 5: 23}"
0.5,0.04,0.08,4,False,False,0.6611038140709506,-0.00015674430828227504,0.15505669983800044,4,2,2,0.0,0,0,4,4,"{1: 125, 2: 59, 3: 58, 4: 34, 5: 22}","{1: 137, 2: 63, 3: 43, 4: 32, 5: 23}"
0.5,0.04,0.08,4,True,False,0.6611038140709506,-0.00015674430828227504,0.15505669983800044,4,2,2,0.0,0,0,4,4,"{1: 125, 2: 59, 3: 58, 4: 34, 5: 22}","{1: 137, 2: 63, 3: 43, 4: 32, 5: 23}"
0.5,0.06,0.1,4,False,False,0.6611038140709506,-0.00015674430828227504,0.15505669983800044,4,2,2,0.0,0,0,4,4,"{1: 124, 2: 61, 3: 57, 4: 34, 5: 22}","{1: 138, 2: 61, 3: 44, 4: 32, 5: 23}"
0.5,0.06,0.1,4,True,False,0.6611038140709506,-0.00015674430828227504,0.15505669983800044,4,2,2,0.0,0,0,4,4,"{1: 124, 2: 61, 3: 57, 4: 34, 5: 22}","{1: 138, 2: 61, 3: 44, 4: 32, 5: 23}"
0.5,0.08,0.1,4,False,False,0.6611038140709506,-0.00015674430828227504,0.15505669983800044,4,2,2,0.0,0,0,4,4,"{1: 124, 2: 61, 3: 57, 4: 34, 5: 22}","{1: 138, 2: 61, 3: 44, 4: 32, 5: 23}"
0.5,0.08,0.1,4,True,False,0.6611038140709506,-0.00015674430828227504,0.15505669983800044,4,2,2,0.0,0,0,4,4,"{1: 124, 2: 61, 3: 57, 4: 34, 5: 22}","{1: 138, 2: 61, 3: 44, 4: 32, 5: 23}"
1.0,0.08,0.1,4,False,False,0.6611038140709506,-0.00015674430828227504,0.15841240453598704,4,2,2,0.0,0,0,4,4,"{1: 125, 2: 60, 3: 56, 4: 35, 5: 22}","{1: 138, 2: 61, 3: 44, 4: 32, 5: 23}"
1.0,0.08,0.1,4,True,False,0.6611038140709506,-0.00015674430828227504,0.15841240453598704,4,2,2,0.0,0,0,4,4,"{1: 125, 2: 60, 3: 56, 4: 35, 5: 22}","{1: 138, 2: 61, 3: 44, 4: 32, 5: 23}"
0.5,0.04,0.04,4,False,False,0.6611038140709506,-0.00015674430828227504,0.16176810923397367,4,2,2,0.0,0,0,4,4,"{1: 126, 2: 58, 3: 57, 4: 35, 5: 22}","{1: 138, 2: 61, 3: 44, 4: 32, 5: 23}"
0.5,0.04,0.04,4,True,False,0.6611038140709506,-0.00015674430828227504,0.16176810923397367,4,2,2,0.0,0,0,4,4,"{1: 126, 2: 58, 3: 57, 4: 35, 5: 22}","{1: 138, 2: 61, 3: 44, 4: 32, 5: 23}"
0.5,0.04,0.06,4,False,False,0.6611038140709506,-0.00015674430828227504,0.16176810923397367,4,2,2,0.0,0,0,4,4,"{1: 126, 2: 58, 3: 57, 4: 35, 5: 22}","{1: 138, 2: 61, 3: 44, 4: 32, 5: 23}"
0.5,0.04,0.06,4,True,False,0.6611038140709506,-0.00015674430828227504,0.16176810923397367,4,2,2,0.0,0,0,4,4,"{1: 126, 2: 58, 3: 57, 4: 35, 5: 22}","{1: 138, 2: 61, 3: 44, 4: 32, 5: 23}"
0.5,0.06,0.04,4,False,False,0.6611038140709506,-0.00015674430828227504,0.16176810923397367,4,2,2,0.0,0,0,4,4,"{1: 126, 2: 58, 3: 57, 4: 35, 5: 22}","{1: 138, 2: 61, 3: 44, 4: 32, 5: 23}"
0.5,0.06,0.04,4,True,False,0.6611038140709506,-0.00015674430828227504,0.16176810923397367,4,2,2,0.0,0,0,4,4,"{1: 126, 2: 58, 3: 57, 4: 35, 5: 22}","{1: 138, 2: 61, 3: 44, 4: 32, 5: 23}"
0.5,0.06,0.06,4,False,False,0.6611038140709506,-0.00015674430828227504,0.16176810923397367,4,2,2,0.0,0,0,4,4,"{1: 126, 2: 58, 3: 57, 4: 35, 5: 22}","{1: 138, 2: 61, 3: 44, 4: 32, 5: 23}"
0.5,0.06,0.06,4,True,False,0.6611038140709506,-0.00015674430828227504,0.16176810923397367,4,2,2,0.0,0,0,4,4,"{1: 126, 2: 58, 3: 57, 4: 35, 5: 22}","{1: 138, 2: 61, 3: 44, 4: 32, 5: 23}"
0.5,0.06,0.08,4,False,False,0.6611038140709506,-0.00015674430828227504,0.16176810923397367,4,2,2,0.0,0,0,4,4,"{1: 126, 2: 58, 3: 57, 4: 35, 5: 22}","{1: 138, 2: 61, 3: 44, 4: 32, 5: 23}"
0.5,0.06,0.08,4,True,False,0.6611038140709506,-0.00015674430828227504,0.16176810923397367,4,2,2,0.0,0,0,4,4,"{1: 126, 2: 58, 3: 57, 4: 35, 5: 22}","{1: 138, 2: 61, 3: 44, 4: 32, 5: 23}"
0.5,0.08,0.04,4,False,False,0.6611038140709506,-0.00015674430828227504,0.16176810923397367,4,2,2,0.0,0,0,4,4,"{1: 126, 2: 58, 3: 57, 4: 35, 5: 22}","{1: 138, 2: 61, 3: 44, 4: 32, 5: 23}"
0.5,0.08,0.04,4,True,False,0.6611038140709506,-0.00015674430828227504,0.16176810923397367,4,2,2,0.0,0,0,4,4,"{1: 126, 2: 58, 3: 57, 4: 35, 5: 22}","{1: 138, 2: 61, 3: 44, 4: 32, 5: 23}"
0.5,0.08,0.06,4,False,False,0.6611038140709506,-0.00015674430828227504,0.16176810923397367,4,2,2,0.0,0,0,4,4,"{1: 126, 2: 58, 3: 57, 4: 35, 5: 22}","{1: 138, 2: 61, 3: 44, 4: 32, 5: 23}"
0.5,0.08,0.06,4,True,False,0.6611038140709506,-0.00015674430828227504,0.16176810923397367,4,2,2,0.0,0,0,4,4,"{1: 126, 2: 58, 3: 57, 4: 35, 5: 22}","{1: 138, 2: 61, 3: 44, 4: 32, 5: 23}"
0.5,0.08,0.08,4,False,False,0.6611038140709506,-0.00015674430828227504,0.16176810923397367,4,2,2,0.0,0,0,4,4,"{1: 126, 2: 58, 3: 57, 4: 35, 5: 22}","{1: 138, 2: 61, 3: 44, 4: 32, 5: 23}"
0.5,0.08,0.08,4,True,False,0.6611038140709506,-0.00015674430828227504,0.16176810923397367,4,2,2,0.0,0,0,4,4,"{1: 126, 2: 58, 3: 57, 4: 35, 5: 22}","{1: 138, 2: 61, 3: 44, 4: 32, 5: 23}"
1.0,0.08,0.04,4,False,False,0.6611038140709506,-0.00015674430828227504,0.16176810923397367,4,2,2,0.0,0,0,4,4,"{1: 126, 2: 58, 3: 57, 4: 35, 5: 22}","{1: 138, 2: 61, 3: 44, 4: 32, 5: 23}"
1.0,0.08,0.04,4,True,False,0.6611038140709506,-0.00015674430828227504,0.16176810923397367,4,2,2,0.0,0,0,4,4,"{1: 126, 2: 58, 3: 57, 4: 35, 5: 22}","{1: 138, 2: 61, 3: 44, 4: 32, 5: 23}"
1.0,0.08,0.06,4,False,False,0.6611038140709506,-0.00015674430828227504,0.16176810923397367,4,2,2,0.0,0,0,4,4,"{1: 126, 2: 58, 3: 57, 4: 35, 5: 22}","{1: 138, 2: 61, 3: 44, 4: 32, 5: 23}"
1.0,0.08,0.06,4,True,False,0.6611038140709506,-0.00015674430828227504,0.16176810923397367,4,2,2,0.0,0,0,4,4,"{1: 126, 2: 58, 3: 57, 4: 35, 5: 22}","{1: 138, 2: 61, 3: 44, 4: 32, 5: 23}"
1.0,0.08,0.08,4,False,False,0.6611038140709506,-0.00015674430828227504,0.16176810923397367,4,2,2,0.0,0,0,4,4,"{1: 126, 2: 58, 3: 57, 4: 35, 5: 22}","{1: 138, 2: 61, 3: 44, 4: 32, 5: 23}"
1.0,0.08,0.08,4,True,False,0.6611038140709506,-0.00015674430828227504,0.16176810923397367,4,2,2,0.0,0,0,4,4,"{1: 126, 2: 58, 3: 57, 4: 35, 5: 22}","{1: 138, 2: 61, 3: 44, 4: 32, 5: 23}"
2.0,0.025,0.14,6,False,True,0.6610911044290051,-0.00016945395022782694,0.14555200938628549,6,4,2,0.3333333333333333,0,2,0,1,"{1: 123, 2: 60, 3: 58, 4: 35, 5: 22}","{1: 134, 2: 65, 3: 44, 4: 33, 5: 22}"
2.0,0.025,0.14,6,True,True,0.6610911044290051,-0.00016945395022782694,0.14555200938628549,6,4,2,0.3333333333333333,0,2,0,1,"{1: 123, 2: 60, 3: 58, 4: 35, 5: 22}","{1: 134, 2: 65, 3: 44, 4: 33, 5: 22}"
1.0,0.025,0.14,4,False,True,0.6610712126443992,-0.00018934573483375683,0.14555200938628549,3,2,1,0.3333333333333333,0,1,0,0,"{1: 123, 2: 60, 3: 58, 4: 35, 5: 22}","{1: 134, 2: 65, 3: 44, 4: 32, 5: 23}"
1.0,0.025,0.14,4,True,True,0.6610712126443992,-0.00018934573483375683,0.14555200938628549,3,2,1,0.3333333333333333,0,1,0,0,"{1: 123, 2: 60, 3: 58, 4: 35, 5: 22}","{1: 134, 2: 65, 3: 44, 4: 32, 5: 23}"
1.0,0.025,0.14,6,False,True,0.6610712126443992,-0.00018934573483375683,0.14555200938628549,3,2,1,0.3333333333333333,0,1,0,0,"{1: 123, 2: 60, 3: 58, 4: 35, 5: 22}","{1: 134, 2: 65, 3: 44, 4: 32, 5: 23}"
1.0,0.025,0.14,6,True,True,0.6610712126443992,-0.00018934573483375683,0.14555200938628549,3,2,1,0.3333333333333333,0,1,0,0,"{1: 123, 2: 60, 3: 58, 4: 35, 5: 22}","{1: 134, 2: 65, 3: 44, 4: 32, 5: 23}"
1.0,0.025,0.14,8,False,True,0.6610712126443992,-0.00018934573483375683,0.14555200938628549,3,2,1,0.3333333333333333,0,1,0,0,"{1: 123, 2: 60, 3: 58, 4: 35, 5: 22}","{1: 134, 2: 65, 3: 44, 4: 32, 5: 23}"
1.0,0.025,0.14,8,True,True,0.6610712126443992,-0.00018934573483375683,0.14555200938628549,3,2,1,0.3333333333333333,0,1,0,0,"{1: 123, 2: 60, 3: 58, 4: 35, 5: 22}","{1: 134, 2: 65, 3: 44, 4: 32, 5: 23}"
1.0,0.025,0.14,10,False,True,0.6610712126443992,-0.00018934573483375683,0.14555200938628549,3,2,1,0.3333333333333333,0,1,0,0,"{1: 123, 2: 60, 3: 58, 4: 35, 5: 22}","{1: 134, 2: 65, 3: 44, 4: 32, 5: 23}"
1.0,0.025,0.14,10,True,True,0.6610712126443992,-0.00018934573483375683,0.14555200938628549,3,2,1,0.3333333333333333,0,1,0,0,"{1: 123, 2: 60, 3: 58, 4: 35, 5: 22}","{1: 134, 2: 65, 3: 44, 4: 32, 5: 23}"
1.0,0.025,0.14,12,False,True,0.6610712126443992,-0.00018934573483375683,0.14555200938628549,3,2,1,0.3333333333333333,0,1,0,0,"{1: 123, 2: 60, 3: 58, 4: 35, 5: 22}","{1: 134, 2: 65, 3: 44, 4: 32, 5: 23}"
1.0,0.025,0.14,12,True,True,0.6610712126443992,-0.00018934573483375683,0.14555200938628549,3,2,1,0.3333333333333333,0,1,0,0,"{1: 123, 2: 60, 3: 58, 4: 35, 5: 22}","{1: 134, 2: 65, 3: 44, 4: 32, 5: 23}"
1.0,0.025,0.14,15,False,True,0.6610712126443992,-0.00018934573483375683,0.14555200938628549,3,2,1,0.3333333333333333,0,1,0,0,"{1: 123, 2: 60, 3: 58, 4: 35, 5: 22}","{1: 134, 2: 65, 3: 44, 4: 32, 5: 23}"
1.0,0.025,0.14,15,True,True,0.6610712126443992,-0.00018934573483375683,0.14555200938628549,3,2,1,0.3333333333333333,0,1,0,0,"{1: 123, 2: 60, 3: 58, 4: 35, 5: 22}","{1: 134, 2: 65, 3: 44, 4: 32, 5: 23}"
1.0,0.04,0.14,6,False,False,0.6610619976233415,-0.0001985607558914193,0.14555200938628546,5,3,2,0.2,0,0,0,1,"{1: 123, 2: 60, 3: 58, 4: 35, 5: 22}","{1: 135, 2: 64, 3: 44, 4: 32, 5: 23}"
1.0,0.04,0.14,6,True,False,0.6610619976233415,-0.0001985607558914193,0.14555200938628546,5,3,2,0.2,0,0,0,1,"{1: 123, 2: 60, 3: 58, 4: 35, 5: 22}","{1: 135, 2: 64, 3: 44, 4: 32, 5: 23}"
1.0,0.04,0.14,8,False,False,0.6610619976233415,-0.0001985607558914193,0.14555200938628546,5,3,2,0.2,0,0,0,1,"{1: 123, 2: 60, 3: 58, 4: 35, 5: 22}","{1: 135, 2: 64, 3: 44, 4: 32, 5: 23}"
1.0,0.04,0.14,8,True,False,0.6610619976233415,-0.0001985607558914193,0.14555200938628546,5,3,2,0.2,0,0,0,1,"{1: 123, 2: 60, 3: 58, 4: 35, 5: 22}","{1: 135, 2: 64, 3: 44, 4: 32, 5: 23}"
1.0,0.04,0.14,10,False,False,0.6610619976233415,-0.0001985607558914193,0.14555200938628546,5,3,2,0.2,0,0,0,1,"{1: 123, 2: 60, 3: 58, 4: 35, 5: 22}","{1: 135, 2: 64, 3: 44, 4: 32, 5: 23}"
1.0,0.04,0.14,10,True,False,0.6610619976233415,-0.0001985607558914193,0.14555200938628546,5,3,2,0.2,0,0,0,1,"{1: 123, 2: 60, 3: 58, 4: 35, 5: 22}","{1: 135, 2: 64, 3: 44, 4: 32, 5: 23}"
1.0,0.04,0.14,12,False,False,0.6610619976233415,-0.0001985607558914193,0.14555200938628546,5,3,2,0.2,0,0,0,1,"{1: 123, 2: 60, 3: 58, 4: 35, 5: 22}","{1: 135, 2: 64, 3: 44, 4: 32, 5: 23}"
1.0,0.04,0.14,12,True,False,0.6610619976233415,-0.0001985607558914193,0.14555200938628546,5,3,2,0.2,0,0,0,1,"{1: 123, 2: 60, 3: 58, 4: 35, 5: 22}","{1: 135, 2: 64, 3: 44, 4: 32, 5: 23}"
1.0,0.04,0.14,15,False,False,0.6610619976233415,-0.0001985607558914193,0.14555200938628546,5,3,2,0.2,0,0,0,1,"{1: 123, 2: 60, 3: 58, 4: 35, 5: 22}","{1: 135, 2: 64, 3: 44, 4: 32, 5: 23}"
1.0,0.04,0.14,15,True,False,0.6610619976233415,-0.0001985607558914193,0.14555200938628546,5,3,2,0.2,0,0,0,1,"{1: 123, 2: 60, 3: 58, 4: 35, 5: 22}","{1: 135, 2: 64, 3: 44, 4: 32, 5: 23}"
1.0,0.04,0.14,4,False,False,0.6610329037894315,-0.00022765458980145148,0.14555200938628546,4,2,2,0.0,0,0,0,1,"{1: 123, 2: 60, 3: 58, 4: 35, 5: 22}","{1: 135, 2: 64, 3: 44, 4: 32, 5: 23}"
1.0,0.04,0.14,4,True,False,0.6610329037894315,-0.00022765458980145148,0.14555200938628546,4,2,2,0.0,0,0,0,1,"{1: 123, 2: 60, 3: 58, 4: 35, 5: 22}","{1: 135, 2: 64, 3: 44, 4: 32, 5: 23}"
1.0,0.06,0.14,4,False,False,0.6610329037894315,-0.00022765458980145148,0.14555200938628549,4,2,2,0.0,0,0,1,1,"{1: 124, 2: 59, 3: 58, 4: 35, 5: 22}","{1: 135, 2: 64, 3: 44, 4: 32, 5: 23}"
1.0,0.06,0.14,4,True,False,0.6610329037894315,-0.00022765458980145148,0.14555200938628549,4,2,2,0.0,0,0,1,1,"{1: 124, 2: 59, 3: 58, 4: 35, 5: 22}","{1: 135, 2: 64, 3: 44, 4: 32, 5: 23}"
1.0,0.06,0.14,8,False,False,0.6610144747695205,-0.00024608360971245524,0.14555200938628549,8,4,4,0.0,0,0,1,1,"{1: 124, 2: 59, 3: 58, 4: 35, 5: 22}","{1: 135, 2: 64, 3: 44, 4: 32, 5: 23}"
1.0,0.06,0.14,8,True,False,0.6610144747695205,-0.00024608360971245524,0.14555200938628549,8,4,4,0.0,0,0,1,1,"{1: 124, 2: 59, 3: 58, 4: 35, 5: 22}","{1: 135, 2: 64, 3: 44, 4: 32, 5: 23}"
1.0,0.06,0.14,10,False,False,0.6610144747695205,-0.00024608360971245524,0.14555200938628549,8,4,4,0.0,0,0,1,1,"{1: 124, 2: 59, 3: 58, 4: 35, 5: 22}","{1: 135, 2: 64, 3: 44, 4: 32, 5: 23}"
1.0,0.06,0.14,10,True,False,0.6610144747695205,-0.00024608360971245524,0.14555200938628549,8,4,4,0.0,0,0,1,1,"{1: 124, 2: 59, 3: 58, 4: 35, 5: 22}","{1: 135, 2: 64, 3: 44, 4: 32, 5: 23}"
1.0,0.06,0.14,12,False,False,0.6610144747695205,-0.00024608360971245524,0.14555200938628549,8,4,4,0.0,0,0,1,1,"{1: 124, 2: 59, 3: 58, 4: 35, 5: 22}","{1: 135, 2: 64, 3: 44, 4: 32, 5: 23}"
1.0,0.06,0.14,12,True,False,0.6610144747695205,-0.00024608360971245524,0.14555200938628549,8,4,4,0.0,0,0,1,1,"{1: 124, 2: 59, 3: 58, 4: 35, 5: 22}","{1: 135, 2: 64, 3: 44, 4: 32, 5: 23}"
1.0,0.06,0.14,15,False,False,0.6610144747695205,-0.00024608360971245524,0.14555200938628549,8,4,4,0.0,0,0,1,1,"{1: 124, 2: 59, 3: 58, 4: 35, 5: 22}","{1: 135, 2: 64, 3: 44, 4: 32, 5: 23}"
1.0,0.06,0.14,15,True,False,0.6610144747695205,-0.00024608360971245524,0.14555200938628549,8,4,4,0.0,0,0,1,1,"{1: 124, 2: 59, 3: 58, 4: 35, 5: 22}","{1: 135, 2: 64, 3: 44, 4: 32, 5: 23}"
0.5,0.04,0.14,4,False,False,0.6610038229186055,-0.000256735460627433,0.14555200938628549,3,1,2,-0.3333333333333333,0,0,0,0,"{1: 123, 2: 60, 3: 58, 4: 35, 5: 22}","{1: 134, 2: 65, 3: 44, 4: 32, 5: 23}"
0.5,0.04,0.14,4,True,False,0.6610038229186055,-0.000256735460627433,0.14555200938628549,3,1,2,-0.3333333333333333,0,0,0,0,"{1: 123, 2: 60, 3: 58, 4: 35, 5: 22}","{1: 134, 2: 65, 3: 44, 4: 32, 5: 23}"
0.5,0.04,0.14,6,False,False,0.6610038229186055,-0.000256735460627433,0.14555200938628549,3,1,2,-0.3333333333333333,0,0,0,0,"{1: 123, 2: 60, 3: 58, 4: 35, 5: 22}","{1: 134, 2: 65, 3: 44, 4: 32, 5: 23}"
0.5,0.04,0.14,6,True,False,0.6610038229186055,-0.000256735460627433,0.14555200938628549,3,1,2,-0.3333333333333333,0,0,0,0,"{1: 123, 2: 60, 3: 58, 4: 35, 5: 22}","{1: 134, 2: 65, 3: 44, 4: 32, 5: 23}"
0.5,0.04,0.14,8,False,False,0.6610038229186055,-0.000256735460627433,0.14555200938628549,3,1,2,-0.3333333333333333,0,0,0,0,"{1: 123, 2: 60, 3: 58, 4: 35, 5: 22}","{1: 134, 2: 65, 3: 44, 4: 32, 5: 23}"
0.5,0.04,0.14,8,True,False,0.6610038229186055,-0.000256735460627433,0.14555200938628549,3,1,2,-0.3333333333333333,0,0,0,0,"{1: 123, 2: 60, 3: 58, 4: 35, 5: 22}","{1: 134, 2: 65, 3: 44, 4: 32, 5: 23}"
0.5,0.04,0.14,10,False,False,0.6610038229186055,-0.000256735460627433,0.14555200938628549,3,1,2,-0.3333333333333333,0,0,0,0,"{1: 123, 2: 60, 3: 58, 4: 35, 5: 22}","{1: 134, 2: 65, 3: 44, 4: 32, 5: 23}"
0.5,0.04,0.14,10,True,False,0.6610038229186055,-0.000256735460627433,0.14555200938628549,3,1,2,-0.3333333333333333,0,0,0,0,"{1: 123, 2: 60, 3: 58, 4: 35, 5: 22}","{1: 134, 2: 65, 3: 44, 4: 32, 5: 23}"
0.5,0.04,0.14,12,False,False,0.6610038229186055,-0.000256735460627433,0.14555200938628549,3,1,2,-0.3333333333333333,0,0,0,0,"{1: 123, 2: 60, 3: 58, 4: 35, 5: 22}","{1: 134, 2: 65, 3: 44, 4: 32, 5: 23}"
0.5,0.04,0.14,12,True,False,0.6610038229186055,-0.000256735460627433,0.14555200938628549,3,1,2,-0.3333333333333333,0,0,0,0,"{1: 123, 2: 60, 3: 58, 4: 35, 5: 22}","{1: 134, 2: 65, 3: 44, 4: 32, 5: 23}"
0.5,0.04,0.14,15,False,False,0.6610038229186055,-0.000256735460627433,0.14555200938628549,3,1,2,-0.3333333333333333,0,0,0,0,"{1: 123, 2: 60, 3: 58, 4: 35, 5: 22}","{1: 134, 2: 65, 3: 44, 4: 32, 5: 23}"
0.5,0.04,0.14,15,True,False,0.6610038229186055,-0.000256735460627433,0.14555200938628549,3,1,2,-0.3333333333333333,0,0,0,0,"{1: 123, 2: 60, 3: 58, 4: 35, 5: 22}","{1: 134, 2: 65, 3: 44, 4: 32, 5: 23}"
1.0,0.025,0.14,4,False,False,0.6609711814427814,-0.00028937693645147977,0.14555200938628549,2,1,1,0.0,0,0,0,0,"{1: 123, 2: 60, 3: 58, 4: 35, 5: 22}","{1: 134, 2: 65, 3: 44, 4: 32, 5: 23}"
1.0,0.025,0.14,4,True,False,0.6609711814427814,-0.00028937693645147977,0.14555200938628549,2,1,1,0.0,0,0,0,0,"{1: 123, 2: 60, 3: 58, 4: 35, 5: 22}","{1: 134, 2: 65, 3: 44, 4: 32, 5: 23}"
1.0,0.025,0.14,6,False,False,0.6609711814427814,-0.00028937693645147977,0.14555200938628549,2,1,1,0.0,0,0,0,0,"{1: 123, 2: 60, 3: 58, 4: 35, 5: 22}","{1: 134, 2: 65, 3: 44, 4: 32, 5: 23}"
1.0,0.025,0.14,6,True,False,0.6609711814427814,-0.00028937693645147977,0.14555200938628549,2,1,1,0.0,0,0,0,0,"{1: 123, 2: 60, 3: 58, 4: 35, 5: 22}","{1: 134, 2: 65, 3: 44, 4: 32, 5: 23}"
1.0,0.025,0.14,8,False,False,0.6609711814427814,-0.00028937693645147977,0.14555200938628549,2,1,1,0.0,0,0,0,0,"{1: 123, 2: 60, 3: 58, 4: 35, 5: 22}","{1: 134, 2: 65, 3: 44, 4: 32, 5: 23}"
1.0,0.025,0.14,8,True,False,0.6609711814427814,-0.00028937693645147977,0.14555200938628549,2,1,1,0.0,0,0,0,0,"{1: 123, 2: 60, 3: 58, 4: 35, 5: 22}","{1: 134, 2: 65, 3: 44, 4: 32, 5: 23}"
1.0,0.025,0.14,10,False,False,0.6609711814427814,-0.00028937693645147977,0.14555200938628549,2,1,1,0.0,0,0,0,0,"{1: 123, 2: 60, 3: 58, 4: 35, 5: 22}","{1: 134, 2: 65, 3: 44, 4: 32, 5: 23}"
1.0,0.025,0.14,10,True,False,0.6609711814427814,-0.00028937693645147977,0.14555200938628549,2,1,1,0.0,0,0,0,0,"{1: 123, 2: 60, 3: 58, 4: 35, 5: 22}","{1: 134, 2: 65, 3: 44, 4: 32, 5: 23}"
1.0,0.025,0.14,12,False,False,0.6609711814427814,-0.00028937693645147977,0.14555200938628549,2,1,1,0.0,0,0,0,0,"{1: 123, 2: 60, 3: 58, 4: 35, 5: 22}","{1: 134, 2: 65, 3: 44, 4: 32, 5: 23}"
1.0,0.025,0.14,12,True,False,0.6609711814427814,-0.00028937693645147977,0.14555200938628549,2,1,1,0.0,0,0,0,0,"{1: 123, 2: 60, 3: 58, 4: 35, 5: 22}","{1: 134, 2: 65, 3: 44, 4: 32, 5: 23}"
1.0,0.025,0.14,15,False,False,0.6609711814427814,-0.00028937693645147977,0.14555200938628549,2,1,1,0.0,0,0,0,0,"{1: 123, 2: 60, 3: 58, 4: 35, 5: 22}","{1: 134, 2: 65, 3: 44, 4: 32, 5: 23}"
1.0,0.025,0.14,15,True,False,0.6609711814427814,-0.00028937693645147977,0.14555200938628549,2,1,1,0.0,0,0,0,0,"{1: 123, 2: 60, 3: 58, 4: 35, 5: 22}","{1: 134, 2: 65, 3: 44, 4: 32, 5: 23}"
0.5,0.08,0.14,4,False,False,0.6609655432674668,-0.00029501511176610595,0.14555200938628549,4,1,3,-0.5,0,0,0,0,"{1: 123, 2: 60, 3: 58, 4: 35, 5: 22}","{1: 134, 2: 65, 3: 44, 4: 32, 5: 23}"
0.5,0.08,0.14,4,True,False,0.6609655432674668,-0.00029501511176610595,0.14555200938628549,4,1,3,-0.5,0,0,0,0,"{1: 123, 2: 60, 3: 58, 4: 35, 5: 22}","{1: 134, 2: 65, 3: 44, 4: 32, 5: 23}"
1.0,0.06,0.14,6,False,False,0.6609527457106152,-0.00030781266861767964,0.14555200938628549,6,3,3,0.0,0,0,1,1,"{1: 124, 2: 59, 3: 58, 4: 35, 5: 22}","{1: 135, 2: 64, 3: 44, 4: 32, 5: 23}"
1.0,0.06,0.14,6,True,False,0.6609527457106152,-0.00030781266861767964,0.14555200938628549,6,3,3,0.0,0,0,1,1,"{1: 124, 2: 59, 3: 58, 4: 35, 5: 22}","{1: 135, 2: 64, 3: 44, 4: 32, 5: 23}"
2.0,0.04,0.1,8,False,False,0.6609471182961502,-0.00031344008308276106,0.15505669983800044,8,4,4,0.0,0,0,3,4,"{1: 125, 2: 59, 3: 57, 4: 35, 5: 22}","{1: 137, 2: 63, 3: 43, 4: 32, 5: 23}"
2.0,0.04,0.1,8,True,False,0.6609471182961502,-0.00031344008308276106,0.15505669983800044,8,4,4,0.0,0,0,3,4,"{1: 125, 2: 59, 3: 57, 4: 35, 5: 22}","{1: 137, 2: 63, 3: 43, 4: 32, 5: 23}"
2.0,0.06,0.1,8,False,False,0.6609471182961502,-0.00031344008308276106,0.16233053287621838,8,4,4,0.0,0,0,8,6,"{1: 126, 2: 61, 3: 55, 4: 34, 5: 22}","{1: 138, 2: 62, 3: 44, 4: 31, 5: 23}"
2.0,0.06,0.1,8,True,False,0.6609471182961502,-0.00031344008308276106,0.16233053287621838,8,4,4,0.0,0,0,8,6,"{1: 126, 2: 61, 3: 55, 4: 34, 5: 22}","{1: 138, 2: 62, 3: 44, 4: 31, 5: 23}"
2.0,0.04,0.08,8,False,False,0.6609471182961502,-0.00031344008308276106,0.17183522332793336,8,4,4,0.0,0,0,7,8,"{1: 126, 2: 59, 3: 58, 4: 33, 5: 22}","{1: 141, 2: 59, 3: 43, 4: 32, 5: 23}"
2.0,0.04,0.08,8,True,False,0.6609471182961502,-0.00031344008308276106,0.17183522332793336,8,4,4,0.0,0,0,7,8,"{1: 126, 2: 59, 3: 58, 4: 33, 5: 22}","{1: 141, 2: 59, 3: 43, 4: 32, 5: 23}"
2.0,0.04,0.04,8,False,False,0.6609471182961502,-0.00031344008308276106,0.17519092802591996,8,4,4,0.0,0,0,8,8,"{1: 127, 2: 59, 3: 56, 4: 34, 5: 22}","{1: 141, 2: 59, 3: 43, 4: 32, 5: 23}"
2.0,0.04,0.04,8,True,False,0.6609471182961502,-0.00031344008308276106,0.17519092802591996,8,4,4,0.0,0,0,8,8,"{1: 127, 2: 59, 3: 56, 4: 34, 5: 22}","{1: 141, 2: 59, 3: 43, 4: 32, 5: 23}"
2.0,0.04,0.06,8,False,False,0.6609471182961502,-0.00031344008308276106,0.17519092802591996,8,4,4,0.0,0,0,8,8,"{1: 127, 2: 59, 3: 56, 4: 34, 5: 22}","{1: 141, 2: 59, 3: 43, 4: 32, 5: 23}"
2.0,0.04,0.06,8,True,False,0.6609471182961502,-0.00031344008308276106,0.17519092802591996,8,4,4,0.0,0,0,8,8,"{1: 127, 2: 59, 3: 56, 4: 34, 5: 22}","{1: 141, 2: 59, 3: 43, 4: 32, 5: 23}"
2.0,0.06,0.04,8,False,False,0.6609471182961502,-0.00031344008308276106,0.17519092802591996,8,4,4,0.0,0,0,8,8,"{1: 127, 2: 59, 3: 56, 4: 34, 5: 22}","{1: 141, 2: 59, 3: 43, 4: 32, 5: 23}"
2.0,0.06,0.04,8,True,False,0.6609471182961502,-0.00031344008308276106,0.17519092802591996,8,4,4,0.0,0,0,8,8,"{1: 127, 2: 59, 3: 56, 4: 34, 5: 22}","{1: 141, 2: 59, 3: 43, 4: 32, 5: 23}"
2.0,0.06,0.06,8,False,False,0.6609471182961502,-0.00031344008308276106,0.17519092802591996,8,4,4,0.0,0,0,8,8,"{1: 127, 2: 59, 3: 56, 4: 34, 5: 22}","{1: 141, 2: 59, 3: 43, 4: 32, 5: 23}"
2.0,0.06,0.06,8,True,False,0.6609471182961502,-0.00031344008308276106,0.17519092802591996,8,4,4,0.0,0,0,8,8,"{1: 127, 2: 59, 3: 56, 4: 34, 5: 22}","{1: 141, 2: 59, 3: 43, 4: 32, 5: 23}"
2.0,0.06,0.08,8,False,False,0.6609471182961502,-0.00031344008308276106,0.17519092802591996,8,4,4,0.0,0,0,8,8,"{1: 127, 2: 59, 3: 56, 4: 34, 5: 22}","{1: 141, 2: 59, 3: 43, 4: 32, 5: 23}"
2.0,0.06,0.08,8,True,False,0.6609471182961502,-0.00031344008308276106,0.17519092802591996,8,4,4,0.0,0,0,8,8,"{1: 127, 2: 59, 3: 56, 4: 34, 5: 22}","{1: 141, 2: 59, 3: 43, 4: 32, 5: 23}"
0.5,0.015,0.14,4,False,False,0.6609421090308596,-0.0003184493483733286,0.14555200938628549,1,0,1,-1.0,0,0,0,0,"{1: 123, 2: 60, 3: 58, 4: 35, 5: 22}","{1: 134, 2: 65, 3: 44, 4: 32, 5: 23}"
0.5,0.015,0.14,4,False,True,0.6609421090308596,-0.0003184493483733286,0.14555200938628549,1,0,1,-1.0,0,0,0,0,"{1: 123, 2: 60, 3: 58, 4: 35, 5: 22}","{1: 134, 2: 65, 3: 44, 4: 32, 5: 23}"
0.5,0.015,0.14,4,True,False,0.6609421090308596,-0.0003184493483733286,0.14555200938628549,1,0,1,-1.0,0,0,0,0,"{1: 123, 2: 60, 3: 58, 4: 35, 5: 22}","{1: 134, 2: 65, 3: 44, 4: 32, 5: 23}"
0.5,0.015,0.14,4,True,True,0.6609421090308596,-0.0003184493483733286,0.14555200938628549,1,0,1,-1.0,0,0,0,0,"{1: 123, 2: 60, 3: 58, 4: 35, 5: 22}","{1: 134, 2: 65, 3: 44, 4: 32, 5: 23}"
0.5,0.015,0.14,6,False,False,0.6609421090308596,-0.0003184493483733286,0.14555200938628549,1,0,1,-1.0,0,0,0,0,"{1: 123, 2: 60, 3: 58, 4: 35, 5: 22}","{1: 134, 2: 65, 3: 44, 4: 32, 5: 23}"
0.5,0.015,0.14,6,False,True,0.6609421090308596,-0.0003184493483733286,0.14555200938628549,1,0,1,-1.0,0,0,0,0,"{1: 123, 2: 60, 3: 58, 4: 35, 5: 22}","{1: 134, 2: 65, 3: 44, 4: 32, 5: 23}"
0.5,0.015,0.14,6,True,False,0.6609421090308596,-0.0003184493483733286,0.14555200938628549,1,0,1,-1.0,0,0,0,0,"{1: 123, 2: 60, 3: 58, 4: 35, 5: 22}","{1: 134, 2: 65, 3: 44, 4: 32, 5: 23}"
0.5,0.015,0.14,6,True,True,0.6609421090308596,-0.0003184493483733286,0.14555200938628549,1,0,1,-1.0,0,0,0,0,"{1: 123, 2: 60, 3: 58, 4: 35, 5: 22}","{1: 134, 2: 65, 3: 44, 4: 32, 5: 23}"
0.5,0.015,0.14,8,False,False,0.6609421090308596,-0.0003184493483733286,0.14555200938628549,1,0,1,-1.0,0,0,0,0,"{1: 123, 2: 60, 3: 58, 4: 35, 5: 22}","{1: 134, 2: 65, 3: 44, 4: 32, 5: 23}"
0.5,0.015,0.14,8,False,True,0.6609421090308596,-0.0003184493483733286,0.14555200938628549,1,0,1,-1.0,0,0,0,0,"{1: 123, 2: 60, 3: 58, 4: 35, 5: 22}","{1: 134, 2: 65, 3: 44, 4: 32, 5: 23}"
0.5,0.015,0.14,8,True,False,0.6609421090308596,-0.0003184493483733286,0.14555200938628549,1,0,1,-1.0,0,0,0,0,"{1: 123, 2: 60, 3: 58, 4: 35, 5: 22}","{1: 134, 2: 65, 3: 44, 4: 32, 5: 23}"
0.5,0.015,0.14,8,True,True,0.6609421090308596,-0.0003184493483733286,0.14555200938628549,1,0,1,-1.0,0,0,0,0,"{1: 123, 2: 60, 3: 58, 4: 35, 5: 22}","{1: 134, 2: 65, 3: 44, 4: 32, 5: 23}"
0.5,0.015,0.14,10,False,False,0.6609421090308596,-0.0003184493483733286,0.14555200938628549,1,0,1,-1.0,0,0,0,0,"{1: 123, 2: 60, 3: 58, 4: 35, 5: 22}","{1: 134, 2: 65, 3: 44, 4: 32, 5: 23}"
0.5,0.015,0.14,10,False,True,0.6609421090308596,-0.0003184493483733286,0.14555200938628549,1,0,1,-1.0,0,0,0,0,"{1: 123, 2: 60, 3: 58, 4: 35, 5: 22}","{1: 134, 2: 65, 3: 44, 4: 32, 5: 23}"
0.5,0.015,0.14,10,True,False,0.6609421090308596,-0.0003184493483733286,0.14555200938628549,1,0,1,-1.0,0,0,0,0,"{1: 123, 2: 60, 3: 58, 4: 35, 5: 22}","{1: 134, 2: 65, 3: 44, 4: 32, 5: 23}"
0.5,0.015,0.14,10,True,True,0.6609421090308596,-0.0003184493483733286,0.14555200938628549,1,0,1,-1.0,0,0,0,0,"{1: 123, 2: 60, 3: 58, 4: 35, 5: 22}","{1: 134, 2: 65, 3: 44, 4: 32, 5: 23}"
0.5,0.015,0.14,12,False,False,0.6609421090308596,-0.0003184493483733286,0.14555200938628549,1,0,1,-1.0,0,0,0,0,"{1: 123, 2: 60, 3: 58, 4: 35, 5: 22}","{1: 134, 2: 65, 3: 44, 4: 32, 5: 23}"
0.5,0.015,0.14,12,False,True,0.6609421090308596,-0.0003184493483733286,0.14555200938628549,1,0,1,-1.0,0,0,0,0,"{1: 123, 2: 60, 3: 58, 4: 35, 5: 22}","{1: 134, 2: 65, 3: 44, 4: 32, 5: 23}"
0.5,0.015,0.14,12,True,False,0.6609421090308596,-0.0003184493483733286,0.14555200938628549,1,0,1,-1.0,0,0,0,0,"{1: 123, 2: 60, 3: 58, 4: 35, 5: 22}","{1: 134, 2: 65, 3: 44, 4: 32, 5: 23}"
0.5,0.015,0.14,12,True,True,0.6609421090308596,-0.0003184493483733286,0.14555200938628549,1,0,1,-1.0,0,0,0,0,"{1: 123, 2: 60, 3: 58, 4: 35, 5: 22}","{1: 134, 2: 65, 3: 44, 4: 32, 5: 23}"
0.5,0.015,0.14,15,False,False,0.6609421090308596,-0.0003184493483733286,0.14555200938628549,1,0,1,-1.0,0,0,0,0,"{1: 123, 2: 60, 3: 58, 4: 35, 5: 22}","{1: 134, 2: 65, 3: 44, 4: 32, 5: 23}"
0.5,0.015,0.14,15,False,True,0.6609421090308596,-0.0003184493483733286,0.14555200938628549,1,0,1,-1.0,0,0,0,0,"{1: 123, 2: 60, 3: 58, 4: 35, 5: 22}","{1: 134, 2: 65, 3: 44, 4: 32, 5: 23}"
0.5,0.015,0.14,15,True,False,0.6609421090308596,-0.0003184493483733286,0.14555200938628549,1,0,1,-1.0,0,0,0,0,"{1: 123, 2: 60, 3: 58, 4: 35, 5: 22}","{1: 134, 2: 65, 3: 44, 4: 32, 5: 23}"
0.5,0.015,0.14,15,True,True,0.6609421090308596,-0.0003184493483733286,0.14555200938628549,1,0,1,-1.0,0,0,0,0,"{1: 123, 2: 60, 3: 58, 4: 35, 5: 22}","{1: 134, 2: 65, 3: 44, 4: 32, 5: 23}"
0.5,0.025,0.14,4,False,False,0.6609421090308596,-0.0003184493483733286,0.14555200938628549,1,0,1,-1.0,0,0,0,0,"{1: 123, 2: 60, 3: 58, 4: 35, 5: 22}","{1: 134, 2: 65, 3: 44, 4: 32, 5: 23}"
0.5,0.025,0.14,4,False,True,0.6609421090308596,-0.0003184493483733286,0.14555200938628549,1,0,1,-1.0,0,0,0,0,"{1: 123, 2: 60, 3: 58, 4: 35, 5: 22}","{1: 134, 2: 65, 3: 44, 4: 32, 5: 23}"
0.5,0.025,0.14,4,True,False,0.6609421090308596,-0.0003184493483733286,0.14555200938628549,1,0,1,-1.0,0,0,0,0,"{1: 123, 2: 60, 3: 58, 4: 35, 5: 22}","{1: 134, 2: 65, 3: 44, 4: 32, 5: 23}"
0.5,0.025,0.14,4,True,True,0.6609421090308596,-0.0003184493483733286,0.14555200938628549,1,0,1,-1.0,0,0,0,0,"{1: 123, 2: 60, 3: 58, 4: 35, 5: 22}","{1: 134, 2: 65, 3: 44, 4: 32, 5: 23}"
0.5,0.025,0.14,6,False,False,0.6609421090308596,-0.0003184493483733286,0.14555200938628549,1,0,1,-1.0,0,0,0,0,"{1: 123, 2: 60, 3: 58, 4: 35, 5: 22}","{1: 134, 2: 65, 3: 44, 4: 32, 5: 23}"
0.5,0.025,0.14,6,False,True,0.6609421090308596,-0.0003184493483733286,0.14555200938628549,1,0,1,-1.0,0,0,0,0,"{1: 123, 2: 60, 3: 58, 4: 35, 5: 22}","{1: 134, 2: 65, 3: 44, 4: 32, 5: 23}"
0.5,0.025,0.14,6,True,False,0.6609421090308596,-0.0003184493483733286,0.14555200938628549,1,0,1,-1.0,0,0,0,0,"{1: 123, 2: 60, 3: 58, 4: 35, 5: 22}","{1: 134, 2: 65, 3: 44, 4: 32, 5: 23}"
0.5,0.025,0.14,6,True,True,0.6609421090308596,-0.0003184493483733286,0.14555200938628549,1,0,1,-1.0,0,0,0,0,"{1: 123, 2: 60, 3: 58, 4: 35, 5: 22}","{1: 134, 2: 65, 3: 44, 4: 32, 5: 23}"
0.5,0.025,0.14,8,False,False,0.6609421090308596,-0.0003184493483733286,0.14555200938628549,1,0,1,-1.0,0,0,0,0,"{1: 123, 2: 60, 3: 58, 4: 35, 5: 22}","{1: 134, 2: 65, 3: 44, 4: 32, 5: 23}"
0.5,0.025,0.14,8,False,True,0.6609421090308596,-0.0003184493483733286,0.14555200938628549,1,0,1,-1.0,0,0,0,0,"{1: 123, 2: 60, 3: 58, 4: 35, 5: 22}","{1: 134, 2: 65, 3: 44, 4: 32, 5: 23}"
0.5,0.025,0.14,8,True,False,0.6609421090308596,-0.0003184493483733286,0.14555200938628549,1,0,1,-1.0,0,0,0,0,"{1: 123, 2: 60, 3: 58, 4: 35, 5: 22}","{1: 134, 2: 65, 3: 44, 4: 32, 5: 23}"
0.5,0.025,0.14,8,True,True,0.6609421090308596,-0.0003184493483733286,0.14555200938628549,1,0,1,-1.0,0,0,0,0,"{1: 123, 2: 60, 3: 58, 4: 35, 5: 22}","{1: 134, 2: 65, 3: 44, 4: 32, 5: 23}"
0.5,0.025,0.14,10,False,False,0.6609421090308596,-0.0003184493483733286,0.14555200938628549,1,0,1,-1.0,0,0,0,0,"{1: 123, 2: 60, 3: 58, 4: 35, 5: 22}","{1: 134, 2: 65, 3: 44, 4: 32, 5: 23}"
0.5,0.025,0.14,10,False,True,0.6609421090308596,-0.0003184493483733286,0.14555200938628549,1,0,1,-1.0,0,0,0,0,"{1: 123, 2: 60, 3: 58, 4: 35, 5: 22}","{1: 134, 2: 65, 3: 44, 4: 32, 5: 23}"
0.5,0.025,0.14,10,True,False,0.6609421090308596,-0.0003184493483733286,0.14555200938628549,1,0,1,-1.0,0,0,0,0,"{1: 123, 2: 60, 3: 58, 4: 35, 5: 22}","{1: 134, 2: 65, 3: 44, 4: 32, 5: 23}"
0.5,0.025,0.14,10,True,True,0.6609421090308596,-0.0003184493483733286,0.14555200938628549,1,0,1,-1.0,0,0,0,0,"{1: 123, 2: 60, 3: 58, 4: 35, 5: 22}","{1: 134, 2: 65, 3: 44, 4: 32, 5: 23}"
0.5,0.025,0.14,12,False,False,0.6609421090308596,-0.0003184493483733286,0.14555200938628549,1,0,1,-1.0,0,0,0,0,"{1: 123, 2: 60, 3: 58, 4: 35, 5: 22}","{1: 134, 2: 65, 3: 44, 4: 32, 5: 23}"
0.5,0.025,0.14,12,False,True,0.6609421090308596,-0.0003184493483733286,0.14555200938628549,1,0,1,-1.0,0,0,0,0,"{1: 123, 2: 60, 3: 58, 4: 35, 5: 22}","{1: 134, 2: 65, 3: 44, 4: 32, 5: 23}"
0.5,0.025,0.14,12,True,False,0.6609421090308596,-0.0003184493483733286,0.14555200938628549,1,0,1,-1.0,0,0,0,0,"{1: 123, 2: 60, 3: 58, 4: 35, 5: 22}","{1: 134, 2: 65, 3: 44, 4: 32, 5: 23}"
0.5,0.025,0.14,12,True,True,0.6609421090308596,-0.0003184493483733286,0.14555200938628549,1,0,1,-1.0,0,0,0,0,"{1: 123, 2: 60, 3: 58, 4: 35, 5: 22}","{1: 134, 2: 65, 3: 44, 4: 32, 5: 23}"
0.5,0.025,0.14,15,False,False,0.6609421090308596,-0.0003184493483733286,0.14555200938628549,1,0,1,-1.0,0,0,0,0,"{1: 123, 2: 60, 3: 58, 4: 35, 5: 22}","{1: 134, 2: 65, 3: 44, 4: 32, 5: 23}"
0.5,0.025,0.14,15,False,True,0.6609421090308596,-0.0003184493483733286,0.14555200938628549,1,0,1,-1.0,0,0,0,0,"{1: 123, 2: 60, 3: 58, 4: 35, 5: 22}","{1: 134, 2: 65, 3: 44, 4: 32, 5: 23}"
0.5,0.025,0.14,15,True,False,0.6609421090308596,-0.0003184493483733286,0.14555200938628549,1,0,1,-1.0,0,0,0,0,"{1: 123, 2: 60, 3: 58, 4: 35, 5: 22}","{1: 134, 2: 65, 3: 44, 4: 32, 5: 23}"
0.5,0.025,0.14,15,True,True,0.6609421090308596,-0.0003184493483733286,0.14555200938628549,1,0,1,-1.0,0,0,0,0,"{1: 123, 2: 60, 3: 58, 4: 35, 5: 22}","{1: 134, 2: 65, 3: 44, 4: 32, 5: 23}"
1.0,0.015,0.14,4,False,False,0.6609421090308596,-0.0003184493483733286,0.14555200938628549,1,0,1,-1.0,0,0,0,0,"{1: 123, 2: 60, 3: 58, 4: 35, 5: 22}","{1: 134, 2: 65, 3: 44, 4: 32, 5: 23}"
1.0,0.015,0.14,4,False,True,0.6609421090308596,-0.0003184493483733286,0.14555200938628549,1,0,1,-1.0,0,0,0,0,"{1: 123, 2: 60, 3: 58, 4: 35, 5: 22}","{1: 134, 2: 65, 3: 44, 4: 32, 5: 23}"
1.0,0.015,0.14,4,True,False,0.6609421090308596,-0.0003184493483733286,0.14555200938628549,1,0,1,-1.0,0,0,0,0,"{1: 123, 2: 60, 3: 58, 4: 35, 5: 22}","{1: 134, 2: 65, 3: 44, 4: 32, 5: 23}"
1.0,0.015,0.14,4,True,True,0.6609421090308596,-0.0003184493483733286,0.14555200938628549,1,0,1,-1.0,0,0,0,0,"{1: 123, 2: 60, 3: 58, 4: 35, 5: 22}","{1: 134, 2: 65, 3: 44, 4: 32, 5: 23}"
1.0,0.015,0.14,6,False,False,0.6609421090308596,-0.0003184493483733286,0.14555200938628549,1,0,1,-1.0,0,0,0,0,"{1: 123, 2: 60, 3: 58, 4: 35, 5: 22}","{1: 134, 2: 65, 3: 44, 4: 32, 5: 23}"
1.0,0.015,0.14,6,False,True,0.6609421090308596,-0.0003184493483733286,0.14555200938628549,1,0,1,-1.0,0,0,0,0,"{1: 123, 2: 60, 3: 58, 4: 35, 5: 22}","{1: 134, 2: 65, 3: 44, 4: 32, 5: 23}"
1.0,0.015,0.14,6,True,False,0.6609421090308596,-0.0003184493483733286,0.14555200938628549,1,0,1,-1.0,0,0,0,0,"{1: 123, 2: 60, 3: 58, 4: 35, 5: 22}","{1: 134, 2: 65, 3: 44, 4: 32, 5: 23}"
1.0,0.015,0.14,6,True,True,0.6609421090308596,-0.0003184493483733286,0.14555200938628549,1,0,1,-1.0,0,0,0,0,"{1: 123, 2: 60, 3: 58, 4: 35, 5: 22}","{1: 134, 2: 65, 3: 44, 4: 32, 5: 23}"
1.0,0.015,0.14,8,False,False,0.6609421090308596,-0.0003184493483733286,0.14555200938628549,1,0,1,-1.0,0,0,0,0,"{1: 123, 2: 60, 3: 58, 4: 35, 5: 22}","{1: 134, 2: 65, 3: 44, 4: 32, 5: 23}"
1.0,0.015,0.14,8,False,True,0.6609421090308596,-0.0003184493483733286,0.14555200938628549,1,0,1,-1.0,0,0,0,0,"{1: 123, 2: 60, 3: 58, 4: 35, 5: 22}","{1: 134, 2: 65, 3: 44, 4: 32, 5: 23}"
1.0,0.015,0.14,8,True,False,0.6609421090308596,-0.0003184493483733286,0.14555200938628549,1,0,1,-1.0,0,0,0,0,"{1: 123, 2: 60, 3: 58, 4: 35, 5: 22}","{1: 134, 2: 65, 3: 44, 4: 32, 5: 23}"
1.0,0.015,0.14,8,True,True,0.6609421090308596,-0.0003184493483733286,0.14555200938628549,1,0,1,-1.0,0,0,0,0,"{1: 123, 2: 60, 3: 58, 4: 35, 5: 22}","{1: 134, 2: 65, 3: 44, 4: 32, 5: 23}"
1.0,0.015,0.14,10,False,False,0.6609421090308596,-0.0003184493483733286,0.14555200938628549,1,0,1,-1.0,0,0,0,0,"{1: 123, 2: 60, 3: 58, 4: 35, 5: 22}","{1: 134, 2: 65, 3: 44, 4: 32, 5: 23}"
1.0,0.015,0.14,10,False,True,0.6609421090308596,-0.0003184493483733286,0.14555200938628549,1,0,1,-1.0,0,0,0,0,"{1: 123, 2: 60, 3: 58, 4: 35, 5: 22}","{1: 134, 2: 65, 3: 44, 4: 32, 5: 23}"
1.0,0.015,0.14,10,True,False,0.6609421090308596,-0.0003184493483733286,0.14555200938628549,1,0,1,-1.0,0,0,0,0,"{1: 123, 2: 60, 3: 58, 4: 35, 5: 22}","{1: 134, 2: 65, 3: 44, 4: 32, 5: 23}"
1.0,0.015,0.14,10,True,True,0.6609421090308596,-0.0003184493483733286,0.14555200938628549,1,0,1,-1.0,0,0,0,0,"{1: 123, 2: 60, 3: 58, 4: 35, 5: 22}","{1: 134, 2: 65, 3: 44, 4: 32, 5: 23}"
1.0,0.015,0.14,12,False,False,0.6609421090308596,-0.0003184493483733286,0.14555200938628549,1,0,1,-1.0,0,0,0,0,"{1: 123, 2: 60, 3: 58, 4: 35, 5: 22}","{1: 134, 2: 65, 3: 44, 4: 32, 5: 23}"
1.0,0.015,0.14,12,False,True,0.6609421090308596,-0.0003184493483733286,0.14555200938628549,1,0,1,-1.0,0,0,0,0,"{1: 123, 2: 60, 3: 58, 4: 35, 5: 22}","{1: 134, 2: 65, 3: 44, 4: 32, 5: 23}"
1.0,0.015,0.14,12,True,False,0.6609421090308596,-0.0003184493483733286,0.14555200938628549,1,0,1,-1.0,0,0,0,0,"{1: 123, 2: 60, 3: 58, 4: 35, 5: 22}","{1: 134, 2: 65, 3: 44, 4: 32, 5: 23}"
1.0,0.015,0.14,12,True,True,0.6609421090308596,-0.0003184493483733286,0.14555200938628549,1,0,1,-1.0,0,0,0,0,"{1: 123, 2: 60, 3: 58, 4: 35, 5: 22}","{1: 134, 2: 65, 3: 44, 4: 32, 5: 23}"
1.0,0.015,0.14,15,False,False,0.6609421090308596,-0.0003184493483733286,0.14555200938628549,1,0,1,-1.0,0,0,0,0,"{1: 123, 2: 60, 3: 58, 4: 35, 5: 22}","{1: 134, 2: 65, 3: 44, 4: 32, 5: 23}"
1.0,0.015,0.14,15,False,True,0.6609421090308596,-0.0003184493483733286,0.14555200938628549,1,0,1,-1.0,0,0,0,0,"{1: 123, 2: 60, 3: 58, 4: 35, 5: 22}","{1: 134, 2: 65, 3: 44, 4: 32, 5: 23}"
1.0,0.015,0.14,15,True,False,0.6609421090308596,-0.0003184493483733286,0.14555200938628549,1,0,1,-1.0,0,0,0,0,"{1: 123, 2: 60, 3: 58, 4: 35, 5: 22}","{1: 134, 2: 65, 3: 44, 4: 32, 5: 23}"
1.0,0.015,0.14,15,True,True,0.6609421090308596,-0.0003184493483733286,0.14555200938628549,1,0,1,-1.0,0,0,0,0,"{1: 123, 2: 60, 3: 58, 4: 35, 5: 22}","{1: 134, 2: 65, 3: 44, 4: 32, 5: 23}"
1.0,0.06,0.14,10,False,True,0.6609343079733409,-0.0003262504058920701,0.14555200938628549,10,6,4,0.2,0,3,1,1,"{1: 124, 2: 59, 3: 58, 4: 35, 5: 22}","{1: 135, 2: 64, 3: 44, 4: 32, 5: 23}"
1.0,0.06,0.14,10,True,True,0.6609343079733409,-0.0003262504058920701,0.14555200938628549,10,6,4,0.2,0,3,1,1,"{1: 124, 2: 59, 3: 58, 4: 35, 5: 22}","{1: 135, 2: 64, 3: 44, 4: 32, 5: 23}"
0.5,0.025,0.1,4,False,True,0.6608946188944513,-0.00036593948478158556,0.14555200938628546,4,2,2,0.0,0,1,0,2,"{1: 123, 2: 60, 3: 58, 4: 35, 5: 22}","{1: 135, 2: 64, 3: 44, 4: 33, 5: 22}"
0.5,0.025,0.1,4,True,True,0.6608946188944513,-0.00036593948478158556,0.14555200938628546,4,2,2,0.0,0,1,0,2,"{1: 123, 2: 60, 3: 58, 4: 35, 5: 22}","{1: 135, 2: 64, 3: 44, 4: 33, 5: 22}"
2.0,0.04,0.14,4,False,False,0.6608946188944513,-0.00036593948478158556,0.14555200938628546,4,2,2,0.0,0,0,0,1,"{1: 123, 2: 60, 3: 58, 4: 35, 5: 22}","{1: 135, 2: 64, 3: 44, 4: 32, 5: 23}"
2.0,0.04,0.14,4,True,False,0.6608946188944513,-0.00036593948478158556,0.14555200938628546,4,2,2,0.0,0,0,0,1,"{1: 123, 2: 60, 3: 58, 4: 35, 5: 22}","{1: 135, 2: 64, 3: 44, 4: 32, 5: 23}"
0.5,0.06,0.14,4,False,False,0.6608946188944513,-0.00036593948478158556,0.14555200938628549,4,1,3,-0.5,0,0,0,0,"{1: 123, 2: 60, 3: 58, 4: 35, 5: 22}","{1: 134, 2: 65, 3: 44, 4: 32, 5: 23}"
0.5,0.06,0.14,4,True,False,0.6608946188944513,-0.00036593948478158556,0.14555200938628549,4,1,3,-0.5,0,0,0,0,"{1: 123, 2: 60, 3: 58, 4: 35, 5: 22}","{1: 134, 2: 65, 3: 44, 4: 32, 5: 23}"
0.5,0.06,0.14,6,False,False,0.6608946188944513,-0.00036593948478158556,0.14555200938628549,4,1,3,-0.5,0,0,0,0,"{1: 123, 2: 60, 3: 58, 4: 35, 5: 22}","{1: 134, 2: 65, 3: 44, 4: 32, 5: 23}"
0.5,0.06,0.14,6,True,False,0.6608946188944513,-0.00036593948478158556,0.14555200938628549,4,1,3,-0.5,0,0,0,0,"{1: 123, 2: 60, 3: 58, 4: 35, 5: 22}","{1: 134, 2: 65, 3: 44, 4: 32, 5: 23}"
0.5,0.06,0.14,8,False,False,0.6608946188944513,-0.00036593948478158556,0.14555200938628549,4,1,3,-0.5,0,0,0,0,"{1: 123, 2: 60, 3: 58, 4: 35, 5: 22}","{1: 134, 2: 65, 3: 44, 4: 32, 5: 23}"
0.5,0.06,0.14,8,True,False,0.6608946188944513,-0.00036593948478158556,0.14555200938628549,4,1,3,-0.5,0,0,0,0,"{1: 123, 2: 60, 3: 58, 4: 35, 5: 22}","{1: 134, 2: 65, 3: 44, 4: 32, 5: 23}"
0.5,0.06,0.14,10,False,False,0.6608946188944513,-0.00036593948478158556,0.14555200938628549,4,1,3,-0.5,0,0,0,0,"{1: 123, 2: 60, 3: 58, 4: 35, 5: 22}","{1: 134, 2: 65, 3: 44, 4: 32, 5: 23}"
0.5,0.06,0.14,10,True,False,0.6608946188944513,-0.00036593948478158556,0.14555200938628549,4,1,3,-0.5,0,0,0,0,"{1: 123, 2: 60, 3: 58, 4: 35, 5: 22}","{1: 134, 2: 65, 3: 44, 4: 32, 5: 23}"
0.5,0.06,0.14,12,False,False,0.6608946188944513,-0.00036593948478158556,0.14555200938628549,4,1,3,-0.5,0,0,0,0,"{1: 123, 2: 60, 3: 58, 4: 35, 5: 22}","{1: 134, 2: 65, 3: 44, 4: 32, 5: 23}"
0.5,0.06,0.14,12,True,False,0.6608946188944513,-0.00036593948478158556,0.14555200938628549,4,1,3,-0.5,0,0,0,0,"{1: 123, 2: 60, 3: 58, 4: 35, 5: 22}","{1: 134, 2: 65, 3: 44, 4: 32, 5: 23}"
0.5,0.06,0.14,15,False,False,0.6608946188944513,-0.00036593948478158556,0.14555200938628549,4,1,3,-0.5,0,0,0,0,"{1: 123, 2: 60, 3: 58, 4: 35, 5: 22}","{1: 134, 2: 65, 3: 44, 4: 32, 5: 23}"
0.5,0.06,0.14,15,True,False,0.6608946188944513,-0.00036593948478158556,0.14555200938628549,4,1,3,-0.5,0,0,0,0,"{1: 123, 2: 60, 3: 58, 4: 35, 5: 22}","{1: 134, 2: 65, 3: 44, 4: 32, 5: 23}"
2.0,0.06,0.14,4,False,False,0.6608946188944513,-0.00036593948478158556,0.14890771408427203,4,2,2,0.0,0,0,2,2,"{1: 124, 2: 60, 3: 57, 4: 35, 5: 22}","{1: 136, 2: 63, 3: 44, 4: 32, 5: 23}"
2.0,0.06,0.14,4,True,False,0.6608946188944513,-0.00036593948478158556,0.14890771408427203,4,2,2,0.0,0,0,2,2,"{1: 124, 2: 60, 3: 57, 4: 35, 5: 22}","{1: 136, 2: 63, 3: 44, 4: 32, 5: 23}"
0.5,0.025,0.08,4,False,True,0.6608946188944513,-0.00036593948478158556,0.1522634187822586,4,2,2,0.0,0,1,4,2,"{1: 125, 2: 60, 3: 56, 4: 35, 5: 22}","{1: 135, 2: 64, 3: 44, 4: 33, 5: 22}"
0.5,0.025,0.08,4,True,True,0.6608946188944513,-0.00036593948478158556,0.1522634187822586,4,2,2,0.0,0,1,4,2,"{1: 125, 2: 60, 3: 56, 4: 35, 5: 22}","{1: 135, 2: 64, 3: 44, 4: 33, 5: 22}"
1.0,0.04,0.1,4,False,False,0.6608946188944513,-0.00036593948478158556,0.15226341878225863,4,2,2,0.0,0,0,2,4,"{1: 124, 2: 60, 3: 57, 4: 35, 5: 22}","{1: 137, 2: 63, 3: 43, 4: 32, 5: 23}"
1.0,0.04,0.1,4,True,False,0.6608946188944513,-0.00036593948478158556,0.15226341878225863,4,2,2,0.0,0,0,2,4,"{1: 124, 2: 60, 3: 57, 4: 35, 5: 22}","{1: 137, 2: 63, 3: 43, 4: 32, 5: 23}"
0.5,0.025,0.04,4,False,True,0.6608946188944513,-0.00036593948478158556,0.15505669983800044,4,2,2,0.0,0,1,4,4,"{1: 125, 2: 60, 3: 56, 4: 35, 5: 22}","{1: 137, 2: 62, 3: 44, 4: 33, 5: 22}"
0.5,0.025,0.04,4,True,True,0.6608946188944513,-0.00036593948478158556,0.15505669983800044,4,2,2,0.0,0,1,4,4,"{1: 125, 2: 60, 3: 56, 4: 35, 5: 22}","{1: 137, 2: 62, 3: 44, 4: 33, 5: 22}"
0.5,0.025,0.06,4,False,True,0.6608946188944513,-0.00036593948478158556,0.15505669983800044,4,2,2,0.0,0,1,4,4,"{1: 125, 2: 60, 3: 56, 4: 35, 5: 22}","{1: 137, 2: 62, 3: 44, 4: 33, 5: 22}"
0.5,0.025,0.06,4,True,True,0.6608946188944513,-0.00036593948478158556,0.15505669983800044,4,2,2,0.0,0,1,4,4,"{1: 125, 2: 60, 3: 56, 4: 35, 5: 22}","{1: 137, 2: 62, 3: 44, 4: 33, 5: 22}"
2.0,0.04,0.1,4,False,False,0.6608946188944513,-0.00036593948478158556,0.15505669983800044,4,2,2,0.0,0,0,3,4,"{1: 125, 2: 59, 3: 57, 4: 35, 5: 22}","{1: 137, 2: 63, 3: 43, 4: 32, 5: 23}"
2.0,0.04,0.1,4,True,False,0.6608946188944513,-0.00036593948478158556,0.15505669983800044,4,2,2,0.0,0,0,3,4,"{1: 125, 2: 59, 3: 57, 4: 35, 5: 22}","{1: 137, 2: 63, 3: 43, 4: 32, 5: 23}"
1.0,0.06,0.1,4,False,False,0.6608946188944513,-0.00036593948478158556,0.15841240453598704,4,2,2,0.0,0,0,4,4,"{1: 125, 2: 60, 3: 56, 4: 35, 5: 22}","{1: 138, 2: 61, 3: 44, 4: 32, 5: 23}"
1.0,0.06,0.1,4,True,False,0.6608946188944513,-0.00036593948478158556,0.15841240453598704,4,2,2,0.0,0,0,4,4,"{1: 125, 2: 60, 3: 56, 4: 35, 5: 22}","{1: 138, 2: 61, 3: 44, 4: 32, 5: 23}"
1.0,0.04,0.04,4,False,False,0.6608946188944513,-0.00036593948478158556,0.16176810923397367,4,2,2,0.0,0,0,4,4,"{1: 126, 2: 58, 3: 57, 4: 35, 5: 22}","{1: 138, 2: 61, 3: 44, 4: 32, 5: 23}"
1.0,0.04,0.04,4,True,False,0.6608946188944513,-0.00036593948478158556,0.16176810923397367,4,2,2,0.0,0,0,4,4,"{1: 126, 2: 58, 3: 57, 4: 35, 5: 22}","{1: 138, 2: 61, 3: 44, 4: 32, 5: 23}"
1.0,0.04,0.06,4,False,False,0.6608946188944513,-0.00036593948478158556,0.16176810923397367,4,2,2,0.0,0,0,4,4,"{1: 126, 2: 58, 3: 57, 4: 35, 5: 22}","{1: 138, 2: 61, 3: 44, 4: 32, 5: 23}"
1.0,0.04,0.06,4,True,False,0.6608946188944513,-0.00036593948478158556,0.16176810923397367,4,2,2,0.0,0,0,4,4,"{1: 126, 2: 58, 3: 57, 4: 35, 5: 22}","{1: 138, 2: 61, 3: 44, 4: 32, 5: 23}"
1.0,0.04,0.08,4,False,False,0.6608946188944513,-0.00036593948478158556,0.16176810923397367,4,2,2,0.0,0,0,4,4,"{1: 126, 2: 58, 3: 57, 4: 35, 5: 22}","{1: 138, 2: 61, 3: 44, 4: 32, 5: 23}"
1.0,0.04,0.08,4,True,False,0.6608946188944513,-0.00036593948478158556,0.16176810923397367,4,2,2,0.0,0,0,4,4,"{1: 126, 2: 58, 3: 57, 4: 35, 5: 22}","{1: 138, 2: 61, 3: 44, 4: 32, 5: 23}"
1.0,0.06,0.04,4,False,False,0.6608946188944513,-0.00036593948478158556,0.16176810923397367,4,2,2,0.0,0,0,4,4,"{1: 126, 2: 58, 3: 57, 4: 35, 5: 22}","{1: 138, 2: 61, 3: 44, 4: 32, 5: 23}"
1.0,0.06,0.04,4,True,False,0.6608946188944513,-0.00036593948478158556,0.16176810923397367,4,2,2,0.0,0,0,4,4,"{1: 126, 2: 58, 3: 57, 4: 35, 5: 22}","{1: 138, 2: 61, 3: 44, 4: 32, 5: 23}"
1.0,0.06,0.06,4,False,False,0.6608946188944513,-0.00036593948478158556,0.16176810923397367,4,2,2,0.0,0,0,4,4,"{1: 126, 2: 58, 3: 57, 4: 35, 5: 22}","{1: 138, 2: 61, 3: 44, 4: 32, 5: 23}"
1.0,0.06,0.06,4,True,False,0.6608946188944513,-0.00036593948478158556,0.16176810923397367,4,2,2,0.0,0,0,4,4,"{1: 126, 2: 58, 3: 57, 4: 35, 5: 22}","{1: 138, 2: 61, 3: 44, 4: 32, 5: 23}"
1.0,0.06,0.08,4,False,False,0.6608946188944513,-0.00036593948478158556,0.16176810923397367,4,2,2,0.0,0,0,4,4,"{1: 126, 2: 58, 3: 57, 4: 35, 5: 22}","{1: 138, 2: 61, 3: 44, 4: 32, 5: 23}"
1.0,0.06,0.08,4,True,False,0.6608946188944513,-0.00036593948478158556,0.16176810923397367,4,2,2,0.0,0,0,4,4,"{1: 126, 2: 58, 3: 57, 4: 35, 5: 22}","{1: 138, 2: 61, 3: 44, 4: 32, 5: 23}"
2.0,0.04,0.04,4,False,False,0.6608946188944513,-0.00036593948478158556,0.16176810923397367,4,2,2,0.0,0,0,4,4,"{1: 126, 2: 58, 3: 57, 4: 35, 5: 22}","{1: 138, 2: 61, 3: 44, 4: 32, 5: 23}"
2.0,0.04,0.04,4,True,False,0.6608946188944513,-0.00036593948478158556,0.16176810923397367,4,2,2,0.0,0,0,4,4,"{1: 126, 2: 58, 3: 57, 4: 35, 5: 22}","{1: 138, 2: 61, 3: 44, 4: 32, 5: 23}"
2.0,0.04,0.06,4,False,False,0.6608946188944513,-0.00036593948478158556,0.16176810923397367,4,2,2,0.0,0,0,4,4,"{1: 126, 2: 58, 3: 57, 4: 35, 5: 22}","{1: 138, 2: 61, 3: 44, 4: 32, 5: 23}"
2.0,0.04,0.06,4,True,False,0.6608946188944513,-0.00036593948478158556,0.16176810923397367,4,2,2,0.0,0,0,4,4,"{1: 126, 2: 58, 3: 57, 4: 35, 5: 22}","{1: 138, 2: 61, 3: 44, 4: 32, 5: 23}"
2.0,0.04,0.08,4,False,False,0.6608946188944513,-0.00036593948478158556,0.16176810923397367,4,2,2,0.0,0,0,4,4,"{1: 126, 2: 58, 3: 57, 4: 35, 5: 22}","{1: 138, 2: 61, 3: 44, 4: 32, 5: 23}"
2.0,0.04,0.08,4,True,False,0.6608946188944513,-0.00036593948478158556,0.16176810923397367,4,2,2,0.0,0,0,4,4,"{1: 126, 2: 58, 3: 57, 4: 35, 5: 22}","{1: 138, 2: 61, 3: 44, 4: 32, 5: 23}"
2.0,0.06,0.04,4,False,False,0.6608946188944513,-0.00036593948478158556,0.16176810923397367,4,2,2,0.0,0,0,4,4,"{1: 126, 2: 58, 3: 57, 4: 35, 5: 22}","{1: 138, 2: 61, 3: 44, 4: 32, 5: 23}"
2.0,0.06,0.04,4,True,False,0.6608946188944513,-0.00036593948478158556,0.16176810923397367,4,2,2,0.0,0,0,4,4,"{1: 126, 2: 58, 3: 57, 4: 35, 5: 22}","{1: 138, 2: 61, 3: 44, 4: 32, 5: 23}"
2.0,0.06,0.06,4,False,False,0.6608946188944513,-0.00036593948478158556,0.16176810923397367,4,2,2,0.0,0,0,4,4,"{1: 126, 2: 58, 3: 57, 4: 35, 5: 22}","{1: 138, 2: 61, 3: 44, 4: 32, 5: 23}"
2.0,0.06,0.06,4,True,False,0.6608946188944513,-0.00036593948478158556,0.16176810923397367,4,2,2,0.0,0,0,4,4,"{1: 126, 2: 58, 3: 57, 4: 35, 5: 22}","{1: 138, 2: 61, 3: 44, 4: 32, 5: 23}"
2.0,0.06,0.08,4,False,False,0.6608946188944513,-0.00036593948478158556,0.16176810923397367,4,2,2,0.0,0,0,4,4,"{1: 126, 2: 58, 3: 57, 4: 35, 5: 22}","{1: 138, 2: 61, 3: 44, 4: 32, 5: 23}"
2.0,0.06,0.08,4,True,False,0.6608946188944513,-0.00036593948478158556,0.16176810923397367,4,2,2,0.0,0,0,4,4,"{1: 126, 2: 58, 3: 57, 4: 35, 5: 22}","{1: 138, 2: 61, 3: 44, 4: 32, 5: 23}"
2.0,0.06,0.1,4,False,False,0.6608946188944513,-0.00036593948478158556,0.16176810923397367,4,2,2,0.0,0,0,4,4,"{1: 126, 2: 58, 3: 57, 4: 35, 5: 22}","{1: 138, 2: 61, 3: 44, 4: 32, 5: 23}"
2.0,0.06,0.1,4,True,False,0.6608946188944513,-0.00036593948478158556,0.16176810923397367,4,2,2,0.0,0,0,4,4,"{1: 126, 2: 58, 3: 57, 4: 35, 5: 22}","{1: 138, 2: 61, 3: 44, 4: 32, 5: 23}"
2.0,0.04,0.14,6,False,False,0.6608854028043485,-0.00037515557488443374,0.14555200938628546,6,3,3,0.0,0,0,0,1,"{1: 123, 2: 60, 3: 58, 4: 35, 5: 22}","{1: 135, 2: 64, 3: 44, 4: 32, 5: 23}"
2.0,0.04,0.14,6,True,False,0.6608854028043485,-0.00037515557488443374,0.14555200938628546,6,3,3,0.0,0,0,0,1,"{1: 123, 2: 60, 3: 58, 4: 35, 5: 22}","{1: 135, 2: 64, 3: 44, 4: 32, 5: 23}"
0.5,0.04,0.1,6,False,False,0.6608854028043485,-0.00037515557488443374,0.14890771408427203,6,3,3,0.0,0,0,0,4,"{1: 123, 2: 60, 3: 58, 4: 35, 5: 22}","{1: 137, 2: 63, 3: 43, 4: 32, 5: 23}"
0.5,0.04,0.1,6,True,False,0.6608854028043485,-0.00037515557488443374,0.14890771408427203,6,3,3,0.0,0,0,0,4,"{1: 123, 2: 60, 3: 58, 4: 35, 5: 22}","{1: 137, 2: 63, 3: 43, 4: 32, 5: 23}"
2.0,0.025,0.1,6,False,False,0.6608854028043485,-0.00037515557488443374,0.14890771408427203,6,3,3,0.0,0,0,3,1,"{1: 125, 2: 59, 3: 57, 4: 35, 5: 22}","{1: 135, 2: 64, 3: 44, 4: 32, 5: 23}"
2.0,0.025,0.1,6,True,False,0.6608854028043485,-0.00037515557488443374,0.14890771408427203,6,3,3,0.0,0,0,3,1,"{1: 125, 2: 59, 3: 57, 4: 35, 5: 22}","{1: 135, 2: 64, 3: 44, 4: 32, 5: 23}"
2.0,0.06,0.14,6,False,False,0.6608854028043485,-0.00037515557488443374,0.14890771408427203,6,3,3,0.0,0,0,2,2,"{1: 124, 2: 60, 3: 57, 4: 35, 5: 22}","{1: 136, 2: 63, 3: 44, 4: 32, 5: 23}"
2.0,0.06,0.14,6,True,False,0.6608854028043485,-0.00037515557488443374,0.14890771408427203,6,3,3,0.0,0,0,2,2,"{1: 124, 2: 60, 3: 57, 4: 35, 5: 22}","{1: 136, 2: 63, 3: 44, 4: 32, 5: 23}"
1.0,0.04,0.1,6,False,False,0.6608854028043485,-0.00037515557488443374,0.15226341878225863,6,3,3,0.0,0,0,2,4,"{1: 124, 2: 60, 3: 57, 4: 35, 5: 22}","{1: 137, 2: 63, 3: 43, 4: 32, 5: 23}"
1.0,0.04,0.1,6,True,False,0.6608854028043485,-0.00037515557488443374,0.15226341878225863,6,3,3,0.0,0,0,2,4,"{1: 124, 2: 60, 3: 57, 4: 35, 5: 22}","{1: 137, 2: 63, 3: 43, 4: 32, 5: 23}"
2.0,0.04,0.1,6,False,False,0.6608854028043485,-0.00037515557488443374,0.15505669983800044,6,3,3,0.0,0,0,3,4,"{1: 125, 2: 59, 3: 57, 4: 35, 5: 22}","{1: 137, 2: 63, 3: 43, 4: 32, 5: 23}"
2.0,0.04,0.1,6,True,False,0.6608854028043485,-0.00037515557488443374,0.15505669983800044,6,3,3,0.0,0,0,3,4,"{1: 125, 2: 59, 3: 57, 4: 35, 5: 22}","{1: 137, 2: 63, 3: 43, 4: 32, 5: 23}"
0.5,0.04,0.08,6,False,False,0.6608854028043485,-0.00037515557488443374,0.15505669983800047,6,3,3,0.0,0,0,4,5,"{1: 125, 2: 59, 3: 58, 4: 34, 5: 22}","{1: 137, 2: 63, 3: 44, 4: 31, 5: 23}"
0.5,0.04,0.08,6,True,False,0.6608854028043485,-0.00037515557488443374,0.15505669983800047,6,3,3,0.0,0,0,4,5,"{1: 125, 2: 59, 3: 58, 4: 34, 5: 22}","{1: 137, 2: 63, 3: 44, 4: 31, 5: 23}"
0.5,0.06,0.1,6,False,False,0.6608854028043485,-0.00037515557488443374,0.1556191234802452,6,3,3,0.0,0,0,4,6,"{1: 124, 2: 61, 3: 57, 4: 34, 5: 22}","{1: 138, 2: 62, 3: 44, 4: 31, 5: 23}"
0.5,0.06,0.1,6,True,False,0.6608854028043485,-0.00037515557488443374,0.1556191234802452,6,3,3,0.0,0,0,4,6,"{1: 124, 2: 61, 3: 57, 4: 34, 5: 22}","{1: 138, 2: 62, 3: 44, 4: 31, 5: 23}"
1.0,0.06,0.1,6,False,False,0.6608854028043485,-0.00037515557488443374,0.1589748281782318,6,3,3,0.0,0,0,6,6,"{1: 125, 2: 61, 3: 56, 4: 34, 5: 22}","{1: 138, 2: 62, 3: 44, 4: 31, 5: 23}"
1.0,0.06,0.1,6,True,False,0.6608854028043485,-0.00037515557488443374,0.1589748281782318,6,3,3,0.0,0,0,6,6,"{1: 125, 2: 61, 3: 56, 4: 34, 5: 22}","{1: 138, 2: 62, 3: 44, 4: 31, 5: 23}"
0.5,0.06,0.08,6,False,False,0.6608854028043485,-0.00037515557488443374,0.16176810923397364,6,3,3,0.0,0,0,6,6,"{1: 126, 2: 59, 3: 57, 4: 34, 5: 22}","{1: 138, 2: 62, 3: 44, 4: 31, 5: 23}"
0.5,0.06,0.08,6,True,False,0.6608854028043485,-0.00037515557488443374,0.16176810923397364,6,3,3,0.0,0,0,6,6,"{1: 126, 2: 59, 3: 57, 4: 34, 5: 22}","{1: 138, 2: 62, 3: 44, 4: 31, 5: 23}"
2.0,0.06,0.1,6,False,False,0.6608854028043485,-0.00037515557488443374,0.16176810923397364,6,3,3,0.0,0,0,6,6,"{1: 126, 2: 59, 3: 57, 4: 34, 5: 22}","{1: 138, 2: 62, 3: 44, 4: 31, 5: 23}"
2.0,0.06,0.1,6,True,False,0.6608854028043485,-0.00037515557488443374,0.16176810923397364,6,3,3,0.0,0,0,6,6,"{1: 126, 2: 59, 3: 57, 4: 34, 5: 22}","{1: 138, 2: 62, 3: 44, 4: 31, 5: 23}"
2.0,0.025,0.08,6,False,False,0.6608854028043485,-0.00037515557488443374,0.1684795186299468,6,3,3,0.0,0,0,5,6,"{1: 126, 2: 59, 3: 56, 4: 35, 5: 22}","{1: 140, 2: 59, 3: 44, 4: 32, 5: 23}"
2.0,0.025,0.08,6,True,False,0.6608854028043485,-0.00037515557488443374,0.1684795186299468,6,3,3,0.0,0,0,5,6,"{1: 126, 2: 59, 3: 56, 4: 35, 5: 22}","{1: 140, 2: 59, 3: 44, 4: 32, 5: 23}"
2.0,0.04,0.04,6,False,False,0.6608854028043485,-0.00037515557488443374,0.1684795186299468,6,3,3,0.0,0,0,6,6,"{1: 126, 2: 59, 3: 57, 4: 34, 5: 22}","{1: 140, 2: 59, 3: 44, 4: 32, 5: 23}"
2.0,0.04,0.04,6,True,False,0.6608854028043485,-0.00037515557488443374,0.1684795186299468,6,3,3,0.0,0,0,6,6,"{1: 126, 2: 59, 3: 57, 4: 34, 5: 22}","{1: 140, 2: 59, 3: 44, 4: 32, 5: 23}"
2.0,0.04,0.06,6,False,False,0.6608854028043485,-0.00037515557488443374,0.1684795186299468,6,3,3,0.0,0,0,6,6,"{1: 126, 2: 59, 3: 57, 4: 34, 5: 22}","{1: 140, 2: 59, 3: 44, 4: 32, 5: 23}"
2.0,0.04,0.06,6,True,False,0.6608854028043485,-0.00037515557488443374,0.1684795186299468,6,3,3,0.0,0,0,6,6,"{1: 126, 2: 59, 3: 57, 4: 34, 5: 22}","{1: 140, 2: 59, 3: 44, 4: 32, 5: 23}"
2.0,0.04,0.08,6,False,False,0.6608854028043485,-0.00037515557488443374,0.1684795186299468,6,3,3,0.0,0,0,6,6,"{1: 126, 2: 59, 3: 57, 4: 34, 5: 22}","{1: 140, 2: 59, 3: 44, 4: 32, 5: 23}"
2.0,0.04,0.08,6,True,False,0.6608854028043485,-0.00037515557488443374,0.1684795186299468,6,3,3,0.0,0,0,6,6,"{1: 126, 2: 59, 3: 57, 4: 34, 5: 22}","{1: 140, 2: 59, 3: 44, 4: 32, 5: 23}"
1.0,0.04,0.08,6,False,False,0.6608854028043485,-0.00037515557488443374,0.16847951862994684,6,3,3,0.0,0,0,6,6,"{1: 126, 2: 58, 3: 59, 4: 33, 5: 22}","{1: 140, 2: 59, 3: 44, 4: 32, 5: 23}"
1.0,0.04,0.08,6,True,False,0.6608854028043485,-0.00037515557488443374,0.16847951862994684,6,3,3,0.0,0,0,6,6,"{1: 126, 2: 58, 3: 59, 4: 33, 5: 22}","{1: 140, 2: 59, 3: 44, 4: 32, 5: 23}"
0.5,0.04,0.04,6,False,False,0.6608854028043485,-0.00037515557488443374,0.17183522332793336,6,3,3,0.0,0,0,6,6,"{1: 127, 2: 58, 3: 56, 4: 35, 5: 22}","{1: 140, 2: 59, 3: 44, 4: 32, 5: 23}"
0.5,0.04,0.04,6,True,False,0.6608854028043485,-0.00037515557488443374,0.17183522332793336,6,3,3,0.0,0,0,6,6,"{1: 127, 2: 58, 3: 56, 4: 35, 5: 22}","{1: 140, 2: 59, 3: 44, 4: 32, 5: 23}"
0.5,0.04,0.06,6,False,False,0.6608854028043485,-0.00037515557488443374,0.17183522332793336,6,3,3,0.0,0,0,6,6,"{1: 127, 2: 58, 3: 56, 4: 35, 5: 22}","{1: 140, 2: 59, 3: 44, 4: 32, 5: 23}"
0.5,0.04,0.06,6,True,False,0.6608854028043485,-0.00037515557488443374,0.17183522332793336,6,3,3,0.0,0,0,6,6,"{1: 127, 2: 58, 3: 56, 4: 35, 5: 22}","{1: 140, 2: 59, 3: 44, 4: 32, 5: 23}"
0.5,0.06,0.04,6,False,False,0.6608854028043485,-0.00037515557488443374,0.17183522332793336,6,3,3,0.0,0,0,6,6,"{1: 127, 2: 58, 3: 56, 4: 35, 5: 22}","{1: 140, 2: 59, 3: 44, 4: 32, 5: 23}"
0.5,0.06,0.04,6,True,False,0.6608854028043485,-0.00037515557488443374,0.17183522332793336,6,3,3,0.0,0,0,6,6,"{1: 127, 2: 58, 3: 56, 4: 35, 5: 22}","{1: 140, 2: 59, 3: 44, 4: 32, 5: 23}"
0.5,0.06,0.06,6,False,False,0.6608854028043485,-0.00037515557488443374,0.17183522332793336,6,3,3,0.0,0,0,6,6,"{1: 127, 2: 58, 3: 56, 4: 35, 5: 22}","{1: 140, 2: 59, 3: 44, 4: 32, 5: 23}"
0.5,0.06,0.06,6,True,False,0.6608854028043485,-0.00037515557488443374,0.17183522332793336,6,3,3,0.0,0,0,6,6,"{1: 127, 2: 58, 3: 56, 4: 35, 5: 22}","{1: 140, 2: 59, 3: 44, 4: 32, 5: 23}"
1.0,0.04,0.04,6,False,False,0.6608854028043485,-0.00037515557488443374,0.17183522332793336,6,3,3,0.0,0,0,6,6,"{1: 127, 2: 58, 3: 56, 4: 35, 5: 22}","{1: 140, 2: 59, 3: 44, 4: 32, 5: 23}"
1.0,0.04,0.04,6,True,False,0.6608854028043485,-0.00037515557488443374,0.17183522332793336,6,3,3,0.0,0,0,6,6,"{1: 127, 2: 58, 3: 56, 4: 35, 5: 22}","{1: 140, 2: 59, 3: 44, 4: 32, 5: 23}"
1.0,0.04,0.06,6,False,False,0.6608854028043485,-0.00037515557488443374,0.17183522332793336,6,3,3,0.0,0,0,6,6,"{1: 127, 2: 58, 3: 56, 4: 35, 5: 22}","{1: 140, 2: 59, 3: 44, 4: 32, 5: 23}"
1.0,0.04,0.06,6,True,False,0.6608854028043485,-0.00037515557488443374,0.17183522332793336,6,3,3,0.0,0,0,6,6,"{1: 127, 2: 58, 3: 56, 4: 35, 5: 22}","{1: 140, 2: 59, 3: 44, 4: 32, 5: 23}"
1.0,0.06,0.04,6,False,False,0.6608854028043485,-0.00037515557488443374,0.17183522332793336,6,3,3,0.0,0,0,6,6,"{1: 127, 2: 58, 3: 56, 4: 35, 5: 22}","{1: 140, 2: 59, 3: 44, 4: 32, 5: 23}"
1.0,0.06,0.04,6,True,False,0.6608854028043485,-0.00037515557488443374,0.17183522332793336,6,3,3,0.0,0,0,6,6,"{1: 127, 2: 58, 3: 56, 4: 35, 5: 22}","{1: 140, 2: 59, 3: 44, 4: 32, 5: 23}"
1.0,0.06,0.06,6,False,False,0.6608854028043485,-0.00037515557488443374,0.17183522332793336,6,3,3,0.0,0,0,6,6,"{1: 127, 2: 58, 3: 56, 4: 35, 5: 22}","{1: 140, 2: 59, 3: 44, 4: 32, 5: 23}"
1.0,0.06,0.06,6,True,False,0.6608854028043485,-0.00037515557488443374,0.17183522332793336,6,3,3,0.0,0,0,6,6,"{1: 127, 2: 58, 3: 56, 4: 35, 5: 22}","{1: 140, 2: 59, 3: 44, 4: 32, 5: 23}"
1.0,0.06,0.08,6,False,False,0.6608854028043485,-0.00037515557488443374,0.17183522332793336,6,3,3,0.0,0,0,6,6,"{1: 127, 2: 58, 3: 56, 4: 35, 5: 22}","{1: 140, 2: 59, 3: 44, 4: 32, 5: 23}"
1.0,0.06,0.08,6,True,False,0.6608854028043485,-0.00037515557488443374,0.17183522332793336,6,3,3,0.0,0,0,6,6,"{1: 127, 2: 58, 3: 56, 4: 35, 5: 22}","{1: 140, 2: 59, 3: 44, 4: 32, 5: 23}"
2.0,0.025,0.04,6,False,False,0.6608854028043485,-0.00037515557488443374,0.17183522332793336,6,3,3,0.0,0,0,6,6,"{1: 127, 2: 58, 3: 56, 4: 35, 5: 22}","{1: 140, 2: 59, 3: 44, 4: 32, 5: 23}"
2.0,0.025,0.04,6,True,False,0.6608854028043485,-0.00037515557488443374,0.17183522332793336,6,3,3,0.0,0,0,6,6,"{1: 127, 2: 58, 3: 56, 4: 35, 5: 22}","{1: 140, 2: 59, 3: 44, 4: 32, 5: 23}"
2.0,0.025,0.06,6,False,False,0.6608854028043485,-0.00037515557488443374,0.17183522332793336,6,3,3,0.0,0,0,6,6,"{1: 127, 2: 58, 3: 56, 4: 35, 5: 22}","{1: 140, 2: 59, 3: 44, 4: 32, 5: 23}"
2.0,0.025,0.06,6,True,False,0.6608854028043485,-0.00037515557488443374,0.17183522332793336,6,3,3,0.0,0,0,6,6,"{1: 127, 2: 58, 3: 56, 4: 35, 5: 22}","{1: 140, 2: 59, 3: 44, 4: 32, 5: 23}"
2.0,0.06,0.04,6,False,False,0.6608854028043485,-0.00037515557488443374,0.17183522332793336,6,3,3,0.0,0,0,6,6,"{1: 127, 2: 58, 3: 56, 4: 35, 5: 22}","{1: 140, 2: 59, 3: 44, 4: 32, 5: 23}"
2.0,0.06,0.04,6,True,False,0.6608854028043485,-0.00037515557488443374,0.17183522332793336,6,3,3,0.0,0,0,6,6,"{1: 127, 2: 58, 3: 56, 4: 35, 5: 22}","{1: 140, 2: 59, 3: 44, 4: 32, 5: 23}"
2.0,0.06,0.06,6,False,False,0.6608854028043485,-0.00037515557488443374,0.17183522332793336,6,3,3,0.0,0,0,6,6,"{1: 127, 2: 58, 3: 56, 4: 35, 5: 22}","{1: 140, 2: 59, 3: 44, 4: 32, 5: 23}"
2.0,0.06,0.06,6,True,False,0.6608854028043485,-0.00037515557488443374,0.17183522332793336,6,3,3,0.0,0,0,6,6,"{1: 127, 2: 58, 3: 56, 4: 35, 5: 22}","{1: 140, 2: 59, 3: 44, 4: 32, 5: 23}"
2.0,0.06,0.08,6,False,False,0.6608854028043485,-0.00037515557488443374,0.17183522332793336,6,3,3,0.0,0,0,6,6,"{1: 127, 2: 58, 3: 56, 4: 35, 5: 22}","{1: 140, 2: 59, 3: 44, 4: 32, 5: 23}"
2.0,0.06,0.08,6,True,False,0.6608854028043485,-0.00037515557488443374,0.17183522332793336,6,3,3,0.0,0,0,6,6,"{1: 127, 2: 58, 3: 56, 4: 35, 5: 22}","{1: 140, 2: 59, 3: 44, 4: 32, 5: 23}"
2.0,0.06,0.1,15,False,True,0.6608775840447808,-0.00038297433445211304,0.16568623757420492,15,8,7,0.06666666666666667,0,6,10,8,"{1: 126, 2: 62, 3: 54, 4: 35, 5: 21}","{1: 139, 2: 61, 3: 44, 4: 32, 5: 22}"
2.0,0.06,0.1,15,True,True,0.6608775840447808,-0.00038297433445211304,0.16568623757420492,15,8,7,0.06666666666666667,0,6,10,8,"{1: 126, 2: 62, 3: 54, 4: 35, 5: 21}","{1: 139, 2: 61, 3: 44, 4: 32, 5: 22}"
2.0,0.06,0.04,15,False,True,0.6608775840447808,-0.00038297433445211304,0.18861374681786627,15,8,7,0.06666666666666667,0,6,15,15,"{1: 128, 2: 62, 3: 53, 4: 34, 5: 21}","{1: 144, 2: 57, 3: 44, 4: 31, 5: 22}"
2.0,0.06,0.04,15,True,True,0.6608775840447808,-0.00038297433445211304,0.18861374681786627,15,8,7,0.06666666666666667,0,6,15,15,"{1: 128, 2: 62, 3: 53, 4: 34, 5: 21}","{1: 144, 2: 57, 3: 44, 4: 31, 5: 22}"
2.0,0.06,0.06,15,False,True,0.6608775840447808,-0.00038297433445211304,0.18861374681786627,15,8,7,0.06666666666666667,0,6,15,15,"{1: 128, 2: 62, 3: 53, 4: 34, 5: 21}","{1: 144, 2: 57, 3: 44, 4: 31, 5: 22}"
2.0,0.06,0.06,15,True,True,0.6608775840447808,-0.00038297433445211304,0.18861374681786627,15,8,7,0.06666666666666667,0,6,15,15,"{1: 128, 2: 62, 3: 53, 4: 34, 5: 21}","{1: 144, 2: 57, 3: 44, 4: 31, 5: 22}"
2.0,0.06,0.08,15,False,True,0.6608775840447808,-0.00038297433445211304,0.18861374681786627,15,8,7,0.06666666666666667,0,6,15,15,"{1: 127, 2: 64, 3: 52, 4: 34, 5: 21}","{1: 145, 2: 55, 3: 45, 4: 31, 5: 22}"
2.0,0.06,0.08,15,True,True,0.6608775840447808,-0.00038297433445211304,0.18861374681786627,15,8,7,0.06666666666666667,0,6,15,15,"{1: 127, 2: 64, 3: 52, 4: 34, 5: 21}","{1: 145, 2: 55, 3: 45, 4: 31, 5: 22}"
1.0,0.06,0.14,8,False,True,0.6608725497116735,-0.0003880086675593919,0.14555200938628549,8,5,3,0.25,0,3,1,1,"{1: 124, 2: 59, 3: 58, 4: 35, 5: 22}","{1: 135, 2: 64, 3: 44, 4: 32, 5: 23}"
1.0,0.06,0.14,8,True,True,0.6608725497116735,-0.0003880086675593919,0.14555200938628549,8,5,3,0.25,0,3,1,1,"{1: 124, 2: 59, 3: 58, 4: 35, 5: 22}","{1: 135, 2: 64, 3: 44, 4: 32, 5: 23}"
2.0,0.06,0.1,10,False,False,0.6608669691212306,-0.0003935892580023692,0.16233053287621838,10,5,5,0.0,0,0,8,6,"{1: 126, 2: 61, 3: 55, 4: 34, 5: 22}","{1: 138, 2: 62, 3: 44, 4: 31, 5: 23}"
2.0,0.06,0.1,10,True,False,0.6608669691212306,-0.0003935892580023692,0.16233053287621838,10,5,5,0.0,0,0,8,6,"{1: 126, 2: 61, 3: 55, 4: 34, 5: 22}","{1: 138, 2: 62, 3: 44, 4: 31, 5: 23}"
2.0,0.06,0.04,10,False,False,0.6608669691212306,-0.0003935892580023692,0.1785466327239065,10,5,5,0.0,0,0,10,10,"{1: 127, 2: 60, 3: 56, 4: 33, 5: 22}","{1: 142, 2: 58, 3: 44, 4: 31, 5: 23}"
2.0,0.06,0.04,10,True,False,0.6608669691212306,-0.0003935892580023692,0.1785466327239065,10,5,5,0.0,0,0,10,10,"{1: 127, 2: 60, 3: 56, 4: 33, 5: 22}","{1: 142, 2: 58, 3: 44, 4: 31, 5: 23}"
2.0,0.06,0.06,10,False,False,0.6608669691212306,-0.0003935892580023692,0.1785466327239065,10,5,5,0.0,0,0,10,10,"{1: 127, 2: 60, 3: 56, 4: 33, 5: 22}","{1: 142, 2: 58, 3: 44, 4: 31, 5: 23}"
2.0,0.06,0.06,10,True,False,0.6608669691212306,-0.0003935892580023692,0.1785466327239065,10,5,5,0.0,0,0,10,10,"{1: 127, 2: 60, 3: 56, 4: 33, 5: 22}","{1: 142, 2: 58, 3: 44, 4: 31, 5: 23}"
2.0,0.06,0.08,10,False,False,0.6608669691212306,-0.0003935892580023692,0.1785466327239065,10,5,5,0.0,0,0,10,10,"{1: 127, 2: 60, 3: 56, 4: 33, 5: 22}","{1: 142, 2: 58, 3: 44, 4: 31, 5: 23}"
2.0,0.06,0.08,10,True,False,0.6608669691212306,-0.0003935892580023692,0.1785466327239065,10,5,5,0.0,0,0,10,10,"{1: 127, 2: 60, 3: 56, 4: 33, 5: 22}","{1: 142, 2: 58, 3: 44, 4: 31, 5: 23}"
2.0,0.04,0.14,10,False,True,0.6608633267320982,-0.00039723164713467707,0.14555200938628546,10,6,4,0.2,0,3,0,2,"{1: 123, 2: 60, 3: 58, 4: 35, 5: 22}","{1: 135, 2: 64, 3: 44, 4: 33, 5: 22}"
2.0,0.04,0.14,10,True,True,0.6608633267320982,-0.00039723164713467707,0.14555200938628546,10,6,4,0.2,0,3,0,2,"{1: 123, 2: 60, 3: 58, 4: 35, 5: 22}","{1: 135, 2: 64, 3: 44, 4: 33, 5: 22}"
2.0,0.06,0.14,10,False,True,0.6608633267320982,-0.00039723164713467707,0.14890771408427203,10,6,4,0.2,0,4,3,3,"{1: 124, 2: 60, 3: 57, 4: 36, 5: 21}","{1: 136, 2: 63, 3: 44, 4: 33, 5: 22}"
2.0,0.06,0.14,10,True,True,0.6608633267320982,-0.00039723164713467707,0.14890771408427203,10,6,4,0.2,0,4,3,3,"{1: 124, 2: 60, 3: 57, 4: 36, 5: 21}","{1: 136, 2: 63, 3: 44, 4: 33, 5: 22}"
1.0,0.04,0.14,8,False,True,0.6608434908273946,-0.000417067551838346,0.14555200938628546,7,4,3,0.14285714285714285,0,2,0,1,"{1: 123, 2: 60, 3: 58, 4: 35, 5: 22}","{1: 135, 2: 64, 3: 44, 4: 32, 5: 23}"
1.0,0.04,0.14,8,True,True,0.6608434908273946,-0.000417067551838346,0.14555200938628546,7,4,3,0.14285714285714285,0,2,0,1,"{1: 123, 2: 60, 3: 58, 4: 35, 5: 22}","{1: 135, 2: 64, 3: 44, 4: 32, 5: 23}"
1.0,0.04,0.14,10,False,True,0.6608434908273946,-0.000417067551838346,0.14555200938628546,7,4,3,0.14285714285714285,0,2,0,1,"{1: 123, 2: 60, 3: 58, 4: 35, 5: 22}","{1: 135, 2: 64, 3: 44, 4: 32, 5: 23}"
1.0,0.04,0.14,10,True,True,0.6608434908273946,-0.000417067551838346,0.14555200938628546,7,4,3,0.14285714285714285,0,2,0,1,"{1: 123, 2: 60, 3: 58, 4: 35, 5: 22}","{1: 135, 2: 64, 3: 44, 4: 32, 5: 23}"
1.0,0.04,0.14,12,False,True,0.6608434908273946,-0.000417067551838346,0.14555200938628546,7,4,3,0.14285714285714285,0,2,0,1,"{1: 123, 2: 60, 3: 58, 4: 35, 5: 22}","{1: 135, 2: 64, 3: 44, 4: 32, 5: 23}"
1.0,0.04,0.14,12,True,True,0.6608434908273946,-0.000417067551838346,0.14555200938628546,7,4,3,0.14285714285714285,0,2,0,1,"{1: 123, 2: 60, 3: 58, 4: 35, 5: 22}","{1: 135, 2: 64, 3: 44, 4: 32, 5: 23}"
1.0,0.04,0.14,15,False,True,0.6608434908273946,-0.000417067551838346,0.14555200938628546,7,4,3,0.14285714285714285,0,2,0,1,"{1: 123, 2: 60, 3: 58, 4: 35, 5: 22}","{1: 135, 2: 64, 3: 44, 4: 32, 5: 23}"
1.0,0.04,0.14,15,True,True,0.6608434908273946,-0.000417067551838346,0.14555200938628546,7,4,3,0.14285714285714285,0,2,0,1,"{1: 123, 2: 60, 3: 58, 4: 35, 5: 22}","{1: 135, 2: 64, 3: 44, 4: 32, 5: 23}"
1.0,0.06,0.14,12,False,True,0.6608250468979777,-0.0004355114812552019,0.14555200938628549,11,6,5,0.09090909090909091,0,3,1,1,"{1: 124, 2: 59, 3: 58, 4: 35, 5: 22}","{1: 135, 2: 64, 3: 44, 4: 32, 5: 23}"
1.0,0.06,0.14,12,True,True,0.6608250468979777,-0.0004355114812552019,0.14555200938628549,11,6,5,0.09090909090909091,0,3,1,1,"{1: 124, 2: 59, 3: 58, 4: 35, 5: 22}","{1: 135, 2: 64, 3: 44, 4: 32, 5: 23}"
1.0,0.06,0.14,15,False,True,0.6608250468979777,-0.0004355114812552019,0.14555200938628549,11,6,5,0.09090909090909091,0,3,1,1,"{1: 124, 2: 59, 3: 58, 4: 35, 5: 22}","{1: 135, 2: 64, 3: 44, 4: 32, 5: 23}"
1.0,0.06,0.14,15,True,True,0.6608250468979777,-0.0004355114812552019,0.14555200938628549,11,6,5,0.09090909090909091,0,3,1,1,"{1: 124, 2: 59, 3: 58, 4: 35, 5: 22}","{1: 135, 2: 64, 3: 44, 4: 32, 5: 23}"
0.5,0.025,0.1,4,False,False,0.6608236648411534,-0.00043689353807951914,0.14555200938628546,4,2,2,0.0,0,0,0,1,"{1: 123, 2: 60, 3: 58, 4: 35, 5: 22}","{1: 135, 2: 64, 3: 44, 4: 32, 5: 23}"
0.5,0.025,0.1,4,True,False,0.6608236648411534,-0.00043689353807951914,0.14555200938628546,4,2,2,0.0,0,0,0,1,"{1: 123, 2: 60, 3: 58, 4: 35, 5: 22}","{1: 135, 2: 64, 3: 44, 4: 32, 5: 23}"
2.0,0.04,0.14,4,False,True,0.6608236648411534,-0.00043689353807951914,0.14555200938628546,4,2,2,0.0,0,1,0,2,"{1: 123, 2: 60, 3: 58, 4: 35, 5: 22}","{1: 135, 2: 64, 3: 44, 4: 33, 5: 22}"
2.0,0.04,0.14,4,True,True,0.6608236648411534,-0.00043689353807951914,0.14555200938628546,4,2,2,0.0,0,1,0,2,"{1: 123, 2: 60, 3: 58, 4: 35, 5: 22}","{1: 135, 2: 64, 3: 44, 4: 33, 5: 22}"
1.0,0.08,0.14,4,False,False,0.6608236648411534,-0.00043689353807951914,0.14555200938628549,4,1,3,-0.5,0,0,1,1,"{1: 124, 2: 59, 3: 58, 4: 35, 5: 22}","{1: 135, 2: 64, 3: 44, 4: 32, 5: 23}"
1.0,0.08,0.14,4,True,False,0.6608236648411534,-0.00043689353807951914,0.14555200938628549,4,1,3,-0.5,0,0,1,1,"{1: 124, 2: 59, 3: 58, 4: 35, 5: 22}","{1: 135, 2: 64, 3: 44, 4: 32, 5: 23}"
2.0,0.025,0.14,4,False,False,0.6608236648411534,-0.00043689353807951914,0.14555200938628549,4,2,2,0.0,0,0,0,0,"{1: 123, 2: 60, 3: 58, 4: 35, 5: 22}","{1: 134, 2: 65, 3: 44, 4: 32, 5: 23}"
2.0,0.025,0.14,4,False,True,0.6608236648411534,-0.00043689353807951914,0.14555200938628549,4,2,2,0.0,0,0,0,1,"{1: 123, 2: 60, 3: 58, 4: 35, 5: 22}","{1: 134, 2: 65, 3: 44, 4: 33, 5: 22}"
2.0,0.025,0.14,4,True,False,0.6608236648411534,-0.00043689353807951914,0.14555200938628549,4,2,2,0.0,0,0,0,0,"{1: 123, 2: 60, 3: 58, 4: 35, 5: 22}","{1: 134, 2: 65, 3: 44, 4: 32, 5: 23}"
2.0,0.025,0.14,4,True,True,0.6608236648411534,-0.00043689353807951914,0.14555200938628549,4,2,2,0.0,0,0,0,1,"{1: 123, 2: 60, 3: 58, 4: 35, 5: 22}","{1: 134, 2: 65, 3: 44, 4: 33, 5: 22}"
0.5,0.025,0.08,4,False,False,0.6608236648411534,-0.00043689353807951914,0.14890771408427203,4,2,2,0.0,0,0,3,1,"{1: 125, 2: 59, 3: 57, 4: 35, 5: 22}","{1: 135, 2: 64, 3: 44, 4: 32, 5: 23}"
0.5,0.025,0.08,4,True,False,0.6608236648411534,-0.00043689353807951914,0.14890771408427203,4,2,2,0.0,0,0,3,1,"{1: 125, 2: 59, 3: 57, 4: 35, 5: 22}","{1: 135, 2: 64, 3: 44, 4: 32, 5: 23}"
0.5,0.04,0.1,4,False,True,0.6608236648411534,-0.00043689353807951914,0.14890771408427203,4,2,2,0.0,0,1,1,4,"{1: 123, 2: 61, 3: 57, 4: 35, 5: 22}","{1: 137, 2: 62, 3: 44, 4: 33, 5: 22}"
0.5,0.04,0.1,4,True,True,0.6608236648411534,-0.00043689353807951914,0.14890771408427203,4,2,2,0.0,0,1,1,4,"{1: 123, 2: 61, 3: 57, 4: 35, 5: 22}","{1: 137, 2: 62, 3: 44, 4: 33, 5: 22}"
2.0,0.025,0.1,4,False,False,0.6608236648411534,-0.00043689353807951914,0.14890771408427203,4,2,2,0.0,0,0,3,1,"{1: 125, 2: 59, 3: 57, 4: 35, 5: 22}","{1: 135, 2: 64, 3: 44, 4: 32, 5: 23}"
2.0,0.025,0.1,4,False,True,0.6608236648411534,-0.00043689353807951914,0.14890771408427203,4,2,2,0.0,0,0,3,2,"{1: 125, 2: 59, 3: 57, 4: 35, 5: 22}","{1: 135, 2: 64, 3: 44, 4: 33, 5: 22}"
2.0,0.025,0.1,4,True,False,0.6608236648411534,-0.00043689353807951914,0.14890771408427203,4,2,2,0.0,0,0,3,1,"{1: 125, 2: 59, 3: 57, 4: 35, 5: 22}","{1: 135, 2: 64, 3: 44, 4: 32, 5: 23}"
2.0,0.025,0.1,4,True,True,0.6608236648411534,-0.00043689353807951914,0.14890771408427203,4,2,2,0.0,0,0,3,2,"{1: 125, 2: 59, 3: 57, 4: 35, 5: 22}","{1: 135, 2: 64, 3: 44, 4: 33, 5: 22}"
2.0,0.08,0.14,4,False,False,0.6608236648411534,-0.00043689353807951914,0.14890771408427203,4,1,3,-0.5,0,0,2,2,"{1: 124, 2: 60, 3: 57, 4: 35, 5: 22}","{1: 136, 2: 63, 3: 44, 4: 32, 5: 23}"
2.0,0.08,0.14,4,True,False,0.6608236648411534,-0.00043689353807951914,0.14890771408427203,4,1,3,-0.5,0,0,2,2,"{1: 124, 2: 60, 3: 57, 4: 35, 5: 22}","{1: 136, 2: 63, 3: 44, 4: 32, 5: 23}"
1.0,0.025,0.1,4,False,False,0.6608236648411534,-0.00043689353807951914,0.14890771408427206,4,2,2,0.0,0,0,2,1,"{1: 124, 2: 60, 3: 57, 4: 35, 5: 22}","{1: 135, 2: 64, 3: 44, 4: 32, 5: 23}"
1.0,0.025,0.1,4,False,True,0.6608236648411534,-0.00043689353807951914,0.14890771408427206,4,2,2,0.0,0,0,2,2,"{1: 124, 2: 60, 3: 57, 4: 35, 5: 22}","{1: 135, 2: 64, 3: 44, 4: 33, 5: 22}"
1.0,0.025,0.1,4,True,False,0.6608236648411534,-0.00043689353807951914,0.14890771408427206,4,2,2,0.0,0,0,2,1,"{1: 124, 2: 60, 3: 57, 4: 35, 5: 22}","{1: 135, 2: 64, 3: 44, 4: 32, 5: 23}"
1.0,0.025,0.1,4,True,True,0.6608236648411534,-0.00043689353807951914,0.14890771408427206,4,2,2,0.0,0,0,2,2,"{1: 124, 2: 60, 3: 57, 4: 35, 5: 22}","{1: 135, 2: 64, 3: 44, 4: 33, 5: 22}"
1.0,0.04,0.1,4,False,True,0.6608236648411534,-0.00043689353807951914,0.15226341878225863,4,2,2,0.0,0,1,3,4,"{1: 124, 2: 61, 3: 56, 4: 35, 5: 22}","{1: 137, 2: 62, 3: 44, 4: 33, 5: 22}"
1.0,0.04,0.1,4,True,True,0.6608236648411534,-0.00043689353807951914,0.15226341878225863,4,2,2,0.0,0,1,3,4,"{1: 124, 2: 61, 3: 56, 4: 35, 5: 22}","{1: 137, 2: 62, 3: 44, 4: 33, 5: 22}"
0.5,0.04,0.04,4,False,True,0.6608236648411534,-0.00043689353807951914,0.15505669983800044,4,2,2,0.0,0,1,4,4,"{1: 125, 2: 60, 3: 56, 4: 35, 5: 22}","{1: 137, 2: 62, 3: 44, 4: 33, 5: 22}"
0.5,0.04,0.04,4,True,True,0.6608236648411534,-0.00043689353807951914,0.15505669983800044,4,2,2,0.0,0,1,4,4,"{1: 125, 2: 60, 3: 56, 4: 35, 5: 22}","{1: 137, 2: 62, 3: 44, 4: 33, 5: 22}"
0.5,0.04,0.06,4,False,True,0.6608236648411534,-0.00043689353807951914,0.15505669983800044,4,2,2,0.0,0,1,4,4,"{1: 125, 2: 60, 3: 56, 4: 35, 5: 22}","{1: 137, 2: 62, 3: 44, 4: 33, 5: 22}"
0.5,0.04,0.06,4,True,True,0.6608236648411534,-0.00043689353807951914,0.15505669983800044,4,2,2,0.0,0,1,4,4,"{1: 125, 2: 60, 3: 56, 4: 35, 5: 22}","{1: 137, 2: 62, 3: 44, 4: 33, 5: 22}"
0.5,0.04,0.08,4,False,True,0.6608236648411534,-0.00043689353807951914,0.15505669983800044,4,2,2,0.0,0,1,4,4,"{1: 125, 2: 60, 3: 56, 4: 35, 5: 22}","{1: 137, 2: 62, 3: 44, 4: 33, 5: 22}"
0.5,0.04,0.08,4,True,True,0.6608236648411534,-0.00043689353807951914,0.15505669983800044,4,2,2,0.0,0,1,4,4,"{1: 125, 2: 60, 3: 56, 4: 35, 5: 22}","{1: 137, 2: 62, 3: 44, 4: 33, 5: 22}"
1.0,0.025,0.04,4,False,True,0.6608236648411534,-0.00043689353807951914,0.15505669983800044,4,2,2,0.0,0,0,4,4,"{1: 125, 2: 60, 3: 56, 4: 35, 5: 22}","{1: 137, 2: 62, 3: 44, 4: 33, 5: 22}"
1.0,0.025,0.04,4,True,True,0.6608236648411534,-0.00043689353807951914,0.15505669983800044,4,2,2,0.0,0,0,4,4,"{1: 125, 2: 60, 3: 56, 4: 35, 5: 22}","{1: 137, 2: 62, 3: 44, 4: 33, 5: 22}"
1.0,0.025,0.06,4,False,True,0.6608236648411534,-0.00043689353807951914,0.15505669983800044,4,2,2,0.0,0,0,4,4,"{1: 125, 2: 60, 3: 56, 4: 35, 5: 22}","{1: 137, 2: 62, 3: 44, 4: 33, 5: 22}"
1.0,0.025,0.06,4,True,True,0.6608236648411534,-0.00043689353807951914,0.15505669983800044,4,2,2,0.0,0,0,4,4,"{1: 125, 2: 60, 3: 56, 4: 35, 5: 22}","{1: 137, 2: 62, 3: 44, 4: 33, 5: 22}"
1.0,0.025,0.08,4,False,True,0.6608236648411534,-0.00043689353807951914,0.15505669983800044,4,2,2,0.0,0,0,4,4,"{1: 125, 2: 60, 3: 56, 4: 35, 5: 22}","{1: 137, 2: 62, 3: 44, 4: 33, 5: 22}"
1.0,0.025,0.08,4,True,True,0.6608236648411534,-0.00043689353807951914,0.15505669983800044,4,2,2,0.0,0,0,4,4,"{1: 125, 2: 60, 3: 56, 4: 35, 5: 22}","{1: 137, 2: 62, 3: 44, 4: 33, 5: 22}"
1.0,0.04,0.04,4,False,True,0.6608236648411534,-0.00043689353807951914,0.15505669983800044,4,2,2,0.0,0,1,4,4,"{1: 125, 2: 60, 3: 56, 4: 35, 5: 22}","{1: 137, 2: 62, 3: 44, 4: 33, 5: 22}"
1.0,0.04,0.04,4,True,True,0.6608236648411534,-0.00043689353807951914,0.15505669983800044,4,2,2,0.0,0,1,4,4,"{1: 125, 2: 60, 3: 56, 4: 35, 5: 22}","{1: 137, 2: 62, 3: 44, 4: 33, 5: 22}"
1.0,0.04,0.06,4,False,True,0.6608236648411534,-0.00043689353807951914,0.15505669983800044,4,2,2,0.0,0,1,4,4,"{1: 125, 2: 60, 3: 56, 4: 35, 5: 22}","{1: 137, 2: 62, 3: 44, 4: 33, 5: 22}"
1.0,0.04,0.06,4,True,True,0.6608236648411534,-0.00043689353807951914,0.15505669983800044,4,2,2,0.0,0,1,4,4,"{1: 125, 2: 60, 3: 56, 4: 35, 5: 22}","{1: 137, 2: 62, 3: 44, 4: 33, 5: 22}"
1.0,0.04,0.08,4,False,True,0.6608236648411534,-0.00043689353807951914,0.15505669983800044,4,2,2,0.0,0,1,4,4,"{1: 125, 2: 60, 3: 56, 4: 35, 5: 22}","{1: 137, 2: 62, 3: 44, 4: 33, 5: 22}"
1.0,0.04,0.08,4,True,True,0.6608236648411534,-0.00043689353807951914,0.15505669983800044,4,2,2,0.0,0,1,4,4,"{1: 125, 2: 60, 3: 56, 4: 35, 5: 22}","{1: 137, 2: 62, 3: 44, 4: 33, 5: 22}"
2.0,0.04,0.04,4,False,True,0.6608236648411534,-0.00043689353807951914,0.15505669983800044,4,2,2,0.0,0,1,4,4,"{1: 125, 2: 60, 3: 56, 4: 35, 5: 22}","{1: 137, 2: 62, 3: 44, 4: 33, 5: 22}"
2.0,0.04,0.04,4,True,True,0.6608236648411534,-0.00043689353807951914,0.15505669983800044,4,2,2,0.0,0,1,4,4,"{1: 125, 2: 60, 3: 56, 4: 35, 5: 22}","{1: 137, 2: 62, 3: 44, 4: 33, 5: 22}"
2.0,0.04,0.06,4,False,True,0.6608236648411534,-0.00043689353807951914,0.15505669983800044,4,2,2,0.0,0,1,4,4,"{1: 125, 2: 60, 3: 56, 4: 35, 5: 22}","{1: 137, 2: 62, 3: 44, 4: 33, 5: 22}"
2.0,0.04,0.06,4,True,True,0.6608236648411534,-0.00043689353807951914,0.15505669983800044,4,2,2,0.0,0,1,4,4,"{1: 125, 2: 60, 3: 56, 4: 35, 5: 22}","{1: 137, 2: 62, 3: 44, 4: 33, 5: 22}"
2.0,0.04,0.08,4,False,True,0.6608236648411534,-0.00043689353807951914,0.15505669983800044,4,2,2,0.0,0,1,4,4,"{1: 125, 2: 60, 3: 56, 4: 35, 5: 22}","{1: 137, 2: 62, 3: 44, 4: 33, 5: 22}"
2.0,0.04,0.08,4,True,True,0.6608236648411534,-0.00043689353807951914,0.15505669983800044,4,2,2,0.0,0,1,4,4,"{1: 125, 2: 60, 3: 56, 4: 35, 5: 22}","{1: 137, 2: 62, 3: 44, 4: 33, 5: 22}"
2.0,0.04,0.1,4,False,True,0.6608236648411534,-0.00043689353807951914,0.15505669983800044,4,2,2,0.0,0,1,4,4,"{1: 125, 2: 60, 3: 56, 4: 35, 5: 22}","{1: 137, 2: 62, 3: 44, 4: 33, 5: 22}"
2.0,0.04,0.1,4,True,True,0.6608236648411534,-0.00043689353807951914,0.15505669983800044,4,2,2,0.0,0,1,4,4,"{1: 125, 2: 60, 3: 56, 4: 35, 5: 22}","{1: 137, 2: 62, 3: 44, 4: 33, 5: 22}"
2.0,0.025,0.04,4,False,True,0.6608236648411534,-0.00043689353807951914,0.15841240453598707,4,2,2,0.0,0,0,4,4,"{1: 126, 2: 58, 3: 57, 4: 35, 5: 22}","{1: 137, 2: 62, 3: 44, 4: 33, 5: 22}"
2.0,0.025,0.04,4,True,True,0.6608236648411534,-0.00043689353807951914,0.15841240453598707,4,2,2,0.0,0,0,4,4,"{1: 126, 2: 58, 3: 57, 4: 35, 5: 22}","{1: 137, 2: 62, 3: 44, 4: 33, 5: 22}"
2.0,0.025,0.06,4,False,True,0.6608236648411534,-0.00043689353807951914,0.15841240453598707,4,2,2,0.0,0,0,4,4,"{1: 126, 2: 58, 3: 57, 4: 35, 5: 22}","{1: 137, 2: 62, 3: 44, 4: 33, 5: 22}"
2.0,0.025,0.06,4,True,True,0.6608236648411534,-0.00043689353807951914,0.15841240453598707,4,2,2,0.0,0,0,4,4,"{1: 126, 2: 58, 3: 57, 4: 35, 5: 22}","{1: 137, 2: 62, 3: 44, 4: 33, 5: 22}"
2.0,0.025,0.08,4,False,True,0.6608236648411534,-0.00043689353807951914,0.15841240453598707,4,2,2,0.0,0,0,4,4,"{1: 126, 2: 58, 3: 57, 4: 35, 5: 22}","{1: 137, 2: 62, 3: 44, 4: 33, 5: 22}"
2.0,0.025,0.08,4,True,True,0.6608236648411534,-0.00043689353807951914,0.15841240453598707,4,2,2,0.0,0,0,4,4,"{1: 126, 2: 58, 3: 57, 4: 35, 5: 22}","{1: 137, 2: 62, 3: 44, 4: 33, 5: 22}"
0.5,0.025,0.04,4,False,False,0.6608236648411534,-0.00043689353807951914,0.16176810923397367,4,2,2,0.0,0,0,4,4,"{1: 126, 2: 58, 3: 57, 4: 35, 5: 22}","{1: 138, 2: 61, 3: 44, 4: 32, 5: 23}"
0.5,0.025,0.04,4,True,False,0.6608236648411534,-0.00043689353807951914,0.16176810923397367,4,2,2,0.0,0,0,4,4,"{1: 126, 2: 58, 3: 57, 4: 35, 5: 22}","{1: 138, 2: 61, 3: 44, 4: 32, 5: 23}"
0.5,0.025,0.06,4,False,False,0.6608236648411534,-0.00043689353807951914,0.16176810923397367,4,2,2,0.0,0,0,4,4,"{1: 126, 2: 58, 3: 57, 4: 35, 5: 22}","{1: 138, 2: 61, 3: 44, 4: 32, 5: 23}"
0.5,0.025,0.06,4,True,False,0.6608236648411534,-0.00043689353807951914,0.16176810923397367,4,2,2,0.0,0,0,4,4,"{1: 126, 2: 58, 3: 57, 4: 35, 5: 22}","{1: 138, 2: 61, 3: 44, 4: 32, 5: 23}"
1.0,0.025,0.04,4,False,False,0.6608236648411534,-0.00043689353807951914,0.16176810923397367,4,2,2,0.0,0,0,4,4,"{1: 126, 2: 58, 3: 57, 4: 35, 5: 22}","{1: 138, 2: 61, 3: 44, 4: 32, 5: 23}"
1.0,0.025,0.04,4,True,False,0.6608236648411534,-0.00043689353807951914,0.16176810923397367,4,2,2,0.0,0,0,4,4,"{1: 126, 2: 58, 3: 57, 4: 35, 5: 22}","{1: 138, 2: 61, 3: 44, 4: 32, 5: 23}"
1.0,0.025,0.06,4,False,False,0.6608236648411534,-0.00043689353807951914,0.16176810923397367,4,2,2,0.0,0,0,4,4,"{1: 126, 2: 58, 3: 57, 4: 35, 5: 22}","{1: 138, 2: 61, 3: 44, 4: 32, 5: 23}"
1.0,0.025,0.06,4,True,False,0.6608236648411534,-0.00043689353807951914,0.16176810923397367,4,2,2,0.0,0,0,4,4,"{1: 126, 2: 58, 3: 57, 4: 35, 5: 22}","{1: 138, 2: 61, 3: 44, 4: 32, 5: 23}"
1.0,0.025,0.08,4,False,False,0.6608236648411534,-0.00043689353807951914,0.16176810923397367,4,2,2,0.0,0,0,4,4,"{1: 126, 2: 58, 3: 57, 4: 35, 5: 22}","{1: 138, 2: 61, 3: 44, 4: 32, 5: 23}"
1.0,0.025,0.08,4,True,False,0.6608236648411534,-0.00043689353807951914,0.16176810923397367,4,2,2,0.0,0,0,4,4,"{1: 126, 2: 58, 3: 57, 4: 35, 5: 22}","{1: 138, 2: 61, 3: 44, 4: 32, 5: 23}"
2.0,0.025,0.04,4,False,False,0.6608236648411534,-0.00043689353807951914,0.16176810923397367,4,2,2,0.0,0,0,4,4,"{1: 126, 2: 58, 3: 57, 4: 35, 5: 22}","{1: 138, 2: 61, 3: 44, 4: 32, 5: 23}"
2.0,0.025,0.04,4,True,False,0.6608236648411534,-0.00043689353807951914,0.16176810923397367,4,2,2,0.0,0,0,4,4,"{1: 126, 2: 58, 3: 57, 4: 35, 5: 22}","{1: 138, 2: 61, 3: 44, 4: 32, 5: 23}"
2.0,0.025,0.06,4,False,False,0.6608236648411534,-0.00043689353807951914,0.16176810923397367,4,2,2,0.0,0,0,4,4,"{1: 126, 2: 58, 3: 57, 4: 35, 5: 22}","{1: 138, 2: 61, 3: 44, 4: 32, 5: 23}"
2.0,0.025,0.06,4,True,False,0.6608236648411534,-0.00043689353807951914,0.16176810923397367,4,2,2,0.0,0,0,4,4,"{1: 126, 2: 58, 3: 57, 4: 35, 5: 22}","{1: 138, 2: 61, 3: 44, 4: 32, 5: 23}"
2.0,0.025,0.08,4,False,False,0.6608236648411534,-0.00043689353807951914,0.16176810923397367,4,2,2,0.0,0,0,4,4,"{1: 126, 2: 58, 3: 57, 4: 35, 5: 22}","{1: 138, 2: 61, 3: 44, 4: 32, 5: 23}"
2.0,0.025,0.08,4,True,False,0.6608236648411534,-0.00043689353807951914,0.16176810923397367,4,2,2,0.0,0,0,4,4,"{1: 126, 2: 58, 3: 57, 4: 35, 5: 22}","{1: 138, 2: 61, 3: 44, 4: 32, 5: 23}"
2.0,0.08,0.04,4,False,False,0.6608236648411534,-0.00043689353807951914,0.16176810923397367,4,1,3,-0.5,0,0,4,4,"{1: 126, 2: 58, 3: 57, 4: 35, 5: 22}","{1: 138, 2: 61, 3: 44, 4: 32, 5: 23}"
2.0,0.08,0.04,4,True,False,0.6608236648411534,-0.00043689353807951914,0.16176810923397367,4,1,3,-0.5,0,0,4,4,"{1: 126, 2: 58, 3: 57, 4: 35, 5: 22}","{1: 138, 2: 61, 3: 44, 4: 32, 5: 23}"
2.0,0.08,0.06,4,False,False,0.6608236648411534,-0.00043689353807951914,0.16176810923397367,4,1,3,-0.5,0,0,4,4,"{1: 126, 2: 58, 3: 57, 4: 35, 5: 22}","{1: 138, 2: 61, 3: 44, 4: 32, 5: 23}"
2.0,0.08,0.06,4,True,False,0.6608236648411534,-0.00043689353807951914,0.16176810923397367,4,1,3,-0.5,0,0,4,4,"{1: 126, 2: 58, 3: 57, 4: 35, 5: 22}","{1: 138, 2: 61, 3: 44, 4: 32, 5: 23}"
2.0,0.08,0.08,4,False,False,0.6608236648411534,-0.00043689353807951914,0.16176810923397367,4,1,3,-0.5,0,0,4,4,"{1: 126, 2: 58, 3: 57, 4: 35, 5: 22}","{1: 138, 2: 61, 3: 44, 4: 32, 5: 23}"
2.0,0.08,0.08,4,True,False,0.6608236648411534,-0.00043689353807951914,0.16176810923397367,4,1,3,-0.5,0,0,4,4,"{1: 126, 2: 58, 3: 57, 4: 35, 5: 22}","{1: 138, 2: 61, 3: 44, 4: 32, 5: 23}"
2.0,0.08,0.1,4,False,False,0.6608236648411534,-0.00043689353807951914,0.16176810923397367,4,1,3,-0.5,0,0,4,4,"{1: 126, 2: 58, 3: 57, 4: 35, 5: 22}","{1: 138, 2: 61, 3: 44, 4: 32, 5: 23}"
2.0,0.08,0.1,4,True,False,0.6608236648411534,-0.00043689353807951914,0.16176810923397367,4,1,3,-0.5,0,0,4,4,"{1: 126, 2: 58, 3: 57, 4: 35, 5: 22}","{1: 138, 2: 61, 3: 44, 4: 32, 5: 23}"
0.5,0.08,0.1,6,False,False,0.6608181162272897,-0.0004424421519432231,0.15841240453598704,6,2,4,-0.3333333333333333,0,0,5,6,"{1: 125, 2: 60, 3: 57, 4: 34, 5: 22}","{1: 138, 2: 62, 3: 44, 4: 31, 5: 23}"
0.5,0.08,0.1,6,True,False,0.6608181162272897,-0.0004424421519432231,0.15841240453598704,6,2,4,-0.3333333333333333,0,0,5,6,"{1: 125, 2: 60, 3: 57, 4: 34, 5: 22}","{1: 138, 2: 62, 3: 44, 4: 31, 5: 23}"
0.5,0.08,0.08,6,False,False,0.6608181162272897,-0.0004424421519432231,0.16176810923397364,6,2,4,-0.3333333333333333,0,0,6,6,"{1: 126, 2: 59, 3: 57, 4: 34, 5: 22}","{1: 138, 2: 62, 3: 44, 4: 31, 5: 23}"
0.5,0.08,0.08,6,True,False,0.6608181162272897,-0.0004424421519432231,0.16176810923397364,6,2,4,-0.3333333333333333,0,0,6,6,"{1: 126, 2: 59, 3: 57, 4: 34, 5: 22}","{1: 138, 2: 62, 3: 44, 4: 31, 5: 23}"
0.5,0.08,0.04,6,False,False,0.6608181162272897,-0.0004424421519432231,0.17183522332793336,6,2,4,-0.3333333333333333,0,0,6,6,"{1: 127, 2: 58, 3: 56, 4: 35, 5: 22}","{1: 140, 2: 59, 3: 44, 4: 32, 5: 23}"
0.5,0.08,0.04,6,True,False,0.6608181162272897,-0.0004424421519432231,0.17183522332793336,6,2,4,-0.3333333333333333,0,0,6,6,"{1: 127, 2: 58, 3: 56, 4: 35, 5: 22}","{1: 140, 2: 59, 3: 44, 4: 32, 5: 23}"
0.5,0.08,0.06,6,False,False,0.6608181162272897,-0.0004424421519432231,0.17183522332793336,6,2,4,-0.3333333333333333,0,0,6,6,"{1: 127, 2: 58, 3: 56, 4: 35, 5: 22}","{1: 140, 2: 59, 3: 44, 4: 32, 5: 23}"
0.5,0.08,0.06,6,True,False,0.6608181162272897,-0.0004424421519432231,0.17183522332793336,6,2,4,-0.3333333333333333,0,0,6,6,"{1: 127, 2: 58, 3: 56, 4: 35, 5: 22}","{1: 140, 2: 59, 3: 44, 4: 32, 5: 23}"
1.0,0.04,0.14,6,False,True,0.6608144448938645,-0.00044611348536838236,0.14555200938628546,6,3,3,0.0,0,2,0,1,"{1: 123, 2: 60, 3: 58, 4: 35, 5: 22}","{1: 135, 2: 64, 3: 44, 4: 32, 5: 23}"
1.0,0.04,0.14,6,True,True,0.6608144448938645,-0.00044611348536838236,0.14555200938628546,6,3,3,0.0,0,2,0,1,"{1: 123, 2: 60, 3: 58, 4: 35, 5: 22}","{1: 135, 2: 64, 3: 44, 4: 32, 5: 23}"
1.0,0.08,0.14,6,False,False,0.6608144448938645,-0.00044611348536838236,0.14555200938628549,6,2,4,-0.3333333333333333,0,0,1,1,"{1: 124, 2: 59, 3: 58, 4: 35, 5: 22}","{1: 135, 2: 64, 3: 44, 4: 32, 5: 23}"
1.0,0.08,0.14,6,True,False,0.6608144448938645,-0.00044611348536838236,0.14555200938628549,6,2,4,-0.3333333333333333,0,0,1,1,"{1: 124, 2: 59, 3: 58, 4: 35, 5: 22}","{1: 135, 2: 64, 3: 44, 4: 32, 5: 23}"
0.5,0.06,0.1,6,False,True,0.6608144448938645,-0.00044611348536838236,0.15841240453598704,6,3,3,0.0,0,2,6,6,"{1: 124, 2: 62, 3: 56, 4: 35, 5: 21}","{1: 139, 2: 60, 3: 44, 4: 33, 5: 22}"
0.5,0.06,0.1,6,True,True,0.6608144448938645,-0.00044611348536838236,0.15841240453598704,6,3,3,0.0,0,2,6,6,"{1: 124, 2: 62, 3: 56, 4: 35, 5: 21}","{1: 139, 2: 60, 3: 44, 4: 33, 5: 22}"
0.5,0.08,0.1,6,False,True,0.6608144448938645,-0.00044611348536838236,0.15841240453598704,6,3,3,0.0,0,2,6,6,"{1: 124, 2: 62, 3: 56, 4: 35, 5: 21}","{1: 139, 2: 60, 3: 44, 4: 33, 5: 22}"
0.5,0.08,0.1,6,True,True,0.6608144448938645,-0.00044611348536838236,0.15841240453598704,6,3,3,0.0,0,2,6,6,"{1: 124, 2: 62, 3: 56, 4: 35, 5: 21}","{1: 139, 2: 60, 3: 44, 4: 33, 5: 22}"
1.0,0.08,0.1,6,False,True,0.6608144448938645,-0.00044611348536838236,0.15897482817823178,6,3,3,0.0,0,2,6,6,"{1: 125, 2: 61, 3: 55, 4: 36, 5: 21}","{1: 138, 2: 62, 3: 43, 4: 33, 5: 22}"
1.0,0.08,0.1,6,True,True,0.6608144448938645,-0.00044611348536838236,0.15897482817823178,6,3,3,0.0,0,2,6,6,"{1: 125, 2: 61, 3: 55, 4: 36, 5: 21}","{1: 138, 2: 62, 3: 43, 4: 33, 5: 22}"
0.5,0.06,0.04,6,False,True,0.6608144448938645,-0.00044611348536838236,0.1651238139319602,6,3,3,0.0,0,2,6,6,"{1: 126, 2: 59, 3: 56, 4: 36, 5: 21}","{1: 139, 2: 60, 3: 44, 4: 33, 5: 22}"
0.5,0.06,0.04,6,True,True,0.6608144448938645,-0.00044611348536838236,0.1651238139319602,6,3,3,0.0,0,2,6,6,"{1: 126, 2: 59, 3: 56, 4: 36, 5: 21}","{1: 139, 2: 60, 3: 44, 4: 33, 5: 22}"
0.5,0.06,0.06,6,False,True,0.6608144448938645,-0.00044611348536838236,0.1651238139319602,6,3,3,0.0,0,2,6,6,"{1: 126, 2: 59, 3: 56, 4: 36, 5: 21}","{1: 139, 2: 60, 3: 44, 4: 33, 5: 22}"
0.5,0.06,0.06,6,True,True,0.6608144448938645,-0.00044611348536838236,0.1651238139319602,6,3,3,0.0,0,2,6,6,"{1: 126, 2: 59, 3: 56, 4: 36, 5: 21}","{1: 139, 2: 60, 3: 44, 4: 33, 5: 22}"
0.5,0.06,0.08,6,False,True,0.6608144448938645,-0.00044611348536838236,0.1651238139319602,6,3,3,0.0,0,2,6,6,"{1: 126, 2: 59, 3: 56, 4: 36, 5: 21}","{1: 139, 2: 60, 3: 44, 4: 33, 5: 22}"
0.5,0.06,0.08,6,True,True,0.6608144448938645,-0.00044611348536838236,0.1651238139319602,6,3,3,0.0,0,2,6,6,"{1: 126, 2: 59, 3: 56, 4: 36, 5: 21}","{1: 139, 2: 60, 3: 44, 4: 33, 5: 22}"
0.5,0.08,0.04,6,False,True,0.6608144448938645,-0.00044611348536838236,0.1651238139319602,6,3,3,0.0,0,2,6,6,"{1: 126, 2: 59, 3: 56, 4: 36, 5: 21}","{1: 139, 2: 60, 3: 44, 4: 33, 5: 22}"
0.5,0.08,0.04,6,True,True,0.6608144448938645,-0.00044611348536838236,0.1651238139319602,6,3,3,0.0,0,2,6,6,"{1: 126, 2: 59, 3: 56, 4: 36, 5: 21}","{1: 139, 2: 60, 3: 44, 4: 33, 5: 22}"
0.5,0.08,0.06,6,False,True,0.6608144448938645,-0.00044611348536838236,0.1651238139319602,6,3,3,0.0,0,2,6,6,"{1: 126, 2: 59, 3: 56, 4: 36, 5: 21}","{1: 139, 2: 60, 3: 44, 4: 33, 5: 22}"
0.5,0.08,0.06,6,True,True,0.6608144448938645,-0.00044611348536838236,0.1651238139319602,6,3,3,0.0,0,2,6,6,"{1: 126, 2: 59, 3: 56, 4: 36, 5: 21}","{1: 139, 2: 60, 3: 44, 4: 33, 5: 22}"
0.5,0.08,0.08,6,False,True,0.6608144448938645,-0.00044611348536838236,0.1651238139319602,6,3,3,0.0,0,2,6,6,"{1: 126, 2: 59, 3: 56, 4: 36, 5: 21}","{1: 139, 2: 60, 3: 44, 4: 33, 5: 22}"
0.5,0.08,0.08,6,True,True,0.6608144448938645,-0.00044611348536838236,0.1651238139319602,6,3,3,0.0,0,2,6,6,"{1: 126, 2: 59, 3: 56, 4: 36, 5: 21}","{1: 139, 2: 60, 3: 44, 4: 33, 5: 22}"
1.0,0.08,0.04,6,False,True,0.6608144448938645,-0.00044611348536838236,0.1651238139319602,6,3,3,0.0,0,2,6,6,"{1: 126, 2: 59, 3: 56, 4: 36, 5: 21}","{1: 139, 2: 60, 3: 44, 4: 33, 5: 22}"
1.0,0.08,0.04,6,True,True,0.6608144448938645,-0.00044611348536838236,0.1651238139319602,6,3,3,0.0,0,2,6,6,"{1: 126, 2: 59, 3: 56, 4: 36, 5: 21}","{1: 139, 2: 60, 3: 44, 4: 33, 5: 22}"
1.0,0.08,0.06,6,False,True,0.6608144448938645,-0.00044611348536838236,0.1651238139319602,6,3,3,0.0,0,2,6,6,"{1: 126, 2: 59, 3: 56, 4: 36, 5: 21}","{1: 139, 2: 60, 3: 44, 4: 33, 5: 22}"
1.0,0.08,0.06,6,True,True,0.6608144448938645,-0.00044611348536838236,0.1651238139319602,6,3,3,0.0,0,2,6,6,"{1: 126, 2: 59, 3: 56, 4: 36, 5: 21}","{1: 139, 2: 60, 3: 44, 4: 33, 5: 22}"
1.0,0.08,0.08,6,False,True,0.6608144448938645,-0.00044611348536838236,0.1651238139319602,6,3,3,0.0,0,2,6,6,"{1: 126, 2: 59, 3: 56, 4: 36, 5: 21}","{1: 139, 2: 60, 3: 44, 4: 33, 5: 22}"
1.0,0.08,0.08,6,True,True,0.6608144448938645,-0.00044611348536838236,0.1651238139319602,6,3,3,0.0,0,2,6,6,"{1: 126, 2: 59, 3: 56, 4: 36, 5: 21}","{1: 139, 2: 60, 3: 44, 4: 33, 5: 22}"
0.5,0.04,0.1,8,False,False,0.6608089016629828,-0.00045165671625013726,0.14890771408427203,8,4,4,0.0,0,0,0,4,"{1: 123, 2: 60, 3: 58, 4: 35, 5: 22}","{1: 137, 2: 63, 3: 43, 4: 32, 5: 23}"
0.5,0.04,0.1,8,True,False,0.6608089016629828,-0.00045165671625013726,0.14890771408427203,8,4,4,0.0,0,0,0,4,"{1: 123, 2: 60, 3: 58, 4: 35, 5: 22}","{1: 137, 2: 63, 3: 43, 4: 32, 5: 23}"
0.5,0.04,0.08,8,False,False,0.6608089016629828,-0.00045165671625013726,0.15505669983800047,8,4,4,0.0,0,0,4,5,"{1: 125, 2: 59, 3: 58, 4: 34, 5: 22}","{1: 137, 2: 63, 3: 44, 4: 31, 5: 23}"
0.5,0.04,0.08,8,True,False,0.6608089016629828,-0.00045165671625013726,0.15505669983800047,8,4,4,0.0,0,0,4,5,"{1: 125, 2: 59, 3: 58, 4: 34, 5: 22}","{1: 137, 2: 63, 3: 44, 4: 31, 5: 23}"
0.5,0.06,0.1,8,False,False,0.6608089016629828,-0.00045165671625013726,0.1556191234802452,8,4,4,0.0,0,0,4,6,"{1: 124, 2: 61, 3: 57, 4: 34, 5: 22}","{1: 138, 2: 62, 3: 44, 4: 31, 5: 23}"
0.5,0.06,0.1,8,True,False,0.6608089016629828,-0.00045165671625013726,0.1556191234802452,8,4,4,0.0,0,0,4,6,"{1: 124, 2: 61, 3: 57, 4: 34, 5: 22}","{1: 138, 2: 62, 3: 44, 4: 31, 5: 23}"
0.5,0.06,0.08,8,False,False,0.6608089016629828,-0.00045165671625013726,0.1651238139319602,8,4,4,0.0,0,0,8,8,"{1: 126, 2: 60, 3: 57, 4: 33, 5: 22}","{1: 139, 2: 61, 3: 45, 4: 30, 5: 23}"
0.5,0.06,0.08,8,True,False,0.6608089016629828,-0.00045165671625013726,0.1651238139319602,8,4,4,0.0,0,0,8,8,"{1: 126, 2: 60, 3: 57, 4: 33, 5: 22}","{1: 139, 2: 61, 3: 45, 4: 30, 5: 23}"
0.5,0.04,0.04,8,False,False,0.6608089016629828,-0.00045165671625013726,0.17519092802591996,8,4,4,0.0,0,0,8,8,"{1: 127, 2: 59, 3: 56, 4: 34, 5: 22}","{1: 141, 2: 59, 3: 43, 4: 32, 5: 23}"
0.5,0.04,0.04,8,True,False,0.6608089016629828,-0.00045165671625013726,0.17519092802591996,8,4,4,0.0,0,0,8,8,"{1: 127, 2: 59, 3: 56, 4: 34, 5: 22}","{1: 141, 2: 59, 3: 43, 4: 32, 5: 23}"
0.5,0.04,0.06,8,False,False,0.6608089016629828,-0.00045165671625013726,0.17519092802591998,8,4,4,0.0,0,0,8,8,"{1: 127, 2: 58, 3: 58, 4: 33, 5: 22}","{1: 141, 2: 59, 3: 43, 4: 32, 5: 23}"
0.5,0.04,0.06,8,True,False,0.6608089016629828,-0.00045165671625013726,0.17519092802591998,8,4,4,0.0,0,0,8,8,"{1: 127, 2: 58, 3: 58, 4: 33, 5: 22}","{1: 141, 2: 59, 3: 43, 4: 32, 5: 23}"
0.5,0.06,0.04,8,False,False,0.6608089016629828,-0.00045165671625013726,0.1785466327239065,8,4,4,0.0,0,0,8,8,"{1: 127, 2: 59, 3: 56, 4: 34, 5: 22}","{1: 142, 2: 57, 3: 44, 4: 32, 5: 23}"
0.5,0.06,0.04,8,True,False,0.6608089016629828,-0.00045165671625013726,0.1785466327239065,8,4,4,0.0,0,0,8,8,"{1: 127, 2: 59, 3: 56, 4: 34, 5: 22}","{1: 142, 2: 57, 3: 44, 4: 32, 5: 23}"
0.5,0.06,0.06,8,False,False,0.6608089016629828,-0.00045165671625013726,0.1785466327239065,8,4,4,0.0,0,0,8,8,"{1: 127, 2: 59, 3: 56, 4: 34, 5: 22}","{1: 142, 2: 57, 3: 44, 4: 32, 5: 23}"
0.5,0.06,0.06,8,True,False,0.6608089016629828,-0.00045165671625013726,0.1785466327239065,8,4,4,0.0,0,0,8,8,"{1: 127, 2: 59, 3: 56, 4: 34, 5: 22}","{1: 142, 2: 57, 3: 44, 4: 32, 5: 23}"
2.0,0.06,0.14,8,False,False,0.6608052244453042,-0.00045533393392871435,0.14890771408427203,8,4,4,0.0,0,0,2,2,"{1: 124, 2: 60, 3: 57, 4: 35, 5: 22}","{1: 136, 2: 63, 3: 44, 4: 32, 5: 23}"
2.0,0.06,0.14,8,True,False,0.6608052244453042,-0.00045533393392871435,0.14890771408427203,8,4,4,0.0,0,0,2,2,"{1: 124, 2: 60, 3: 57, 4: 35, 5: 22}","{1: 136, 2: 63, 3: 44, 4: 32, 5: 23}"
2.0,0.015,0.14,4,False,False,0.6607946305847077,-0.000465927794525256,0.14555200938628549,3,1,2,-0.3333333333333333,0,0,0,0,"{1: 123, 2: 60, 3: 58, 4: 35, 5: 22}","{1: 134, 2: 65, 3: 44, 4: 32, 5: 23}"
2.0,0.015,0.14,4,False,True,0.6607946305847077,-0.000465927794525256,0.14555200938628549,3,1,2,-0.3333333333333333,0,0,0,1,"{1: 123, 2: 60, 3: 58, 4: 35, 5: 22}","{1: 134, 2: 65, 3: 44, 4: 33, 5: 22}"
2.0,0.015,0.14,4,True,False,0.6607946305847077,-0.000465927794525256,0.14555200938628549,3,1,2,-0.3333333333333333,0,0,0,0,"{1: 123, 2: 60, 3: 58, 4: 35, 5: 22}","{1: 134, 2: 65, 3: 44, 4: 32, 5: 23}"
2.0,0.015,0.14,4,True,True,0.6607946305847077,-0.000465927794525256,0.14555200938628549,3,1,2,-0.3333333333333333,0,0,0,1,"{1: 123, 2: 60, 3: 58, 4: 35, 5: 22}","{1: 134, 2: 65, 3: 44, 4: 33, 5: 22}"
2.0,0.015,0.14,6,False,False,0.6607946305847077,-0.000465927794525256,0.14555200938628549,3,1,2,-0.3333333333333333,0,0,0,0,"{1: 123, 2: 60, 3: 58, 4: 35, 5: 22}","{1: 134, 2: 65, 3: 44, 4: 32, 5: 23}"
2.0,0.015,0.14,6,False,True,0.6607946305847077,-0.000465927794525256,0.14555200938628549,3,1,2,-0.3333333333333333,0,0,0,1,"{1: 123, 2: 60, 3: 58, 4: 35, 5: 22}","{1: 134, 2: 65, 3: 44, 4: 33, 5: 22}"
2.0,0.015,0.14,6,True,False,0.6607946305847077,-0.000465927794525256,0.14555200938628549,3,1,2,-0.3333333333333333,0,0,0,0,"{1: 123, 2: 60, 3: 58, 4: 35, 5: 22}","{1: 134, 2: 65, 3: 44, 4: 32, 5: 23}"
2.0,0.015,0.14,6,True,True,0.6607946305847077,-0.000465927794525256,0.14555200938628549,3,1,2,-0.3333333333333333,0,0,0,1,"{1: 123, 2: 60, 3: 58, 4: 35, 5: 22}","{1: 134, 2: 65, 3: 44, 4: 33, 5: 22}"
2.0,0.015,0.14,8,False,False,0.6607946305847077,-0.000465927794525256,0.14555200938628549,3,1,2,-0.3333333333333333,0,0,0,0,"{1: 123, 2: 60, 3: 58, 4: 35, 5: 22}","{1: 134, 2: 65, 3: 44, 4: 32, 5: 23}"
2.0,0.015,0.14,8,False,True,0.6607946305847077,-0.000465927794525256,0.14555200938628549,3,1,2,-0.3333333333333333,0,0,0,1,"{1: 123, 2: 60, 3: 58, 4: 35, 5: 22}","{1: 134, 2: 65, 3: 44, 4: 33, 5: 22}"
2.0,0.015,0.14,8,True,False,0.6607946305847077,-0.000465927794525256,0.14555200938628549,3,1,2,-0.3333333333333333,0,0,0,0,"{1: 123, 2: 60, 3: 58, 4: 35, 5: 22}","{1: 134, 2: 65, 3: 44, 4: 32, 5: 23}"
2.0,0.015,0.14,8,True,True,0.6607946305847077,-0.000465927794525256,0.14555200938628549,3,1,2,-0.3333333333333333,0,0,0,1,"{1: 123, 2: 60, 3: 58, 4: 35, 5: 22}","{1: 134, 2: 65, 3: 44, 4: 33, 5: 22}"
2.0,0.015,0.14,10,False,False,0.6607946305847077,-0.000465927794525256,0.14555200938628549,3,1,2,-0.3333333333333333,0,0,0,0,"{1: 123, 2: 60, 3: 58, 4: 35, 5: 22}","{1: 134, 2: 65, 3: 44, 4: 32, 5: 23}"
2.0,0.015,0.14,10,False,True,0.6607946305847077,-0.000465927794525256,0.14555200938628549,3,1,2,-0.3333333333333333,0,0,0,1,"{1: 123, 2: 60, 3: 58, 4: 35, 5: 22}","{1: 134, 2: 65, 3: 44, 4: 33, 5: 22}"
2.0,0.015,0.14,10,True,False,0.6607946305847077,-0.000465927794525256,0.14555200938628549,3,1,2,-0.3333333333333333,0,0,0,0,"{1: 123, 2: 60, 3: 58, 4: 35, 5: 22}","{1: 134, 2: 65, 3: 44, 4: 32, 5: 23}"
2.0,0.015,0.14,10,True,True,0.6607946305847077,-0.000465927794525256,0.14555200938628549,3,1,2,-0.3333333333333333,0,0,0,1,"{1: 123, 2: 60, 3: 58, 4: 35, 5: 22}","{1: 134, 2: 65, 3: 44, 4: 33, 5: 22}"
2.0,0.015,0.14,12,False,False,0.6607946305847077,-0.000465927794525256,0.14555200938628549,3,1,2,-0.3333333333333333,0,0,0,0,"{1: 123, 2: 60, 3: 58, 4: 35, 5: 22}","{1: 134, 2: 65, 3: 44, 4: 32, 5: 23}"
2.0,0.015,0.14,12,False,True,0.6607946305847077,-0.000465927794525256,0.14555200938628549,3,1,2,-0.3333333333333333,0,0,0,1,"{1: 123, 2: 60, 3: 58, 4: 35, 5: 22}","{1: 134, 2: 65, 3: 44, 4: 33, 5: 22}"
2.0,0.015,0.14,12,True,False,0.6607946305847077,-0.000465927794525256,0.14555200938628549,3,1,2,-0.3333333333333333,0,0,0,0,"{1: 123, 2: 60, 3: 58, 4: 35, 5: 22}","{1: 134, 2: 65, 3: 44, 4: 32, 5: 23}"
2.0,0.015,0.14,12,True,True,0.6607946305847077,-0.000465927794525256,0.14555200938628549,3,1,2,-0.3333333333333333,0,0,0,1,"{1: 123, 2: 60, 3: 58, 4: 35, 5: 22}","{1: 134, 2: 65, 3: 44, 4: 33, 5: 22}"
2.0,0.015,0.14,15,False,False,0.6607946305847077,-0.000465927794525256,0.14555200938628549,3,1,2,-0.3333333333333333,0,0,0,0,"{1: 123, 2: 60, 3: 58, 4: 35, 5: 22}","{1: 134, 2: 65, 3: 44, 4: 32, 5: 23}"
2.0,0.015,0.14,15,False,True,0.6607946305847077,-0.000465927794525256,0.14555200938628549,3,1,2,-0.3333333333333333,0,0,0,1,"{1: 123, 2: 60, 3: 58, 4: 35, 5: 22}","{1: 134, 2: 65, 3: 44, 4: 33, 5: 22}"
2.0,0.015,0.14,15,True,False,0.6607946305847077,-0.000465927794525256,0.14555200938628549,3,1,2,-0.3333333333333333,0,0,0,0,"{1: 123, 2: 60, 3: 58, 4: 35, 5: 22}","{1: 134, 2: 65, 3: 44, 4: 32, 5: 23}"
2.0,0.015,0.14,15,True,True,0.6607946305847077,-0.000465927794525256,0.14555200938628549,3,1,2,-0.3333333333333333,0,0,0,1,"{1: 123, 2: 60, 3: 58, 4: 35, 5: 22}","{1: 134, 2: 65, 3: 44, 4: 33, 5: 22}"
1.0,0.08,0.14,12,False,False,0.6607867820442048,-0.0004737763350280977,0.14555200938628549,12,5,7,-0.16666666666666666,0,0,1,1,"{1: 124, 2: 59, 3: 58, 4: 35, 5: 22}","{1: 135, 2: 64, 3: 44, 4: 32, 5: 23}"
1.0,0.08,0.14,12,True,False,0.6607867820442048,-0.0004737763350280977,0.14555200938628549,12,5,7,-0.16666666666666666,0,0,1,1,"{1: 124, 2: 59, 3: 58, 4: 35, 5: 22}","{1: 135, 2: 64, 3: 44, 4: 32, 5: 23}"
1.0,0.08,0.14,15,False,False,0.6607867820442048,-0.0004737763350280977,0.14555200938628549,12,5,7,-0.16666666666666666,0,0,1,1,"{1: 124, 2: 59, 3: 58, 4: 35, 5: 22}","{1: 135, 2: 64, 3: 44, 4: 32, 5: 23}"
1.0,0.08,0.14,15,True,False,0.6607867820442048,-0.0004737763350280977,0.14555200938628549,12,5,7,-0.16666666666666666,0,0,1,1,"{1: 124, 2: 59, 3: 58, 4: 35, 5: 22}","{1: 135, 2: 64, 3: 44, 4: 32, 5: 23}"
2.0,0.04,0.1,12,False,True,0.6607867820442048,-0.0004737763350280977,0.15561912348024518,12,6,6,0.0,0,5,4,5,"{1: 125, 2: 60, 3: 56, 4: 35, 5: 22}","{1: 137, 2: 63, 3: 43, 4: 33, 5: 22}"
2.0,0.04,0.1,12,True,True,0.6607867820442048,-0.0004737763350280977,0.15561912348024518,12,6,6,0.0,0,5,4,5,"{1: 125, 2: 60, 3: 56, 4: 35, 5: 22}","{1: 137, 2: 63, 3: 43, 4: 33, 5: 22}"
2.0,0.04,0.08,12,False,True,0.6607867820442048,-0.0004737763350280977,0.17519092802591996,12,6,6,0.0,0,5,10,11,"{1: 126, 2: 62, 3: 55, 4: 33, 5: 22}","{1: 142, 2: 58, 3: 44, 4: 32, 5: 22}"
2.0,0.04,0.08,12,True,True,0.6607867820442048,-0.0004737763350280977,0.17519092802591996,12,6,6,0.0,0,5,10,11,"{1: 126, 2: 62, 3: 55, 4: 33, 5: 22}","{1: 142, 2: 58, 3: 44, 4: 32, 5: 22}"
2.0,0.04,0.04,12,False,True,0.6607867820442048,-0.0004737763350280977,0.1785466327239065,12,6,6,0.0,0,5,12,12,"{1: 127, 2: 63, 3: 52, 4: 34, 5: 22}","{1: 142, 2: 59, 3: 43, 4: 32, 5: 22}"
2.0,0.04,0.04,12,True,True,0.6607867820442048,-0.0004737763350280977,0.1785466327239065,12,6,6,0.0,0,5,12,12,"{1: 127, 2: 63, 3: 52, 4: 34, 5: 22}","{1: 142, 2: 59, 3: 43, 4: 32, 5: 22}"
2.0,0.04,0.06,12,False,True,0.6607867820442048,-0.0004737763350280977,0.1785466327239065,12,6,6,0.0,0,5,12,12,"{1: 127, 2: 63, 3: 52, 4: 34, 5: 22}","{1: 142, 2: 59, 3: 43, 4: 32, 5: 22}"
2.0,0.04,0.06,12,True,True,0.6607867820442048,-0.0004737763350280977,0.1785466327239065,12,6,6,0.0,0,5,12,12,"{1: 127, 2: 63, 3: 52, 4: 34, 5: 22}","{1: 142, 2: 59, 3: 43, 4: 32, 5: 22}"
2.0,0.06,0.14,12,False,True,0.6607830884214233,-0.00047746995780961754,0.14890771408427203,12,7,5,0.16666666666666666,0,4,3,3,"{1: 124, 2: 60, 3: 57, 4: 36, 5: 21}","{1: 136, 2: 63, 3: 44, 4: 33, 5: 22}"
2.0,0.06,0.14,12,True,True,0.6607830884214233,-0.00047746995780961754,0.14890771408427203,12,7,5,0.16666666666666666,0,4,3,3,"{1: 124, 2: 60, 3: 57, 4: 36, 5: 21}","{1: 136, 2: 63, 3: 44, 4: 33, 5: 22}"
0.5,0.06,0.14,4,False,True,0.6607526810889381,-0.0005078772902947781,0.14555200938628549,4,2,2,0.0,0,2,0,0,"{1: 123, 2: 60, 3: 58, 4: 35, 5: 22}","{1: 134, 2: 65, 3: 44, 4: 32, 5: 23}"
0.5,0.06,0.14,4,True,True,0.6607526810889381,-0.0005078772902947781,0.14555200938628549,4,2,2,0.0,0,2,0,0,"{1: 123, 2: 60, 3: 58, 4: 35, 5: 22}","{1: 134, 2: 65, 3: 44, 4: 32, 5: 23}"
1.0,0.06,0.14,4,False,True,0.6607526810889381,-0.0005078772902947781,0.14555200938628549,4,2,2,0.0,0,2,1,1,"{1: 124, 2: 59, 3: 58, 4: 35, 5: 22}","{1: 135, 2: 64, 3: 44, 4: 32, 5: 23}"
1.0,0.06,0.14,4,True,True,0.6607526810889381,-0.0005078772902947781,0.14555200938628549,4,2,2,0.0,0,2,1,1,"{1: 124, 2: 59, 3: 58, 4: 35, 5: 22}","{1: 135, 2: 64, 3: 44, 4: 32, 5: 23}"
2.0,0.06,0.14,4,False,True,0.6607526810889381,-0.0005078772902947781,0.14890771408427203,4,2,2,0.0,0,2,3,3,"{1: 124, 2: 60, 3: 57, 4: 36, 5: 21}","{1: 136, 2: 63, 3: 44, 4: 33, 5: 22}"
2.0,0.06,0.14,4,True,True,0.6607526810889381,-0.0005078772902947781,0.14890771408427203,4,2,2,0.0,0,2,3,3,"{1: 124, 2: 60, 3: 57, 4: 36, 5: 21}","{1: 136, 2: 63, 3: 44, 4: 33, 5: 22}"
0.5,0.06,0.1,4,False,True,0.6607526810889381,-0.0005078772902947781,0.15226341878225863,4,2,2,0.0,0,2,4,4,"{1: 124, 2: 61, 3: 56, 4: 36, 5: 21}","{1: 137, 2: 62, 3: 44, 4: 33, 5: 22}"
0.5,0.06,0.1,4,True,True,0.6607526810889381,-0.0005078772902947781,0.15226341878225863,4,2,2,0.0,0,2,4,4,"{1: 124, 2: 61, 3: 56, 4: 36, 5: 21}","{1: 137, 2: 62, 3: 44, 4: 33, 5: 22}"
0.5,0.06,0.04,4,False,True,0.6607526810889381,-0.0005078772902947781,0.15505669983800044,4,2,2,0.0,0,2,4,4,"{1: 125, 2: 60, 3: 56, 4: 35, 5: 22}","{1: 137, 2: 62, 3: 44, 4: 33, 5: 22}"
0.5,0.06,0.04,4,True,True,0.6607526810889381,-0.0005078772902947781,0.15505669983800044,4,2,2,0.0,0,2,4,4,"{1: 125, 2: 60, 3: 56, 4: 35, 5: 22}","{1: 137, 2: 62, 3: 44, 4: 33, 5: 22}"
0.5,0.06,0.06,4,False,True,0.6607526810889381,-0.0005078772902947781,0.15505669983800044,4,2,2,0.0,0,2,4,4,"{1: 125, 2: 60, 3: 56, 4: 35, 5: 22}","{1: 137, 2: 62, 3: 44, 4: 33, 5: 22}"
0.5,0.06,0.06,4,True,True,0.6607526810889381,-0.0005078772902947781,0.15505669983800044,4,2,2,0.0,0,2,4,4,"{1: 125, 2: 60, 3: 56, 4: 35, 5: 22}","{1: 137, 2: 62, 3: 44, 4: 33, 5: 22}"
0.5,0.06,0.08,4,False,True,0.6607526810889381,-0.0005078772902947781,0.15505669983800044,4,2,2,0.0,0,2,4,4,"{1: 125, 2: 60, 3: 56, 4: 35, 5: 22}","{1: 137, 2: 62, 3: 44, 4: 33, 5: 22}"
0.5,0.06,0.08,4,True,True,0.6607526810889381,-0.0005078772902947781,0.15505669983800044,4,2,2,0.0,0,2,4,4,"{1: 125, 2: 60, 3: 56, 4: 35, 5: 22}","{1: 137, 2: 62, 3: 44, 4: 33, 5: 22}"
1.0,0.06,0.04,4,False,True,0.6607526810889381,-0.0005078772902947781,0.15505669983800044,4,2,2,0.0,0,2,4,4,"{1: 125, 2: 59, 3: 57, 4: 36, 5: 21}","{1: 137, 2: 62, 3: 44, 4: 33, 5: 22}"
1.0,0.06,0.04,4,True,True,0.6607526810889381,-0.0005078772902947781,0.15505669983800044,4,2,2,0.0,0,2,4,4,"{1: 125, 2: 59, 3: 57, 4: 36, 5: 21}","{1: 137, 2: 62, 3: 44, 4: 33, 5: 22}"
1.0,0.06,0.06,4,False,True,0.6607526810889381,-0.0005078772902947781,0.15505669983800044,4,2,2,0.0,0,2,4,4,"{1: 125, 2: 59, 3: 57, 4: 36, 5: 21}","{1: 137, 2: 62, 3: 44, 4: 33, 5: 22}"
1.0,0.06,0.06,4,True,True,0.6607526810889381,-0.0005078772902947781,0.15505669983800044,4,2,2,0.0,0,2,4,4,"{1: 125, 2: 59, 3: 57, 4: 36, 5: 21}","{1: 137, 2: 62, 3: 44, 4: 33, 5: 22}"
1.0,0.06,0.08,4,False,True,0.6607526810889381,-0.0005078772902947781,0.15505669983800044,4,2,2,0.0,0,2,4,4,"{1: 125, 2: 59, 3: 57, 4: 36, 5: 21}","{1: 137, 2: 62, 3: 44, 4: 33, 5: 22}"
1.0,0.06,0.08,4,True,True,0.6607526810889381,-0.0005078772902947781,0.15505669983800044,4,2,2,0.0,0,2,4,4,"{1: 125, 2: 59, 3: 57, 4: 36, 5: 21}","{1: 137, 2: 62, 3: 44, 4: 33, 5: 22}"
1.0,0.06,0.1,4,False,True,0.6607526810889381,-0.0005078772902947781,0.15505669983800044,4,2,2,0.0,0,2,4,4,"{1: 125, 2: 59, 3: 57, 4: 36, 5: 21}","{1: 137, 2: 62, 3: 44, 4: 33, 5: 22}"
1.0,0.06,0.1,4,True,True,0.6607526810889381,-0.0005078772902947781,0.15505669983800044,4,2,2,0.0,0,2,4,4,"{1: 125, 2: 59, 3: 57, 4: 36, 5: 21}","{1: 137, 2: 62, 3: 44, 4: 33, 5: 22}"
2.0,0.06,0.04,4,False,True,0.6607526810889381,-0.0005078772902947781,0.15841240453598707,4,2,2,0.0,0,2,4,4,"{1: 126, 2: 57, 3: 58, 4: 36, 5: 21}","{1: 137, 2: 62, 3: 44, 4: 33, 5: 22}"
2.0,0.06,0.04,4,True,True,0.6607526810889381,-0.0005078772902947781,0.15841240453598707,4,2,2,0.0,0,2,4,4,"{1: 126, 2: 57, 3: 58, 4: 36, 5: 21}","{1: 137, 2: 62, 3: 44, 4: 33, 5: 22}"
2.0,0.06,0.06,4,False,True,0.6607526810889381,-0.0005078772902947781,0.15841240453598707,4,2,2,0.0,0,2,4,4,"{1: 126, 2: 57, 3: 58, 4: 36, 5: 21}","{1: 137, 2: 62, 3: 44, 4: 33, 5: 22}"
2.0,0.06,0.06,4,True,True,0.6607526810889381,-0.0005078772902947781,0.15841240453598707,4,2,2,0.0,0,2,4,4,"{1: 126, 2: 57, 3: 58, 4: 36, 5: 21}","{1: 137, 2: 62, 3: 44, 4: 33, 5: 22}"
2.0,0.06,0.08,4,False,True,0.6607526810889381,-0.0005078772902947781,0.15841240453598707,4,2,2,0.0,0,2,4,4,"{1: 126, 2: 57, 3: 58, 4: 36, 5: 21}","{1: 137, 2: 62, 3: 44, 4: 33, 5: 22}"
2.0,0.06,0.08,4,True,True,0.6607526810889381,-0.0005078772902947781,0.15841240453598707,4,2,2,0.0,0,2,4,4,"{1: 126, 2: 57, 3: 58, 4: 36, 5: 21}","{1: 137, 2: 62, 3: 44, 4: 33, 5: 22}"
2.0,0.06,0.1,4,False,True,0.6607526810889381,-0.0005078772902947781,0.15841240453598707,4,2,2,0.0,0,2,4,4,"{1: 126, 2: 57, 3: 58, 4: 36, 5: 21}","{1: 137, 2: 62, 3: 44, 4: 33, 5: 22}"
2.0,0.06,0.1,4,True,True,0.6607526810889381,-0.0005078772902947781,0.15841240453598707,4,2,2,0.0,0,2,4,4,"{1: 126, 2: 57, 3: 58, 4: 36, 5: 21}","{1: 137, 2: 62, 3: 44, 4: 33, 5: 22}"
0.5,0.025,0.1,6,False,False,0.6607471739260424,-0.0005133844531904908,0.14555200938628546,6,3,3,0.0,0,0,0,1,"{1: 123, 2: 60, 3: 58, 4: 35, 5: 22}","{1: 135, 2: 64, 3: 44, 4: 32, 5: 23}"
0.5,0.025,0.1,6,True,False,0.6607471739260424,-0.0005133844531904908,0.14555200938628546,6,3,3,0.0,0,0,0,1,"{1: 123, 2: 60, 3: 58, 4: 35, 5: 22}","{1: 135, 2: 64, 3: 44, 4: 32, 5: 23}"
2.0,0.015,0.1,6,False,True,0.6607471739260424,-0.0005133844531904908,0.14555200938628549,6,2,4,-0.3333333333333333,0,2,2,1,"{1: 125, 2: 58, 3: 58, 4: 35, 5: 22}","{1: 134, 2: 65, 3: 44, 4: 33, 5: 22}"
2.0,0.015,0.1,6,True,True,0.6607471739260424,-0.0005133844531904908,0.14555200938628549,6,2,4,-0.3333333333333333,0,2,2,1,"{1: 125, 2: 58, 3: 58, 4: 35, 5: 22}","{1: 134, 2: 65, 3: 44, 4: 33, 5: 22}"
0.5,0.025,0.08,6,False,False,0.6607471739260424,-0.0005133844531904908,0.14890771408427203,6,3,3,0.0,0,0,3,1,"{1: 125, 2: 59, 3: 57, 4: 35, 5: 22}","{1: 135, 2: 64, 3: 44, 4: 32, 5: 23}"
0.5,0.025,0.08,6,True,False,0.6607471739260424,-0.0005133844531904908,0.14890771408427203,6,3,3,0.0,0,0,3,1,"{1: 125, 2: 59, 3: 57, 4: 35, 5: 22}","{1: 135, 2: 64, 3: 44, 4: 32, 5: 23}"
2.0,0.015,0.08,6,False,True,0.6607471739260424,-0.0005133844531904908,0.1651238139319602,6,2,4,-0.3333333333333333,0,2,5,6,"{1: 126, 2: 59, 3: 56, 4: 35, 5: 22}","{1: 139, 2: 60, 3: 44, 4: 33, 5: 22}"
2.0,0.015,0.08,6,True,True,0.6607471739260424,-0.0005133844531904908,0.1651238139319602,6,2,4,-0.3333333333333333,0,2,5,6,"{1: 126, 2: 59, 3: 56, 4: 35, 5: 22}","{1: 139, 2: 60, 3: 44, 4: 33, 5: 22}"
2.0,0.015,0.04,6,False,True,0.6607471739260424,-0.0005133844531904908,0.1684795186299468,6,2,4,-0.3333333333333333,0,2,6,6,"{1: 127, 2: 58, 3: 56, 4: 35, 5: 22}","{1: 139, 2: 60, 3: 44, 4: 33, 5: 22}"
2.0,0.015,0.04,6,True,True,0.6607471739260424,-0.0005133844531904908,0.1684795186299468,6,2,4,-0.3333333333333333,0,2,6,6,"{1: 127, 2: 58, 3: 56, 4: 35, 5: 22}","{1: 139, 2: 60, 3: 44, 4: 33, 5: 22}"
2.0,0.015,0.06,6,False,True,0.6607471739260424,-0.0005133844531904908,0.1684795186299468,6,2,4,-0.3333333333333333,0,2,6,6,"{1: 127, 2: 58, 3: 56, 4: 35, 5: 22}","{1: 139, 2: 60, 3: 44, 4: 33, 5: 22}"
2.0,0.015,0.06,6,True,True,0.6607471739260424,-0.0005133844531904908,0.1684795186299468,6,2,4,-0.3333333333333333,0,2,6,6,"{1: 127, 2: 58, 3: 56, 4: 35, 5: 22}","{1: 139, 2: 60, 3: 44, 4: 33, 5: 22}"
0.5,0.025,0.04,6,False,False,0.6607471739260424,-0.0005133844531904908,0.17183522332793336,6,3,3,0.0,0,0,6,6,"{1: 127, 2: 58, 3: 56, 4: 35, 5: 22}","{1: 140, 2: 59, 3: 44, 4: 32, 5: 23}"
0.5,0.025,0.04,6,True,False,0.6607471739260424,-0.0005133844531904908,0.17183522332793336,6,3,3,0.0,0,0,6,6,"{1: 127, 2: 58, 3: 56, 4: 35, 5: 22}","{1: 140, 2: 59, 3: 44, 4: 32, 5: 23}"
0.5,0.025,0.06,6,False,False,0.6607471739260424,-0.0005133844531904908,0.17183522332793336,6,3,3,0.0,0,0,6,6,"{1: 127, 2: 58, 3: 56, 4: 35, 5: 22}","{1: 140, 2: 59, 3: 44, 4: 32, 5: 23}"
0.5,0.025,0.06,6,True,False,0.6607471739260424,-0.0005133844531904908,0.17183522332793336,6,3,3,0.0,0,0,6,6,"{1: 127, 2: 58, 3: 56, 4: 35, 5: 22}","{1: 140, 2: 59, 3: 44, 4: 32, 5: 23}"
1.0,0.06,0.14,6,False,True,0.6607434572820414,-0.0005171010971914969,0.14555200938628549,6,3,3,0.0,0,2,1,1,"{1: 124, 2: 59, 3: 58, 4: 35, 5: 22}","{1: 135, 2: 64, 3: 44, 4: 32, 5: 23}"
1.0,0.06,0.14,6,True,True,0.6607434572820414,-0.0005171010971914969,0.14555200938628549,6,3,3,0.0,0,2,1,1,"{1: 124, 2: 59, 3: 58, 4: 35, 5: 22}","{1: 135, 2: 64, 3: 44, 4: 32, 5: 23}"
1.0,0.08,0.14,8,False,False,0.6607342329735584,-0.0005263254056745437,0.14555200938628549,8,3,5,-0.25,0,0,1,1,"{1: 124, 2: 59, 3: 58, 4: 35, 5: 22}","{1: 135, 2: 64, 3: 44, 4: 32, 5: 23}"
1.0,0.08,0.14,8,True,False,0.6607342329735584,-0.0005263254056745437,0.14555200938628549,8,3,5,-0.25,0,0,1,1,"{1: 124, 2: 59, 3: 58, 4: 35, 5: 22}","{1: 135, 2: 64, 3: 44, 4: 32, 5: 23}"
2.0,0.025,0.1,8,False,True,0.6607342329735584,-0.0005263254056745437,0.14890771408427203,8,4,4,0.0,0,3,3,2,"{1: 125, 2: 59, 3: 57, 4: 35, 5: 22}","{1: 135, 2: 64, 3: 44, 4: 33, 5: 22}"
2.0,0.025,0.1,8,True,True,0.6607342329735584,-0.0005263254056745437,0.14890771408427203,8,4,4,0.0,0,3,3,2,"{1: 125, 2: 59, 3: 57, 4: 35, 5: 22}","{1: 135, 2: 64, 3: 44, 4: 33, 5: 22}"
2.0,0.025,0.08,8,False,True,0.6607342329735584,-0.0005263254056745437,0.1684795186299468,8,4,4,0.0,0,3,7,7,"{1: 126, 2: 61, 3: 54, 4: 35, 5: 22}","{1: 140, 2: 59, 3: 44, 4: 33, 5: 22}"
2.0,0.025,0.08,8,True,True,0.6607342329735584,-0.0005263254056745437,0.1684795186299468,8,4,4,0.0,0,3,7,7,"{1: 126, 2: 61, 3: 54, 4: 35, 5: 22}","{1: 140, 2: 59, 3: 44, 4: 33, 5: 22}"
2.0,0.025,0.04,8,False,True,0.6607342329735584,-0.0005263254056745437,0.17183522332793338,8,4,4,0.0,0,3,8,8,"{1: 127, 2: 60, 3: 54, 4: 35, 5: 22}","{1: 140, 2: 60, 3: 43, 4: 33, 5: 22}"
2.0,0.025,0.04,8,True,True,0.6607342329735584,-0.0005263254056745437,0.17183522332793338,8,4,4,0.0,0,3,8,8,"{1: 127, 2: 60, 3: 54, 4: 35, 5: 22}","{1: 140, 2: 60, 3: 43, 4: 33, 5: 22}"
2.0,0.025,0.06,8,False,True,0.6607342329735584,-0.0005263254056745437,0.17183522332793338,8,4,4,0.0,0,3,8,8,"{1: 127, 2: 60, 3: 54, 4: 35, 5: 22}","{1: 140, 2: 60, 3: 43, 4: 33, 5: 22}"
2.0,0.025,0.06,8,True,True,0.6607342329735584,-0.0005263254056745437,0.17183522332793338,8,4,4,0.0,0,3,8,8,"{1: 127, 2: 60, 3: 54, 4: 35, 5: 22}","{1: 140, 2: 60, 3: 43, 4: 33, 5: 22}"
1.0,0.04,0.1,10,False,False,0.6607287365863588,-0.0005318217928741431,0.15226341878225863,10,5,5,0.0,0,0,2,4,"{1: 124, 2: 60, 3: 57, 4: 35, 5: 22}","{1: 137, 2: 63, 3: 43, 4: 32, 5: 23}"
1.0,0.04,0.1,10,True,False,0.6607287365863588,-0.0005318217928741431,0.15226341878225863,10,5,5,0.0,0,0,2,4,"{1: 124, 2: 60, 3: 57, 4: 35, 5: 22}","{1: 137, 2: 63, 3: 43, 4: 32, 5: 23}"
2.0,0.04,0.1,10,False,False,0.6607287365863588,-0.0005318217928741431,0.15505669983800044,10,5,5,0.0,0,0,3,4,"{1: 125, 2: 59, 3: 57, 4: 35, 5: 22}","{1: 137, 2: 63, 3: 43, 4: 32, 5: 23}"
2.0,0.04,0.1,10,True,False,0.6607287365863588,-0.0005318217928741431,0.15505669983800044,10,5,5,0.0,0,0,3,4,"{1: 125, 2: 59, 3: 57, 4: 35, 5: 22}","{1: 137, 2: 63, 3: 43, 4: 32, 5: 23}"
1.0,0.06,0.1,10,False,False,0.6607287365863588,-0.0005318217928741431,0.16233053287621838,10,5,5,0.0,0,0,7,6,"{1: 125, 2: 62, 3: 55, 4: 34, 5: 22}","{1: 138, 2: 62, 3: 44, 4: 31, 5: 23}"
1.0,0.06,0.1,10,True,False,0.6607287365863588,-0.0005318217928741431,0.16233053287621838,10,5,5,0.0,0,0,7,6,"{1: 125, 2: 62, 3: 55, 4: 34, 5: 22}","{1: 138, 2: 62, 3: 44, 4: 31, 5: 23}"
2.0,0.08,0.1,10,False,False,0.6607287365863588,-0.0005318217928741431,0.16847951862994678,10,4,6,-0.2,0,0,10,7,"{1: 128, 2: 59, 3: 55, 4: 34, 5: 22}","{1: 138, 2: 62, 3: 45, 4: 30, 5: 23}"
2.0,0.08,0.1,10,True,False,0.6607287365863588,-0.0005318217928741431,0.16847951862994678,10,4,6,-0.2,0,0,10,7,"{1: 128, 2: 59, 3: 55, 4: 34, 5: 22}","{1: 138, 2: 62, 3: 45, 4: 30, 5: 23}"
1.0,0.04,0.08,10,False,False,0.6607287365863588,-0.0005318217928741431,0.17183522332793336,10,5,5,0.0,0,0,6,9,"{1: 126, 2: 58, 3: 59, 4: 33, 5: 22}","{1: 141, 2: 59, 3: 44, 4: 31, 5: 23}"
1.0,0.04,0.08,10,True,False,0.6607287365863588,-0.0005318217928741431,0.17183522332793336,10,5,5,0.0,0,0,6,9,"{1: 126, 2: 58, 3: 59, 4: 33, 5: 22}","{1: 141, 2: 59, 3: 44, 4: 31, 5: 23}"
2.0,0.04,0.08,10,False,False,0.6607287365863588,-0.0005318217928741431,0.17519092802591998,10,5,5,0.0,0,0,7,10,"{1: 126, 2: 59, 3: 58, 4: 33, 5: 22}","{1: 142, 2: 58, 3: 44, 4: 31, 5: 23}"
2.0,0.04,0.08,10,True,False,0.6607287365863588,-0.0005318217928741431,0.17519092802591998,10,5,5,0.0,0,0,7,10,"{1: 126, 2: 59, 3: 58, 4: 33, 5: 22}","{1: 142, 2: 58, 3: 44, 4: 31, 5: 23}"
1.0,0.04,0.04,10,False,False,0.6607287365863588,-0.0005318217928741431,0.1785466327239065,10,5,5,0.0,0,0,10,10,"{1: 127, 2: 60, 3: 56, 4: 33, 5: 22}","{1: 142, 2: 59, 3: 42, 4: 32, 5: 23}"
1.0,0.04,0.04,10,True,False,0.6607287365863588,-0.0005318217928741431,0.1785466327239065,10,5,5,0.0,0,0,10,10,"{1: 127, 2: 60, 3: 56, 4: 33, 5: 22}","{1: 142, 2: 59, 3: 42, 4: 32, 5: 23}"
1.0,0.04,0.06,10,False,False,0.6607287365863588,-0.0005318217928741431,0.1785466327239065,10,5,5,0.0,0,0,10,10,"{1: 127, 2: 60, 3: 56, 4: 33, 5: 22}","{1: 142, 2: 59, 3: 42, 4: 32, 5: 23}"
1.0,0.04,0.06,10,True,False,0.6607287365863588,-0.0005318217928741431,0.1785466327239065,10,5,5,0.0,0,0,10,10,"{1: 127, 2: 60, 3: 56, 4: 33, 5: 22}","{1: 142, 2: 59, 3: 42, 4: 32, 5: 23}"
1.0,0.06,0.08,10,False,False,0.6607287365863588,-0.0005318217928741431,0.1785466327239065,10,5,5,0.0,0,0,10,10,"{1: 127, 2: 60, 3: 56, 4: 33, 5: 22}","{1: 142, 2: 58, 3: 44, 4: 31, 5: 23}"
1.0,0.06,0.08,10,True,False,0.6607287365863588,-0.0005318217928741431,0.1785466327239065,10,5,5,0.0,0,0,10,10,"{1: 127, 2: 60, 3: 56, 4: 33, 5: 22}","{1: 142, 2: 58, 3: 44, 4: 31, 5: 23}"
2.0,0.04,0.04,10,False,False,0.6607287365863588,-0.0005318217928741431,0.1785466327239065,10,5,5,0.0,0,0,10,10,"{1: 127, 2: 60, 3: 56, 4: 33, 5: 22}","{1: 142, 2: 59, 3: 42, 4: 32, 5: 23}"
2.0,0.04,0.04,10,True,False,0.6607287365863588,-0.0005318217928741431,0.1785466327239065,10,5,5,0.0,0,0,10,10,"{1: 127, 2: 60, 3: 56, 4: 33, 5: 22}","{1: 142, 2: 59, 3: 42, 4: 32, 5: 23}"
2.0,0.04,0.06,10,False,False,0.6607287365863588,-0.0005318217928741431,0.1785466327239065,10,5,5,0.0,0,0,10,10,"{1: 127, 2: 60, 3: 56, 4: 33, 5: 22}","{1: 142, 2: 59, 3: 42, 4: 32, 5: 23}"
2.0,0.04,0.06,10,True,False,0.6607287365863588,-0.0005318217928741431,0.1785466327239065,10,5,5,0.0,0,0,10,10,"{1: 127, 2: 60, 3: 56, 4: 33, 5: 22}","{1: 142, 2: 59, 3: 42, 4: 32, 5: 23}"
2.0,0.08,0.04,10,False,False,0.6607287365863588,-0.0005318217928741431,0.1785466327239065,10,4,6,-0.2,0,0,10,10,"{1: 127, 2: 60, 3: 56, 4: 33, 5: 22}","{1: 142, 2: 58, 3: 44, 4: 31, 5: 23}"
2.0,0.08,0.04,10,True,False,0.6607287365863588,-0.0005318217928741431,0.1785466327239065,10,4,6,-0.2,0,0,10,10,"{1: 127, 2: 60, 3: 56, 4: 33, 5: 22}","{1: 142, 2: 58, 3: 44, 4: 31, 5: 23}"
2.0,0.08,0.06,10,False,False,0.6607287365863588,-0.0005318217928741431,0.1785466327239065,10,4,6,-0.2,0,0,10,10,"{1: 127, 2: 60, 3: 56, 4: 33, 5: 22}","{1: 142, 2: 58, 3: 44, 4: 31, 5: 23}"
2.0,0.08,0.06,10,True,False,0.6607287365863588,-0.0005318217928741431,0.1785466327239065,10,4,6,-0.2,0,0,10,10,"{1: 127, 2: 60, 3: 56, 4: 33, 5: 22}","{1: 142, 2: 58, 3: 44, 4: 31, 5: 23}"
2.0,0.08,0.08,10,False,False,0.6607287365863588,-0.0005318217928741431,0.1785466327239065,10,4,6,-0.2,0,0,10,10,"{1: 127, 2: 60, 3: 56, 4: 33, 5: 22}","{1: 142, 2: 58, 3: 44, 4: 31, 5: 23}"
2.0,0.08,0.08,10,True,False,0.6607287365863588,-0.0005318217928741431,0.1785466327239065,10,4,6,-0.2,0,0,10,10,"{1: 127, 2: 60, 3: 56, 4: 33, 5: 22}","{1: 142, 2: 58, 3: 44, 4: 31, 5: 23}"
1.0,0.06,0.04,10,False,False,0.6607287365863588,-0.0005318217928741431,0.18190233742189313,10,5,5,0.0,0,0,10,10,"{1: 128, 2: 59, 3: 55, 4: 34, 5: 22}","{1: 142, 2: 58, 3: 44, 4: 31, 5: 23}"
1.0,0.06,0.04,10,True,False,0.6607287365863588,-0.0005318217928741431,0.18190233742189313,10,5,5,0.0,0,0,10,10,"{1: 128, 2: 59, 3: 55, 4: 34, 5: 22}","{1: 142, 2: 58, 3: 44, 4: 31, 5: 23}"
1.0,0.06,0.06,10,False,False,0.6607287365863588,-0.0005318217928741431,0.18190233742189313,10,5,5,0.0,0,0,10,10,"{1: 128, 2: 59, 3: 55, 4: 34, 5: 22}","{1: 142, 2: 58, 3: 44, 4: 31, 5: 23}"
1.0,0.06,0.06,10,True,False,0.6607287365863588,-0.0005318217928741431,0.18190233742189313,10,5,5,0.0,0,0,10,10,"{1: 128, 2: 59, 3: 55, 4: 34, 5: 22}","{1: 142, 2: 58, 3: 44, 4: 31, 5: 23}"
1.0,0.04,0.14,4,False,True,0.6606854237179518,-0.0005751346612811181,0.14555200938628546,4,1,3,-0.5,0,1,0,1,"{1: 123, 2: 60, 3: 58, 4: 35, 5: 22}","{1: 135, 2: 64, 3: 44, 4: 32, 5: 23}"
1.0,0.04,0.14,4,True,True,0.6606854237179518,-0.0005751346612811181,0.14555200938628546,4,1,3,-0.5,0,1,0,1,"{1: 123, 2: 60, 3: 58, 4: 35, 5: 22}","{1: 135, 2: 64, 3: 44, 4: 32, 5: 23}"
0.5,0.04,0.14,4,False,True,0.6606854237179518,-0.0005751346612811181,0.14555200938628549,4,1,3,-0.5,0,1,0,0,"{1: 123, 2: 60, 3: 58, 4: 35, 5: 22}","{1: 134, 2: 65, 3: 44, 4: 32, 5: 23}"
0.5,0.04,0.14,4,True,True,0.6606854237179518,-0.0005751346612811181,0.14555200938628549,4,1,3,-0.5,0,1,0,0,"{1: 123, 2: 60, 3: 58, 4: 35, 5: 22}","{1: 134, 2: 65, 3: 44, 4: 32, 5: 23}"
0.5,0.04,0.14,6,False,True,0.6606854237179518,-0.0005751346612811181,0.14555200938628549,4,1,3,-0.5,0,1,0,0,"{1: 123, 2: 60, 3: 58, 4: 35, 5: 22}","{1: 134, 2: 65, 3: 44, 4: 32, 5: 23}"
0.5,0.04,0.14,6,True,True,0.6606854237179518,-0.0005751346612811181,0.14555200938628549,4,1,3,-0.5,0,1,0,0,"{1: 123, 2: 60, 3: 58, 4: 35, 5: 22}","{1: 134, 2: 65, 3: 44, 4: 32, 5: 23}"
0.5,0.04,0.14,8,False,True,0.6606854237179518,-0.0005751346612811181,0.14555200938628549,4,1,3,-0.5,0,1,0,0,"{1: 123, 2: 60, 3: 58, 4: 35, 5: 22}","{1: 134, 2: 65, 3: 44, 4: 32, 5: 23}"
0.5,0.04,0.14,8,True,True,0.6606854237179518,-0.0005751346612811181,0.14555200938628549,4,1,3,-0.5,0,1,0,0,"{1: 123, 2: 60, 3: 58, 4: 35, 5: 22}","{1: 134, 2: 65, 3: 44, 4: 32, 5: 23}"
0.5,0.04,0.14,10,False,True,0.6606854237179518,-0.0005751346612811181,0.14555200938628549,4,1,3,-0.5,0,1,0,0,"{1: 123, 2: 60, 3: 58, 4: 35, 5: 22}","{1: 134, 2: 65, 3: 44, 4: 32, 5: 23}"
0.5,0.04,0.14,10,True,True,0.6606854237179518,-0.0005751346612811181,0.14555200938628549,4,1,3,-0.5,0,1,0,0,"{1: 123, 2: 60, 3: 58, 4: 35, 5: 22}","{1: 134, 2: 65, 3: 44, 4: 32, 5: 23}"
0.5,0.04,0.14,12,False,True,0.6606854237179518,-0.0005751346612811181,0.14555200938628549,4,1,3,-0.5,0,1,0,0,"{1: 123, 2: 60, 3: 58, 4: 35, 5: 22}","{1: 134, 2: 65, 3: 44, 4: 32, 5: 23}"
0.5,0.04,0.14,12,True,True,0.6606854237179518,-0.0005751346612811181,0.14555200938628549,4,1,3,-0.5,0,1,0,0,"{1: 123, 2: 60, 3: 58, 4: 35, 5: 22}","{1: 134, 2: 65, 3: 44, 4: 32, 5: 23}"
0.5,0.04,0.14,15,False,True,0.6606854237179518,-0.0005751346612811181,0.14555200938628549,4,1,3,-0.5,0,1,0,0,"{1: 123, 2: 60, 3: 58, 4: 35, 5: 22}","{1: 134, 2: 65, 3: 44, 4: 32, 5: 23}"
0.5,0.04,0.14,15,True,True,0.6606854237179518,-0.0005751346612811181,0.14555200938628549,4,1,3,-0.5,0,1,0,0,"{1: 123, 2: 60, 3: 58, 4: 35, 5: 22}","{1: 134, 2: 65, 3: 44, 4: 32, 5: 23}"
2.0,0.015,0.1,4,False,False,0.6606854237179518,-0.0005751346612811181,0.14555200938628549,4,1,3,-0.5,0,0,2,0,"{1: 125, 2: 58, 3: 58, 4: 35, 5: 22}","{1: 134, 2: 65, 3: 44, 4: 32, 5: 23}"
2.0,0.015,0.1,4,True,False,0.6606854237179518,-0.0005751346612811181,0.14555200938628549,4,1,3,-0.5,0,0,2,0,"{1: 125, 2: 58, 3: 58, 4: 35, 5: 22}","{1: 134, 2: 65, 3: 44, 4: 32, 5: 23}"
2.0,0.015,0.04,4,False,False,0.6606854237179518,-0.0005751346612811181,0.16176810923397367,4,1,3,-0.5,0,0,4,4,"{1: 126, 2: 58, 3: 57, 4: 35, 5: 22}","{1: 138, 2: 61, 3: 44, 4: 32, 5: 23}"
2.0,0.015,0.04,4,True,False,0.6606854237179518,-0.0005751346612811181,0.16176810923397367,4,1,3,-0.5,0,0,4,4,"{1: 126, 2: 58, 3: 57, 4: 35, 5: 22}","{1: 138, 2: 61, 3: 44, 4: 32, 5: 23}"
2.0,0.015,0.06,4,False,False,0.6606854237179518,-0.0005751346612811181,0.16176810923397367,4,1,3,-0.5,0,0,4,4,"{1: 126, 2: 58, 3: 57, 4: 35, 5: 22}","{1: 138, 2: 61, 3: 44, 4: 32, 5: 23}"
2.0,0.015,0.06,4,True,False,0.6606854237179518,-0.0005751346612811181,0.16176810923397367,4,1,3,-0.5,0,0,4,4,"{1: 126, 2: 58, 3: 57, 4: 35, 5: 22}","{1: 138, 2: 61, 3: 44, 4: 32, 5: 23}"
2.0,0.015,0.08,4,False,False,0.6606854237179518,-0.0005751346612811181,0.16176810923397367,4,1,3,-0.5,0,0,4,4,"{1: 126, 2: 58, 3: 57, 4: 35, 5: 22}","{1: 138, 2: 61, 3: 44, 4: 32, 5: 23}"
2.0,0.015,0.08,4,True,False,0.6606854237179518,-0.0005751346612811181,0.16176810923397367,4,1,3,-0.5,0,0,4,4,"{1: 126, 2: 58, 3: 57, 4: 35, 5: 22}","{1: 138, 2: 61, 3: 44, 4: 32, 5: 23}"
0.5,0.08,0.14,6,False,False,0.6606762019424142,-0.0005843564368187559,0.14555200938628549,6,1,5,-0.6666666666666666,0,0,0,0,"{1: 123, 2: 60, 3: 58, 4: 35, 5: 22}","{1: 134, 2: 65, 3: 44, 4: 32, 5: 23}"
0.5,0.08,0.14,6,False,True,0.6606762019424142,-0.0005843564368187559,0.14555200938628549,6,2,4,-0.3333333333333333,0,2,0,0,"{1: 123, 2: 60, 3: 58, 4: 35, 5: 22}","{1: 134, 2: 65, 3: 44, 4: 32, 5: 23}"
0.5,0.08,0.14,6,True,False,0.6606762019424142,-0.0005843564368187559,0.14555200938628549,6,1,5,-0.6666666666666666,0,0,0,0,"{1: 123, 2: 60, 3: 58, 4: 35, 5: 22}","{1: 134, 2: 65, 3: 44, 4: 32, 5: 23}"
0.5,0.08,0.14,6,True,True,0.6606762019424142,-0.0005843564368187559,0.14555200938628549,6,2,4,-0.3333333333333333,0,2,0,0,"{1: 123, 2: 60, 3: 58, 4: 35, 5: 22}","{1: 134, 2: 65, 3: 44, 4: 32, 5: 23}"
2.0,0.025,0.1,6,False,True,0.6606762019424142,-0.0005843564368187559,0.14890771408427203,6,3,3,0.0,0,2,3,2,"{1: 125, 2: 59, 3: 57, 4: 35, 5: 22}","{1: 135, 2: 64, 3: 44, 4: 33, 5: 22}"
2.0,0.025,0.1,6,True,True,0.6606762019424142,-0.0005843564368187559,0.14890771408427203,6,3,3,0.0,0,2,3,2,"{1: 125, 2: 59, 3: 57, 4: 35, 5: 22}","{1: 135, 2: 64, 3: 44, 4: 33, 5: 22}"
2.0,0.08,0.14,6,False,False,0.6606762019424142,-0.0005843564368187559,0.14890771408427203,6,2,4,-0.3333333333333333,0,0,2,2,"{1: 124, 2: 60, 3: 57, 4: 35, 5: 22}","{1: 136, 2: 63, 3: 44, 4: 32, 5: 23}"
2.0,0.08,0.14,6,True,False,0.6606762019424142,-0.0005843564368187559,0.14890771408427203,6,2,4,-0.3333333333333333,0,0,2,2,"{1: 124, 2: 60, 3: 57, 4: 35, 5: 22}","{1: 136, 2: 63, 3: 44, 4: 32, 5: 23}"
1.0,0.025,0.1,6,False,True,0.6606762019424142,-0.0005843564368187559,0.14890771408427206,6,3,3,0.0,0,2,2,2,"{1: 124, 2: 60, 3: 57, 4: 35, 5: 22}","{1: 135, 2: 64, 3: 44, 4: 33, 5: 22}"
1.0,0.025,0.1,6,True,True,0.6606762019424142,-0.0005843564368187559,0.14890771408427206,6,3,3,0.0,0,2,2,2,"{1: 124, 2: 60, 3: 57, 4: 35, 5: 22}","{1: 135, 2: 64, 3: 44, 4: 33, 5: 22}"
1.0,0.08,0.1,6,False,False,0.6606762019424142,-0.0005843564368187559,0.1589748281782318,6,2,4,-0.3333333333333333,0,0,6,6,"{1: 125, 2: 61, 3: 56, 4: 34, 5: 22}","{1: 138, 2: 62, 3: 44, 4: 31, 5: 23}"
1.0,0.08,0.1,6,True,False,0.6606762019424142,-0.0005843564368187559,0.1589748281782318,6,2,4,-0.3333333333333333,0,0,6,6,"{1: 125, 2: 61, 3: 56, 4: 34, 5: 22}","{1: 138, 2: 62, 3: 44, 4: 31, 5: 23}"
2.0,0.08,0.1,6,False,False,0.6606762019424142,-0.0005843564368187559,0.16176810923397364,6,2,4,-0.3333333333333333,0,0,6,6,"{1: 126, 2: 59, 3: 57, 4: 34, 5: 22}","{1: 138, 2: 62, 3: 44, 4: 31, 5: 23}"
2.0,0.08,0.1,6,True,False,0.6606762019424142,-0.0005843564368187559,0.16176810923397364,6,2,4,-0.3333333333333333,0,0,6,6,"{1: 126, 2: 59, 3: 57, 4: 34, 5: 22}","{1: 138, 2: 62, 3: 44, 4: 31, 5: 23}"
1.0,0.025,0.04,6,False,True,0.6606762019424142,-0.0005843564368187559,0.1651238139319602,6,3,3,0.0,0,2,6,6,"{1: 126, 2: 60, 3: 55, 4: 35, 5: 22}","{1: 139, 2: 60, 3: 44, 4: 33, 5: 22}"
1.0,0.025,0.04,6,True,True,0.6606762019424142,-0.0005843564368187559,0.1651238139319602,6,3,3,0.0,0,2,6,6,"{1: 126, 2: 60, 3: 55, 4: 35, 5: 22}","{1: 139, 2: 60, 3: 44, 4: 33, 5: 22}"
1.0,0.025,0.06,6,False,True,0.6606762019424142,-0.0005843564368187559,0.1651238139319602,6,3,3,0.0,0,2,6,6,"{1: 126, 2: 60, 3: 55, 4: 35, 5: 22}","{1: 139, 2: 60, 3: 44, 4: 33, 5: 22}"
1.0,0.025,0.06,6,True,True,0.6606762019424142,-0.0005843564368187559,0.1651238139319602,6,3,3,0.0,0,2,6,6,"{1: 126, 2: 60, 3: 55, 4: 35, 5: 22}","{1: 139, 2: 60, 3: 44, 4: 33, 5: 22}"
1.0,0.025,0.08,6,False,True,0.6606762019424142,-0.0005843564368187559,0.1651238139319602,6,3,3,0.0,0,2,6,6,"{1: 126, 2: 60, 3: 55, 4: 35, 5: 22}","{1: 139, 2: 60, 3: 44, 4: 33, 5: 22}"
1.0,0.025,0.08,6,True,True,0.6606762019424142,-0.0005843564368187559,0.1651238139319602,6,3,3,0.0,0,2,6,6,"{1: 126, 2: 60, 3: 55, 4: 35, 5: 22}","{1: 139, 2: 60, 3: 44, 4: 33, 5: 22}"
2.0,0.025,0.04,6,False,True,0.6606762019424142,-0.0005843564368187559,0.1651238139319602,6,3,3,0.0,0,2,6,6,"{1: 126, 2: 60, 3: 55, 4: 35, 5: 22}","{1: 139, 2: 60, 3: 44, 4: 33, 5: 22}"
2.0,0.025,0.04,6,True,True,0.6606762019424142,-0.0005843564368187559,0.1651238139319602,6,3,3,0.0,0,2,6,6,"{1: 126, 2: 60, 3: 55, 4: 35, 5: 22}","{1: 139, 2: 60, 3: 44, 4: 33, 5: 22}"
2.0,0.025,0.06,6,False,True,0.6606762019424142,-0.0005843564368187559,0.1651238139319602,6,3,3,0.0,0,2,6,6,"{1: 126, 2: 60, 3: 55, 4: 35, 5: 22}","{1: 139, 2: 60, 3: 44, 4: 33, 5: 22}"
2.0,0.025,0.06,6,True,True,0.6606762019424142,-0.0005843564368187559,0.1651238139319602,6,3,3,0.0,0,2,6,6,"{1: 126, 2: 60, 3: 55, 4: 35, 5: 22}","{1: 139, 2: 60, 3: 44, 4: 33, 5: 22}"
2.0,0.025,0.08,6,False,True,0.6606762019424142,-0.0005843564368187559,0.1651238139319602,6,3,3,0.0,0,2,6,6,"{1: 126, 2: 60, 3: 55, 4: 35, 5: 22}","{1: 139, 2: 60, 3: 44, 4: 33, 5: 22}"
2.0,0.025,0.08,6,True,True,0.6606762019424142,-0.0005843564368187559,0.1651238139319602,6,3,3,0.0,0,2,6,6,"{1: 126, 2: 60, 3: 55, 4: 35, 5: 22}","{1: 139, 2: 60, 3: 44, 4: 33, 5: 22}"
1.0,0.08,0.04,6,False,False,0.6606762019424142,-0.0005843564368187559,0.17183522332793336,6,2,4,-0.3333333333333333,0,0,6,6,"{1: 127, 2: 58, 3: 56, 4: 35, 5: 22}","{1: 140, 2: 59, 3: 44, 4: 32, 5: 23}"
1.0,0.08,0.04,6,True,False,0.6606762019424142,-0.0005843564368187559,0.17183522332793336,6,2,4,-0.3333333333333333,0,0,6,6,"{1: 127, 2: 58, 3: 56, 4: 35, 5: 22}","{1: 140, 2: 59, 3: 44, 4: 32, 5: 23}"
1.0,0.08,0.06,6,False,False,0.6606762019424142,-0.0005843564368187559,0.17183522332793336,6,2,4,-0.3333333333333333,0,0,6,6,"{1: 127, 2: 58, 3: 56, 4: 35, 5: 22}","{1: 140, 2: 59, 3: 44, 4: 32, 5: 23}"
1.0,0.08,0.06,6,True,False,0.6606762019424142,-0.0005843564368187559,0.17183522332793336,6,2,4,-0.3333333333333333,0,0,6,6,"{1: 127, 2: 58, 3: 56, 4: 35, 5: 22}","{1: 140, 2: 59, 3: 44, 4: 32, 5: 23}"
1.0,0.08,0.08,6,False,False,0.6606762019424142,-0.0005843564368187559,0.17183522332793336,6,2,4,-0.3333333333333333,0,0,6,6,"{1: 127, 2: 58, 3: 56, 4: 35, 5: 22}","{1: 140, 2: 59, 3: 44, 4: 32, 5: 23}"
1.0,0.08,0.08,6,True,False,0.6606762019424142,-0.0005843564368187559,0.17183522332793336,6,2,4,-0.3333333333333333,0,0,6,6,"{1: 127, 2: 58, 3: 56, 4: 35, 5: 22}","{1: 140, 2: 59, 3: 44, 4: 32, 5: 23}"
2.0,0.08,0.04,6,False,False,0.6606762019424142,-0.0005843564368187559,0.17183522332793336,6,2,4,-0.3333333333333333,0,0,6,6,"{1: 127, 2: 58, 3: 56, 4: 35, 5: 22}","{1: 140, 2: 59, 3: 44, 4: 32, 5: 23}"
2.0,0.08,0.04,6,True,False,0.6606762019424142,-0.0005843564368187559,0.17183522332793336,6,2,4,-0.3333333333333333,0,0,6,6,"{1: 127, 2: 58, 3: 56, 4: 35, 5: 22}","{1: 140, 2: 59, 3: 44, 4: 32, 5: 23}"
2.0,0.08,0.06,6,False,False,0.6606762019424142,-0.0005843564368187559,0.17183522332793336,6,2,4,-0.3333333333333333,0,0,6,6,"{1: 127, 2: 58, 3: 56, 4: 35, 5: 22}","{1: 140, 2: 59, 3: 44, 4: 32, 5: 23}"
2.0,0.08,0.06,6,True,False,0.6606762019424142,-0.0005843564368187559,0.17183522332793336,6,2,4,-0.3333333333333333,0,0,6,6,"{1: 127, 2: 58, 3: 56, 4: 35, 5: 22}","{1: 140, 2: 59, 3: 44, 4: 32, 5: 23}"
2.0,0.08,0.08,6,False,False,0.6606762019424142,-0.0005843564368187559,0.17183522332793336,6,2,4,-0.3333333333333333,0,0,6,6,"{1: 127, 2: 58, 3: 56, 4: 35, 5: 22}","{1: 140, 2: 59, 3: 44, 4: 32, 5: 23}"
2.0,0.08,0.08,6,True,False,0.6606762019424142,-0.0005843564368187559,0.17183522332793336,6,2,4,-0.3333333333333333,0,0,6,6,"{1: 127, 2: 58, 3: 56, 4: 35, 5: 22}","{1: 140, 2: 59, 3: 44, 4: 32, 5: 23}"
2.0,0.04,0.14,8,False,True,0.6606669796656102,-0.0005935787136227555,0.14555200938628546,8,4,4,0.0,0,2,0,2,"{1: 123, 2: 60, 3: 58, 4: 35, 5: 22}","{1: 135, 2: 64, 3: 44, 4: 33, 5: 22}"
2.0,0.04,0.14,8,True,True,0.6606669796656102,-0.0005935787136227555,0.14555200938628546,8,4,4,0.0,0,2,0,2,"{1: 123, 2: 60, 3: 58, 4: 35, 5: 22}","{1: 135, 2: 64, 3: 44, 4: 33, 5: 22}"
2.0,0.08,0.14,8,False,False,0.6606669796656102,-0.0005935787136227555,0.14890771408427203,8,3,5,-0.25,0,0,2,2,"{1: 124, 2: 60, 3: 57, 4: 35, 5: 22}","{1: 136, 2: 63, 3: 44, 4: 32, 5: 23}"
2.0,0.08,0.14,8,True,False,0.6606669796656102,-0.0005935787136227555,0.14890771408427203,8,3,5,-0.25,0,0,2,2,"{1: 124, 2: 60, 3: 57, 4: 35, 5: 22}","{1: 136, 2: 63, 3: 44, 4: 32, 5: 23}"
0.5,0.04,0.1,8,False,True,0.6606669796656102,-0.0005935787136227555,0.1522634187822586,8,4,4,0.0,0,2,1,5,"{1: 123, 2: 61, 3: 57, 4: 35, 5: 22}","{1: 137, 2: 63, 3: 43, 4: 33, 5: 22}"
0.5,0.04,0.1,8,True,True,0.6606669796656102,-0.0005935787136227555,0.1522634187822586,8,4,4,0.0,0,2,1,5,"{1: 123, 2: 61, 3: 57, 4: 35, 5: 22}","{1: 137, 2: 63, 3: 43, 4: 33, 5: 22}"
1.0,0.04,0.1,8,False,True,0.6606669796656102,-0.0005935787136227555,0.1556191234802452,8,4,4,0.0,0,2,3,5,"{1: 124, 2: 61, 3: 56, 4: 35, 5: 22}","{1: 137, 2: 63, 3: 43, 4: 33, 5: 22}"
1.0,0.04,0.1,8,True,True,0.6606669796656102,-0.0005935787136227555,0.1556191234802452,8,4,4,0.0,0,2,3,5,"{1: 124, 2: 61, 3: 56, 4: 35, 5: 22}","{1: 137, 2: 63, 3: 43, 4: 33, 5: 22}"
0.5,0.08,0.1,8,False,False,0.6606669796656102,-0.0005935787136227555,0.15841240453598704,8,3,5,-0.25,0,0,5,6,"{1: 125, 2: 60, 3: 57, 4: 34, 5: 22}","{1: 138, 2: 62, 3: 44, 4: 31, 5: 23}"
0.5,0.08,0.1,8,True,False,0.6606669796656102,-0.0005935787136227555,0.15841240453598704,8,3,5,-0.25,0,0,5,6,"{1: 125, 2: 60, 3: 57, 4: 34, 5: 22}","{1: 138, 2: 62, 3: 44, 4: 31, 5: 23}"
0.5,0.04,0.08,8,False,True,0.6606669796656102,-0.0005935787136227555,0.15897482817823175,8,4,4,0.0,0,2,6,6,"{1: 125, 2: 61, 3: 56, 4: 34, 5: 22}","{1: 137, 2: 63, 3: 44, 4: 32, 5: 22}"
0.5,0.04,0.08,8,True,True,0.6606669796656102,-0.0005935787136227555,0.15897482817823175,8,4,4,0.0,0,2,6,6,"{1: 125, 2: 61, 3: 56, 4: 34, 5: 22}","{1: 137, 2: 63, 3: 44, 4: 32, 5: 22}"
0.5,0.06,0.1,8,False,True,0.6606669796656102,-0.0005935787136227555,0.15897482817823178,8,4,4,0.0,0,3,6,8,"{1: 124, 2: 62, 3: 56, 4: 35, 5: 21}","{1: 139, 2: 61, 3: 44, 4: 32, 5: 22}"
0.5,0.06,0.1,8,True,True,0.6606669796656102,-0.0005935787136227555,0.15897482817823178,8,4,4,0.0,0,3,6,8,"{1: 124, 2: 62, 3: 56, 4: 35, 5: 21}","{1: 139, 2: 61, 3: 44, 4: 32, 5: 22}"
1.0,0.08,0.1,8,False,False,0.6606669796656102,-0.0005935787136227555,0.16233053287621838,8,3,5,-0.25,0,0,8,7,"{1: 126, 2: 61, 3: 55, 4: 34, 5: 22}","{1: 138, 2: 62, 3: 45, 4: 30, 5: 23}"
1.0,0.08,0.1,8,True,False,0.6606669796656102,-0.0005935787136227555,0.16233053287621838,8,3,5,-0.25,0,0,8,7,"{1: 126, 2: 61, 3: 55, 4: 34, 5: 22}","{1: 138, 2: 62, 3: 45, 4: 30, 5: 23}"
0.5,0.06,0.08,8,False,True,0.6606669796656102,-0.0005935787136227555,0.16512381393196018,8,4,4,0.0,0,3,8,8,"{1: 126, 2: 61, 3: 54, 4: 36, 5: 21}","{1: 139, 2: 61, 3: 44, 4: 32, 5: 22}"
0.5,0.06,0.08,8,True,True,0.6606669796656102,-0.0005935787136227555,0.16512381393196018,8,4,4,0.0,0,3,8,8,"{1: 126, 2: 61, 3: 54, 4: 36, 5: 21}","{1: 139, 2: 61, 3: 44, 4: 32, 5: 22}"
0.5,0.08,0.08,8,False,False,0.6606669796656102,-0.0005935787136227555,0.1651238139319602,8,3,5,-0.25,0,0,8,8,"{1: 126, 2: 60, 3: 57, 4: 33, 5: 22}","{1: 139, 2: 61, 3: 45, 4: 30, 5: 23}"
0.5,0.08,0.08,8,True,False,0.6606669796656102,-0.0005935787136227555,0.1651238139319602,8,3,5,-0.25,0,0,8,8,"{1: 126, 2: 60, 3: 57, 4: 33, 5: 22}","{1: 139, 2: 61, 3: 45, 4: 30, 5: 23}"
2.0,0.08,0.1,8,False,False,0.6606669796656102,-0.0005935787136227555,0.1651238139319602,8,3,5,-0.25,0,0,8,7,"{1: 127, 2: 59, 3: 56, 4: 34, 5: 22}","{1: 138, 2: 62, 3: 45, 4: 30, 5: 23}"
2.0,0.08,0.1,8,True,False,0.6606669796656102,-0.0005935787136227555,0.1651238139319602,8,3,5,-0.25,0,0,8,7,"{1: 127, 2: 59, 3: 56, 4: 34, 5: 22}","{1: 138, 2: 62, 3: 45, 4: 30, 5: 23}"
1.0,0.04,0.08,8,False,True,0.6606669796656102,-0.0005935787136227555,0.16847951862994678,8,4,4,0.0,0,2,8,8,"{1: 126, 2: 61, 3: 55, 4: 34, 5: 22}","{1: 140, 2: 60, 3: 43, 4: 33, 5: 22}"
1.0,0.04,0.08,8,True,True,0.6606669796656102,-0.0005935787136227555,0.16847951862994678,8,4,4,0.0,0,2,8,8,"{1: 126, 2: 61, 3: 55, 4: 34, 5: 22}","{1: 140, 2: 60, 3: 43, 4: 33, 5: 22}"
0.5,0.06,0.04,8,False,True,0.6606669796656102,-0.0005935787136227555,0.17183522332793336,8,4,4,0.0,0,3,8,8,"{1: 126, 2: 61, 3: 54, 4: 36, 5: 21}","{1: 141, 2: 58, 3: 44, 4: 33, 5: 22}"
0.5,0.06,0.04,8,True,True,0.6606669796656102,-0.0005935787136227555,0.17183522332793336,8,4,4,0.0,0,3,8,8,"{1: 126, 2: 61, 3: 54, 4: 36, 5: 21}","{1: 141, 2: 58, 3: 44, 4: 33, 5: 22}"
0.5,0.06,0.06,8,False,True,0.6606669796656102,-0.0005935787136227555,0.17183522332793336,8,4,4,0.0,0,3,8,8,"{1: 126, 2: 61, 3: 54, 4: 36, 5: 21}","{1: 141, 2: 58, 3: 44, 4: 33, 5: 22}"
0.5,0.06,0.06,8,True,True,0.6606669796656102,-0.0005935787136227555,0.17183522332793336,8,4,4,0.0,0,3,8,8,"{1: 126, 2: 61, 3: 54, 4: 36, 5: 21}","{1: 141, 2: 58, 3: 44, 4: 33, 5: 22}"
1.0,0.04,0.04,8,False,True,0.6606669796656102,-0.0005935787136227555,0.17183522332793338,8,4,4,0.0,0,2,8,8,"{1: 127, 2: 60, 3: 54, 4: 35, 5: 22}","{1: 140, 2: 60, 3: 43, 4: 33, 5: 22}"
1.0,0.04,0.04,8,True,True,0.6606669796656102,-0.0005935787136227555,0.17183522332793338,8,4,4,0.0,0,2,8,8,"{1: 127, 2: 60, 3: 54, 4: 35, 5: 22}","{1: 140, 2: 60, 3: 43, 4: 33, 5: 22}"
1.0,0.04,0.06,8,False,True,0.6606669796656102,-0.0005935787136227555,0.17183522332793338,8,4,4,0.0,0,2,8,8,"{1: 127, 2: 60, 3: 54, 4: 35, 5: 22}","{1: 140, 2: 60, 3: 43, 4: 33, 5: 22}"
1.0,0.04,0.06,8,True,True,0.6606669796656102,-0.0005935787136227555,0.17183522332793338,8,4,4,0.0,0,2,8,8,"{1: 127, 2: 60, 3: 54, 4: 35, 5: 22}","{1: 140, 2: 60, 3: 43, 4: 33, 5: 22}"
0.5,0.04,0.04,8,False,True,0.6606669796656102,-0.0005935787136227555,0.17519092802591996,8,4,4,0.0,0,2,8,8,"{1: 127, 2: 60, 3: 54, 4: 35, 5: 22}","{1: 141, 2: 58, 3: 44, 4: 33, 5: 22}"
0.5,0.04,0.04,8,True,True,0.6606669796656102,-0.0005935787136227555,0.17519092802591996,8,4,4,0.0,0,2,8,8,"{1: 127, 2: 60, 3: 54, 4: 35, 5: 22}","{1: 141, 2: 58, 3: 44, 4: 33, 5: 22}"
0.5,0.04,0.06,8,False,True,0.6606669796656102,-0.0005935787136227555,0.17519092802591996,8,4,4,0.0,0,2,8,8,"{1: 127, 2: 60, 3: 54, 4: 35, 5: 22}","{1: 141, 2: 58, 3: 44, 4: 33, 5: 22}"
0.5,0.04,0.06,8,True,True,0.6606669796656102,-0.0005935787136227555,0.17519092802591996,8,4,4,0.0,0,2,8,8,"{1: 127, 2: 60, 3: 54, 4: 35, 5: 22}","{1: 141, 2: 58, 3: 44, 4: 33, 5: 22}"
1.0,0.08,0.04,8,False,False,0.6606669796656102,-0.0005935787136227555,0.17519092802591996,8,3,5,-0.25,0,0,8,8,"{1: 127, 2: 59, 3: 56, 4: 34, 5: 22}","{1: 141, 2: 59, 3: 43, 4: 32, 5: 23}"
1.0,0.08,0.04,8,True,False,0.6606669796656102,-0.0005935787136227555,0.17519092802591996,8,3,5,-0.25,0,0,8,8,"{1: 127, 2: 59, 3: 56, 4: 34, 5: 22}","{1: 141, 2: 59, 3: 43, 4: 32, 5: 23}"
1.0,0.08,0.06,8,False,False,0.6606669796656102,-0.0005935787136227555,0.17519092802591996,8,3,5,-0.25,0,0,8,8,"{1: 127, 2: 59, 3: 56, 4: 34, 5: 22}","{1: 141, 2: 59, 3: 43, 4: 32, 5: 23}"
1.0,0.08,0.06,8,True,False,0.6606669796656102,-0.0005935787136227555,0.17519092802591996,8,3,5,-0.25,0,0,8,8,"{1: 127, 2: 59, 3: 56, 4: 34, 5: 22}","{1: 141, 2: 59, 3: 43, 4: 32, 5: 23}"
1.0,0.08,0.08,8,False,False,0.6606669796656102,-0.0005935787136227555,0.17519092802591996,8,3,5,-0.25,0,0,8,8,"{1: 127, 2: 59, 3: 56, 4: 34, 5: 22}","{1: 141, 2: 59, 3: 43, 4: 32, 5: 23}"
1.0,0.08,0.08,8,True,False,0.6606669796656102,-0.0005935787136227555,0.17519092802591996,8,3,5,-0.25,0,0,8,8,"{1: 127, 2: 59, 3: 56, 4: 34, 5: 22}","{1: 141, 2: 59, 3: 43, 4: 32, 5: 23}"
2.0,0.08,0.04,8,False,False,0.6606669796656102,-0.0005935787136227555,0.17519092802591996,8,3,5,-0.25,0,0,8,8,"{1: 127, 2: 59, 3: 56, 4: 34, 5: 22}","{1: 141, 2: 59, 3: 43, 4: 32, 5: 23}"
2.0,0.08,0.04,8,True,False,0.6606669796656102,-0.0005935787136227555,0.17519092802591996,8,3,5,-0.25,0,0,8,8,"{1: 127, 2: 59, 3: 56, 4: 34, 5: 22}","{1: 141, 2: 59, 3: 43, 4: 32, 5: 23}"
2.0,0.08,0.06,8,False,False,0.6606669796656102,-0.0005935787136227555,0.17519092802591996,8,3,5,-0.25,0,0,8,8,"{1: 127, 2: 59, 3: 56, 4: 34, 5: 22}","{1: 141, 2: 59, 3: 43, 4: 32, 5: 23}"
2.0,0.08,0.06,8,True,False,0.6606669796656102,-0.0005935787136227555,0.17519092802591996,8,3,5,-0.25,0,0,8,8,"{1: 127, 2: 59, 3: 56, 4: 34, 5: 22}","{1: 141, 2: 59, 3: 43, 4: 32, 5: 23}"
2.0,0.08,0.08,8,False,False,0.6606669796656102,-0.0005935787136227555,0.17519092802591996,8,3,5,-0.25,0,0,8,8,"{1: 127, 2: 59, 3: 56, 4: 34, 5: 22}","{1: 141, 2: 59, 3: 43, 4: 32, 5: 23}"
2.0,0.08,0.08,8,True,False,0.6606669796656102,-0.0005935787136227555,0.17519092802591996,8,3,5,-0.25,0,0,8,8,"{1: 127, 2: 59, 3: 56, 4: 34, 5: 22}","{1: 141, 2: 59, 3: 43, 4: 32, 5: 23}"
0.5,0.08,0.04,8,False,False,0.6606669796656102,-0.0005935787136227555,0.1785466327239065,8,3,5,-0.25,0,0,8,8,"{1: 127, 2: 59, 3: 56, 4: 34, 5: 22}","{1: 142, 2: 57, 3: 44, 4: 32, 5: 23}"
0.5,0.08,0.04,8,True,False,0.6606669796656102,-0.0005935787136227555,0.1785466327239065,8,3,5,-0.25,0,0,8,8,"{1: 127, 2: 59, 3: 56, 4: 34, 5: 22}","{1: 142, 2: 57, 3: 44, 4: 32, 5: 23}"
0.5,0.08,0.06,8,False,False,0.6606669796656102,-0.0005935787136227555,0.1785466327239065,8,3,5,-0.25,0,0,8,8,"{1: 127, 2: 59, 3: 56, 4: 34, 5: 22}","{1: 142, 2: 57, 3: 44, 4: 32, 5: 23}"
0.5,0.08,0.06,8,True,False,0.6606669796656102,-0.0005935787136227555,0.1785466327239065,8,3,5,-0.25,0,0,8,8,"{1: 127, 2: 59, 3: 56, 4: 34, 5: 22}","{1: 142, 2: 57, 3: 44, 4: 32, 5: 23}"
0.5,0.04,0.1,10,False,False,0.6606615259342186,-0.000599032445014358,0.14890771408427203,10,4,6,-0.2,0,0,0,4,"{1: 123, 2: 60, 3: 58, 4: 35, 5: 22}","{1: 137, 2: 63, 3: 43, 4: 32, 5: 23}"
0.5,0.04,0.1,10,True,False,0.6606615259342186,-0.000599032445014358,0.14890771408427203,10,4,6,-0.2,0,0,0,4,"{1: 123, 2: 60, 3: 58, 4: 35, 5: 22}","{1: 137, 2: 63, 3: 43, 4: 32, 5: 23}"
0.5,0.04,0.08,10,False,False,0.6606615259342186,-0.000599032445014358,0.15505669983800047,10,4,6,-0.2,0,0,4,5,"{1: 125, 2: 59, 3: 58, 4: 34, 5: 22}","{1: 137, 2: 63, 3: 44, 4: 31, 5: 23}"
0.5,0.04,0.08,10,True,False,0.6606615259342186,-0.000599032445014358,0.15505669983800047,10,4,6,-0.2,0,0,4,5,"{1: 125, 2: 59, 3: 58, 4: 34, 5: 22}","{1: 137, 2: 63, 3: 44, 4: 31, 5: 23}"
0.5,0.06,0.1,10,False,False,0.6606615259342186,-0.000599032445014358,0.1556191234802452,10,4,6,-0.2,0,0,4,6,"{1: 124, 2: 61, 3: 57, 4: 34, 5: 22}","{1: 138, 2: 62, 3: 44, 4: 31, 5: 23}"
0.5,0.06,0.1,10,True,False,0.6606615259342186,-0.000599032445014358,0.1556191234802452,10,4,6,-0.2,0,0,4,6,"{1: 124, 2: 61, 3: 57, 4: 34, 5: 22}","{1: 138, 2: 62, 3: 44, 4: 31, 5: 23}"
0.5,0.06,0.08,10,False,False,0.6606615259342186,-0.000599032445014358,0.1651238139319602,10,4,6,-0.2,0,0,9,8,"{1: 126, 2: 61, 3: 56, 4: 33, 5: 22}","{1: 139, 2: 61, 3: 45, 4: 30, 5: 23}"
0.5,0.06,0.08,10,True,False,0.6606615259342186,-0.000599032445014358,0.1651238139319602,10,4,6,-0.2,0,0,9,8,"{1: 126, 2: 61, 3: 56, 4: 33, 5: 22}","{1: 139, 2: 61, 3: 45, 4: 30, 5: 23}"
0.5,0.04,0.04,10,False,False,0.6606615259342186,-0.000599032445014358,0.1785466327239065,10,4,6,-0.2,0,0,10,10,"{1: 127, 2: 60, 3: 56, 4: 33, 5: 22}","{1: 142, 2: 59, 3: 42, 4: 32, 5: 23}"
0.5,0.04,0.04,10,True,False,0.6606615259342186,-0.000599032445014358,0.1785466327239065,10,4,6,-0.2,0,0,10,10,"{1: 127, 2: 60, 3: 56, 4: 33, 5: 22}","{1: 142, 2: 59, 3: 42, 4: 32, 5: 23}"
0.5,0.04,0.06,10,False,False,0.6606615259342186,-0.000599032445014358,0.1785466327239065,10,4,6,-0.2,0,0,8,10,"{1: 127, 2: 58, 3: 58, 4: 33, 5: 22}","{1: 142, 2: 59, 3: 42, 4: 32, 5: 23}"
0.5,0.04,0.06,10,True,False,0.6606615259342186,-0.000599032445014358,0.1785466327239065,10,4,6,-0.2,0,0,8,10,"{1: 127, 2: 58, 3: 58, 4: 33, 5: 22}","{1: 142, 2: 59, 3: 42, 4: 32, 5: 23}"
0.5,0.06,0.04,10,False,False,0.6606615259342186,-0.000599032445014358,0.18190233742189313,10,4,6,-0.2,0,0,10,10,"{1: 128, 2: 59, 3: 55, 4: 34, 5: 22}","{1: 142, 2: 58, 3: 44, 4: 31, 5: 23}"
0.5,0.06,0.04,10,True,False,0.6606615259342186,-0.000599032445014358,0.18190233742189313,10,4,6,-0.2,0,0,10,10,"{1: 128, 2: 59, 3: 55, 4: 34, 5: 22}","{1: 142, 2: 58, 3: 44, 4: 31, 5: 23}"
0.5,0.06,0.06,10,False,False,0.6606615259342186,-0.000599032445014358,0.18190233742189313,10,4,6,-0.2,0,0,10,10,"{1: 128, 2: 59, 3: 55, 4: 34, 5: 22}","{1: 142, 2: 58, 3: 44, 4: 31, 5: 23}"
0.5,0.06,0.06,10,True,False,0.6606615259342186,-0.000599032445014358,0.18190233742189313,10,4,6,-0.2,0,0,10,10,"{1: 128, 2: 59, 3: 55, 4: 34, 5: 22}","{1: 142, 2: 58, 3: 44, 4: 31, 5: 23}"
1.0,0.08,0.14,10,False,True,0.6606539831066242,-0.000606575272608767,0.14555200938628549,10,5,5,0.0,0,3,1,1,"{1: 124, 2: 59, 3: 58, 4: 35, 5: 22}","{1: 135, 2: 64, 3: 44, 4: 32, 5: 23}"
1.0,0.08,0.14,10,True,True,0.6606539831066242,-0.000606575272608767,0.14555200938628549,10,5,5,0.0,0,3,1,1,"{1: 124, 2: 59, 3: 58, 4: 35, 5: 22}","{1: 135, 2: 64, 3: 44, 4: 32, 5: 23}"
2.0,0.08,0.1,12,False,False,0.6606485336080402,-0.0006120247711927096,0.16847951862994678,12,5,7,-0.16666666666666666,0,0,10,7,"{1: 128, 2: 59, 3: 55, 4: 34, 5: 22}","{1: 138, 2: 62, 3: 45, 4: 30, 5: 23}"
2.0,0.08,0.1,12,True,False,0.6606485336080402,-0.0006120247711927096,0.16847951862994678,12,5,7,-0.16666666666666666,0,0,10,7,"{1: 128, 2: 59, 3: 55, 4: 34, 5: 22}","{1: 138, 2: 62, 3: 45, 4: 30, 5: 23}"
2.0,0.08,0.08,12,False,False,0.6606485336080402,-0.0006120247711927096,0.18525804211987965,12,5,7,-0.16666666666666666,0,0,12,12,"{1: 128, 2: 60, 3: 55, 4: 33, 5: 22}","{1: 143, 2: 57, 3: 45, 4: 30, 5: 23}"
2.0,0.08,0.08,12,True,False,0.6606485336080402,-0.0006120247711927096,0.18525804211987965,12,5,7,-0.16666666666666666,0,0,12,12,"{1: 128, 2: 60, 3: 55, 4: 33, 5: 22}","{1: 143, 2: 57, 3: 45, 4: 30, 5: 23}"
2.0,0.08,0.04,12,False,False,0.6606485336080402,-0.0006120247711927096,0.18861374681786627,12,5,7,-0.16666666666666666,0,0,12,12,"{1: 129, 2: 58, 3: 56, 4: 33, 5: 22}","{1: 143, 2: 58, 3: 43, 4: 31, 5: 23}"
2.0,0.08,0.04,12,True,False,0.6606485336080402,-0.0006120247711927096,0.18861374681786627,12,5,7,-0.16666666666666666,0,0,12,12,"{1: 129, 2: 58, 3: 56, 4: 33, 5: 22}","{1: 143, 2: 58, 3: 43, 4: 31, 5: 23}"
2.0,0.08,0.06,12,False,False,0.6606485336080402,-0.0006120247711927096,0.18861374681786627,12,5,7,-0.16666666666666666,0,0,12,12,"{1: 129, 2: 58, 3: 56, 4: 33, 5: 22}","{1: 143, 2: 58, 3: 43, 4: 31, 5: 23}"
2.0,0.08,0.06,12,True,False,0.6606485336080402,-0.0006120247711927096,0.18861374681786627,12,5,7,-0.16666666666666666,0,0,12,12,"{1: 129, 2: 58, 3: 56, 4: 33, 5: 22}","{1: 143, 2: 58, 3: 43, 4: 31, 5: 23}"
2.0,0.08,0.14,12,False,True,0.6606447539318681,-0.000615804447364865,0.14890771408427203,12,6,6,0.0,0,4,3,3,"{1: 124, 2: 60, 3: 57, 4: 36, 5: 21}","{1: 136, 2: 63, 3: 44, 4: 33, 5: 22}"
2.0,0.08,0.14,12,True,True,0.6606447539318681,-0.000615804447364865,0.14890771408427203,12,6,6,0.0,0,4,3,3,"{1: 124, 2: 60, 3: 57, 4: 36, 5: 21}","{1: 136, 2: 63, 3: 44, 4: 33, 5: 22}"
0.5,0.08,0.14,4,False,True,0.6606144258928752,-0.0006461324863576978,0.14555200938628549,4,1,3,-0.5,0,2,0,0,"{1: 123, 2: 60, 3: 58, 4: 35, 5: 22}","{1: 134, 2: 65, 3: 44, 4: 32, 5: 23}"
0.5,0.08,0.14,4,True,True,0.6606144258928752,-0.0006461324863576978,0.14555200938628549,4,1,3,-0.5,0,2,0,0,"{1: 123, 2: 60, 3: 58, 4: 35, 5: 22}","{1: 134, 2: 65, 3: 44, 4: 32, 5: 23}"
1.0,0.08,0.14,4,False,True,0.6606144258928752,-0.0006461324863576978,0.14555200938628549,4,1,3,-0.5,0,2,1,1,"{1: 124, 2: 59, 3: 58, 4: 35, 5: 22}","{1: 135, 2: 64, 3: 44, 4: 32, 5: 23}"
1.0,0.08,0.14,4,True,True,0.6606144258928752,-0.0006461324863576978,0.14555200938628549,4,1,3,-0.5,0,2,1,1,"{1: 124, 2: 59, 3: 58, 4: 35, 5: 22}","{1: 135, 2: 64, 3: 44, 4: 32, 5: 23}"
2.0,0.08,0.14,4,False,True,0.6606144258928752,-0.0006461324863576978,0.14890771408427203,4,1,3,-0.5,0,2,3,3,"{1: 124, 2: 60, 3: 57, 4: 36, 5: 21}","{1: 136, 2: 63, 3: 44, 4: 33, 5: 22}"
2.0,0.08,0.14,4,True,True,0.6606144258928752,-0.0006461324863576978,0.14890771408427203,4,1,3,-0.5,0,2,3,3,"{1: 124, 2: 60, 3: 57, 4: 36, 5: 21}","{1: 136, 2: 63, 3: 44, 4: 33, 5: 22}"
0.5,0.08,0.1,4,False,True,0.6606144258928752,-0.0006461324863576978,0.15226341878225863,4,1,3,-0.5,0,2,4,4,"{1: 124, 2: 61, 3: 56, 4: 36, 5: 21}","{1: 137, 2: 62, 3: 44, 4: 33, 5: 22}"
0.5,0.08,0.1,4,True,True,0.6606144258928752,-0.0006461324863576978,0.15226341878225863,4,1,3,-0.5,0,2,4,4,"{1: 124, 2: 61, 3: 56, 4: 36, 5: 21}","{1: 137, 2: 62, 3: 44, 4: 33, 5: 22}"
0.5,0.08,0.04,4,False,True,0.6606144258928752,-0.0006461324863576978,0.15505669983800044,4,1,3,-0.5,0,2,4,4,"{1: 125, 2: 60, 3: 56, 4: 35, 5: 22}","{1: 137, 2: 62, 3: 44, 4: 33, 5: 22}"
0.5,0.08,0.04,4,True,True,0.6606144258928752,-0.0006461324863576978,0.15505669983800044,4,1,3,-0.5,0,2,4,4,"{1: 125, 2: 60, 3: 56, 4: 35, 5: 22}","{1: 137, 2: 62, 3: 44, 4: 33, 5: 22}"
0.5,0.08,0.06,4,False,True,0.6606144258928752,-0.0006461324863576978,0.15505669983800044,4,1,3,-0.5,0,2,4,4,"{1: 125, 2: 60, 3: 56, 4: 35, 5: 22}","{1: 137, 2: 62, 3: 44, 4: 33, 5: 22}"
0.5,0.08,0.06,4,True,True,0.6606144258928752,-0.0006461324863576978,0.15505669983800044,4,1,3,-0.5,0,2,4,4,"{1: 125, 2: 60, 3: 56, 4: 35, 5: 22}","{1: 137, 2: 62, 3: 44, 4: 33, 5: 22}"
0.5,0.08,0.08,4,False,True,0.6606144258928752,-0.0006461324863576978,0.15505669983800044,4,1,3,-0.5,0,2,4,4,"{1: 125, 2: 60, 3: 56, 4: 35, 5: 22}","{1: 137, 2: 62, 3: 44, 4: 33, 5: 22}"
0.5,0.08,0.08,4,True,True,0.6606144258928752,-0.0006461324863576978,0.15505669983800044,4,1,3,-0.5,0,2,4,4,"{1: 125, 2: 60, 3: 56, 4: 35, 5: 22}","{1: 137, 2: 62, 3: 44, 4: 33, 5: 22}"
1.0,0.08,0.04,4,False,True,0.6606144258928752,-0.0006461324863576978,0.15505669983800044,4,1,3,-0.5,0,2,4,4,"{1: 125, 2: 59, 3: 57, 4: 36, 5: 21}","{1: 137, 2: 62, 3: 44, 4: 33, 5: 22}"
1.0,0.08,0.04,4,True,True,0.6606144258928752,-0.0006461324863576978,0.15505669983800044,4,1,3,-0.5,0,2,4,4,"{1: 125, 2: 59, 3: 57, 4: 36, 5: 21}","{1: 137, 2: 62, 3: 44, 4: 33, 5: 22}"
1.0,0.08,0.06,4,False,True,0.6606144258928752,-0.0006461324863576978,0.15505669983800044,4,1,3,-0.5,0,2,4,4,"{1: 125, 2: 59, 3: 57, 4: 36, 5: 21}","{1: 137, 2: 62, 3: 44, 4: 33, 5: 22}"
1.0,0.08,0.06,4,True,True,0.6606144258928752,-0.0006461324863576978,0.15505669983800044,4,1,3,-0.5,0,2,4,4,"{1: 125, 2: 59, 3: 57, 4: 36, 5: 21}","{1: 137, 2: 62, 3: 44, 4: 33, 5: 22}"
1.0,0.08,0.08,4,False,True,0.6606144258928752,-0.0006461324863576978,0.15505669983800044,4,1,3,-0.5,0,2,4,4,"{1: 125, 2: 59, 3: 57, 4: 36, 5: 21}","{1: 137, 2: 62, 3: 44, 4: 33, 5: 22}"
1.0,0.08,0.08,4,True,True,0.6606144258928752,-0.0006461324863576978,0.15505669983800044,4,1,3,-0.5,0,2,4,4,"{1: 125, 2: 59, 3: 57, 4: 36, 5: 21}","{1: 137, 2: 62, 3: 44, 4: 33, 5: 22}"
1.0,0.08,0.1,4,False,True,0.6606144258928752,-0.0006461324863576978,0.15505669983800044,4,1,3,-0.5,0,2,4,4,"{1: 125, 2: 59, 3: 57, 4: 36, 5: 21}","{1: 137, 2: 62, 3: 44, 4: 33, 5: 22}"
1.0,0.08,0.1,4,True,True,0.6606144258928752,-0.0006461324863576978,0.15505669983800044,4,1,3,-0.5,0,2,4,4,"{1: 125, 2: 59, 3: 57, 4: 36, 5: 21}","{1: 137, 2: 62, 3: 44, 4: 33, 5: 22}"
2.0,0.08,0.04,4,False,True,0.6606144258928752,-0.0006461324863576978,0.15841240453598707,4,1,3,-0.5,0,2,4,4,"{1: 126, 2: 57, 3: 58, 4: 36, 5: 21}","{1: 137, 2: 62, 3: 44, 4: 33, 5: 22}"
2.0,0.08,0.04,4,True,True,0.6606144258928752,-0.0006461324863576978,0.15841240453598707,4,1,3,-0.5,0,2,4,4,"{1: 126, 2: 57, 3: 58, 4: 36, 5: 21}","{1: 137, 2: 62, 3: 44, 4: 33, 5: 22}"
2.0,0.08,0.06,4,False,True,0.6606144258928752,-0.0006461324863576978,0.15841240453598707,4,1,3,-0.5,0,2,4,4,"{1: 126, 2: 57, 3: 58, 4: 36, 5: 21}","{1: 137, 2: 62, 3: 44, 4: 33, 5: 22}"
2.0,0.08,0.06,4,True,True,0.6606144258928752,-0.0006461324863576978,0.15841240453598707,4,1,3,-0.5,0,2,4,4,"{1: 126, 2: 57, 3: 58, 4: 36, 5: 21}","{1: 137, 2: 62, 3: 44, 4: 33, 5: 22}"
2.0,0.08,0.08,4,False,True,0.6606144258928752,-0.0006461324863576978,0.15841240453598707,4,1,3,-0.5,0,2,4,4,"{1: 126, 2: 57, 3: 58, 4: 36, 5: 21}","{1: 137, 2: 62, 3: 44, 4: 33, 5: 22}"
2.0,0.08,0.08,4,True,True,0.6606144258928752,-0.0006461324863576978,0.15841240453598707,4,1,3,-0.5,0,2,4,4,"{1: 126, 2: 57, 3: 58, 4: 36, 5: 21}","{1: 137, 2: 62, 3: 44, 4: 33, 5: 22}"
2.0,0.08,0.1,4,False,True,0.6606144258928752,-0.0006461324863576978,0.15841240453598707,4,1,3,-0.5,0,2,4,4,"{1: 126, 2: 57, 3: 58, 4: 36, 5: 21}","{1: 137, 2: 62, 3: 44, 4: 33, 5: 22}"
2.0,0.08,0.1,4,True,True,0.6606144258928752,-0.0006461324863576978,0.15841240453598707,4,1,3,-0.5,0,2,4,4,"{1: 126, 2: 57, 3: 58, 4: 36, 5: 21}","{1: 137, 2: 62, 3: 44, 4: 33, 5: 22}"
1.0,0.015,0.1,6,False,False,0.6606090028587491,-0.0006515555204837931,0.14555200938628546,6,2,4,-0.3333333333333333,0,0,1,0,"{1: 124, 2: 59, 3: 58, 4: 35, 5: 22}","{1: 134, 2: 65, 3: 44, 4: 32, 5: 23}"
1.0,0.015,0.1,6,True,False,0.6606090028587491,-0.0006515555204837931,0.14555200938628546,6,2,4,-0.3333333333333333,0,0,1,0,"{1: 124, 2: 59, 3: 58, 4: 35, 5: 22}","{1: 134, 2: 65, 3: 44, 4: 32, 5: 23}"
0.5,0.015,0.08,6,False,False,0.6606090028587491,-0.0006515555204837931,0.14555200938628549,6,2,4,-0.3333333333333333,0,0,2,0,"{1: 125, 2: 58, 3: 58, 4: 35, 5: 22}","{1: 134, 2: 65, 3: 44, 4: 32, 5: 23}"
0.5,0.015,0.08,6,True,False,0.6606090028587491,-0.0006515555204837931,0.14555200938628549,6,2,4,-0.3333333333333333,0,0,2,0,"{1: 125, 2: 58, 3: 58, 4: 35, 5: 22}","{1: 134, 2: 65, 3: 44, 4: 32, 5: 23}"
0.5,0.015,0.1,6,False,False,0.6606090028587491,-0.0006515555204837931,0.14555200938628549,6,2,4,-0.3333333333333333,0,0,0,0,"{1: 123, 2: 60, 3: 58, 4: 35, 5: 22}","{1: 134, 2: 65, 3: 44, 4: 32, 5: 23}"
0.5,0.015,0.1,6,True,False,0.6606090028587491,-0.0006515555204837931,0.14555200938628549,6,2,4,-0.3333333333333333,0,0,0,0,"{1: 123, 2: 60, 3: 58, 4: 35, 5: 22}","{1: 134, 2: 65, 3: 44, 4: 32, 5: 23}"
2.0,0.015,0.1,6,False,False,0.6606090028587491,-0.0006515555204837931,0.14555200938628549,6,2,4,-0.3333333333333333,0,0,2,0,"{1: 125, 2: 58, 3: 58, 4: 35, 5: 22}","{1: 134, 2: 65, 3: 44, 4: 32, 5: 23}"
2.0,0.015,0.1,6,True,False,0.6606090028587491,-0.0006515555204837931,0.14555200938628549,6,2,4,-0.3333333333333333,0,0,2,0,"{1: 125, 2: 58, 3: 58, 4: 35, 5: 22}","{1: 134, 2: 65, 3: 44, 4: 32, 5: 23}"
1.0,0.015,0.08,6,False,False,0.6606090028587491,-0.0006515555204837931,0.16176810923397367,6,2,4,-0.3333333333333333,0,0,3,4,"{1: 126, 2: 57, 3: 58, 4: 35, 5: 22}","{1: 138, 2: 61, 3: 44, 4: 32, 5: 23}"
1.0,0.015,0.08,6,True,False,0.6606090028587491,-0.0006515555204837931,0.16176810923397367,6,2,4,-0.3333333333333333,0,0,3,4,"{1: 126, 2: 57, 3: 58, 4: 35, 5: 22}","{1: 138, 2: 61, 3: 44, 4: 32, 5: 23}"
2.0,0.015,0.08,6,False,False,0.6606090028587491,-0.0006515555204837931,0.1651238139319602,6,2,4,-0.3333333333333333,0,0,4,5,"{1: 126, 2: 58, 3: 57, 4: 35, 5: 22}","{1: 139, 2: 60, 3: 44, 4: 32, 5: 23}"
2.0,0.015,0.08,6,True,False,0.6606090028587491,-0.0006515555204837931,0.1651238139319602,6,2,4,-0.3333333333333333,0,0,4,5,"{1: 126, 2: 58, 3: 57, 4: 35, 5: 22}","{1: 139, 2: 60, 3: 44, 4: 32, 5: 23}"
0.5,0.015,0.04,6,False,False,0.6606090028587491,-0.0006515555204837931,0.1684795186299468,6,2,4,-0.3333333333333333,0,0,6,6,"{1: 127, 2: 58, 3: 56, 4: 35, 5: 22}","{1: 139, 2: 61, 3: 43, 4: 32, 5: 23}"
0.5,0.015,0.04,6,True,False,0.6606090028587491,-0.0006515555204837931,0.1684795186299468,6,2,4,-0.3333333333333333,0,0,6,6,"{1: 127, 2: 58, 3: 56, 4: 35, 5: 22}","{1: 139, 2: 61, 3: 43, 4: 32, 5: 23}"
0.5,0.015,0.06,6,False,False,0.6606090028587491,-0.0006515555204837931,0.1684795186299468,6,2,4,-0.3333333333333333,0,0,5,6,"{1: 127, 2: 57, 3: 57, 4: 35, 5: 22}","{1: 139, 2: 61, 3: 43, 4: 32, 5: 23}"
0.5,0.015,0.06,6,True,False,0.6606090028587491,-0.0006515555204837931,0.1684795186299468,6,2,4,-0.3333333333333333,0,0,5,6,"{1: 127, 2: 57, 3: 57, 4: 35, 5: 22}","{1: 139, 2: 61, 3: 43, 4: 32, 5: 23}"
1.0,0.015,0.04,6,False,False,0.6606090028587491,-0.0006515555204837931,0.1684795186299468,6,2,4,-0.3333333333333333,0,0,6,6,"{1: 127, 2: 58, 3: 56, 4: 35, 5: 22}","{1: 139, 2: 61, 3: 43, 4: 32, 5: 23}"
1.0,0.015,0.04,6,True,False,0.6606090028587491,-0.0006515555204837931,0.1684795186299468,6,2,4,-0.3333333333333333,0,0,6,6,"{1: 127, 2: 58, 3: 56, 4: 35, 5: 22}","{1: 139, 2: 61, 3: 43, 4: 32, 5: 23}"
1.0,0.015,0.06,6,False,False,0.6606090028587491,-0.0006515555204837931,0.1684795186299468,6,2,4,-0.3333333333333333,0,0,6,6,"{1: 127, 2: 58, 3: 56, 4: 35, 5: 22}","{1: 139, 2: 61, 3: 43, 4: 32, 5: 23}"
1.0,0.015,0.06,6,True,False,0.6606090028587491,-0.0006515555204837931,0.1684795186299468,6,2,4,-0.3333333333333333,0,0,6,6,"{1: 127, 2: 58, 3: 56, 4: 35, 5: 22}","{1: 139, 2: 61, 3: 43, 4: 32, 5: 23}"
2.0,0.015,0.04,6,False,False,0.6606090028587491,-0.0006515555204837931,0.1684795186299468,6,2,4,-0.3333333333333333,0,0,6,6,"{1: 127, 2: 58, 3: 56, 4: 35, 5: 22}","{1: 139, 2: 61, 3: 43, 4: 32, 5: 23}"
2.0,0.015,0.04,6,True,False,0.6606090028587491,-0.0006515555204837931,0.1684795186299468,6,2,4,-0.3333333333333333,0,0,6,6,"{1: 127, 2: 58, 3: 56, 4: 35, 5: 22}","{1: 139, 2: 61, 3: 43, 4: 32, 5: 23}"
2.0,0.015,0.06,6,False,False,0.6606090028587491,-0.0006515555204837931,0.1684795186299468,6,2,4,-0.3333333333333333,0,0,6,6,"{1: 127, 2: 58, 3: 56, 4: 35, 5: 22}","{1: 139, 2: 61, 3: 43, 4: 32, 5: 23}"
2.0,0.015,0.06,6,True,False,0.6606090028587491,-0.0006515555204837931,0.1684795186299468,6,2,4,-0.3333333333333333,0,0,6,6,"{1: 127, 2: 58, 3: 56, 4: 35, 5: 22}","{1: 139, 2: 61, 3: 43, 4: 32, 5: 23}"
2.0,0.04,0.14,6,False,True,0.6606052002577719,-0.0006553581214610027,0.14555200938628546,6,3,3,0.0,0,1,0,2,"{1: 123, 2: 60, 3: 58, 4: 35, 5: 22}","{1: 135, 2: 64, 3: 44, 4: 33, 5: 22}"
2.0,0.04,0.14,6,True,True,0.6606052002577719,-0.0006553581214610027,0.14555200938628546,6,3,3,0.0,0,1,0,2,"{1: 123, 2: 60, 3: 58, 4: 35, 5: 22}","{1: 135, 2: 64, 3: 44, 4: 33, 5: 22}"
0.5,0.06,0.14,6,False,True,0.6606052002577719,-0.0006553581214610027,0.14555200938628549,6,2,4,-0.3333333333333333,0,2,0,0,"{1: 123, 2: 60, 3: 58, 4: 35, 5: 22}","{1: 134, 2: 65, 3: 44, 4: 32, 5: 23}"
0.5,0.06,0.14,6,True,True,0.6606052002577719,-0.0006553581214610027,0.14555200938628549,6,2,4,-0.3333333333333333,0,2,0,0,"{1: 123, 2: 60, 3: 58, 4: 35, 5: 22}","{1: 134, 2: 65, 3: 44, 4: 32, 5: 23}"
0.5,0.06,0.14,8,False,True,0.6606052002577719,-0.0006553581214610027,0.14555200938628549,6,2,4,-0.3333333333333333,0,2,0,0,"{1: 123, 2: 60, 3: 58, 4: 35, 5: 22}","{1: 134, 2: 65, 3: 44, 4: 32, 5: 23}"
0.5,0.06,0.14,8,True,True,0.6606052002577719,-0.0006553581214610027,0.14555200938628549,6,2,4,-0.3333333333333333,0,2,0,0,"{1: 123, 2: 60, 3: 58, 4: 35, 5: 22}","{1: 134, 2: 65, 3: 44, 4: 32, 5: 23}"
0.5,0.06,0.14,10,False,True,0.6606052002577719,-0.0006553581214610027,0.14555200938628549,6,2,4,-0.3333333333333333,0,2,0,0,"{1: 123, 2: 60, 3: 58, 4: 35, 5: 22}","{1: 134, 2: 65, 3: 44, 4: 32, 5: 23}"
0.5,0.06,0.14,10,True,True,0.6606052002577719,-0.0006553581214610027,0.14555200938628549,6,2,4,-0.3333333333333333,0,2,0,0,"{1: 123, 2: 60, 3: 58, 4: 35, 5: 22}","{1: 134, 2: 65, 3: 44, 4: 32, 5: 23}"
0.5,0.06,0.14,12,False,True,0.6606052002577719,-0.0006553581214610027,0.14555200938628549,6,2,4,-0.3333333333333333,0,2,0,0,"{1: 123, 2: 60, 3: 58, 4: 35, 5: 22}","{1: 134, 2: 65, 3: 44, 4: 32, 5: 23}"
0.5,0.06,0.14,12,True,True,0.6606052002577719,-0.0006553581214610027,0.14555200938628549,6,2,4,-0.3333333333333333,0,2,0,0,"{1: 123, 2: 60, 3: 58, 4: 35, 5: 22}","{1: 134, 2: 65, 3: 44, 4: 32, 5: 23}"
0.5,0.06,0.14,15,False,True,0.6606052002577719,-0.0006553581214610027,0.14555200938628549,6,2,4,-0.3333333333333333,0,2,0,0,"{1: 123, 2: 60, 3: 58, 4: 35, 5: 22}","{1: 134, 2: 65, 3: 44, 4: 32, 5: 23}"
0.5,0.06,0.14,15,True,True,0.6606052002577719,-0.0006553581214610027,0.14555200938628549,6,2,4,-0.3333333333333333,0,2,0,0,"{1: 123, 2: 60, 3: 58, 4: 35, 5: 22}","{1: 134, 2: 65, 3: 44, 4: 32, 5: 23}"
2.0,0.06,0.14,6,False,True,0.6606052002577719,-0.0006553581214610027,0.14890771408427203,6,3,3,0.0,0,2,3,3,"{1: 124, 2: 60, 3: 57, 4: 36, 5: 21}","{1: 136, 2: 63, 3: 44, 4: 33, 5: 22}"
2.0,0.06,0.14,6,True,True,0.6606052002577719,-0.0006553581214610027,0.14890771408427203,6,3,3,0.0,0,2,3,3,"{1: 124, 2: 60, 3: 57, 4: 36, 5: 21}","{1: 136, 2: 63, 3: 44, 4: 33, 5: 22}"
2.0,0.04,0.1,6,False,True,0.6606052002577719,-0.0006553581214610027,0.15561912348024518,6,3,3,0.0,0,1,4,5,"{1: 125, 2: 60, 3: 56, 4: 35, 5: 22}","{1: 137, 2: 63, 3: 43, 4: 33, 5: 22}"
2.0,0.04,0.1,6,True,True,0.6606052002577719,-0.0006553581214610027,0.15561912348024518,6,3,3,0.0,0,1,4,5,"{1: 125, 2: 60, 3: 56, 4: 35, 5: 22}","{1: 137, 2: 63, 3: 43, 4: 33, 5: 22}"
1.0,0.06,0.1,6,False,True,0.6606052002577719,-0.0006553581214610027,0.15897482817823178,6,3,3,0.0,0,2,6,6,"{1: 125, 2: 61, 3: 55, 4: 36, 5: 21}","{1: 138, 2: 62, 3: 43, 4: 33, 5: 22}"
1.0,0.06,0.1,6,True,True,0.6606052002577719,-0.0006553581214610027,0.15897482817823178,6,3,3,0.0,0,2,6,6,"{1: 125, 2: 61, 3: 55, 4: 36, 5: 21}","{1: 138, 2: 62, 3: 43, 4: 33, 5: 22}"
2.0,0.06,0.1,6,False,True,0.6606052002577719,-0.0006553581214610027,0.16176810923397364,6,3,3,0.0,0,2,6,6,"{1: 126, 2: 59, 3: 56, 4: 36, 5: 21}","{1: 138, 2: 62, 3: 43, 4: 33, 5: 22}"
2.0,0.06,0.1,6,True,True,0.6606052002577719,-0.0006553581214610027,0.16176810923397364,6,3,3,0.0,0,2,6,6,"{1: 126, 2: 59, 3: 56, 4: 36, 5: 21}","{1: 138, 2: 62, 3: 43, 4: 33, 5: 22}"
1.0,0.06,0.04,6,False,True,0.6606052002577719,-0.0006553581214610027,0.1651238139319602,6,3,3,0.0,0,2,6,6,"{1: 126, 2: 59, 3: 56, 4: 36, 5: 21}","{1: 139, 2: 60, 3: 44, 4: 33, 5: 22}"
1.0,0.06,0.04,6,True,True,0.6606052002577719,-0.0006553581214610027,0.1651238139319602,6,3,3,0.0,0,2,6,6,"{1: 126, 2: 59, 3: 56, 4: 36, 5: 21}","{1: 139, 2: 60, 3: 44, 4: 33, 5: 22}"
1.0,0.06,0.06,6,False,True,0.6606052002577719,-0.0006553581214610027,0.1651238139319602,6,3,3,0.0,0,2,6,6,"{1: 126, 2: 59, 3: 56, 4: 36, 5: 21}","{1: 139, 2: 60, 3: 44, 4: 33, 5: 22}"
1.0,0.06,0.06,6,True,True,0.6606052002577719,-0.0006553581214610027,0.1651238139319602,6,3,3,0.0,0,2,6,6,"{1: 126, 2: 59, 3: 56, 4: 36, 5: 21}","{1: 139, 2: 60, 3: 44, 4: 33, 5: 22}"
1.0,0.06,0.08,6,False,True,0.6606052002577719,-0.0006553581214610027,0.1651238139319602,6,3,3,0.0,0,2,6,6,"{1: 126, 2: 59, 3: 56, 4: 36, 5: 21}","{1: 139, 2: 60, 3: 44, 4: 33, 5: 22}"
1.0,0.06,0.08,6,True,True,0.6606052002577719,-0.0006553581214610027,0.1651238139319602,6,3,3,0.0,0,2,6,6,"{1: 126, 2: 59, 3: 56, 4: 36, 5: 21}","{1: 139, 2: 60, 3: 44, 4: 33, 5: 22}"
2.0,0.04,0.04,6,False,True,0.6606052002577719,-0.0006553581214610027,0.1651238139319602,6,3,3,0.0,0,1,6,6,"{1: 126, 2: 60, 3: 55, 4: 35, 5: 22}","{1: 139, 2: 60, 3: 44, 4: 33, 5: 22}"
2.0,0.04,0.04,6,True,True,0.6606052002577719,-0.0006553581214610027,0.1651238139319602,6,3,3,0.0,0,1,6,6,"{1: 126, 2: 60, 3: 55, 4: 35, 5: 22}","{1: 139, 2: 60, 3: 44, 4: 33, 5: 22}"
2.0,0.04,0.06,6,False,True,0.6606052002577719,-0.0006553581214610027,0.1651238139319602,6,3,3,0.0,0,1,6,6,"{1: 126, 2: 60, 3: 55, 4: 35, 5: 22}","{1: 139, 2: 60, 3: 44, 4: 33, 5: 22}"
2.0,0.04,0.06,6,True,True,0.6606052002577719,-0.0006553581214610027,0.1651238139319602,6,3,3,0.0,0,1,6,6,"{1: 126, 2: 60, 3: 55, 4: 35, 5: 22}","{1: 139, 2: 60, 3: 44, 4: 33, 5: 22}"
2.0,0.04,0.08,6,False,True,0.6606052002577719,-0.0006553581214610027,0.1651238139319602,6,3,3,0.0,0,1,6,6,"{1: 126, 2: 60, 3: 55, 4: 35, 5: 22}","{1: 139, 2: 60, 3: 44, 4: 33, 5: 22}"
2.0,0.04,0.08,6,True,True,0.6606052002577719,-0.0006553581214610027,0.1651238139319602,6,3,3,0.0,0,1,6,6,"{1: 126, 2: 60, 3: 55, 4: 35, 5: 22}","{1: 139, 2: 60, 3: 44, 4: 33, 5: 22}"
2.0,0.06,0.04,6,False,True,0.6606052002577719,-0.0006553581214610027,0.1651238139319602,6,3,3,0.0,0,2,6,6,"{1: 126, 2: 59, 3: 56, 4: 36, 5: 21}","{1: 139, 2: 60, 3: 44, 4: 33, 5: 22}"
2.0,0.06,0.04,6,True,True,0.6606052002577719,-0.0006553581214610027,0.1651238139319602,6,3,3,0.0,0,2,6,6,"{1: 126, 2: 59, 3: 56, 4: 36, 5: 21}","{1: 139, 2: 60, 3: 44, 4: 33, 5: 22}"
2.0,0.06,0.06,6,False,True,0.6606052002577719,-0.0006553581214610027,0.1651238139319602,6,3,3,0.0,0,2,6,6,"{1: 126, 2: 59, 3: 56, 4: 36, 5: 21}","{1: 139, 2: 60, 3: 44, 4: 33, 5: 22}"
2.0,0.06,0.06,6,True,True,0.6606052002577719,-0.0006553581214610027,0.1651238139319602,6,3,3,0.0,0,2,6,6,"{1: 126, 2: 59, 3: 56, 4: 36, 5: 21}","{1: 139, 2: 60, 3: 44, 4: 33, 5: 22}"
2.0,0.06,0.08,6,False,True,0.6606052002577719,-0.0006553581214610027,0.1651238139319602,6,3,3,0.0,0,2,6,6,"{1: 126, 2: 59, 3: 56, 4: 36, 5: 21}","{1: 139, 2: 60, 3: 44, 4: 33, 5: 22}"
2.0,0.06,0.08,6,True,True,0.6606052002577719,-0.0006553581214610027,0.1651238139319602,6,3,3,0.0,0,2,6,6,"{1: 126, 2: 59, 3: 56, 4: 36, 5: 21}","{1: 139, 2: 60, 3: 44, 4: 33, 5: 22}"
0.5,0.025,0.1,8,False,False,0.6605997826134531,-0.0006607757657798308,0.14555200938628546,8,3,5,-0.25,0,0,0,1,"{1: 123, 2: 60, 3: 58, 4: 35, 5: 22}","{1: 135, 2: 64, 3: 44, 4: 32, 5: 23}"
0.5,0.025,0.1,8,True,False,0.6605997826134531,-0.0006607757657798308,0.14555200938628546,8,3,5,-0.25,0,0,0,1,"{1: 123, 2: 60, 3: 58, 4: 35, 5: 22}","{1: 135, 2: 64, 3: 44, 4: 32, 5: 23}"
0.5,0.025,0.08,8,False,False,0.6605997826134531,-0.0006607757657798308,0.14890771408427203,8,3,5,-0.25,0,0,3,1,"{1: 125, 2: 59, 3: 57, 4: 35, 5: 22}","{1: 135, 2: 64, 3: 44, 4: 32, 5: 23}"
0.5,0.025,0.08,8,True,False,0.6605997826134531,-0.0006607757657798308,0.14890771408427203,8,3,5,-0.25,0,0,3,1,"{1: 125, 2: 59, 3: 57, 4: 35, 5: 22}","{1: 135, 2: 64, 3: 44, 4: 32, 5: 23}"
1.0,0.025,0.1,8,False,False,0.6605997826134531,-0.0006607757657798308,0.14890771408427206,8,3,5,-0.25,0,0,2,1,"{1: 124, 2: 60, 3: 57, 4: 35, 5: 22}","{1: 135, 2: 64, 3: 44, 4: 32, 5: 23}"
1.0,0.025,0.1,8,True,False,0.6605997826134531,-0.0006607757657798308,0.14890771408427206,8,3,5,-0.25,0,0,2,1,"{1: 124, 2: 60, 3: 57, 4: 35, 5: 22}","{1: 135, 2: 64, 3: 44, 4: 32, 5: 23}"
1.0,0.025,0.08,8,False,False,0.6605997826134531,-0.0006607757657798308,0.1651238139319602,8,3,5,-0.25,0,0,4,5,"{1: 126, 2: 58, 3: 57, 4: 35, 5: 22}","{1: 139, 2: 60, 3: 44, 4: 32, 5: 23}"
1.0,0.025,0.08,8,True,False,0.6605997826134531,-0.0006607757657798308,0.1651238139319602,8,3,5,-0.25,0,0,4,5,"{1: 126, 2: 58, 3: 57, 4: 35, 5: 22}","{1: 139, 2: 60, 3: 44, 4: 32, 5: 23}"
0.5,0.025,0.04,8,False,False,0.6605997826134531,-0.0006607757657798308,0.17183522332793336,8,3,5,-0.25,0,0,8,8,"{1: 127, 2: 60, 3: 54, 4: 35, 5: 22}","{1: 140, 2: 61, 3: 42, 4: 32, 5: 23}"
0.5,0.025,0.04,8,True,False,0.6605997826134531,-0.0006607757657798308,0.17183522332793336,8,3,5,-0.25,0,0,8,8,"{1: 127, 2: 60, 3: 54, 4: 35, 5: 22}","{1: 140, 2: 61, 3: 42, 4: 32, 5: 23}"
0.5,0.025,0.06,8,False,False,0.6605997826134531,-0.0006607757657798308,0.17183522332793336,8,3,5,-0.25,0,0,6,8,"{1: 127, 2: 58, 3: 56, 4: 35, 5: 22}","{1: 140, 2: 61, 3: 42, 4: 32, 5: 23}"
0.5,0.025,0.06,8,True,False,0.6605997826134531,-0.0006607757657798308,0.17183522332793336,8,3,5,-0.25,0,0,6,8,"{1: 127, 2: 58, 3: 56, 4: 35, 5: 22}","{1: 140, 2: 61, 3: 42, 4: 32, 5: 23}"
1.0,0.025,0.04,8,False,False,0.6605997826134531,-0.0006607757657798308,0.17519092802591998,8,3,5,-0.25,0,0,8,8,"{1: 127, 2: 60, 3: 54, 4: 35, 5: 22}","{1: 141, 2: 59, 3: 43, 4: 32, 5: 23}"
1.0,0.025,0.04,8,True,False,0.6605997826134531,-0.0006607757657798308,0.17519092802591998,8,3,5,-0.25,0,0,8,8,"{1: 127, 2: 60, 3: 54, 4: 35, 5: 22}","{1: 141, 2: 59, 3: 43, 4: 32, 5: 23}"
1.0,0.025,0.06,8,False,False,0.6605997826134531,-0.0006607757657798308,0.17519092802591998,8,3,5,-0.25,0,0,8,8,"{1: 127, 2: 60, 3: 54, 4: 35, 5: 22}","{1: 141, 2: 59, 3: 43, 4: 32, 5: 23}"
1.0,0.025,0.06,8,True,False,0.6605997826134531,-0.0006607757657798308,0.17519092802591998,8,3,5,-0.25,0,0,8,8,"{1: 127, 2: 60, 3: 54, 4: 35, 5: 22}","{1: 141, 2: 59, 3: 43, 4: 32, 5: 23}"
1.0,0.08,0.14,15,False,True,0.660597286924142,-0.0006632714550909302,0.14555200938628549,15,7,8,-0.06666666666666667,0,3,1,1,"{1: 124, 2: 59, 3: 58, 4: 35, 5: 22}","{1: 135, 2: 64, 3: 44, 4: 32, 5: 23}"
1.0,0.08,0.14,15,True,True,0.660597286924142,-0.0006632714550909302,0.14555200938628549,15,7,8,-0.06666666666666667,0,3,1,1,"{1: 124, 2: 59, 3: 58, 4: 35, 5: 22}","{1: 135, 2: 64, 3: 44, 4: 32, 5: 23}"
2.0,0.08,0.1,15,False,True,0.660597286924142,-0.0006632714550909302,0.17519092802591996,15,7,8,-0.06666666666666667,0,6,15,10,"{1: 129, 2: 60, 3: 54, 4: 34, 5: 21}","{1: 139, 2: 61, 3: 45, 4: 32, 5: 21}"
2.0,0.08,0.1,15,True,True,0.660597286924142,-0.0006632714550909302,0.17519092802591996,15,7,8,-0.06666666666666667,0,6,15,10,"{1: 129, 2: 60, 3: 54, 4: 34, 5: 21}","{1: 139, 2: 61, 3: 45, 4: 32, 5: 21}"
2.0,0.08,0.04,15,False,True,0.660597286924142,-0.0006632714550909302,0.18861374681786627,15,7,8,-0.06666666666666667,0,6,15,15,"{1: 128, 2: 61, 3: 55, 4: 33, 5: 21}","{1: 144, 2: 57, 3: 44, 4: 31, 5: 22}"
2.0,0.08,0.04,15,True,True,0.660597286924142,-0.0006632714550909302,0.18861374681786627,15,7,8,-0.06666666666666667,0,6,15,15,"{1: 128, 2: 61, 3: 55, 4: 33, 5: 21}","{1: 144, 2: 57, 3: 44, 4: 31, 5: 22}"
2.0,0.08,0.06,15,False,True,0.660597286924142,-0.0006632714550909302,0.18861374681786627,15,7,8,-0.06666666666666667,0,6,15,15,"{1: 128, 2: 61, 3: 55, 4: 33, 5: 21}","{1: 144, 2: 57, 3: 44, 4: 31, 5: 22}"
2.0,0.08,0.06,15,True,True,0.660597286924142,-0.0006632714550909302,0.18861374681786627,15,7,8,-0.06666666666666667,0,6,15,15,"{1: 128, 2: 61, 3: 55, 4: 33, 5: 21}","{1: 144, 2: 57, 3: 44, 4: 31, 5: 22}"
2.0,0.08,0.08,15,False,True,0.660597286924142,-0.0006632714550909302,0.1919694515158528,15,7,8,-0.06666666666666667,0,6,15,15,"{1: 128, 2: 61, 3: 55, 4: 33, 5: 21}","{1: 145, 2: 55, 3: 45, 4: 31, 5: 22}"
2.0,0.08,0.08,15,True,True,0.660597286924142,-0.0006632714550909302,0.1919694515158528,15,7,8,-0.06666666666666667,0,6,15,15,"{1: 128, 2: 61, 3: 55, 4: 33, 5: 21}","{1: 145, 2: 55, 3: 45, 4: 31, 5: 22}"
2.0,0.025,0.14,8,False,True,0.6605959741210878,-0.0006645842581450845,0.14555200938628549,8,4,4,0.0,0,3,0,1,"{1: 123, 2: 60, 3: 58, 4: 35, 5: 22}","{1: 134, 2: 65, 3: 44, 4: 33, 5: 22}"
2.0,0.025,0.14,8,True,True,0.6605959741210878,-0.0006645842581450845,0.14555200938628549,8,4,4,0.0,0,3,0,1,"{1: 123, 2: 60, 3: 58, 4: 35, 5: 22}","{1: 134, 2: 65, 3: 44, 4: 33, 5: 22}"
2.0,0.025,0.14,10,False,True,0.6605959741210878,-0.0006645842581450845,0.14555200938628549,8,4,4,0.0,0,3,0,1,"{1: 123, 2: 60, 3: 58, 4: 35, 5: 22}","{1: 134, 2: 65, 3: 44, 4: 33, 5: 22}"
2.0,0.025,0.14,10,True,True,0.6605959741210878,-0.0006645842581450845,0.14555200938628549,8,4,4,0.0,0,3,0,1,"{1: 123, 2: 60, 3: 58, 4: 35, 5: 22}","{1: 134, 2: 65, 3: 44, 4: 33, 5: 22}"
2.0,0.025,0.14,12,False,True,0.6605959741210878,-0.0006645842581450845,0.14555200938628549,8,4,4,0.0,0,3,0,1,"{1: 123, 2: 60, 3: 58, 4: 35, 5: 22}","{1: 134, 2: 65, 3: 44, 4: 33, 5: 22}"
2.0,0.025,0.14,12,True,True,0.6605959741210878,-0.0006645842581450845,0.14555200938628549,8,4,4,0.0,0,3,0,1,"{1: 123, 2: 60, 3: 58, 4: 35, 5: 22}","{1: 134, 2: 65, 3: 44, 4: 33, 5: 22}"
2.0,0.025,0.14,15,False,True,0.6605959741210878,-0.0006645842581450845,0.14555200938628549,8,4,4,0.0,0,3,0,1,"{1: 123, 2: 60, 3: 58, 4: 35, 5: 22}","{1: 134, 2: 65, 3: 44, 4: 33, 5: 22}"
2.0,0.025,0.14,15,True,True,0.6605959741210878,-0.0006645842581450845,0.14555200938628549,8,4,4,0.0,0,3,0,1,"{1: 123, 2: 60, 3: 58, 4: 35, 5: 22}","{1: 134, 2: 65, 3: 44, 4: 33, 5: 22}"
2.0,0.06,0.14,8,False,True,0.6605959741210878,-0.0006645842581450845,0.14890771408427203,8,4,4,0.0,0,2,3,3,"{1: 124, 2: 60, 3: 57, 4: 36, 5: 21}","{1: 136, 2: 63, 3: 44, 4: 33, 5: 22}"
2.0,0.06,0.14,8,True,True,0.6605959741210878,-0.0006645842581450845,0.14890771408427203,8,4,4,0.0,0,2,3,3,"{1: 124, 2: 60, 3: 57, 4: 36, 5: 21}","{1: 136, 2: 63, 3: 44, 4: 33, 5: 22}"
1.0,0.06,0.1,8,False,True,0.6605959741210878,-0.0006645842581450845,0.16233053287621838,8,4,4,0.0,0,2,8,8,"{1: 125, 2: 62, 3: 55, 4: 35, 5: 21}","{1: 139, 2: 61, 3: 44, 4: 32, 5: 22}"
1.0,0.06,0.1,8,True,True,0.6605959741210878,-0.0006645842581450845,0.16233053287621838,8,4,4,0.0,0,2,8,8,"{1: 125, 2: 62, 3: 55, 4: 35, 5: 21}","{1: 139, 2: 61, 3: 44, 4: 32, 5: 22}"
1.0,0.06,0.04,8,False,True,0.6605959741210878,-0.0006645842581450845,0.17183522332793336,8,4,4,0.0,0,2,8,8,"{1: 126, 2: 61, 3: 54, 4: 36, 5: 21}","{1: 141, 2: 58, 3: 44, 4: 33, 5: 22}"
1.0,0.06,0.04,8,True,True,0.6605959741210878,-0.0006645842581450845,0.17183522332793336,8,4,4,0.0,0,2,8,8,"{1: 126, 2: 61, 3: 54, 4: 36, 5: 21}","{1: 141, 2: 58, 3: 44, 4: 33, 5: 22}"
1.0,0.06,0.06,8,False,True,0.6605959741210878,-0.0006645842581450845,0.17183522332793336,8,4,4,0.0,0,2,8,8,"{1: 126, 2: 61, 3: 54, 4: 36, 5: 21}","{1: 141, 2: 58, 3: 44, 4: 33, 5: 22}"
1.0,0.06,0.06,8,True,True,0.6605959741210878,-0.0006645842581450845,0.17183522332793336,8,4,4,0.0,0,2,8,8,"{1: 126, 2: 61, 3: 54, 4: 36, 5: 21}","{1: 141, 2: 58, 3: 44, 4: 33, 5: 22}"
1.0,0.06,0.08,8,False,True,0.6605959741210878,-0.0006645842581450845,0.17183522332793336,8,4,4,0.0,0,2,8,8,"{1: 126, 2: 61, 3: 54, 4: 36, 5: 21}","{1: 141, 2: 58, 3: 44, 4: 33, 5: 22}"
1.0,0.06,0.08,8,True,True,0.6605959741210878,-0.0006645842581450845,0.17183522332793336,8,4,4,0.0,0,2,8,8,"{1: 126, 2: 61, 3: 54, 4: 36, 5: 21}","{1: 141, 2: 58, 3: 44, 4: 33, 5: 22}"
2.0,0.015,0.1,10,False,False,0.6605905618671702,-0.0006699965120626761,0.14555200938628549,10,3,7,-0.4,0,0,2,0,"{1: 125, 2: 58, 3: 58, 4: 35, 5: 22}","{1: 134, 2: 65, 3: 44, 4: 32, 5: 23}"
2.0,0.015,0.1,10,True,False,0.6605905618671702,-0.0006699965120626761,0.14555200938628549,10,3,7,-0.4,0,0,2,0,"{1: 125, 2: 58, 3: 58, 4: 35, 5: 22}","{1: 134, 2: 65, 3: 44, 4: 32, 5: 23}"
0.5,0.08,0.1,10,False,False,0.6605905618671702,-0.0006699965120626761,0.15841240453598704,10,4,6,-0.2,0,0,5,6,"{1: 125, 2: 60, 3: 57, 4: 34, 5: 22}","{1: 138, 2: 62, 3: 44, 4: 31, 5: 23}"
0.5,0.08,0.1,10,True,False,0.6605905618671702,-0.0006699965120626761,0.15841240453598704,10,4,6,-0.2,0,0,5,6,"{1: 125, 2: 60, 3: 57, 4: 34, 5: 22}","{1: 138, 2: 62, 3: 44, 4: 31, 5: 23}"
2.0,0.015,0.08,10,False,False,0.6605905618671702,-0.0006699965120626761,0.1651238139319602,10,3,7,-0.4,0,0,4,5,"{1: 126, 2: 58, 3: 57, 4: 35, 5: 22}","{1: 139, 2: 60, 3: 44, 4: 32, 5: 23}"
2.0,0.015,0.08,10,True,False,0.6605905618671702,-0.0006699965120626761,0.1651238139319602,10,3,7,-0.4,0,0,4,5,"{1: 126, 2: 58, 3: 57, 4: 35, 5: 22}","{1: 139, 2: 60, 3: 44, 4: 32, 5: 23}"
0.5,0.08,0.08,10,False,False,0.6605905618671702,-0.0006699965120626761,0.16847951862994678,10,4,6,-0.2,0,0,10,9,"{1: 127, 2: 60, 3: 56, 4: 33, 5: 22}","{1: 139, 2: 61, 3: 46, 4: 29, 5: 23}"
0.5,0.08,0.08,10,True,False,0.6605905618671702,-0.0006699965120626761,0.16847951862994678,10,4,6,-0.2,0,0,10,9,"{1: 127, 2: 60, 3: 56, 4: 33, 5: 22}","{1: 139, 2: 61, 3: 46, 4: 29, 5: 23}"
2.0,0.015,0.04,10,False,False,0.6605905618671702,-0.0006699965120626761,0.17519092802591998,10,3,7,-0.4,0,0,7,10,"{1: 127, 2: 59, 3: 55, 4: 35, 5: 22}","{1: 141, 2: 61, 3: 41, 4: 32, 5: 23}"
2.0,0.015,0.04,10,True,False,0.6605905618671702,-0.0006699965120626761,0.17519092802591998,10,3,7,-0.4,0,0,7,10,"{1: 127, 2: 59, 3: 55, 4: 35, 5: 22}","{1: 141, 2: 61, 3: 41, 4: 32, 5: 23}"
2.0,0.015,0.06,10,False,False,0.6605905618671702,-0.0006699965120626761,0.17519092802591998,10,3,7,-0.4,0,0,7,10,"{1: 127, 2: 59, 3: 55, 4: 35, 5: 22}","{1: 141, 2: 61, 3: 41, 4: 32, 5: 23}"
2.0,0.015,0.06,10,True,False,0.6605905618671702,-0.0006699965120626761,0.17519092802591998,10,3,7,-0.4,0,0,7,10,"{1: 127, 2: 59, 3: 55, 4: 35, 5: 22}","{1: 141, 2: 61, 3: 41, 4: 32, 5: 23}"
0.5,0.08,0.04,10,False,False,0.6605905618671702,-0.0006699965120626761,0.18190233742189313,10,4,6,-0.2,0,0,10,10,"{1: 128, 2: 59, 3: 55, 4: 34, 5: 22}","{1: 142, 2: 58, 3: 44, 4: 31, 5: 23}"
0.5,0.08,0.04,10,True,False,0.6605905618671702,-0.0006699965120626761,0.18190233742189313,10,4,6,-0.2,0,0,10,10,"{1: 128, 2: 59, 3: 55, 4: 34, 5: 22}","{1: 142, 2: 58, 3: 44, 4: 31, 5: 23}"
0.5,0.08,0.06,10,False,False,0.6605905618671702,-0.0006699965120626761,0.18190233742189313,10,4,6,-0.2,0,0,10,10,"{1: 128, 2: 59, 3: 55, 4: 34, 5: 22}","{1: 142, 2: 58, 3: 44, 4: 31, 5: 23}"
0.5,0.08,0.06,10,True,False,0.6605905618671702,-0.0006699965120626761,0.18190233742189313,10,4,6,-0.2,0,0,10,10,"{1: 128, 2: 59, 3: 55, 4: 34, 5: 22}","{1: 142, 2: 58, 3: 44, 4: 31, 5: 23}"
1.0,0.08,0.14,10,False,False,0.6605867474827819,-0.0006738108964510214,0.14555200938628549,10,4,6,-0.2,0,0,1,1,"{1: 124, 2: 59, 3: 58, 4: 35, 5: 22}","{1: 135, 2: 64, 3: 44, 4: 32, 5: 23}"
1.0,0.08,0.14,10,True,False,0.6605867474827819,-0.0006738108964510214,0.14555200938628549,10,4,6,-0.2,0,0,1,1,"{1: 124, 2: 59, 3: 58, 4: 35, 5: 22}","{1: 135, 2: 64, 3: 44, 4: 32, 5: 23}"
2.0,0.08,0.14,10,False,False,0.6605867474827819,-0.0006738108964510214,0.14890771408427203,10,4,6,-0.2,0,0,2,2,"{1: 124, 2: 60, 3: 57, 4: 35, 5: 22}","{1: 136, 2: 63, 3: 44, 4: 32, 5: 23}"
2.0,0.08,0.14,10,True,False,0.6605867474827819,-0.0006738108964510214,0.14890771408427203,10,4,6,-0.2,0,0,2,2,"{1: 124, 2: 60, 3: 57, 4: 35, 5: 22}","{1: 136, 2: 63, 3: 44, 4: 32, 5: 23}"
2.0,0.04,0.1,10,False,True,0.6605867474827819,-0.0006738108964510214,0.15561912348024518,10,5,5,0.0,0,4,4,5,"{1: 125, 2: 60, 3: 56, 4: 35, 5: 22}","{1: 137, 2: 63, 3: 43, 4: 33, 5: 22}"
2.0,0.04,0.1,10,True,True,0.6605867474827819,-0.0006738108964510214,0.15561912348024518,10,5,5,0.0,0,4,4,5,"{1: 125, 2: 60, 3: 56, 4: 35, 5: 22}","{1: 137, 2: 63, 3: 43, 4: 33, 5: 22}"
2.0,0.04,0.08,10,False,True,0.6605867474827819,-0.0006738108964510214,0.17519092802591996,10,5,5,0.0,0,4,10,10,"{1: 126, 2: 62, 3: 55, 4: 33, 5: 22}","{1: 142, 2: 58, 3: 43, 4: 33, 5: 22}"
2.0,0.04,0.08,10,True,True,0.6605867474827819,-0.0006738108964510214,0.17519092802591996,10,5,5,0.0,0,4,10,10,"{1: 126, 2: 62, 3: 55, 4: 33, 5: 22}","{1: 142, 2: 58, 3: 43, 4: 33, 5: 22}"
2.0,0.04,0.04,10,False,True,0.6605867474827819,-0.0006738108964510214,0.17854663272390653,10,5,5,0.0,0,4,10,10,"{1: 127, 2: 61, 3: 54, 4: 34, 5: 22}","{1: 142, 2: 58, 3: 43, 4: 33, 5: 22}"
2.0,0.04,0.04,10,True,True,0.6605867474827819,-0.0006738108964510214,0.17854663272390653,10,5,5,0.0,0,4,10,10,"{1: 127, 2: 61, 3: 54, 4: 34, 5: 22}","{1: 142, 2: 58, 3: 43, 4: 33, 5: 22}"
2.0,0.04,0.06,10,False,True,0.6605867474827819,-0.0006738108964510214,0.17854663272390653,10,5,5,0.0,0,4,10,10,"{1: 127, 2: 61, 3: 54, 4: 34, 5: 22}","{1: 142, 2: 58, 3: 43, 4: 33, 5: 22}"
2.0,0.04,0.06,10,True,True,0.6605867474827819,-0.0006738108964510214,0.17854663272390653,10,5,5,0.0,0,4,10,10,"{1: 127, 2: 61, 3: 54, 4: 34, 5: 22}","{1: 142, 2: 58, 3: 43, 4: 33, 5: 22}"
2.0,0.06,0.14,12,False,False,0.6605813406198595,-0.0006792177593734072,0.14890771408427203,12,6,6,0.0,0,0,2,2,"{1: 124, 2: 60, 3: 57, 4: 35, 5: 22}","{1: 136, 2: 63, 3: 44, 4: 32, 5: 23}"
2.0,0.06,0.14,12,True,False,0.6605813406198595,-0.0006792177593734072,0.14890771408427203,12,6,6,0.0,0,0,2,2,"{1: 124, 2: 60, 3: 57, 4: 35, 5: 22}","{1: 136, 2: 63, 3: 44, 4: 32, 5: 23}"
1.0,0.06,0.1,12,False,False,0.6605813406198595,-0.0006792177593734072,0.16233053287621838,12,5,7,-0.16666666666666666,0,0,7,6,"{1: 125, 2: 62, 3: 55, 4: 34, 5: 22}","{1: 138, 2: 62, 3: 44, 4: 31, 5: 23}"
1.0,0.06,0.1,12,True,False,0.6605813406198595,-0.0006792177593734072,0.16233053287621838,12,5,7,-0.16666666666666666,0,0,7,6,"{1: 125, 2: 62, 3: 55, 4: 34, 5: 22}","{1: 138, 2: 62, 3: 44, 4: 31, 5: 23}"
1.0,0.06,0.04,12,False,False,0.6605813406198595,-0.0006792177593734072,0.18525804211987965,12,5,7,-0.16666666666666666,0,0,12,12,"{1: 128, 2: 60, 3: 55, 4: 33, 5: 22}","{1: 143, 2: 58, 3: 43, 4: 31, 5: 23}"
1.0,0.06,0.04,12,True,False,0.6605813406198595,-0.0006792177593734072,0.18525804211987965,12,5,7,-0.16666666666666666,0,0,12,12,"{1: 128, 2: 60, 3: 55, 4: 33, 5: 22}","{1: 143, 2: 58, 3: 43, 4: 31, 5: 23}"
1.0,0.06,0.06,12,False,False,0.6605813406198595,-0.0006792177593734072,0.18525804211987965,12,5,7,-0.16666666666666666,0,0,12,12,"{1: 128, 2: 60, 3: 55, 4: 33, 5: 22}","{1: 143, 2: 58, 3: 43, 4: 31, 5: 23}"
1.0,0.06,0.06,12,True,False,0.6605813406198595,-0.0006792177593734072,0.18525804211987965,12,5,7,-0.16666666666666666,0,0,12,12,"{1: 128, 2: 60, 3: 55, 4: 33, 5: 22}","{1: 143, 2: 58, 3: 43, 4: 31, 5: 23}"
1.0,0.06,0.08,12,False,False,0.6605813406198595,-0.0006792177593734072,0.18525804211987965,12,5,7,-0.16666666666666666,0,0,12,12,"{1: 128, 2: 59, 3: 57, 4: 32, 5: 22}","{1: 143, 2: 57, 3: 45, 4: 30, 5: 23}"
1.0,0.06,0.08,12,True,False,0.6605813406198595,-0.0006792177593734072,0.18525804211987965,12,5,7,-0.16666666666666666,0,0,12,12,"{1: 128, 2: 59, 3: 57, 4: 32, 5: 22}","{1: 143, 2: 57, 3: 45, 4: 30, 5: 23}"
1.0,0.015,0.1,4,False,False,0.6605472404214057,-0.000713317957827253,0.14555200938628546,4,1,3,-0.5,0,0,1,0,"{1: 124, 2: 59, 3: 58, 4: 35, 5: 22}","{1: 134, 2: 65, 3: 44, 4: 32, 5: 23}"
1.0,0.015,0.1,4,False,True,0.6605472404214057,-0.000713317957827253,0.14555200938628546,4,1,3,-0.5,0,1,1,1,"{1: 124, 2: 59, 3: 58, 4: 35, 5: 22}","{1: 134, 2: 65, 3: 44, 4: 33, 5: 22}"
1.0,0.015,0.1,4,True,False,0.6605472404214057,-0.000713317957827253,0.14555200938628546,4,1,3,-0.5,0,0,1,0,"{1: 124, 2: 59, 3: 58, 4: 35, 5: 22}","{1: 134, 2: 65, 3: 44, 4: 32, 5: 23}"
1.0,0.015,0.1,4,True,True,0.6605472404214057,-0.000713317957827253,0.14555200938628546,4,1,3,-0.5,0,1,1,1,"{1: 124, 2: 59, 3: 58, 4: 35, 5: 22}","{1: 134, 2: 65, 3: 44, 4: 33, 5: 22}"
0.5,0.015,0.08,4,False,False,0.6605472404214057,-0.000713317957827253,0.14555200938628549,4,1,3,-0.5,0,0,2,0,"{1: 125, 2: 58, 3: 58, 4: 35, 5: 22}","{1: 134, 2: 65, 3: 44, 4: 32, 5: 23}"
0.5,0.015,0.08,4,True,False,0.6605472404214057,-0.000713317957827253,0.14555200938628549,4,1,3,-0.5,0,0,2,0,"{1: 125, 2: 58, 3: 58, 4: 35, 5: 22}","{1: 134, 2: 65, 3: 44, 4: 32, 5: 23}"
0.5,0.015,0.1,4,False,False,0.6605472404214057,-0.000713317957827253,0.14555200938628549,4,1,3,-0.5,0,0,0,0,"{1: 123, 2: 60, 3: 58, 4: 35, 5: 22}","{1: 134, 2: 65, 3: 44, 4: 32, 5: 23}"
0.5,0.015,0.1,4,True,False,0.6605472404214057,-0.000713317957827253,0.14555200938628549,4,1,3,-0.5,0,0,0,0,"{1: 123, 2: 60, 3: 58, 4: 35, 5: 22}","{1: 134, 2: 65, 3: 44, 4: 32, 5: 23}"
2.0,0.015,0.1,4,False,True,0.6605472404214057,-0.000713317957827253,0.14555200938628549,4,1,3,-0.5,0,1,2,1,"{1: 125, 2: 58, 3: 58, 4: 35, 5: 22}","{1: 134, 2: 65, 3: 44, 4: 33, 5: 22}"
2.0,0.015,0.1,4,True,True,0.6605472404214057,-0.000713317957827253,0.14555200938628549,4,1,3,-0.5,0,1,2,1,"{1: 125, 2: 58, 3: 58, 4: 35, 5: 22}","{1: 134, 2: 65, 3: 44, 4: 33, 5: 22}"
1.0,0.015,0.04,4,False,True,0.6605472404214057,-0.000713317957827253,0.15841240453598707,4,1,3,-0.5,0,1,4,4,"{1: 126, 2: 58, 3: 57, 4: 35, 5: 22}","{1: 137, 2: 62, 3: 44, 4: 33, 5: 22}"
1.0,0.015,0.04,4,True,True,0.6605472404214057,-0.000713317957827253,0.15841240453598707,4,1,3,-0.5,0,1,4,4,"{1: 126, 2: 58, 3: 57, 4: 35, 5: 22}","{1: 137, 2: 62, 3: 44, 4: 33, 5: 22}"
1.0,0.015,0.06,4,False,True,0.6605472404214057,-0.000713317957827253,0.15841240453598707,4,1,3,-0.5,0,1,4,4,"{1: 126, 2: 58, 3: 57, 4: 35, 5: 22}","{1: 137, 2: 62, 3: 44, 4: 33, 5: 22}"
1.0,0.015,0.06,4,True,True,0.6605472404214057,-0.000713317957827253,0.15841240453598707,4,1,3,-0.5,0,1,4,4,"{1: 126, 2: 58, 3: 57, 4: 35, 5: 22}","{1: 137, 2: 62, 3: 44, 4: 33, 5: 22}"
1.0,0.015,0.08,4,False,True,0.6605472404214057,-0.000713317957827253,0.15841240453598707,4,1,3,-0.5,0,1,4,4,"{1: 126, 2: 58, 3: 57, 4: 35, 5: 22}","{1: 137, 2: 62, 3: 44, 4: 33, 5: 22}"
1.0,0.015,0.08,4,True,True,0.6605472404214057,-0.000713317957827253,0.15841240453598707,4,1,3,-0.5,0,1,4,4,"{1: 126, 2: 58, 3: 57, 4: 35, 5: 22}","{1: 137, 2: 62, 3: 44, 4: 33, 5: 22}"
2.0,0.015,0.04,4,False,True,0.6605472404214057,-0.000713317957827253,0.15841240453598707,4,1,3,-0.5,0,1,4,4,"{1: 126, 2: 58, 3: 57, 4: 35, 5: 22}","{1: 137, 2: 62, 3: 44, 4: 33, 5: 22}"
2.0,0.015,0.04,4,True,True,0.6605472404214057,-0.000713317957827253,0.15841240453598707,4,1,3,-0.5,0,1,4,4,"{1: 126, 2: 58, 3: 57, 4: 35, 5: 22}","{1: 137, 2: 62, 3: 44, 4: 33, 5: 22}"
2.0,0.015,0.06,4,False,True,0.6605472404214057,-0.000713317957827253,0.15841240453598707,4,1,3,-0.5,0,1,4,4,"{1: 126, 2: 58, 3: 57, 4: 35, 5: 22}","{1: 137, 2: 62, 3: 44, 4: 33, 5: 22}"
2.0,0.015,0.06,4,True,True,0.6605472404214057,-0.000713317957827253,0.15841240453598707,4,1,3,-0.5,0,1,4,4,"{1: 126, 2: 58, 3: 57, 4: 35, 5: 22}","{1: 137, 2: 62, 3: 44, 4: 33, 5: 22}"
2.0,0.015,0.08,4,False,True,0.6605472404214057,-0.000713317957827253,0.15841240453598707,4,1,3,-0.5,0,1,4,4,"{1: 126, 2: 58, 3: 57, 4: 35, 5: 22}","{1: 137, 2: 62, 3: 44, 4: 33, 5: 22}"
2.0,0.015,0.08,4,True,True,0.6605472404214057,-0.000713317957827253,0.15841240453598707,4,1,3,-0.5,0,1,4,4,"{1: 126, 2: 58, 3: 57, 4: 35, 5: 22}","{1: 137, 2: 62, 3: 44, 4: 33, 5: 22}"
0.5,0.015,0.04,4,False,False,0.6605472404214057,-0.000713317957827253,0.16176810923397367,4,1,3,-0.5,0,0,4,4,"{1: 126, 2: 58, 3: 57, 4: 35, 5: 22}","{1: 138, 2: 61, 3: 44, 4: 32, 5: 23}"
0.5,0.015,0.04,4,True,False,0.6605472404214057,-0.000713317957827253,0.16176810923397367,4,1,3,-0.5,0,0,4,4,"{1: 126, 2: 58, 3: 57, 4: 35, 5: 22}","{1: 138, 2: 61, 3: 44, 4: 32, 5: 23}"
0.5,0.015,0.06,4,False,False,0.6605472404214057,-0.000713317957827253,0.16176810923397367,4,1,3,-0.5,0,0,4,4,"{1: 126, 2: 58, 3: 57, 4: 35, 5: 22}","{1: 138, 2: 61, 3: 44, 4: 32, 5: 23}"
0.5,0.015,0.06,4,True,False,0.6605472404214057,-0.000713317957827253,0.16176810923397367,4,1,3,-0.5,0,0,4,4,"{1: 126, 2: 58, 3: 57, 4: 35, 5: 22}","{1: 138, 2: 61, 3: 44, 4: 32, 5: 23}"
1.0,0.015,0.04,4,False,False,0.6605472404214057,-0.000713317957827253,0.16176810923397367,4,1,3,-0.5,0,0,4,4,"{1: 126, 2: 58, 3: 57, 4: 35, 5: 22}","{1: 138, 2: 61, 3: 44, 4: 32, 5: 23}"
1.0,0.015,0.04,4,True,False,0.6605472404214057,-0.000713317957827253,0.16176810923397367,4,1,3,-0.5,0,0,4,4,"{1: 126, 2: 58, 3: 57, 4: 35, 5: 22}","{1: 138, 2: 61, 3: 44, 4: 32, 5: 23}"
1.0,0.015,0.06,4,False,False,0.6605472404214057,-0.000713317957827253,0.16176810923397367,4,1,3,-0.5,0,0,4,4,"{1: 126, 2: 58, 3: 57, 4: 35, 5: 22}","{1: 138, 2: 61, 3: 44, 4: 32, 5: 23}"
1.0,0.015,0.06,4,True,False,0.6605472404214057,-0.000713317957827253,0.16176810923397367,4,1,3,-0.5,0,0,4,4,"{1: 126, 2: 58, 3: 57, 4: 35, 5: 22}","{1: 138, 2: 61, 3: 44, 4: 32, 5: 23}"
1.0,0.015,0.08,4,False,False,0.6605472404214057,-0.000713317957827253,0.16176810923397367,4,1,3,-0.5,0,0,3,4,"{1: 126, 2: 57, 3: 58, 4: 35, 5: 22}","{1: 138, 2: 61, 3: 44, 4: 32, 5: 23}"
1.0,0.015,0.08,4,True,False,0.6605472404214057,-0.000713317957827253,0.16176810923397367,4,1,3,-0.5,0,0,3,4,"{1: 126, 2: 57, 3: 58, 4: 35, 5: 22}","{1: 138, 2: 61, 3: 44, 4: 32, 5: 23}"
0.5,0.04,0.1,6,False,True,0.6605380168199548,-0.0007225415592780893,0.1522634187822586,6,2,4,-0.3333333333333333,0,1,1,5,"{1: 123, 2: 61, 3: 57, 4: 35, 5: 22}","{1: 137, 2: 63, 3: 43, 4: 33, 5: 22}"
0.5,0.04,0.1,6,True,True,0.6605380168199548,-0.0007225415592780893,0.1522634187822586,6,2,4,-0.3333333333333333,0,1,1,5,"{1: 123, 2: 61, 3: 57, 4: 35, 5: 22}","{1: 137, 2: 63, 3: 43, 4: 33, 5: 22}"
1.0,0.04,0.1,6,False,True,0.6605380168199548,-0.0007225415592780893,0.1556191234802452,6,2,4,-0.3333333333333333,0,1,3,5,"{1: 124, 2: 61, 3: 56, 4: 35, 5: 22}","{1: 137, 2: 63, 3: 43, 4: 33, 5: 22}"
1.0,0.04,0.1,6,True,True,0.6605380168199548,-0.0007225415592780893,0.1556191234802452,6,2,4,-0.3333333333333333,0,1,3,5,"{1: 124, 2: 61, 3: 56, 4: 35, 5: 22}","{1: 137, 2: 63, 3: 43, 4: 33, 5: 22}"
0.5,0.04,0.08,6,False,True,0.6605380168199548,-0.0007225415592780893,0.15897482817823175,6,2,4,-0.3333333333333333,0,1,6,6,"{1: 125, 2: 61, 3: 56, 4: 34, 5: 22}","{1: 137, 2: 63, 3: 44, 4: 32, 5: 22}"
0.5,0.04,0.08,6,True,True,0.6605380168199548,-0.0007225415592780893,0.15897482817823175,6,2,4,-0.3333333333333333,0,1,6,6,"{1: 125, 2: 61, 3: 56, 4: 34, 5: 22}","{1: 137, 2: 63, 3: 44, 4: 32, 5: 22}"
0.5,0.04,0.04,6,False,True,0.6605380168199548,-0.0007225415592780893,0.1651238139319602,6,2,4,-0.3333333333333333,0,1,6,6,"{1: 126, 2: 60, 3: 55, 4: 35, 5: 22}","{1: 139, 2: 60, 3: 44, 4: 33, 5: 22}"
0.5,0.04,0.04,6,True,True,0.6605380168199548,-0.0007225415592780893,0.1651238139319602,6,2,4,-0.3333333333333333,0,1,6,6,"{1: 126, 2: 60, 3: 55, 4: 35, 5: 22}","{1: 139, 2: 60, 3: 44, 4: 33, 5: 22}"
0.5,0.04,0.06,6,False,True,0.6605380168199548,-0.0007225415592780893,0.1651238139319602,6,2,4,-0.3333333333333333,0,1,6,6,"{1: 126, 2: 60, 3: 55, 4: 35, 5: 22}","{1: 139, 2: 60, 3: 44, 4: 33, 5: 22}"
0.5,0.04,0.06,6,True,True,0.6605380168199548,-0.0007225415592780893,0.1651238139319602,6,2,4,-0.3333333333333333,0,1,6,6,"{1: 126, 2: 60, 3: 55, 4: 35, 5: 22}","{1: 139, 2: 60, 3: 44, 4: 33, 5: 22}"
1.0,0.04,0.04,6,False,True,0.6605380168199548,-0.0007225415592780893,0.1651238139319602,6,2,4,-0.3333333333333333,0,1,6,6,"{1: 126, 2: 60, 3: 55, 4: 35, 5: 22}","{1: 139, 2: 60, 3: 44, 4: 33, 5: 22}"
1.0,0.04,0.04,6,True,True,0.6605380168199548,-0.0007225415592780893,0.1651238139319602,6,2,4,-0.3333333333333333,0,1,6,6,"{1: 126, 2: 60, 3: 55, 4: 35, 5: 22}","{1: 139, 2: 60, 3: 44, 4: 33, 5: 22}"
1.0,0.04,0.06,6,False,True,0.6605380168199548,-0.0007225415592780893,0.1651238139319602,6,2,4,-0.3333333333333333,0,1,6,6,"{1: 126, 2: 60, 3: 55, 4: 35, 5: 22}","{1: 139, 2: 60, 3: 44, 4: 33, 5: 22}"
1.0,0.04,0.06,6,True,True,0.6605380168199548,-0.0007225415592780893,0.1651238139319602,6,2,4,-0.3333333333333333,0,1,6,6,"{1: 126, 2: 60, 3: 55, 4: 35, 5: 22}","{1: 139, 2: 60, 3: 44, 4: 33, 5: 22}"
1.0,0.04,0.08,6,False,True,0.6605380168199548,-0.0007225415592780893,0.1651238139319602,6,2,4,-0.3333333333333333,0,1,6,6,"{1: 126, 2: 60, 3: 55, 4: 35, 5: 22}","{1: 139, 2: 60, 3: 44, 4: 33, 5: 22}"
1.0,0.04,0.08,6,True,True,0.6605380168199548,-0.0007225415592780893,0.1651238139319602,6,2,4,-0.3333333333333333,0,1,6,6,"{1: 126, 2: 60, 3: 55, 4: 35, 5: 22}","{1: 139, 2: 60, 3: 44, 4: 33, 5: 22}"
1.0,0.08,0.14,6,False,True,0.6605341688534678,-0.0007263895257650921,0.14555200938628549,6,2,4,-0.3333333333333333,0,2,1,1,"{1: 124, 2: 59, 3: 58, 4: 35, 5: 22}","{1: 135, 2: 64, 3: 44, 4: 32, 5: 23}"
1.0,0.08,0.14,6,True,True,0.6605341688534678,-0.0007263895257650921,0.14555200938628549,6,2,4,-0.3333333333333333,0,2,1,1,"{1: 124, 2: 59, 3: 58, 4: 35, 5: 22}","{1: 135, 2: 64, 3: 44, 4: 32, 5: 23}"
2.0,0.08,0.14,6,False,True,0.6605341688534678,-0.0007263895257650921,0.14890771408427203,6,2,4,-0.3333333333333333,0,2,3,3,"{1: 124, 2: 60, 3: 57, 4: 36, 5: 21}","{1: 136, 2: 63, 3: 44, 4: 33, 5: 22}"
2.0,0.08,0.14,6,True,True,0.6605341688534678,-0.0007263895257650921,0.14890771408427203,6,2,4,-0.3333333333333333,0,2,3,3,"{1: 124, 2: 60, 3: 57, 4: 36, 5: 21}","{1: 136, 2: 63, 3: 44, 4: 33, 5: 22}"
2.0,0.08,0.1,6,False,True,0.6605341688534678,-0.0007263895257650921,0.16176810923397364,6,2,4,-0.3333333333333333,0,2,6,6,"{1: 126, 2: 59, 3: 56, 4: 36, 5: 21}","{1: 138, 2: 62, 3: 43, 4: 33, 5: 22}"
2.0,0.08,0.1,6,True,True,0.6605341688534678,-0.0007263895257650921,0.16176810923397364,6,2,4,-0.3333333333333333,0,2,6,6,"{1: 126, 2: 59, 3: 56, 4: 36, 5: 21}","{1: 138, 2: 62, 3: 43, 4: 33, 5: 22}"
2.0,0.08,0.04,6,False,True,0.6605341688534678,-0.0007263895257650921,0.1651238139319602,6,2,4,-0.3333333333333333,0,2,6,6,"{1: 126, 2: 59, 3: 56, 4: 36, 5: 21}","{1: 139, 2: 60, 3: 44, 4: 33, 5: 22}"
2.0,0.08,0.04,6,True,True,0.6605341688534678,-0.0007263895257650921,0.1651238139319602,6,2,4,-0.3333333333333333,0,2,6,6,"{1: 126, 2: 59, 3: 56, 4: 36, 5: 21}","{1: 139, 2: 60, 3: 44, 4: 33, 5: 22}"
2.0,0.08,0.06,6,False,True,0.6605341688534678,-0.0007263895257650921,0.1651238139319602,6,2,4,-0.3333333333333333,0,2,6,6,"{1: 126, 2: 59, 3: 56, 4: 36, 5: 21}","{1: 139, 2: 60, 3: 44, 4: 33, 5: 22}"
2.0,0.08,0.06,6,True,True,0.6605341688534678,-0.0007263895257650921,0.1651238139319602,6,2,4,-0.3333333333333333,0,2,6,6,"{1: 126, 2: 59, 3: 56, 4: 36, 5: 21}","{1: 139, 2: 60, 3: 44, 4: 33, 5: 22}"
2.0,0.08,0.08,6,False,True,0.6605341688534678,-0.0007263895257650921,0.1651238139319602,6,2,4,-0.3333333333333333,0,2,6,6,"{1: 126, 2: 59, 3: 56, 4: 36, 5: 21}","{1: 139, 2: 60, 3: 44, 4: 33, 5: 22}"
2.0,0.08,0.08,6,True,True,0.6605341688534678,-0.0007263895257650921,0.1651238139319602,6,2,4,-0.3333333333333333,0,2,6,6,"{1: 126, 2: 59, 3: 56, 4: 36, 5: 21}","{1: 139, 2: 60, 3: 44, 4: 33, 5: 22}"
1.0,0.04,0.1,8,False,False,0.6605287927172434,-0.0007317656619895141,0.15226341878225863,8,3,5,-0.25,0,0,2,4,"{1: 124, 2: 60, 3: 57, 4: 35, 5: 22}","{1: 137, 2: 63, 3: 43, 4: 32, 5: 23}"
1.0,0.04,0.1,8,True,False,0.6605287927172434,-0.0007317656619895141,0.15226341878225863,8,3,5,-0.25,0,0,2,4,"{1: 124, 2: 60, 3: 57, 4: 35, 5: 22}","{1: 137, 2: 63, 3: 43, 4: 32, 5: 23}"
0.5,0.08,0.1,8,False,True,0.6605287927172434,-0.0007317656619895141,0.16176810923397364,8,3,5,-0.25,0,2,8,8,"{1: 125, 2: 61, 3: 57, 4: 34, 5: 21}","{1: 139, 2: 61, 3: 44, 4: 32, 5: 22}"
0.5,0.08,0.1,8,True,True,0.6605287927172434,-0.0007317656619895141,0.16176810923397364,8,3,5,-0.25,0,2,8,8,"{1: 125, 2: 61, 3: 57, 4: 34, 5: 21}","{1: 139, 2: 61, 3: 44, 4: 32, 5: 22}"
1.0,0.06,0.1,8,False,False,0.6605287927172434,-0.0007317656619895141,0.16233053287621838,8,3,5,-0.25,0,0,7,6,"{1: 125, 2: 62, 3: 55, 4: 34, 5: 22}","{1: 138, 2: 62, 3: 44, 4: 31, 5: 23}"
1.0,0.06,0.1,8,True,False,0.6605287927172434,-0.0007317656619895141,0.16233053287621838,8,3,5,-0.25,0,0,7,6,"{1: 125, 2: 62, 3: 55, 4: 34, 5: 22}","{1: 138, 2: 62, 3: 44, 4: 31, 5: 23}"
0.5,0.08,0.08,8,False,True,0.6605287927172434,-0.0007317656619895141,0.16512381393196018,8,3,5,-0.25,0,2,8,8,"{1: 126, 2: 61, 3: 54, 4: 36, 5: 21}","{1: 139, 2: 61, 3: 44, 4: 32, 5: 22}"
0.5,0.08,0.08,8,True,True,0.6605287927172434,-0.0007317656619895141,0.16512381393196018,8,3,5,-0.25,0,2,8,8,"{1: 126, 2: 61, 3: 54, 4: 36, 5: 21}","{1: 139, 2: 61, 3: 44, 4: 32, 5: 22}"
0.5,0.08,0.04,8,False,True,0.6605287927172434,-0.0007317656619895141,0.17183522332793336,8,3,5,-0.25,0,2,8,8,"{1: 126, 2: 61, 3: 54, 4: 36, 5: 21}","{1: 141, 2: 58, 3: 44, 4: 33, 5: 22}"
0.5,0.08,0.04,8,True,True,0.6605287927172434,-0.0007317656619895141,0.17183522332793336,8,3,5,-0.25,0,2,8,8,"{1: 126, 2: 61, 3: 54, 4: 36, 5: 21}","{1: 141, 2: 58, 3: 44, 4: 33, 5: 22}"
0.5,0.08,0.06,8,False,True,0.6605287927172434,-0.0007317656619895141,0.17183522332793336,8,3,5,-0.25,0,2,8,8,"{1: 126, 2: 61, 3: 54, 4: 36, 5: 21}","{1: 141, 2: 58, 3: 44, 4: 33, 5: 22}"
0.5,0.08,0.06,8,True,True,0.6605287927172434,-0.0007317656619895141,0.17183522332793336,8,3,5,-0.25,0,2,8,8,"{1: 126, 2: 61, 3: 54, 4: 36, 5: 21}","{1: 141, 2: 58, 3: 44, 4: 33, 5: 22}"
1.0,0.04,0.08,8,False,False,0.6605287927172434,-0.0007317656619895141,0.17183522332793336,8,3,5,-0.25,0,0,6,8,"{1: 126, 2: 58, 3: 59, 4: 33, 5: 22}","{1: 141, 2: 59, 3: 43, 4: 32, 5: 23}"
1.0,0.04,0.08,8,True,False,0.6605287927172434,-0.0007317656619895141,0.17183522332793336,8,3,5,-0.25,0,0,6,8,"{1: 126, 2: 58, 3: 59, 4: 33, 5: 22}","{1: 141, 2: 59, 3: 43, 4: 32, 5: 23}"
1.0,0.04,0.04,8,False,False,0.6605287927172434,-0.0007317656619895141,0.17519092802591996,8,3,5,-0.25,0,0,8,8,"{1: 127, 2: 59, 3: 56, 4: 34, 5: 22}","{1: 141, 2: 59, 3: 43, 4: 32, 5: 23}"
1.0,0.04,0.04,8,True,False,0.6605287927172434,-0.0007317656619895141,0.17519092802591996,8,3,5,-0.25,0,0,8,8,"{1: 127, 2: 59, 3: 56, 4: 34, 5: 22}","{1: 141, 2: 59, 3: 43, 4: 32, 5: 23}"
1.0,0.04,0.06,8,False,False,0.6605287927172434,-0.0007317656619895141,0.17519092802591996,8,3,5,-0.25,0,0,8,8,"{1: 127, 2: 59, 3: 56, 4: 34, 5: 22}","{1: 141, 2: 59, 3: 43, 4: 32, 5: 23}"
1.0,0.04,0.06,8,True,False,0.6605287927172434,-0.0007317656619895141,0.17519092802591996,8,3,5,-0.25,0,0,8,8,"{1: 127, 2: 59, 3: 56, 4: 34, 5: 22}","{1: 141, 2: 59, 3: 43, 4: 32, 5: 23}"
1.0,0.06,0.04,8,False,False,0.6605287927172434,-0.0007317656619895141,0.17519092802591996,8,3,5,-0.25,0,0,8,8,"{1: 127, 2: 59, 3: 56, 4: 34, 5: 22}","{1: 141, 2: 59, 3: 43, 4: 32, 5: 23}"
1.0,0.06,0.04,8,True,False,0.6605287927172434,-0.0007317656619895141,0.17519092802591996,8,3,5,-0.25,0,0,8,8,"{1: 127, 2: 59, 3: 56, 4: 34, 5: 22}","{1: 141, 2: 59, 3: 43, 4: 32, 5: 23}"
1.0,0.06,0.06,8,False,False,0.6605287927172434,-0.0007317656619895141,0.17519092802591996,8,3,5,-0.25,0,0,8,8,"{1: 127, 2: 59, 3: 56, 4: 34, 5: 22}","{1: 141, 2: 59, 3: 43, 4: 32, 5: 23}"
1.0,0.06,0.06,8,True,False,0.6605287927172434,-0.0007317656619895141,0.17519092802591996,8,3,5,-0.25,0,0,8,8,"{1: 127, 2: 59, 3: 56, 4: 34, 5: 22}","{1: 141, 2: 59, 3: 43, 4: 32, 5: 23}"
1.0,0.06,0.08,8,False,False,0.6605287927172434,-0.0007317656619895141,0.17519092802591996,8,3,5,-0.25,0,0,8,8,"{1: 127, 2: 59, 3: 56, 4: 34, 5: 22}","{1: 141, 2: 59, 3: 43, 4: 32, 5: 23}"
1.0,0.06,0.08,8,True,False,0.6605287927172434,-0.0007317656619895141,0.17519092802591996,8,3,5,-0.25,0,0,8,8,"{1: 127, 2: 59, 3: 56, 4: 34, 5: 22}","{1: 141, 2: 59, 3: 43, 4: 32, 5: 23}"
1.0,0.08,0.14,8,False,True,0.6605249388544797,-0.000735619524753206,0.14555200938628549,8,3,5,-0.25,0,2,1,1,"{1: 124, 2: 59, 3: 58, 4: 35, 5: 22}","{1: 135, 2: 64, 3: 44, 4: 32, 5: 23}"
1.0,0.08,0.14,8,True,True,0.6605249388544797,-0.000735619524753206,0.14555200938628549,8,3,5,-0.25,0,2,1,1,"{1: 124, 2: 59, 3: 58, 4: 35, 5: 22}","{1: 135, 2: 64, 3: 44, 4: 32, 5: 23}"
2.0,0.06,0.14,10,False,False,0.6605195681132308,-0.0007409902660021617,0.14890771408427203,10,5,5,0.0,0,0,2,2,"{1: 124, 2: 60, 3: 57, 4: 35, 5: 22}","{1: 136, 2: 63, 3: 44, 4: 32, 5: 23}"
2.0,0.06,0.14,10,True,False,0.6605195681132308,-0.0007409902660021617,0.14890771408427203,10,5,5,0.0,0,0,2,2,"{1: 124, 2: 60, 3: 57, 4: 35, 5: 22}","{1: 136, 2: 63, 3: 44, 4: 32, 5: 23}"
2.0,0.015,0.1,12,False,False,0.6605103430078758,-0.0007502153713571103,0.14555200938628549,12,4,8,-0.3333333333333333,0,0,2,0,"{1: 125, 2: 58, 3: 58, 4: 35, 5: 22}","{1: 134, 2: 65, 3: 44, 4: 32, 5: 23}"
2.0,0.015,0.1,12,True,False,0.6605103430078758,-0.0007502153713571103,0.14555200938628549,12,4,8,-0.3333333333333333,0,0,2,0,"{1: 125, 2: 58, 3: 58, 4: 35, 5: 22}","{1: 134, 2: 65, 3: 44, 4: 32, 5: 23}"
1.0,0.08,0.1,12,False,False,0.6605103430078758,-0.0007502153713571103,0.1651238139319602,12,5,7,-0.16666666666666666,0,0,9,7,"{1: 127, 2: 60, 3: 55, 4: 34, 5: 22}","{1: 138, 2: 62, 3: 45, 4: 30, 5: 23}"
1.0,0.08,0.1,12,True,False,0.6605103430078758,-0.0007502153713571103,0.1651238139319602,12,5,7,-0.16666666666666666,0,0,9,7,"{1: 127, 2: 60, 3: 55, 4: 34, 5: 22}","{1: 138, 2: 62, 3: 45, 4: 30, 5: 23}"
1.0,0.08,0.04,12,False,False,0.6605103430078758,-0.0007502153713571103,0.18525804211987965,12,5,7,-0.16666666666666666,0,0,12,12,"{1: 128, 2: 60, 3: 55, 4: 33, 5: 22}","{1: 143, 2: 58, 3: 43, 4: 31, 5: 23}"
1.0,0.08,0.04,12,True,False,0.6605103430078758,-0.0007502153713571103,0.18525804211987965,12,5,7,-0.16666666666666666,0,0,12,12,"{1: 128, 2: 60, 3: 55, 4: 33, 5: 22}","{1: 143, 2: 58, 3: 43, 4: 31, 5: 23}"
1.0,0.08,0.06,12,False,False,0.6605103430078758,-0.0007502153713571103,0.18525804211987965,12,5,7,-0.16666666666666666,0,0,12,12,"{1: 128, 2: 60, 3: 55, 4: 33, 5: 22}","{1: 143, 2: 58, 3: 43, 4: 31, 5: 23}"
1.0,0.08,0.06,12,True,False,0.6605103430078758,-0.0007502153713571103,0.18525804211987965,12,5,7,-0.16666666666666666,0,0,12,12,"{1: 128, 2: 60, 3: 55, 4: 33, 5: 22}","{1: 143, 2: 58, 3: 43, 4: 31, 5: 23}"
1.0,0.08,0.08,12,False,False,0.6605103430078758,-0.0007502153713571103,0.18525804211987965,12,5,7,-0.16666666666666666,0,0,12,12,"{1: 128, 2: 59, 3: 57, 4: 32, 5: 22}","{1: 143, 2: 57, 3: 45, 4: 30, 5: 23}"
1.0,0.08,0.08,12,True,False,0.6605103430078758,-0.0007502153713571103,0.18525804211987965,12,5,7,-0.16666666666666666,0,0,12,12,"{1: 128, 2: 59, 3: 57, 4: 32, 5: 22}","{1: 143, 2: 57, 3: 45, 4: 30, 5: 23}"
2.0,0.06,0.1,12,False,True,0.6605064773506522,-0.0007540810285807664,0.16568623757420492,12,6,6,0.0,0,5,10,8,"{1: 126, 2: 62, 3: 54, 4: 35, 5: 21}","{1: 139, 2: 61, 3: 44, 4: 32, 5: 22}"
2.0,0.06,0.1,12,True,True,0.6605064773506522,-0.0007540810285807664,0.16568623757420492,12,6,6,0.0,0,5,10,8,"{1: 126, 2: 62, 3: 54, 4: 35, 5: 21}","{1: 139, 2: 61, 3: 44, 4: 32, 5: 22}"
2.0,0.06,0.04,12,False,True,0.6605064773506522,-0.0007540810285807664,0.18190233742189313,12,6,6,0.0,0,5,12,12,"{1: 127, 2: 62, 3: 53, 4: 35, 5: 21}","{1: 143, 2: 57, 3: 44, 4: 32, 5: 22}"
2.0,0.06,0.04,12,True,True,0.6605064773506522,-0.0007540810285807664,0.18190233742189313,12,6,6,0.0,0,5,12,12,"{1: 127, 2: 62, 3: 53, 4: 35, 5: 21}","{1: 143, 2: 57, 3: 44, 4: 32, 5: 22}"
2.0,0.06,0.06,12,False,True,0.6605064773506522,-0.0007540810285807664,0.18190233742189313,12,6,6,0.0,0,5,12,12,"{1: 127, 2: 62, 3: 53, 4: 35, 5: 21}","{1: 143, 2: 57, 3: 44, 4: 32, 5: 22}"
2.0,0.06,0.06,12,True,True,0.6605064773506522,-0.0007540810285807664,0.18190233742189313,12,6,6,0.0,0,5,12,12,"{1: 127, 2: 62, 3: 53, 4: 35, 5: 21}","{1: 143, 2: 57, 3: 44, 4: 32, 5: 22}"
2.0,0.06,0.08,12,False,True,0.6605064773506522,-0.0007540810285807664,0.18190233742189313,12,6,6,0.0,0,5,12,12,"{1: 127, 2: 62, 3: 53, 4: 35, 5: 21}","{1: 143, 2: 57, 3: 44, 4: 32, 5: 22}"
2.0,0.06,0.08,12,True,True,0.6605064773506522,-0.0007540810285807664,0.18190233742189313,12,6,6,0.0,0,5,12,12,"{1: 127, 2: 62, 3: 53, 4: 35, 5: 21}","{1: 143, 2: 57, 3: 44, 4: 32, 5: 22}"
1.0,0.025,0.1,6,False,False,0.6604670010804797,-0.0007935572987531891,0.14890771408427206,6,2,4,-0.3333333333333333,0,0,2,1,"{1: 124, 2: 60, 3: 57, 4: 35, 5: 22}","{1: 135, 2: 64, 3: 44, 4: 32, 5: 23}"
1.0,0.025,0.1,6,True,False,0.6604670010804797,-0.0007935572987531891,0.14890771408427206,6,2,4,-0.3333333333333333,0,0,2,1,"{1: 124, 2: 60, 3: 57, 4: 35, 5: 22}","{1: 135, 2: 64, 3: 44, 4: 32, 5: 23}"
1.0,0.025,0.08,6,False,False,0.6604670010804797,-0.0007935572987531891,0.1651238139319602,6,2,4,-0.3333333333333333,0,0,4,5,"{1: 126, 2: 58, 3: 57, 4: 35, 5: 22}","{1: 139, 2: 60, 3: 44, 4: 32, 5: 23}"
1.0,0.025,0.08,6,True,False,0.6604670010804797,-0.0007935572987531891,0.1651238139319602,6,2,4,-0.3333333333333333,0,0,4,5,"{1: 126, 2: 58, 3: 57, 4: 35, 5: 22}","{1: 139, 2: 60, 3: 44, 4: 32, 5: 23}"
1.0,0.025,0.04,6,False,False,0.6604670010804797,-0.0007935572987531891,0.17183522332793336,6,2,4,-0.3333333333333333,0,0,6,6,"{1: 127, 2: 58, 3: 56, 4: 35, 5: 22}","{1: 140, 2: 59, 3: 44, 4: 32, 5: 23}"
1.0,0.025,0.04,6,True,False,0.6604670010804797,-0.0007935572987531891,0.17183522332793336,6,2,4,-0.3333333333333333,0,0,6,6,"{1: 127, 2: 58, 3: 56, 4: 35, 5: 22}","{1: 140, 2: 59, 3: 44, 4: 32, 5: 23}"
1.0,0.025,0.06,6,False,False,0.6604670010804797,-0.0007935572987531891,0.17183522332793336,6,2,4,-0.3333333333333333,0,0,6,6,"{1: 127, 2: 58, 3: 56, 4: 35, 5: 22}","{1: 140, 2: 59, 3: 44, 4: 32, 5: 23}"
1.0,0.025,0.06,6,True,False,0.6604670010804797,-0.0007935572987531891,0.17183522332793336,6,2,4,-0.3333333333333333,0,0,6,6,"{1: 127, 2: 58, 3: 56, 4: 35, 5: 22}","{1: 140, 2: 59, 3: 44, 4: 32, 5: 23}"
2.0,0.06,0.14,15,False,True,0.6604590435746109,-0.0008015148046219833,0.14890771408427203,15,8,7,0.06666666666666667,0,5,3,3,"{1: 124, 2: 60, 3: 57, 4: 36, 5: 21}","{1: 136, 2: 63, 3: 44, 4: 33, 5: 22}"
2.0,0.06,0.14,15,True,True,0.6604590435746109,-0.0008015148046219833,0.14890771408427203,15,8,7,0.06666666666666667,0,5,3,3,"{1: 124, 2: 60, 3: 57, 4: 36, 5: 21}","{1: 136, 2: 63, 3: 44, 4: 33, 5: 22}"
2.0,0.04,0.1,15,False,True,0.6604590435746109,-0.0008015148046219833,0.15561912348024518,15,8,7,0.06666666666666667,0,6,4,5,"{1: 125, 2: 60, 3: 56, 4: 35, 5: 22}","{1: 137, 2: 63, 3: 43, 4: 33, 5: 22}"
2.0,0.04,0.1,15,True,True,0.6604590435746109,-0.0008015148046219833,0.15561912348024518,15,8,7,0.06666666666666667,0,6,4,5,"{1: 125, 2: 60, 3: 56, 4: 35, 5: 22}","{1: 137, 2: 63, 3: 43, 4: 33, 5: 22}"
2.0,0.04,0.08,15,False,True,0.6604590435746109,-0.0008015148046219833,0.17519092802591996,15,8,7,0.06666666666666667,0,6,10,11,"{1: 126, 2: 62, 3: 55, 4: 33, 5: 22}","{1: 142, 2: 58, 3: 44, 4: 32, 5: 22}"
2.0,0.04,0.08,15,True,True,0.6604590435746109,-0.0008015148046219833,0.17519092802591996,15,8,7,0.06666666666666667,0,6,10,11,"{1: 126, 2: 62, 3: 55, 4: 33, 5: 22}","{1: 142, 2: 58, 3: 44, 4: 32, 5: 22}"
2.0,0.04,0.04,15,False,True,0.6604590435746109,-0.0008015148046219833,0.18917617046011098,15,8,7,0.06666666666666667,0,6,15,15,"{1: 127, 2: 65, 3: 51, 4: 33, 5: 22}","{1: 143, 2: 60, 3: 41, 4: 32, 5: 22}"
2.0,0.04,0.04,15,True,True,0.6604590435746109,-0.0008015148046219833,0.18917617046011098,15,8,7,0.06666666666666667,0,6,15,15,"{1: 127, 2: 65, 3: 51, 4: 33, 5: 22}","{1: 143, 2: 60, 3: 41, 4: 32, 5: 22}"
2.0,0.04,0.06,15,False,True,0.6604590435746109,-0.0008015148046219833,0.18917617046011098,15,8,7,0.06666666666666667,0,6,15,15,"{1: 127, 2: 65, 3: 51, 4: 33, 5: 22}","{1: 143, 2: 60, 3: 41, 4: 32, 5: 22}"
2.0,0.04,0.06,15,True,True,0.6604590435746109,-0.0008015148046219833,0.18917617046011098,15,8,7,0.06666666666666667,0,6,15,15,"{1: 127, 2: 65, 3: 51, 4: 33, 5: 22}","{1: 143, 2: 60, 3: 41, 4: 32, 5: 22}"
2.0,0.04,0.14,8,False,False,0.6604577731179317,-0.0008027852613011754,0.14555200938628546,8,4,4,0.0,0,0,0,1,"{1: 123, 2: 60, 3: 58, 4: 35, 5: 22}","{1: 135, 2: 64, 3: 44, 4: 32, 5: 23}"
2.0,0.04,0.14,8,True,False,0.6604577731179317,-0.0008027852613011754,0.14555200938628546,8,4,4,0.0,0,0,0,1,"{1: 123, 2: 60, 3: 58, 4: 35, 5: 22}","{1: 135, 2: 64, 3: 44, 4: 32, 5: 23}"
2.0,0.04,0.14,10,False,False,0.6604577731179317,-0.0008027852613011754,0.14555200938628546,8,4,4,0.0,0,0,0,1,"{1: 123, 2: 60, 3: 58, 4: 35, 5: 22}","{1: 135, 2: 64, 3: 44, 4: 32, 5: 23}"
2.0,0.04,0.14,10,True,False,0.6604577731179317,-0.0008027852613011754,0.14555200938628546,8,4,4,0.0,0,0,0,1,"{1: 123, 2: 60, 3: 58, 4: 35, 5: 22}","{1: 135, 2: 64, 3: 44, 4: 32, 5: 23}"
2.0,0.04,0.14,12,False,False,0.6604577731179317,-0.0008027852613011754,0.14555200938628546,8,4,4,0.0,0,0,0,1,"{1: 123, 2: 60, 3: 58, 4: 35, 5: 22}","{1: 135, 2: 64, 3: 44, 4: 32, 5: 23}"
2.0,0.04,0.14,12,True,False,0.6604577731179317,-0.0008027852613011754,0.14555200938628546,8,4,4,0.0,0,0,0,1,"{1: 123, 2: 60, 3: 58, 4: 35, 5: 22}","{1: 135, 2: 64, 3: 44, 4: 32, 5: 23}"
2.0,0.04,0.14,15,False,False,0.6604577731179317,-0.0008027852613011754,0.14555200938628546,8,4,4,0.0,0,0,0,1,"{1: 123, 2: 60, 3: 58, 4: 35, 5: 22}","{1: 135, 2: 64, 3: 44, 4: 32, 5: 23}"
2.0,0.04,0.14,15,True,False,0.6604577731179317,-0.0008027852613011754,0.14555200938628546,8,4,4,0.0,0,0,0,1,"{1: 123, 2: 60, 3: 58, 4: 35, 5: 22}","{1: 135, 2: 64, 3: 44, 4: 32, 5: 23}"
0.5,0.08,0.1,10,False,True,0.6604485446537676,-0.0008120137254653548,0.16233053287621838,10,4,6,-0.2,0,3,9,8,"{1: 125, 2: 62, 3: 56, 4: 34, 5: 21}","{1: 139, 2: 61, 3: 44, 4: 32, 5: 22}"
0.5,0.08,0.1,10,True,True,0.6604485446537676,-0.0008120137254653548,0.16233053287621838,10,4,6,-0.2,0,3,9,8,"{1: 125, 2: 62, 3: 56, 4: 34, 5: 21}","{1: 139, 2: 61, 3: 44, 4: 32, 5: 22}"
2.0,0.06,0.1,10,False,True,0.6604485446537676,-0.0008120137254653548,0.16568623757420492,10,5,5,0.0,0,4,10,8,"{1: 126, 2: 62, 3: 54, 4: 35, 5: 21}","{1: 139, 2: 61, 3: 44, 4: 32, 5: 22}"
2.0,0.06,0.1,10,True,True,0.6604485446537676,-0.0008120137254653548,0.16568623757420492,10,5,5,0.0,0,4,10,8,"{1: 126, 2: 62, 3: 54, 4: 35, 5: 21}","{1: 139, 2: 61, 3: 44, 4: 32, 5: 22}"
1.0,0.06,0.1,10,False,True,0.6604485446537676,-0.0008120137254653548,0.16568623757420495,10,5,5,0.0,0,4,9,8,"{1: 125, 2: 63, 3: 54, 4: 35, 5: 21}","{1: 139, 2: 61, 3: 44, 4: 32, 5: 22}"
1.0,0.06,0.1,10,True,True,0.6604485446537676,-0.0008120137254653548,0.16568623757420495,10,5,5,0.0,0,4,9,8,"{1: 125, 2: 63, 3: 54, 4: 35, 5: 21}","{1: 139, 2: 61, 3: 44, 4: 32, 5: 22}"
0.5,0.08,0.08,10,False,True,0.6604485446537676,-0.0008120137254653548,0.16847951862994678,10,4,6,-0.2,0,3,10,10,"{1: 126, 2: 62, 3: 54, 4: 35, 5: 21}","{1: 140, 2: 60, 3: 45, 4: 31, 5: 22}"
0.5,0.08,0.08,10,True,True,0.6604485446537676,-0.0008120137254653548,0.16847951862994678,10,4,6,-0.2,0,3,10,10,"{1: 126, 2: 62, 3: 54, 4: 35, 5: 21}","{1: 140, 2: 60, 3: 45, 4: 31, 5: 22}"
2.0,0.06,0.04,10,False,True,0.6604485446537676,-0.0008120137254653548,0.17519092802591996,10,5,5,0.0,0,4,10,10,"{1: 127, 2: 60, 3: 55, 4: 35, 5: 21}","{1: 141, 2: 59, 3: 44, 4: 32, 5: 22}"
2.0,0.06,0.04,10,True,True,0.6604485446537676,-0.0008120137254653548,0.17519092802591996,10,5,5,0.0,0,4,10,10,"{1: 127, 2: 60, 3: 55, 4: 35, 5: 21}","{1: 141, 2: 59, 3: 44, 4: 32, 5: 22}"
2.0,0.06,0.06,10,False,True,0.6604485446537676,-0.0008120137254653548,0.17519092802591996,10,5,5,0.0,0,4,10,10,"{1: 127, 2: 60, 3: 55, 4: 35, 5: 21}","{1: 141, 2: 59, 3: 44, 4: 32, 5: 22}"
2.0,0.06,0.06,10,True,True,0.6604485446537676,-0.0008120137254653548,0.17519092802591996,10,5,5,0.0,0,4,10,10,"{1: 127, 2: 60, 3: 55, 4: 35, 5: 21}","{1: 141, 2: 59, 3: 44, 4: 32, 5: 22}"
2.0,0.06,0.08,10,False,True,0.6604485446537676,-0.0008120137254653548,0.17519092802591996,10,5,5,0.0,0,4,10,10,"{1: 127, 2: 60, 3: 55, 4: 35, 5: 21}","{1: 141, 2: 59, 3: 44, 4: 32, 5: 22}"
2.0,0.06,0.08,10,True,True,0.6604485446537676,-0.0008120137254653548,0.17519092802591996,10,5,5,0.0,0,4,10,10,"{1: 127, 2: 60, 3: 55, 4: 35, 5: 21}","{1: 141, 2: 59, 3: 44, 4: 32, 5: 22}"
1.0,0.06,0.08,10,False,True,0.6604485446537676,-0.0008120137254653548,0.1785466327239065,10,5,5,0.0,0,4,10,10,"{1: 127, 2: 60, 3: 55, 4: 35, 5: 21}","{1: 142, 2: 58, 3: 43, 4: 33, 5: 22}"
1.0,0.06,0.08,10,True,True,0.6604485446537676,-0.0008120137254653548,0.1785466327239065,10,5,5,0.0,0,4,10,10,"{1: 127, 2: 60, 3: 55, 4: 35, 5: 21}","{1: 142, 2: 58, 3: 43, 4: 33, 5: 22}"
1.0,0.06,0.04,10,False,True,0.6604485446537676,-0.0008120137254653548,0.17854663272390653,10,5,5,0.0,0,4,10,10,"{1: 127, 2: 61, 3: 53, 4: 36, 5: 21}","{1: 142, 2: 58, 3: 43, 4: 33, 5: 22}"
1.0,0.06,0.04,10,True,True,0.6604485446537676,-0.0008120137254653548,0.17854663272390653,10,5,5,0.0,0,4,10,10,"{1: 127, 2: 61, 3: 53, 4: 36, 5: 21}","{1: 142, 2: 58, 3: 43, 4: 33, 5: 22}"
1.0,0.06,0.06,10,False,True,0.6604485446537676,-0.0008120137254653548,0.17854663272390653,10,5,5,0.0,0,4,10,10,"{1: 127, 2: 61, 3: 53, 4: 36, 5: 21}","{1: 142, 2: 58, 3: 43, 4: 33, 5: 22}"
1.0,0.06,0.06,10,True,True,0.6604485446537676,-0.0008120137254653548,0.17854663272390653,10,5,5,0.0,0,4,10,10,"{1: 127, 2: 61, 3: 53, 4: 36, 5: 21}","{1: 142, 2: 58, 3: 43, 4: 33, 5: 22}"
0.5,0.08,0.04,10,False,True,0.6604485446537676,-0.0008120137254653548,0.18190233742189313,10,4,6,-0.2,0,3,10,10,"{1: 127, 2: 61, 3: 53, 4: 36, 5: 21}","{1: 143, 2: 56, 3: 44, 4: 33, 5: 22}"
0.5,0.08,0.04,10,True,True,0.6604485446537676,-0.0008120137254653548,0.18190233742189313,10,4,6,-0.2,0,3,10,10,"{1: 127, 2: 61, 3: 53, 4: 36, 5: 21}","{1: 143, 2: 56, 3: 44, 4: 33, 5: 22}"
0.5,0.08,0.06,10,False,True,0.6604485446537676,-0.0008120137254653548,0.18190233742189313,10,4,6,-0.2,0,3,10,10,"{1: 127, 2: 61, 3: 53, 4: 36, 5: 21}","{1: 143, 2: 56, 3: 44, 4: 33, 5: 22}"
0.5,0.08,0.06,10,True,True,0.6604485446537676,-0.0008120137254653548,0.18190233742189313,10,4,6,-0.2,0,3,10,10,"{1: 127, 2: 61, 3: 53, 4: 36, 5: 21}","{1: 143, 2: 56, 3: 44, 4: 33, 5: 22}"
0.5,0.08,0.1,12,False,False,0.6604432218564835,-0.0008173365227494012,0.15841240453598704,12,4,8,-0.3333333333333333,0,0,5,6,"{1: 125, 2: 60, 3: 57, 4: 34, 5: 22}","{1: 138, 2: 62, 3: 44, 4: 31, 5: 23}"
0.5,0.08,0.1,12,True,False,0.6604432218564835,-0.0008173365227494012,0.15841240453598704,12,4,8,-0.3333333333333333,0,0,5,6,"{1: 125, 2: 60, 3: 57, 4: 34, 5: 22}","{1: 138, 2: 62, 3: 44, 4: 31, 5: 23}"
0.5,0.08,0.08,12,False,False,0.6604432218564835,-0.0008173365227494012,0.17183522332793336,12,4,8,-0.3333333333333333,0,0,11,9,"{1: 128, 2: 59, 3: 56, 4: 33, 5: 22}","{1: 139, 2: 61, 3: 46, 4: 29, 5: 23}"
0.5,0.08,0.08,12,True,False,0.6604432218564835,-0.0008173365227494012,0.17183522332793336,12,4,8,-0.3333333333333333,0,0,11,9,"{1: 128, 2: 59, 3: 56, 4: 33, 5: 22}","{1: 139, 2: 61, 3: 46, 4: 29, 5: 23}"
0.5,0.08,0.04,12,False,False,0.6604432218564835,-0.0008173365227494012,0.18525804211987965,12,4,8,-0.3333333333333333,0,0,12,12,"{1: 128, 2: 60, 3: 55, 4: 33, 5: 22}","{1: 143, 2: 58, 3: 43, 4: 31, 5: 23}"
0.5,0.08,0.04,12,True,False,0.6604432218564835,-0.0008173365227494012,0.18525804211987965,12,4,8,-0.3333333333333333,0,0,12,12,"{1: 128, 2: 60, 3: 55, 4: 33, 5: 22}","{1: 143, 2: 58, 3: 43, 4: 31, 5: 23}"
0.5,0.08,0.06,12,False,False,0.6604432218564835,-0.0008173365227494012,0.18525804211987965,12,4,8,-0.3333333333333333,0,0,12,12,"{1: 128, 2: 60, 3: 55, 4: 33, 5: 22}","{1: 143, 2: 58, 3: 43, 4: 31, 5: 23}"
0.5,0.08,0.06,12,True,False,0.6604432218564835,-0.0008173365227494012,0.18525804211987965,12,4,8,-0.3333333333333333,0,0,12,12,"{1: 128, 2: 60, 3: 55, 4: 33, 5: 22}","{1: 143, 2: 58, 3: 43, 4: 31, 5: 23}"
2.0,0.025,0.1,12,False,True,0.6604393156879464,-0.0008212426912864723,0.14890771408427203,12,6,6,0.0,0,5,3,2,"{1: 125, 2: 59, 3: 57, 4: 35, 5: 22}","{1: 135, 2: 64, 3: 44, 4: 33, 5: 22}"
2.0,0.025,0.1,12,True,True,0.6604393156879464,-0.0008212426912864723,0.14890771408427203,12,6,6,0.0,0,5,3,2,"{1: 125, 2: 59, 3: 57, 4: 35, 5: 22}","{1: 135, 2: 64, 3: 44, 4: 33, 5: 22}"
2.0,0.025,0.08,12,False,True,0.6604393156879464,-0.0008212426912864723,0.1684795186299468,12,6,6,0.0,0,5,7,7,"{1: 126, 2: 61, 3: 54, 4: 35, 5: 22}","{1: 140, 2: 59, 3: 44, 4: 33, 5: 22}"
2.0,0.025,0.08,12,True,True,0.6604393156879464,-0.0008212426912864723,0.1684795186299468,12,6,6,0.0,0,5,7,7,"{1: 126, 2: 61, 3: 54, 4: 35, 5: 22}","{1: 140, 2: 59, 3: 44, 4: 33, 5: 22}"
2.0,0.025,0.04,12,False,True,0.6604393156879464,-0.0008212426912864723,0.17910905636615124,12,6,6,0.0,0,5,11,12,"{1: 127, 2: 63, 3: 51, 4: 35, 5: 22}","{1: 142, 2: 60, 3: 41, 4: 33, 5: 22}"
2.0,0.025,0.04,12,True,True,0.6604393156879464,-0.0008212426912864723,0.17910905636615124,12,6,6,0.0,0,5,11,12,"{1: 127, 2: 63, 3: 51, 4: 35, 5: 22}","{1: 142, 2: 60, 3: 41, 4: 33, 5: 22}"
2.0,0.025,0.06,12,False,True,0.6604393156879464,-0.0008212426912864723,0.17910905636615124,12,6,6,0.0,0,5,11,12,"{1: 127, 2: 63, 3: 51, 4: 35, 5: 22}","{1: 142, 2: 60, 3: 41, 4: 33, 5: 22}"
2.0,0.025,0.06,12,True,True,0.6604393156879464,-0.0008212426912864723,0.17910905636615124,12,6,6,0.0,0,5,11,12,"{1: 127, 2: 63, 3: 51, 4: 35, 5: 22}","{1: 142, 2: 60, 3: 41, 4: 33, 5: 22}"
0.5,0.025,0.1,6,False,True,0.6603959556216793,-0.000864602757553623,0.14555200938628546,6,3,3,0.0,0,2,0,2,"{1: 123, 2: 60, 3: 58, 4: 35, 5: 22}","{1: 135, 2: 64, 3: 44, 4: 33, 5: 22}"
0.5,0.025,0.1,6,True,True,0.6603959556216793,-0.000864602757553623,0.14555200938628546,6,3,3,0.0,0,2,0,2,"{1: 123, 2: 60, 3: 58, 4: 35, 5: 22}","{1: 135, 2: 64, 3: 44, 4: 33, 5: 22}"
0.5,0.025,0.08,6,False,True,0.6603959556216793,-0.000864602757553623,0.1522634187822586,6,3,3,0.0,0,2,4,2,"{1: 125, 2: 60, 3: 56, 4: 35, 5: 22}","{1: 135, 2: 64, 3: 44, 4: 33, 5: 22}"
0.5,0.025,0.08,6,True,True,0.6603959556216793,-0.000864602757553623,0.1522634187822586,6,3,3,0.0,0,2,4,2,"{1: 125, 2: 60, 3: 56, 4: 35, 5: 22}","{1: 135, 2: 64, 3: 44, 4: 33, 5: 22}"
0.5,0.025,0.04,6,False,True,0.6603959556216793,-0.000864602757553623,0.1651238139319602,6,3,3,0.0,0,2,6,6,"{1: 126, 2: 60, 3: 55, 4: 35, 5: 22}","{1: 139, 2: 60, 3: 44, 4: 33, 5: 22}"
0.5,0.025,0.04,6,True,True,0.6603959556216793,-0.000864602757553623,0.1651238139319602,6,3,3,0.0,0,2,6,6,"{1: 126, 2: 60, 3: 55, 4: 35, 5: 22}","{1: 139, 2: 60, 3: 44, 4: 33, 5: 22}"
0.5,0.025,0.06,6,False,True,0.6603959556216793,-0.000864602757553623,0.1651238139319602,6,3,3,0.0,0,2,6,6,"{1: 126, 2: 60, 3: 55, 4: 35, 5: 22}","{1: 139, 2: 60, 3: 44, 4: 33, 5: 22}"
0.5,0.025,0.06,6,True,True,0.6603959556216793,-0.000864602757553623,0.1651238139319602,6,3,3,0.0,0,2,6,6,"{1: 126, 2: 60, 3: 55, 4: 35, 5: 22}","{1: 139, 2: 60, 3: 44, 4: 33, 5: 22}"
2.0,0.015,0.1,8,False,True,0.6603906635639236,-0.0008698948153093022,0.14555200938628549,8,3,5,-0.25,0,3,2,1,"{1: 125, 2: 58, 3: 58, 4: 35, 5: 22}","{1: 134, 2: 65, 3: 44, 4: 33, 5: 22}"
2.0,0.015,0.1,8,True,True,0.6603906635639236,-0.0008698948153093022,0.14555200938628549,8,3,5,-0.25,0,3,2,1,"{1: 125, 2: 58, 3: 58, 4: 35, 5: 22}","{1: 134, 2: 65, 3: 44, 4: 33, 5: 22}"
2.0,0.015,0.08,8,False,True,0.6603906635639236,-0.0008698948153093022,0.1651238139319602,8,3,5,-0.25,0,3,5,6,"{1: 126, 2: 59, 3: 56, 4: 35, 5: 22}","{1: 139, 2: 60, 3: 44, 4: 33, 5: 22}"
2.0,0.015,0.08,8,True,True,0.6603906635639236,-0.0008698948153093022,0.1651238139319602,8,3,5,-0.25,0,3,5,6,"{1: 126, 2: 59, 3: 56, 4: 35, 5: 22}","{1: 139, 2: 60, 3: 44, 4: 33, 5: 22}"
2.0,0.015,0.04,8,False,True,0.6603906635639236,-0.0008698948153093022,0.17183522332793338,8,3,5,-0.25,0,3,8,8,"{1: 127, 2: 60, 3: 54, 4: 35, 5: 22}","{1: 140, 2: 60, 3: 43, 4: 33, 5: 22}"
2.0,0.015,0.04,8,True,True,0.6603906635639236,-0.0008698948153093022,0.17183522332793338,8,3,5,-0.25,0,3,8,8,"{1: 127, 2: 60, 3: 54, 4: 35, 5: 22}","{1: 140, 2: 60, 3: 43, 4: 33, 5: 22}"
2.0,0.015,0.06,8,False,True,0.6603906635639236,-0.0008698948153093022,0.17183522332793338,8,3,5,-0.25,0,3,8,8,"{1: 127, 2: 60, 3: 54, 4: 35, 5: 22}","{1: 140, 2: 60, 3: 43, 4: 33, 5: 22}"
2.0,0.015,0.06,8,True,True,0.6603906635639236,-0.0008698948153093022,0.17183522332793338,8,3,5,-0.25,0,3,8,8,"{1: 127, 2: 60, 3: 54, 4: 35, 5: 22}","{1: 140, 2: 60, 3: 43, 4: 33, 5: 22}"
0.5,0.08,0.14,8,False,True,0.6603867237968715,-0.0008738345823614546,0.14555200938628549,8,2,6,-0.5,0,2,0,0,"{1: 123, 2: 60, 3: 58, 4: 35, 5: 22}","{1: 134, 2: 65, 3: 44, 4: 32, 5: 23}"
0.5,0.08,0.14,8,True,True,0.6603867237968715,-0.0008738345823614546,0.14555200938628549,8,2,6,-0.5,0,2,0,0,"{1: 123, 2: 60, 3: 58, 4: 35, 5: 22}","{1: 134, 2: 65, 3: 44, 4: 32, 5: 23}"
2.0,0.08,0.14,8,False,True,0.6603867237968715,-0.0008738345823614546,0.14890771408427203,8,3,5,-0.25,0,2,3,3,"{1: 124, 2: 60, 3: 57, 4: 36, 5: 21}","{1: 136, 2: 63, 3: 44, 4: 33, 5: 22}"
2.0,0.08,0.14,8,True,True,0.6603867237968715,-0.0008738345823614546,0.14890771408427203,8,3,5,-0.25,0,2,3,3,"{1: 124, 2: 60, 3: 57, 4: 36, 5: 21}","{1: 136, 2: 63, 3: 44, 4: 33, 5: 22}"
1.0,0.08,0.1,8,False,True,0.6603867237968715,-0.0008738345823614546,0.16233053287621838,8,3,5,-0.25,0,2,8,8,"{1: 125, 2: 62, 3: 55, 4: 35, 5: 21}","{1: 139, 2: 61, 3: 44, 4: 32, 5: 22}"
1.0,0.08,0.1,8,True,True,0.6603867237968715,-0.0008738345823614546,0.16233053287621838,8,3,5,-0.25,0,2,8,8,"{1: 125, 2: 62, 3: 55, 4: 35, 5: 21}","{1: 139, 2: 61, 3: 44, 4: 32, 5: 22}"
2.0,0.06,0.1,8,False,True,0.6603867237968715,-0.0008738345823614546,0.16512381393196018,8,4,4,0.0,0,3,8,8,"{1: 126, 2: 60, 3: 56, 4: 35, 5: 21}","{1: 139, 2: 61, 3: 44, 4: 32, 5: 22}"
2.0,0.06,0.1,8,True,True,0.6603867237968715,-0.0008738345823614546,0.16512381393196018,8,4,4,0.0,0,3,8,8,"{1: 126, 2: 60, 3: 56, 4: 35, 5: 21}","{1: 139, 2: 61, 3: 44, 4: 32, 5: 22}"
2.0,0.08,0.1,8,False,True,0.6603867237968715,-0.0008738345823614546,0.16512381393196018,8,3,5,-0.25,0,2,8,8,"{1: 126, 2: 60, 3: 56, 4: 35, 5: 21}","{1: 139, 2: 61, 3: 44, 4: 32, 5: 22}"
2.0,0.08,0.1,8,True,True,0.6603867237968715,-0.0008738345823614546,0.16512381393196018,8,3,5,-0.25,0,2,8,8,"{1: 126, 2: 60, 3: 56, 4: 35, 5: 21}","{1: 139, 2: 61, 3: 44, 4: 32, 5: 22}"
1.0,0.08,0.04,8,False,True,0.6603867237968715,-0.0008738345823614546,0.17183522332793336,8,3,5,-0.25,0,2,8,8,"{1: 126, 2: 61, 3: 54, 4: 36, 5: 21}","{1: 141, 2: 58, 3: 44, 4: 33, 5: 22}"
1.0,0.08,0.04,8,True,True,0.6603867237968715,-0.0008738345823614546,0.17183522332793336,8,3,5,-0.25,0,2,8,8,"{1: 126, 2: 61, 3: 54, 4: 36, 5: 21}","{1: 141, 2: 58, 3: 44, 4: 33, 5: 22}"
1.0,0.08,0.06,8,False,True,0.6603867237968715,-0.0008738345823614546,0.17183522332793336,8,3,5,-0.25,0,2,8,8,"{1: 126, 2: 61, 3: 54, 4: 36, 5: 21}","{1: 141, 2: 58, 3: 44, 4: 33, 5: 22}"
1.0,0.08,0.06,8,True,True,0.6603867237968715,-0.0008738345823614546,0.17183522332793336,8,3,5,-0.25,0,2,8,8,"{1: 126, 2: 61, 3: 54, 4: 36, 5: 21}","{1: 141, 2: 58, 3: 44, 4: 33, 5: 22}"
1.0,0.08,0.08,8,False,True,0.6603867237968715,-0.0008738345823614546,0.17183522332793336,8,3,5,-0.25,0,2,8,8,"{1: 126, 2: 61, 3: 54, 4: 36, 5: 21}","{1: 141, 2: 58, 3: 44, 4: 33, 5: 22}"
1.0,0.08,0.08,8,True,True,0.6603867237968715,-0.0008738345823614546,0.17183522332793336,8,3,5,-0.25,0,2,8,8,"{1: 126, 2: 61, 3: 54, 4: 36, 5: 21}","{1: 141, 2: 58, 3: 44, 4: 33, 5: 22}"
2.0,0.06,0.04,8,False,True,0.6603867237968715,-0.0008738345823614546,0.17519092802591996,8,4,4,0.0,0,3,8,8,"{1: 127, 2: 59, 3: 55, 4: 36, 5: 21}","{1: 141, 2: 58, 3: 44, 4: 33, 5: 22}"
2.0,0.06,0.04,8,True,True,0.6603867237968715,-0.0008738345823614546,0.17519092802591996,8,4,4,0.0,0,3,8,8,"{1: 127, 2: 59, 3: 55, 4: 36, 5: 21}","{1: 141, 2: 58, 3: 44, 4: 33, 5: 22}"
2.0,0.06,0.06,8,False,True,0.6603867237968715,-0.0008738345823614546,0.17519092802591996,8,4,4,0.0,0,3,8,8,"{1: 127, 2: 59, 3: 55, 4: 36, 5: 21}","{1: 141, 2: 58, 3: 44, 4: 33, 5: 22}"
2.0,0.06,0.06,8,True,True,0.6603867237968715,-0.0008738345823614546,0.17519092802591996,8,4,4,0.0,0,3,8,8,"{1: 127, 2: 59, 3: 55, 4: 36, 5: 21}","{1: 141, 2: 58, 3: 44, 4: 33, 5: 22}"
2.0,0.06,0.08,8,False,True,0.6603867237968715,-0.0008738345823614546,0.17519092802591996,8,4,4,0.0,0,3,8,8,"{1: 127, 2: 59, 3: 55, 4: 36, 5: 21}","{1: 141, 2: 58, 3: 44, 4: 33, 5: 22}"
2.0,0.06,0.08,8,True,True,0.6603867237968715,-0.0008738345823614546,0.17519092802591996,8,4,4,0.0,0,3,8,8,"{1: 127, 2: 59, 3: 55, 4: 36, 5: 21}","{1: 141, 2: 58, 3: 44, 4: 33, 5: 22}"
2.0,0.08,0.04,8,False,True,0.6603867237968715,-0.0008738345823614546,0.17519092802591996,8,3,5,-0.25,0,2,8,8,"{1: 127, 2: 59, 3: 55, 4: 36, 5: 21}","{1: 141, 2: 58, 3: 44, 4: 33, 5: 22}"
2.0,0.08,0.04,8,True,True,0.6603867237968715,-0.0008738345823614546,0.17519092802591996,8,3,5,-0.25,0,2,8,8,"{1: 127, 2: 59, 3: 55, 4: 36, 5: 21}","{1: 141, 2: 58, 3: 44, 4: 33, 5: 22}"
2.0,0.08,0.06,8,False,True,0.6603867237968715,-0.0008738345823614546,0.17519092802591996,8,3,5,-0.25,0,2,8,8,"{1: 127, 2: 59, 3: 55, 4: 36, 5: 21}","{1: 141, 2: 58, 3: 44, 4: 33, 5: 22}"
2.0,0.08,0.06,8,True,True,0.6603867237968715,-0.0008738345823614546,0.17519092802591996,8,3,5,-0.25,0,2,8,8,"{1: 127, 2: 59, 3: 55, 4: 36, 5: 21}","{1: 141, 2: 58, 3: 44, 4: 33, 5: 22}"
2.0,0.08,0.08,8,False,True,0.6603867237968715,-0.0008738345823614546,0.17519092802591996,8,3,5,-0.25,0,2,8,8,"{1: 127, 2: 59, 3: 55, 4: 36, 5: 21}","{1: 141, 2: 58, 3: 44, 4: 33, 5: 22}"
2.0,0.08,0.08,8,True,True,0.6603867237968715,-0.0008738345823614546,0.17519092802591996,8,3,5,-0.25,0,2,8,8,"{1: 127, 2: 59, 3: 55, 4: 36, 5: 21}","{1: 141, 2: 58, 3: 44, 4: 33, 5: 22}"
2.0,0.08,0.14,10,False,True,0.6603774914701326,-0.0008830669091003385,0.14890771408427203,10,4,6,-0.2,0,2,3,3,"{1: 124, 2: 60, 3: 57, 4: 36, 5: 21}","{1: 136, 2: 63, 3: 44, 4: 33, 5: 22}"
2.0,0.08,0.14,10,True,True,0.6603774914701326,-0.0008830669091003385,0.14890771408427203,10,4,6,-0.2,0,2,3,3,"{1: 124, 2: 60, 3: 57, 4: 36, 5: 21}","{1: 136, 2: 63, 3: 44, 4: 33, 5: 22}"
1.0,0.08,0.1,10,False,True,0.6603774914701326,-0.0008830669091003385,0.16512381393196018,10,4,6,-0.2,0,2,10,10,"{1: 126, 2: 61, 3: 56, 4: 34, 5: 21}","{1: 139, 2: 61, 3: 45, 4: 32, 5: 21}"
1.0,0.08,0.1,10,True,True,0.6603774914701326,-0.0008830669091003385,0.16512381393196018,10,4,6,-0.2,0,2,10,10,"{1: 126, 2: 61, 3: 56, 4: 34, 5: 21}","{1: 139, 2: 61, 3: 45, 4: 32, 5: 21}"
1.0,0.08,0.08,10,False,True,0.6603774914701326,-0.0008830669091003385,0.1785466327239065,10,4,6,-0.2,0,2,10,10,"{1: 127, 2: 60, 3: 55, 4: 35, 5: 21}","{1: 142, 2: 58, 3: 43, 4: 33, 5: 22}"
1.0,0.08,0.08,10,True,True,0.6603774914701326,-0.0008830669091003385,0.1785466327239065,10,4,6,-0.2,0,2,10,10,"{1: 127, 2: 60, 3: 55, 4: 35, 5: 21}","{1: 142, 2: 58, 3: 43, 4: 33, 5: 22}"
1.0,0.08,0.04,10,False,True,0.6603774914701326,-0.0008830669091003385,0.17854663272390653,10,4,6,-0.2,0,2,10,10,"{1: 127, 2: 61, 3: 53, 4: 36, 5: 21}","{1: 142, 2: 58, 3: 43, 4: 33, 5: 22}"
1.0,0.08,0.04,10,True,True,0.6603774914701326,-0.0008830669091003385,0.17854663272390653,10,4,6,-0.2,0,2,10,10,"{1: 127, 2: 61, 3: 53, 4: 36, 5: 21}","{1: 142, 2: 58, 3: 43, 4: 33, 5: 22}"
1.0,0.08,0.06,10,False,True,0.6603774914701326,-0.0008830669091003385,0.17854663272390653,10,4,6,-0.2,0,2,10,10,"{1: 127, 2: 61, 3: 53, 4: 36, 5: 21}","{1: 142, 2: 58, 3: 43, 4: 33, 5: 22}"
1.0,0.08,0.06,10,True,True,0.6603774914701326,-0.0008830669091003385,0.17854663272390653,10,4,6,-0.2,0,2,10,10,"{1: 127, 2: 61, 3: 53, 4: 36, 5: 21}","{1: 142, 2: 58, 3: 43, 4: 33, 5: 22}"
2.0,0.04,0.14,12,False,True,0.6603682586414217,-0.0008922997378112418,0.14555200938628546,12,6,6,0.0,0,4,0,2,"{1: 123, 2: 60, 3: 58, 4: 35, 5: 22}","{1: 135, 2: 64, 3: 44, 4: 33, 5: 22}"
2.0,0.04,0.14,12,True,True,0.6603682586414217,-0.0008922997378112418,0.14555200938628546,12,6,6,0.0,0,4,0,2,"{1: 123, 2: 60, 3: 58, 4: 35, 5: 22}","{1: 135, 2: 64, 3: 44, 4: 33, 5: 22}"
2.0,0.04,0.14,15,False,True,0.6603682586414217,-0.0008922997378112418,0.14555200938628546,12,6,6,0.0,0,4,0,2,"{1: 123, 2: 60, 3: 58, 4: 35, 5: 22}","{1: 135, 2: 64, 3: 44, 4: 33, 5: 22}"
2.0,0.04,0.14,15,True,True,0.6603682586414217,-0.0008922997378112418,0.14555200938628546,12,6,6,0.0,0,4,0,2,"{1: 123, 2: 60, 3: 58, 4: 35, 5: 22}","{1: 135, 2: 64, 3: 44, 4: 33, 5: 22}"
2.0,0.025,0.14,6,False,False,0.6603670158640713,-0.000893542515161605,0.14555200938628549,5,2,3,-0.2,0,0,0,0,"{1: 123, 2: 60, 3: 58, 4: 35, 5: 22}","{1: 134, 2: 65, 3: 44, 4: 32, 5: 23}"
2.0,0.025,0.14,6,True,False,0.6603670158640713,-0.000893542515161605,0.14555200938628549,5,2,3,-0.2,0,0,0,0,"{1: 123, 2: 60, 3: 58, 4: 35, 5: 22}","{1: 134, 2: 65, 3: 44, 4: 32, 5: 23}"
2.0,0.025,0.14,8,False,False,0.6603670158640713,-0.000893542515161605,0.14555200938628549,5,2,3,-0.2,0,0,0,0,"{1: 123, 2: 60, 3: 58, 4: 35, 5: 22}","{1: 134, 2: 65, 3: 44, 4: 32, 5: 23}"
2.0,0.025,0.14,8,True,False,0.6603670158640713,-0.000893542515161605,0.14555200938628549,5,2,3,-0.2,0,0,0,0,"{1: 123, 2: 60, 3: 58, 4: 35, 5: 22}","{1: 134, 2: 65, 3: 44, 4: 32, 5: 23}"
2.0,0.025,0.14,10,False,False,0.6603670158640713,-0.000893542515161605,0.14555200938628549,5,2,3,-0.2,0,0,0,0,"{1: 123, 2: 60, 3: 58, 4: 35, 5: 22}","{1: 134, 2: 65, 3: 44, 4: 32, 5: 23}"
2.0,0.025,0.14,10,True,False,0.6603670158640713,-0.000893542515161605,0.14555200938628549,5,2,3,-0.2,0,0,0,0,"{1: 123, 2: 60, 3: 58, 4: 35, 5: 22}","{1: 134, 2: 65, 3: 44, 4: 32, 5: 23}"
2.0,0.025,0.14,12,False,False,0.6603670158640713,-0.000893542515161605,0.14555200938628549,5,2,3,-0.2,0,0,0,0,"{1: 123, 2: 60, 3: 58, 4: 35, 5: 22}","{1: 134, 2: 65, 3: 44, 4: 32, 5: 23}"
2.0,0.025,0.14,12,True,False,0.6603670158640713,-0.000893542515161605,0.14555200938628549,5,2,3,-0.2,0,0,0,0,"{1: 123, 2: 60, 3: 58, 4: 35, 5: 22}","{1: 134, 2: 65, 3: 44, 4: 32, 5: 23}"
2.0,0.025,0.14,15,False,False,0.6603670158640713,-0.000893542515161605,0.14555200938628549,5,2,3,-0.2,0,0,0,0,"{1: 123, 2: 60, 3: 58, 4: 35, 5: 22}","{1: 134, 2: 65, 3: 44, 4: 32, 5: 23}"
2.0,0.025,0.14,15,True,False,0.6603670158640713,-0.000893542515161605,0.14555200938628549,5,2,3,-0.2,0,0,0,0,"{1: 123, 2: 60, 3: 58, 4: 35, 5: 22}","{1: 134, 2: 65, 3: 44, 4: 32, 5: 23}"
0.5,0.08,0.14,8,False,False,0.6603577853095212,-0.0009027730697117597,0.14555200938628549,7,1,6,-0.7142857142857143,0,0,0,0,"{1: 123, 2: 60, 3: 58, 4: 35, 5: 22}","{1: 134, 2: 65, 3: 44, 4: 32, 5: 23}"
0.5,0.08,0.14,8,True,False,0.6603577853095212,-0.0009027730697117597,0.14555200938628549,7,1,6,-0.7142857142857143,0,0,0,0,"{1: 123, 2: 60, 3: 58, 4: 35, 5: 22}","{1: 134, 2: 65, 3: 44, 4: 32, 5: 23}"
0.5,0.08,0.14,10,False,False,0.6603577853095212,-0.0009027730697117597,0.14555200938628549,7,1,6,-0.7142857142857143,0,0,0,0,"{1: 123, 2: 60, 3: 58, 4: 35, 5: 22}","{1: 134, 2: 65, 3: 44, 4: 32, 5: 23}"
0.5,0.08,0.14,10,True,False,0.6603577853095212,-0.0009027730697117597,0.14555200938628549,7,1,6,-0.7142857142857143,0,0,0,0,"{1: 123, 2: 60, 3: 58, 4: 35, 5: 22}","{1: 134, 2: 65, 3: 44, 4: 32, 5: 23}"
0.5,0.08,0.14,12,False,False,0.6603577853095212,-0.0009027730697117597,0.14555200938628549,7,1,6,-0.7142857142857143,0,0,0,0,"{1: 123, 2: 60, 3: 58, 4: 35, 5: 22}","{1: 134, 2: 65, 3: 44, 4: 32, 5: 23}"
0.5,0.08,0.14,12,True,False,0.6603577853095212,-0.0009027730697117597,0.14555200938628549,7,1,6,-0.7142857142857143,0,0,0,0,"{1: 123, 2: 60, 3: 58, 4: 35, 5: 22}","{1: 134, 2: 65, 3: 44, 4: 32, 5: 23}"
0.5,0.08,0.14,15,False,False,0.6603577853095212,-0.0009027730697117597,0.14555200938628549,7,1,6,-0.7142857142857143,0,0,0,0,"{1: 123, 2: 60, 3: 58, 4: 35, 5: 22}","{1: 134, 2: 65, 3: 44, 4: 32, 5: 23}"
0.5,0.08,0.14,15,True,False,0.6603577853095212,-0.0009027730697117597,0.14555200938628549,7,1,6,-0.7142857142857143,0,0,0,0,"{1: 123, 2: 60, 3: 58, 4: 35, 5: 22}","{1: 134, 2: 65, 3: 44, 4: 32, 5: 23}"
1.0,0.015,0.1,12,False,False,0.6603393226951297,-0.0009212356841031832,0.14555200938628546,11,3,8,-0.45454545454545453,0,0,1,0,"{1: 124, 2: 59, 3: 58, 4: 35, 5: 22}","{1: 134, 2: 65, 3: 44, 4: 32, 5: 23}"
1.0,0.015,0.1,12,True,False,0.6603393226951297,-0.0009212356841031832,0.14555200938628546,11,3,8,-0.45454545454545453,0,0,1,0,"{1: 124, 2: 59, 3: 58, 4: 35, 5: 22}","{1: 134, 2: 65, 3: 44, 4: 32, 5: 23}"
1.0,0.015,0.1,15,False,False,0.6603393226951297,-0.0009212356841031832,0.14555200938628546,11,3,8,-0.45454545454545453,0,0,1,0,"{1: 124, 2: 59, 3: 58, 4: 35, 5: 22}","{1: 134, 2: 65, 3: 44, 4: 32, 5: 23}"
1.0,0.015,0.1,15,True,False,0.6603393226951297,-0.0009212356841031832,0.14555200938628546,11,3,8,-0.45454545454545453,0,0,1,0,"{1: 124, 2: 59, 3: 58, 4: 35, 5: 22}","{1: 134, 2: 65, 3: 44, 4: 32, 5: 23}"
2.0,0.04,0.1,8,False,True,0.6603196299277901,-0.0009409284514427796,0.15561912348024518,8,3,5,-0.25,0,2,4,5,"{1: 125, 2: 60, 3: 56, 4: 35, 5: 22}","{1: 137, 2: 63, 3: 43, 4: 33, 5: 22}"
2.0,0.04,0.1,8,True,True,0.6603196299277901,-0.0009409284514427796,0.15561912348024518,8,3,5,-0.25,0,2,4,5,"{1: 125, 2: 60, 3: 56, 4: 35, 5: 22}","{1: 137, 2: 63, 3: 43, 4: 33, 5: 22}"
2.0,0.04,0.04,8,False,True,0.6603196299277901,-0.0009409284514427796,0.16847951862994678,8,3,5,-0.25,0,2,8,8,"{1: 126, 2: 61, 3: 55, 4: 34, 5: 22}","{1: 140, 2: 60, 3: 43, 4: 33, 5: 22}"
2.0,0.04,0.04,8,True,True,0.6603196299277901,-0.0009409284514427796,0.16847951862994678,8,3,5,-0.25,0,2,8,8,"{1: 126, 2: 61, 3: 55, 4: 34, 5: 22}","{1: 140, 2: 60, 3: 43, 4: 33, 5: 22}"
2.0,0.04,0.06,8,False,True,0.6603196299277901,-0.0009409284514427796,0.16847951862994678,8,3,5,-0.25,0,2,8,8,"{1: 126, 2: 61, 3: 55, 4: 34, 5: 22}","{1: 140, 2: 60, 3: 43, 4: 33, 5: 22}"
2.0,0.04,0.06,8,True,True,0.6603196299277901,-0.0009409284514427796,0.16847951862994678,8,3,5,-0.25,0,2,8,8,"{1: 126, 2: 61, 3: 55, 4: 34, 5: 22}","{1: 140, 2: 60, 3: 43, 4: 33, 5: 22}"
2.0,0.04,0.08,8,False,True,0.6603196299277901,-0.0009409284514427796,0.16847951862994678,8,3,5,-0.25,0,2,8,8,"{1: 126, 2: 61, 3: 55, 4: 34, 5: 22}","{1: 140, 2: 60, 3: 43, 4: 33, 5: 22}"
2.0,0.04,0.08,8,True,True,0.6603196299277901,-0.0009409284514427796,0.16847951862994678,8,3,5,-0.25,0,2,8,8,"{1: 126, 2: 61, 3: 55, 4: 34, 5: 22}","{1: 140, 2: 60, 3: 43, 4: 33, 5: 22}"
1.0,0.08,0.1,10,False,False,0.6603103996401027,-0.0009501587391301802,0.1651238139319602,10,3,7,-0.4,0,0,9,7,"{1: 127, 2: 60, 3: 55, 4: 34, 5: 22}","{1: 138, 2: 62, 3: 45, 4: 30, 5: 23}"
1.0,0.08,0.1,10,True,False,0.6603103996401027,-0.0009501587391301802,0.1651238139319602,10,3,7,-0.4,0,0,9,7,"{1: 127, 2: 60, 3: 55, 4: 34, 5: 22}","{1: 138, 2: 62, 3: 45, 4: 30, 5: 23}"
1.0,0.08,0.04,10,False,False,0.6603103996401027,-0.0009501587391301802,0.18190233742189313,10,3,7,-0.4,0,0,10,10,"{1: 128, 2: 59, 3: 55, 4: 34, 5: 22}","{1: 142, 2: 58, 3: 44, 4: 31, 5: 23}"
1.0,0.08,0.04,10,True,False,0.6603103996401027,-0.0009501587391301802,0.18190233742189313,10,3,7,-0.4,0,0,10,10,"{1: 128, 2: 59, 3: 55, 4: 34, 5: 22}","{1: 142, 2: 58, 3: 44, 4: 31, 5: 23}"
1.0,0.08,0.06,10,False,False,0.6603103996401027,-0.0009501587391301802,0.18190233742189313,10,3,7,-0.4,0,0,10,10,"{1: 128, 2: 59, 3: 55, 4: 34, 5: 22}","{1: 142, 2: 58, 3: 44, 4: 31, 5: 23}"
1.0,0.08,0.06,10,True,False,0.6603103996401027,-0.0009501587391301802,0.18190233742189313,10,3,7,-0.4,0,0,10,10,"{1: 128, 2: 59, 3: 55, 4: 34, 5: 22}","{1: 142, 2: 58, 3: 44, 4: 31, 5: 23}"
1.0,0.08,0.08,10,False,False,0.6603103996401027,-0.0009501587391301802,0.18190233742189313,10,3,7,-0.4,0,0,10,10,"{1: 128, 2: 58, 3: 57, 4: 33, 5: 22}","{1: 142, 2: 58, 3: 44, 4: 31, 5: 23}"
1.0,0.08,0.08,10,True,False,0.6603103996401027,-0.0009501587391301802,0.18190233742189313,10,3,7,-0.4,0,0,10,10,"{1: 128, 2: 58, 3: 57, 4: 33, 5: 22}","{1: 142, 2: 58, 3: 44, 4: 31, 5: 23}"
0.5,0.015,0.1,4,False,True,0.660267033364953,-0.0009935250142799612,0.14555200938628549,4,1,3,-0.5,0,1,0,1,"{1: 123, 2: 60, 3: 58, 4: 35, 5: 22}","{1: 134, 2: 65, 3: 44, 4: 33, 5: 22}"
0.5,0.015,0.1,4,True,True,0.660267033364953,-0.0009935250142799612,0.14555200938628549,4,1,3,-0.5,0,1,0,1,"{1: 123, 2: 60, 3: 58, 4: 35, 5: 22}","{1: 134, 2: 65, 3: 44, 4: 33, 5: 22}"
0.5,0.015,0.08,4,False,True,0.660267033364953,-0.0009935250142799612,0.14890771408427206,4,1,3,-0.5,0,1,3,1,"{1: 125, 2: 59, 3: 57, 4: 35, 5: 22}","{1: 134, 2: 65, 3: 44, 4: 33, 5: 22}"
0.5,0.015,0.08,4,True,True,0.660267033364953,-0.0009935250142799612,0.14890771408427206,4,1,3,-0.5,0,1,3,1,"{1: 125, 2: 59, 3: 57, 4: 35, 5: 22}","{1: 134, 2: 65, 3: 44, 4: 33, 5: 22}"
0.5,0.015,0.04,4,False,True,0.660267033364953,-0.0009935250142799612,0.15841240453598707,4,1,3,-0.5,0,1,4,4,"{1: 126, 2: 58, 3: 57, 4: 35, 5: 22}","{1: 137, 2: 62, 3: 44, 4: 33, 5: 22}"
0.5,0.015,0.04,4,True,True,0.660267033364953,-0.0009935250142799612,0.15841240453598707,4,1,3,-0.5,0,1,4,4,"{1: 126, 2: 58, 3: 57, 4: 35, 5: 22}","{1: 137, 2: 62, 3: 44, 4: 33, 5: 22}"
0.5,0.015,0.06,4,False,True,0.660267033364953,-0.0009935250142799612,0.15841240453598707,4,1,3,-0.5,0,1,4,4,"{1: 126, 2: 58, 3: 57, 4: 35, 5: 22}","{1: 137, 2: 62, 3: 44, 4: 33, 5: 22}"
0.5,0.015,0.06,4,True,True,0.660267033364953,-0.0009935250142799612,0.15841240453598707,4,1,3,-0.5,0,1,4,4,"{1: 126, 2: 58, 3: 57, 4: 35, 5: 22}","{1: 137, 2: 62, 3: 44, 4: 33, 5: 22}"
1.0,0.015,0.1,8,False,False,0.6602525921693996,-0.0010079662098333442,0.14555200938628546,8,2,6,-0.5,0,0,1,0,"{1: 124, 2: 59, 3: 58, 4: 35, 5: 22}","{1: 134, 2: 65, 3: 44, 4: 32, 5: 23}"
1.0,0.015,0.1,8,True,False,0.6602525921693996,-0.0010079662098333442,0.14555200938628546,8,2,6,-0.5,0,0,1,0,"{1: 124, 2: 59, 3: 58, 4: 35, 5: 22}","{1: 134, 2: 65, 3: 44, 4: 32, 5: 23}"
0.5,0.015,0.08,8,False,False,0.6602525921693996,-0.0010079662098333442,0.14555200938628549,8,2,6,-0.5,0,0,2,0,"{1: 125, 2: 58, 3: 58, 4: 35, 5: 22}","{1: 134, 2: 65, 3: 44, 4: 32, 5: 23}"
0.5,0.015,0.08,8,True,False,0.6602525921693996,-0.0010079662098333442,0.14555200938628549,8,2,6,-0.5,0,0,2,0,"{1: 125, 2: 58, 3: 58, 4: 35, 5: 22}","{1: 134, 2: 65, 3: 44, 4: 32, 5: 23}"
0.5,0.015,0.1,8,False,False,0.6602525921693996,-0.0010079662098333442,0.14555200938628549,8,2,6,-0.5,0,0,0,0,"{1: 123, 2: 60, 3: 58, 4: 35, 5: 22}","{1: 134, 2: 65, 3: 44, 4: 32, 5: 23}"
0.5,0.015,0.1,8,True,False,0.6602525921693996,-0.0010079662098333442,0.14555200938628549,8,2,6,-0.5,0,0,0,0,"{1: 123, 2: 60, 3: 58, 4: 35, 5: 22}","{1: 134, 2: 65, 3: 44, 4: 32, 5: 23}"
0.5,0.015,0.1,10,False,False,0.6602525921693996,-0.0010079662098333442,0.14555200938628549,8,2,6,-0.5,0,0,0,0,"{1: 123, 2: 60, 3: 58, 4: 35, 5: 22}","{1: 134, 2: 65, 3: 44, 4: 32, 5: 23}"
0.5,0.015,0.1,10,True,False,0.6602525921693996,-0.0010079662098333442,0.14555200938628549,8,2,6,-0.5,0,0,0,0,"{1: 123, 2: 60, 3: 58, 4: 35, 5: 22}","{1: 134, 2: 65, 3: 44, 4: 32, 5: 23}"
0.5,0.015,0.1,12,False,False,0.6602525921693996,-0.0010079662098333442,0.14555200938628549,8,2,6,-0.5,0,0,0,0,"{1: 123, 2: 60, 3: 58, 4: 35, 5: 22}","{1: 134, 2: 65, 3: 44, 4: 32, 5: 23}"
0.5,0.015,0.1,12,True,False,0.6602525921693996,-0.0010079662098333442,0.14555200938628549,8,2,6,-0.5,0,0,0,0,"{1: 123, 2: 60, 3: 58, 4: 35, 5: 22}","{1: 134, 2: 65, 3: 44, 4: 32, 5: 23}"
0.5,0.015,0.1,15,False,False,0.6602525921693996,-0.0010079662098333442,0.14555200938628549,8,2,6,-0.5,0,0,0,0,"{1: 123, 2: 60, 3: 58, 4: 35, 5: 22}","{1: 134, 2: 65, 3: 44, 4: 32, 5: 23}"
0.5,0.015,0.1,15,True,False,0.6602525921693996,-0.0010079662098333442,0.14555200938628549,8,2,6,-0.5,0,0,0,0,"{1: 123, 2: 60, 3: 58, 4: 35, 5: 22}","{1: 134, 2: 65, 3: 44, 4: 32, 5: 23}"
2.0,0.015,0.1,8,False,False,0.6602525921693996,-0.0010079662098333442,0.14555200938628549,8,2,6,-0.5,0,0,2,0,"{1: 125, 2: 58, 3: 58, 4: 35, 5: 22}","{1: 134, 2: 65, 3: 44, 4: 32, 5: 23}"
2.0,0.015,0.1,8,True,False,0.6602525921693996,-0.0010079662098333442,0.14555200938628549,8,2,6,-0.5,0,0,2,0,"{1: 125, 2: 58, 3: 58, 4: 35, 5: 22}","{1: 134, 2: 65, 3: 44, 4: 32, 5: 23}"
1.0,0.015,0.08,8,False,False,0.6602525921693996,-0.0010079662098333442,0.16176810923397367,8,2,6,-0.5,0,0,3,4,"{1: 126, 2: 57, 3: 58, 4: 35, 5: 22}","{1: 138, 2: 61, 3: 44, 4: 32, 5: 23}"
1.0,0.015,0.08,8,True,False,0.6602525921693996,-0.0010079662098333442,0.16176810923397367,8,2,6,-0.5,0,0,3,4,"{1: 126, 2: 57, 3: 58, 4: 35, 5: 22}","{1: 138, 2: 61, 3: 44, 4: 32, 5: 23}"
2.0,0.015,0.08,8,False,False,0.6602525921693996,-0.0010079662098333442,0.1651238139319602,8,2,6,-0.5,0,0,4,5,"{1: 126, 2: 58, 3: 57, 4: 35, 5: 22}","{1: 139, 2: 60, 3: 44, 4: 32, 5: 23}"
2.0,0.015,0.08,8,True,False,0.6602525921693996,-0.0010079662098333442,0.1651238139319602,8,2,6,-0.5,0,0,4,5,"{1: 126, 2: 58, 3: 57, 4: 35, 5: 22}","{1: 139, 2: 60, 3: 44, 4: 32, 5: 23}"
0.5,0.015,0.06,8,False,False,0.6602525921693996,-0.0010079662098333442,0.1684795186299468,8,2,6,-0.5,0,0,5,8,"{1: 127, 2: 57, 3: 57, 4: 35, 5: 22}","{1: 139, 2: 63, 3: 41, 4: 32, 5: 23}"
0.5,0.015,0.06,8,True,False,0.6602525921693996,-0.0010079662098333442,0.1684795186299468,8,2,6,-0.5,0,0,5,8,"{1: 127, 2: 57, 3: 57, 4: 35, 5: 22}","{1: 139, 2: 63, 3: 41, 4: 32, 5: 23}"
0.5,0.015,0.04,8,False,False,0.6602525921693996,-0.0010079662098333442,0.17183522332793338,8,2,6,-0.5,0,0,7,8,"{1: 127, 2: 59, 3: 55, 4: 35, 5: 22}","{1: 140, 2: 61, 3: 42, 4: 32, 5: 23}"
0.5,0.015,0.04,8,True,False,0.6602525921693996,-0.0010079662098333442,0.17183522332793338,8,2,6,-0.5,0,0,7,8,"{1: 127, 2: 59, 3: 55, 4: 35, 5: 22}","{1: 140, 2: 61, 3: 42, 4: 32, 5: 23}"
1.0,0.015,0.04,8,False,False,0.6602525921693996,-0.0010079662098333442,0.17183522332793338,8,2,6,-0.5,0,0,7,8,"{1: 127, 2: 59, 3: 55, 4: 35, 5: 22}","{1: 140, 2: 61, 3: 42, 4: 32, 5: 23}"
1.0,0.015,0.04,8,True,False,0.6602525921693996,-0.0010079662098333442,0.17183522332793338,8,2,6,-0.5,0,0,7,8,"{1: 127, 2: 59, 3: 55, 4: 35, 5: 22}","{1: 140, 2: 61, 3: 42, 4: 32, 5: 23}"
1.0,0.015,0.06,8,False,False,0.6602525921693996,-0.0010079662098333442,0.17183522332793338,8,2,6,-0.5,0,0,7,8,"{1: 127, 2: 59, 3: 55, 4: 35, 5: 22}","{1: 140, 2: 61, 3: 42, 4: 32, 5: 23}"
1.0,0.015,0.06,8,True,False,0.6602525921693996,-0.0010079662098333442,0.17183522332793338,8,2,6,-0.5,0,0,7,8,"{1: 127, 2: 59, 3: 55, 4: 35, 5: 22}","{1: 140, 2: 61, 3: 42, 4: 32, 5: 23}"
2.0,0.015,0.04,8,False,False,0.6602525921693996,-0.0010079662098333442,0.17183522332793338,8,2,6,-0.5,0,0,7,8,"{1: 127, 2: 59, 3: 55, 4: 35, 5: 22}","{1: 140, 2: 61, 3: 42, 4: 32, 5: 23}"
2.0,0.015,0.04,8,True,False,0.6602525921693996,-0.0010079662098333442,0.17183522332793338,8,2,6,-0.5,0,0,7,8,"{1: 127, 2: 59, 3: 55, 4: 35, 5: 22}","{1: 140, 2: 61, 3: 42, 4: 32, 5: 23}"
2.0,0.015,0.06,8,False,False,0.6602525921693996,-0.0010079662098333442,0.17183522332793338,8,2,6,-0.5,0,0,7,8,"{1: 127, 2: 59, 3: 55, 4: 35, 5: 22}","{1: 140, 2: 61, 3: 42, 4: 32, 5: 23}"
2.0,0.015,0.06,8,True,False,0.6602525921693996,-0.0010079662098333442,0.17183522332793338,8,2,6,-0.5,0,0,7,8,"{1: 127, 2: 59, 3: 55, 4: 35, 5: 22}","{1: 140, 2: 61, 3: 42, 4: 32, 5: 23}"
1.0,0.04,0.1,12,False,False,0.6602341351704346,-0.0010264232087983105,0.15226341878225863,12,5,7,-0.16666666666666666,0,0,2,4,"{1: 124, 2: 60, 3: 57, 4: 35, 5: 22}","{1: 137, 2: 63, 3: 43, 4: 32, 5: 23}"
1.0,0.04,0.1,12,True,False,0.6602341351704346,-0.0010264232087983105,0.15226341878225863,12,5,7,-0.16666666666666666,0,0,2,4,"{1: 124, 2: 60, 3: 57, 4: 35, 5: 22}","{1: 137, 2: 63, 3: 43, 4: 32, 5: 23}"
0.5,0.06,0.1,12,False,False,0.6602341351704346,-0.0010264232087983105,0.1556191234802452,12,4,8,-0.3333333333333333,0,0,4,6,"{1: 124, 2: 61, 3: 57, 4: 34, 5: 22}","{1: 138, 2: 62, 3: 44, 4: 31, 5: 23}"
0.5,0.06,0.1,12,True,False,0.6602341351704346,-0.0010264232087983105,0.1556191234802452,12,4,8,-0.3333333333333333,0,0,4,6,"{1: 124, 2: 61, 3: 57, 4: 34, 5: 22}","{1: 138, 2: 62, 3: 44, 4: 31, 5: 23}"
0.5,0.06,0.08,12,False,False,0.6602341351704346,-0.0010264232087983105,0.1651238139319602,12,4,8,-0.3333333333333333,0,0,9,8,"{1: 126, 2: 61, 3: 56, 4: 33, 5: 22}","{1: 139, 2: 61, 3: 45, 4: 30, 5: 23}"
0.5,0.06,0.08,12,True,False,0.6602341351704346,-0.0010264232087983105,0.1651238139319602,12,4,8,-0.3333333333333333,0,0,9,8,"{1: 126, 2: 61, 3: 56, 4: 33, 5: 22}","{1: 139, 2: 61, 3: 45, 4: 30, 5: 23}"
1.0,0.04,0.08,12,False,False,0.6602341351704346,-0.0010264232087983105,0.17183522332793336,12,5,7,-0.16666666666666666,0,0,6,9,"{1: 126, 2: 58, 3: 59, 4: 33, 5: 22}","{1: 141, 2: 59, 3: 44, 4: 31, 5: 23}"
1.0,0.04,0.08,12,True,False,0.6602341351704346,-0.0010264232087983105,0.17183522332793336,12,5,7,-0.16666666666666666,0,0,6,9,"{1: 126, 2: 58, 3: 59, 4: 33, 5: 22}","{1: 141, 2: 59, 3: 44, 4: 31, 5: 23}"
1.0,0.04,0.04,12,False,False,0.6602341351704346,-0.0010264232087983105,0.1819023374218931,12,5,7,-0.16666666666666666,0,0,12,12,"{1: 127, 2: 61, 3: 55, 4: 34, 5: 21}","{1: 143, 2: 58, 3: 43, 4: 31, 5: 23}"
1.0,0.04,0.04,12,True,False,0.6602341351704346,-0.0010264232087983105,0.1819023374218931,12,5,7,-0.16666666666666666,0,0,12,12,"{1: 127, 2: 61, 3: 55, 4: 34, 5: 21}","{1: 143, 2: 58, 3: 43, 4: 31, 5: 23}"
1.0,0.04,0.06,12,False,False,0.6602341351704346,-0.0010264232087983105,0.1819023374218931,12,5,7,-0.16666666666666666,0,0,12,12,"{1: 127, 2: 61, 3: 55, 4: 34, 5: 21}","{1: 143, 2: 58, 3: 43, 4: 31, 5: 23}"
1.0,0.04,0.06,12,True,False,0.6602341351704346,-0.0010264232087983105,0.1819023374218931,12,5,7,-0.16666666666666666,0,0,12,12,"{1: 127, 2: 61, 3: 55, 4: 34, 5: 21}","{1: 143, 2: 58, 3: 43, 4: 31, 5: 23}"
0.5,0.06,0.04,12,False,False,0.6602341351704346,-0.0010264232087983105,0.18525804211987965,12,4,8,-0.3333333333333333,0,0,12,12,"{1: 128, 2: 60, 3: 55, 4: 33, 5: 22}","{1: 143, 2: 58, 3: 43, 4: 31, 5: 23}"
0.5,0.06,0.04,12,True,False,0.6602341351704346,-0.0010264232087983105,0.18525804211987965,12,4,8,-0.3333333333333333,0,0,12,12,"{1: 128, 2: 60, 3: 55, 4: 33, 5: 22}","{1: 143, 2: 58, 3: 43, 4: 31, 5: 23}"
0.5,0.06,0.06,12,False,False,0.6602341351704346,-0.0010264232087983105,0.18525804211987965,12,4,8,-0.3333333333333333,0,0,12,12,"{1: 128, 2: 60, 3: 55, 4: 33, 5: 22}","{1: 143, 2: 58, 3: 43, 4: 31, 5: 23}"
0.5,0.06,0.06,12,True,False,0.6602341351704346,-0.0010264232087983105,0.18525804211987965,12,4,8,-0.3333333333333333,0,0,12,12,"{1: 128, 2: 60, 3: 55, 4: 33, 5: 22}","{1: 143, 2: 58, 3: 43, 4: 31, 5: 23}"
2.0,0.08,0.1,12,False,True,0.6602300977678528,-0.001030460611380124,0.1684795186299468,12,5,7,-0.16666666666666666,0,4,12,10,"{1: 127, 2: 61, 3: 55, 4: 34, 5: 21}","{1: 139, 2: 61, 3: 45, 4: 32, 5: 21}"
2.0,0.08,0.1,12,True,True,0.6602300977678528,-0.001030460611380124,0.1684795186299468,12,5,7,-0.16666666666666666,0,4,12,10,"{1: 127, 2: 61, 3: 55, 4: 34, 5: 21}","{1: 139, 2: 61, 3: 45, 4: 32, 5: 21}"
1.0,0.08,0.1,12,False,True,0.6602300977678528,-0.001030460611380124,0.1690419422721915,12,5,7,-0.16666666666666666,0,4,12,10,"{1: 126, 2: 63, 3: 54, 4: 34, 5: 21}","{1: 139, 2: 61, 3: 45, 4: 32, 5: 21}"
1.0,0.08,0.1,12,True,True,0.6602300977678528,-0.001030460611380124,0.1690419422721915,12,5,7,-0.16666666666666666,0,4,12,10,"{1: 126, 2: 63, 3: 54, 4: 34, 5: 21}","{1: 139, 2: 61, 3: 45, 4: 32, 5: 21}"
1.0,0.08,0.04,12,False,True,0.6602300977678528,-0.001030460611380124,0.18190233742189313,12,5,7,-0.16666666666666666,0,4,12,12,"{1: 127, 2: 62, 3: 53, 4: 35, 5: 21}","{1: 143, 2: 57, 3: 44, 4: 32, 5: 22}"
1.0,0.08,0.04,12,True,True,0.6602300977678528,-0.001030460611380124,0.18190233742189313,12,5,7,-0.16666666666666666,0,4,12,12,"{1: 127, 2: 62, 3: 53, 4: 35, 5: 21}","{1: 143, 2: 57, 3: 44, 4: 32, 5: 22}"
1.0,0.08,0.06,12,False,True,0.6602300977678528,-0.001030460611380124,0.18190233742189313,12,5,7,-0.16666666666666666,0,4,12,12,"{1: 127, 2: 62, 3: 53, 4: 35, 5: 21}","{1: 143, 2: 57, 3: 44, 4: 32, 5: 22}"
1.0,0.08,0.06,12,True,True,0.6602300977678528,-0.001030460611380124,0.18190233742189313,12,5,7,-0.16666666666666666,0,4,12,12,"{1: 127, 2: 62, 3: 53, 4: 35, 5: 21}","{1: 143, 2: 57, 3: 44, 4: 32, 5: 22}"
1.0,0.08,0.08,12,False,True,0.6602300977678528,-0.001030460611380124,0.18190233742189313,12,5,7,-0.16666666666666666,0,4,12,12,"{1: 127, 2: 62, 3: 53, 4: 35, 5: 21}","{1: 143, 2: 57, 3: 44, 4: 32, 5: 22}"
1.0,0.08,0.08,12,True,True,0.6602300977678528,-0.001030460611380124,0.18190233742189313,12,5,7,-0.16666666666666666,0,4,12,12,"{1: 127, 2: 62, 3: 53, 4: 35, 5: 21}","{1: 143, 2: 57, 3: 44, 4: 32, 5: 22}"
2.0,0.08,0.04,12,False,True,0.6602300977678528,-0.001030460611380124,0.18190233742189313,12,5,7,-0.16666666666666666,0,4,12,12,"{1: 127, 2: 62, 3: 53, 4: 35, 5: 21}","{1: 143, 2: 57, 3: 44, 4: 32, 5: 22}"
2.0,0.08,0.04,12,True,True,0.6602300977678528,-0.001030460611380124,0.18190233742189313,12,5,7,-0.16666666666666666,0,4,12,12,"{1: 127, 2: 62, 3: 53, 4: 35, 5: 21}","{1: 143, 2: 57, 3: 44, 4: 32, 5: 22}"
2.0,0.08,0.06,12,False,True,0.6602300977678528,-0.001030460611380124,0.18190233742189313,12,5,7,-0.16666666666666666,0,4,12,12,"{1: 127, 2: 62, 3: 53, 4: 35, 5: 21}","{1: 143, 2: 57, 3: 44, 4: 32, 5: 22}"
2.0,0.08,0.06,12,True,True,0.6602300977678528,-0.001030460611380124,0.18190233742189313,12,5,7,-0.16666666666666666,0,4,12,12,"{1: 127, 2: 62, 3: 53, 4: 35, 5: 21}","{1: 143, 2: 57, 3: 44, 4: 32, 5: 22}"
2.0,0.08,0.08,12,False,True,0.6602300977678528,-0.001030460611380124,0.18190233742189313,12,5,7,-0.16666666666666666,0,4,12,12,"{1: 127, 2: 62, 3: 53, 4: 35, 5: 21}","{1: 143, 2: 57, 3: 44, 4: 32, 5: 22}"
2.0,0.08,0.08,12,True,True,0.6602300977678528,-0.001030460611380124,0.18190233742189313,12,5,7,-0.16666666666666666,0,4,12,12,"{1: 127, 2: 62, 3: 53, 4: 35, 5: 21}","{1: 143, 2: 57, 3: 44, 4: 32, 5: 22}"
1.0,0.08,0.14,12,False,True,0.6602260552939062,-0.00103450308532671,0.14555200938628549,12,5,7,-0.16666666666666666,0,3,1,1,"{1: 124, 2: 59, 3: 58, 4: 35, 5: 22}","{1: 135, 2: 64, 3: 44, 4: 32, 5: 23}"
1.0,0.08,0.14,12,True,True,0.6602260552939062,-0.00103450308532671,0.14555200938628549,12,5,7,-0.16666666666666666,0,3,1,1,"{1: 124, 2: 59, 3: 58, 4: 35, 5: 22}","{1: 135, 2: 64, 3: 44, 4: 32, 5: 23}"
2.0,0.04,0.1,15,False,False,0.6601867968139346,-0.00107376156529837,0.15505669983800044,15,6,9,-0.2,0,0,3,4,"{1: 125, 2: 59, 3: 57, 4: 35, 5: 22}","{1: 137, 2: 63, 3: 43, 4: 32, 5: 23}"
2.0,0.04,0.1,15,True,False,0.6601867968139346,-0.00107376156529837,0.15505669983800044,15,6,9,-0.2,0,0,3,4,"{1: 125, 2: 59, 3: 57, 4: 35, 5: 22}","{1: 137, 2: 63, 3: 43, 4: 32, 5: 23}"
2.0,0.04,0.08,15,False,False,0.6601867968139346,-0.00107376156529837,0.17519092802591998,15,6,9,-0.2,0,0,7,10,"{1: 126, 2: 59, 3: 58, 4: 33, 5: 22}","{1: 142, 2: 58, 3: 44, 4: 31, 5: 23}"
2.0,0.04,0.08,15,True,False,0.6601867968139346,-0.00107376156529837,0.17519092802591998,15,6,9,-0.2,0,0,7,10,"{1: 126, 2: 59, 3: 58, 4: 33, 5: 22}","{1: 142, 2: 58, 3: 44, 4: 31, 5: 23}"
2.0,0.04,0.04,15,False,False,0.6601867968139346,-0.00107376156529837,0.18525804211987967,15,6,9,-0.2,0,0,12,15,"{1: 127, 2: 61, 3: 55, 4: 34, 5: 21}","{1: 144, 2: 59, 3: 41, 4: 31, 5: 23}"
2.0,0.04,0.04,15,True,False,0.6601867968139346,-0.00107376156529837,0.18525804211987967,15,6,9,-0.2,0,0,12,15,"{1: 127, 2: 61, 3: 55, 4: 34, 5: 21}","{1: 144, 2: 59, 3: 41, 4: 31, 5: 23}"
2.0,0.04,0.06,15,False,False,0.6601867968139346,-0.00107376156529837,0.18525804211987967,15,6,9,-0.2,0,0,12,15,"{1: 127, 2: 61, 3: 55, 4: 34, 5: 21}","{1: 144, 2: 59, 3: 41, 4: 31, 5: 23}"
2.0,0.04,0.06,15,True,False,0.6601867968139346,-0.00107376156529837,0.18525804211987967,15,6,9,-0.2,0,0,12,15,"{1: 127, 2: 61, 3: 55, 4: 34, 5: 21}","{1: 144, 2: 59, 3: 41, 4: 31, 5: 23}"
2.0,0.025,0.1,8,False,False,0.6601815445143939,-0.0010790138648389958,0.14890771408427203,8,3,5,-0.25,0,0,3,1,"{1: 125, 2: 59, 3: 57, 4: 35, 5: 22}","{1: 135, 2: 64, 3: 44, 4: 32, 5: 23}"
2.0,0.025,0.1,8,True,False,0.6601815445143939,-0.0010790138648389958,0.14890771408427203,8,3,5,-0.25,0,0,3,1,"{1: 125, 2: 59, 3: 57, 4: 35, 5: 22}","{1: 135, 2: 64, 3: 44, 4: 32, 5: 23}"
2.0,0.025,0.08,8,False,False,0.6601815445143939,-0.0010790138648389958,0.1684795186299468,8,3,5,-0.25,0,0,5,6,"{1: 126, 2: 59, 3: 56, 4: 35, 5: 22}","{1: 140, 2: 59, 3: 44, 4: 32, 5: 23}"
2.0,0.025,0.08,8,True,False,0.6601815445143939,-0.0010790138648389958,0.1684795186299468,8,3,5,-0.25,0,0,5,6,"{1: 126, 2: 59, 3: 56, 4: 35, 5: 22}","{1: 140, 2: 59, 3: 44, 4: 32, 5: 23}"
2.0,0.025,0.04,8,False,False,0.6601815445143939,-0.0010790138648389958,0.17519092802591998,8,3,5,-0.25,0,0,8,8,"{1: 127, 2: 60, 3: 54, 4: 35, 5: 22}","{1: 141, 2: 59, 3: 43, 4: 32, 5: 23}"
2.0,0.025,0.04,8,True,False,0.6601815445143939,-0.0010790138648389958,0.17519092802591998,8,3,5,-0.25,0,0,8,8,"{1: 127, 2: 60, 3: 54, 4: 35, 5: 22}","{1: 141, 2: 59, 3: 43, 4: 32, 5: 23}"
2.0,0.025,0.06,8,False,False,0.6601815445143939,-0.0010790138648389958,0.17519092802591998,8,3,5,-0.25,0,0,8,8,"{1: 127, 2: 60, 3: 54, 4: 35, 5: 22}","{1: 141, 2: 59, 3: 43, 4: 32, 5: 23}"
2.0,0.025,0.06,8,True,False,0.6601815445143939,-0.0010790138648389958,0.17519092802591998,8,3,5,-0.25,0,0,8,8,"{1: 127, 2: 60, 3: 54, 4: 35, 5: 22}","{1: 141, 2: 59, 3: 43, 4: 32, 5: 23}"
1.0,0.04,0.1,10,False,True,0.6601723124055154,-0.0010882459737174832,0.1556191234802452,10,4,6,-0.2,0,3,3,5,"{1: 124, 2: 61, 3: 56, 4: 35, 5: 22}","{1: 137, 2: 63, 3: 43, 4: 33, 5: 22}"
1.0,0.04,0.1,10,True,True,0.6601723124055154,-0.0010882459737174832,0.1556191234802452,10,4,6,-0.2,0,3,3,5,"{1: 124, 2: 61, 3: 56, 4: 35, 5: 22}","{1: 137, 2: 63, 3: 43, 4: 33, 5: 22}"
1.0,0.04,0.08,10,False,True,0.6601723124055154,-0.0010882459737174832,0.17183522332793338,10,4,6,-0.2,0,3,9,10,"{1: 126, 2: 61, 3: 56, 4: 33, 5: 22}","{1: 141, 2: 59, 3: 44, 4: 32, 5: 22}"
1.0,0.04,0.08,10,True,True,0.6601723124055154,-0.0010882459737174832,0.17183522332793338,10,4,6,-0.2,0,3,9,10,"{1: 126, 2: 61, 3: 56, 4: 33, 5: 22}","{1: 141, 2: 59, 3: 44, 4: 32, 5: 22}"
1.0,0.04,0.04,10,False,True,0.6601723124055154,-0.0010882459737174832,0.17854663272390653,10,4,6,-0.2,0,3,10,10,"{1: 127, 2: 61, 3: 54, 4: 34, 5: 22}","{1: 142, 2: 58, 3: 43, 4: 33, 5: 22}"
1.0,0.04,0.04,10,True,True,0.6601723124055154,-0.0010882459737174832,0.17854663272390653,10,4,6,-0.2,0,3,10,10,"{1: 127, 2: 61, 3: 54, 4: 34, 5: 22}","{1: 142, 2: 58, 3: 43, 4: 33, 5: 22}"
1.0,0.04,0.06,10,False,True,0.6601723124055154,-0.0010882459737174832,0.17854663272390653,10,4,6,-0.2,0,3,10,10,"{1: 127, 2: 61, 3: 54, 4: 34, 5: 22}","{1: 142, 2: 58, 3: 43, 4: 33, 5: 22}"
1.0,0.04,0.06,10,True,True,0.6601723124055154,-0.0010882459737174832,0.17854663272390653,10,4,6,-0.2,0,3,10,10,"{1: 127, 2: 61, 3: 54, 4: 34, 5: 22}","{1: 142, 2: 58, 3: 43, 4: 33, 5: 22}"
0.5,0.06,0.1,10,False,True,0.6601682354574832,-0.0010923229217497665,0.15897482817823178,10,5,5,0.0,0,4,6,8,"{1: 124, 2: 62, 3: 56, 4: 35, 5: 21}","{1: 139, 2: 61, 3: 44, 4: 32, 5: 22}"
0.5,0.06,0.1,10,True,True,0.6601682354574832,-0.0010923229217497665,0.15897482817823178,10,5,5,0.0,0,4,6,8,"{1: 124, 2: 62, 3: 56, 4: 35, 5: 21}","{1: 139, 2: 61, 3: 44, 4: 32, 5: 22}"
0.5,0.06,0.08,10,False,True,0.6601682354574832,-0.0010923229217497665,0.16847951862994678,10,5,5,0.0,0,4,10,10,"{1: 126, 2: 62, 3: 54, 4: 35, 5: 21}","{1: 140, 2: 60, 3: 45, 4: 31, 5: 22}"
0.5,0.06,0.08,10,True,True,0.6601682354574832,-0.0010923229217497665,0.16847951862994678,10,5,5,0.0,0,4,10,10,"{1: 126, 2: 62, 3: 54, 4: 35, 5: 21}","{1: 140, 2: 60, 3: 45, 4: 31, 5: 22}"
2.0,0.08,0.1,10,False,True,0.6601682354574832,-0.0010923229217497665,0.1684795186299468,10,4,6,-0.2,0,3,10,10,"{1: 127, 2: 60, 3: 55, 4: 35, 5: 21}","{1: 139, 2: 61, 3: 45, 4: 32, 5: 21}"
2.0,0.08,0.1,10,True,True,0.6601682354574832,-0.0010923229217497665,0.1684795186299468,10,4,6,-0.2,0,3,10,10,"{1: 127, 2: 60, 3: 55, 4: 35, 5: 21}","{1: 139, 2: 61, 3: 45, 4: 32, 5: 21}"
2.0,0.08,0.04,10,False,True,0.6601682354574832,-0.0010923229217497665,0.17519092802591996,10,4,6,-0.2,0,3,10,10,"{1: 127, 2: 60, 3: 55, 4: 35, 5: 21}","{1: 141, 2: 59, 3: 44, 4: 32, 5: 22}"
2.0,0.08,0.04,10,True,True,0.6601682354574832,-0.0010923229217497665,0.17519092802591996,10,4,6,-0.2,0,3,10,10,"{1: 127, 2: 60, 3: 55, 4: 35, 5: 21}","{1: 141, 2: 59, 3: 44, 4: 32, 5: 22}"
2.0,0.08,0.06,10,False,True,0.6601682354574832,-0.0010923229217497665,0.17519092802591996,10,4,6,-0.2,0,3,10,10,"{1: 127, 2: 60, 3: 55, 4: 35, 5: 21}","{1: 141, 2: 59, 3: 44, 4: 32, 5: 22}"
2.0,0.08,0.06,10,True,True,0.6601682354574832,-0.0010923229217497665,0.17519092802591996,10,4,6,-0.2,0,3,10,10,"{1: 127, 2: 60, 3: 55, 4: 35, 5: 21}","{1: 141, 2: 59, 3: 44, 4: 32, 5: 22}"
2.0,0.08,0.08,10,False,True,0.6601682354574832,-0.0010923229217497665,0.17519092802591996,10,4,6,-0.2,0,3,10,10,"{1: 127, 2: 60, 3: 55, 4: 35, 5: 21}","{1: 141, 2: 59, 3: 44, 4: 32, 5: 22}"
2.0,0.08,0.08,10,True,True,0.6601682354574832,-0.0010923229217497665,0.17519092802591996,10,4,6,-0.2,0,3,10,10,"{1: 127, 2: 60, 3: 55, 4: 35, 5: 21}","{1: 141, 2: 59, 3: 44, 4: 32, 5: 22}"
0.5,0.06,0.04,10,False,True,0.6601682354574832,-0.0010923229217497665,0.18190233742189313,10,5,5,0.0,0,4,10,10,"{1: 127, 2: 61, 3: 53, 4: 36, 5: 21}","{1: 143, 2: 56, 3: 44, 4: 33, 5: 22}"
0.5,0.06,0.04,10,True,True,0.6601682354574832,-0.0010923229217497665,0.18190233742189313,10,5,5,0.0,0,4,10,10,"{1: 127, 2: 61, 3: 53, 4: 36, 5: 21}","{1: 143, 2: 56, 3: 44, 4: 33, 5: 22}"
0.5,0.06,0.06,10,False,True,0.6601682354574832,-0.0010923229217497665,0.18190233742189313,10,5,5,0.0,0,4,10,10,"{1: 127, 2: 61, 3: 53, 4: 36, 5: 21}","{1: 143, 2: 56, 3: 44, 4: 33, 5: 22}"
0.5,0.06,0.06,10,True,True,0.6601682354574832,-0.0010923229217497665,0.18190233742189313,10,5,5,0.0,0,4,10,10,"{1: 127, 2: 61, 3: 53, 4: 36, 5: 21}","{1: 143, 2: 56, 3: 44, 4: 33, 5: 22}"
0.5,0.015,0.1,12,False,True,0.6601671575300708,-0.0010934008491620961,0.14555200938628549,12,4,8,-0.3333333333333333,0,5,0,1,"{1: 123, 2: 60, 3: 58, 4: 35, 5: 22}","{1: 134, 2: 65, 3: 44, 4: 33, 5: 22}"
0.5,0.015,0.1,12,True,True,0.6601671575300708,-0.0010934008491620961,0.14555200938628549,12,4,8,-0.3333333333333333,0,5,0,1,"{1: 123, 2: 60, 3: 58, 4: 35, 5: 22}","{1: 134, 2: 65, 3: 44, 4: 33, 5: 22}"
0.5,0.015,0.08,12,False,True,0.6601671575300708,-0.0010934008491620961,0.14890771408427206,12,4,8,-0.3333333333333333,0,5,3,1,"{1: 125, 2: 59, 3: 57, 4: 35, 5: 22}","{1: 134, 2: 65, 3: 44, 4: 33, 5: 22}"
0.5,0.015,0.08,12,True,True,0.6601671575300708,-0.0010934008491620961,0.14890771408427206,12,4,8,-0.3333333333333333,0,5,3,1,"{1: 125, 2: 59, 3: 57, 4: 35, 5: 22}","{1: 134, 2: 65, 3: 44, 4: 33, 5: 22}"
0.5,0.015,0.06,12,False,True,0.6601671575300708,-0.0010934008491620961,0.1684795186299468,12,4,8,-0.3333333333333333,0,5,6,9,"{1: 127, 2: 58, 3: 56, 4: 35, 5: 22}","{1: 139, 2: 63, 3: 41, 4: 33, 5: 22}"
0.5,0.015,0.06,12,True,True,0.6601671575300708,-0.0010934008491620961,0.1684795186299468,12,4,8,-0.3333333333333333,0,5,6,9,"{1: 127, 2: 58, 3: 56, 4: 35, 5: 22}","{1: 139, 2: 63, 3: 41, 4: 33, 5: 22}"
0.5,0.015,0.04,12,False,True,0.6601671575300708,-0.0010934008491620961,0.1785466327239065,12,4,8,-0.3333333333333333,0,5,9,12,"{1: 127, 2: 61, 3: 53, 4: 35, 5: 22}","{1: 142, 2: 60, 3: 41, 4: 33, 5: 22}"
0.5,0.015,0.04,12,True,True,0.6601671575300708,-0.0010934008491620961,0.1785466327239065,12,4,8,-0.3333333333333333,0,5,9,12,"{1: 127, 2: 61, 3: 53, 4: 35, 5: 22}","{1: 142, 2: 60, 3: 41, 4: 33, 5: 22}"
0.5,0.025,0.1,12,False,True,0.6601630797949918,-0.0010974785842411405,0.14555200938628546,12,5,7,-0.16666666666666666,0,5,0,2,"{1: 123, 2: 60, 3: 58, 4: 35, 5: 22}","{1: 135, 2: 64, 3: 44, 4: 33, 5: 22}"
0.5,0.025,0.1,12,True,True,0.6601630797949918,-0.0010974785842411405,0.14555200938628546,12,5,7,-0.16666666666666666,0,5,0,2,"{1: 123, 2: 60, 3: 58, 4: 35, 5: 22}","{1: 135, 2: 64, 3: 44, 4: 33, 5: 22}"
1.0,0.025,0.1,12,False,True,0.6601630797949918,-0.0010974785842411405,0.14890771408427206,12,5,7,-0.16666666666666666,0,5,2,2,"{1: 124, 2: 60, 3: 57, 4: 35, 5: 22}","{1: 135, 2: 64, 3: 44, 4: 33, 5: 22}"
1.0,0.025,0.1,12,True,True,0.6601630797949918,-0.0010974785842411405,0.14890771408427206,12,5,7,-0.16666666666666666,0,5,2,2,"{1: 124, 2: 60, 3: 57, 4: 35, 5: 22}","{1: 135, 2: 64, 3: 44, 4: 33, 5: 22}"
0.5,0.025,0.08,12,False,True,0.6601630797949918,-0.0010974785842411405,0.1522634187822586,12,5,7,-0.16666666666666666,0,5,4,2,"{1: 125, 2: 60, 3: 56, 4: 35, 5: 22}","{1: 135, 2: 64, 3: 44, 4: 33, 5: 22}"
0.5,0.025,0.08,12,True,True,0.6601630797949918,-0.0010974785842411405,0.1522634187822586,12,5,7,-0.16666666666666666,0,5,4,2,"{1: 125, 2: 60, 3: 56, 4: 35, 5: 22}","{1: 135, 2: 64, 3: 44, 4: 33, 5: 22}"
2.0,0.06,0.1,12,False,False,0.6601630797949918,-0.0010974785842411405,0.16233053287621838,12,5,7,-0.16666666666666666,0,0,8,6,"{1: 126, 2: 61, 3: 55, 4: 34, 5: 22}","{1: 138, 2: 62, 3: 44, 4: 31, 5: 23}"
2.0,0.06,0.1,12,True,False,0.6601630797949918,-0.0010974785842411405,0.16233053287621838,12,5,7,-0.16666666666666666,0,0,8,6,"{1: 126, 2: 61, 3: 55, 4: 34, 5: 22}","{1: 138, 2: 62, 3: 44, 4: 31, 5: 23}"
1.0,0.025,0.08,12,False,True,0.6601630797949918,-0.0010974785842411405,0.1651238139319602,12,5,7,-0.16666666666666666,0,5,6,6,"{1: 126, 2: 60, 3: 55, 4: 35, 5: 22}","{1: 139, 2: 60, 3: 44, 4: 33, 5: 22}"
1.0,0.025,0.08,12,True,True,0.6601630797949918,-0.0010974785842411405,0.1651238139319602,12,5,7,-0.16666666666666666,0,5,6,6,"{1: 126, 2: 60, 3: 55, 4: 35, 5: 22}","{1: 139, 2: 60, 3: 44, 4: 33, 5: 22}"
0.5,0.025,0.06,12,False,True,0.6601630797949918,-0.0010974785842411405,0.17183522332793336,12,5,7,-0.16666666666666666,0,5,8,10,"{1: 127, 2: 60, 3: 54, 4: 35, 5: 22}","{1: 140, 2: 62, 3: 41, 4: 33, 5: 22}"
0.5,0.025,0.06,12,True,True,0.6601630797949918,-0.0010974785842411405,0.17183522332793336,12,5,7,-0.16666666666666666,0,5,8,10,"{1: 127, 2: 60, 3: 54, 4: 35, 5: 22}","{1: 140, 2: 62, 3: 41, 4: 33, 5: 22}"
0.5,0.025,0.04,12,False,True,0.6601630797949918,-0.0010974785842411405,0.17910905636615124,12,5,7,-0.16666666666666666,0,5,11,12,"{1: 127, 2: 63, 3: 51, 4: 35, 5: 22}","{1: 142, 2: 60, 3: 41, 4: 33, 5: 22}"
0.5,0.025,0.04,12,True,True,0.6601630797949918,-0.0010974785842411405,0.17910905636615124,12,5,7,-0.16666666666666666,0,5,11,12,"{1: 127, 2: 63, 3: 51, 4: 35, 5: 22}","{1: 142, 2: 60, 3: 41, 4: 33, 5: 22}"
1.0,0.025,0.04,12,False,True,0.6601630797949918,-0.0010974785842411405,0.17910905636615124,12,5,7,-0.16666666666666666,0,5,11,12,"{1: 127, 2: 63, 3: 51, 4: 35, 5: 22}","{1: 142, 2: 60, 3: 41, 4: 33, 5: 22}"
1.0,0.025,0.04,12,True,True,0.6601630797949918,-0.0010974785842411405,0.17910905636615124,12,5,7,-0.16666666666666666,0,5,11,12,"{1: 127, 2: 63, 3: 51, 4: 35, 5: 22}","{1: 142, 2: 60, 3: 41, 4: 33, 5: 22}"
1.0,0.025,0.06,12,False,True,0.6601630797949918,-0.0010974785842411405,0.17910905636615124,12,5,7,-0.16666666666666666,0,5,11,12,"{1: 127, 2: 63, 3: 51, 4: 35, 5: 22}","{1: 142, 2: 60, 3: 41, 4: 33, 5: 22}"
1.0,0.025,0.06,12,True,True,0.6601630797949918,-0.0010974785842411405,0.17910905636615124,12,5,7,-0.16666666666666666,0,5,11,12,"{1: 127, 2: 63, 3: 51, 4: 35, 5: 22}","{1: 142, 2: 60, 3: 41, 4: 33, 5: 22}"
2.0,0.06,0.08,12,False,False,0.6601630797949918,-0.0010974785842411405,0.18190233742189313,12,5,7,-0.16666666666666666,0,0,12,12,"{1: 127, 2: 61, 3: 56, 4: 32, 5: 22}","{1: 143, 2: 57, 3: 45, 4: 30, 5: 23}"
2.0,0.06,0.08,12,True,False,0.6601630797949918,-0.0010974785842411405,0.18190233742189313,12,5,7,-0.16666666666666666,0,0,12,12,"{1: 127, 2: 61, 3: 56, 4: 32, 5: 22}","{1: 143, 2: 57, 3: 45, 4: 30, 5: 23}"
2.0,0.06,0.04,12,False,False,0.6601630797949918,-0.0010974785842411405,0.18525804211987965,12,5,7,-0.16666666666666666,0,0,12,12,"{1: 128, 2: 60, 3: 55, 4: 33, 5: 22}","{1: 143, 2: 58, 3: 43, 4: 31, 5: 23}"
2.0,0.06,0.04,12,True,False,0.6601630797949918,-0.0010974785842411405,0.18525804211987965,12,5,7,-0.16666666666666666,0,0,12,12,"{1: 128, 2: 60, 3: 55, 4: 33, 5: 22}","{1: 143, 2: 58, 3: 43, 4: 31, 5: 23}"
2.0,0.06,0.06,12,False,False,0.6601630797949918,-0.0010974785842411405,0.18525804211987965,12,5,7,-0.16666666666666666,0,0,12,12,"{1: 128, 2: 60, 3: 55, 4: 33, 5: 22}","{1: 143, 2: 58, 3: 43, 4: 31, 5: 23}"
2.0,0.06,0.06,12,True,False,0.6601630797949918,-0.0010974785842411405,0.18525804211987965,12,5,7,-0.16666666666666666,0,0,12,12,"{1: 128, 2: 60, 3: 55, 4: 33, 5: 22}","{1: 143, 2: 58, 3: 43, 4: 31, 5: 23}"
2.0,0.025,0.1,15,False,False,0.6601157435023917,-0.0011448148768412603,0.14890771408427203,15,5,10,-0.3333333333333333,0,0,3,1,"{1: 125, 2: 59, 3: 57, 4: 35, 5: 22}","{1: 135, 2: 64, 3: 44, 4: 32, 5: 23}"
2.0,0.025,0.1,15,True,False,0.6601157435023917,-0.0011448148768412603,0.14890771408427203,15,5,10,-0.3333333333333333,0,0,3,1,"{1: 125, 2: 59, 3: 57, 4: 35, 5: 22}","{1: 135, 2: 64, 3: 44, 4: 32, 5: 23}"
2.0,0.025,0.08,15,False,False,0.6601157435023917,-0.0011448148768412603,0.1684795186299468,15,5,10,-0.3333333333333333,0,0,5,6,"{1: 126, 2: 59, 3: 56, 4: 35, 5: 22}","{1: 140, 2: 59, 3: 44, 4: 32, 5: 23}"
2.0,0.025,0.08,15,True,False,0.6601157435023917,-0.0011448148768412603,0.1684795186299468,15,5,10,-0.3333333333333333,0,0,5,6,"{1: 126, 2: 59, 3: 56, 4: 35, 5: 22}","{1: 140, 2: 59, 3: 44, 4: 32, 5: 23}"
2.0,0.025,0.04,15,False,False,0.6601157435023917,-0.0011448148768412603,0.18861374681786627,15,5,10,-0.3333333333333333,0,0,8,15,"{1: 127, 2: 60, 3: 54, 4: 35, 5: 22}","{1: 145, 2: 57, 3: 42, 4: 31, 5: 23}"
2.0,0.025,0.04,15,True,False,0.6601157435023917,-0.0011448148768412603,0.18861374681786627,15,5,10,-0.3333333333333333,0,0,8,15,"{1: 127, 2: 60, 3: 54, 4: 35, 5: 22}","{1: 145, 2: 57, 3: 42, 4: 31, 5: 23}"
2.0,0.025,0.06,15,False,False,0.6601157435023917,-0.0011448148768412603,0.18861374681786627,15,5,10,-0.3333333333333333,0,0,8,15,"{1: 127, 2: 60, 3: 54, 4: 35, 5: 22}","{1: 145, 2: 57, 3: 42, 4: 31, 5: 23}"
2.0,0.025,0.06,15,True,False,0.6601157435023917,-0.0011448148768412603,0.18861374681786627,15,5,10,-0.3333333333333333,0,0,8,15,"{1: 127, 2: 60, 3: 54, 4: 35, 5: 22}","{1: 145, 2: 57, 3: 42, 4: 31, 5: 23}"
2.0,0.08,0.14,15,False,True,0.6601075145788704,-0.0011530438003625187,0.14890771408427203,15,7,8,-0.06666666666666667,0,4,3,3,"{1: 124, 2: 60, 3: 57, 4: 36, 5: 21}","{1: 136, 2: 63, 3: 44, 4: 33, 5: 22}"
2.0,0.08,0.14,15,True,True,0.6601075145788704,-0.0011530438003625187,0.14890771408427203,15,7,8,-0.06666666666666667,0,4,3,3,"{1: 124, 2: 60, 3: 57, 4: 36, 5: 21}","{1: 136, 2: 63, 3: 44, 4: 33, 5: 22}"
2.0,0.025,0.1,12,False,False,0.6600961178606772,-0.0011644405185556872,0.14890771408427203,12,4,8,-0.3333333333333333,0,0,3,1,"{1: 125, 2: 59, 3: 57, 4: 35, 5: 22}","{1: 135, 2: 64, 3: 44, 4: 32, 5: 23}"
2.0,0.025,0.1,12,True,False,0.6600961178606772,-0.0011644405185556872,0.14890771408427203,12,4,8,-0.3333333333333333,0,0,3,1,"{1: 125, 2: 59, 3: 57, 4: 35, 5: 22}","{1: 135, 2: 64, 3: 44, 4: 32, 5: 23}"
2.0,0.025,0.08,12,False,False,0.6600961178606772,-0.0011644405185556872,0.1684795186299468,12,4,8,-0.3333333333333333,0,0,5,6,"{1: 126, 2: 59, 3: 56, 4: 35, 5: 22}","{1: 140, 2: 59, 3: 44, 4: 32, 5: 23}"
2.0,0.025,0.08,12,True,False,0.6600961178606772,-0.0011644405185556872,0.1684795186299468,12,4,8,-0.3333333333333333,0,0,5,6,"{1: 126, 2: 59, 3: 56, 4: 35, 5: 22}","{1: 140, 2: 59, 3: 44, 4: 32, 5: 23}"
2.0,0.025,0.04,12,False,False,0.6600961178606772,-0.0011644405185556872,0.18190233742189313,12,4,8,-0.3333333333333333,0,0,8,12,"{1: 127, 2: 60, 3: 54, 4: 35, 5: 22}","{1: 143, 2: 59, 3: 41, 4: 32, 5: 23}"
2.0,0.025,0.04,12,True,False,0.6600961178606772,-0.0011644405185556872,0.18190233742189313,12,4,8,-0.3333333333333333,0,0,8,12,"{1: 127, 2: 60, 3: 54, 4: 35, 5: 22}","{1: 143, 2: 59, 3: 41, 4: 32, 5: 23}"
2.0,0.025,0.06,12,False,False,0.6600961178606772,-0.0011644405185556872,0.18190233742189313,12,4,8,-0.3333333333333333,0,0,8,12,"{1: 127, 2: 60, 3: 54, 4: 35, 5: 22}","{1: 143, 2: 59, 3: 41, 4: 32, 5: 23}"
2.0,0.025,0.06,12,True,False,0.6600961178606772,-0.0011644405185556872,0.18190233742189313,12,4,8,-0.3333333333333333,0,0,8,12,"{1: 127, 2: 60, 3: 54, 4: 35, 5: 22}","{1: 143, 2: 59, 3: 41, 4: 32, 5: 23}"
0.5,0.015,0.08,12,False,False,0.6600878663486186,-0.0011726920306143196,0.14555200938628549,12,3,9,-0.5,0,0,2,0,"{1: 125, 2: 58, 3: 58, 4: 35, 5: 22}","{1: 134, 2: 65, 3: 44, 4: 32, 5: 23}"
0.5,0.015,0.08,12,True,False,0.6600878663486186,-0.0011726920306143196,0.14555200938628549,12,3,9,-0.5,0,0,2,0,"{1: 125, 2: 58, 3: 58, 4: 35, 5: 22}","{1: 134, 2: 65, 3: 44, 4: 32, 5: 23}"
1.0,0.015,0.08,12,False,False,0.6600878663486186,-0.0011726920306143196,0.16176810923397367,12,3,9,-0.5,0,0,3,4,"{1: 126, 2: 57, 3: 58, 4: 35, 5: 22}","{1: 138, 2: 61, 3: 44, 4: 32, 5: 23}"
1.0,0.015,0.08,12,True,False,0.6600878663486186,-0.0011726920306143196,0.16176810923397367,12,3,9,-0.5,0,0,3,4,"{1: 126, 2: 57, 3: 58, 4: 35, 5: 22}","{1: 138, 2: 61, 3: 44, 4: 32, 5: 23}"
2.0,0.015,0.08,12,False,False,0.6600878663486186,-0.0011726920306143196,0.1651238139319602,12,3,9,-0.5,0,0,4,5,"{1: 126, 2: 58, 3: 57, 4: 35, 5: 22}","{1: 139, 2: 60, 3: 44, 4: 32, 5: 23}"
2.0,0.015,0.08,12,True,False,0.6600878663486186,-0.0011726920306143196,0.1651238139319602,12,3,9,-0.5,0,0,4,5,"{1: 126, 2: 58, 3: 57, 4: 35, 5: 22}","{1: 139, 2: 60, 3: 44, 4: 32, 5: 23}"
0.5,0.015,0.06,12,False,False,0.6600878663486186,-0.0011726920306143196,0.1684795186299468,12,3,9,-0.5,0,0,5,8,"{1: 127, 2: 57, 3: 57, 4: 35, 5: 22}","{1: 139, 2: 63, 3: 41, 4: 32, 5: 23}"
0.5,0.015,0.06,12,True,False,0.6600878663486186,-0.0011726920306143196,0.1684795186299468,12,3,9,-0.5,0,0,5,8,"{1: 127, 2: 57, 3: 57, 4: 35, 5: 22}","{1: 139, 2: 63, 3: 41, 4: 32, 5: 23}"
1.0,0.015,0.06,12,False,False,0.6600878663486186,-0.0011726920306143196,0.17519092802591998,12,3,9,-0.5,0,0,7,10,"{1: 127, 2: 59, 3: 55, 4: 35, 5: 22}","{1: 141, 2: 61, 3: 41, 4: 32, 5: 23}"
1.0,0.015,0.06,12,True,False,0.6600878663486186,-0.0011726920306143196,0.17519092802591998,12,3,9,-0.5,0,0,7,10,"{1: 127, 2: 59, 3: 55, 4: 35, 5: 22}","{1: 141, 2: 61, 3: 41, 4: 32, 5: 23}"
0.5,0.015,0.04,12,False,False,0.6600878663486186,-0.0011726920306143196,0.17854663272390653,12,3,9,-0.5,0,0,7,11,"{1: 127, 2: 59, 3: 55, 4: 35, 5: 22}","{1: 142, 2: 60, 3: 41, 4: 32, 5: 23}"
0.5,0.015,0.04,12,True,False,0.6600878663486186,-0.0011726920306143196,0.17854663272390653,12,3,9,-0.5,0,0,7,11,"{1: 127, 2: 59, 3: 55, 4: 35, 5: 22}","{1: 142, 2: 60, 3: 41, 4: 32, 5: 23}"
1.0,0.015,0.04,12,False,False,0.6600878663486186,-0.0011726920306143196,0.17854663272390653,12,3,9,-0.5,0,0,7,11,"{1: 127, 2: 59, 3: 55, 4: 35, 5: 22}","{1: 142, 2: 60, 3: 41, 4: 32, 5: 23}"
1.0,0.015,0.04,12,True,False,0.6600878663486186,-0.0011726920306143196,0.17854663272390653,12,3,9,-0.5,0,0,7,11,"{1: 127, 2: 59, 3: 55, 4: 35, 5: 22}","{1: 142, 2: 60, 3: 41, 4: 32, 5: 23}"
2.0,0.015,0.04,12,False,False,0.6600878663486186,-0.0011726920306143196,0.17854663272390653,12,3,9,-0.5,0,0,7,11,"{1: 127, 2: 59, 3: 55, 4: 35, 5: 22}","{1: 142, 2: 60, 3: 41, 4: 32, 5: 23}"
2.0,0.015,0.04,12,True,False,0.6600878663486186,-0.0011726920306143196,0.17854663272390653,12,3,9,-0.5,0,0,7,11,"{1: 127, 2: 59, 3: 55, 4: 35, 5: 22}","{1: 142, 2: 60, 3: 41, 4: 32, 5: 23}"
2.0,0.015,0.06,12,False,False,0.6600878663486186,-0.0011726920306143196,0.17854663272390653,12,3,9,-0.5,0,0,7,11,"{1: 127, 2: 59, 3: 55, 4: 35, 5: 22}","{1: 142, 2: 60, 3: 41, 4: 32, 5: 23}"
2.0,0.015,0.06,12,True,False,0.6600878663486186,-0.0011726920306143196,0.17854663272390653,12,3,9,-0.5,0,0,7,11,"{1: 127, 2: 59, 3: 55, 4: 35, 5: 22}","{1: 142, 2: 60, 3: 41, 4: 32, 5: 23}"
0.5,0.08,0.14,10,False,True,0.6600682279436547,-0.0011923304355782038,0.14555200938628549,9,2,7,-0.5555555555555556,0,2,0,0,"{1: 123, 2: 60, 3: 58, 4: 35, 5: 22}","{1: 134, 2: 65, 3: 44, 4: 32, 5: 23}"
0.5,0.08,0.14,10,True,True,0.6600682279436547,-0.0011923304355782038,0.14555200938628549,9,2,7,-0.5555555555555556,0,2,0,0,"{1: 123, 2: 60, 3: 58, 4: 35, 5: 22}","{1: 134, 2: 65, 3: 44, 4: 32, 5: 23}"
0.5,0.08,0.14,12,False,True,0.6600682279436547,-0.0011923304355782038,0.14555200938628549,9,2,7,-0.5555555555555556,0,2,0,0,"{1: 123, 2: 60, 3: 58, 4: 35, 5: 22}","{1: 134, 2: 65, 3: 44, 4: 32, 5: 23}"
0.5,0.08,0.14,12,True,True,0.6600682279436547,-0.0011923304355782038,0.14555200938628549,9,2,7,-0.5555555555555556,0,2,0,0,"{1: 123, 2: 60, 3: 58, 4: 35, 5: 22}","{1: 134, 2: 65, 3: 44, 4: 32, 5: 23}"
0.5,0.08,0.14,15,False,True,0.6600682279436547,-0.0011923304355782038,0.14555200938628549,9,2,7,-0.5555555555555556,0,2,0,0,"{1: 123, 2: 60, 3: 58, 4: 35, 5: 22}","{1: 134, 2: 65, 3: 44, 4: 32, 5: 23}"
0.5,0.08,0.14,15,True,True,0.6600682279436547,-0.0011923304355782038,0.14555200938628549,9,2,7,-0.5555555555555556,0,2,0,0,"{1: 123, 2: 60, 3: 58, 4: 35, 5: 22}","{1: 134, 2: 65, 3: 44, 4: 32, 5: 23}"
2.0,0.015,0.1,15,False,False,0.6600538966749239,-0.0012066617043090533,0.14555200938628549,13,4,9,-0.38461538461538464,0,0,2,0,"{1: 125, 2: 58, 3: 58, 4: 35, 5: 22}","{1: 134, 2: 65, 3: 44, 4: 32, 5: 23}"
2.0,0.015,0.1,15,True,False,0.6600538966749239,-0.0012066617043090533,0.14555200938628549,13,4,9,-0.38461538461538464,0,0,2,0,"{1: 125, 2: 58, 3: 58, 4: 35, 5: 22}","{1: 134, 2: 65, 3: 44, 4: 32, 5: 23}"
2.0,0.08,0.14,15,False,False,0.6600446604708209,-0.0012158979084120336,0.14890771408427203,15,6,9,-0.2,0,0,2,2,"{1: 124, 2: 60, 3: 57, 4: 35, 5: 22}","{1: 136, 2: 63, 3: 44, 4: 32, 5: 23}"
2.0,0.08,0.14,15,True,False,0.6600446604708209,-0.0012158979084120336,0.14890771408427203,15,6,9,-0.2,0,0,2,2,"{1: 124, 2: 60, 3: 57, 4: 35, 5: 22}","{1: 136, 2: 63, 3: 44, 4: 32, 5: 23}"
1.0,0.015,0.1,10,False,True,0.6600342829137643,-0.001226275465468607,0.14555200938628546,10,3,7,-0.4,0,4,1,1,"{1: 124, 2: 59, 3: 58, 4: 35, 5: 22}","{1: 134, 2: 65, 3: 44, 4: 33, 5: 22}"
1.0,0.015,0.1,10,True,True,0.6600342829137643,-0.001226275465468607,0.14555200938628546,10,3,7,-0.4,0,4,1,1,"{1: 124, 2: 59, 3: 58, 4: 35, 5: 22}","{1: 134, 2: 65, 3: 44, 4: 33, 5: 22}"
0.5,0.015,0.1,10,False,True,0.6600342829137643,-0.001226275465468607,0.14555200938628549,10,3,7,-0.4,0,4,0,1,"{1: 123, 2: 60, 3: 58, 4: 35, 5: 22}","{1: 134, 2: 65, 3: 44, 4: 33, 5: 22}"
0.5,0.015,0.1,10,True,True,0.6600342829137643,-0.001226275465468607,0.14555200938628549,10,3,7,-0.4,0,4,0,1,"{1: 123, 2: 60, 3: 58, 4: 35, 5: 22}","{1: 134, 2: 65, 3: 44, 4: 33, 5: 22}"
2.0,0.015,0.1,10,False,True,0.6600342829137643,-0.001226275465468607,0.14555200938628549,10,3,7,-0.4,0,4,2,1,"{1: 125, 2: 58, 3: 58, 4: 35, 5: 22}","{1: 134, 2: 65, 3: 44, 4: 33, 5: 22}"
2.0,0.015,0.1,10,True,True,0.6600342829137643,-0.001226275465468607,0.14555200938628549,10,3,7,-0.4,0,4,2,1,"{1: 125, 2: 58, 3: 58, 4: 35, 5: 22}","{1: 134, 2: 65, 3: 44, 4: 33, 5: 22}"
0.5,0.015,0.08,10,False,True,0.6600342829137643,-0.001226275465468607,0.14890771408427206,10,3,7,-0.4,0,4,3,1,"{1: 125, 2: 59, 3: 57, 4: 35, 5: 22}","{1: 134, 2: 65, 3: 44, 4: 33, 5: 22}"
0.5,0.015,0.08,10,True,True,0.6600342829137643,-0.001226275465468607,0.14890771408427206,10,3,7,-0.4,0,4,3,1,"{1: 125, 2: 59, 3: 57, 4: 35, 5: 22}","{1: 134, 2: 65, 3: 44, 4: 33, 5: 22}"
1.0,0.015,0.08,10,False,True,0.6600342829137643,-0.001226275465468607,0.16176810923397367,10,3,7,-0.4,0,4,4,5,"{1: 126, 2: 58, 3: 57, 4: 35, 5: 22}","{1: 138, 2: 61, 3: 44, 4: 33, 5: 22}"
1.0,0.015,0.08,10,True,True,0.6600342829137643,-0.001226275465468607,0.16176810923397367,10,3,7,-0.4,0,4,4,5,"{1: 126, 2: 58, 3: 57, 4: 35, 5: 22}","{1: 138, 2: 61, 3: 44, 4: 33, 5: 22}"
2.0,0.015,0.08,10,False,True,0.6600342829137643,-0.001226275465468607,0.1651238139319602,10,3,7,-0.4,0,4,5,6,"{1: 126, 2: 59, 3: 56, 4: 35, 5: 22}","{1: 139, 2: 60, 3: 44, 4: 33, 5: 22}"
2.0,0.015,0.08,10,True,True,0.6600342829137643,-0.001226275465468607,0.1651238139319602,10,3,7,-0.4,0,4,5,6,"{1: 126, 2: 59, 3: 56, 4: 35, 5: 22}","{1: 139, 2: 60, 3: 44, 4: 33, 5: 22}"
0.5,0.015,0.06,10,False,True,0.6600342829137643,-0.001226275465468607,0.1684795186299468,10,3,7,-0.4,0,4,6,9,"{1: 127, 2: 58, 3: 56, 4: 35, 5: 22}","{1: 139, 2: 63, 3: 41, 4: 33, 5: 22}"
0.5,0.015,0.06,10,True,True,0.6600342829137643,-0.001226275465468607,0.1684795186299468,10,3,7,-0.4,0,4,6,9,"{1: 127, 2: 58, 3: 56, 4: 35, 5: 22}","{1: 139, 2: 63, 3: 41, 4: 33, 5: 22}"
0.5,0.015,0.04,10,False,True,0.6600342829137643,-0.001226275465468607,0.1723976469701781,10,3,7,-0.4,0,4,9,10,"{1: 127, 2: 61, 3: 53, 4: 35, 5: 22}","{1: 140, 2: 62, 3: 41, 4: 33, 5: 22}"
0.5,0.015,0.04,10,True,True,0.6600342829137643,-0.001226275465468607,0.1723976469701781,10,3,7,-0.4,0,4,9,10,"{1: 127, 2: 61, 3: 53, 4: 35, 5: 22}","{1: 140, 2: 62, 3: 41, 4: 33, 5: 22}"
1.0,0.015,0.04,10,False,True,0.6600342829137643,-0.001226275465468607,0.1723976469701781,10,3,7,-0.4,0,4,9,10,"{1: 127, 2: 61, 3: 53, 4: 35, 5: 22}","{1: 140, 2: 62, 3: 41, 4: 33, 5: 22}"
1.0,0.015,0.04,10,True,True,0.6600342829137643,-0.001226275465468607,0.1723976469701781,10,3,7,-0.4,0,4,9,10,"{1: 127, 2: 61, 3: 53, 4: 35, 5: 22}","{1: 140, 2: 62, 3: 41, 4: 33, 5: 22}"
1.0,0.015,0.06,10,False,True,0.6600342829137643,-0.001226275465468607,0.1723976469701781,10,3,7,-0.4,0,4,9,10,"{1: 127, 2: 61, 3: 53, 4: 35, 5: 22}","{1: 140, 2: 62, 3: 41, 4: 33, 5: 22}"
1.0,0.015,0.06,10,True,True,0.6600342829137643,-0.001226275465468607,0.1723976469701781,10,3,7,-0.4,0,4,9,10,"{1: 127, 2: 61, 3: 53, 4: 35, 5: 22}","{1: 140, 2: 62, 3: 41, 4: 33, 5: 22}"
2.0,0.015,0.04,10,False,True,0.6600342829137643,-0.001226275465468607,0.1723976469701781,10,3,7,-0.4,0,4,9,10,"{1: 127, 2: 61, 3: 53, 4: 35, 5: 22}","{1: 140, 2: 62, 3: 41, 4: 33, 5: 22}"
2.0,0.015,0.04,10,True,True,0.6600342829137643,-0.001226275465468607,0.1723976469701781,10,3,7,-0.4,0,4,9,10,"{1: 127, 2: 61, 3: 53, 4: 35, 5: 22}","{1: 140, 2: 62, 3: 41, 4: 33, 5: 22}"
2.0,0.015,0.06,10,False,True,0.6600342829137643,-0.001226275465468607,0.1723976469701781,10,3,7,-0.4,0,4,9,10,"{1: 127, 2: 61, 3: 53, 4: 35, 5: 22}","{1: 140, 2: 62, 3: 41, 4: 33, 5: 22}"
2.0,0.015,0.06,10,True,True,0.6600342829137643,-0.001226275465468607,0.1723976469701781,10,3,7,-0.4,0,4,9,10,"{1: 127, 2: 61, 3: 53, 4: 35, 5: 22}","{1: 140, 2: 62, 3: 41, 4: 33, 5: 22}"
0.5,0.04,0.1,12,False,False,0.6600250484843856,-0.0012355098948473309,0.14890771408427203,12,4,8,-0.3333333333333333,0,0,0,4,"{1: 123, 2: 60, 3: 58, 4: 35, 5: 22}","{1: 137, 2: 63, 3: 43, 4: 32, 5: 23}"
0.5,0.04,0.1,12,True,False,0.6600250484843856,-0.0012355098948473309,0.14890771408427203,12,4,8,-0.3333333333333333,0,0,0,4,"{1: 123, 2: 60, 3: 58, 4: 35, 5: 22}","{1: 137, 2: 63, 3: 43, 4: 32, 5: 23}"
0.5,0.04,0.08,12,False,False,0.6600250484843856,-0.0012355098948473309,0.15505669983800047,12,4,8,-0.3333333333333333,0,0,4,5,"{1: 125, 2: 59, 3: 58, 4: 34, 5: 22}","{1: 137, 2: 63, 3: 44, 4: 31, 5: 23}"
0.5,0.04,0.08,12,True,False,0.6600250484843856,-0.0012355098948473309,0.15505669983800047,12,4,8,-0.3333333333333333,0,0,4,5,"{1: 125, 2: 59, 3: 58, 4: 34, 5: 22}","{1: 137, 2: 63, 3: 44, 4: 31, 5: 23}"
0.5,0.04,0.06,12,False,False,0.6600250484843856,-0.0012355098948473309,0.1785466327239065,12,4,8,-0.3333333333333333,0,0,8,12,"{1: 127, 2: 58, 3: 58, 4: 33, 5: 22}","{1: 142, 2: 60, 3: 42, 4: 31, 5: 23}"
0.5,0.04,0.06,12,True,False,0.6600250484843856,-0.0012355098948473309,0.1785466327239065,12,4,8,-0.3333333333333333,0,0,8,12,"{1: 127, 2: 58, 3: 58, 4: 33, 5: 22}","{1: 142, 2: 60, 3: 42, 4: 31, 5: 23}"
0.5,0.04,0.04,12,False,False,0.6600250484843856,-0.0012355098948473309,0.18190233742189313,12,4,8,-0.3333333333333333,0,0,12,12,"{1: 127, 2: 61, 3: 55, 4: 34, 5: 21}","{1: 143, 2: 59, 3: 41, 4: 32, 5: 23}"
0.5,0.04,0.04,12,True,False,0.6600250484843856,-0.0012355098948473309,0.18190233742189313,12,4,8,-0.3333333333333333,0,0,12,12,"{1: 127, 2: 61, 3: 55, 4: 34, 5: 21}","{1: 143, 2: 59, 3: 41, 4: 32, 5: 23}"
2.0,0.06,0.14,15,False,False,0.660015813553327,-0.0012447448259059746,0.14890771408427203,14,6,8,-0.14285714285714285,0,0,2,2,"{1: 124, 2: 60, 3: 57, 4: 35, 5: 22}","{1: 136, 2: 63, 3: 44, 4: 32, 5: 23}"
2.0,0.06,0.14,15,True,False,0.660015813553327,-0.0012447448259059746,0.14890771408427203,14,6,8,-0.14285714285714285,0,0,2,2,"{1: 124, 2: 60, 3: 57, 4: 35, 5: 22}","{1: 136, 2: 63, 3: 44, 4: 32, 5: 23}"
0.5,0.025,0.1,15,False,True,0.6599777453201258,-0.0012828130591071574,0.14555200938628546,15,6,9,-0.2,0,6,0,2,"{1: 123, 2: 60, 3: 58, 4: 35, 5: 22}","{1: 135, 2: 64, 3: 44, 4: 33, 5: 22}"
0.5,0.025,0.1,15,True,True,0.6599777453201258,-0.0012828130591071574,0.14555200938628546,15,6,9,-0.2,0,6,0,2,"{1: 123, 2: 60, 3: 58, 4: 35, 5: 22}","{1: 135, 2: 64, 3: 44, 4: 33, 5: 22}"
0.5,0.025,0.08,15,False,True,0.6599777453201258,-0.0012828130591071574,0.1522634187822586,15,6,9,-0.2,0,6,4,2,"{1: 125, 2: 60, 3: 56, 4: 35, 5: 22}","{1: 135, 2: 64, 3: 44, 4: 33, 5: 22}"
0.5,0.025,0.08,15,True,True,0.6599777453201258,-0.0012828130591071574,0.1522634187822586,15,6,9,-0.2,0,6,4,2,"{1: 125, 2: 60, 3: 56, 4: 35, 5: 22}","{1: 135, 2: 64, 3: 44, 4: 33, 5: 22}"
0.5,0.025,0.06,15,False,True,0.6599777453201258,-0.0012828130591071574,0.17183522332793336,15,6,9,-0.2,0,6,8,10,"{1: 127, 2: 60, 3: 54, 4: 35, 5: 22}","{1: 140, 2: 62, 3: 41, 4: 33, 5: 22}"
0.5,0.025,0.06,15,True,True,0.6599777453201258,-0.0012828130591071574,0.17183522332793336,15,6,9,-0.2,0,6,8,10,"{1: 127, 2: 60, 3: 54, 4: 35, 5: 22}","{1: 140, 2: 62, 3: 41, 4: 33, 5: 22}"
0.5,0.025,0.04,15,False,True,0.6599777453201258,-0.0012828130591071574,0.18525804211987965,15,6,9,-0.2,0,6,11,15,"{1: 127, 2: 63, 3: 51, 4: 35, 5: 22}","{1: 144, 2: 58, 3: 42, 4: 32, 5: 22}"
0.5,0.025,0.04,15,True,True,0.6599777453201258,-0.0012828130591071574,0.18525804211987965,15,6,9,-0.2,0,6,11,15,"{1: 127, 2: 63, 3: 51, 4: 35, 5: 22}","{1: 144, 2: 58, 3: 42, 4: 32, 5: 22}"
0.5,0.025,0.1,10,False,False,0.6599631876746881,-0.0012973707045448313,0.14555200938628546,10,3,7,-0.4,0,0,0,1,"{1: 123, 2: 60, 3: 58, 4: 35, 5: 22}","{1: 135, 2: 64, 3: 44, 4: 32, 5: 23}"
0.5,0.025,0.1,10,False,True,0.6599631876746881,-0.0012973707045448313,0.14555200938628546,10,4,6,-0.2,0,4,0,2,"{1: 123, 2: 60, 3: 58, 4: 35, 5: 22}","{1: 135, 2: 64, 3: 44, 4: 33, 5: 22}"
0.5,0.025,0.1,10,True,False,0.6599631876746881,-0.0012973707045448313,0.14555200938628546,10,3,7,-0.4,0,0,0,1,"{1: 123, 2: 60, 3: 58, 4: 35, 5: 22}","{1: 135, 2: 64, 3: 44, 4: 32, 5: 23}"
0.5,0.025,0.1,10,True,True,0.6599631876746881,-0.0012973707045448313,0.14555200938628546,10,4,6,-0.2,0,4,0,2,"{1: 123, 2: 60, 3: 58, 4: 35, 5: 22}","{1: 135, 2: 64, 3: 44, 4: 33, 5: 22}"
1.0,0.015,0.1,10,False,False,0.6599631876746881,-0.0012973707045448313,0.14555200938628546,10,2,8,-0.6,0,0,1,0,"{1: 124, 2: 59, 3: 58, 4: 35, 5: 22}","{1: 134, 2: 65, 3: 44, 4: 32, 5: 23}"
1.0,0.015,0.1,10,True,False,0.6599631876746881,-0.0012973707045448313,0.14555200938628546,10,2,8,-0.6,0,0,1,0,"{1: 124, 2: 59, 3: 58, 4: 35, 5: 22}","{1: 134, 2: 65, 3: 44, 4: 32, 5: 23}"
0.5,0.015,0.08,10,False,False,0.6599631876746881,-0.0012973707045448313,0.14555200938628549,10,2,8,-0.6,0,0,2,0,"{1: 125, 2: 58, 3: 58, 4: 35, 5: 22}","{1: 134, 2: 65, 3: 44, 4: 32, 5: 23}"
0.5,0.015,0.08,10,True,False,0.6599631876746881,-0.0012973707045448313,0.14555200938628549,10,2,8,-0.6,0,0,2,0,"{1: 125, 2: 58, 3: 58, 4: 35, 5: 22}","{1: 134, 2: 65, 3: 44, 4: 32, 5: 23}"
0.5,0.025,0.08,10,False,False,0.6599631876746881,-0.0012973707045448313,0.14890771408427203,10,3,7,-0.4,0,0,3,1,"{1: 125, 2: 59, 3: 57, 4: 35, 5: 22}","{1: 135, 2: 64, 3: 44, 4: 32, 5: 23}"
0.5,0.025,0.08,10,True,False,0.6599631876746881,-0.0012973707045448313,0.14890771408427203,10,3,7,-0.4,0,0,3,1,"{1: 125, 2: 59, 3: 57, 4: 35, 5: 22}","{1: 135, 2: 64, 3: 44, 4: 32, 5: 23}"
1.0,0.025,0.1,10,False,True,0.6599631876746881,-0.0012973707045448313,0.14890771408427206,10,4,6,-0.2,0,3,2,2,"{1: 124, 2: 60, 3: 57, 4: 35, 5: 22}","{1: 135, 2: 64, 3: 44, 4: 33, 5: 22}"
1.0,0.025,0.1,10,True,True,0.6599631876746881,-0.0012973707045448313,0.14890771408427206,10,4,6,-0.2,0,3,2,2,"{1: 124, 2: 60, 3: 57, 4: 35, 5: 22}","{1: 135, 2: 64, 3: 44, 4: 33, 5: 22}"
0.5,0.025,0.08,10,False,True,0.6599631876746881,-0.0012973707045448313,0.1522634187822586,10,4,6,-0.2,0,4,4,2,"{1: 125, 2: 60, 3: 56, 4: 35, 5: 22}","{1: 135, 2: 64, 3: 44, 4: 33, 5: 22}"
0.5,0.025,0.08,10,True,True,0.6599631876746881,-0.0012973707045448313,0.1522634187822586,10,4,6,-0.2,0,4,4,2,"{1: 125, 2: 60, 3: 56, 4: 35, 5: 22}","{1: 135, 2: 64, 3: 44, 4: 33, 5: 22}"
1.0,0.015,0.08,10,False,False,0.6599631876746881,-0.0012973707045448313,0.16176810923397367,10,2,8,-0.6,0,0,3,4,"{1: 126, 2: 57, 3: 58, 4: 35, 5: 22}","{1: 138, 2: 61, 3: 44, 4: 32, 5: 23}"
1.0,0.015,0.08,10,True,False,0.6599631876746881,-0.0012973707045448313,0.16176810923397367,10,2,8,-0.6,0,0,3,4,"{1: 126, 2: 57, 3: 58, 4: 35, 5: 22}","{1: 138, 2: 61, 3: 44, 4: 32, 5: 23}"
1.0,0.025,0.08,10,False,True,0.6599631876746881,-0.0012973707045448313,0.1651238139319602,10,4,6,-0.2,0,3,6,6,"{1: 126, 2: 60, 3: 55, 4: 35, 5: 22}","{1: 139, 2: 60, 3: 44, 4: 33, 5: 22}"
1.0,0.025,0.08,10,True,True,0.6599631876746881,-0.0012973707045448313,0.1651238139319602,10,4,6,-0.2,0,3,6,6,"{1: 126, 2: 60, 3: 55, 4: 35, 5: 22}","{1: 139, 2: 60, 3: 44, 4: 33, 5: 22}"
0.5,0.015,0.06,10,False,False,0.6599631876746881,-0.0012973707045448313,0.1684795186299468,10,2,8,-0.6,0,0,5,8,"{1: 127, 2: 57, 3: 57, 4: 35, 5: 22}","{1: 139, 2: 63, 3: 41, 4: 32, 5: 23}"
0.5,0.015,0.06,10,True,False,0.6599631876746881,-0.0012973707045448313,0.1684795186299468,10,2,8,-0.6,0,0,5,8,"{1: 127, 2: 57, 3: 57, 4: 35, 5: 22}","{1: 139, 2: 63, 3: 41, 4: 32, 5: 23}"
0.5,0.025,0.06,10,False,True,0.6599631876746881,-0.0012973707045448313,0.17183522332793336,10,4,6,-0.2,0,4,8,10,"{1: 127, 2: 60, 3: 54, 4: 35, 5: 22}","{1: 140, 2: 62, 3: 41, 4: 33, 5: 22}"
0.5,0.025,0.06,10,True,True,0.6599631876746881,-0.0012973707045448313,0.17183522332793336,10,4,6,-0.2,0,4,8,10,"{1: 127, 2: 60, 3: 54, 4: 35, 5: 22}","{1: 140, 2: 62, 3: 41, 4: 33, 5: 22}"
0.5,0.025,0.06,10,False,False,0.6599631876746881,-0.0012973707045448313,0.17183522332793338,10,3,7,-0.4,0,0,6,9,"{1: 127, 2: 58, 3: 56, 4: 35, 5: 22}","{1: 140, 2: 62, 3: 41, 4: 32, 5: 23}"
0.5,0.025,0.06,10,True,False,0.6599631876746881,-0.0012973707045448313,0.17183522332793338,10,3,7,-0.4,0,0,6,9,"{1: 127, 2: 58, 3: 56, 4: 35, 5: 22}","{1: 140, 2: 62, 3: 41, 4: 32, 5: 23}"
0.5,0.025,0.04,10,False,False,0.6599631876746881,-0.0012973707045448313,0.17519092802591996,10,3,7,-0.4,0,0,8,10,"{1: 127, 2: 60, 3: 54, 4: 35, 5: 22}","{1: 141, 2: 61, 3: 41, 4: 32, 5: 23}"
0.5,0.025,0.04,10,False,True,0.6599631876746881,-0.0012973707045448313,0.17519092802591996,10,4,6,-0.2,0,4,10,10,"{1: 127, 2: 62, 3: 52, 4: 35, 5: 22}","{1: 141, 2: 60, 3: 42, 4: 33, 5: 22}"
0.5,0.025,0.04,10,True,False,0.6599631876746881,-0.0012973707045448313,0.17519092802591996,10,3,7,-0.4,0,0,8,10,"{1: 127, 2: 60, 3: 54, 4: 35, 5: 22}","{1: 141, 2: 61, 3: 41, 4: 32, 5: 23}"
0.5,0.025,0.04,10,True,True,0.6599631876746881,-0.0012973707045448313,0.17519092802591996,10,4,6,-0.2,0,4,10,10,"{1: 127, 2: 62, 3: 52, 4: 35, 5: 22}","{1: 141, 2: 60, 3: 42, 4: 33, 5: 22}"
1.0,0.025,0.04,10,False,True,0.6599631876746881,-0.0012973707045448313,0.17519092802591996,10,4,6,-0.2,0,3,10,10,"{1: 127, 2: 62, 3: 52, 4: 35, 5: 22}","{1: 141, 2: 60, 3: 42, 4: 33, 5: 22}"
1.0,0.025,0.04,10,True,True,0.6599631876746881,-0.0012973707045448313,0.17519092802591996,10,4,6,-0.2,0,3,10,10,"{1: 127, 2: 62, 3: 52, 4: 35, 5: 22}","{1: 141, 2: 60, 3: 42, 4: 33, 5: 22}"
1.0,0.025,0.06,10,False,True,0.6599631876746881,-0.0012973707045448313,0.17519092802591996,10,4,6,-0.2,0,3,10,10,"{1: 127, 2: 62, 3: 52, 4: 35, 5: 22}","{1: 141, 2: 60, 3: 42, 4: 33, 5: 22}"
1.0,0.025,0.06,10,True,True,0.6599631876746881,-0.0012973707045448313,0.17519092802591996,10,4,6,-0.2,0,3,10,10,"{1: 127, 2: 62, 3: 52, 4: 35, 5: 22}","{1: 141, 2: 60, 3: 42, 4: 33, 5: 22}"
0.5,0.015,0.04,10,False,False,0.6599631876746881,-0.0012973707045448313,0.17519092802591998,10,2,8,-0.6,0,0,7,10,"{1: 127, 2: 59, 3: 55, 4: 35, 5: 22}","{1: 141, 2: 61, 3: 41, 4: 32, 5: 23}"
0.5,0.015,0.04,10,True,False,0.6599631876746881,-0.0012973707045448313,0.17519092802591998,10,2,8,-0.6,0,0,7,10,"{1: 127, 2: 59, 3: 55, 4: 35, 5: 22}","{1: 141, 2: 61, 3: 41, 4: 32, 5: 23}"
1.0,0.015,0.04,10,False,False,0.6599631876746881,-0.0012973707045448313,0.17519092802591998,10,2,8,-0.6,0,0,7,10,"{1: 127, 2: 59, 3: 55, 4: 35, 5: 22}","{1: 141, 2: 61, 3: 41, 4: 32, 5: 23}"
1.0,0.015,0.04,10,True,False,0.6599631876746881,-0.0012973707045448313,0.17519092802591998,10,2,8,-0.6,0,0,7,10,"{1: 127, 2: 59, 3: 55, 4: 35, 5: 22}","{1: 141, 2: 61, 3: 41, 4: 32, 5: 23}"
1.0,0.015,0.06,10,False,False,0.6599631876746881,-0.0012973707045448313,0.17519092802591998,10,2,8,-0.6,0,0,7,10,"{1: 127, 2: 59, 3: 55, 4: 35, 5: 22}","{1: 141, 2: 61, 3: 41, 4: 32, 5: 23}"
1.0,0.015,0.06,10,True,False,0.6599631876746881,-0.0012973707045448313,0.17519092802591998,10,2,8,-0.6,0,0,7,10,"{1: 127, 2: 59, 3: 55, 4: 35, 5: 22}","{1: 141, 2: 61, 3: 41, 4: 32, 5: 23}"
1.0,0.015,0.1,12,False,True,0.6599581582419589,-0.0013024001372740068,0.14555200938628546,12,3,9,-0.5,0,5,1,1,"{1: 124, 2: 59, 3: 58, 4: 35, 5: 22}","{1: 134, 2: 65, 3: 44, 4: 33, 5: 22}"
1.0,0.015,0.1,12,True,True,0.6599581582419589,-0.0013024001372740068,0.14555200938628546,12,3,9,-0.5,0,5,1,1,"{1: 124, 2: 59, 3: 58, 4: 35, 5: 22}","{1: 134, 2: 65, 3: 44, 4: 33, 5: 22}"
2.0,0.015,0.1,12,False,True,0.6599581582419589,-0.0013024001372740068,0.14555200938628549,12,3,9,-0.5,0,5,2,1,"{1: 125, 2: 58, 3: 58, 4: 35, 5: 22}","{1: 134, 2: 65, 3: 44, 4: 33, 5: 22}"
2.0,0.015,0.1,12,True,True,0.6599581582419589,-0.0013024001372740068,0.14555200938628549,12,3,9,-0.5,0,5,2,1,"{1: 125, 2: 58, 3: 58, 4: 35, 5: 22}","{1: 134, 2: 65, 3: 44, 4: 33, 5: 22}"
1.0,0.015,0.08,12,False,True,0.6599581582419589,-0.0013024001372740068,0.16176810923397367,12,3,9,-0.5,0,5,4,5,"{1: 126, 2: 58, 3: 57, 4: 35, 5: 22}","{1: 138, 2: 61, 3: 44, 4: 33, 5: 22}"
1.0,0.015,0.08,12,True,True,0.6599581582419589,-0.0013024001372740068,0.16176810923397367,12,3,9,-0.5,0,5,4,5,"{1: 126, 2: 58, 3: 57, 4: 35, 5: 22}","{1: 138, 2: 61, 3: 44, 4: 33, 5: 22}"
2.0,0.015,0.08,12,False,True,0.6599581582419589,-0.0013024001372740068,0.1651238139319602,12,3,9,-0.5,0,5,5,6,"{1: 126, 2: 59, 3: 56, 4: 35, 5: 22}","{1: 139, 2: 60, 3: 44, 4: 33, 5: 22}"
2.0,0.015,0.08,12,True,True,0.6599581582419589,-0.0013024001372740068,0.1651238139319602,12,3,9,-0.5,0,5,5,6,"{1: 126, 2: 59, 3: 56, 4: 35, 5: 22}","{1: 139, 2: 60, 3: 44, 4: 33, 5: 22}"
1.0,0.015,0.06,12,False,True,0.6599581582419589,-0.0013024001372740068,0.17519092802591996,12,3,9,-0.5,0,5,9,11,"{1: 127, 2: 61, 3: 53, 4: 35, 5: 22}","{1: 141, 2: 61, 3: 41, 4: 33, 5: 22}"
1.0,0.015,0.06,12,True,True,0.6599581582419589,-0.0013024001372740068,0.17519092802591996,12,3,9,-0.5,0,5,9,11,"{1: 127, 2: 61, 3: 53, 4: 35, 5: 22}","{1: 141, 2: 61, 3: 41, 4: 33, 5: 22}"
1.0,0.015,0.04,12,False,True,0.6599581582419589,-0.0013024001372740068,0.1785466327239065,12,3,9,-0.5,0,5,9,12,"{1: 127, 2: 61, 3: 53, 4: 35, 5: 22}","{1: 142, 2: 60, 3: 41, 4: 33, 5: 22}"
1.0,0.015,0.04,12,True,True,0.6599581582419589,-0.0013024001372740068,0.1785466327239065,12,3,9,-0.5,0,5,9,12,"{1: 127, 2: 61, 3: 53, 4: 35, 5: 22}","{1: 142, 2: 60, 3: 41, 4: 33, 5: 22}"
2.0,0.015,0.04,12,False,True,0.6599581582419589,-0.0013024001372740068,0.1785466327239065,12,3,9,-0.5,0,5,9,12,"{1: 127, 2: 61, 3: 53, 4: 35, 5: 22}","{1: 142, 2: 60, 3: 41, 4: 33, 5: 22}"
2.0,0.015,0.04,12,True,True,0.6599581582419589,-0.0013024001372740068,0.1785466327239065,12,3,9,-0.5,0,5,9,12,"{1: 127, 2: 61, 3: 53, 4: 35, 5: 22}","{1: 142, 2: 60, 3: 41, 4: 33, 5: 22}"
2.0,0.015,0.06,12,False,True,0.6599581582419589,-0.0013024001372740068,0.1785466327239065,12,3,9,-0.5,0,5,9,12,"{1: 127, 2: 61, 3: 53, 4: 35, 5: 22}","{1: 142, 2: 60, 3: 41, 4: 33, 5: 22}"
2.0,0.015,0.06,12,True,True,0.6599581582419589,-0.0013024001372740068,0.1785466327239065,12,3,9,-0.5,0,5,9,12,"{1: 127, 2: 61, 3: 53, 4: 35, 5: 22}","{1: 142, 2: 60, 3: 41, 4: 33, 5: 22}"
2.0,0.04,0.1,12,False,False,0.6599539493825579,-0.0013066089966750072,0.15505669983800044,12,5,7,-0.16666666666666666,0,0,3,4,"{1: 125, 2: 59, 3: 57, 4: 35, 5: 22}","{1: 137, 2: 63, 3: 43, 4: 32, 5: 23}"
2.0,0.04,0.1,12,True,False,0.6599539493825579,-0.0013066089966750072,0.15505669983800044,12,5,7,-0.16666666666666666,0,0,3,4,"{1: 125, 2: 59, 3: 57, 4: 35, 5: 22}","{1: 137, 2: 63, 3: 43, 4: 32, 5: 23}"
2.0,0.04,0.08,12,False,False,0.6599539493825579,-0.0013066089966750072,0.17519092802591998,12,5,7,-0.16666666666666666,0,0,7,10,"{1: 126, 2: 59, 3: 58, 4: 33, 5: 22}","{1: 142, 2: 58, 3: 44, 4: 31, 5: 23}"
2.0,0.04,0.08,12,True,False,0.6599539493825579,-0.0013066089966750072,0.17519092802591998,12,5,7,-0.16666666666666666,0,0,7,10,"{1: 126, 2: 59, 3: 58, 4: 33, 5: 22}","{1: 142, 2: 58, 3: 44, 4: 31, 5: 23}"
2.0,0.04,0.04,12,False,False,0.6599539493825579,-0.0013066089966750072,0.1819023374218931,12,5,7,-0.16666666666666666,0,0,12,12,"{1: 127, 2: 61, 3: 55, 4: 34, 5: 21}","{1: 143, 2: 58, 3: 43, 4: 31, 5: 23}"
2.0,0.04,0.04,12,True,False,0.6599539493825579,-0.0013066089966750072,0.1819023374218931,12,5,7,-0.16666666666666666,0,0,12,12,"{1: 127, 2: 61, 3: 55, 4: 34, 5: 21}","{1: 143, 2: 58, 3: 43, 4: 31, 5: 23}"
2.0,0.04,0.06,12,False,False,0.6599539493825579,-0.0013066089966750072,0.1819023374218931,12,5,7,-0.16666666666666666,0,0,12,12,"{1: 127, 2: 61, 3: 55, 4: 34, 5: 21}","{1: 143, 2: 58, 3: 43, 4: 31, 5: 23}"
2.0,0.04,0.06,12,True,False,0.6599539493825579,-0.0013066089966750072,0.1819023374218931,12,5,7,-0.16666666666666666,0,0,12,12,"{1: 127, 2: 61, 3: 55, 4: 34, 5: 21}","{1: 143, 2: 58, 3: 43, 4: 31, 5: 23}"
0.5,0.08,0.1,12,False,True,0.6599497352386385,-0.001310823140594386,0.16233053287621838,12,5,7,-0.16666666666666666,0,4,9,8,"{1: 125, 2: 62, 3: 56, 4: 34, 5: 21}","{1: 139, 2: 61, 3: 44, 4: 32, 5: 22}"
0.5,0.08,0.1,12,True,True,0.6599497352386385,-0.001310823140594386,0.16233053287621838,12,5,7,-0.16666666666666666,0,4,9,8,"{1: 125, 2: 62, 3: 56, 4: 34, 5: 21}","{1: 139, 2: 61, 3: 44, 4: 32, 5: 22}"
0.5,0.08,0.08,12,False,True,0.6599497352386385,-0.001310823140594386,0.1684795186299468,12,5,7,-0.16666666666666666,0,4,12,12,"{1: 126, 2: 62, 3: 56, 4: 33, 5: 21}","{1: 140, 2: 60, 3: 46, 4: 31, 5: 21}"
0.5,0.08,0.08,12,True,True,0.6599497352386385,-0.001310823140594386,0.1684795186299468,12,5,7,-0.16666666666666666,0,4,12,12,"{1: 126, 2: 62, 3: 56, 4: 33, 5: 21}","{1: 140, 2: 60, 3: 46, 4: 31, 5: 21}"
0.5,0.08,0.04,12,False,True,0.6599497352386385,-0.001310823140594386,0.18190233742189313,12,5,7,-0.16666666666666666,0,4,12,12,"{1: 127, 2: 62, 3: 53, 4: 35, 5: 21}","{1: 143, 2: 57, 3: 44, 4: 32, 5: 22}"
0.5,0.08,0.04,12,True,True,0.6599497352386385,-0.001310823140594386,0.18190233742189313,12,5,7,-0.16666666666666666,0,4,12,12,"{1: 127, 2: 62, 3: 53, 4: 35, 5: 21}","{1: 143, 2: 57, 3: 44, 4: 32, 5: 22}"
0.5,0.08,0.06,12,False,True,0.6599497352386385,-0.001310823140594386,0.18190233742189313,12,5,7,-0.16666666666666666,0,4,12,12,"{1: 127, 2: 62, 3: 53, 4: 35, 5: 21}","{1: 143, 2: 57, 3: 44, 4: 32, 5: 22}"
0.5,0.08,0.06,12,True,True,0.6599497352386385,-0.001310823140594386,0.18190233742189313,12,5,7,-0.16666666666666666,0,4,12,12,"{1: 127, 2: 62, 3: 53, 4: 35, 5: 21}","{1: 143, 2: 57, 3: 44, 4: 32, 5: 22}"
0.5,0.04,0.1,15,False,True,0.6599066482969179,-0.0013539100823150019,0.1522634187822586,15,6,9,-0.2,0,6,1,5,"{1: 123, 2: 61, 3: 57, 4: 35, 5: 22}","{1: 137, 2: 63, 3: 43, 4: 33, 5: 22}"
0.5,0.04,0.1,15,True,True,0.6599066482969179,-0.0013539100823150019,0.1522634187822586,15,6,9,-0.2,0,6,1,5,"{1: 123, 2: 61, 3: 57, 4: 35, 5: 22}","{1: 137, 2: 63, 3: 43, 4: 33, 5: 22}"
1.0,0.04,0.1,15,False,True,0.6599066482969179,-0.0013539100823150019,0.1556191234802452,15,6,9,-0.2,0,6,3,5,"{1: 124, 2: 61, 3: 56, 4: 35, 5: 22}","{1: 137, 2: 63, 3: 43, 4: 33, 5: 22}"
1.0,0.04,0.1,15,True,True,0.6599066482969179,-0.0013539100823150019,0.1556191234802452,15,6,9,-0.2,0,6,3,5,"{1: 124, 2: 61, 3: 56, 4: 35, 5: 22}","{1: 137, 2: 63, 3: 43, 4: 33, 5: 22}"
0.5,0.04,0.08,15,False,True,0.6599066482969179,-0.0013539100823150019,0.15897482817823175,15,6,9,-0.2,0,6,6,6,"{1: 125, 2: 61, 3: 56, 4: 34, 5: 22}","{1: 137, 2: 63, 3: 44, 4: 32, 5: 22}"
0.5,0.04,0.08,15,True,True,0.6599066482969179,-0.0013539100823150019,0.15897482817823175,15,6,9,-0.2,0,6,6,6,"{1: 125, 2: 61, 3: 56, 4: 34, 5: 22}","{1: 137, 2: 63, 3: 44, 4: 32, 5: 22}"
1.0,0.04,0.08,15,False,True,0.6599066482969179,-0.0013539100823150019,0.17183522332793338,15,6,9,-0.2,0,6,9,10,"{1: 126, 2: 61, 3: 56, 4: 33, 5: 22}","{1: 141, 2: 59, 3: 44, 4: 32, 5: 22}"
1.0,0.04,0.08,15,True,True,0.6599066482969179,-0.0013539100823150019,0.17183522332793338,15,6,9,-0.2,0,6,9,10,"{1: 126, 2: 61, 3: 56, 4: 33, 5: 22}","{1: 141, 2: 59, 3: 44, 4: 32, 5: 22}"
0.5,0.04,0.06,15,False,True,0.6599066482969179,-0.0013539100823150019,0.1819023374218931,15,6,9,-0.2,0,6,12,15,"{1: 128, 2: 60, 3: 55, 4: 33, 5: 22}","{1: 142, 2: 62, 3: 40, 4: 32, 5: 22}"
0.5,0.04,0.06,15,True,True,0.6599066482969179,-0.0013539100823150019,0.1819023374218931,15,6,9,-0.2,0,6,12,15,"{1: 128, 2: 60, 3: 55, 4: 33, 5: 22}","{1: 142, 2: 62, 3: 40, 4: 32, 5: 22}"
0.5,0.04,0.04,15,False,True,0.6599066482969179,-0.0013539100823150019,0.1858204657621244,15,6,9,-0.2,0,6,15,15,"{1: 128, 2: 63, 3: 52, 4: 33, 5: 22}","{1: 143, 2: 60, 3: 41, 4: 32, 5: 22}"
0.5,0.04,0.04,15,True,True,0.6599066482969179,-0.0013539100823150019,0.1858204657621244,15,6,9,-0.2,0,6,15,15,"{1: 128, 2: 63, 3: 52, 4: 33, 5: 22}","{1: 143, 2: 60, 3: 41, 4: 32, 5: 22}"
1.0,0.04,0.04,15,False,True,0.6599066482969179,-0.0013539100823150019,0.1858204657621244,15,6,9,-0.2,0,6,15,15,"{1: 128, 2: 63, 3: 52, 4: 33, 5: 22}","{1: 143, 2: 60, 3: 41, 4: 32, 5: 22}"
1.0,0.04,0.04,15,True,True,0.6599066482969179,-0.0013539100823150019,0.1858204657621244,15,6,9,-0.2,0,6,15,15,"{1: 128, 2: 63, 3: 52, 4: 33, 5: 22}","{1: 143, 2: 60, 3: 41, 4: 32, 5: 22}"
1.0,0.04,0.06,15,False,True,0.6599066482969179,-0.0013539100823150019,0.1858204657621244,15,6,9,-0.2,0,6,15,15,"{1: 128, 2: 63, 3: 52, 4: 33, 5: 22}","{1: 143, 2: 60, 3: 41, 4: 32, 5: 22}"
1.0,0.04,0.06,15,True,True,0.6599066482969179,-0.0013539100823150019,0.1858204657621244,15,6,9,-0.2,0,6,15,15,"{1: 128, 2: 63, 3: 52, 4: 33, 5: 22}","{1: 143, 2: 60, 3: 41, 4: 32, 5: 22}"
1.0,0.08,0.1,15,False,False,0.6599066482969178,-0.001353910082315113,0.1651238139319602,15,5,10,-0.3333333333333333,0,0,9,7,"{1: 127, 2: 60, 3: 55, 4: 34, 5: 22}","{1: 138, 2: 62, 3: 45, 4: 30, 5: 23}"
1.0,0.08,0.1,15,True,False,0.6599066482969178,-0.001353910082315113,0.1651238139319602,15,5,10,-0.3333333333333333,0,0,9,7,"{1: 127, 2: 60, 3: 55, 4: 34, 5: 22}","{1: 138, 2: 62, 3: 45, 4: 30, 5: 23}"
1.0,0.08,0.04,15,False,False,0.6599066482969178,-0.001353910082315113,0.19196945151585285,15,5,10,-0.3333333333333333,0,0,15,15,"{1: 129, 2: 61, 3: 53, 4: 33, 5: 22}","{1: 144, 2: 58, 3: 43, 4: 30, 5: 23}"
1.0,0.08,0.04,15,True,False,0.6599066482969178,-0.001353910082315113,0.19196945151585285,15,5,10,-0.3333333333333333,0,0,15,15,"{1: 129, 2: 61, 3: 53, 4: 33, 5: 22}","{1: 144, 2: 58, 3: 43, 4: 30, 5: 23}"
1.0,0.08,0.06,15,False,False,0.6599066482969178,-0.001353910082315113,0.19196945151585285,15,5,10,-0.3333333333333333,0,0,15,15,"{1: 129, 2: 61, 3: 53, 4: 33, 5: 22}","{1: 144, 2: 58, 3: 43, 4: 30, 5: 23}"
1.0,0.08,0.06,15,True,False,0.6599066482969178,-0.001353910082315113,0.19196945151585285,15,5,10,-0.3333333333333333,0,0,15,15,"{1: 129, 2: 61, 3: 53, 4: 33, 5: 22}","{1: 144, 2: 58, 3: 43, 4: 30, 5: 23}"
1.0,0.08,0.08,15,False,False,0.6599066482969178,-0.001353910082315113,0.19868086091182596,15,5,10,-0.3333333333333333,0,0,15,15,"{1: 131, 2: 56, 3: 57, 4: 32, 5: 22}","{1: 144, 2: 56, 3: 47, 4: 28, 5: 23}"
1.0,0.08,0.08,15,True,False,0.6599066482969178,-0.001353910082315113,0.19868086091182596,15,5,10,-0.3333333333333333,0,0,15,15,"{1: 131, 2: 56, 3: 57, 4: 32, 5: 22}","{1: 144, 2: 56, 3: 47, 4: 28, 5: 23}"
0.5,0.025,0.1,8,False,True,0.6599013043488835,-0.0013592540303494216,0.14555200938628546,8,3,5,-0.25,0,3,0,2,"{1: 123, 2: 60, 3: 58, 4: 35, 5: 22}","{1: 135, 2: 64, 3: 44, 4: 33, 5: 22}"
0.5,0.025,0.1,8,True,True,0.6599013043488835,-0.0013592540303494216,0.14555200938628546,8,3,5,-0.25,0,3,0,2,"{1: 123, 2: 60, 3: 58, 4: 35, 5: 22}","{1: 135, 2: 64, 3: 44, 4: 33, 5: 22}"
1.0,0.025,0.1,8,False,True,0.6599013043488835,-0.0013592540303494216,0.14890771408427206,8,3,5,-0.25,0,3,2,2,"{1: 124, 2: 60, 3: 57, 4: 35, 5: 22}","{1: 135, 2: 64, 3: 44, 4: 33, 5: 22}"
1.0,0.025,0.1,8,True,True,0.6599013043488835,-0.0013592540303494216,0.14890771408427206,8,3,5,-0.25,0,3,2,2,"{1: 124, 2: 60, 3: 57, 4: 35, 5: 22}","{1: 135, 2: 64, 3: 44, 4: 33, 5: 22}"
0.5,0.025,0.08,8,False,True,0.6599013043488835,-0.0013592540303494216,0.1522634187822586,8,3,5,-0.25,0,3,4,2,"{1: 125, 2: 60, 3: 56, 4: 35, 5: 22}","{1: 135, 2: 64, 3: 44, 4: 33, 5: 22}"
0.5,0.025,0.08,8,True,True,0.6599013043488835,-0.0013592540303494216,0.1522634187822586,8,3,5,-0.25,0,3,4,2,"{1: 125, 2: 60, 3: 56, 4: 35, 5: 22}","{1: 135, 2: 64, 3: 44, 4: 33, 5: 22}"
1.0,0.025,0.08,8,False,True,0.6599013043488835,-0.0013592540303494216,0.1651238139319602,8,3,5,-0.25,0,3,6,6,"{1: 126, 2: 60, 3: 55, 4: 35, 5: 22}","{1: 139, 2: 60, 3: 44, 4: 33, 5: 22}"
1.0,0.025,0.08,8,True,True,0.6599013043488835,-0.0013592540303494216,0.1651238139319602,8,3,5,-0.25,0,3,6,6,"{1: 126, 2: 60, 3: 55, 4: 35, 5: 22}","{1: 139, 2: 60, 3: 44, 4: 33, 5: 22}"
0.5,0.025,0.04,8,False,True,0.6599013043488835,-0.0013592540303494216,0.17183522332793338,8,3,5,-0.25,0,3,8,8,"{1: 127, 2: 60, 3: 54, 4: 35, 5: 22}","{1: 140, 2: 60, 3: 43, 4: 33, 5: 22}"
0.5,0.025,0.04,8,True,True,0.6599013043488835,-0.0013592540303494216,0.17183522332793338,8,3,5,-0.25,0,3,8,8,"{1: 127, 2: 60, 3: 54, 4: 35, 5: 22}","{1: 140, 2: 60, 3: 43, 4: 33, 5: 22}"
0.5,0.025,0.06,8,False,True,0.6599013043488835,-0.0013592540303494216,0.17183522332793338,8,3,5,-0.25,0,3,8,8,"{1: 127, 2: 60, 3: 54, 4: 35, 5: 22}","{1: 140, 2: 60, 3: 43, 4: 33, 5: 22}"
0.5,0.025,0.06,8,True,True,0.6599013043488835,-0.0013592540303494216,0.17183522332793338,8,3,5,-0.25,0,3,8,8,"{1: 127, 2: 60, 3: 54, 4: 35, 5: 22}","{1: 140, 2: 60, 3: 43, 4: 33, 5: 22}"
1.0,0.025,0.04,8,False,True,0.6599013043488835,-0.0013592540303494216,0.17183522332793338,8,3,5,-0.25,0,3,8,8,"{1: 127, 2: 60, 3: 54, 4: 35, 5: 22}","{1: 140, 2: 60, 3: 43, 4: 33, 5: 22}"
1.0,0.025,0.04,8,True,True,0.6599013043488835,-0.0013592540303494216,0.17183522332793338,8,3,5,-0.25,0,3,8,8,"{1: 127, 2: 60, 3: 54, 4: 35, 5: 22}","{1: 140, 2: 60, 3: 43, 4: 33, 5: 22}"
1.0,0.025,0.06,8,False,True,0.6599013043488835,-0.0013592540303494216,0.17183522332793338,8,3,5,-0.25,0,3,8,8,"{1: 127, 2: 60, 3: 54, 4: 35, 5: 22}","{1: 140, 2: 60, 3: 43, 4: 33, 5: 22}"
1.0,0.025,0.06,8,True,True,0.6599013043488835,-0.0013592540303494216,0.17183522332793338,8,3,5,-0.25,0,3,8,8,"{1: 127, 2: 60, 3: 54, 4: 35, 5: 22}","{1: 140, 2: 60, 3: 43, 4: 33, 5: 22}"
0.5,0.04,0.1,10,False,True,0.6598920626938467,-0.0013684956853862174,0.1522634187822586,10,4,6,-0.2,0,3,1,5,"{1: 123, 2: 61, 3: 57, 4: 35, 5: 22}","{1: 137, 2: 63, 3: 43, 4: 33, 5: 22}"
0.5,0.04,0.1,10,True,True,0.6598920626938467,-0.0013684956853862174,0.1522634187822586,10,4,6,-0.2,0,3,1,5,"{1: 123, 2: 61, 3: 57, 4: 35, 5: 22}","{1: 137, 2: 63, 3: 43, 4: 33, 5: 22}"
0.5,0.04,0.08,10,False,True,0.6598920626938467,-0.0013684956853862174,0.15897482817823175,10,4,6,-0.2,0,3,6,6,"{1: 125, 2: 61, 3: 56, 4: 34, 5: 22}","{1: 137, 2: 63, 3: 44, 4: 32, 5: 22}"
0.5,0.04,0.08,10,True,True,0.6598920626938467,-0.0013684956853862174,0.15897482817823175,10,4,6,-0.2,0,3,6,6,"{1: 125, 2: 61, 3: 56, 4: 34, 5: 22}","{1: 137, 2: 63, 3: 44, 4: 32, 5: 22}"
0.5,0.04,0.04,10,False,True,0.6598920626938467,-0.0013684956853862174,0.17854663272390653,10,4,6,-0.2,0,3,10,10,"{1: 127, 2: 61, 3: 54, 4: 34, 5: 22}","{1: 142, 2: 58, 3: 43, 4: 33, 5: 22}"
0.5,0.04,0.04,10,True,True,0.6598920626938467,-0.0013684956853862174,0.17854663272390653,10,4,6,-0.2,0,3,10,10,"{1: 127, 2: 61, 3: 54, 4: 34, 5: 22}","{1: 142, 2: 58, 3: 43, 4: 33, 5: 22}"
0.5,0.04,0.06,10,False,True,0.6598920626938467,-0.0013684956853862174,0.17854663272390653,10,4,6,-0.2,0,3,10,10,"{1: 127, 2: 61, 3: 54, 4: 34, 5: 22}","{1: 142, 2: 58, 3: 43, 4: 33, 5: 22}"
0.5,0.04,0.06,10,True,True,0.6598920626938467,-0.0013684956853862174,0.17854663272390653,10,4,6,-0.2,0,3,10,10,"{1: 127, 2: 61, 3: 54, 4: 34, 5: 22}","{1: 142, 2: 58, 3: 43, 4: 33, 5: 22}"
2.0,0.025,0.1,15,False,True,0.6598355215353984,-0.0014250368438345484,0.14890771408427203,15,6,9,-0.2,0,7,3,2,"{1: 125, 2: 59, 3: 57, 4: 35, 5: 22}","{1: 135, 2: 64, 3: 44, 4: 33, 5: 22}"
2.0,0.025,0.1,15,True,True,0.6598355215353984,-0.0014250368438345484,0.14890771408427203,15,6,9,-0.2,0,7,3,2,"{1: 125, 2: 59, 3: 57, 4: 35, 5: 22}","{1: 135, 2: 64, 3: 44, 4: 33, 5: 22}"
1.0,0.025,0.1,15,False,True,0.6598355215353984,-0.0014250368438345484,0.14890771408427206,15,6,9,-0.2,0,6,2,2,"{1: 124, 2: 60, 3: 57, 4: 35, 5: 22}","{1: 135, 2: 64, 3: 44, 4: 33, 5: 22}"
1.0,0.025,0.1,15,True,True,0.6598355215353984,-0.0014250368438345484,0.14890771408427206,15,6,9,-0.2,0,6,2,2,"{1: 124, 2: 60, 3: 57, 4: 35, 5: 22}","{1: 135, 2: 64, 3: 44, 4: 33, 5: 22}"
1.0,0.025,0.08,15,False,True,0.6598355215353984,-0.0014250368438345484,0.1651238139319602,15,6,9,-0.2,0,6,6,6,"{1: 126, 2: 60, 3: 55, 4: 35, 5: 22}","{1: 139, 2: 60, 3: 44, 4: 33, 5: 22}"
1.0,0.025,0.08,15,True,True,0.6598355215353984,-0.0014250368438345484,0.1651238139319602,15,6,9,-0.2,0,6,6,6,"{1: 126, 2: 60, 3: 55, 4: 35, 5: 22}","{1: 139, 2: 60, 3: 44, 4: 33, 5: 22}"
2.0,0.025,0.08,15,False,True,0.6598355215353984,-0.0014250368438345484,0.1684795186299468,15,6,9,-0.2,0,7,7,7,"{1: 126, 2: 61, 3: 54, 4: 35, 5: 22}","{1: 140, 2: 59, 3: 44, 4: 33, 5: 22}"
2.0,0.025,0.08,15,True,True,0.6598355215353984,-0.0014250368438345484,0.1684795186299468,15,6,9,-0.2,0,7,7,7,"{1: 126, 2: 61, 3: 54, 4: 35, 5: 22}","{1: 140, 2: 59, 3: 44, 4: 33, 5: 22}"
1.0,0.025,0.04,15,False,True,0.6598355215353984,-0.0014250368438345484,0.18525804211987965,15,6,9,-0.2,0,6,11,15,"{1: 127, 2: 63, 3: 51, 4: 35, 5: 22}","{1: 144, 2: 58, 3: 42, 4: 32, 5: 22}"
1.0,0.025,0.04,15,True,True,0.6598355215353984,-0.0014250368438345484,0.18525804211987965,15,6,9,-0.2,0,6,11,15,"{1: 127, 2: 63, 3: 51, 4: 35, 5: 22}","{1: 144, 2: 58, 3: 42, 4: 32, 5: 22}"
1.0,0.025,0.06,15,False,True,0.6598355215353984,-0.0014250368438345484,0.18525804211987965,15,6,9,-0.2,0,6,11,15,"{1: 127, 2: 63, 3: 51, 4: 35, 5: 22}","{1: 144, 2: 58, 3: 42, 4: 32, 5: 22}"
1.0,0.025,0.06,15,True,True,0.6598355215353984,-0.0014250368438345484,0.18525804211987965,15,6,9,-0.2,0,6,11,15,"{1: 127, 2: 63, 3: 51, 4: 35, 5: 22}","{1: 144, 2: 58, 3: 42, 4: 32, 5: 22}"
2.0,0.025,0.04,15,False,True,0.6598355215353984,-0.0014250368438345484,0.18525804211987965,15,6,9,-0.2,0,7,11,15,"{1: 127, 2: 63, 3: 51, 4: 35, 5: 22}","{1: 144, 2: 58, 3: 42, 4: 32, 5: 22}"
2.0,0.025,0.04,15,True,True,0.6598355215353984,-0.0014250368438345484,0.18525804211987965,15,6,9,-0.2,0,7,11,15,"{1: 127, 2: 63, 3: 51, 4: 35, 5: 22}","{1: 144, 2: 58, 3: 42, 4: 32, 5: 22}"
2.0,0.025,0.06,15,False,True,0.6598355215353984,-0.0014250368438345484,0.18525804211987965,15,6,9,-0.2,0,7,11,15,"{1: 127, 2: 63, 3: 51, 4: 35, 5: 22}","{1: 144, 2: 58, 3: 42, 4: 32, 5: 22}"
2.0,0.025,0.06,15,True,True,0.6598355215353984,-0.0014250368438345484,0.18525804211987965,15,6,9,-0.2,0,7,11,15,"{1: 127, 2: 63, 3: 51, 4: 35, 5: 22}","{1: 144, 2: 58, 3: 42, 4: 32, 5: 22}"
1.0,0.015,0.1,8,False,True,0.6598344415136081,-0.0014261168656247714,0.14555200938628546,8,2,6,-0.5,0,2,1,1,"{1: 124, 2: 59, 3: 58, 4: 35, 5: 22}","{1: 134, 2: 65, 3: 44, 4: 33, 5: 22}"
1.0,0.015,0.1,8,True,True,0.6598344415136081,-0.0014261168656247714,0.14555200938628546,8,2,6,-0.5,0,2,1,1,"{1: 124, 2: 59, 3: 58, 4: 35, 5: 22}","{1: 134, 2: 65, 3: 44, 4: 33, 5: 22}"
0.5,0.015,0.1,8,False,True,0.6598344415136081,-0.0014261168656247714,0.14555200938628549,8,2,6,-0.5,0,3,0,1,"{1: 123, 2: 60, 3: 58, 4: 35, 5: 22}","{1: 134, 2: 65, 3: 44, 4: 33, 5: 22}"
0.5,0.015,0.1,8,True,True,0.6598344415136081,-0.0014261168656247714,0.14555200938628549,8,2,6,-0.5,0,3,0,1,"{1: 123, 2: 60, 3: 58, 4: 35, 5: 22}","{1: 134, 2: 65, 3: 44, 4: 33, 5: 22}"
0.5,0.015,0.08,8,False,True,0.6598344415136081,-0.0014261168656247714,0.14890771408427206,8,2,6,-0.5,0,3,3,1,"{1: 125, 2: 59, 3: 57, 4: 35, 5: 22}","{1: 134, 2: 65, 3: 44, 4: 33, 5: 22}"
0.5,0.015,0.08,8,True,True,0.6598344415136081,-0.0014261168656247714,0.14890771408427206,8,2,6,-0.5,0,3,3,1,"{1: 125, 2: 59, 3: 57, 4: 35, 5: 22}","{1: 134, 2: 65, 3: 44, 4: 33, 5: 22}"
1.0,0.015,0.08,8,False,True,0.6598344415136081,-0.0014261168656247714,0.16176810923397367,8,2,6,-0.5,0,2,4,5,"{1: 126, 2: 58, 3: 57, 4: 35, 5: 22}","{1: 138, 2: 61, 3: 44, 4: 33, 5: 22}"
1.0,0.015,0.08,8,True,True,0.6598344415136081,-0.0014261168656247714,0.16176810923397367,8,2,6,-0.5,0,2,4,5,"{1: 126, 2: 58, 3: 57, 4: 35, 5: 22}","{1: 138, 2: 61, 3: 44, 4: 33, 5: 22}"
0.5,0.015,0.04,8,False,True,0.6598344415136081,-0.0014261168656247714,0.1684795186299468,8,2,6,-0.5,0,3,8,8,"{1: 127, 2: 60, 3: 54, 4: 35, 5: 22}","{1: 139, 2: 62, 3: 42, 4: 33, 5: 22}"
0.5,0.015,0.04,8,True,True,0.6598344415136081,-0.0014261168656247714,0.1684795186299468,8,2,6,-0.5,0,3,8,8,"{1: 127, 2: 60, 3: 54, 4: 35, 5: 22}","{1: 139, 2: 62, 3: 42, 4: 33, 5: 22}"
0.5,0.015,0.06,8,False,True,0.6598344415136081,-0.0014261168656247714,0.1684795186299468,8,2,6,-0.5,0,3,6,8,"{1: 127, 2: 58, 3: 56, 4: 35, 5: 22}","{1: 139, 2: 62, 3: 42, 4: 33, 5: 22}"
0.5,0.015,0.06,8,True,True,0.6598344415136081,-0.0014261168656247714,0.1684795186299468,8,2,6,-0.5,0,3,6,8,"{1: 127, 2: 58, 3: 56, 4: 35, 5: 22}","{1: 139, 2: 62, 3: 42, 4: 33, 5: 22}"
1.0,0.015,0.04,8,False,True,0.6598344415136081,-0.0014261168656247714,0.17183522332793338,8,2,6,-0.5,0,2,8,8,"{1: 127, 2: 60, 3: 54, 4: 35, 5: 22}","{1: 140, 2: 60, 3: 43, 4: 33, 5: 22}"
1.0,0.015,0.04,8,True,True,0.6598344415136081,-0.0014261168656247714,0.17183522332793338,8,2,6,-0.5,0,2,8,8,"{1: 127, 2: 60, 3: 54, 4: 35, 5: 22}","{1: 140, 2: 60, 3: 43, 4: 33, 5: 22}"
1.0,0.015,0.06,8,False,True,0.6598344415136081,-0.0014261168656247714,0.17183522332793338,8,2,6,-0.5,0,2,8,8,"{1: 127, 2: 60, 3: 54, 4: 35, 5: 22}","{1: 140, 2: 60, 3: 43, 4: 33, 5: 22}"
1.0,0.015,0.06,8,True,True,0.6598344415136081,-0.0014261168656247714,0.17183522332793338,8,2,6,-0.5,0,2,8,8,"{1: 127, 2: 60, 3: 54, 4: 35, 5: 22}","{1: 140, 2: 60, 3: 43, 4: 33, 5: 22}"
2.0,0.025,0.1,10,False,False,0.6598252019069462,-0.001435356472286764,0.14890771408427203,10,3,7,-0.4,0,0,3,1,"{1: 125, 2: 59, 3: 57, 4: 35, 5: 22}","{1: 135, 2: 64, 3: 44, 4: 32, 5: 23}"
2.0,0.025,0.1,10,True,False,0.6598252019069462,-0.001435356472286764,0.14890771408427203,10,3,7,-0.4,0,0,3,1,"{1: 125, 2: 59, 3: 57, 4: 35, 5: 22}","{1: 135, 2: 64, 3: 44, 4: 32, 5: 23}"
1.0,0.025,0.1,10,False,False,0.6598252019069462,-0.001435356472286764,0.14890771408427206,10,3,7,-0.4,0,0,2,1,"{1: 124, 2: 60, 3: 57, 4: 35, 5: 22}","{1: 135, 2: 64, 3: 44, 4: 32, 5: 23}"
1.0,0.025,0.1,10,True,False,0.6598252019069462,-0.001435356472286764,0.14890771408427206,10,3,7,-0.4,0,0,2,1,"{1: 124, 2: 60, 3: 57, 4: 35, 5: 22}","{1: 135, 2: 64, 3: 44, 4: 32, 5: 23}"
1.0,0.025,0.08,10,False,False,0.6598252019069462,-0.001435356472286764,0.1651238139319602,10,3,7,-0.4,0,0,4,5,"{1: 126, 2: 58, 3: 57, 4: 35, 5: 22}","{1: 139, 2: 60, 3: 44, 4: 32, 5: 23}"
1.0,0.025,0.08,10,True,False,0.6598252019069462,-0.001435356472286764,0.1651238139319602,10,3,7,-0.4,0,0,4,5,"{1: 126, 2: 58, 3: 57, 4: 35, 5: 22}","{1: 139, 2: 60, 3: 44, 4: 32, 5: 23}"
2.0,0.025,0.08,10,False,False,0.6598252019069462,-0.001435356472286764,0.1684795186299468,10,3,7,-0.4,0,0,5,6,"{1: 126, 2: 59, 3: 56, 4: 35, 5: 22}","{1: 140, 2: 59, 3: 44, 4: 32, 5: 23}"
2.0,0.025,0.08,10,True,False,0.6598252019069462,-0.001435356472286764,0.1684795186299468,10,3,7,-0.4,0,0,5,6,"{1: 126, 2: 59, 3: 56, 4: 35, 5: 22}","{1: 140, 2: 59, 3: 44, 4: 32, 5: 23}"
1.0,0.025,0.04,10,False,False,0.6598252019069462,-0.001435356472286764,0.17519092802591996,10,3,7,-0.4,0,0,8,10,"{1: 127, 2: 60, 3: 54, 4: 35, 5: 22}","{1: 141, 2: 61, 3: 41, 4: 32, 5: 23}"
1.0,0.025,0.04,10,True,False,0.6598252019069462,-0.001435356472286764,0.17519092802591996,10,3,7,-0.4,0,0,8,10,"{1: 127, 2: 60, 3: 54, 4: 35, 5: 22}","{1: 141, 2: 61, 3: 41, 4: 32, 5: 23}"
1.0,0.025,0.06,10,False,False,0.6598252019069462,-0.001435356472286764,0.17519092802591996,10,3,7,-0.4,0,0,8,10,"{1: 127, 2: 60, 3: 54, 4: 35, 5: 22}","{1: 141, 2: 61, 3: 41, 4: 32, 5: 23}"
1.0,0.025,0.06,10,True,False,0.6598252019069462,-0.001435356472286764,0.17519092802591996,10,3,7,-0.4,0,0,8,10,"{1: 127, 2: 60, 3: 54, 4: 35, 5: 22}","{1: 141, 2: 61, 3: 41, 4: 32, 5: 23}"
2.0,0.025,0.04,10,False,False,0.6598252019069462,-0.001435356472286764,0.17519092802591996,10,3,7,-0.4,0,0,8,10,"{1: 127, 2: 60, 3: 54, 4: 35, 5: 22}","{1: 141, 2: 61, 3: 41, 4: 32, 5: 23}"
2.0,0.025,0.04,10,True,False,0.6598252019069462,-0.001435356472286764,0.17519092802591996,10,3,7,-0.4,0,0,8,10,"{1: 127, 2: 60, 3: 54, 4: 35, 5: 22}","{1: 141, 2: 61, 3: 41, 4: 32, 5: 23}"
2.0,0.025,0.06,10,False,False,0.6598252019069462,-0.001435356472286764,0.17519092802591996,10,3,7,-0.4,0,0,8,10,"{1: 127, 2: 60, 3: 54, 4: 35, 5: 22}","{1: 141, 2: 61, 3: 41, 4: 32, 5: 23}"
2.0,0.025,0.06,10,True,False,0.6598252019069462,-0.001435356472286764,0.17519092802591996,10,3,7,-0.4,0,0,8,10,"{1: 127, 2: 60, 3: 54, 4: 35, 5: 22}","{1: 141, 2: 61, 3: 41, 4: 32, 5: 23}"
0.5,0.04,0.1,12,False,True,0.6598159617983367,-0.0014445965808962402,0.1522634187822586,12,5,7,-0.16666666666666666,0,4,1,5,"{1: 123, 2: 61, 3: 57, 4: 35, 5: 22}","{1: 137, 2: 63, 3: 43, 4: 33, 5: 22}"
0.5,0.04,0.1,12,True,True,0.6598159617983367,-0.0014445965808962402,0.1522634187822586,12,5,7,-0.16666666666666666,0,4,1,5,"{1: 123, 2: 61, 3: 57, 4: 35, 5: 22}","{1: 137, 2: 63, 3: 43, 4: 33, 5: 22}"
0.5,0.04,0.08,12,False,True,0.6598159617983367,-0.0014445965808962402,0.15897482817823175,12,5,7,-0.16666666666666666,0,4,6,6,"{1: 125, 2: 61, 3: 56, 4: 34, 5: 22}","{1: 137, 2: 63, 3: 44, 4: 32, 5: 22}"
0.5,0.04,0.08,12,True,True,0.6598159617983367,-0.0014445965808962402,0.15897482817823175,12,5,7,-0.16666666666666666,0,4,6,6,"{1: 125, 2: 61, 3: 56, 4: 34, 5: 22}","{1: 137, 2: 63, 3: 44, 4: 32, 5: 22}"
0.5,0.04,0.04,12,False,True,0.6598159617983367,-0.0014445965808962402,0.17910905636615124,12,5,7,-0.16666666666666666,0,4,12,12,"{1: 127, 2: 63, 3: 52, 4: 34, 5: 22}","{1: 142, 2: 60, 3: 41, 4: 33, 5: 22}"
0.5,0.04,0.04,12,True,True,0.6598159617983367,-0.0014445965808962402,0.17910905636615124,12,5,7,-0.16666666666666666,0,4,12,12,"{1: 127, 2: 63, 3: 52, 4: 34, 5: 22}","{1: 142, 2: 60, 3: 41, 4: 33, 5: 22}"
0.5,0.04,0.06,12,False,True,0.6598159617983367,-0.0014445965808962402,0.18190233742189313,12,5,7,-0.16666666666666666,0,4,12,12,"{1: 128, 2: 60, 3: 55, 4: 33, 5: 22}","{1: 142, 2: 60, 3: 41, 4: 33, 5: 22}"
0.5,0.04,0.06,12,True,True,0.6598159617983367,-0.0014445965808962402,0.18190233742189313,12,5,7,-0.16666666666666666,0,4,12,12,"{1: 128, 2: 60, 3: 55, 4: 33, 5: 22}","{1: 142, 2: 60, 3: 41, 4: 33, 5: 22}"
2.0,0.08,0.14,12,False,False,0.6598116619276655,-0.0014488964515674274,0.14890771408427203,12,4,8,-0.3333333333333333,0,0,2,2,"{1: 124, 2: 60, 3: 57, 4: 35, 5: 22}","{1: 136, 2: 63, 3: 44, 4: 32, 5: 23}"
2.0,0.08,0.14,12,True,False,0.6598116619276655,-0.0014488964515674274,0.14890771408427203,12,4,8,-0.3333333333333333,0,0,2,2,"{1: 124, 2: 60, 3: 57, 4: 35, 5: 22}","{1: 136, 2: 63, 3: 44, 4: 32, 5: 23}"
0.5,0.015,0.1,15,False,True,0.6598110215768869,-0.001449536802346052,0.14555200938628549,14,4,10,-0.42857142857142855,0,6,0,1,"{1: 123, 2: 60, 3: 58, 4: 35, 5: 22}","{1: 134, 2: 65, 3: 44, 4: 33, 5: 22}"
0.5,0.015,0.1,15,True,True,0.6598110215768869,-0.001449536802346052,0.14555200938628549,14,4,10,-0.42857142857142855,0,6,0,1,"{1: 123, 2: 60, 3: 58, 4: 35, 5: 22}","{1: 134, 2: 65, 3: 44, 4: 33, 5: 22}"
1.0,0.015,0.1,15,False,True,0.6597730172094676,-0.0014875411697653496,0.14555200938628546,15,4,11,-0.4666666666666667,0,6,1,1,"{1: 124, 2: 59, 3: 58, 4: 35, 5: 22}","{1: 134, 2: 65, 3: 44, 4: 33, 5: 22}"
1.0,0.015,0.1,15,True,True,0.6597730172094676,-0.0014875411697653496,0.14555200938628546,15,4,11,-0.4666666666666667,0,6,1,1,"{1: 124, 2: 59, 3: 58, 4: 35, 5: 22}","{1: 134, 2: 65, 3: 44, 4: 33, 5: 22}"
2.0,0.015,0.1,15,False,True,0.6597730172094676,-0.0014875411697653496,0.14555200938628549,15,4,11,-0.4666666666666667,0,6,2,1,"{1: 125, 2: 58, 3: 58, 4: 35, 5: 22}","{1: 134, 2: 65, 3: 44, 4: 33, 5: 22}"
2.0,0.015,0.1,15,True,True,0.6597730172094676,-0.0014875411697653496,0.14555200938628549,15,4,11,-0.4666666666666667,0,6,2,1,"{1: 125, 2: 58, 3: 58, 4: 35, 5: 22}","{1: 134, 2: 65, 3: 44, 4: 33, 5: 22}"
0.5,0.015,0.08,15,False,True,0.6597730172094676,-0.0014875411697653496,0.14890771408427206,15,4,11,-0.4666666666666667,0,6,3,1,"{1: 125, 2: 59, 3: 57, 4: 35, 5: 22}","{1: 134, 2: 65, 3: 44, 4: 33, 5: 22}"
0.5,0.015,0.08,15,True,True,0.6597730172094676,-0.0014875411697653496,0.14890771408427206,15,4,11,-0.4666666666666667,0,6,3,1,"{1: 125, 2: 59, 3: 57, 4: 35, 5: 22}","{1: 134, 2: 65, 3: 44, 4: 33, 5: 22}"
1.0,0.015,0.08,15,False,True,0.6597730172094676,-0.0014875411697653496,0.16176810923397367,15,4,11,-0.4666666666666667,0,6,4,5,"{1: 126, 2: 58, 3: 57, 4: 35, 5: 22}","{1: 138, 2: 61, 3: 44, 4: 33, 5: 22}"
1.0,0.015,0.08,15,True,True,0.6597730172094676,-0.0014875411697653496,0.16176810923397367,15,4,11,-0.4666666666666667,0,6,4,5,"{1: 126, 2: 58, 3: 57, 4: 35, 5: 22}","{1: 138, 2: 61, 3: 44, 4: 33, 5: 22}"
2.0,0.015,0.08,15,False,True,0.6597730172094676,-0.0014875411697653496,0.1651238139319602,15,4,11,-0.4666666666666667,0,6,5,6,"{1: 126, 2: 59, 3: 56, 4: 35, 5: 22}","{1: 139, 2: 60, 3: 44, 4: 33, 5: 22}"
2.0,0.015,0.08,15,True,True,0.6597730172094676,-0.0014875411697653496,0.1651238139319602,15,4,11,-0.4666666666666667,0,6,5,6,"{1: 126, 2: 59, 3: 56, 4: 35, 5: 22}","{1: 139, 2: 60, 3: 44, 4: 33, 5: 22}"
0.5,0.015,0.06,15,False,True,0.6597730172094676,-0.0014875411697653496,0.1684795186299468,15,4,11,-0.4666666666666667,0,6,6,9,"{1: 127, 2: 58, 3: 56, 4: 35, 5: 22}","{1: 139, 2: 63, 3: 41, 4: 33, 5: 22}"
0.5,0.015,0.06,15,True,True,0.6597730172094676,-0.0014875411697653496,0.1684795186299468,15,4,11,-0.4666666666666667,0,6,6,9,"{1: 127, 2: 58, 3: 56, 4: 35, 5: 22}","{1: 139, 2: 63, 3: 41, 4: 33, 5: 22}"
1.0,0.015,0.06,15,False,True,0.6597730172094676,-0.0014875411697653496,0.17519092802591996,15,4,11,-0.4666666666666667,0,6,9,11,"{1: 127, 2: 61, 3: 53, 4: 35, 5: 22}","{1: 141, 2: 61, 3: 41, 4: 33, 5: 22}"
1.0,0.015,0.06,15,True,True,0.6597730172094676,-0.0014875411697653496,0.17519092802591996,15,4,11,-0.4666666666666667,0,6,9,11,"{1: 127, 2: 61, 3: 53, 4: 35, 5: 22}","{1: 141, 2: 61, 3: 41, 4: 33, 5: 22}"
0.5,0.015,0.04,15,False,True,0.6597730172094676,-0.0014875411697653496,0.1785466327239065,15,4,11,-0.4666666666666667,0,6,9,12,"{1: 127, 2: 61, 3: 53, 4: 35, 5: 22}","{1: 142, 2: 60, 3: 41, 4: 33, 5: 22}"
0.5,0.015,0.04,15,True,True,0.6597730172094676,-0.0014875411697653496,0.1785466327239065,15,4,11,-0.4666666666666667,0,6,9,12,"{1: 127, 2: 61, 3: 53, 4: 35, 5: 22}","{1: 142, 2: 60, 3: 41, 4: 33, 5: 22}"
1.0,0.015,0.04,15,False,True,0.6597730172094676,-0.0014875411697653496,0.1785466327239065,15,4,11,-0.4666666666666667,0,6,9,12,"{1: 127, 2: 61, 3: 53, 4: 35, 5: 22}","{1: 142, 2: 60, 3: 41, 4: 33, 5: 22}"
1.0,0.015,0.04,15,True,True,0.6597730172094676,-0.0014875411697653496,0.1785466327239065,15,4,11,-0.4666666666666667,0,6,9,12,"{1: 127, 2: 61, 3: 53, 4: 35, 5: 22}","{1: 142, 2: 60, 3: 41, 4: 33, 5: 22}"
2.0,0.015,0.04,15,False,True,0.6597730172094676,-0.0014875411697653496,0.1785466327239065,15,4,11,-0.4666666666666667,0,6,9,12,"{1: 127, 2: 61, 3: 53, 4: 35, 5: 22}","{1: 142, 2: 60, 3: 41, 4: 33, 5: 22}"
2.0,0.015,0.04,15,True,True,0.6597730172094676,-0.0014875411697653496,0.1785466327239065,15,4,11,-0.4666666666666667,0,6,9,12,"{1: 127, 2: 61, 3: 53, 4: 35, 5: 22}","{1: 142, 2: 60, 3: 41, 4: 33, 5: 22}"
2.0,0.015,0.06,15,False,True,0.6597730172094676,-0.0014875411697653496,0.1785466327239065,15,4,11,-0.4666666666666667,0,6,9,12,"{1: 127, 2: 61, 3: 53, 4: 35, 5: 22}","{1: 142, 2: 60, 3: 41, 4: 33, 5: 22}"
2.0,0.015,0.06,15,True,True,0.6597730172094676,-0.0014875411697653496,0.1785466327239065,15,4,11,-0.4666666666666667,0,6,9,12,"{1: 127, 2: 61, 3: 53, 4: 35, 5: 22}","{1: 142, 2: 60, 3: 41, 4: 33, 5: 22}"
1.0,0.015,0.1,6,False,True,0.6597725493845871,-0.0014880089946458508,0.14555200938628546,6,1,5,-0.6666666666666666,0,2,1,1,"{1: 124, 2: 59, 3: 58, 4: 35, 5: 22}","{1: 134, 2: 65, 3: 44, 4: 33, 5: 22}"
1.0,0.015,0.1,6,True,True,0.6597725493845871,-0.0014880089946458508,0.14555200938628546,6,1,5,-0.6666666666666666,0,2,1,1,"{1: 124, 2: 59, 3: 58, 4: 35, 5: 22}","{1: 134, 2: 65, 3: 44, 4: 33, 5: 22}"
0.5,0.015,0.1,6,False,True,0.6597725493845871,-0.0014880089946458508,0.14555200938628549,6,1,5,-0.6666666666666666,0,2,0,1,"{1: 123, 2: 60, 3: 58, 4: 35, 5: 22}","{1: 134, 2: 65, 3: 44, 4: 33, 5: 22}"
0.5,0.015,0.1,6,True,True,0.6597725493845871,-0.0014880089946458508,0.14555200938628549,6,1,5,-0.6666666666666666,0,2,0,1,"{1: 123, 2: 60, 3: 58, 4: 35, 5: 22}","{1: 134, 2: 65, 3: 44, 4: 33, 5: 22}"
0.5,0.015,0.08,6,False,True,0.6597725493845871,-0.0014880089946458508,0.14890771408427206,6,1,5,-0.6666666666666666,0,2,3,1,"{1: 125, 2: 59, 3: 57, 4: 35, 5: 22}","{1: 134, 2: 65, 3: 44, 4: 33, 5: 22}"
0.5,0.015,0.08,6,True,True,0.6597725493845871,-0.0014880089946458508,0.14890771408427206,6,1,5,-0.6666666666666666,0,2,3,1,"{1: 125, 2: 59, 3: 57, 4: 35, 5: 22}","{1: 134, 2: 65, 3: 44, 4: 33, 5: 22}"
1.0,0.015,0.08,6,False,True,0.6597725493845871,-0.0014880089946458508,0.16176810923397367,6,1,5,-0.6666666666666666,0,2,4,5,"{1: 126, 2: 58, 3: 57, 4: 35, 5: 22}","{1: 138, 2: 61, 3: 44, 4: 33, 5: 22}"
1.0,0.015,0.08,6,True,True,0.6597725493845871,-0.0014880089946458508,0.16176810923397367,6,1,5,-0.6666666666666666,0,2,4,5,"{1: 126, 2: 58, 3: 57, 4: 35, 5: 22}","{1: 138, 2: 61, 3: 44, 4: 33, 5: 22}"
0.5,0.015,0.04,6,False,True,0.6597725493845871,-0.0014880089946458508,0.1684795186299468,6,1,5,-0.6666666666666666,0,2,6,6,"{1: 127, 2: 58, 3: 56, 4: 35, 5: 22}","{1: 139, 2: 60, 3: 44, 4: 33, 5: 22}"
0.5,0.015,0.04,6,True,True,0.6597725493845871,-0.0014880089946458508,0.1684795186299468,6,1,5,-0.6666666666666666,0,2,6,6,"{1: 127, 2: 58, 3: 56, 4: 35, 5: 22}","{1: 139, 2: 60, 3: 44, 4: 33, 5: 22}"
0.5,0.015,0.06,6,False,True,0.6597725493845871,-0.0014880089946458508,0.1684795186299468,6,1,5,-0.6666666666666666,0,2,6,6,"{1: 127, 2: 58, 3: 56, 4: 35, 5: 22}","{1: 139, 2: 60, 3: 44, 4: 33, 5: 22}"
0.5,0.015,0.06,6,True,True,0.6597725493845871,-0.0014880089946458508,0.1684795186299468,6,1,5,-0.6666666666666666,0,2,6,6,"{1: 127, 2: 58, 3: 56, 4: 35, 5: 22}","{1: 139, 2: 60, 3: 44, 4: 33, 5: 22}"
1.0,0.015,0.04,6,False,True,0.6597725493845871,-0.0014880089946458508,0.1684795186299468,6,1,5,-0.6666666666666666,0,2,6,6,"{1: 127, 2: 58, 3: 56, 4: 35, 5: 22}","{1: 139, 2: 60, 3: 44, 4: 33, 5: 22}"
1.0,0.015,0.04,6,True,True,0.6597725493845871,-0.0014880089946458508,0.1684795186299468,6,1,5,-0.6666666666666666,0,2,6,6,"{1: 127, 2: 58, 3: 56, 4: 35, 5: 22}","{1: 139, 2: 60, 3: 44, 4: 33, 5: 22}"
1.0,0.015,0.06,6,False,True,0.6597725493845871,-0.0014880089946458508,0.1684795186299468,6,1,5,-0.6666666666666666,0,2,6,6,"{1: 127, 2: 58, 3: 56, 4: 35, 5: 22}","{1: 139, 2: 60, 3: 44, 4: 33, 5: 22}"
1.0,0.015,0.06,6,True,True,0.6597725493845871,-0.0014880089946458508,0.1684795186299468,6,1,5,-0.6666666666666666,0,2,6,6,"{1: 127, 2: 58, 3: 56, 4: 35, 5: 22}","{1: 139, 2: 60, 3: 44, 4: 33, 5: 22}"
2.0,0.06,0.1,15,False,False,0.659768693826317,-0.0014918645529159447,0.16233053287621838,15,5,10,-0.3333333333333333,0,0,8,6,"{1: 126, 2: 61, 3: 55, 4: 34, 5: 22}","{1: 138, 2: 62, 3: 44, 4: 31, 5: 23}"
2.0,0.06,0.1,15,True,False,0.659768693826317,-0.0014918645529159447,0.16233053287621838,15,5,10,-0.3333333333333333,0,0,8,6,"{1: 126, 2: 61, 3: 55, 4: 34, 5: 22}","{1: 138, 2: 62, 3: 44, 4: 31, 5: 23}"
2.0,0.06,0.04,15,False,False,0.659768693826317,-0.0014918645529159447,0.18861374681786627,15,5,10,-0.3333333333333333,0,0,15,15,"{1: 128, 2: 62, 3: 54, 4: 32, 5: 22}","{1: 144, 2: 58, 3: 43, 4: 30, 5: 23}"
2.0,0.06,0.04,15,True,False,0.659768693826317,-0.0014918645529159447,0.18861374681786627,15,5,10,-0.3333333333333333,0,0,15,15,"{1: 128, 2: 62, 3: 54, 4: 32, 5: 22}","{1: 144, 2: 58, 3: 43, 4: 30, 5: 23}"
2.0,0.06,0.06,15,False,False,0.659768693826317,-0.0014918645529159447,0.18861374681786627,15,5,10,-0.3333333333333333,0,0,15,15,"{1: 128, 2: 62, 3: 54, 4: 32, 5: 22}","{1: 144, 2: 58, 3: 43, 4: 30, 5: 23}"
2.0,0.06,0.06,15,True,False,0.659768693826317,-0.0014918645529159447,0.18861374681786627,15,5,10,-0.3333333333333333,0,0,15,15,"{1: 128, 2: 62, 3: 54, 4: 32, 5: 22}","{1: 144, 2: 58, 3: 43, 4: 30, 5: 23}"
2.0,0.06,0.08,15,False,False,0.659768693826317,-0.0014918645529159447,0.19532515621383942,15,5,10,-0.3333333333333333,0,0,13,15,"{1: 128, 2: 60, 3: 56, 4: 32, 5: 22}","{1: 146, 2: 54, 3: 45, 4: 30, 5: 23}"
2.0,0.06,0.08,15,True,False,0.659768693826317,-0.0014918645529159447,0.19532515621383942,15,5,10,-0.3333333333333333,0,0,13,15,"{1: 128, 2: 60, 3: 56, 4: 32, 5: 22}","{1: 146, 2: 54, 3: 45, 4: 30, 5: 23}"
2.0,0.015,0.08,15,False,False,0.6597643650169053,-0.0014961933623276469,0.1651238139319602,15,4,11,-0.4666666666666667,0,0,4,5,"{1: 126, 2: 58, 3: 57, 4: 35, 5: 22}","{1: 139, 2: 60, 3: 44, 4: 32, 5: 23}"
2.0,0.015,0.08,15,True,False,0.6597643650169053,-0.0014961933623276469,0.1651238139319602,15,4,11,-0.4666666666666667,0,0,4,5,"{1: 126, 2: 58, 3: 57, 4: 35, 5: 22}","{1: 139, 2: 60, 3: 44, 4: 32, 5: 23}"
2.0,0.015,0.04,15,False,False,0.6597643650169053,-0.0014961933623276469,0.17854663272390653,15,4,11,-0.4666666666666667,0,0,7,11,"{1: 127, 2: 59, 3: 55, 4: 35, 5: 22}","{1: 142, 2: 60, 3: 41, 4: 32, 5: 23}"
2.0,0.015,0.04,15,True,False,0.6597643650169053,-0.0014961933623276469,0.17854663272390653,15,4,11,-0.4666666666666667,0,0,7,11,"{1: 127, 2: 59, 3: 55, 4: 35, 5: 22}","{1: 142, 2: 60, 3: 41, 4: 32, 5: 23}"
2.0,0.015,0.06,15,False,False,0.6597643650169053,-0.0014961933623276469,0.17854663272390653,15,4,11,-0.4666666666666667,0,0,7,11,"{1: 127, 2: 59, 3: 55, 4: 35, 5: 22}","{1: 142, 2: 60, 3: 41, 4: 32, 5: 23}"
2.0,0.015,0.06,15,True,False,0.6597643650169053,-0.0014961933623276469,0.17854663272390653,15,4,11,-0.4666666666666667,0,0,7,11,"{1: 127, 2: 59, 3: 55, 4: 35, 5: 22}","{1: 142, 2: 60, 3: 41, 4: 32, 5: 23}"
0.5,0.025,0.1,15,False,False,0.6597399203920711,-0.0015206379871618436,0.14555200938628546,14,4,10,-0.42857142857142855,0,0,0,1,"{1: 123, 2: 60, 3: 58, 4: 35, 5: 22}","{1: 135, 2: 64, 3: 44, 4: 32, 5: 23}"
0.5,0.025,0.1,15,True,False,0.6597399203920711,-0.0015206379871618436,0.14555200938628546,14,4,10,-0.42857142857142855,0,0,0,1,"{1: 123, 2: 60, 3: 58, 4: 35, 5: 22}","{1: 135, 2: 64, 3: 44, 4: 32, 5: 23}"
0.5,0.08,0.1,15,False,False,0.6596975530914441,-0.0015630052877888545,0.15841240453598704,15,4,11,-0.4666666666666667,0,0,5,6,"{1: 125, 2: 60, 3: 57, 4: 34, 5: 22}","{1: 138, 2: 62, 3: 44, 4: 31, 5: 23}"
0.5,0.08,0.1,15,True,False,0.6596975530914441,-0.0015630052877888545,0.15841240453598704,15,4,11,-0.4666666666666667,0,0,5,6,"{1: 125, 2: 60, 3: 57, 4: 34, 5: 22}","{1: 138, 2: 62, 3: 44, 4: 31, 5: 23}"
0.5,0.08,0.08,15,False,False,0.6596975530914441,-0.0015630052877888545,0.17183522332793336,15,4,11,-0.4666666666666667,0,0,11,9,"{1: 128, 2: 59, 3: 56, 4: 33, 5: 22}","{1: 139, 2: 61, 3: 46, 4: 29, 5: 23}"
0.5,0.08,0.08,15,True,False,0.6596975530914441,-0.0015630052877888545,0.17183522332793336,15,4,11,-0.4666666666666667,0,0,11,9,"{1: 128, 2: 59, 3: 56, 4: 33, 5: 22}","{1: 139, 2: 61, 3: 46, 4: 29, 5: 23}"
0.5,0.08,0.06,15,False,False,0.6596975530914441,-0.0015630052877888545,0.1919694515158528,15,4,11,-0.4666666666666667,0,0,15,15,"{1: 130, 2: 58, 3: 56, 4: 32, 5: 22}","{1: 143, 2: 60, 3: 42, 4: 30, 5: 23}"
0.5,0.08,0.06,15,True,False,0.6596975530914441,-0.0015630052877888545,0.1919694515158528,15,4,11,-0.4666666666666667,0,0,15,15,"{1: 130, 2: 58, 3: 56, 4: 32, 5: 22}","{1: 143, 2: 60, 3: 42, 4: 30, 5: 23}"
0.5,0.08,0.04,15,False,False,0.6596975530914441,-0.0015630052877888545,0.19196945151585285,15,4,11,-0.4666666666666667,0,0,15,15,"{1: 129, 2: 61, 3: 53, 4: 33, 5: 22}","{1: 144, 2: 58, 3: 43, 4: 30, 5: 23}"
0.5,0.08,0.04,15,True,False,0.6596975530914441,-0.0015630052877888545,0.19196945151585285,15,4,11,-0.4666666666666667,0,0,15,15,"{1: 129, 2: 61, 3: 53, 4: 33, 5: 22}","{1: 144, 2: 58, 3: 43, 4: 30, 5: 23}"
0.5,0.06,0.1,12,False,True,0.6596736463794293,-0.001586911999803653,0.15897482817823178,12,5,7,-0.16666666666666666,0,5,6,8,"{1: 124, 2: 62, 3: 56, 4: 35, 5: 21}","{1: 139, 2: 61, 3: 44, 4: 32, 5: 22}"
0.5,0.06,0.1,12,True,True,0.6596736463794293,-0.001586911999803653,0.15897482817823178,12,5,7,-0.16666666666666666,0,5,6,8,"{1: 124, 2: 62, 3: 56, 4: 35, 5: 21}","{1: 139, 2: 61, 3: 44, 4: 32, 5: 22}"
1.0,0.06,0.1,12,False,True,0.6596736463794293,-0.001586911999803653,0.16568623757420495,12,5,7,-0.16666666666666666,0,5,9,8,"{1: 125, 2: 63, 3: 54, 4: 35, 5: 21}","{1: 139, 2: 61, 3: 44, 4: 32, 5: 22}"
1.0,0.06,0.1,12,True,True,0.6596736463794293,-0.001586911999803653,0.16568623757420495,12,5,7,-0.16666666666666666,0,5,9,8,"{1: 125, 2: 63, 3: 54, 4: 35, 5: 21}","{1: 139, 2: 61, 3: 44, 4: 32, 5: 22}"
0.5,0.06,0.08,12,False,True,0.6596736463794293,-0.001586911999803653,0.16904194227219152,12,5,7,-0.16666666666666666,0,5,12,10,"{1: 126, 2: 63, 3: 54, 4: 34, 5: 21}","{1: 140, 2: 60, 3: 45, 4: 31, 5: 22}"
0.5,0.06,0.08,12,True,True,0.6596736463794293,-0.001586911999803653,0.16904194227219152,12,5,7,-0.16666666666666666,0,5,12,10,"{1: 126, 2: 63, 3: 54, 4: 34, 5: 21}","{1: 140, 2: 60, 3: 45, 4: 31, 5: 22}"
0.5,0.06,0.04,12,False,True,0.6596736463794293,-0.001586911999803653,0.18190233742189313,12,5,7,-0.16666666666666666,0,5,12,12,"{1: 127, 2: 62, 3: 53, 4: 35, 5: 21}","{1: 143, 2: 57, 3: 44, 4: 32, 5: 22}"
0.5,0.06,0.04,12,True,True,0.6596736463794293,-0.001586911999803653,0.18190233742189313,12,5,7,-0.16666666666666666,0,5,12,12,"{1: 127, 2: 62, 3: 53, 4: 35, 5: 21}","{1: 143, 2: 57, 3: 44, 4: 32, 5: 22}"
0.5,0.06,0.06,12,False,True,0.6596736463794293,-0.001586911999803653,0.18190233742189313,12,5,7,-0.16666666666666666,0,5,12,12,"{1: 127, 2: 62, 3: 53, 4: 35, 5: 21}","{1: 143, 2: 57, 3: 44, 4: 32, 5: 22}"
0.5,0.06,0.06,12,True,True,0.6596736463794293,-0.001586911999803653,0.18190233742189313,12,5,7,-0.16666666666666666,0,5,12,12,"{1: 127, 2: 62, 3: 53, 4: 35, 5: 21}","{1: 143, 2: 57, 3: 44, 4: 32, 5: 22}"
1.0,0.06,0.04,12,False,True,0.6596736463794293,-0.001586911999803653,0.18190233742189313,12,5,7,-0.16666666666666666,0,5,12,12,"{1: 127, 2: 62, 3: 53, 4: 35, 5: 21}","{1: 143, 2: 57, 3: 44, 4: 32, 5: 22}"
1.0,0.06,0.04,12,True,True,0.6596736463794293,-0.001586911999803653,0.18190233742189313,12,5,7,-0.16666666666666666,0,5,12,12,"{1: 127, 2: 62, 3: 53, 4: 35, 5: 21}","{1: 143, 2: 57, 3: 44, 4: 32, 5: 22}"
1.0,0.06,0.06,12,False,True,0.6596736463794293,-0.001586911999803653,0.18190233742189313,12,5,7,-0.16666666666666666,0,5,12,12,"{1: 127, 2: 62, 3: 53, 4: 35, 5: 21}","{1: 143, 2: 57, 3: 44, 4: 32, 5: 22}"
1.0,0.06,0.06,12,True,True,0.6596736463794293,-0.001586911999803653,0.18190233742189313,12,5,7,-0.16666666666666666,0,5,12,12,"{1: 127, 2: 62, 3: 53, 4: 35, 5: 21}","{1: 143, 2: 57, 3: 44, 4: 32, 5: 22}"
1.0,0.06,0.08,12,False,True,0.6596736463794293,-0.001586911999803653,0.18190233742189313,12,5,7,-0.16666666666666666,0,5,12,12,"{1: 127, 2: 62, 3: 53, 4: 35, 5: 21}","{1: 143, 2: 57, 3: 44, 4: 32, 5: 22}"
1.0,0.06,0.08,12,True,True,0.6596736463794293,-0.001586911999803653,0.18190233742189313,12,5,7,-0.16666666666666666,0,5,12,12,"{1: 127, 2: 62, 3: 53, 4: 35, 5: 21}","{1: 143, 2: 57, 3: 44, 4: 32, 5: 22}"
0.5,0.06,0.1,15,False,True,0.659626382599976,-0.0016341757792569522,0.15897482817823178,15,6,9,-0.2,0,6,6,8,"{1: 124, 2: 62, 3: 56, 4: 35, 5: 21}","{1: 139, 2: 61, 3: 44, 4: 32, 5: 22}"
0.5,0.06,0.1,15,True,True,0.659626382599976,-0.0016341757792569522,0.15897482817823178,15,6,9,-0.2,0,6,6,8,"{1: 124, 2: 62, 3: 56, 4: 35, 5: 21}","{1: 139, 2: 61, 3: 44, 4: 32, 5: 22}"
0.5,0.08,0.1,15,False,True,0.659626382599976,-0.0016341757792569522,0.16233053287621838,15,6,9,-0.2,0,5,9,8,"{1: 125, 2: 62, 3: 56, 4: 34, 5: 21}","{1: 139, 2: 61, 3: 44, 4: 32, 5: 22}"
0.5,0.08,0.1,15,True,True,0.659626382599976,-0.0016341757792569522,0.16233053287621838,15,6,9,-0.2,0,5,9,8,"{1: 125, 2: 62, 3: 56, 4: 34, 5: 21}","{1: 139, 2: 61, 3: 44, 4: 32, 5: 22}"
1.0,0.06,0.1,15,False,True,0.659626382599976,-0.0016341757792569522,0.16568623757420495,15,6,9,-0.2,0,6,9,8,"{1: 125, 2: 63, 3: 54, 4: 35, 5: 21}","{1: 139, 2: 61, 3: 44, 4: 32, 5: 22}"
1.0,0.06,0.1,15,True,True,0.659626382599976,-0.0016341757792569522,0.16568623757420495,15,6,9,-0.2,0,6,9,8,"{1: 125, 2: 63, 3: 54, 4: 35, 5: 21}","{1: 139, 2: 61, 3: 44, 4: 32, 5: 22}"
2.0,0.08,0.1,15,False,False,0.659626382599976,-0.0016341757792569522,0.16847951862994678,15,5,10,-0.3333333333333333,0,0,10,7,"{1: 128, 2: 59, 3: 55, 4: 34, 5: 22}","{1: 138, 2: 62, 3: 45, 4: 30, 5: 23}"
2.0,0.08,0.1,15,True,False,0.659626382599976,-0.0016341757792569522,0.16847951862994678,15,5,10,-0.3333333333333333,0,0,10,7,"{1: 128, 2: 59, 3: 55, 4: 34, 5: 22}","{1: 138, 2: 62, 3: 45, 4: 30, 5: 23}"
0.5,0.08,0.08,15,False,True,0.659626382599976,-0.0016341757792569522,0.17239764697017806,15,6,9,-0.2,0,5,15,12,"{1: 127, 2: 63, 3: 54, 4: 33, 5: 21}","{1: 140, 2: 60, 3: 46, 4: 31, 5: 21}"
0.5,0.08,0.08,15,True,True,0.659626382599976,-0.0016341757792569522,0.17239764697017806,15,6,9,-0.2,0,5,15,12,"{1: 127, 2: 63, 3: 54, 4: 33, 5: 21}","{1: 140, 2: 60, 3: 46, 4: 31, 5: 21}"
0.5,0.06,0.08,15,False,True,0.659626382599976,-0.0016341757792569522,0.1723976469701781,15,6,9,-0.2,0,6,13,10,"{1: 126, 2: 64, 3: 53, 4: 34, 5: 21}","{1: 140, 2: 60, 3: 45, 4: 31, 5: 22}"
0.5,0.06,0.08,15,True,True,0.659626382599976,-0.0016341757792569522,0.1723976469701781,15,6,9,-0.2,0,6,13,10,"{1: 126, 2: 64, 3: 53, 4: 34, 5: 21}","{1: 140, 2: 60, 3: 45, 4: 31, 5: 22}"
0.5,0.06,0.04,15,False,True,0.659626382599976,-0.0016341757792569522,0.18861374681786627,15,6,9,-0.2,0,6,15,15,"{1: 128, 2: 62, 3: 53, 4: 34, 5: 21}","{1: 144, 2: 58, 3: 42, 4: 32, 5: 22}"
0.5,0.06,0.04,15,True,True,0.659626382599976,-0.0016341757792569522,0.18861374681786627,15,6,9,-0.2,0,6,15,15,"{1: 128, 2: 62, 3: 53, 4: 34, 5: 21}","{1: 144, 2: 58, 3: 42, 4: 32, 5: 22}"
0.5,0.06,0.06,15,False,True,0.659626382599976,-0.0016341757792569522,0.18861374681786627,15,6,9,-0.2,0,6,15,15,"{1: 128, 2: 62, 3: 53, 4: 34, 5: 21}","{1: 144, 2: 58, 3: 42, 4: 32, 5: 22}"
0.5,0.06,0.06,15,True,True,0.659626382599976,-0.0016341757792569522,0.18861374681786627,15,6,9,-0.2,0,6,15,15,"{1: 128, 2: 62, 3: 53, 4: 34, 5: 21}","{1: 144, 2: 58, 3: 42, 4: 32, 5: 22}"
0.5,0.08,0.04,15,False,True,0.659626382599976,-0.0016341757792569522,0.18861374681786627,15,6,9,-0.2,0,5,15,15,"{1: 128, 2: 62, 3: 53, 4: 34, 5: 21}","{1: 144, 2: 58, 3: 42, 4: 32, 5: 22}"
0.5,0.08,0.04,15,True,True,0.659626382599976,-0.0016341757792569522,0.18861374681786627,15,6,9,-0.2,0,5,15,15,"{1: 128, 2: 62, 3: 53, 4: 34, 5: 21}","{1: 144, 2: 58, 3: 42, 4: 32, 5: 22}"
0.5,0.08,0.06,15,False,True,0.659626382599976,-0.0016341757792569522,0.18861374681786627,15,6,9,-0.2,0,5,15,15,"{1: 128, 2: 62, 3: 53, 4: 34, 5: 21}","{1: 144, 2: 58, 3: 42, 4: 32, 5: 22}"
0.5,0.08,0.06,15,True,True,0.659626382599976,-0.0016341757792569522,0.18861374681786627,15,6,9,-0.2,0,5,15,15,"{1: 128, 2: 62, 3: 53, 4: 34, 5: 21}","{1: 144, 2: 58, 3: 42, 4: 32, 5: 22}"
1.0,0.06,0.04,15,False,True,0.659626382599976,-0.0016341757792569522,0.18861374681786627,15,6,9,-0.2,0,6,15,15,"{1: 128, 2: 62, 3: 53, 4: 34, 5: 21}","{1: 144, 2: 57, 3: 44, 4: 31, 5: 22}"
1.0,0.06,0.04,15,True,True,0.659626382599976,-0.0016341757792569522,0.18861374681786627,15,6,9,-0.2,0,6,15,15,"{1: 128, 2: 62, 3: 53, 4: 34, 5: 21}","{1: 144, 2: 57, 3: 44, 4: 31, 5: 22}"
1.0,0.06,0.06,15,False,True,0.659626382599976,-0.0016341757792569522,0.18861374681786627,15,6,9,-0.2,0,6,15,15,"{1: 128, 2: 62, 3: 53, 4: 34, 5: 21}","{1: 144, 2: 57, 3: 44, 4: 31, 5: 22}"
1.0,0.06,0.06,15,True,True,0.659626382599976,-0.0016341757792569522,0.18861374681786627,15,6,9,-0.2,0,6,15,15,"{1: 128, 2: 62, 3: 53, 4: 34, 5: 21}","{1: 144, 2: 57, 3: 44, 4: 31, 5: 22}"
1.0,0.06,0.08,15,False,True,0.659626382599976,-0.0016341757792569522,0.18861374681786627,15,6,9,-0.2,0,6,15,15,"{1: 127, 2: 63, 3: 54, 4: 33, 5: 21}","{1: 145, 2: 55, 3: 45, 4: 31, 5: 22}"
1.0,0.06,0.08,15,True,True,0.659626382599976,-0.0016341757792569522,0.18861374681786627,15,6,9,-0.2,0,6,15,15,"{1: 127, 2: 63, 3: 54, 4: 33, 5: 21}","{1: 145, 2: 55, 3: 45, 4: 31, 5: 22}"
2.0,0.08,0.04,15,False,False,0.659626382599976,-0.0016341757792569522,0.19196945151585285,15,5,10,-0.3333333333333333,0,0,15,15,"{1: 129, 2: 61, 3: 53, 4: 33, 5: 22}","{1: 144, 2: 58, 3: 43, 4: 30, 5: 23}"
2.0,0.08,0.04,15,True,False,0.659626382599976,-0.0016341757792569522,0.19196945151585285,15,5,10,-0.3333333333333333,0,0,15,15,"{1: 129, 2: 61, 3: 53, 4: 33, 5: 22}","{1: 144, 2: 58, 3: 43, 4: 30, 5: 23}"
2.0,0.08,0.06,15,False,False,0.659626382599976,-0.0016341757792569522,0.19196945151585285,15,5,10,-0.3333333333333333,0,0,15,15,"{1: 129, 2: 61, 3: 53, 4: 33, 5: 22}","{1: 144, 2: 58, 3: 43, 4: 30, 5: 23}"
2.0,0.08,0.06,15,True,False,0.659626382599976,-0.0016341757792569522,0.19196945151585285,15,5,10,-0.3333333333333333,0,0,15,15,"{1: 129, 2: 61, 3: 53, 4: 33, 5: 22}","{1: 144, 2: 58, 3: 43, 4: 30, 5: 23}"
2.0,0.08,0.08,15,False,False,0.659626382599976,-0.0016341757792569522,0.19868086091182594,15,5,10,-0.3333333333333333,0,0,15,15,"{1: 130, 2: 58, 3: 56, 4: 32, 5: 22}","{1: 145, 2: 55, 3: 46, 4: 29, 5: 23}"
2.0,0.08,0.08,15,True,False,0.659626382599976,-0.0016341757792569522,0.19868086091182594,15,5,10,-0.3333333333333333,0,0,15,15,"{1: 130, 2: 58, 3: 56, 4: 32, 5: 22}","{1: 145, 2: 55, 3: 46, 4: 29, 5: 23}"
1.0,0.04,0.1,15,False,False,0.6595596423325083,-0.001700916046724621,0.15226341878225863,15,5,10,-0.3333333333333333,0,0,2,4,"{1: 124, 2: 60, 3: 57, 4: 35, 5: 22}","{1: 137, 2: 63, 3: 43, 4: 32, 5: 23}"
1.0,0.04,0.1,15,True,False,0.6595596423325083,-0.001700916046724621,0.15226341878225863,15,5,10,-0.3333333333333333,0,0,2,4,"{1: 124, 2: 60, 3: 57, 4: 35, 5: 22}","{1: 137, 2: 63, 3: 43, 4: 32, 5: 23}"
0.5,0.04,0.08,15,False,False,0.6595596423325083,-0.001700916046724621,0.15505669983800047,15,5,10,-0.3333333333333333,0,0,4,5,"{1: 125, 2: 59, 3: 58, 4: 34, 5: 22}","{1: 137, 2: 63, 3: 44, 4: 31, 5: 23}"
0.5,0.04,0.08,15,True,False,0.6595596423325083,-0.001700916046724621,0.15505669983800047,15,5,10,-0.3333333333333333,0,0,4,5,"{1: 125, 2: 59, 3: 58, 4: 34, 5: 22}","{1: 137, 2: 63, 3: 44, 4: 31, 5: 23}"
1.0,0.04,0.08,15,False,False,0.6595596423325083,-0.001700916046724621,0.17183522332793336,15,5,10,-0.3333333333333333,0,0,6,9,"{1: 126, 2: 58, 3: 59, 4: 33, 5: 22}","{1: 141, 2: 59, 3: 44, 4: 31, 5: 23}"
1.0,0.04,0.08,15,True,False,0.6595596423325083,-0.001700916046724621,0.17183522332793336,15,5,10,-0.3333333333333333,0,0,6,9,"{1: 126, 2: 58, 3: 59, 4: 33, 5: 22}","{1: 141, 2: 59, 3: 44, 4: 31, 5: 23}"
0.5,0.04,0.06,15,False,False,0.6595596423325083,-0.001700916046724621,0.1785466327239065,15,5,10,-0.3333333333333333,0,0,8,15,"{1: 127, 2: 58, 3: 58, 4: 33, 5: 22}","{1: 142, 2: 62, 3: 41, 4: 30, 5: 23}"
0.5,0.04,0.06,15,True,False,0.6595596423325083,-0.001700916046724621,0.1785466327239065,15,5,10,-0.3333333333333333,0,0,8,15,"{1: 127, 2: 58, 3: 58, 4: 33, 5: 22}","{1: 142, 2: 62, 3: 41, 4: 30, 5: 23}"
0.5,0.04,0.04,15,False,False,0.6595596423325083,-0.001700916046724621,0.18525804211987967,15,5,10,-0.3333333333333333,0,0,12,15,"{1: 127, 2: 61, 3: 55, 4: 34, 5: 21}","{1: 144, 2: 59, 3: 41, 4: 31, 5: 23}"
0.5,0.04,0.04,15,True,False,0.6595596423325083,-0.001700916046724621,0.18525804211987967,15,5,10,-0.3333333333333333,0,0,12,15,"{1: 127, 2: 61, 3: 55, 4: 34, 5: 21}","{1: 144, 2: 59, 3: 41, 4: 31, 5: 23}"
1.0,0.04,0.04,15,False,False,0.6595596423325083,-0.001700916046724621,0.18525804211987967,15,5,10,-0.3333333333333333,0,0,12,15,"{1: 127, 2: 61, 3: 55, 4: 34, 5: 21}","{1: 144, 2: 59, 3: 41, 4: 31, 5: 23}"
1.0,0.04,0.04,15,True,False,0.6595596423325083,-0.001700916046724621,0.18525804211987967,15,5,10,-0.3333333333333333,0,0,12,15,"{1: 127, 2: 61, 3: 55, 4: 34, 5: 21}","{1: 144, 2: 59, 3: 41, 4: 31, 5: 23}"
1.0,0.04,0.06,15,False,False,0.6595596423325083,-0.001700916046724621,0.18525804211987967,15,5,10,-0.3333333333333333,0,0,12,15,"{1: 127, 2: 61, 3: 55, 4: 34, 5: 21}","{1: 144, 2: 59, 3: 41, 4: 31, 5: 23}"
1.0,0.04,0.06,15,True,False,0.6595596423325083,-0.001700916046724621,0.18525804211987967,15,5,10,-0.3333333333333333,0,0,12,15,"{1: 127, 2: 61, 3: 55, 4: 34, 5: 21}","{1: 144, 2: 59, 3: 41, 4: 31, 5: 23}"
1.0,0.04,0.1,12,False,True,0.6595356885576902,-0.0017248698215427405,0.1556191234802452,12,4,8,-0.3333333333333333,0,4,3,5,"{1: 124, 2: 61, 3: 56, 4: 35, 5: 22}","{1: 137, 2: 63, 3: 43, 4: 33, 5: 22}"
1.0,0.04,0.1,12,True,True,0.6595356885576902,-0.0017248698215427405,0.1556191234802452,12,4,8,-0.3333333333333333,0,4,3,5,"{1: 124, 2: 61, 3: 56, 4: 35, 5: 22}","{1: 137, 2: 63, 3: 43, 4: 33, 5: 22}"
1.0,0.04,0.08,12,False,True,0.6595356885576902,-0.0017248698215427405,0.17183522332793338,12,4,8,-0.3333333333333333,0,4,9,10,"{1: 126, 2: 61, 3: 56, 4: 33, 5: 22}","{1: 141, 2: 59, 3: 44, 4: 32, 5: 22}"
1.0,0.04,0.08,12,True,True,0.6595356885576902,-0.0017248698215427405,0.17183522332793338,12,4,8,-0.3333333333333333,0,4,9,10,"{1: 126, 2: 61, 3: 56, 4: 33, 5: 22}","{1: 141, 2: 59, 3: 44, 4: 32, 5: 22}"
1.0,0.04,0.04,12,False,True,0.6595356885576902,-0.0017248698215427405,0.1785466327239065,12,4,8,-0.3333333333333333,0,4,12,12,"{1: 127, 2: 63, 3: 52, 4: 34, 5: 22}","{1: 142, 2: 59, 3: 43, 4: 32, 5: 22}"
1.0,0.04,0.04,12,True,True,0.6595356885576902,-0.0017248698215427405,0.1785466327239065,12,4,8,-0.3333333333333333,0,4,12,12,"{1: 127, 2: 63, 3: 52, 4: 34, 5: 22}","{1: 142, 2: 59, 3: 43, 4: 32, 5: 22}"
1.0,0.04,0.06,12,False,True,0.6595356885576902,-0.0017248698215427405,0.1785466327239065,12,4,8,-0.3333333333333333,0,4,12,12,"{1: 127, 2: 63, 3: 52, 4: 34, 5: 22}","{1: 142, 2: 59, 3: 43, 4: 32, 5: 22}"
1.0,0.04,0.06,12,True,True,0.6595356885576902,-0.0017248698215427405,0.1785466327239065,12,4,8,-0.3333333333333333,0,4,12,12,"{1: 127, 2: 63, 3: 52, 4: 34, 5: 22}","{1: 142, 2: 59, 3: 43, 4: 32, 5: 22}"
0.5,0.025,0.08,15,False,False,0.6594884578859703,-0.0017721004932625961,0.14890771408427203,15,4,11,-0.4666666666666667,0,0,3,1,"{1: 125, 2: 59, 3: 57, 4: 35, 5: 22}","{1: 135, 2: 64, 3: 44, 4: 32, 5: 23}"
0.5,0.025,0.08,15,True,False,0.6594884578859703,-0.0017721004932625961,0.14890771408427203,15,4,11,-0.4666666666666667,0,0,3,1,"{1: 125, 2: 59, 3: 57, 4: 35, 5: 22}","{1: 135, 2: 64, 3: 44, 4: 32, 5: 23}"
1.0,0.025,0.1,15,False,False,0.6594884578859703,-0.0017721004932625961,0.14890771408427206,15,4,11,-0.4666666666666667,0,0,2,1,"{1: 124, 2: 60, 3: 57, 4: 35, 5: 22}","{1: 135, 2: 64, 3: 44, 4: 32, 5: 23}"
1.0,0.025,0.1,15,True,False,0.6594884578859703,-0.0017721004932625961,0.14890771408427206,15,4,11,-0.4666666666666667,0,0,2,1,"{1: 124, 2: 60, 3: 57, 4: 35, 5: 22}","{1: 135, 2: 64, 3: 44, 4: 32, 5: 23}"
0.5,0.06,0.1,15,False,False,0.6594884578859703,-0.0017721004932625961,0.1556191234802452,15,5,10,-0.3333333333333333,0,0,4,6,"{1: 124, 2: 61, 3: 57, 4: 34, 5: 22}","{1: 138, 2: 62, 3: 44, 4: 31, 5: 23}"
0.5,0.06,0.1,15,True,False,0.6594884578859703,-0.0017721004932625961,0.1556191234802452,15,5,10,-0.3333333333333333,0,0,4,6,"{1: 124, 2: 61, 3: 57, 4: 34, 5: 22}","{1: 138, 2: 62, 3: 44, 4: 31, 5: 23}"
1.0,0.06,0.1,15,False,False,0.6594884578859703,-0.0017721004932625961,0.16233053287621838,15,5,10,-0.3333333333333333,0,0,7,6,"{1: 125, 2: 62, 3: 55, 4: 34, 5: 22}","{1: 138, 2: 62, 3: 44, 4: 31, 5: 23}"
1.0,0.06,0.1,15,True,False,0.6594884578859703,-0.0017721004932625961,0.16233053287621838,15,5,10,-0.3333333333333333,0,0,7,6,"{1: 125, 2: 62, 3: 55, 4: 34, 5: 22}","{1: 138, 2: 62, 3: 44, 4: 31, 5: 23}"
1.0,0.025,0.08,15,False,False,0.6594884578859703,-0.0017721004932625961,0.1651238139319602,15,4,11,-0.4666666666666667,0,0,4,5,"{1: 126, 2: 58, 3: 57, 4: 35, 5: 22}","{1: 139, 2: 60, 3: 44, 4: 32, 5: 23}"
1.0,0.025,0.08,15,True,False,0.6594884578859703,-0.0017721004932625961,0.1651238139319602,15,4,11,-0.4666666666666667,0,0,4,5,"{1: 126, 2: 58, 3: 57, 4: 35, 5: 22}","{1: 139, 2: 60, 3: 44, 4: 32, 5: 23}"
0.5,0.025,0.06,15,False,False,0.6594884578859703,-0.0017721004932625961,0.17183522332793338,15,4,11,-0.4666666666666667,0,0,6,9,"{1: 127, 2: 58, 3: 56, 4: 35, 5: 22}","{1: 140, 2: 62, 3: 41, 4: 32, 5: 23}"
0.5,0.025,0.06,15,True,False,0.6594884578859703,-0.0017721004932625961,0.17183522332793338,15,4,11,-0.4666666666666667,0,0,6,9,"{1: 127, 2: 58, 3: 56, 4: 35, 5: 22}","{1: 140, 2: 62, 3: 41, 4: 32, 5: 23}"
1.0,0.025,0.06,15,False,False,0.6594884578859703,-0.0017721004932625961,0.18525804211987967,15,4,11,-0.4666666666666667,0,0,8,14,"{1: 127, 2: 60, 3: 54, 4: 35, 5: 22}","{1: 144, 2: 58, 3: 42, 4: 31, 5: 23}"
1.0,0.025,0.06,15,True,False,0.6594884578859703,-0.0017721004932625961,0.18525804211987967,15,4,11,-0.4666666666666667,0,0,8,14,"{1: 127, 2: 60, 3: 54, 4: 35, 5: 22}","{1: 144, 2: 58, 3: 42, 4: 31, 5: 23}"
0.5,0.025,0.04,15,False,False,0.6594884578859703,-0.0017721004932625961,0.18861374681786627,15,4,11,-0.4666666666666667,0,0,8,15,"{1: 127, 2: 60, 3: 54, 4: 35, 5: 22}","{1: 145, 2: 57, 3: 42, 4: 31, 5: 23}"
0.5,0.025,0.04,15,True,False,0.6594884578859703,-0.0017721004932625961,0.18861374681786627,15,4,11,-0.4666666666666667,0,0,8,15,"{1: 127, 2: 60, 3: 54, 4: 35, 5: 22}","{1: 145, 2: 57, 3: 42, 4: 31, 5: 23}"
1.0,0.025,0.04,15,False,False,0.6594884578859703,-0.0017721004932625961,0.18861374681786627,15,4,11,-0.4666666666666667,0,0,8,15,"{1: 127, 2: 60, 3: 54, 4: 35, 5: 22}","{1: 145, 2: 57, 3: 42, 4: 31, 5: 23}"
1.0,0.025,0.04,15,True,False,0.6594884578859703,-0.0017721004932625961,0.18861374681786627,15,4,11,-0.4666666666666667,0,0,8,15,"{1: 127, 2: 60, 3: 54, 4: 35, 5: 22}","{1: 145, 2: 57, 3: 42, 4: 31, 5: 23}"
1.0,0.06,0.04,15,False,False,0.6594884578859703,-0.0017721004932625961,0.18861374681786627,15,5,10,-0.3333333333333333,0,0,15,15,"{1: 128, 2: 62, 3: 54, 4: 32, 5: 22}","{1: 144, 2: 58, 3: 43, 4: 30, 5: 23}"
1.0,0.06,0.04,15,True,False,0.6594884578859703,-0.0017721004932625961,0.18861374681786627,15,5,10,-0.3333333333333333,0,0,15,15,"{1: 128, 2: 62, 3: 54, 4: 32, 5: 22}","{1: 144, 2: 58, 3: 43, 4: 30, 5: 23}"
1.0,0.06,0.06,15,False,False,0.6594884578859703,-0.0017721004932625961,0.18861374681786627,15,5,10,-0.3333333333333333,0,0,15,15,"{1: 128, 2: 62, 3: 54, 4: 32, 5: 22}","{1: 144, 2: 58, 3: 43, 4: 30, 5: 23}"
1.0,0.06,0.06,15,True,False,0.6594884578859703,-0.0017721004932625961,0.18861374681786627,15,5,10,-0.3333333333333333,0,0,15,15,"{1: 128, 2: 62, 3: 54, 4: 32, 5: 22}","{1: 144, 2: 58, 3: 43, 4: 30, 5: 23}"
1.0,0.06,0.08,15,False,False,0.6594884578859703,-0.0017721004932625961,0.18861374681786627,15,5,10,-0.3333333333333333,0,0,12,13,"{1: 128, 2: 59, 3: 57, 4: 32, 5: 22}","{1: 144, 2: 56, 3: 45, 4: 30, 5: 23}"
1.0,0.06,0.08,15,True,False,0.6594884578859703,-0.0017721004932625961,0.18861374681786627,15,5,10,-0.3333333333333333,0,0,12,13,"{1: 128, 2: 59, 3: 57, 4: 32, 5: 22}","{1: 144, 2: 56, 3: 45, 4: 30, 5: 23}"
0.5,0.025,0.1,12,False,False,0.6594689889268409,-0.0017915694523920056,0.14555200938628546,12,3,9,-0.5,0,0,0,1,"{1: 123, 2: 60, 3: 58, 4: 35, 5: 22}","{1: 135, 2: 64, 3: 44, 4: 32, 5: 23}"
0.5,0.025,0.1,12,True,False,0.6594689889268409,-0.0017915694523920056,0.14555200938628546,12,3,9,-0.5,0,0,0,1,"{1: 123, 2: 60, 3: 58, 4: 35, 5: 22}","{1: 135, 2: 64, 3: 44, 4: 32, 5: 23}"
0.5,0.025,0.08,12,False,False,0.6594689889268409,-0.0017915694523920056,0.14890771408427203,12,3,9,-0.5,0,0,3,1,"{1: 125, 2: 59, 3: 57, 4: 35, 5: 22}","{1: 135, 2: 64, 3: 44, 4: 32, 5: 23}"
0.5,0.025,0.08,12,True,False,0.6594689889268409,-0.0017915694523920056,0.14890771408427203,12,3,9,-0.5,0,0,3,1,"{1: 125, 2: 59, 3: 57, 4: 35, 5: 22}","{1: 135, 2: 64, 3: 44, 4: 32, 5: 23}"
1.0,0.025,0.1,12,False,False,0.6594689889268409,-0.0017915694523920056,0.14890771408427206,12,3,9,-0.5,0,0,2,1,"{1: 124, 2: 60, 3: 57, 4: 35, 5: 22}","{1: 135, 2: 64, 3: 44, 4: 32, 5: 23}"
1.0,0.025,0.1,12,True,False,0.6594689889268409,-0.0017915694523920056,0.14890771408427206,12,3,9,-0.5,0,0,2,1,"{1: 124, 2: 60, 3: 57, 4: 35, 5: 22}","{1: 135, 2: 64, 3: 44, 4: 32, 5: 23}"
1.0,0.025,0.08,12,False,False,0.6594689889268409,-0.0017915694523920056,0.1651238139319602,12,3,9,-0.5,0,0,4,5,"{1: 126, 2: 58, 3: 57, 4: 35, 5: 22}","{1: 139, 2: 60, 3: 44, 4: 32, 5: 23}"
1.0,0.025,0.08,12,True,False,0.6594689889268409,-0.0017915694523920056,0.1651238139319602,12,3,9,-0.5,0,0,4,5,"{1: 126, 2: 58, 3: 57, 4: 35, 5: 22}","{1: 139, 2: 60, 3: 44, 4: 32, 5: 23}"
0.5,0.025,0.06,12,False,False,0.6594689889268409,-0.0017915694523920056,0.17183522332793338,12,3,9,-0.5,0,0,6,9,"{1: 127, 2: 58, 3: 56, 4: 35, 5: 22}","{1: 140, 2: 62, 3: 41, 4: 32, 5: 23}"
0.5,0.025,0.06,12,True,False,0.6594689889268409,-0.0017915694523920056,0.17183522332793338,12,3,9,-0.5,0,0,6,9,"{1: 127, 2: 58, 3: 56, 4: 35, 5: 22}","{1: 140, 2: 62, 3: 41, 4: 32, 5: 23}"
0.5,0.025,0.04,12,False,False,0.6594689889268409,-0.0017915694523920056,0.18190233742189313,12,3,9,-0.5,0,0,8,12,"{1: 127, 2: 60, 3: 54, 4: 35, 5: 22}","{1: 143, 2: 59, 3: 41, 4: 32, 5: 23}"
0.5,0.025,0.04,12,True,False,0.6594689889268409,-0.0017915694523920056,0.18190233742189313,12,3,9,-0.5,0,0,8,12,"{1: 127, 2: 60, 3: 54, 4: 35, 5: 22}","{1: 143, 2: 59, 3: 41, 4: 32, 5: 23}"
1.0,0.025,0.04,12,False,False,0.6594689889268409,-0.0017915694523920056,0.18190233742189313,12,3,9,-0.5,0,0,8,12,"{1: 127, 2: 60, 3: 54, 4: 35, 5: 22}","{1: 143, 2: 59, 3: 41, 4: 32, 5: 23}"
1.0,0.025,0.04,12,True,False,0.6594689889268409,-0.0017915694523920056,0.18190233742189313,12,3,9,-0.5,0,0,8,12,"{1: 127, 2: 60, 3: 54, 4: 35, 5: 22}","{1: 143, 2: 59, 3: 41, 4: 32, 5: 23}"
1.0,0.025,0.06,12,False,False,0.6594689889268409,-0.0017915694523920056,0.18190233742189313,12,3,9,-0.5,0,0,8,12,"{1: 127, 2: 60, 3: 54, 4: 35, 5: 22}","{1: 143, 2: 59, 3: 41, 4: 32, 5: 23}"
1.0,0.025,0.06,12,True,False,0.6594689889268409,-0.0017915694523920056,0.18190233742189313,12,3,9,-0.5,0,0,8,12,"{1: 127, 2: 60, 3: 54, 4: 35, 5: 22}","{1: 143, 2: 59, 3: 41, 4: 32, 5: 23}"
0.5,0.06,0.08,15,False,False,0.6594217892224215,-0.0018387691568114706,0.1651238139319602,15,4,11,-0.4666666666666667,0,0,9,8,"{1: 126, 2: 61, 3: 56, 4: 33, 5: 22}","{1: 139, 2: 61, 3: 45, 4: 30, 5: 23}"
0.5,0.06,0.08,15,True,False,0.6594217892224215,-0.0018387691568114706,0.1651238139319602,15,4,11,-0.4666666666666667,0,0,9,8,"{1: 126, 2: 61, 3: 56, 4: 33, 5: 22}","{1: 139, 2: 61, 3: 45, 4: 30, 5: 23}"
0.5,0.06,0.06,15,False,False,0.6594217892224215,-0.0018387691568114706,0.18861374681786625,15,4,11,-0.4666666666666667,0,0,15,15,"{1: 129, 2: 59, 3: 56, 4: 33, 5: 21}","{1: 143, 2: 60, 3: 42, 4: 30, 5: 23}"
0.5,0.06,0.06,15,True,False,0.6594217892224215,-0.0018387691568114706,0.18861374681786625,15,4,11,-0.4666666666666667,0,0,15,15,"{1: 129, 2: 59, 3: 56, 4: 33, 5: 21}","{1: 143, 2: 60, 3: 42, 4: 30, 5: 23}"
0.5,0.06,0.04,15,False,False,0.6594217892224215,-0.0018387691568114706,0.18861374681786627,15,4,11,-0.4666666666666667,0,0,15,15,"{1: 128, 2: 62, 3: 54, 4: 32, 5: 22}","{1: 144, 2: 58, 3: 43, 4: 30, 5: 23}"
0.5,0.06,0.04,15,True,False,0.6594217892224215,-0.0018387691568114706,0.18861374681786627,15,4,11,-0.4666666666666667,0,0,15,15,"{1: 128, 2: 62, 3: 54, 4: 32, 5: 22}","{1: 144, 2: 58, 3: 43, 4: 30, 5: 23}"
1.0,0.08,0.1,15,False,True,0.659345999649573,-0.0019145587296599542,0.17183522332793333,15,5,10,-0.3333333333333333,0,5,14,10,"{1: 128, 2: 61, 3: 54, 4: 34, 5: 21}","{1: 139, 2: 61, 3: 45, 4: 32, 5: 21}"
1.0,0.08,0.1,15,True,True,0.659345999649573,-0.0019145587296599542,0.17183522332793333,15,5,10,-0.3333333333333333,0,5,14,10,"{1: 128, 2: 61, 3: 54, 4: 34, 5: 21}","{1: 139, 2: 61, 3: 45, 4: 32, 5: 21}"
1.0,0.08,0.08,15,False,True,0.659345999649573,-0.0019145587296599542,0.18861374681786625,15,5,10,-0.3333333333333333,0,5,15,15,"{1: 128, 2: 61, 3: 55, 4: 33, 5: 21}","{1: 144, 2: 56, 3: 45, 4: 32, 5: 21}"
1.0,0.08,0.08,15,True,True,0.659345999649573,-0.0019145587296599542,0.18861374681786625,15,5,10,-0.3333333333333333,0,5,15,15,"{1: 128, 2: 61, 3: 55, 4: 33, 5: 21}","{1: 144, 2: 56, 3: 45, 4: 32, 5: 21}"
1.0,0.08,0.04,15,False,True,0.659345999649573,-0.0019145587296599542,0.18861374681786627,15,5,10,-0.3333333333333333,0,5,15,15,"{1: 128, 2: 62, 3: 53, 4: 34, 5: 21}","{1: 144, 2: 57, 3: 44, 4: 31, 5: 22}"
1.0,0.08,0.04,15,True,True,0.659345999649573,-0.0019145587296599542,0.18861374681786627,15,5,10,-0.3333333333333333,0,5,15,15,"{1: 128, 2: 62, 3: 53, 4: 34, 5: 21}","{1: 144, 2: 57, 3: 44, 4: 31, 5: 22}"
1.0,0.08,0.06,15,False,True,0.659345999649573,-0.0019145587296599542,0.18861374681786627,15,5,10,-0.3333333333333333,0,5,15,15,"{1: 128, 2: 62, 3: 53, 4: 34, 5: 21}","{1: 144, 2: 57, 3: 44, 4: 31, 5: 22}"
1.0,0.08,0.06,15,True,True,0.659345999649573,-0.0019145587296599542,0.18861374681786627,15,5,10,-0.3333333333333333,0,5,15,15,"{1: 128, 2: 62, 3: 53, 4: 34, 5: 21}","{1: 144, 2: 57, 3: 44, 4: 31, 5: 22}"
0.5,0.04,0.1,15,False,False,0.6592793626804965,-0.0019811956987364487,0.14890771408427203,15,5,10,-0.3333333333333333,0,0,0,4,"{1: 123, 2: 60, 3: 58, 4: 35, 5: 22}","{1: 137, 2: 63, 3: 43, 4: 32, 5: 23}"
0.5,0.04,0.1,15,True,False,0.6592793626804965,-0.0019811956987364487,0.14890771408427203,15,5,10,-0.3333333333333333,0,0,0,4,"{1: 123, 2: 60, 3: 58, 4: 35, 5: 22}","{1: 137, 2: 63, 3: 43, 4: 32, 5: 23}"
0.5,0.015,0.08,15,False,False,0.6592747258223275,-0.0019858325569054314,0.14555200938628549,15,4,11,-0.4666666666666667,0,0,2,0,"{1: 125, 2: 58, 3: 58, 4: 35, 5: 22}","{1: 134, 2: 65, 3: 44, 4: 32, 5: 23}"
0.5,0.015,0.08,15,True,False,0.6592747258223275,-0.0019858325569054314,0.14555200938628549,15,4,11,-0.4666666666666667,0,0,2,0,"{1: 125, 2: 58, 3: 58, 4: 35, 5: 22}","{1: 134, 2: 65, 3: 44, 4: 32, 5: 23}"
1.0,0.015,0.08,15,False,False,0.6592747258223275,-0.0019858325569054314,0.16176810923397367,15,4,11,-0.4666666666666667,0,0,3,4,"{1: 126, 2: 57, 3: 58, 4: 35, 5: 22}","{1: 138, 2: 61, 3: 44, 4: 32, 5: 23}"
1.0,0.015,0.08,15,True,False,0.6592747258223275,-0.0019858325569054314,0.16176810923397367,15,4,11,-0.4666666666666667,0,0,3,4,"{1: 126, 2: 57, 3: 58, 4: 35, 5: 22}","{1: 138, 2: 61, 3: 44, 4: 32, 5: 23}"
0.5,0.015,0.06,15,False,False,0.6592747258223275,-0.0019858325569054314,0.1684795186299468,15,4,11,-0.4666666666666667,0,0,5,8,"{1: 127, 2: 57, 3: 57, 4: 35, 5: 22}","{1: 139, 2: 63, 3: 41, 4: 32, 5: 23}"
0.5,0.015,0.06,15,True,False,0.6592747258223275,-0.0019858325569054314,0.1684795186299468,15,4,11,-0.4666666666666667,0,0,5,8,"{1: 127, 2: 57, 3: 57, 4: 35, 5: 22}","{1: 139, 2: 63, 3: 41, 4: 32, 5: 23}"
1.0,0.015,0.06,15,False,False,0.6592747258223275,-0.0019858325569054314,0.17519092802591998,15,4,11,-0.4666666666666667,0,0,7,10,"{1: 127, 2: 59, 3: 55, 4: 35, 5: 22}","{1: 141, 2: 61, 3: 41, 4: 32, 5: 23}"
1.0,0.015,0.06,15,True,False,0.6592747258223275,-0.0019858325569054314,0.17519092802591998,15,4,11,-0.4666666666666667,0,0,7,10,"{1: 127, 2: 59, 3: 55, 4: 35, 5: 22}","{1: 141, 2: 61, 3: 41, 4: 32, 5: 23}"
0.5,0.015,0.04,15,False,False,0.6592747258223275,-0.0019858325569054314,0.17854663272390653,15,4,11,-0.4666666666666667,0,0,7,11,"{1: 127, 2: 59, 3: 55, 4: 35, 5: 22}","{1: 142, 2: 60, 3: 41, 4: 32, 5: 23}"
0.5,0.015,0.04,15,True,False,0.6592747258223275,-0.0019858325569054314,0.17854663272390653,15,4,11,-0.4666666666666667,0,0,7,11,"{1: 127, 2: 59, 3: 55, 4: 35, 5: 22}","{1: 142, 2: 60, 3: 41, 4: 32, 5: 23}"
1.0,0.015,0.04,15,False,False,0.6592747258223275,-0.0019858325569054314,0.17854663272390653,15,4,11,-0.4666666666666667,0,0,7,11,"{1: 127, 2: 59, 3: 55, 4: 35, 5: 22}","{1: 142, 2: 60, 3: 41, 4: 32, 5: 23}"
1.0,0.015,0.04,15,True,False,0.6592747258223275,-0.0019858325569054314,0.17854663272390653,15,4,11,-0.4666666666666667,0,0,7,11,"{1: 127, 2: 59, 3: 55, 4: 35, 5: 22}","{1: 142, 2: 60, 3: 41, 4: 32, 5: 23}"
