id,text
2491,"Title: Stopping Criteria for Value Iteration on Stochastic Games with Quantitative Objectives.
Venue: lics
Authors: Jan Křetínský, Tobias Meggendorfer, Maximilian Weininger
Abstract: A classic solution technique for Markov decision processes (MDP) and stochastic games (SG) is value iteration (VI). Due to its good practical performance, this approximative approach is typically preferred over exact techniques, even though no practical bounds on the imprecision of the result could be given until recently. As a consequence, even the most used model checkers could return arbitrarily wrong results. Over the past decade, different works derived stopping criteria, indicating when the precision reaches the desired level, for various settings, in particular MDP with reachability, total reward, and mean payoff, and SG with reachability.In this paper, we provide the first stopping criteria for VI on SG with total reward and mean payoff, yielding the first anytime algorithms in these settings. To this end, we provide the solution in two flavours: First through a reduction to the MDP case and second directly on SG. The former is simpler and automatically utilizes any advances on MDP. The latter allows for more local computations, heading towards better practical efficiency.Our solution unifies the previously mentioned approaches for MDP and SG and their underlying ideas. To achieve this, we isolate objective-specific subroutines as well as identify objective-independent concepts. These structural concepts, while surprisingly simple, form the very essence of the unified solution.
Semantic Scholar venue: Logic in Computer Science
Publication types: JournalArticle
Fields of study: Computer Science|Engineering"
2707,"Title: A Complete Proof System for 1-Free Regular Expressions Modulo Bisimilarity.
Venue: lics
Authors: Clemens Grabmayer, Wan Fokkink
Abstract: Robin Milner (1984) gave a sound proof system for bisimilarity of regular expressions interpreted as processes: Basic Process Algebra with unary Kleene star iteration, deadlock 0, successful termination 1, and a fixed-point rule. He asked whether this system is complete. Despite intensive research over the last 35 years, the problem is still open. This paper gives a partial positive answer to Milner's problem. We prove that the adaptation of Milner's system over the subclass of regular expressions that arises by dropping the constant 1, and by changing to binary Kleene star iteration is complete. The crucial tool we use is a graph structure property that guarantees expressibility of a process graph by a regular expression, and that is preserved when going over from a process graph to its bisimulation collapse.
Semantic Scholar venue: Logic in Computer Science
Publication types: JournalArticle|Book|Conference
Fields of study: Computer Science|Mathematics"
1248,"Title: Closed Predicates in Description Logics: Results on Combined Complexity.
Venue: kr
Authors: Shqiponja Ahmetaj, Magdalena Ortiz, Mantas Šimkus
Abstract: The results show that consistency testing and instance query answering in the presence of closed predicates is NP-complete even for rich dialects of the DL-Lite family, and imply 2EXPTIME-hardness of query Answer in ALCO for the standard open-world setting.
Semantic Scholar venue: Alberto Mendelzon Workshop on Foundations of Data Management
Publication types: JournalArticle
Fields of study: Computer Science"
1433,"Title: Data-Driven Verification of Procedural Programs with Integer Arrays.
Venue: cav
Authors: Ahmed Bouajjani, Wael-Amine Boutglay, Peter Habermehl
Abstract: We address the problem of verifying automatically procedural programs manipulating parametric-size arrays of integers, encoded as a constrained Horn clauses solving problem. We propose a new algorithmic method for synthesizing loop invariants and procedure pre/post-conditions represented as universally quantified first-order formulas constraining the array elements and program variables. We adopt a data-driven approach that extends the decision tree Horn-ICE framework to handle arrays. We provide a powerful learning technique based on reducing a complex classification problem of vectors of integer arrays to a simpler classification problem of vectors of integers. The obtained classifier is generalized to get universally quantified invariants and procedure pre/post-conditions. We have implemented our method and shown its efficiency and competitiveness w.r.t. state-of-the-art tools on a significant benchmark.
Semantic Scholar venue: International Conference on Computer Aided Verification
Publication types: JournalArticle|Conference
Fields of study: Computer Science"
2339,"Title: Reachability and Related Problems in Vector Addition Systems with Nested Zero Tests.
Venue: lics
Authors: Roland Guttenberg, Wojciech Czerwiński, Sławomir Lasota
Abstract: Vector addition systems with states (VASS), also known as Petri nets, are a popular model of concurrent systems. Many problems from many areas reduce to the reachability problem for VASS, which consists of deciding whether a target configuration of a VASS is reachable from a given initial configuration. In this paper, we obtain an Ackermannian (primitive-recursive in fixed dimension) upper bound for the reachability problem in VASS with nested zero tests. Furthermore, we provide a uniform approach which also allows to decide most related problems, for example semilinearity and separability, in the same complexity. For some of these problems like semilinearity the complexity was unknown even for plain VASS.
Semantic Scholar venue: Logic in Computer Science
Publication types: JournalArticle
Fields of study: Computer Science"
773,"Title: On the Expressive Power of Intermediate and Conditional Effects in Temporal Planning.
Venue: kr
Authors: Nicola Gigante, Andrea Micheli, Enrico Scala
Abstract: Automated planning is the task of finding a sequence of actions that reach a desired goal, given a description of their applicability and their effects on the world. In temporal planning, actions have a duration and can overlap in time. In modern temporal planning formalisms, two features have been introduced which are very useful from a modeling perspective, but are not yet thoroughly understood: intermediate conditions and effects (ICE) and conditional effects. The expressive power of such constructs is yet not well comprehended, especially when time is dense, and no minimum separation is required between mutex events. This paper reveals that both ICE and conditional effects do not add expressive power with regards to common temporal planning formalisms. In particular, we show how they can be compiled away using a polynomial-size encoding that makes no assumptions on the time domain. This encoding advances our understanding of these features, and allow their use with simple temporal planners that lack their support. Moreover, it provides a constructive proof that temporal planning with ICE and conditional effects remains PSPACE-complete.
Semantic Scholar venue: International Conference on Principles of Knowledge Representation and Reasoning
Publication types: JournalArticle|Conference
Fields of study: Computer Science"
1330,"Title: State Transition in Multi-agent Epistemic Domains Using Answer Set Programming.
Venue: lpnmr
Authors: Yusuf Izmirlioglu, Loc Pham, Tran Cao Son, Enrico Pontelli
Semantic Scholar venue: International Conference on Logic Programming and Non-Monotonic Reasoning
Publication types: JournalArticle
Fields of study: Computer Science"
1561,"Title: The Top-Down Solver Verified: Building Confidence in Static Analyzers.
Venue: cav
Authors: Yannick Stade, Sarah Tilscher, Helmut Seidl
Abstract: Abstract The top-down solver (TD) is a local fixpoint algorithm for arbitrary equation systems. It considers the right-hand sides as black boxes and detects dependencies between unknowns on the fly—features that significantly increase both its usability and practical efficiency. At the same time, the recursive evaluation strategy of the TD, combined with the non-local destabilization mechanism, obfuscates the correctness of the computed solution. To strengthen the confidence in tools relying on the TD as their fixpoint engine, we provide a first machine-checked proof of the partial correctness of the TD. Our proof builds on the observation that the TD can be obtained from a considerably simpler recursive fixpoint algorithm, the plain TD, by applying an optimization that neither affects the termination behavior nor the computed result. Accordingly, we break down the proof into a partial correctness proof of the plain TD, which is only then extended to include the optimization. The backbone of our proof is a mutual induction following the solver’s computation trace. We establish sufficient invariants about the solver state to conclude the correctness of its optimization, i.e., the plain TD terminates if and only if the TD terminates, and they return the identical result. The proof is written using Isabelle/HOL and is available in the archive of formal proofs.
Semantic Scholar venue: International Conference on Computer Aided Verification
Publication types: JournalArticle|Conference
Fields of study: Computer Science"
1904,"Title: Validation of Abstract Side-Channel Models for Computer Architectures.
Venue: cav
Authors: Hamed Nemati, Pablo Buiras, Andreas Lindner, Roberto Guanciale, Swen Jacobs
Abstract: Observational models make tractable the analysis of information flow properties by providing an abstraction of side channels. We introduce a methodology and a tool, Scam-V, to validate observational models for modern computer architectures. We combine symbolic execution, relational analysis, and different program generation techniques to generate experiments and validate the models. An experiment consists of a randomly generated program together with two inputs that are observationally equivalent according to the model under the test. Validation is done by checking indistinguishability of the two inputs on real hardware by executing the program and analyzing the side channel. We have evaluated our framework by validating models that abstract the data-cache side channel of a Raspberry Pi 3 board with a processor implementing the ARMv8-A architecture. Our results show that Scam-V can identify bugs in the implementation of the models and generate test programs which invalidate the models due to hidden microarchitectural behavior.
Semantic Scholar venue: International Conference on Computer Aided Verification
Publication types: JournalArticle|Conference
Fields of study: Computer Science"
912,"Title: Ordinal Polymatrix Games with Incomplete Information.
Venue: kr
Authors: Nahla Ben Amor, Hélène Fargier, Régis Sabbadin, Meriem Trabelsi
Abstract: Possibilistic games with incomplete information (Π-games) constitute a suitable framework for the representation of ordinal games under incomplete knowledge. However, representing a Π-game in standard normal form requires an extensive expression of the utility functions and the possibility distribution, namely, on the product spaces of actions and types. In the present work, we propose a less costly view of Π-games, namely min-based polymatrix Π-games, which allows to concisely specify Π-games with local interactions. This framework allows, for instance, the compact representation of coordination games under uncertainty where the satisfaction of an agent is high if and only if her strategy is coherent with all of her neighbors, the game being possibly only incompletely known to the agents. Then, an important result of this paper is to show that a min-based polymatrix Π-game can be transformed, in polynomial time, into a (complete information) min-based polymatrix game with identical pure Nash equilibria. Finally, we show that the latter family of games can be solved through a MILP formulation. Experiments on variants of the GAMUT problems confirm the feasibility of this approach.
Semantic Scholar venue: International Conference on Principles of Knowledge Representation and Reasoning
Publication types: JournalArticle|Conference
Fields of study: Computer Science"
2420,"Title: Relevant S is Undecidable.
Venue: lics
Authors: Søren Brinck Knudstorp
Abstract: Since the introduction of the semilattice relevant logic S by [Urquhart 1972, 1973], its decision problem has persisted as an open problem. [Urquhart 1984] showed that many relevant logics are undecidable, yet S eluded these techniques. Eventually, this led experts, including [Urquhart 2016], to conjecture that S is decidable. Contrary to this conjecture, by interpreting a tiling problem, we show that S is undecidable.
Semantic Scholar venue: Logic in Computer Science
Publication types: Book|JournalArticle|Conference
Fields of study: Computer Science"
888,"Title: Living Without Beth and Craig: Explicit Definitions and Interpolants without Beth Definability and Craig Interpolation (Abstract of Invited Talk).
Venue: kr
Authors: Jean Christoph Jung, Frank Wolter
Semantic Scholar venue: SOQE@KR
Publication types: JournalArticle
Fields of study: Computer Science"
1780,"Title: Fast Computation of Strong Control Dependencies.
Venue: cav
Authors: Marek Chalupa, David Klas̆ka, Jan Strejček, Lukás̆ Tomovic̆
Abstract: We introduce new algorithms for computing non-termination sensitive control dependence (NTSCD) and decisive order dependence (DOD). These relations on vertices of a control flow graph have many applications including program slicing and compiler optimizations. Our algorithms are asymptotically faster than the current algorithms. We also show that the original algorithms for computing NTSCD and DOD may produce incorrect results. We implemented the new as well as fixed versions of the original algorithms for the computation of NTSCD and DOD. Experimental evaluation shows that our algorithms dramatically outperform the original ones.
Semantic Scholar venue: International Conference on Computer Aided Verification
Publication types: JournalArticle|Conference
Fields of study: Computer Science"
1395,"Title: The Design of the Seventh Answer Set Programming Competition.
Venue: lpnmr
Authors: MARTIN GEBSER, MARCO MARATEA, FRANCESCO RICCA
Abstract: A novel feature of this competition edition is the re-introduction of a Model&Solve track, complementing the usual System track with problem domains where participants need to provide dedicated encodings and solving means.
Semantic Scholar venue: International Conference on Logic Programming and Non-Monotonic Reasoning
Publication types: JournalArticle
Fields of study: Computer Science"
2551,"Title: Temporal Team Semantics Revisited.
Venue: lics
Authors: Jens  Oliver Gutsfeld, Christoph Ohrem, Arne Meier, Jonni Virtema
Abstract: Temporal logics have been studied as an approach to the specification of hyperproperties, resulting in the conception of ""hyperlogics"". With a few recent exceptions, the hyperlogics thus far developed can only relate different traces of a transition system synchronously. However, important information is contained in the relation between different points in their asynchronous interaction. To specify such ""asynchronous hyperproperties"", new trace quantifier based hyperlogics have been developed. Yet, hyperlogics with trace quantification cannot express certain requirements that describe the relationships between all executions of a system. Also, these logics induce model checking problems (MC) with prohibitively high complexity costs in the number of quantifier alternations. We study an alternative approach to asynchronous hyperproperties by introducing a novel foundation of temporal team semantics. Team semantics is a logical framework that specifies properties of sets of traces of unbounded size directly, and thus does not have the same limitation as the quantifier based logics mentioned above. We consider temporal team logics which employ quantification over so-called ""time evaluation functions"" (TEFs) controlling the asynchronous progress of traces instead of quantification over traces. TEFs constitute a novel approach to defining expressive logics for hyperproperties where diverse asynchronous interactions between computations can be formalised and enforced. We show embeddings of synchronous TeamLTL into our new logics. We show that MC for some TeamCTL fragment is highly undecidable. We present a translation from TeamCTL* to Alternating Asynchronous Büchi Automata, and obtain decidability results for the path checking problem and restrictions of MC and SAT. Our translation constitutes the first approach to team semantics based on automata-theoretic methods."
1778,"Title: Pre-deployment Security Assessment for Cloud Services Through Semantic Reasoning.
Venue: cav
Authors: Claudia Cauli, Meng Li, Nir Piterman, Oksana Tkachuk
Abstract: Over the past ten years, the adoption of cloud services has grown rapidly, leading to the introduction of automated deployment tools to address the scale and complexity of the infrastructure companies and users deploy. Without the aid of automation, ensuring the security of an ever-increasing number of deployments becomes more and more challenging. To the best of our knowledge, no formal automated technique currently exists to verify cloud deployments during the design phase. In this case study, we show that Description Logic modeling and inference capabilities can be used to improve the safety of cloud configurations. We focus on the Amazon Web Services (AWS) proprietary declarative language, CloudFormation, and develop a tool to encode template files into logic. We query the resulting models with properties related to security posture and report on our findings. By extending the models with dataflow-specific knowledge, we use more comprehensive semantic reasoning to further support security reviews. When applying the developed toolchain to publicly available deployment files, we find numerous violations of widely-recognized security best practices, which suggests that streamlining the methodologies developed for this case study would be beneficial.
Semantic Scholar venue: Description Logics
Publication types: JournalArticle|Review
Fields of study: Computer Science"
2060,"Title: Driver Drowsiness Detection through a Vehicle&apos;s Active Probe Action.
Venue: cav
Authors: Sen Yang, Junqiang Xi, Wenshuo Wang
Abstract: Drowsy driving is one of the major causes of traffic collisions, injuries, and fatalities. Existing literature primarily detects driver drowsiness by passively monitoring lanes, steering angles, behavioral states, and physiological states. The paper presents an approach towards enabling vehicles to detect driver drowsiness through the vehicle's active probe action actively. To this end, we record and analyze drivers' responses to a slight active left-lane drifting action of the vehicle in a driving simulator. According to drivers' responses, six indicators of drowsiness are extracted and then used to detect driver drowsiness with three recognition methods, i.e., support vector machine, Gaussian kernel density estimation, and back- propagation neural networks, in comparison to traditional monitoring features regarding steering- wheel movement. Experimental results demonstrate that our proposed active probe approach outperforms the traditional monitor methods for driver drowsiness detection with an accuracy of 97.50%, precision of 95%, and specificity of 98.21%. The proposed active driver drowsiness detection could facilitate a new development of active safety systems.
Semantic Scholar venue: Connected and Automated Vehicles Symposium
Publication types: JournalArticle
Fields of study: Computer Science"
2834,"Title: Efficient Algorithms for Asymptotic Bounds on Termination Time in VASS.
Venue: lics
Authors: Tomáš Brázdil, Krishnendu Chatterjee, Antonín Kučera, Petr Novotný, Dominik Velan, Florian Zuleger
Abstract: Vector Addition Systems with States (VASS) provide a well-known and fundamental model for the analysis of concurrent processes, parameterized systems, and are also used as abstract models of programs in resource bound analysis. In this paper we study the problem of obtaining asymptotic bounds on the termination time of a given VASS. In particular, we focus on the practically important case of obtaining polynomial bounds on termination time. Our main contributions are as follows: First, we present a polynomial-time algorithm for deciding whether a given VASS has a linear asymptotic complexity. We also show that if the complexity of a VASS is not linear, it is at least quadratic. Second, we classify VASS according to quantitative properties of their cycles. We show that certain singularities in these properties are the key reason for non-polynomial asymptotic complexity of VASS. In absence of singularities, we show that the asymptotic complexity is always polynomial and of the form Θ(nk), for some integer k ≤ d, where d is the dimension of the VASS. We present a polynomial-time algorithm computing the optimal k. For general VASS, the same algorithm, which is based on a complete technique for the construction of ranking functions in VASS, produces a valid lower bound, i.e., a k such that the termination complexity is Ω(nk). Our results are based on new insights into the geometry of VASS dynamics, which hold the potential for further applicability to VASS analysis.
Semantic Scholar venue: Logic in Computer Science
Publication types: Book|JournalArticle|Conference
Fields of study: Computer Science|Mathematics"
2089,"Title: Formal Reasoning About the Security of Amazon Web Services.
Venue: cav
Authors: Byron Cook
Abstract: We report on the development and use of formal verification tools within Amazon Web Services (AWS) to increase the security assurance of its cloud infrastructure and to help customers secure themselves. We also discuss some remaining challenges that could inspire future research in the community.
Semantic Scholar venue: International Conference on Computer Aided Verification
Publication types: JournalArticle|Conference
Fields of study: Computer Science"
744,"Title: Proceedings of the 20th International Conference on Principles of Knowledge Representation and Reasoning, KR 2023, Rhodes, Greece, September 2-8, 2023.
Venue: kr
Authors: 
Abstract: Top-down compilers of CNF formulas to circuits in decision-DNNF (Decomposable Negation Normal Form) have proved to be useful for model counting. These compilers rely on a common set of techniques including DPLL-style exploration of the set of models, caching of residual formulas, and connected components detection. Differences between compilers lie in the variable selection heuristics and in the additional processing techniques they may use. We investigate, from a theoretical perspective, the ability of top-down compilation algorithms to find small decision-DNNF circuits for two different variable selection strategies. Both strategies are guided by a graph of the CNF formula and are inspired by what is done in practice. The first uses a dynamic graph-partitioning approach while the second works with a static tree decomposition. We show that the dynamic approach performs significantly better than the static approach for some formulas, and that the opposite also holds for other formulas. Our lower bounds are proved despite loose settings where the compilation algorithm is only forced to follow its designed variable selection strategy and where everything else, including the many opportunities for tie-breaking, can be handled non-deterministically.
Semantic Scholar venue: International Conference on Principles of Knowledge Representation and Reasoning
Publication types: Conference
Fields of study: Computer Science"
2205,"Title: Program Verification Under Weak Memory Consistency Using Separation Logic.
Venue: cav
Authors: Viktor Vafeiadis
Abstract: The semantics of concurrent programs is now defined by a weak memory model, determined either by the programming language (e.g., in the case of C/C++11 or Java) or by the hardware architecture, and it is natural to ask how these models affect formal reasoning about concurrent programs.
Semantic Scholar venue: International Conference on Computer Aided Verification
Publication types: JournalArticle|Conference
Fields of study: Computer Science"
2156,"Title: Learning a Static Analyzer from Data.
Venue: cav
Authors: 
Abstract: To be practically useful, modern static analyzers must precisely model the effect of both, statements in the programming language as well as frameworks used by the program under analysis. While important, manually addressing these challenges is difficult for at least two reasons: (i) the effects on the overall analysis can be non-trivial, and (ii) as the size and complexity of modern libraries increase, so is the number of cases the analysis must handle.
Semantic Scholar venue: International Conference on Computer Aided Verification
Publication types: JournalArticle|Conference
Fields of study: Computer Science"
1229,"Title: On Partial Information and Contradictions in Probabilistic Abstract Argumentation.
Venue: kr
Authors: , Justin Picard
Abstract: A general framework to measure the amount of conflict of inconsistent assessments and provide a method for inconsistent-tolerant reasoning is presented.
Semantic Scholar venue: International Conference on Principles of Knowledge Representation and Reasoning
Publication types: JournalArticle|Conference
Fields of study: Computer Science"
963,"Title: SAT-Based ATL Satisfiability Checking.
Venue: kr
Authors: Magdalena Kacprzak, Artur Niewiadomski, Wojciech Penczek
Abstract: Synthesis of models and strategies is a very important task in software engineering. The main problem here consists in checking the satisfiability of formulae expressing the specification of a system to be implemented. This paper puts forward a novel method for deciding the satisfiability of formulae of Alternating-time Temporal Logic (ATL) under perfect and imperfect information. The synthesised models of strategic games are often minimal. The method expands the one for CTL exploiting SAT Modulo Monotonic Theories (SMMT) solvers. Our tool MsATL combines SMMT solvers with two existing ATL model checkers: MCMAS and STV. This is the first ever tool for checking the satisfiability of imperfect information ATL. The experimental results show that, similarly to the CTL case, our approach appears to be very efficient and can quickly check the satisfiability of large ATL formulae that have been out of reach of the existing approaches.
Semantic Scholar venue: International Conference on Principles of Knowledge Representation and Reasoning
Publication types: JournalArticle|Conference
Fields of study: Computer Science"
2769,"Title: Completeness for Game Logic.
Venue: lics
Authors: Sebastian Enqvist, Helle Hvid Hansen, Clemens Kupke, Johannes Marti, Yde Venema
Abstract: Game logic was introduced by Rohit Parikh in the 1980s as a generalisation of propositional dynamic logic (PDL) for reasoning about outcomes that players can force in determined 2-player games. Semantically, the generalisation from programs to games is mirrored by moving from Kripke models to monotone neighbourhood models. Parikh proposed a natural PDL-style Hilbert system which was easily proved to be sound, but its completeness has thus far remained an open problem. In this paper, we introduce a cut-free sequent calculus for game logic, and two cut-free sequent calculi that manipulate annotated formulas, one for game logic and one for the monotone $\mu$ -calculus, the variant of the polymodal $\mu$ -calculus where the semantics is given by monotone neighbourhood models instead of Kripke structures. We show these systems are sound and complete, and that completeness of Parikh's axiomatization follows. Our approach builds on recent ideas and results by Afshari & Leigh (LICS 2017) in that we obtain completeness via a sequence of proof transformations between the systems. A crucial ingredient is a validity-preserving translation from game logic to the monotone $\mu$ -calculus.
Semantic Scholar venue: Logic in Computer Science
Publication types: JournalArticle
Fields of study: Computer Science|Mathematics"
885,"Title: DatalogMTL with Negation Under Stable Models Semantics.
Venue: kr
Authors: Przemysław A. Wałęga, David J. Tena Cucala, Egor V. Kostylev, Bernardo Cuenca Grau
Abstract: We introduce negation under stable models semantics in DatalogMTL—a temporal extension of Datalog with metric operators. As a result, we obtain a rule language which combines the power of answer set programming with the temporal dimension provided by metric operators. We show that, in this setting, reasoning becomes undecidable over the rationals and decidable in EXPSPACE in data complexity over the integers. We also show that, if we restrict our attention to forward-propagating programs (where rules propagate information in a single temporal direction), reasoning over integers becomes PSPACE-complete in data complexity and hence no harder than over positive programs; however, reasoning over the rationals in this fragment remains undecidable.
Semantic Scholar venue: International Conference on Principles of Knowledge Representation and Reasoning
Publication types: JournalArticle|Conference
Fields of study: Computer Science"
2712,"Title: Modal Intuitionistic Logics as Dialgebraic Logics.
Venue: lics
Authors: Jim de Groot, Dirk Pattinson
Abstract: Duality is one of the key techniques in the categorical treatment of modal logics. From the duality between (modal) algebras and (descriptive) frames one derives e.g. completeness (via a syntactic characterisation of algebras) or definability (using a suitable version of the Goldblatt-Thomason theorem). This is by now well understood for classical modal logics and modal logics based on distributive lattices, via extensions of Stone and Priestley duality, respectively. What is conspicuously absent is a comprehensive treatment of modal intuitionistic logic. This is the gap we are closing in this paper. Our main conceptual insight is that modal intuitionistic logics do not appear as algebra/coalgebra dualities, but instead arise naturally as dialgebras. Our technical contribution is the development of dualities for dialgebras, together with their logics, that instantiate to large class of modal intuitionistic logics and their frames as special cases. We derive completeness and expressiveness results in this general case. For modal intuitionistic logic, this systematises the existing treatment in the literature.
Semantic Scholar venue: Logic in Computer Science
Publication types: JournalArticle|Book|Conference
Fields of study: Computer Science"
2657,"Title: Parametricity and Semi-Cubical Types.
Venue: lics
Authors: Hugo Moeneclaey
Abstract: We construct a model of type theory enjoying parametricity from an arbitrary one. A type in the new model is a semi-cubical type in the old one, illustrating the correspondence between parametricity and cubes.Our construction works not only for parametricity, but also for similar interpretations of type theory and in fact similar interpretations of any generalized algebraic theory. To be precise we consider a functor forgetting unary operations and equations defining them recursively in a generalized algebraic theory. We show that it has a right adjoint.We use techniques from locally presentable category theory, as well as from quotient inductive-inductive types.
Semantic Scholar venue: Logic in Computer Science
Publication types: JournalArticle|Book
Fields of study: Mathematics|Computer Science"
1545,"Title: Dynamic Programming for Symbolic Boolean Realizability and Synthesis.
Venue: cav
Authors: Yi Lin, Lucas Martinelli Tabajara, Moshe Y. Vardi
Abstract: Inspired by recent progress in dynamic programming approaches for weighted model counting, we investigate a dynamic-programming approach in the context of boolean realizability and synthesis, which takes a conjunctive-normal-form boolean formula over input and output variables, and aims at synthesizing witness functions for the output variables in terms of the inputs. We show how graded project-join trees, obtained via tree decomposition, can be used to compute a BDD representing the realizability set for the input formulas in a bottom-up order. We then show how the intermediate BDDs generated during realizability checking phase can be applied to synthesizing the witness functions in a top-down manner. An experimental evaluation of a solver -- DPSynth -- based on these ideas demonstrates that our approach for Boolean realizabilty and synthesis has superior time and space performance over a heuristics-based approach using same symbolic representations. We discuss the advantage on scalability of the new approach, and also investigate our findings on the performance of the DP framework.
Semantic Scholar venue: International Conference on Computer Aided Verification
Publication types: JournalArticle|Conference
Fields of study: Computer Science"
1509,"Title: Computer Aided Verification - 37th International Conference, CAV 2025, Zagreb, Croatia, July 23-25, 2025, Proceedings, Part IV
Venue: cav
Authors: 
Abstract: We present ZipLex, a verified framework for invertible linear-time lexical analysis following the longest match semantics. Unlike past verified lexers that focus only on satisfying the semantics of regular expressions and the longest match property, ZipLex also guarantees that lexing and printing are mutual inverses. Thanks to verified memoization, it also ensures that the lexical analysis of a string is linear in the size of the string. Our design and implementation rely on two sets of ideas: (1) a new abstraction of token sequences that captures the separability of tokens in a sequence while supporting their efficient manipulation, and (2) a combination of verified data structures and optimizations, including Huet's zippers and memoization with a verified imperative hash table. We implemented and verified ZipLex using the Stainless deductive verifier for Scala. Our evaluation demonstrates that ZipLex supports realistic applications such as JSON processing and lexers of programming languages, and behaves linearly even in cases that make flex-style approaches quadratic. ZipLex is two orders of magnitude faster than Verbatim++, showing that verified invertibility and linear-time algorithms can be developed without prohibitive cost. Compared to Coqlex, ZipLex also offers linear (instead of quadratic) time lexing, and is the first lexer that comes with invertibility proofs for printing token sequences.
Semantic Scholar venue: Lecture Notes in Computer Science
Publication types: Book"
1791,"Title: Summing up Smart Transitions.
Venue: cav
Authors: 
Abstract: Some of the most significant high-level properties of currencies are the sums of certain account balances. Properties of such sums can ensure the integrity of currencies and transactions. For example, the sum of balances should not be changed by a transfer operation. Currencies manipulated by code present a verification challenge to mathematically prove their integrity by reasoning about computer programs that operate over them, e.g., in Solidity. The ability to reason about sums is essential: even the simplest ERC-20 token standard of the Ethereum community provides a way to access the total supply of balances.Unfortunately, reasoning about code written against this interface is non-trivial: the number of addresses is unbounded, and establishing global invariants like the preservation of the sum of the balances by operations like transfer requires higher-order reasoning. In particular, automated reasoners do not provide ways to specify summations of arbitrary length.In this paper, we present a generalization of first-order logic which can express the unbounded sum of balances. We prove the decidablity of one of our extensions and the undecidability of a slightly richer one. We introduce first-order encodings to automate reasoning over software transitions with summations. We demonstrate the applicability of our results by using SMT solvers and first-order provers for validating the correctness of common transitions in smart contracts.
Semantic Scholar venue: International Conference on Computer Aided Verification
Publication types: JournalArticle|Conference
Fields of study: Computer Science"
2322,"Title: Recognisability Equals Definability for Finitely Representable Matroids of Bounded Path-Width.
Venue: lics
Authors: Rutger Campbell, Bruno Guillon, Mamadou Moustapha Kanté, Eun Jung Kim, Sang-il Oum
Abstract: Let ${\mathbb{F}}$ be a finite field. We prove that there is an MSO-transduction which, given an ${\mathbb{F}}$-representable matroid of path-width k, produces a branch-decomposition of width at most f(k), for some function f. As a corollary, any recognizable property of ${\mathbb{F}}$-representable matroids with bounded path-width is definable in MSO logic, and therefore recognizability is equivalent to MSO-definability on classes of ${\mathbb{F}}$-representable matroids of bounded path-width. This generalizes the result of Bojańczyk, Grohe and Pilipczuk [Logical Methods in Computer Science 17(1), 2021] which asserts the equivalence of the two notions on graphs of bounded linear clique-width.
Semantic Scholar venue: Logic in Computer Science
Publication types: JournalArticle
Fields of study: Computer Science"
1838,"Title: Synthesizing Invariant Barrier Certificates via Difference-of-Convex Programming.
Venue: cav
Authors: Qiuye Wang, Mingshuai Chen, Bai Xue, Naijun Zhan, Joost-Pieter Katoen
Abstract: A barrier certificate often serves as an inductive invariant that isolates an unsafe region from the reachable set of states, and hence is widely used in proving safety of hybrid systems possibly over the infinite time horizon. We present a novel condition on barrier certificates, termed the invariant barrier-certificate condition, that witnesses unbounded-time safety of differential dynamical systems. The proposed condition is by far the least conservative one on barrier certificates, and can be shown as the weakest possible one to attain inductive invariance. We show that discharging the invariant barrier-certificate condition—thereby synthesizing invariant barrier certificates—can be encoded as solving an optimization problem subject to bilinear matrix inequalities (BMIs). We further propose a synthesis algorithm based on difference-of-convex programming, which approaches a local optimum of the BMI problem via solving a series of convex optimization problems. This algorithm is incorporated in a branch-and-bound framework that searches for the global optimum in a divide-and-conquer fashion. We present a weak completeness result of our method, in the sense that a barrier certificate is guaranteed to be found (under some mild assumptions) whenever there exists an inductive invariant (in the form of a given template) that suffices to certify safety of the system. Experimental results on benchmark examples demonstrate the effectiveness and efficiency of our approach.
Semantic Scholar venue: International Conference on Computer Aided Verification
Publication types: JournalArticle|Conference
Fields of study: Computer Science"
749,"Title: Discovering User-Interpretable Capabilities of Black-Box Planning Agents.
Venue: kr
Authors: Pulkit Verma, Shashank Rao Marpally, Siddharth Srivastava
Abstract: Several approaches have been developed for answering users' specific questions about AI behavior and for assessing their core functionality in terms of primitive executable actions. However, the problem of summarizing an AI agent's broad capabilities for a user is comparatively new. This paper presents an algorithm for discovering from scratch the suite of high-level ""capabilities"" that an AI system with arbitrary internal planning algorithms/policies can perform. It computes conditions describing the applicability and effects of these capabilities in user-interpretable terms. Starting from a set of user-interpretable state properties, an AI agent, and a simulator that the agent can interact with, our algorithm returns a set of high-level capabilities with their parameterized descriptions. Empirical evaluation on several game-based scenarios shows that this approach efficiently learns descriptions of various types of AI agents in deterministic, fully observable settings. User studies show that such descriptions are easier to understand and reason with than the agent's primitive actions.
Semantic Scholar venue: International Conference on Principles of Knowledge Representation and Reasoning
Publication types: JournalArticle|Conference
Fields of study: Computer Science"
947,"Title: A Data Complexity and Rewritability Tetrachotomy of Ontology-Mediated Queries with a Covering Axiom.
Venue: kr
Authors: Olga Gerasimova, Stanislav Kikot, Agi Kurucz, Vladimir Podolskii, Michael Zakharyaschev
Abstract: Aiming to understand the data complexity of answering conjunctive queries mediated by an axiom stating that a class is covered by the union of two other classes, we show that deciding their first-order rewritability is PSPACE-hard and obtain a number of sufficient conditions for membership in AC0, L, NL, and P. Our main result is a complete syntactic AC0/NL/P/CONP tetrachotomy of path queries under the assumption that the covering classes are disjoint.
Semantic Scholar venue: International Conference on Principles of Knowledge Representation and Reasoning
Publication types: JournalArticle|Conference
Fields of study: Computer Science"
981,"Title: µ-toksia: An Efficient Abstract Argumentation Reasoner.
Venue: kr
Authors: Andreas Niskanen, Matti Järvisalo
Abstract: We describe the µ-toksia argumentation reasoning system. The system supports a range of different reasoning tasks over both standard and dynamic abstract argumentation frameworks under essentially all central argumentation semantics, covering all tracks and reasoning tasks considered in the most recent International Competition on Computational Models of Argumentation (ICCMA 2019). µ-toksia ranked first in all reasoning tasks in the main track of ICCMA 2019, and has been shown to scale noticeably better on the dynamic track tasks than its current competitors. In this paper, we provide an overview of µ-toksia and its algorithmic and implementation-level details, and provide further empirical evidence beyond ICCMA 2019 on the efficiency of µ-toksia compared to related systems.
Semantic Scholar venue: International Conference on Principles of Knowledge Representation and Reasoning
Publication types: JournalArticle|Conference|Review
Fields of study: Computer Science"
2471,"Title: Commutativity in Automated Verification.
Venue: lics
Authors: Azadeh Farzan
Abstract: Trace theory (formulated by Mazurkiewicz in 1987) is a framework for formalizing equivalence relations for concurrent program runs based on a commutativity relation over the set of atomic steps taken by individual program threads. It has been implicitly or explicitly used in a broad set of program analysis techniques, such as predictive testing for atomicity or data race violations, static and dynamic partial order reduction in model checking (particularly stateless model checking), and reasoning about distributed programs. In this paper, we introduce a different line of work that uses traces for the purpose of proof simplification for a broad set of automated verification goals. The long term thesis of this line of work has been that by taking advantage of commutativity, one can discover a substantially simpler verification task to replace the original one, and succeed at it despite the inevitability of the failure of the original one. The idea is to verify a different program in place of the original one and use commutativity as a way of soundly carrying the verification results over to the original one. We discuss hypersafety verification of sequential and concurrent programs, and safety and liveness verification of concurrent and distributed programs. We show how commutativity can be incorporated into a new verification algorithm which enumerates infinitely many possibilities for alternative programs to be verified instead of the original one. We conclude with an overview of some open research questions in this area.
Semantic Scholar venue: Logic in Computer Science
Publication types: JournalArticle|Review
Fields of study: Computer Science"
2180,"Title: Model-Checking Linear-Time Properties of Parametrized Asynchronous Shared-Memory Pushdown Systems.
Venue: cav
Authors: Marie Fortin, Anca Muscholl, Igor Walukiewicz
Abstract: It is shown that verification of general regular properties of traces of executions, satisfying some stuttering condition, is Nexptime-complete for this model of pushdown processes communicating via shared memory.
Semantic Scholar venue: International Conference on Computer Aided Verification
Publication types: JournalArticle|Conference
Fields of study: Computer Science"
1895,"Title: Global Guidance for Local Generalization in Model Checking.
Venue: cav
Authors: Hari Govind Vediramana Krishnan, YuTing Chen, Sharon Shoham, Arie Gurfinkel
Abstract: SMT-based model checkers, especially IC3-style ones, are currently the most effective techniques for verification of infinite state systems. They infer global inductive invariants via local reasoning about a single step of the transition relation of a system, while employing SMT-based procedures, such as interpolation, to mitigate the limitations of local reasoning and allow for better generalization. Unfortunately, these mitigations intertwine model checking with heuristics of the underlying SMT-solver, negatively affecting stability of model checking. In this paper, we propose to tackle the limitations of locality in a systematic manner. We introduce explicit global guidance into the local reasoning performed by IC3-style algorithms. To this end, we extend the SMT-IC3 paradigm with three novel rules, designed to mitigate fundamental sources of failure that stem from locality. We instantiate these rules for the theory of Linear Integer Arithmetic and implement them on top of Spacer solver in Z3. Our empirical results show that GSpacer, Spacer extended with global guidance, is significantly more effective than both Spacer and sole global reasoning, and, furthermore, is insensitive to interpolation.
Semantic Scholar venue: International Conference on Computer Aided Verification
Publication types: JournalArticle|Conference
Fields of study: Computer Science"
2113,"Title: Delta-Decision Procedures for Exists-Forall Problems over the Reals.
Venue: cav
Authors: Soonho Kong, Armando Solar-Lezama, Sicun Gao
Abstract: We propose \(\delta \)-complete decision procedures for solving satisfiability of nonlinear SMT problems over real numbers that contain universal quantification and a wide range of nonlinear functions. The methods combine interval constraint propagation, counterexample-guided synthesis, and numerical optimization. In particular, we show how to handle the interleaving of numerical and symbolic computation to ensure delta-completeness in quantified reasoning. We demonstrate that the proposed algorithms can handle various challenging global optimization and control synthesis problems that are beyond the reach of existing solvers.
Semantic Scholar venue: International Conference on Computer Aided Verification
Publication types: JournalArticle|Conference
Fields of study: Computer Science"
1255,"Title: Cognitive Affordance Representations in Uncertain Logic.
Venue: kr
Authors: John Dinsmore
Abstract: This work develops a formal rules-based logical representational format coupled with an uncertainty-processing framework to reason about cognitive affordances in a more general manner than shown in the existing literature.
Semantic Scholar venue: International Conference on Principles of Knowledge Representation and Reasoning
Publication types: JournalArticle|Conference
Fields of study: Computer Science"
1893,"Title: TarTar: A Timed Automata Repair Tool.
Venue: cav
Authors: Martin Kölbl, Stefan Leue, Thomas Wies
Abstract: We present TarTar, an automatic repair analysis tool that, given a timed diagnostic trace (TDT) obtained during the model checking of a timed automaton model, suggests possible syntactic repairs of the analyzed model. The suggested repairs include modified values for clock bounds in location invariants and transition guards, adding or removing clock resets, etc. The proposed repairs guarantee that the given TDT is no longer feasible in the repaired model, while preserving the overall functional behavior of the system. We give insights into the design and architecture of TarTar, and show that it can successfully repair 69% of the seeded errors in system models taken from a diverse suite of case studies.
Semantic Scholar venue: International Conference on Computer Aided Verification
Publication types: JournalArticle|Conference
Fields of study: Computer Science"
2277,"Title: End-to-End Verification of Processors with ISA-Formal.
Venue: cav
Authors: Alastair Reid, Rick Chen, Anastasios Deligiannis, David Gilday, David Hoyes, Will Keen, Ashan Pathirane, Owen Shepherd, Peter Vrabel, Ali Zaidi
Abstract: Despite 20+ years of research on processor verification, it remains hard to use formal verification techniques in commercial processor development because of scaling issues and return on investment.
Semantic Scholar venue: International Conference on Computer Aided Verification
Publication types: JournalArticle|Conference
Fields of study: Computer Science"
1955,"Title: Sequence Prediction-based Proactive Caching in Vehicular Content Networks.
Venue: cav
Authors: Qiao Wang, David Grace
Abstract: Proactive caching is a promising approach to achieve efficient content delivery, reduce content retrieval latency, and improve user experience in vehicular content networks. This paper proposes a mobility prediction based proactive caching scheme utilizing a sequence prediction algorithm, namely Sequence Prediction-based Proactive Caching, to predict the next possible RSU along a vehicle’s path and pre-locate relevant content. Four systems’ performance is evaluated in two areas of Las Vegas and Manchester. The obtained results in Las Vegas have shown that the proposed system outperforms the other three systems i.e., Baseline Proactive Caching system, non-proactive caching system and no-caching system. It is shown to be up to over three times and twice better than the non-proactive caching system and Baseline Proactive Caching system respectively in terms of cache performance and on average, network delay of SPPC is reduced by 18% and 24% compared with non-proactive caching system and no-caching system respectively. Performance benchmark in Manchester generalized the application of SPPC system and asserted its superiority. The paper also gives insight into solving prediction issues with data mining techniques.
Semantic Scholar venue: Connected and Automated Vehicles Symposium
Publication types: JournalArticle
Fields of study: Computer Science"
2346,"Title: Initial Algebra Correspondence under Reachability Conditions.
Venue: lics
Authors: Mayuko Kori, Kazuki Watanabe, Jurriaan Rot
Abstract: Suitable reachability conditions can make two different fixed point semantics of a transition system coincide. For instance, the total and partial expected reward semantics on Markov chains (MCs) coincide whenever the MC at hand is almost surely reachable. In this paper, we present a unifying framework for such reachability conditions that ensures the correspondence of two different semantics. Our categorical framework naturally induces an abstract reachability condition via a suitable adjunction, which allows us to prove coincidences of fixed points, and more generally of initial algebras. We demonstrate the generality of our approach by instantiating several examples, including the almost sure reachability condition for MCs, and the unambiguity condition of automata. We further study a canonical construction of our instance for Markov decision processes by pointwise Kan extensions.
Semantic Scholar venue: Logic in Computer Science
Publication types: JournalArticle
Fields of study: Computer Science"
2871,"Title: Diagrammatic Reasoning beyond Clifford+T Quantum Mechanics.
Venue: lics
Authors: Emmanuel Jeandel, Simon Perdrix, Renaud Vilmart
Abstract: The ZX-Calculus is a graphical language for diagrammatic reasoning in quantum mechanics and quantum information theory. An axiomatisation has recently been proven to be complete for an approximatively universal fragment of quantum mechanics, the so-called Clifford+T fragment. We focus here on the expressive power of this axiomatisation beyond Clifford+T Quantum mechanics. We consider the full pure qubit quantum mechanics, and mainly prove two results: (i) First, the axiomatisation for Clifford+T quantum mechanics is also complete for all equations involving some kind of linear diagrams. The linearity of the diagrams reflects the phase group structure, an essential feature of the ZX-calculus. In particular all the axioms of the ZX-calculus are involving linear diagrams. (ii) We also show that the axiomatisation for Clifford+T is not complete in general but can be completed by adding a single (non linear) axiom, providing a simpler axiomatisation of the ZX-calculus for pure quantum mechanics than the one recently introduced by Ng&Wang.
Semantic Scholar venue: Logic in Computer Science
Publication types: JournalArticle|Book|Conference
Fields of study: Mathematics|Computer Science|Physics"
874,"Title: Representing and Reasoning with Event Models for Epistemic Planning.
Venue: kr
Authors: David Rajaratnam, Michael Thielscher
Abstract: The standard representation formalism for multi-agent epistemic planning has one central disadvantage: When you use event models in dynamic epistemic logic (DEL) to describe the action of one agent, the model must specify not only the actual change and the change of that agent's knowledge. Also required is the epistemic change of any agents that may be observing the first agent performing the action, plus the epistemic change for any further agents that failed to observe that anything had taken place. To overcome the gap between this complex DEL notion of events and a more commonsense notion of actions, we propose a simple high-level action description language for multi-agent epistemic planning domains with just one type of effect laws: a causes x if y. Effect x can either be a physical effect, or an observation from an independent set that is specific to individual agents. We formally prove that any DEL event model can be described in this way. We show how this language provides a framework for expressing a variety of executability and action models; such as describing actions that are both ontic and epistemic, partially observable, or nondeterministic. We further combine our representation of event models with a description language for finitary initial epistemic theories, and we show how this allows us to reason about the effects of a sequence of actions in a multi-agent epistemic domain by updating a single multi-pointed epistemic model.
Semantic Scholar venue: International Conference on Principles of Knowledge Representation and Reasoning
Publication types: JournalArticle|Conference
Fields of study: Computer Science"
2589,"Title: Decidability and Complexity in Weakening and Contraction Hypersequent Substructural Logics.
Venue: lics
Authors: A. R. Balasubramanian, Timo Lang, Revantha Ramanayake
Abstract: We establish decidability for the infinitely many axiomatic extensions of the commutative Full Lambek logic with weakening FLew (i.e. IMALLW) that have a cut-free hypersequent proof calculus. Specifically: every analytic structural rule extension of HFLew. Decidability for the corresponding extensions of its contraction counterpart FLec was established recently but their computational complexity was left unanswered. In the second part of this paper, we introduce just enough on length functions for well-quasi-orderings and the fast-growing complexity classes to obtain complexity upper bounds for both the weakening and contraction extensions. A specific instance of this result yields the first complexity bound for the prominent fuzzy logic MTL (monoidal t-norm based logic) providing an answer to a longstanding open problem.
Semantic Scholar venue: Logic in Computer Science
Publication types: Book|JournalArticle
Fields of study: Computer Science"
1616,"Title: Efficient Sensitivity Analysis for Parametric Robust Markov Chains.
Venue: cav
Authors: Thom Badings, Sebastian Junges, Ahmadreza Marandi, Ufuk Topcu, Nils Jansen
Abstract: We provide a novel method for sensitivity analysis of parametric robust Markov chains. These models incorporate parameters and sets of probability distributions to alleviate the often unrealistic assumption that precise probabilities are available. We measure sensitivity in terms of partial derivatives with respect to the uncertain transition probabilities regarding measures such as the expected reward. As our main contribution, we present an efficient method to compute these partial derivatives. To scale our approach to models with thousands of parameters, we present an extension of this method that selects the subset of $k$ parameters with the highest partial derivative. Our methods are based on linear programming and differentiating these programs around a given value for the parameters. The experiments show the applicability of our approach on models with over a million states and thousands of parameters. Moreover, we embed the results within an iterative learning scheme that profits from having access to a dedicated sensitivity analysis.
Semantic Scholar venue: International Conference on Computer Aided Verification
Publication types: JournalArticle|Conference
Fields of study: Computer Science|Mathematics"
2653,"Title: A distributed operational view of Reversible Prime Event Structures.
Venue: lics
Authors: Hernan Melgratti, Claudio Antares Mezzina, G. Michele Pinna
Abstract: Reversible prime event structures extend the well-known model of prime event structures to represent reversible computational processes. Essentially, they give abstract descriptions of processes capable of undoing computation steps. Since their introduction, event structures have played a pivotal role in connecting operational models (traditionally, Petri nets and process calculi) with denotational ones (algebraic domains). For this reason, there has been a lot of interest in linking different classes of operational models with different kinds of event structures. Hence, it is natural to ask which is the operational counterpart of reversible prime event structures. Such question has been previously addressed for a subclass of reversible prime event structures in which the interplay between causality and reversibility is restricted to the so-called cause-respecting reversible structures. In this paper, we present an operational characterisation of the full-fledged model and show that reversible prime event structures correspond to a subclass of contextual Petri nets, called reversible causal nets. The distinctive feature of reversible causal nets is that causality is recovered from inhibitor arcs instead of the usual overlap between post and presets of transitions. In this way, we are able to operationally explain also out-of-causal order reversibility.
Semantic Scholar venue: Logic in Computer Science
Publication types: JournalArticle|Book
Fields of study: Computer Science"
2305,"Title: Learning Weighted Automata over Number Rings, Concretely and Categorically.
Venue: lics
Authors: Quentin Aristote, Sam van Gool, Daniela Petrişan, Mahsa Shirmohammadi
Abstract: We develop a generic reduction procedure for active learning problems. Our approach is inspired by a recent polynomial-time reduction of the exact learning problem for weighted automata over integers to that for weighted automata over rationals (Buna-Marginean et al. 2024). Our procedure improves the efficiency of a category-theoretic automata learning algorithm, and poses new questions about the complexity of its implementation when instantiated to concrete categories.As our second main contribution, we address these complexity aspects in the concrete setting of learning weighted automata over number rings, that is, rings of integers in an algebraic number field. Assuming a full representation of a number ring ${{\mathcal{O}}_K}$, we obtain an exact learning algorithm of ${{\mathcal{O}}_K}$-weighted automata that runs in polynomial time in the size of the target automaton, the logarithm of the length of the longest counterexample, the degree of the number field, and the logarithm of its discriminant. Our algorithm produces an automaton that has at most one more state than the minimal one, and we prove that doing better requires solving the principal ideal problem, for which the best currently known algorithm is in quantum polynomial time.
Semantic Scholar venue: Logic in Computer Science
Publication types: JournalArticle
Fields of study: Computer Science"
2357,"Title: Flipping and Forking.
Venue: lics
Authors: Wojciech Przybyszewski, Szymon Toruńczyk
Abstract: Monadic stability and the more general monadic dependence (or NIP) are tameness conditions for classes of logical structures, studied in the 80’s in Shelah’s classification program in model theory. They recently emerged in algorithmic and structural graph theory and finite model theory as central notions in relation with the model checking problem for first-order logic: the problem was shown to be fixed-parameter tractable for inputs which come from a fixed class of graphs which is monadically stable, and is conjectured to be tractable in all monadically dependent classes. Several combinatorial characterizations of such graph classes turned out to be essential in their algorithmic treatment; they are all based on the fundamental operation of ""flipping"" a graph.We introduce the notions of flips and flip independence in arbitrary relational structures. We lift prior combinatorial characterizations of monadically stable graph classes to monadically stable classes of relational structures. We show the equivalence of flip independence with forking independence (over models) – a logical notion of paramount importance in stability theory – in monadically stable structures, shedding new light on the relevance of flips, also characterizing forking independence (over models) combinatorially. We give more precise descriptions of forking independence in the case of monadically stable graphs, and relational structures with a nowhere dense Gaifman graph.
Semantic Scholar venue: Logic in Computer Science
Publication types: JournalArticle
Fields of study: Computer Science|Mathematics"
1890,"Title: Parameterized Verification of Systems with Global Synchronization and Guards.
Venue: cav
Authors: Nouraldin Jaber, Swen Jacobs, Christopher Wagner, Milind Kulkarni, Roopsha Samanta
Abstract: Inspired by distributed applications that use consensus or other agreement protocols for global coordination, we define a new computational model for parameterized systems that is based on a general global synchronization primitive and allows for global transition guards. Our model generalizes many existing models in the literature, including broadcast protocols and guarded protocols. We show that reachability properties are decidable for systems without guards, and give sufficient conditions under which they remain decidable in the presence of guards. Furthermore, we investigate cutoffs for reachability properties and provide sufficient conditions for small cutoffs in a number of cases that are inspired by our target applications.
Semantic Scholar venue: International Conference on Computer Aided Verification
Publication types: JournalArticle|Conference
Fields of study: Computer Science|Mathematics"
1701,"Title: Playing Against Fair Adversaries in Stochastic Games with Total Rewards.
Venue: cav
Authors: Pablo F. Castro, Pedro R. D’Argenio, Ramiro Demasi, Luciano Putruele
Abstract: We investigate zero-sum turn-based two-player stochastic games in which the objective of one player is to maximize the amount of rewards obtained during a play, while the other aims at minimizing it. We focus on games in which the minimizer plays in a fair way. We believe that these kinds of games enjoy interesting applications in software verification, where the maximizer plays the role of a system intending to maximize the number of""milestones""achieved, and the minimizer represents the behavior of some uncooperative but yet fair environment. Normally, to study total reward properties, games are requested to be stopping (i.e., they reach a terminal state with probability 1). We relax the property to request that the game is stopping only under a fair minimizing player. We prove that these games are determined, i.e., each state of the game has a value defined. Furthermore, we show that both players have memoryless and deterministic optimal strategies, and the game value can be computed by approximating the greatest-fixed point of a set of functional equations. We implemented our approach in a prototype tool, and evaluated it on an illustrating example and an Unmanned Aerial Vehicle case study.
Semantic Scholar venue: International Conference on Computer Aided Verification
Publication types: JournalArticle|Conference
Fields of study: Computer Science"
3005,"Title: Data Communicating Processes with Unreliable Channels.
Venue: lics
Authors: Parosh Aziz Abdulla, C. Aiswarya, Mohamed Faouzi Atig
Abstract: We extend the classical model of lossy channel systems by considering systems that operate on a finite set of variables ranging over an infinite data domain. Furthermore, each message inside a channel is equipped with a data item representing its value. Although we restrict the model by allowing the variables to be only tested for (dis-)equality, we show that the state reachability problem is undecidable. In light of this negative result, we consider bounded-phase reachability, where the processes are restricted to performing either send or receive operations during each phase. We show decidability of state reachability in this case by computing a symbolic encoding of the set of system configurations that are reachable from a given configuration.
Semantic Scholar venue: Logic in Computer Science
Publication types: JournalArticle|Book
Fields of study: Computer Science|Mathematics"
2591,"Title: The Topological Mu-Calculus: completeness and decidability.
Venue: lics
Authors: Alexandru Baltag, Nick Bezhanishvili, David Fernandez-Duque
Abstract: We study the topological µ-calculus, based on both Cantor derivative and closure modalities, proving completeness, decidability and FMP over general topological spaces, as well as over T0 and TD spaces. We also investigate relational µ-calculus, providing general completeness results for all natural fragments of µ-calculus over many different classes of relational frames. Unlike most other such proofs for µ-calculus, ours is modeltheoretic, making an innovative use of a known Modal Logic method (–the ’final’ submodel of the canonical model), that has the twin advantages of great generality and essential simplicity.
Semantic Scholar venue: Logic in Computer Science
Publication types: Book|JournalArticle
Fields of study: Computer Science"
2148,"Title: Ensuring the Reliability of Your Model Checker: Interval Iteration for Markov Decision Processes.
Venue: cav
Authors: Christel Baier, Joachim Klein, Linda Leuschner, David Parker, Sascha Wunderlich
Abstract: This paper presents interval iteration techniques for computing expected accumulated weights (or costs), a considerably broader class of properties, and proposes topological interval iteration, which increases efficiency using a model decomposition into strongly connected components.
Semantic Scholar venue: International Conference on Computer Aided Verification
Publication types: JournalArticle|Conference
Fields of study: Computer Science"
1623,"Title: Learning Assumptions for Compositional Verification of Timed Automata.
Venue: cav
Authors: Hanyue Chen, Yu Su, Miaomiao Zhang, Zhiming Liu, Junri Mi
Abstract: Abstract Compositional verification, such as the technique of assume-guarantee reasoning (AGR), is to verify a property of a system from the properties of its components. It is essential to address the state explosion problem associated with model checking. However, obtaining the appropriate assumption for AGR is always a highly mental challenge, especially in the case of timed systems. In this paper, we propose a learning-based compositional verification framework for deterministic timed automata. In this framework, a modified learning algorithm is used to automatically construct the assumption in the form of a deterministic one-clock timed automaton, and an effective scheme is implemented to obtain the clock reset information for the assumption learning. We prove the correctness and termination of the framework and present two kinds of improvements to speed up the verification. We discuss the results of our experiments to evaluate the scalability and effectiveness of the framework. The results show that the framework we propose can reduce state space effectively, and it outperforms traditional monolithic model checking for most cases.
Semantic Scholar venue: International Conference on Computer Aided Verification
Publication types: JournalArticle|Conference
Fields of study: Computer Science"
2410,"Title: Braids, Twists, Trace and Duality in Combinatory Algebras.
Venue: lics
Authors: Masahito Hasegawa, Serge Lechenne
Abstract: We investigate a class of combinatory algebras, called ribbon combinatory algebras, in which we can interpret both the braided untyped linear lambda calculus and framed oriented tangles. Any reflexive object in a ribbon category gives rise to a ribbon combinatory algebra. Conversely, From a ribbon combinatory algebra, we can construct a ribbon category with a reflexive object, from which the combinatory algebra can be recovered. To show this, and also to give the equational characterisation of ribbon combinatory algebras, we make use of the internal PRO construction developed in Hasegawa's recent work. Interestingly, we can characterise ribbon combinatory algebras in two different ways: as balanced combinatory algebras with a trace combinator, and as balanced combinatory algebras with duality.
Semantic Scholar venue: Logic in Computer Science
Publication types: JournalArticle|Book|Conference
Fields of study: Computer Science"
2165,"Title: Automated Recurrence Analysis for Almost-Linear Expected-Runtime Bounds.
Venue: cav
Authors: Krishnendu Chatterjee, Hongfei Fu, Aniket Murhekar
Abstract: We consider the problem of developing automated techniques for solving recurrence relations to aid the expected-runtime analysis of programs. Several classical textbook algorithms have quite efficient expected-runtime complexity, whereas the corresponding worst-case bounds are either inefficient (e.g., QUICK-SORT), or completely ineffective (e.g., COUPON-COLLECTOR). Since the main focus of expected-runtime analysis is to obtain efficient bounds, we consider bounds that are either logarithmic, linear, or almost-linear ($\mathcal{O}(\log n)$, $\mathcal{O}(n)$, $\mathcal{O}(n\cdot\log n)$, respectively, where n represents the input size). Our main contribution is an efficient (simple linear-time algorithm) sound approach for deriving such expected-runtime bounds for the analysis of recurrence relations induced by randomized algorithms. Our approach can infer the asymptotically optimal expected-runtime bounds for recurrences of classical randomized algorithms, including RANDOMIZED-SEARCH, QUICK-SORT, QUICK-SELECT, COUPONCOLLECTOR, where the worst-case bounds are either inefficient (such as linear as compared to logarithmic of expected-runtime, or quadratic as compared to linear or almost-linear of expected-runtime), or ineffective. We have implemented our approach, and the experimental results show that we obtain the bounds efficiently for the recurrences of various classical algorithms.
Semantic Scholar venue: International Conference on Computer Aided Verification
Publication types: JournalArticle|Conference
Fields of study: Computer Science"
3063,"Title: How unprovable is Rabin&apos;s decidability theorem?
Venue: lics
Authors: Leszek Aleksander Kołodziejczyk, Henryk Michalewski
Abstract: We study the strength of set-theoretic axioms needed to prove Ra-bin’s theorem on the decidability of the MSO theory of the infinite binary tree. We first show that over the second-order arithmetic theory ACA0, the complementation theorem for nondeterministic tree automata is equivalent to a statement expressing the determinacy of all Gale-Stewart games given by Bool $\left( {\sum {_2^0} } \right)$ sets. It follows that the complementation theorem is provable from $\Pi _3^1$- but not $\Delta _3^1$ -comprehension.We then use results due to MedSalem-Tanaka, Möllerfeld and Heinatsch-Möllerfeld to prove that•the complementation theorem for non-deterministic tree automata,•the decidability of the $\Pi _3^1$ fragment of MSO on the infinite binary tree,•the positional determinacy of parity games, and•the determinacy of Bool$\left( {\sum {_2^0} } \right)$ Gale-Stewart gamesare all equivalent over $\Pi _3^1$-comprehension. It follows in particular that Rabin’s decidability theorem is not provable from $\Delta _3^1$-comprehension.
Semantic Scholar venue: Logic in Computer Science
Publication types: Book|JournalArticle
Fields of study: Mathematics|Computer Science"
2535,"Title: The boundedness and zero isolation problems for weighted automata over nonnegative rationals.
Venue: lics
Authors: Wojciech Czerwiński, Engel Lefaucheux, Filip Mazowiecki, David Purser, Markus Whiteland
Abstract: We consider linear cost-register automata (equivalent to weighted automata) over the semiring of nonnegative rationals, which generalise probabilistic automata. The two problems of boundedness and zero isolation ask whether there is a sequence of words that converge to infinity and to zero, respectively. In the general model both problems are undecidable so we focus on the copyless linear restriction. There, we show that the boundedness problem is decidable. As for the zero isolation problem we need to further restrict the class. We obtain a model, where zero isolation becomes equivalent to universal coverability of orthant vector addition systems (OVAS), a new model in the VAS family interesting on its own. In standard VAS runs are considered only in the positive orthant, while in OVAS every orthant has its own set of vectors that can be applied in that orthant. Assuming Schanuel’s conjecture is true, we prove decidability of universal coverability for three-dimensional OVAS, which implies decidability of zero isolation in a model with at most three independent registers.
Semantic Scholar venue: Logic in Computer Science
Publication types: JournalArticle|Book|Conference
Fields of study: Computer Science"
1222,"Title: Generalized Consistent Query Answering under Existential Rules.
Venue: kr
Authors: , Michaël Thomazo
Abstract: This paper assumes that ontological axioms may be erroneous, and that some database atoms and ontological axes may not be removed to resolve inconsistencies, and closes two open complexity problems in standard consistent query answering under existential rules.
Semantic Scholar venue: International Conference on Principles of Knowledge Representation and Reasoning
Publication types: JournalArticle|Conference
Fields of study: Computer Science"
1816,"Title: An SMT Encoding of LLVM&apos;s Memory Model for Bounded Translation Validation.
Venue: cav
Authors: Juneyoung Lee, Dongjoo Kim, Chung-Kil Hur, Nuno P. Lopes
Abstract: Several automatic verification tools have been recently developed to verify subsets of LLVM’s optimizations. However, none of these tools has robust support to verify memory optimizations.In this paper, we present the first SMT encoding of LLVM’s memory model that 1) is sufficiently precise to validate all of LLVM’s intra-procedural memory optimizations, and 2) enables bounded translation validation of programs with up to hundreds of thousands of lines of code. We implemented our new encoding in Alive2, a bounded translation validation tool, and used it to uncover 21 new bugs in LLVM memory optimizations, 10 of which have been already fixed. We also found several inconsistencies in LLVM IR’s official specification document (LangRef) and fixed LLVM’s code and the document so they are in agreement.
Semantic Scholar venue: International Conference on Computer Aided Verification
Publication types: JournalArticle|Conference
Fields of study: Computer Science"
1700,"Title: Neural Network Robustness as a Verification Property: A Principled Case Study.
Venue: cav
Authors: Marco Casadio, Ekaterina Komendantskaya, Matthew L. Daggitt, Wen Kokke, Guy Katz, Guy Amir, Idan Refaeli
Abstract: . Neural networks are very successful at detecting patterns in noisy data, and have become the technology of choice in many ﬁelds. However, their usefulness is hampered by their susceptibility to adversarial attacks . Recently, many methods for measuring and improving a network’s robustness to adversarial perturbations have been proposed, and this growing body of research has given rise to numerous explicit or implicit notions of robustness. Connections between these notions are often subtle, and a systematic comparison between them is missing in the literature. In this paper we begin addressing this gap, by setting up general principles for the empirical analysis and evaluation of a network’s robustness as a mathematical property — during the network’s training phase, its veriﬁcation, and after its deployment. We then apply these principles and conduct a case study that showcases the practical beneﬁts of our general approach.
Semantic Scholar venue: International Conference on Computer Aided Verification
Publication types: JournalArticle|Conference
Fields of study: Computer Science"
811,"Title: Resolution-Based Uniform Interpolation for Multi-Agent Modal Logic Kn.
Venue: kr
Authors: Andreas Herzig, Jérôme Mengin
Abstract: This paper presents a system to compute uniform interpolants for a locally sat-isﬁable formula in the multi-agent modal logic K n based on a direct resolution approach and shows that the system is guaranteed to terminate, soundness and completeness can be shown using model-theoretic proofs, and the worst-case space complexity bound is double exponential.
Semantic Scholar venue: SOQE@KR
Publication types: JournalArticle
Fields of study: Computer Science"
2639,"Title: Living without Beth and Craig: Definitions and Interpolants in the Guarded and Two-Variable Fragments.
Venue: lics
Authors: Jean Christoph Jung, Frank Wolter
Abstract: In logics with the Craig interpolation property (CIP) the existence of an interpolant for an implication follows from the validity of the implication. In logics with the projective Beth definability property (PBDP), the existence of an explicit definition of a relation follows from the validity of a formula expressing its implicit definability. The two-variable fragment, FO2, and the guarded fragment, GF, of first-order logic both fail to have the CIP and the PBDP. We show that nevertheless in both fragments the existence of interpolants and explicit definitions is decidable. In GF, both problems are 3EXPTIME-complete in general, and 2EXPTIME-complete if the arity of relation symbols is bounded by a constant c ≥ 3. In FO2, we prove a CON2EXPTIME upper bound and a 2EXPTIME lower bound for both problems. Thus, both for GF and FO2 existence of interpolants and explicit definitions are decidable but harder than validity (in case of FO2 under standard complexity assumptions).
Semantic Scholar venue: Logic in Computer Science
Publication types: JournalArticle|Book
Fields of study: Computer Science"
2208,"Title: Starling: Lightweight Concurrency Verification with Views.
Venue: cav
Authors: Matt Windsor, Mike Dodds, Ben Simner, Matthew J. Parkinson
Abstract: This paper proposes Starling, a new lightweight logic and automated tool for concurrency verification that takes a proof outline written in an abstracted Hoare-logic style, and converts it into proof terms that can be discharged by a sequential solver.
Semantic Scholar venue: International Conference on Computer Aided Verification
Publication types: JournalArticle|Conference
Fields of study: Computer Science"
2538,"Title: Efficient Construction of Reversible Transducers from Regular Transducer Expressions.
Venue: lics
Authors: Luc Dartois, Paul Gastin, Govind, Krishna
Abstract: The class of regular transformations has several equivalent characterizations such as functional MSO transductions, deterministic two-way transducers, streaming string transducers, as well as regular transducer expressions (RTE). For algorithmic applications, it is very common and useful to transform a specification, here, an RTE, to a machine, here, a transducer. In this paper, we give an efficient construction of a two-way reversible transducer (2RFT) equivalent to a given RTE. 2RFTs form a well behaved class of transducers which are deterministic and co-deterministic (hence allows evaluation in linear time w.r.t. the input word), and where composition has only polynomial complexity. As a significant complexity improvement over existing techniques, we give the first elementary procedure for translating RTEs to machines. For full RTE, the constructed 2RFT has size doubly exponential in the size of the expression. If the RTE does not use Hadamard product or chained-star, the constructed 2RFT has size exponential in the size of the RTE.
Semantic Scholar venue: Logic in Computer Science
Publication types: JournalArticle|Book|Conference
Fields of study: Computer Science"
1087,"Title: Argumentation for Explainable Reasoning with Conflicting Medical Recommendations.
Venue: kr
Authors: Leila Amgoud, Souhila Kaci
Abstract: This work presents a description of an integrated framework and a system to execute clinical guideline recommendations by taking into account patient speciﬁc information and preferences of various parties, and yields conﬂict-free recommendations that are inspectable and explainable.
Semantic Scholar venue: MedRACER+WOMoCoE@KR
Publication types: JournalArticle
Fields of study: Psychology|Computer Science"
1662,"Title: Symbolic Quantum Simulation with Quasimodo.
Venue: cav
Authors: Meghana Sistla, Swarat Chaudhuri, Thomas Reps
Abstract: The simulation of quantum circuits on classical computers is an important problem in quantum computing. Such simulation requires representations of distributions over very large sets of basis vectors, and recent work has used symbolic data-structures such as Binary Decision Diagrams (BDDs) for this purpose. In this tool paper, we present Quasimodo, an extensible, open-source Python library for symbolic simulation of quantum circuits. Quasimodo is specifically designed for easy extensibility to other backends. Quasimodo allows simulations of quantum circuits, checking properties of the outputs of quantum circuits, and debugging quantum circuits. It also allows the user to choose from among several symbolic data-structures -- both unweighted and weighted BDDs, and a recent structure called Context-Free-Language Ordered Binary Decision Diagrams (CFLOBDDs) -- and can be easily extended to support other symbolic data-structures.
Semantic Scholar venue: International Conference on Computer Aided Verification
Publication types: JournalArticle|Conference
Fields of study: Computer Science|Physics"
3077,"Title: A bifibrational reconstruction of Lawvere&apos;s presheaf hyperdoctrine.
Venue: lics
Authors: Paul-André Melliès, Noam Zeilberger"
2917,"Title: The equivalence of two dichotomy conjectures for infinite domain constraint satisfaction problems.
Venue: lics
Authors: Libor Barto, Michael Kompatscher, Miroslav Olsak, Trung Van Pham, Michael Pinsker
Abstract: There exist two conjectures for constraint satisfaction problems (CSPs) of reducts of finitely bounded homogeneous structures: the first one states that tractability of the CSP of such a structure is, when the structure is a model-complete core, equivalent to its polymorphism clone satisfying a certain non-trivial linear identity modulo outer embeddings. The second conjecture, challenging the approach via model-complete cores by reflections, states that tractability is equivalent to the linear identities (without outer embeddings) satisfied by its polymorphisms clone, together with the natural uniformity on it, being non-trivial. We prove that the identities satisfied in the polymorphism clone of a structure allow for conclusions about the orbit growth of its automorphism group, and apply this to show that the two conjectures are equivalent. We contrast this with a counterexample showing that ω-categoricity alone is insufficient to imply the equivalence of the two conditions above in a model-complete core. Taking a different approach, we then show how the Ramsey property of a homogeneous structure can be utilized for obtaining a similar equivalence under different conditions. We then prove that any polymorphism of sufficiently large arity which is totally symmetric modulo outer embeddings of a finitely bounded structure can be turned into a non-trivial system of linear identities, and obtain non-trivial linear identities for all tractable cases of reducts of the rational order, the random graph, and the random poset. Finally, we provide a new and short proof, in the language of monoids, of the theorem stating that every ω-categorical structure is homomorphically equivalent to a model-complete core.
Semantic Scholar venue: Logic in Computer Science
Publication types: JournalArticle
Fields of study: Computer Science|Mathematics"
1922,"Title: fault: A Python Embedded Domain-Specific Language for Metaprogramming Portable Hardware Verification Components.
Venue: cav
Authors: Lenny Truong, Steven Herbst, Rajsekhar Setaluri, Makai Mann, Ross Daly, Keyi Zhang, Caleb Donovick, Daniel Stanley, Mark Horowitz, Clark Barrett, Pat Hanrahan
Abstract: While hardware generators have drastically improved design productivity, they have introduced new challenges for the task of verification. To effectively cover the functionality of a sophisticated generator, verification engineers require tools that provide the flexibility of metaprogramming. However, flexibility alone is not enough; components must also be portable in order to encourage the proliferation of verification libraries as well as enable new methodologies. This paper introduces fault, a Python embedded hardware verification language that aims to empower design teams to realize the full potential of generators.
Semantic Scholar venue: International Conference on Computer Aided Verification
Publication types: JournalArticle|Conference
Fields of study: Computer Science"
2866,"Title: Quasi-Open Bisimilarity with Mismatch is Intuitionistic.
Venue: lics
Authors: Ross Horne, Ki Yung Ahn, Shang-wei Lin, Alwen Tiu
Abstract: Quasi-open bisimilarity is the coarsest notion of bisimilarity for the π-calculus that is also a congruence. This work extends quasi-open bisimilarity to handle mismatch (guards with inequalities). This minimal extension of quasi-open bisimilarity allows fresh names to be manufactured to provide constructive evidence that an inequality holds. The extension of quasi-open bisimilarity is canonical and robust --- coinciding with open barbed bisimilarity (an objective notion of bisimilarity congruence) and characterised by an intuitionistic variant of an established modal logic. The more famous open bisimilarity is also considered, for which the coarsest extension for handling mismatch is identified. Applications to checking privacy properties are highlighted. Examples and soundness results are mechanised using the proof assistant Abella.
Semantic Scholar venue: Logic in Computer Science
Publication types: Book|JournalArticle|Conference
Fields of study: Computer Science"
2691,"Title: First-order tree-to-tree functions.
Venue: lics
Authors: Mikołaj Bojańczyk, Amina Doumane
Abstract: We study tree-to-tree transformations that can be defined in first-order logic or monadic second-order logic. We prove a decomposition theorem, which shows that every transformation can be obtained from prime transformations, such as tree-to-tree homomorphisms or pre-order traversal, by using combinators such as function composition.
Semantic Scholar venue: Logic in Computer Science
Publication types: JournalArticle|Book|Conference
Fields of study: Mathematics|Computer Science"
1557,"Title: Inner-Approximate Reachability Computation via Zonotopic Boundary Analysis.
Venue: cav
Authors: Dejin Ren, Zhen Liang, Chenyu Wu, Jianqiang Ding, Taoran Wu, Bai Xue
Abstract: Inner-approximate reachability analysis involves calculating subsets of reachable sets, known as inner-approximations. This analysis is crucial in the fields of dynamic systems analysis and control theory as it provides a reliable estimation of the set of states that a system can reach from given initial states at a specific time instant. In this paper, we study the inner-approximate reachability analysis problem based on the set-boundary reachability method for systems modelled by ordinary differential equations, in which the computed inner-approximations are represented with zonotopes. The set-boundary reachability method computes an inner-approximation by excluding states reached from the initial set's boundary. The effectiveness of this method is highly dependent on the efficient extraction of the exact boundary of the initial set. To address this, we propose methods leveraging boundary and tiling matrices that can efficiently extract and refine the exact boundary of the initial set represented by zonotopes. Additionally, we enhance the exclusion strategy by contracting the outer-approximations in a flexible way, which allows for the computation of less conservative inner-approximations. To evaluate the proposed method, we compare it with state-of-the-art methods against a series of benchmarks. The numerical results demonstrate that our method is not only efficient but also accurate in computing inner-approximations.
Semantic Scholar venue: International Conference on Computer Aided Verification
Publication types: JournalArticle|Conference
Fields of study: Engineering|Computer Science"
1896,"Title: Decidable Synthesis of Programs with Uninterpreted Functions.
Venue: cav
Authors: Paul Krogmeier, Umang Mathur, Adithya Murali, P. Madhusudan, Mahesh Viswanathan
Abstract: We identify a decidable synthesis problem for a class of programs of unbounded size with conditionals and iteration that work over infinite data domains. The programs in our class use uninterpreted functions and relations, and abide by a restriction called coherence that was recently identified to yield decidable verification. We formulate a powerful grammar-restricted (syntax-guided) synthesis problem for coherent uninterpreted programs, and we show the problem to be decidable, identify its precise complexity, and also study several variants of the problem.
Semantic Scholar venue: International Conference on Computer Aided Verification
Publication types: JournalArticle|Conference
Fields of study: Computer Science"
2247,"Title: Parsimonious, Simulation Based Verification of Linear Systems.
Venue: cav
Authors: Parasara Sridhar Duggirala, Mahesh Viswanathan
Abstract: This work presents a technique to verify safety properties of linear systems (possibly time varying) using very few simulations, which exploits the superposition principle oflinear systems.
Semantic Scholar venue: International Conference on Computer Aided Verification
Publication types: JournalArticle|Conference
Fields of study: Computer Science"
2583,"Title: The Space of Interaction.
Venue: lics
Authors: 
Abstract: The space complexity of functional programs is not well understood. In particular, traditional implementation techniques are tailored to time efficiency, and space efficiency induces time inefficiencies, as it prefers re-computing to saving. Girard’s geometry of interaction underlies an alternative approach based on the interaction abstract machine (IAM), claimed as space efficient in the literature. It has also been conjectured to provide a reasonable notion of space for the λ-calculus, but such an important result seems to be elusive.In this paper we introduce a new intersection type system precisely measuring the space consumption of the IAM on the typed term. Intersection types have been repeatedly used to measure time, which they achieve by dropping idempotency, turning intersections into multisets. Here we show that the space consumption of the IAM is connected to a further structural modification, turning multisets into trees. Tree intersection types lead to a finer understanding of some space complexity results from the literature. They also shed new light on the conjecture about reasonable space: we show that the usual way of encoding Turing machines into the λ-calculus cannot be used to prove that the space of the IAM is a reasonable cost model.
Semantic Scholar venue: Logic in Computer Science
Publication types: Book|JournalArticle
Fields of study: Computer Science"
2893,"Title: On the number of types in sparse graphs.
Venue: lics
Authors: Michał Pilipczuk, Sebastian Siebertz, Szymon Toruńczyk
Abstract: We prove that for every class of graphs ℒ which is nowhere dense, as defined by Nešetřil and Ossona de Mendez [28, 29], and for every first order formula φ(x, y), whenever one draws a graph G ∈ ℒ and a subset of its nodes A, the number of subsets of A|y| which are of the form {u ∈ A|y|: G |= φ(ū, v)} for some valuation ū of x in G is bounded by O(|A||x|ε), for every ε > 0. This provides optimal bounds on the VC-density of first-order definable set systems in nowhere dense graph classes. We also give two new proofs of upper bounds on quantities in nowhere dense classes which are relevant for their logical treatment. Firstly, we provide a new proof of the fact that nowhere dense classes are uniformly quasi-wide, implying explicit, polynomial upper bounds on the functions relating the two notions. Secondly, we give a new combinatorial proof of the result of Adler and Adler [1] stating that every nowhere dense class of graphs is stable. In contrast to the previous proofs of the above results, our proofs are completely finitistic and constructive, and yield explicit and computable upper bounds on quantities related to uniform quasi-wideness (margins) and stability (ladder indices).
Semantic Scholar venue: Logic in Computer Science
Publication types: Book|JournalArticle|Conference
Fields of study: Mathematics|Computer Science"
1126,"Title: golog++ : An Integrative System Design.
Venue: kr
Authors: Maximillian Kirsch, Shubham Pawar, Alexander Ferrein, Stefan Schiffer
Abstract: This paper proposes an extensible C++ framework that provides a coherent grammar, developer tool support, internal/exter-nal consistency checking with clean error handling, and a simple, portable platform interface.
Semantic Scholar venue: CogRob@KR
Publication types: JournalArticle
Fields of study: Computer Science"
2877,"Title: Around Classical and Intuitionistic Linear Logics.
Venue: lics
Authors: Olivier Laurent
Abstract: We revisit many aspects of the syntactic relations between (variants of) classical linear logic (LL) and (variants of) intuitionistic linear logic (ILL) in the propositional setting. On the one hand, we study different (parametric) ""negative"" translations from LL to ILL: their expressiveness, the relations with extensions of LL and their use in the proof theory of LL (cut elimination and focusing). In particular, this bridges the intuitionistic restriction on sequents (at most one conclusion) and the focusing property of linear logic. On the other hand, we generalise the known partial results about conservativity of LL over ILL, leading for example to a conservativity proof for LL over tensor logic (TL).
Semantic Scholar venue: Logic in Computer Science
Publication types: Book|JournalArticle|Conference
Fields of study: Mathematics|Computer Science"
1332,"Title: Towards Provenance in Heterogeneous Knowledge Bases.
Venue: lpnmr
Authors: Matthias Knorr, Carlos Viegas Damásio, Ricardo Gonçalves, João Leite
Semantic Scholar venue: International Conference on Logic Programming and Non-Monotonic Reasoning
Publication types: JournalArticle
Fields of study: Computer Science"
2209,"Title: CTL* synthesis via LTL synthesis.
Venue: cav
Authors: Roderick Bloem, Sven Schewe, Ayrat Khalimov
Abstract: We reduce synthesis for CTL* properties to synthesis for LTL. In the context of model checking this is impossible - CTL* is more expressive than LTL. Yet, in synthesis we have knowledge of the system structure and we can add new outputs. These outputs can be used to encode witnesses of the satisfaction of CTL* subformulas directly into the system. This way, we construct an LTL formula, over old and new outputs and original inputs, which is realisable if, and only if, the original CTL* formula is realisable. The CTL*-via-LTL synthesis approach preserves the problem complexity, although it might increase the minimal system size. We implemented the reduction, and evaluated the CTL*-via-LTL synthesiser on several examples.
Semantic Scholar venue: SYNT@CAV
Publication types: JournalArticle
Fields of study: Computer Science"
2460,"Title: Central Submonads and Notions of Computation: Soundness, Completeness and Internal Languages.
Venue: lics
Authors: Titouan Carette, Louis Lemonnier, Vladimir Zamdzhiev
Abstract: Monads in category theory are algebraic structures that can be used to model computational effects in programming languages. We show how the notion of ""centre"", and more generally ""centrality"", i.e., the property for an effect to commute with all other effects, may be formulated for strong monads acting on symmetric monoidal categories. We identify three equivalent conditions which characterise the existence of the centre of a strong monad (some of which relate it to the premonoidal centre of Power and Robinson) and we show that every strong monad on many well-known naturally occurring categories does admit a centre, thereby showing that this new notion is ubiquitous. More generally, we study central submonads, which are necessarily commutative, just like the centre of a strong monad. We provide a computational interpretation by formulating equational theories of lambda calculi equipped with central submonads, we describe categorical models for these theories and prove soundness, completeness and internal language results for our semantics.
Semantic Scholar venue: Logic in Computer Science
Publication types: JournalArticle
Fields of study: Computer Science|Mathematics"
1054,"Title: Dealing with Conceptual Indeterminacy: A Framework Based on Supervaluation Semantics.
Venue: kr
Authors: 
Abstract: A framework based on Supervaluation Semantics for interpreting languages in the presence of semantic variability is presented and it is shown how it can be used to represent logical properties and connections between alternative ways of describing a domain and different accounts of the semantics of terms.
Semantic Scholar venue: MedRACER+WOMoCoE@KR
Publication types: JournalArticle
Fields of study: Computer Science"
1455,"Title: Raven: An SMT-Based Concurrency Verifier.
Venue: cav
Authors: Ekanshdeep Gupta, Nisarg Patel, Thomas Wies
Abstract: Raven is a new intermediate verification language and deductive verification tool that provides inbuilt support for concurrency reasoning based on the higher-order concurrent separation logic Iris, incorporating core features such as user-definable ghost state and thread-modular reasoning via shared-state invariants.
Semantic Scholar venue: International Conference on Computer Aided Verification
Publication types: JournalArticle|Conference|Review
Fields of study: Computer Science"
2292,"Title: Approaching Symbolic Parallelization by Synthesis of Recurrence Decompositions.
Venue: cav
Authors: Grigory Fedyukovich, Rastislav Bodík
Abstract: We present GraSSP, a novel approach to perform automated parallelization relying on recent advances in formal verification and synthesis. GraSSP augments an existing sequential program with an additional functionality to decompose data dependencies in loop iterations, to compute partial results, and to compose them together. We show that for some classes of the sequential prefix sum problems, such parallelization can be performed efficiently.
Semantic Scholar venue: SYNT@CAV
Publication types: JournalArticle
Fields of study: Computer Science"
1753,"Title: Computer Aided Verification - 34th International Conference, CAV 2022, Haifa, Israel, August 7-10, 2022, Proceedings, Part I
Venue: cav
Authors: 
Abstract: This paper presents a quantitative program verification infrastructure for discrete probabilistic programs. Our infrastructure can be viewed as the probabilistic analogue of Boogie: its central components are an intermediate verification language (IVL) together with a real-valued logic. Our IVL provides a programming-language-style for expressing verification conditions whose validity implies the correctness of a program under investigation. As our focus is on verifying quantitative properties such as bounds on expected outcomes, expected run-times, or termination probabilities, off-the-shelf IVLs based on Boolean first-order logic do not suffice. Instead, a paradigm shift from the standard Boolean to a real-valued domain is required. Our IVL features quantitative generalizations of standard verification constructs such as assume- and assert-statements. Verification conditions are generated by a weakest-precondition-style semantics, based on our real-valued logic. We show that our verification infrastructure supports natural encodings of numerous verification techniques from the literature. With our SMT-based implementation, we automatically verify a variety of benchmarks. To the best of our knowledge, this establishes the first deductive verification infrastructure for expectation-based reasoning about probabilistic programs.
Semantic Scholar venue: Lecture Notes in Computer Science
Publication types: Book"
2793,"Title: Template games and differential linear logic.
Venue: lics
Authors: Paul-Andre Mellies
Abstract: We extend our recent template game model of multiplicative additive linear logic (MALL) with an exponential modality of linear logic (LL) derived from the standard categorical construction Sym of the free symmetric monoidal category. We obtain in this way the first game semantics of differential linear logic (DiLL) in its classical form. The construction of the model relies on a careful and healthy comparison with the model of generalised species designed ten years ago by Fiore, Gambino, Hyland and Winskel. Besides the resolution of an old open problem of game semantics, the study reveals an unexpected and promising convergence between linear logic and homotopy theory.
Semantic Scholar venue: Logic in Computer Science
Publication types: JournalArticle
Fields of study: Mathematics|Computer Science"
2190,"Title: A Correct-by-Decision Solution for Simultaneous Place and Route.
Venue: cav
Authors: Alexander Nadel
Abstract: A Correct-by-Decision-based solution within a SAT solving framework for a critical industrial problem that shows up in the physical design stage of the CAD process: simultaneous place and route under arbitrary constraints (design rules).
Semantic Scholar venue: International Conference on Computer Aided Verification
Publication types: JournalArticle|Conference
Fields of study: Computer Science"
2848,"Title: Regular Transducer Expressions for Regular Transformations.
Venue: lics
Authors: Vrunda Dave, Paul Gastin, Shankara Narayanan Krishna
Abstract: Functional MSO transductions, deterministic two-way transducers, as well as streaming string transducers are all equivalent models for regular functions. In this paper, we show that every regular function, either on finite words or on infinite words, captured by a deterministic two-way transducer, can be described with a regular transducer expression (RTE). For infinite words, the transducer uses Muller acceptance and ω-regular look-ahead. RTEs are constructed from constant functions using the combinators if-then-else (deterministic choice), Hadamard product, and unambiguous versions of the Cauchy product, the 2-chained Kleene-iteration and the 2-chained omega-iteration. Our proof works for transformations of both finite and infinite words, extending the result on finite words of Alur et al. in LICS'14. In order to construct an RTE associated with a deterministic two-way Muller transducer with look-ahead, we introduce the notion of transition monoid for such two-way transducers where the look-ahead is captured by some backward deterministic Büchi automaton. Then, we use an unambiguous version of Imre Simon's famous forest factorization theorem in order to derive a ""good"" (ω-)regular expression for the domain of the two-way transducer. ""Good"" expressions are unambiguous and Kleene-plus as well as ω-iterations are only used on subexpressions corresponding to idempotent elements of the transition monoid. The combinator expressions are finally constructed by structural induction on the ""good"" (ω-)regular expression describing the domain of the transducer.
Semantic Scholar venue: Logic in Computer Science
Publication types: JournalArticle|Book|Conference
Fields of study: Mathematics|Computer Science"
1813,"Title: Decision Tree Learning in CEGIS-Based Termination Analysis.
Venue: cav
Authors: Satoshi Kura, Hiroshi Unno, Ichiro Hasuo
Abstract: We present a novel decision tree-based synthesis algorithm of ranking functions for verifying program termination. Our algorithm is integrated into the workflow of CounterExample Guided Inductive Synthesis (CEGIS). CEGIS is an iterative learning model where, at each iteration, (1) a synthesizer synthesizes a candidate solution from the current examples, and (2) a validator accepts the candidate solution if it is correct, or rejects it providing counterexamples as part of the next examples. Our main novelty is in the design of a synthesizer: building on top of a usual decision tree learning algorithm, our algorithm detects cycles in a set of example transitions and uses them for refining decision trees. We have implemented the proposed method and obtained promising experimental results on existing benchmark sets of (non-)termination verification problems that require synthesis of piecewise-defined lexicographic affine ranking functions.
Semantic Scholar venue: International Conference on Computer Aided Verification
Publication types: JournalArticle|Conference
Fields of study: Computer Science"
1907,"Title: Tezla, an Intermediate Representation for Static Analysis of Michelson Smart Contracts.
Venue: cav
Authors: 
Abstract: This paper introduces Tezla, an intermediate representation of Michelson smart contracts that eases the design of static smart contract analysers. This intermediate representation uses a store and preserves the semantics, ow and resource usage of the original smart contract. This enables properties like gas consumption to be statically verified. We provide an automated decompiler of Michelson smart contracts to Tezla. In order to support our claim about the adequacy of Tezla, we develop a static analyser that takes advantage of the Tezla representation of Michelson smart contracts to prove simple but non-trivial properties.
Semantic Scholar venue: FMBC@CAV
Publication types: JournalArticle
Fields of study: Computer Science"
940,"Title: A Preference-Based Approach to Defeasible Deontic Inference.
Venue: kr
Authors: James Delgrande
Abstract: In this paper we present an approach to defeasible deontic inference. Given a set of rules R expressing conditional obligations and a formula γ giving contingent information, the goal is to determine the most desirable outcome with respect to this information. Semantically, the rules R induce a partial preorder on the set of models, giving the relative desirability of each model. Then the set of minimal γ models characterises the best that can be attained given that γ holds. A syntactic approach is also given, in terms of maximal subsets of material counterparts of rules in R, and that yields a formula that expresses the best outcome possible given that γ holds. These approaches are shown to coincide, providing an analogue to a soundness and completeness result. Complexity is not unreasonable, being at the second level of the polynomial hierarchy when the underlying logic is propositional logic. The approach yields desirable and intuitive results, including for the various “paradoxes” of deontic reasoning. The approach also highlights an interesting difference in how specificity is dealt with in nonmonotonic and deontic reasoning.
Semantic Scholar venue: International Conference on Principles of Knowledge Representation and Reasoning
Publication types: JournalArticle|Conference
Fields of study: Computer Science"
2066,"Title: Numerical Software Verification - 12th International Workshop, NSV@CAV 2019, New York City, NY, USA, July 13-14, 2019, Proceedings
Venue: cav
Authors: 
Abstract: I would like to express my deepest gratitude to my supervisor, Ichiro Hasuo, for his continuous supervisions and supports to me.Every time when I arrive at bottlenecks in my research, it is always his patient guidance and encouragement that help me overcome them.Also I am
Semantic Scholar venue: NSV@CAV
Publication types: Book
Fields of study: Computer Science"
2304,"Title: Logical relations for call-by-push-value models, via internal fibrations in a 2-category.
Venue: lics
Authors: Pedro H. Azevedo de Amorim, Satoshi Kura, Philip Saville
Abstract: We give a denotational account of logical relations for call-by-push-value (CBPV) in the fibrational style of Hermida, Jacobs, Katsumata and others. Fibrations—which axiomatise the usual notion of sets-with-relations—provide a clean framework for constructing new, logical relations-style, models. Such models can then be used to study properties such as effect simulation.Extending this picture to CBPV is challenging: the models incorporate both adjunctions and enrichment, making the appropriate notion of fibration unclear. We handle this using 2-category theory. We identify an appropriate 2-category, and define CBPV fibrations to be fibrations internal to this 2-category which strictly preserve the CBPV semantics.Next, we develop the theory so it parallels the classical setting. We give versions of the codomain and subobject fibrations, and show that new models can be constructed from old ones by pullback. The resulting framework enables the construction of new, logical relations-style, models for CBPV.Finally, we demonstrate the utility of our approach with particular examples. These include a generalisation of Katsumata’s ⊤⊤-lifting to CBPV models, an effect simulation result, and a relative full completeness result for CBPV without sum types.
Semantic Scholar venue: Logic in Computer Science
Publication types: JournalArticle
Fields of study: Computer Science|Mathematics"
2211,"Title: A Class of Control Certificates to Ensure Reach-While-Stay for Switched Systems.
Venue: cav
Authors: Hadi Ravanbakhsh, Sriram Sankaranarayanan
Abstract: In this article, we consider the problem of synthesizing switching controllers for temporal properties through the composition of simple primitive reach-while-stay (RWS) properties. Reach-while-stay properties specify that the system states starting from an initial set I, must reach a goal (target) set G in finite time, while remaining inside a safe set S. Our approach synthesizes switched controllers that select between finitely many modes to satisfy the given RWS specification. To do so, we consider control certificates, which are Lyapunov-like functions that represent control strategies to achieve the desired specification. However, for RWS problems, a control Lyapunov-like function is often hard to synthesize in a simple polynomial form. Therefore, we combine control barrier and Lyapunov functions with an additional compatibility condition between them. Using this approach, the controller synthesis problem reduces to one of solving quantified nonlinear constrained problems that are handled using a combination of SMT solvers. The synthesis of controllers is demonstrated through a set of interesting numerical examples drawn from the related work, and compared with the state-of-the-art tool SCOTS. Our evaluation suggests that our approach is computationally feasible, and adds to the growing body of formal approaches to controller synthesis.
Semantic Scholar venue: SYNT@CAV
Publication types: JournalArticle
Fields of study: Computer Science"
1464,"Title: StatWhy: Formal Verification Tool for Statistical Hypothesis Testing Programs.
Venue: cav
Authors: Yusuke Kawamoto, Kentaro Kobayashi, Kohei Suenaga
Abstract: Statistical methods have been widely misused and misinterpreted in various scientific fields, raising significant concerns about the integrity of scientific research. To mitigate this problem, we propose a tool-assisted method for formally specifying and automatically verifying the correctness of statistical programs. In this method, programmers are required to annotate the source code of the statistical programs with the requirements for these methods. Through this annotation, they are reminded to check the requirements for statistical methods, including those that cannot be formally verified, such as the distribution of the unknown true population. Our software tool StatWhy automatically checks whether programmers have properly specified the requirements for the statistical methods, thereby identifying any missing requirements that need to be addressed. This tool is implemented using the Why3 platform to verify the correctness of OCaml programs that conduct statistical hypothesis testing. We demonstrate how StatWhy can be used to avoid common errors in various statistical hypothesis testing programs.
Semantic Scholar venue: International Conference on Computer Aided Verification
Publication types: JournalArticle|Conference
Fields of study: Computer Science"
1337,"Title: Pinpointing Axioms in Ontologies via ASP.
Venue: lpnmr
Authors: Rafael Peñaloza, Francesco Ricca
Abstract: An approach that leverages the capabilities of answer set programming for transparent axiom pinpointing is proposed and it is shown how other associated tasks can be modelled without much additional effort.
Semantic Scholar venue: International Conference on Logic Programming and Non-Monotonic Reasoning
Publication types: JournalArticle
Fields of study: Computer Science"
1592,"Title: Minimal Logic Detection and Exporting SMTLIB Problems with Dolmen.
Venue: cav
Authors: G. Chibrikov
Semantic Scholar venue: SMT@CAV
Publication types: JournalArticle
Fields of study: Computer Science"
2805,"Title: Lambda Y-Calculus With Priorities.
Venue: lics
Authors: Igor Walukiewicz
Abstract: The lambda Y-calculus with priorities is a variant of the simply-typed lambda calculus designed for higher-order model-checking. The higher-order model-checking problem asks if a given parity tree automaton accepts the Böhm tree of a given term of the simply-typed lambda calculus with recursion. We show that this problem can be reduced to the same question but for terms of lambda Y-calculus with priorities and visibly parity automata; a subclass of parity automata. The latter question can be answered by evaluating terms in a simple powerset model with least and greatest fixpoints. We prove that the recognizing power of powerset models and visibly parity automata are the same. So, up to conversion to the lambda Y-calculus with priorities, powerset models with least and greatest fixpoints are indeed the right semantic framework for the model-checking problem. The reduction to lambda Y-calculus with priorities is also efficient algorithmically: it gives an algorithm of the same complexity as direct approaches to the higher-order model-checking problem. This indicates that the task of calculating the value of a term in a powerset model is a central algorithmic problem for higher-order model-checking.
Semantic Scholar venue: Logic in Computer Science
Publication types: JournalArticle
Fields of study: Computer Science|Mathematics"
1764,"Title: Isla: Integrating Full-Scale ISA Semantics and Axiomatic Concurrency Models.
Venue: cav
Authors: Alasdair Armstrong, Brian Campbell, Ben Simner, Christopher Pulte, Peter Sewell
Abstract: Architecture specifications such as Armv8-A and RISC-V are the ultimate foundation for software verification and the correctness criteria for hardware verification. They should define the allowed sequential and relaxed-memory concurrency behaviour of programs, but hitherto there has been no integration of full-scale instruction-set architecture (ISA) semantics with axiomatic concurrency models, either in mathematics or in tools. These ISA semantics can be surprisingly large and intricate, e.g. 100k $$+$$ + lines for Armv8-A. In this paper we present a tool, Isla, for computing the allowed behaviours of concurrent litmus tests with respect to full-scale ISA definitions, in the Sail language, and arbitrary axiomatic relaxed-memory concurrency models, in the Cat language. It is based on a generic symbolic engine for Sail ISA specifications. We equip the tool with a web interface to make it widely accessible, and illustrate and evaluate it for Armv8-A and RISC-V. The symbolic execution engine is valuable also for other verification tasks: it has been used in automated ISA test generation for the Arm Morello prototype architecture, extending Armv8-A with CHERI capabilities, and for Iris program-logic reasoning about binary code above the Armv8-A and RISC-V ISA specifications. By using full-scale and authoritative ISA semantics, Isla lets one evaluate litmus tests using arbitrary user instructions with high confidence. Moreover, because these ISA specifications give detailed and validated definitions of the sequential aspects of systems functionality, as used by hypervisors and operating systems, e.g. instruction fetch, exceptions, and address translation, our tool provides a basis for developing concurrency semantics for these. We demonstrate this for the Armv8-A instruction-fetch and virtual-memory models and examples of Simner et al.
Semantic Scholar venue: Formal methods in system design
Publication types: JournalArticle
Fields of study: Computer Science|Medicine"
1195,"Title: Online Situation-Determined Agents and their Supervision.
Venue: kr
Authors: Giuseppe De Giacomo, Yves Lespérance, Christian Muise
Abstract: This work investigates supervision of an agent that may acquire new knowledge about her environment during execution, for example, by sensing, and defines a notion of online situation-determined agent which ensures that for any sequence of actions the agent can perform online, the resulting agent configuration is unique.
Semantic Scholar venue: International Conference on Principles of Knowledge Representation and Reasoning
Publication types: JournalArticle|Conference
Fields of study: Computer Science"
2486,"Title: A categorical account of composition methods in logic.
Venue: lics
Authors: Tomáš Jakl, Dan Marsden, Nihil Shah
Abstract: We present a categorical theory of the composition methods in finite model theory – a key technique enabling modular reasoning about complex structures by building them out of simpler components. The crucial results required by the composition methods are Feferman–Vaught–Mostowski (FVM) type theorems, which characterize how logical equivalence be-haves under composition and transformation of models.Our results are developed by extending the recently introduced game comonad semantics for model comparison games. This level of abstraction allow us to give conditions yielding FVM type results in a uniform way. Our theorems are parametric in the classes of models, logics and operations involved. Furthermore, they naturally account for the positive existential fragment, and extensions with counting quantifiers of these logics. We also reveal surprising connections between FVM type theorems, and classical concepts in the theory of monads.We illustrate our methods by recovering many classical theorems of practical interest, including a refinement of a previous result by Dawar, Severini, and Zapata concerning the 3-variable counting logic and cospectrality. To highlight the importance of our techniques being parametric in the logic of interest, we prove a family of FVM theorems for products of structures, uniformly in the logic in question, which cannot be done using specific game arguments.
Semantic Scholar venue: Logic in Computer Science
Publication types: JournalArticle
Fields of study: Computer Science|Mathematics"
1988,"Title: Quantified Invariants via Syntax-Guided Synthesis.
Venue: cav
Authors: Grigory Fedyukovich, Sumanth Prabhu, Kumar Madhukar, Aarti Gupta
Abstract: Programs with arrays are ubiquitous. Automated reasoning about arrays necessitates discovering properties about ranges of elements at certain program points. Such properties are formally specified by universally quantified formulas, which are difficult to find, and difficult to prove inductive. In this paper, we propose an algorithm based on an enumerative search that discovers quantified invariants in stages. First, by exploiting the program syntax, it identifies ranges of elements accessed in each loop. Second, it identifies potentially useful facts about individual elements and generalizes them to hypotheses about entire ranges. Finally, by applying recent advances of SMT solving, the algorithm filters out wrong hypotheses. The combination of properties is often enough to prove that the program meets a safety specification. The algorithm has been implemented in a solver for Constrained Horn Clauses, Freq-Horn, and extended to deal with multiple (possibly nested) loops. We show that FreqHorn advances state-of-the-art on a wide range of public array-handling programs.
Semantic Scholar venue: International Conference on Computer Aided Verification
Publication types: JournalArticle|Conference
Fields of study: Computer Science"
770,"Title: Compound Conditionals as Random Quantities and Boolean Algebras.
Venue: kr
Authors: Tommaso Flaminio, Angelo Gilio, Lluis Godo, Giuseppe Sanfilippo
Abstract: Conditionals play a key role in different areas of logic and probabilistic reasoning, and they have been studied and formalised from different angles. In this paper we focus on the de Finetti's notion of conditional as a three-valued object, with betting-based semantics, and its related approach as random quantity as mainly developed by two of the authors. Compound conditionals have been studied in the literature, but not in full generality. In this paper we provide a natural procedure to explicitly attach conditional random quantities to arbitrary compound conditionals that also allows us to compute their previsions. By studying the properties of these random quantities, we show that, in fact, the set of compound conditionals can be endowed with a Boolean algebraic structure. In doing so, we pave the way to build a bridge between the long standing tradition of three-valued conditionals and a more recent proposal of looking at conditionals as elements from suitable Boolean algebras.
Semantic Scholar venue: International Conference on Principles of Knowledge Representation and Reasoning
Publication types: JournalArticle|Conference
Fields of study: Mathematics|Computer Science"
2153,"Title: On Multiphase-Linear Ranking Functions.
Venue: cav
Authors: Zixuan Chen
Abstract: Multiphase ranking functions (\( M\varPhi \)RFs) were proposed as a means to prove the termination of a loop in which the computation progresses through a number of “phases”, and the progress of each phase is described by a different linear ranking function. Our work provides new insights regarding such functions for loops described by a conjunction of linear constraints (single-path loops). We provide a complete polynomial-time solution to the problem of existence and of synthesis of \( M\varPhi \)RF of bounded depth (number of phases), when variables range over rational or real numbers; a complete solution for the (harder) case that variables are integer, with a matching lower-bound proof, showing that the problem is coNP-complete; and a new theorem which bounds the number of iterations for loops with \( M\varPhi \)RFs. Surprisingly, the bound is linear, even when the variables involved change in non-linear way. We also consider a type of lexicographic ranking functions more expressive than types of lexicographic functions for which complete solutions have been given so far. We prove that for the above type of loops, lexicographic functions can be reduced to \( M\varPhi \)RFs, and thus the questions of complexity of detection, synthesis, and iteration bounds are also answered for this class.
Semantic Scholar venue: International Conference on Computer Aided Verification
Publication types: JournalArticle|Conference
Fields of study: Computer Science"
1615,"Title: Automated Analyses of IOT Event Monitoring Systems.
Venue: cav
Authors: Andrew Apicelli, Sam Bayless, Ankush Das, Andrew Gacek, Dhiva Jaganathan, Saswat Padhi, Vaibhav Sharma, Michael W. Whalen, Raveesh Yadav
Abstract: Abstract AWS IoT Events is an AWS service that makes it easy to respond to events from IoT sensors and applications. Detector models in AWS IoT Events enable customers to monitor their equipment or device fleets for failures or changes in operation and trigger actions when such events occur. If these models are incorrect, they may become out-of-sync with the actual state of the equipment causing customers to be unable to respond to events occurring on it. Working backwards from common mistakes made when creating detector models, we have created a set of automated analyzers that allow customers to prove their models are free from six common mistakes. Our analyzers have been running in the AWS IoT Events production service since December 2021. Our analyzers check six correctness properties in the production service in real time. 93% of customers of AWS IoT Events have run our analyzers without needing to have any knowledge of them. Our analyzers have reported property violations in 22% of submitted detector models in the production service.
Semantic Scholar venue: International Conference on Computer Aided Verification
Publication types: JournalArticle|Conference
Fields of study: Computer Science"
2497,"Title: A Metalanguage for Cost-Aware Denotational Semantics.
Venue: lics
Authors: Yue Niu, Robert Harper
Abstract: We present metalanguages for developing synthetic cost-aware denotational semantics of programming languages. Extending recent advances by Niu et al. in cost and behavioral verification in dependent type theory, we define two successively more expressive metalanguages for studying cost-aware metatheory. We construct synthetic denotational models of the simply-typed lambda calculus and Modernized Algol, a language with first-order store and while loops, and show that they satisfy a cost-aware generalization of the classic Plotkin-type computational adequacy theorem. Moreover, by developing our proofs in a synthetic language of phase-separated constructions of intension and extension, our results easily restrict to the corresponding extensional theorems. Consequently, our work provides a positive answer to the conjecture raised in op. cit. and contributes a framework for cost-aware programming, verification, and metatheory.
Semantic Scholar venue: Logic in Computer Science
Publication types: JournalArticle
Fields of study: Computer Science"
2103,"Title: Model Checking Quantitative Hyperproperties.
Venue: cav
Authors: Tzu-Han Hsu, Cesar Sanchez, Borzoo Bonakdarpour
Abstract: Hyperproperties are properties of sets of computation traces. In this paper, we study quantitative hyperproperties, which we define as hyperproperties that express a bound on the number of traces that may appear in a certain relation. For example, quantitative non-interference limits the amount of information about certain secret inputs that is leaked through the observable outputs of a system. Quantitative non-interference thus bounds the number of traces that have the same observable input but different observable output. We study quantitative hyperproperties in the setting of HyperLTL, a temporal logic for hyperproperties. We show that, while quantitative hyperproperties can be expressed in HyperLTL, the running time of the HyperLTL model checking algorithm is, depending on the type of property, exponential or even doubly exponential in the quantitative bound. We improve this complexity with a new model checking algorithm based on model-counting. The new algorithm needs only logarithmic space in the bound and therefore improves, depending on the property, exponentially or even doubly exponentially over the model checking algorithm of HyperLTL. In the worst case, the new algorithm needs polynomial space in the size of the system. Our Max#Sat-based prototype implementation demonstrates, however, that the counting approach is viable on systems with nontrivial quantitative information flow requirements such as a passcode checker.
Semantic Scholar venue: International Conference on Computer Aided Verification
Publication types: JournalArticle|Conference
Fields of study: Computer Science"
1540,"Title: The SemGuS Toolkit.
Venue: cav
Authors: Keith J. C. Johnson, Andrew Reynolds, Thomas Reps, Loris D’Antoni
Abstract: Abstract Semantics-Guided Synthesis (SemGuS) is a programmable framework for defining synthesis problems in a domain- and solver-agnostic way. This paper presents the standardized SemGuS format, together with an open-source toolkit that providesa parser, a verifier, and enumerative SemGuS solvers. The paper also describes an initial set of SemGuS benchmarks, which form the basis for comparing SemGuS solvers, and presents an evaluation of the baseline enumerative solvers."
1013,"Title: Design and Analysis of Cryptographic Algorithms for Authentication.
Venue: kr
Authors: G. Lebovitz, E. Rescorla
Abstract: During the previous decades, the upcoming demand for security in the digital world, e.g., the Internet, lead to numerous groundbreaking research topics in the ﬁeld of cryptography. This thesis focuses on the design and analysis of cryptographic primitives and schemes to be used for authentication of data and communication endpoints, i.e., users. It is structured into three parts, where we present the ﬁrst freely scalable multi-block-length block-cipher-based compression function (Counter-bDM) in the ﬁrst part. The presented design is accompanied by a thorough security analysis regarding its preimage and collision security. The second and major part is devoted to password hashing. It is motivated by the large amount of leaked password during the last years and our discovery of side-channel attacks on scrypt – the ﬁrst modern password scrambler that allowed to parameterize the amount of memory required to compute a password hash. After summarizing which properties we expect from a modern password scrambler, we (1) describe a cache-timing attack on scrypt based on its password-dependent memory-access pattern and (2) outline an additional attack vector – garbage-collector attacks – that exploits optimization which may disregard to overwrite the internally used memory. Based on our observations, we introduce Catena – the ﬁrst memory-demanding password-scrambling framework that allows a password-independent memory-access pattern for resistance to the aforementioned attacks. Catena was submitted to the Password Hashing Competition (PHC) and, after two years of rigorous analysis, ended up as a ﬁnalist gaining special recognition for its agile framework approach and side-channel resistance. We provide six instances of Catena suitable for a variety of applications. We close the second part of this thesis with an overview of modern password scramblers regarding their functional, security, and general properties; supported by a brief analysis of their resistance to garbage-collector attacks. The third part of this thesis is dedicated to the integrity (authenticity of data) of nonce-based authenticated encryption schemes (NAE). We introduce the so-called j-IV-Collision Attack, allowing to obtain an upper bound for an adversary that is provided with a ﬁrst successful forgery and tries to eﬃciently compute j additional forgeries for a particular NAE scheme (in short: reforgeability). Additionally, we introduce the corresponding security notion j-INT-CTXT and provide a comparative analysis (regarding j-INT-CTXT security) of the third-round submission to the CAESAR competition and the four classical and widely used NAE schemes CWC, CCM, EAX, and GCM.
Semantic Scholar venue: Krypto-Tag
Publication types: JournalArticle|Review
Fields of study: Computer Science"
868,"Title: Strategic Reasoning in Automated Mechanism Design.
Venue: kr
Authors: Bastien Maubert, Munyque Mittelmann, Aniello Murano, Laurent Perrussel
Abstract: Mechanism Design aims at defining mechanisms that satisfy a predefined set of properties, and Auction Mechanisms are of foremost importance. Core properties of mechanisms, such as strategy-proofness or budget-balance, involve: (i) complex strategic concepts such as Nash equilibria, (ii) quantitative aspects such as utilities, and often (iii) imperfect information,with agents’ private valuations. We demonstrate that Strategy Logic provides a formal framework fit to model mechanisms, express such properties, and verify them. To do so, we consider a quantitative and epistemic variant of Strategy Logic. We first show how to express the implementation of social choice functions. Second, we show how fundamental mechanism properties can be expressed as logical formulas,and thus evaluated by model checking. Finally, we prove that model checking for this particular variant of Strategy Logic can be done in polynomial space.
Semantic Scholar venue: International Conference on Principles of Knowledge Representation and Reasoning
Publication types: JournalArticle|Conference
Fields of study: Computer Science"
1150,"Title: Propositional Belief Merging with OWA Operators.
Venue: kr
Authors: Creignou Nadia, Papini Odile, R&uuml;mmele Stefan, Woltran Stefan
Abstract: This work introduces OWA operators as propositional belief merging operators and investigates their logical properties, as well as their relation with IC and pre-IC merging operators.
Semantic Scholar venue: International Conference on Principles of Knowledge Representation and Reasoning
Publication types: JournalArticle|Conference
Fields of study: Computer Science"
2188,"Title: Cutoff Bounds for Consensus Algorithms.
Venue: cav
Authors: Ognjen Marić, Christoph Sprenger, David Basin
Abstract: This work provides an expressive language for consensus algorithms targeting the benign asynchronous setting and gives algorithm-dependent cutoff bounds, the first cutoff result for fault-tolerant distributed systems.
Semantic Scholar venue: International Conference on Computer Aided Verification
Publication types: JournalArticle|Conference
Fields of study: Computer Science"
2282,"Title: Limit-Deterministic Büchi Automata for Linear Temporal Logic.
Venue: cav
Authors: Javier Esparza, Jan Křetínský, Jean-François Raskin, Salomon Sickert
Abstract: This work presents a direct construction from an LTL formula \(\varphi \) to a limit-deterministic Buchi automaton, which yields much smaller automata for formulas with deep nesting of modal operators and performs at least as well as the existing approaches on general formulas.
Semantic Scholar venue: International Conference on Computer Aided Verification
Publication types: JournalArticle|Conference
Fields of study: Computer Science"
1157,"Title: Can Verification of Cryptographic Libraries be liberated from the von Neumann Style?
Venue: kr
Authors: John Backus
Semantic Scholar venue: Krypto-Tag
Publication types: JournalArticle
Fields of study: Computer Science"
2826,"Title: A universal-algebraic proof of the complexity dichotomy for Monotone Monadic SNP.
Venue: lics
Authors: Manuel Bodirsky, Florent Madelaine, Antoine Mottet
Abstract: The logic MMSNP is a restricted fragment of existential second-order logic which allows to express many interesting queries in graph theory and finite model theory. The logic was introduced by Feder and Vardi who showed that every MMSNP sentence is computationally equivalent to a finite-domain constraint satisfaction problem (CSP); the involved probabilistic reductions were derandomized by Kun using explicit constructions of expander structures. We present a new proof of the reduction to finite-domain CSPs that does not rely on the results of Kun. This new proof allows us to obtain a stronger statement and to verify the Bodirsky-Pinsker dichotomy conjecture for CSPs in MMSNP. Our approach uses the fact that every MMSNP sentence describes a finite union of CSPs for countably infinite ω-categorical structures; moreover, by a recent result of Hubička and Nešetřil, these structures can be expanded to homogeneous structures with finite relational signature and the Ramsey property. This allows us to use the universal-algebraic approach to study the computational complexity of MMSNP.
Semantic Scholar venue: Logic in Computer Science
Publication types: JournalArticle|Book|Conference
Fields of study: Computer Science|Mathematics"
2400,"Title: A proof theory of right-linear (ω-)grammars via cyclic proofs.
Venue: lics
Authors: Anupam Das, Abhishek De
Abstract: Right-linear (or left-linear) grammars are a well-known class of context-free grammars computing just the regular languages. They may naturally be written as expressions with least fixed points but with products restricted to letters as left arguments, giving an alternative to the syntax of regular expressions. In this work, we investigate the resulting logical theory of this syntax. Namely, we propose a theory of right-linear algebras (RLA) over this syntax and a cyclic proof system CRLA for reasoning about them. We show that CRLA is sound and complete for the intended model of regular languages. From here we recover the same completeness result for RLA by extracting inductive invariants from cyclic proofs. Finally, we extend CRLA by greatest fixed points, vCRLA, naturally modelled by languages of ω-words thanks to right-linearity. We show a similar soundness and completeness result of (the guarded fragment of) vCRLA for the model of ω-regular languages, this time requiring game theoretic techniques to handle the interleaving of fixed points.
Semantic Scholar venue: Logic in Computer Science
Publication types: Book|JournalArticle|Conference
Fields of study: Computer Science|Mathematics"
2855,"Title: Playing with Repetitions in Data Words Using Energy Games.
Venue: lics
Authors: Diego Figueira, Anirban Majumdar, M. Praveen
Abstract: We introduce two-player games which build words over infinite alphabets, and we study the problem of checking the existence of winning strategies. These games are played by two players, who take turns in choosing valuations for variables ranging over an infinite data domain, thus generating multi-attributed data words. The winner of the game is specified by formulas in the Logic of Repeating Values, which can reason about repetitions of data values in infinite data words. We prove that it is undecidable to check if one of the players has a winning strategy, even in very restrictive settings. However, we prove that if one of the players is restricted to choose valuations ranging over the Boolean domain, the games are effectively equivalent to single-sided games on vector addition systems with states (in which one of the players can change control states but cannot change counter values), known to be decidable and effectively equivalent to energy games. Previous works have shown that the satisfiability problem for various variants of the logic of repeating values is equivalent to the reachability and coverability problems in vector addition systems. Our results raise this connection to the level of games, augmenting further the associations between logics on data words and counter systems."
2570,"Title: Characterizing Positionality in Games of Infinite Duration over Infinite Graphs.
Venue: lics
Authors: Pierre Ohlmann
Abstract: We study turn-based quantitative games of infinite duration opposing two antagonistic players and played over graphs. This model is widely accepted as providing the adequate framework for formalizing the synthesis question for reactive systems. This important application motivates the question of strategy complexity: which valuations (or payoff functions) admit optimal positional strategies (without memory)? Valuations for which both players have optimal positional strategies have been characterized by Gimbert and Zielonka for finite graphs and by Colcombet and Niwi\'nski for infinite graphs. However, for reactive synthesis, existence of optimal positional strategies for the opponent (which models an antagonistic environment) is irrelevant. Despite this fact, not much is known about valuations for which the protagonist admits optimal positional strategies, regardless of the opponent. In this work, we characterize valuations which admit such strategies over infinite game graphs. Our characterization uses the vocabulary of universal graphs, which has also proved useful in understanding recent breakthrough results regarding the complexity of parity games. More precisely, we show that a valuation admitting universal graphs which are monotone and well-ordered is positional over all game graphs, and -- more surprisingly -- that the converse is also true for valuations admitting neutral colors. We prove the applicability and elegance of the framework by unifying a number of known positionality results, proving new ones, and establishing closure under lexicographical products. Finally, we discuss a class of prefix-independent positional objectives which is closed under countable unions."
2154,"Title: Pithya: A Parallel Tool for Parameter Synthesis of Piecewise Multi-affine Dynamical Systems.
Venue: cav
Authors: Nikola Beneš, Luboš Brim, Martin Demko, Samuel Pastva, David Šafránek
Abstract: A novel tool for parameter synthesis of piecewise multi-affine dynamical systems from specifications expressed in a hybrid branching-time temporal logic based on the algorithm of parallel semi-symbolic coloured model checking that extends standard model checking methods to cope with parametrised Kripke structures is presented.
Semantic Scholar venue: International Conference on Computer Aided Verification
Publication types: JournalArticle|Conference
Fields of study: Computer Science"
2676,"Title: A Higher Structure Identity Principle.
Venue: lics
Authors: Benedikt Ahrens, Paige Randall North, Michael Shulman, Dimitris Tsementzis
Abstract: The ordinary Structure Identity Principle states that any property of set-level structures (e.g., posets, groups, rings, fields) definable in Univalent Foundations is invariant under isomorphism: more specifically, identifications of structures coincide with isomorphisms. We prove a version of this principle for a wide range of higher-categorical structures, adapting FOLDS-signatures to specify a general class of structures, and using two-level type theory to treat all categorical dimensions uniformly. As in the previously known case of 1-categories (which is an instance of our theory), the structures themselves must satisfy a local univalence principle, stating that identifications coincide with ""isomorphisms"" between elements of the structure. Our main technical achievement is a definition of such isomorphisms, which we call ""indiscernibilities,"" using only the dependency structure rather than any notion of composition.
Semantic Scholar venue: Logic in Computer Science
Publication types: Book|JournalArticle|Conference
Fields of study: Mathematics|Computer Science"
2931,"Title: Understanding the complexity of #SAT using knowledge compilation.
Venue: lics
Authors: Florent Capelli
Abstract: Two main techniques have been used so far to solve the #P-hard problem #SAT. The first one, used in practice, is based on an extension of DPLL for model counting called exhaustive DPLL. The second approach, more theoretical, exploits the structure of the input to compute the number of satisfying assignments by usually using a dynamic programming scheme on a decomposition of the formula. In this paper, we make a first step toward the separation of these two techniques by exhibiting a family of formulas that can be solved in polynomial time with the first technique but needs an exponential time with the second one. We show this by observing that both techniques implicitly construct a very specific Boolean circuit equivalent to the input formula. We then show that every β-acyclic formula can be represented by a polynomial size circuit corresponding to the first method and exhibit a family of β-acyclic formulas which cannot be represented by polynomial size circuits corresponding to the second method. This result sheds a new light on the complexity of #SAT and related problems on β-acyclic formulas. As a byproduct, we give new handy tools to design algorithms on β-acyclic hypergraphs.
Semantic Scholar venue: Logic in Computer Science
Publication types: JournalArticle
Fields of study: Computer Science|Mathematics"
2518,"Title: Varieties of Quantitative Algebras and Their Monads.
Venue: lics
Authors: Jiri Adamek
Abstract: Quantitative Σ-algebras, where Σ is a signature with countable arities, are Σ-algebras equipped with a metric making all operations nonexpanding. They have been studied by Mardare, Panangaden and Plotkin who also introduced c-basic quantitative equations for regular cardinals c. Categories of quantitative algebras that can be presented by such equations for c = ℵ1 are called ω1-varieties. We prove that they are precisely the monadic categories , where is a countably basic monad on the category of metric spaces For Σ finitary one speaks about ω-varieties for c = ℵ0. If all spaces used are restricted to UMet, the category of ultrametric spaces, then ω-varieties are precisely the monadic categories , where is a finitely basic monad.
Semantic Scholar venue: Logic in Computer Science
Publication types: JournalArticle|Book|Conference
Fields of study: Computer Science"
2409,"Title: Declassification Policy for Program Complexity Analysis.
Venue: lics
Authors: Emmanuel Hainry, Bruce Kapron, Jean-Yves Marion, Romain Péchoux
Abstract: In automated complexity analysis, noninterference-based type systems statically guarantee, via soundness, the property that well-typed programs compute functions of a given complexity class, e.g., the class FP of functions computable in polynomial time. These characterizations are also extensionally complete - they capture all functions - but are not intensionally complete as some polytime algorithms are rejected. This impact on expressive power is an unavoidable cost of achieving a tractable characterization. To circumvent this issue, an avenue arising from security applications is to find a relaxation of noninterference based on a declassification mechanism that allows critical data to be released in a safe and controlled manner. Following this path, we present a new and intuitive declassification policy preserving FP-soundness and capturing strictly more programs than existing noninterference-based systems. We show the versatility of the approach: it also provides a new characterization of the class BFF of second-order polynomial time computable functions in a second-order imperative language, with first-order procedure calls. Type inference is tractable: it can be done in polynomial time.
Semantic Scholar venue: Logic in Computer Science
Publication types: JournalArticle|Book|Conference
Fields of study: Computer Science"
2844,"Title: Probabilistic Stable Functions on Discrete Cones are Power Series.
Venue: lics
Authors: Raphaëlle Crubillé
Abstract: We study the category Cstabm of measurable cones and measurable stable functions---a denotational model of an higher-order language with continuous probabilities and full recursion [7]. We look at Cstabm as a model for discrete probabilities, by showing the existence of a cartesian closed, full and faithful functor which embeds probabilistic coherence spaces---a fully abstract denotational model of an higher language with full recursion and discrete probabilities [8]---into Cstabm. The proof is based on a generalization of Bernstein's theorem from real analysis allowing to see stable functions between discrete cones as generalized power series.
Semantic Scholar venue: Logic in Computer Science
Publication types: Book|JournalArticle|Conference
Fields of study: Computer Science|Mathematics"
1632,"Title: Formula Normalizations in Verification.
Venue: cav
Authors: Simon Guilloud, Mario Bucev, Dragana Milovančević, Viktor Kunčak
Abstract: Abstract We apply and evaluate polynomial-time algorithms to compute two different normal forms of propositional formulas arising in verification. One of the normal form algorithms is presented for the first time. The algorithms compute normal forms and solve the word problem for two different subtheories of Boolean algebra: orthocomplemented bisemilattice (OCBSL) and ortholattice (OL). Equality of normal forms decides the word problem and is a sufficient (but not necessary) check for equivalence of propositional formulas. Our first contribution is a quadratic-time OL normal form algorithm, which induces a coarser equivalence than the OCBSL normal form and is thus a more precise approximation of propositional equivalence. The algorithm is efficient even when the input formula is represented as a directed acyclic graph. Our second contribution is the evaluation of OCBSL and OL normal forms as part of a verification condition cache of the Stainless verifier for Scala. The results show that both normalization algorithms substantially increase the cache hit ratio and improve the ability to prove verification conditions by simplification alone. To gain further insights, we also compare the algorithms on hardware circuit benchmarks, showing that normalization reduces circuit size and works well in the presence of sharing.
Semantic Scholar venue: International Conference on Computer Aided Verification
Publication types: JournalArticle|Conference
Fields of study: Computer Science"
2161,"Title: Syntax-Guided Optimal Synthesis for Chemical Reaction Networks.
Venue: cav
Authors: Luca Cardelli, Milan Češka, Martin Fränzle, Marta Kwiatkowska, Luca Laurenti, Nicola Paoletti, Max Whitby
Abstract: This work designs and implements a novel algorithm for the optimal synthesis of CRNs that employs almost complete refutation procedure for SMT over reals and ODEs, and exploits a meta-sketching abstraction controlling the search strategy.
Semantic Scholar venue: International Conference on Computer Aided Verification
Publication types: JournalArticle|Conference
Fields of study: Computer Science"
937,"Title: Lightweight Parallel Multi-Agent Epistemic Planning.
Venue: kr
Authors: Martin Cooper, Andreas Herzig, Frédéric Maris, Elise Perrotin, Julien Vianey
Abstract: We study a simple version of multi-agent epistemic planning where the number of parallel steps has to be minimized. We prove that this extension of classical planning is in PSPACE. We propose an encoding in PDDL and present some experiments providing evidence that this encoding allows us to solve practical problems. The types of problems we can encode include problems in which one agent can teach another agent how to perform a task and communication problems where some information must not be revealed to some agents.
Semantic Scholar venue: International Conference on Principles of Knowledge Representation and Reasoning
Publication types: JournalArticle|Conference
Fields of study: Computer Science"
2438,"Title: From Quantifier Depth to Quantifier Number: Separating Structures with k Variables.
Venue: lics
Authors: Harry Vinall-Smeeth
Abstract: Given two n-element structures, A and ℬ, which can be distinguished by a sentence of k-variable first-order logic (ℒk), what is the minimum f(n) such that there is guaranteed to be a sentence Φ ∈ ℒk with at most f(n) quantifiers, such that A ⊨ Φ but ℬ ⊭ Φ? We will present various results related to this question obtained by using the recently introduced QVT games [14]. In particular, we show that when we limit the number of variables, there can be an exponential gap between the quantifier depth and the quantifier number needed to separate two structures. As a consequence, we show that ℒk+1 is exponentially more succinct that ℒk. We also show, in the setting of the existential-positive fragment, how to lift quantifier depth lower bounds to quantifier number lower bounds. This leads to almost tight bounds.
Semantic Scholar venue: Logic in Computer Science
Publication types: JournalArticle|Book|Conference
Fields of study: Computer Science"
2822,"Title: Stochastic Shortest Paths and Weight-Bounded Properties in Markov Decision Processes.
Venue: lics
Authors: Christel Baier, Nathalie Bertrand, Clemens Dubslaff, Daniel Gburek, Ocan Sankur
Abstract: The paper deals with finite-state Markov decision processes (MDPs) with integer weights assigned to each state-action pair. New algorithms are presented to classify end components according to their limiting behavior with respect to the accumulated weights. These algorithms are used to provide solutions for two types of fundamental problems for integer-weighted MDPs. First, a polynomial-time algorithm for the classical stochastic shortest path problem is presented, generalizing known results for special classes of weighted MDPs. Second, qualitative probability constraints for weight-bounded (repeated) reachability conditions are addressed. Among others, it is shown that the problem to decide whether a disjunction of weight-bounded reachability conditions holds almost surely under some scheduler belongs to NP ∩ coNP, is solvable in pseudo-polynomial time and is at least as hard as solving two-player mean-payoff games, while the corresponding problem for universal quantification over schedulers is solvable in polynomial time.
Semantic Scholar venue: Logic in Computer Science
Publication types: JournalArticle|Book|Conference
Fields of study: Computer Science|Mathematics"
1510,"Title: Proceedings of the 12th Workshop on Horn Clauses for Verification and Synthesis, HCVS@CAV 2025, Zagreb, Croatia, 22 July 2025.
Venue: cav
Authors: Hongjian Jiang, Anthony W. Lin, Oliver Markgraf, Philipp Rümmer, Daniel Stan
Abstract: This volume contains the post-proceedings of the 12th Workshop on Horn Clauses for Verification and Synthesis (HCVS 2025), which took place in Zagreb, Croatia, on July 22, 2025, as affiliated workshop of the 37th International Conference on Computer Aided Verification (CAV 2025).
Semantic Scholar venue: HCVS@CAV
Fields of study: Computer Science"
3079,"Title: Reasoning about Recursive Probabilistic Programs.
Venue: lics
Authors: Federico Olmedo, Benjamin Lucien Kaminski, Joost-Pieter Katoen, Christoph Matheja
Abstract: This paper presents a wp–style calculus for obtaining expectations on the outcomes of (mutually) recursive probabilistic programs. We provide several proof rules to derive one– and two–sided bounds for such expectations, and show the soundness of our wp–calculus with respect to a probabilistic pushdown automaton semantics. We also give a wp–style calculus for obtaining bounds on the expected runtime of recursive programs that can be used to determine the (possibly infinite) time until termination of such programs.
Semantic Scholar venue: Logic in Computer Science
Publication types: Book|JournalArticle
Fields of study: Computer Science|Mathematics"
1733,"Title: Self-correcting Neural Networks for Safe Classification.
Venue: cav
Authors: V. Kurkova, P.C. Kainen
Abstract: Classifiers learnt from data are increasingly being used as components in systems where safety is a critical concern. In this work, we present a formal notion of safety for classifiers via constraints called safe-ordering constraints. These constraints relate requirements on the order of the classes output by a classifier to conditions on its input, and are expressive enough to encode various interesting examples of classifier safety specifications from the literature. For classifiers implemented using neural networks, we also present a run-time mechanism for the enforcement of safe-ordering constraints. Our approach is based on a self-correcting layer, which provably yields safe outputs regardless of the characteristics of the classifier input. We compose this layer with an existing neural network classifier to construct a self-correcting network (SC-Net), and show that in addition to providing safe outputs, the SC-Net is guaranteed to preserve the classification accuracy of the original network whenever possible. Our approach is independent of the size and architecture of the neural network used for classification, depending only on the specified property and the dimension of the network's output; thus it is scalable to large state-of-the-art networks. We show that our approach can be optimized for a GPU, introducing run-time overhead of less than 1ms on current hardware -- even on large, widely-used networks containing hundreds of thousands of neurons and millions of parameters.
Semantic Scholar venue: NSV/FoMLAS@CAV
Publication types: JournalArticle
Fields of study: Computer Science"
1122,"Title: Computing Logic Programs with Ordered Disjunction Using asprin.
Venue: kr
Authors: Gerhard Brewka, Ilkka Niemelä, Tommi Syrjänen
Abstract: It is shown how LPODs can be implemented using answer set solvers for normal programs, based on a generator which produces candidate answer sets and a tester which checks whether a given candidate is maximally preferred and produces a better candidate if it is not.
Semantic Scholar venue: International Conference on Climate Informatics
Publication types: JournalArticle
Fields of study: Mathematics|Computer Science"
1354,"Title: Diagnosing Data Pipeline Failures Using Action Languages.
Venue: lpnmr
Authors: Alex Brik, Jeffrey Xu
Abstract: An action language is introduced that combines elements of the action language Hybrid \(\mathcal {AL}\) and theaction language \(C_{TAID}\) to satisfy diagnosis of industrial data processing pipelines using action languages.
Semantic Scholar venue: International Conference on Logic Programming and Non-Monotonic Reasoning
Publication types: JournalArticle
Fields of study: Computer Science"
1133,"Title: Query Answering for Rough EL Ontologies.
Venue: kr
Authors: Patrick Koopmann
Abstract: This paper extends the combined approach for ontologybased query answering to a variant of the DL ELH⊥ augmented with rough concept constructors and shows that this extension preserves the good computational properties of classical EL and can be implemented by standard database.
Semantic Scholar venue: International Conference on Principles of Knowledge Representation and Reasoning
Publication types: JournalArticle|Conference
Fields of study: Computer Science"
1254,"Title: Implicit Hitting Set Algorithms for Reasoning Beyond NP.
Venue: kr
Authors: Katalin Fazekas, Fahiem Bacchus, Armin Biere
Abstract: It is shown empirically that an implementation of the instantiation for propositional abduction surpasses the efficiency of an approach based on encoding and solving propositional abducted instances as disjunctive logic programming under answer set semantics.
Semantic Scholar venue: International Conference on Principles of Knowledge Representation and Reasoning
Publication types: JournalArticle|Conference
Fields of study: Computer Science"
2057,"Title: Towards Bridging the Gap between Modern and Legacy Automotive ECUs: A Software-Based Security Framework for Legacy ECUs.
Venue: cav
Authors: Ashok Samraj Thangarajan, Mahmoud Ammar, Bruno Crispo, Danny Hughes
Abstract: Modern automotive architectures are complex and often comprise of hundreds of electronic control units (ECUs). These ECUs provide diverse services including infotainment, telematics, diagnostics, advanced driving assistance, and many others. The availability of such services is mainly attained by the increasing connectivity with the external world, thus expanding the attack surface. In recent years, automotive original equipment manufacturers (OEMs) and ECU suppliers have become cautious of cyber attacks and have begun fortifying the most vulnerable systems, with hardware-based security modules that enable sandboxing, secure boot, secure software updates and end-to-end message authentication. Nevertheless, insecure legacy ECUs are still in-use in modern vehicles due to price and design complexity issues. Legacy ECUs depend on simple microcontrollers, that lack any kind of hardware-based security. This makes it essential to bridge the gap between modern and legacy ECUs through software-based security by which cyber attacks can be mitigated, thus enhancing the security of vehicles. This paper provides one more step towards highly secure vehicles by introducing a lightweight software- based security framework which provides legacy ECUs with software-based virtualization and protection features along with custom security services. We discuss the motivation for pure software-based approaches, explore the various requirements and advantages obtained, and give an initial insight of the design rationale. Furthermore, we provide a proof of concept implementation and evaluation with a demonstrative use case illustrating the importance of such framework in delivering new diagnostics security services to legacy ECUs.
Semantic Scholar venue: Connected and Automated Vehicles Symposium
Publication types: JournalArticle
Fields of study: Computer Science"
1178,"Title: DATA - Differential Address Trace Analysis.
Venue: kr
Authors: A. Fox, T. Grun
Abstract: DATE is presented, a differential address trace analysis framework that detects address-based sidechannel leaks in program binaries and reveals known and previously unknown leaks in asymmetric primitives (RSA, DSA, ECDSA), and DATA identifies erroneous bug fixes of supposedly fixed constant-time vulnerabilities.
Semantic Scholar venue: USENIX Security Symposium
Publication types: JournalArticle
Fields of study: Computer Science"
2122,"Title: Exploiting Synchrony and Symmetry in Relational Verification.
Venue: cav
Authors: Lauren Pick, Grigory Fedyukovich, Aarti Gupta
Abstract: Relational safety specifications describe multiple runs of the same program or relate the behaviors of multiple programs. Approaches to automatic relational verification often compose the programs and analyze the result for safety, but a naively composed program can lead to difficult verification problems. We propose to exploit relational specifications for simplifying the generated verification subtasks. First, we maximize opportunities for synchronizing code fragments. Second, we compute symmetries in the specifications to reveal and avoid redundant subtasks. We have implemented these enhancements in a prototype for verifying k-safety properties on Java programs. Our evaluation confirms that our approach leads to a consistent performance speedup on a range of benchmarks.
Semantic Scholar venue: International Conference on Computer Aided Verification
Publication types: JournalArticle|Conference
Fields of study: Computer Science"
1342,"Title: Towards Causality-Based Conflict Resolution in Answer Set Programs.
Venue: lpnmr
Authors: Andre Thevapalan, Konstantin Haupt, Gabriele Kern-Isberner
Semantic Scholar venue: International Conference on Logic Programming and Non-Monotonic Reasoning
Publication types: JournalArticle
Fields of study: Computer Science"
1803,"Title: Verisig 2.0: Verification of Neural Network Controllers Using Taylor Model Preconditioning.
Venue: cav
Authors: Radoslav Ivanov, Taylor Carpenter, James Weimer, Rajeev Alur, George Pappas, Insup Lee
Abstract: This paper presents Verisig 2.0, a verification tool for closed-loop systems with neural network (NN) controllers. We focus on NNs with tanh/sigmoid activations and develop a Taylor-model-based reachability algorithm through Taylor model preconditioning and shrink wrapping. Furthermore, we provide a parallelized implementation that allows Verisig 2.0 to efficiently handle larger NNs than existing tools can. We provide an extensive evaluation over 10 benchmarks and compare Verisig 2.0 against three state-of-the-art verification tools. We show that Verisig 2.0 is both more accurate and faster, achieving speed-ups of up to 21x and 268x against different tools, respectively.
Semantic Scholar venue: International Conference on Computer Aided Verification
Publication types: JournalArticle|Conference
Fields of study: Computer Science"
2967,"Title: A weakest pre-expectation semantics for mixed-sign expectations.
Venue: lics
Authors: Benjamin Lucien Kaminski, Joost-Pieter Katoen
Abstract: We present a weakest-precondition-style calculus for reasoning about the expected values (pre-expectations) of mixed-sign unbounded random variables after execution of a probabilistic program. The semantics of a while-loop is defined as the limit of iteratively applying a functional to a zero-element just as in the traditional weakest pre-expectation calculus, even though a standard least fixed point argument is not applicable in our semantics. A striking feature of our semantics is that it is always well-defined, even if the expected values do not exist. We show that the calculus is sound and allows for compositional reasoning. Furthermore, we present an invariant-based approach for reasoning about pre-expectations of loops.
Semantic Scholar venue: Logic in Computer Science
Publication types: JournalArticle
Fields of study: Computer Science|Mathematics"
959,"Title: Reasoning with Inconsistent Knowledge using the Epistemic Approach to Probabilistic Argumentation.
Venue: kr
Authors: Anthony Hunter
Abstract: Structured argumentation involves drawing inferences from knowledge in order to construct arguments and counterarguments. Since knowledge can be uncertain, we can use a probabilistic approach to representing and reasoning with the knowledge. Individual arguments can be constructed from the knowledge, with the belief in each argument determined just from the belief in the formulae appearing in the argument. However, if the original knowledgebase is inconsistent, this does not take into account the counterarguments that can be constructed. We therefore need a wider perspective that revises the belief in individual arguments in order to take into account the counterarguments. To address this need, we present a framework for probabilistic argumentation that uses relaxation methods to give a coherent view on the knowledge, and thereby revises the belief in the arguments that are generated from the knowledge.
Semantic Scholar venue: International Conference on Principles of Knowledge Representation and Reasoning
Publication types: JournalArticle|Conference
Fields of study: Computer Science"
1143,"Title: Omission-Based Abstraction for Answer Set Programs.
Venue: kr
Authors: ZEYNEP G. SARIBATUR, THOMAS EITER
Abstract: Abstract Abstraction is a well-known approach to simplify a complex problem by over-approximating it with a deliberate loss of information. It was not considered so far in Answer Set Programming (ASP), a convenient tool for problem solving. We introduce a method to automatically abstract ASP programs that preserves their structure by reducing the vocabulary while ensuring an over-approximation (i.e., each original answer set maps to some abstract answer set). This allows for generating partial answer set candidates that can help with approximation of reasoning. Computing the abstract answer sets is intuitively easier due to a smaller search space, at the cost of encountering spurious answer sets. Faithful (non-spurious) abstractions may be used to represent projected answer sets and to guide solvers in answer set construction. For dealing with spurious answer sets, we employ an ASP debugging approach to help with abstraction refinement, which determines atoms as badly omitted and adds them back in the abstraction. As a show case, we apply abstraction to explain unsatisfiability of ASP programs in terms of blocker sets, which are the sets of atoms such that abstraction to them preserves unsatisfiability. Their usefulness is demonstrated by experimental results.
Semantic Scholar venue: Theory and Practice of Logic Programming
Publication types: JournalArticle
Fields of study: Computer Science"
2868,"Title: Unification nets: canonical proof net quantifiers.
Venue: lics
Authors: Dominic J. D. Hughes
Abstract: Proof nets for MLL (unit-free Multiplicative Linear Logic) are concise graphical representations of proofs which are canonical in the sense that they abstract away syntactic redundancy such as the order of non-interacting rules. We argue that Girard's extension to MLL1 (first-order MLL) fails to be canonical because of redundant existential witnesses, and present canonical MLL1 proof nets called unification nets without them. For example, while there are infinitely many cut-free Girard nets ∀x Px ⊢ ∃x Px, one per arbitrary witness for ∃x, there is a unique cut-free unification net, with no specified witness. Cut elimination for unification nets is local and linear time, while Girard's is non-local and exponential time. Since some unification nets are exponentially smaller than corresponding Girard nets and sequent proofs, technical delicacy is required to ensure correctness is polynomial-time (quadratic). These results transcend MLL1 via a methodological insight: for canonical quantifiers, the standard parallel/sequential dichotomy of proof nets is insufficient; an implicit/explicit witness dichotomy is needed. Current work extends unification nets to additives and uses them to extend combinatorial proofs [Proofs without syntax, Annals of Mathematics, 2006] to classical first-order logic.
Semantic Scholar venue: Logic in Computer Science
Publication types: JournalArticle|Book|Conference
Fields of study: Computer Science|Mathematics"
2030,"Title: Reinforcement Learning and Formal Requirements.
Venue: cav
Authors: 
Abstract: For safety-critical applications of reinforcement learning a rigorous design methodology is needed and a principled approach to requirement specification and the translation of objectives into the form required by reinforcement learning algorithms.
Semantic Scholar venue: NSV@CAV
Publication types: JournalArticle
Fields of study: Computer Science"
1110,"Title: Updating Belief in Arguments in Epistemic Graphs.
Venue: kr
Authors: Matthias Steup
Abstract: This work investigates the behaviour of epistemic graphs in a dynamic setting where a given distribution can be updated once new constraints are presented, and identifies fragments of the epistemic constraint language that guarantee the existence of well-defined solutions.
Semantic Scholar venue: International Conference on Principles of Knowledge Representation and Reasoning
Publication types: JournalArticle|Conference
Fields of study: Computer Science"
784,"Title: Ontology-Mediated Querying on Databases of Bounded Cliquewidth.
Venue: kr
Authors: Carsten Lutz, Leif Sabellek, Lukas Schulze
Abstract: We study the evaluation of ontology-mediated queries (OMQs) on
databases of bounded cliquewidth from the viewpoint of parameterized
complexity theory. As the ontology language, we consider the description 
logics ALC and ALCI as well as the guarded two-variable fragment GF2
of first-order logic. Queries are atomic queries (AQs), conjunctive
queries (CQs), and unions of CQs. All studied OMQ problems are
fixed-parameter linear (FPL) when the parameter is the size of the
OMQ plus the cliquewidth. Our main contribution is a detailed analysis of
the dependence of the running time on the parameter, exhibiting
several interesting effects.
Semantic Scholar venue: International Conference on Principles of Knowledge Representation and Reasoning
Publication types: JournalArticle|Conference
Fields of study: Computer Science"
2900,"Title: Logical paradoxes in quantum computation.
Venue: lics
Authors: Nadish de Silva
Abstract: The precise features of quantum theory enabling quantum computational power are unclear. Contextuality---the denial of a notion of classical physical reality---has emerged as a promising hypothesis: e.g. Howard et al. showed that the magic states needed to practically achieve quantum computation are contextual. Strong contextuality, as defined by Abramsky-Brandenburger, is an extremal form of contextuality describing systems that exhibit logically paradoxical behaviour. After introducing number-theoretic techniques for constructing exotic quantum paradoxes, we present large families of strongly contextual magic states that are computationally optimal in the sense that they enable universal quantum computation via deterministic injection of gates of the Clifford hierarchy. We thereby bolster a refinement of the resource theory of contextuality that emphasises the computational power of logical paradoxes.
Semantic Scholar venue: Logic in Computer Science
Publication types: JournalArticle|Book|Conference
Fields of study: Computer Science|Mathematics|Physics"
2709,"Title: Successor-Invariant First-Order Logic on Classes of Bounded Degree.
Venue: lics
Authors: Julien Grange
Abstract: We study the expressive power of successor-invariant first-order logic, which is an extension of first-order logic where the usage of an additional successor relation on the structure is allowed, as long as the validity of formulas is independent of the choice of a particular successor on finite structures. We show that when the degree is bounded, successor-invariant first-order logic is no more expressive than first-order logic."
3015,"Title: Hybrid realizability for intuitionistic and classical choice.
Venue: lics
Authors: Valentin Blot
Abstract: In intuitionistic realizability like Kleene's or Kreisel's, the axiom of choice is trivially realized. It is even provable in Martin-Löf's intuitionistic type theory. In classical logic, however, even the weaker axiom of countable choice proves the existence of non-computable functions. This logical strength comes at the price of a complicated computational interpretation which involves strong recursion schemes like bar recursion. We take the best from both worlds and define a realizability model for arithmetic and the axiom of choice which encompasses both intuitionistic and classical reasoning. In this model two versions of the axiom of choice can co-exist in a single proof: intuitionistic choice and classical countable choice. We interpret intuitionistic choice efficiently, however its premise cannot come from classical reasoning. Conversely, our version of classical choice is valid in full classical logic, but it is restricted to the countable case and its realizer involves bar recursion. Having both versions allows us to obtain efficient extracted programs while keeping the provability strength of classical logic.
Semantic Scholar venue: Logic in Computer Science
Publication types: Book|JournalArticle
Fields of study: Computer Science|Mathematics"
1186,"Title: Infinite Paths in the Situation Calculus: Axiomatization and Properties.
Venue: kr
Authors: Louise Schmir Hay
Abstract: This paper introduces a new sort ranging over infinite paths in the situation calculus and proposes an axiomatization for infinite paths, a convenient way of specifying several kinds of notions that involve infinite futures such as temporal properties of non-terminating executions of agents or programs and mental attitudes such as desires and intentions.
Semantic Scholar venue: International Conference on Principles of Knowledge Representation and Reasoning
Publication types: JournalArticle|Conference
Fields of study: Computer Science"
2542,"Title: Reasoning on Data Words over Numeric Domains.
Venue: lics
Authors: Diego Figueira, Anthony Widjaja Lin
Abstract: We introduce parametric semilinear data logic (pSDL) for reasoning about data words with numeric data. The logic allows parameters, and Presburger guards on the data and on the Parikh image of equivalence classes (i.e. data counting), allowing us to capture data languages like: (1) each data value occurs at most once in the word and is an even number, (2) the subset of the positions containing data values divisible by 4 has the same number of a’s and b’s, (3) the data value with the highest frequency in the word is divisible by 3, and (4) each data value occurs at most once, and the set of data values forms an interval. We provide decidability and complexity results for the problem of membership and satisfiability checking over these models. In contrast to two-variable logic of data words and data automata (which also permit a form of data counting but no arithmetics over numeric domains and have incomparable inexpressivity), pSDL has elementary complexity of satisfiability checking. We show interesting potential applications of our models in databases and verification.
Semantic Scholar venue: Logic in Computer Science
Publication types: JournalArticle|Book|Conference
Fields of study: Computer Science"
939,"Title: Fine-Grained Complexity of Temporal Problems.
Venue: kr
Authors: Konrad K. Dabrowski, Peter Jonsson, Sebastian Ordyniak, George Osipov
Abstract: Expressive temporal reasoning formalisms are essential for AI. One family of such formalisms consists of disjunctive extensions of the simple temporal problem (STP). Such extensions are well studied in the literature and they have many important applications.
It is known that deciding satisfiability of disjunctive STPs is NP-hard, while the fine-grained complexity of such problems is virtually unexplored. We present novel algorithms that exploit structural properties of the solution space and prove, assuming the Exponential-Time Hypothesis, that their worst-case time complexity is close to optimal. Among other things, we make progress towards resolving a long-open question concerning whether Allen's interval algebra can be solved in single-exponential time, by giving a 2^{O(nloglog(n))} algorithm for the special case of unit-length intervals.
Semantic Scholar venue: International Conference on Principles of Knowledge Representation and Reasoning
Publication types: JournalArticle|Conference
Fields of study: Computer Science"
776,"Title: Inference with System W Satisfies Syntax Splitting.
Venue: kr
Authors: Jonas Haldimann, Christoph Beierle
Abstract: In this paper, we investigate inductive inference with system W from conditional belief bases with respect to syntax splitting. The concept of syntax splitting for inductive inference states that inferences about independent parts of the signature should not affect each other. This was captured in work by Kern-Isberner, Beierle, and Brewka in the form of postulates for inductive inference operators expressing syntax splitting as a combination of relevance and independence; it was also shown that c-inference fulfils syntax splitting, while system P inference and system Z both fail to satisfy it. System W is a recently introduced inference system for nonmonotonic reasoning that captures and properly extends system Z as well as c-inference. We show that system W fulfils the syntax splitting postulates for inductive inference operators by showing that it satisfies the required properties of relevance and independence. This makes system W another inference operator besides c-inference that fully complies with syntax splitting, while in contrast to c-inference, also extending rational closure.
Semantic Scholar venue: International Conference on Principles of Knowledge Representation and Reasoning
Publication types: JournalArticle|Conference
Fields of study: Computer Science"
2167,"Title: A Three-Tier Strategy for Reasoning About Floating-Point Numbers in SMT.
Venue: cav
Authors: Sylvain Conchon, Mohamed Iguernlala, Kailiang Ji, Guillaume Melquiond, Clément Fumex
Abstract: This work proposes a three-tier strategy to reason about FPA in SMT solvers, which extends the instantiation mechanism of SMTsolvers to tightly cooperate with the third layer, the NRA engine of SMTs, which provides interval information.
Semantic Scholar venue: International Conference on Computer Aided Verification
Publication types: JournalArticle|Conference
Fields of study: Computer Science"
1944,"Title: Performance Analysis of Cellular-V2X with Adaptive &amp; Selective Power Control.
Venue: cav
Authors: Md Saifuddin, Mahdi Zaman, Behrad Toghi, Yaser P. Fallah, Jayanthi Rao
Abstract: LTE based Cellular Vehicle-To-Everything (C-V2X) allows vehicles to communicate with each other directly without the need for infrastructure and is expected to be a critical enabler for connected and autonomous vehicles. V2X communication based safety applications are built on periodic broadcast of basic safety messages with vehicle state information. Vehicles use this information to identify collision threats and take appropriate countermeasures. As the vehicle density increases, these broadcasts can congest the communication channel resulting in increased packet loss; fundamentally impacting the ability to identify threats in a timely manner. To address this issue, it is important to incorporate a congestion control mechanism. Congestion management scheme based on rate and power control has proved to be effective for DSRC. In this paper, we investigate the suitability of similar congestion control to C-V2X with particular focus on transmit power control. In our evaluation, we include periodic basic safety messages and high priority event messages that are generated when an event such as hard braking occurs. Our study reveals that while power control does not improve packet delivery performance of basic safety messages, it is beneficial to high priority event message delivery. In this paper, we investigate the reasons for this behavior using simulations and analysis.
Semantic Scholar venue: Connected and Automated Vehicles Symposium
Publication types: JournalArticle
Fields of study: Computer Science"
1264,"Title: Generating Conflict-Free Treatments for Patients with Comorbidity Using Answer Set Programming.
Venue: kr
Authors: Elie Merhej, Steven Schockaert, T. Greg McKelvey, Martine De Cock
Abstract: An answer set programming based method that detects and repairs conflicts between treatments, and includes the possibility to take preferences based on drug-drug interactions into account while solving inconsistencies.
Semantic Scholar venue: KR4HC/ProHealth@HEC
Publication types: JournalArticle
Fields of study: Computer Science"
999,"Title: Proceedings of the 17th International Conference on Principles of Knowledge Representation and Reasoning, KR 2020, Rhodes, Greece, September 12-18, 2020.
Venue: kr
Authors: Erman Acar, Rafael Peñaloza
Abstract: Abstract The operational backbone of modern organizations is the target of business process management, where business process models are produced to describe how the organization should react to events and coordinate the execution of activities so as to satisfy its business goals. At the same time, operational decisions are made by considering internal and external contextual factors, according to decision models that are typically based on declarative, rule-based specifications that describe how input configurations correspond to output results. The increasing importance and maturity of these two intertwined dimensions, those of processes and decisions, have led to a wide range of data-aware models and associated methodologies, such as BPMN for processes and DMN for operational decisions. While it is important to analyze these two aspects independently, it has been pointed out by several authors that it is also crucial to analyze them in combination. In this paper, we provide a native, formal definition of DBPMN models, namely data-aware and decision-aware processes that build on BPMN and DMN S-FEEL, illustrating their use and giving their formal execution semantics via an encoding into Data Petri nets (DPNs). By exploiting this encoding, we then build on previous work in which we lifted the classical notion of soundness of processes to this richer, data-aware setting, and show how the abstraction and verification techniques that were devised for DPNs can be directly used for DBPMN models. This paves the way towards even richer forms of analysis, beyond that of assessing soundness, that are based on the same technique.
Semantic Scholar venue: International Conference on Principles of Knowledge Representation and Reasoning
Publication types: Conference
Fields of study: Computer Science"
2130,"Title: Formal Verification of a Vehicle-to-Vehicle (V2V) Messaging System.
Venue: cav
Authors: Mark Tullsen, Lee Pike, Nathan Collins, Aaron Tomb
Abstract: Vehicle-to-Vehicle (V2V) communications is a “connected vehicles” standard that will likely be mandated in the U.S. within the coming decade. V2V, in which automobiles broadcast to one another, promises improved safety by providing collision warnings, but it also poses a security risk. At the heart of V2V is the communication messaging system, specified in SAE J2735 using the Abstract Syntax Notation One (ASN.1) data-description language. Motivated by numerous previous ASN.1 related vulnerabilities, we present the formal verification of an ASN.1 encode/decode pair. We describe how we generate the implementation in C using our ASN.1 compiler. We define self-consistency for encode/decode pairs that approximates functional correctness without requiring a formal specification of ASN.1. We then verify self-consistency and memory safety using symbolic simulation via the Software Analysis Workbench.
Semantic Scholar venue: International Conference on Computer Aided Verification
Publication types: JournalArticle|Conference
Fields of study: Computer Science"
2450,"Title: Computing the linear hull: Deciding Deterministic? and Unambiguous? for weighted automata over fields.
Venue: lics
Authors: Jason P. Bell, Daniel Smertnig
Abstract: The (left) linear hull of a weighted automaton over a field is a topological invariant. If the automaton is minimal, the linear hull can be used to determine whether or not the automaton is equivalent to a deterministic one. Furthermore, the linear hull can also be used to determine whether the minimal automaton is equivalent to an unambiguous one. We show how to compute the linear hull, and thus prove that it is decidable whether or not a given automaton over a number field is equivalent to a deterministic one. In this case we are also able to compute an equivalent deterministic automaton. We also show the analogous decidability and computability result for the unambiguous case. Our results resolve a problem posed in a 2006 survey by Lombardy and Sakarovitch.
Semantic Scholar venue: Logic in Computer Science
Publication types: JournalArticle|Review
Fields of study: Computer Science|Mathematics"
3028,"Title: Games with bound guess actions.
Venue: lics
Authors: Thomas Colcombet, Stefan Göller
Abstract: We introduce games with (bound) guess actions. These are games in which the players may be asked along the play to provide numbers that need to satisfy some bounding constraints. These are natural extensions of domination games occurring in the regular cost function theory. In this paper we consider more specifically the case where the constraints to be bounded are regular cost functions, and the long term goal is an ω-regular winning condition. We show that such games are decidable on finite arenas.
Semantic Scholar venue: Logic in Computer Science
Publication types: Book|JournalArticle
Fields of study: Computer Science|Mathematics"
3080,"Title: Solvability of Matrix-Exponential Equations.
Venue: lics
Authors: Joel Ouaknine, Amaury Pouly, Joao Sousa-Pinto, James Worrell
Abstract: We consider a continuous analogue of (Babai et al. 1996)’s and (Cai et al. 2000)’s problem of solving multiplicative matrix equations. Given k + 1 square matrices A1,…, Ak, C, all of the same dimension, whose entries are real algebraic, we examine the problem of deciding whether there exist non-negative reals t1, …, tk such that\begin{equation*} \prod\limits_{i = 1}^k {\exp ({A_i}{t_i})} = C. \end{equation*}We show that this problem is undecidable in general, but decidable under the assumption that the matrices A1, …, Ak commute. Our results have applications to reachability problems for linear hybrid automata.Our decidability proof relies on a number of theorems from algebraic and transcendental number theory, most notably those of Baker, Kronecker, Lindemann, and Masser, as well as some useful geometric and linear-algebraic results, including the Minkowski-Weyl theorem and a new (to the best of our knowledge) result about the uniqueness of strictly upper triangular matrix logarithms of upper unitriangular matrices. On the other hand, our undecidability result is shown by reduction from Hilbert’s Tenth Problem.
Semantic Scholar venue: Logic in Computer Science
Publication types: JournalArticle|Book
Fields of study: Computer Science|Mathematics"
2059,"Title: Location Anomalies Detection for Connected and Autonomous Vehicles.
Venue: cav
Authors: Xiaoyang Wang, Ioannis Mavromatis, Andrea Tassi, Raul Santos-Rodriguez, Robert J. Piechocki
Abstract: Future Connected and Automated Vehicles (CAVs), and more generally ITS, will form a highly interconnected system. Such a paradigm is referred to as the Internet of Vehicles (herein Internet of CAVs) and is a prerequisite to orchestrate traffic flows in cities. For optimal decision making and supervision, traffic centres will have access to suitably anonymized CAV mobility information. Safe and secure operations will then be contingent on early detection of anomalies. In this paper, a novel unsupervised learning model based on deep autoencoder is proposed to detect the self-reported location anomaly in CAVs, using vehicle locations and the Received Signal Strength Indicator (RSSI) as features. Quantitative experiments on simulation datasets show that the proposed approach is effective and robust in detecting self-reported location anomalies.
Semantic Scholar venue: Connected and Automated Vehicles Symposium
Publication types: JournalArticle
Fields of study: Computer Science|Engineering|Mathematics"
1050,"Title: Variable Elimination for DLP-Functions.
Venue: kr
Authors: 
Abstract: In this paper, the structure of modules in the form of DLP-functions, namely their restricted interface, invites the investigation of a weaker notion of persistence based on uniform equivalence, which seems to adequately encode the requirements of the forgetting operation.
Semantic Scholar venue: International Conference on Principles of Knowledge Representation and Reasoning
Publication types: JournalArticle|Conference
Fields of study: Computer Science"
2136,"Title: SCInfer: Refinement-Based Verification of Software Countermeasures Against Side-Channel Attacks.
Venue: cav
Authors: Jun Zhang, Pengfei Gao, Fu Song, Chao Wang
Abstract: Power side-channel attacks, capable of deducing secret using statistical analysis techniques, have become a serious threat to devices in cyber-physical systems and the Internet of things. Random masking is a widely used countermeasure for removing the statistical dependence between secret data and side-channel leaks. Although there are techniques for verifying whether software code has been perfectly masked, they are limited in accuracy and scalability. To bridge this gap, we propose a refinement-based method for verifying masking countermeasures. Our method is more accurate than prior syntactic type inference based approaches and more scalable than prior model-counting based approaches using SAT or SMT solvers. Indeed, it can be viewed as a gradual refinement of a set of semantic type inference rules for reasoning about distribution types. These rules are kept abstract initially to allow fast deduction, and then made concrete when the abstract version is not able to resolve the verification problem. We have implemented our method in a tool and evaluated it on cryptographic benchmarks including AES and MAC-Keccak. The results show that our method significantly outperforms state-of-the-art techniques in terms of both accuracy and scalability.
Semantic Scholar venue: International Conference on Computer Aided Verification
Publication types: JournalArticle|Conference
Fields of study: Computer Science"
2078,"Title: A Direct Encoding for NNC Polyhedra.
Venue: cav
Authors: Anna Becchi, Enea Zaffanella
Abstract: We present an alternative Double Description representation for the domain of NNC (not necessarily closed) polyhedra, together with the corresponding Chernikova-like conversion procedure. The representation uses no slack variable at all and provides a solution to a few technical issues caused by the encoding of an NNC polyhedron as a closed polyhedron in a higher dimension space. A preliminary experimental evaluation shows that the new conversion algorithm is able to achieve significant efficiency improvements.
Semantic Scholar venue: International Conference on Computer Aided Verification
Publication types: JournalArticle|Conference
Fields of study: Computer Science"
2428,"Title: Concurrent Games over Relational Structures: The Origin of Game Comonads.
Venue: lics
Authors: Yoàv Montacute, Glynn Winskel
Abstract: Spoiler-Duplicator games are used in finite model theory to examine the expressive power of logics. Their strategies have recently been reformulated as coKleisli maps of game comonads over relational structures, providing new results in finite model theory via categorical techniques. We present a novel framework for studying Spoiler-Duplicator games by viewing them as event structures. We introduce a first systematic method for constructing comonads for all one-sided Spoiler-Duplicator games: game comonads are now realised by adjunctions to a category of games, generically constructed from a comonad in a bicategory of game schema (called signature games). Maps of the constructed categories of games are strategies and generalise coKleisli maps of game comonads; in the case of one-sided games they are shown to coincide with suitably generalised homomorphisms. Finally, we provide characterisations of strategies on two-sided Spoiler-Duplicator games; in a common special case they coincide with spans of event structures.
Semantic Scholar venue: Logic in Computer Science
Publication types: JournalArticle|Book|Conference
Fields of study: Computer Science|Mathematics"
2514,"Title: Solvability of orbit-finite systems of linear equations.
Venue: lics
Authors: Arka Ghosh, Piotr Hofman, Slawomir Lasota
Abstract: We study orbit-finite systems of linear equations, in the setting of sets with atoms. Our principal contribution is a decision procedure for solvability of such systems. The procedure works for every field (and even commutative ring) under mild effectiveness assumptions, and reduces a given orbit-finite system to a number of finite ones: exponentially many in general, but polynomially many when the atom dimension of input systems is fixed. Towards obtaining the procedure we push further the theory of vector spaces generated by orbit-finite sets, and show that each such vector space admits an orbit-finite basis. This fundamental property is a key tool in our development, but should be also of wider interest.
Semantic Scholar venue: Logic in Computer Science
Publication types: JournalArticle|Book|Conference
Fields of study: Computer Science"
2483,"Title: Higher-Dimensional Subdiagram Matching.
Venue: lics
Authors: Amar Hadzihasanovic, Diana Kessler
Abstract: Higher-dimensional rewriting is founded on a duality of rewrite systems and cell complexes, connecting computational mathematics to higher categories and homotopy theory: the two sides of a rewrite rule are two halves of the boundary of an (n + 1)-cell, which are diagrams of n-cells. We study higher-dimensional diagram rewriting as a mechanism of computation, focussing on the matching problem for rewritable subdiagrams within the combinatorial framework of diagrammatic sets. We provide an algorithm for subdiagram matching in arbitrary dimensions, based on new results on layerings of diagrams, and derive upper bounds on its time complexity. We show that these superpolynomial bounds can be improved to polynomial bounds under certain acyclicity conditions, and that these conditions hold in general for diagrams up to dimension 3. We discuss the challenges that arise in dimension 4.
Semantic Scholar venue: Logic in Computer Science
Publication types: JournalArticle
Fields of study: Computer Science|Mathematics"
3053,"Title: Healthiness from Duality.
Venue: lics
Authors: Wataru Hino, Hiroki Kobayashi, Ichiro Hasuo, Bart Jacobs
Abstract: Healthiness is a good old question in program logics that dates back to Dijkstra. It asks for an intrinsic characterization of those predicate transformers which arise as the (backward) interpretation of a certain class of programs. There are several results known for healthiness conditions: for deterministic programs, nondeterministic ones, probabilistic ones, etc. Building upon our previous works on so-called state-and-effect triangles, we contribute a unified categorical framework for investigating healthiness conditions. This framework is based on a dual adjunction induced by a dualizing object and on our notion of relative Eilenberg-Moore algebra. The latter notion seems interesting in its own right in the context of monads, Lawvere theories and enriched categories.Categories and Subject Descriptors F.3.2 [Semantics of Programming Languages]: Algebraic Approaches to Semantics
Semantic Scholar venue: Logic in Computer Science
Publication types: JournalArticle|Book
Fields of study: Computer Science|Mathematics"
2933,"Title: Foundation for a series of efficient simulation algorithms.
Venue: lics
Authors: Gerard Cece
Abstract: Compute the coarsest simulation preorder included in an initial preorder is used to reduce the resources needed to analyze a given transition system. This technique is applied on many models like Kripke structures, labeled graphs, labeled transition systems or even word and tree automata. Let (Q,→) be a given transition system and ℛ<inf>init</inf> be an initial preorder over Q. Until now, algorithms to compute ℛ<inf>sim</inf>, the coarsest simulation included in ℛ<inf>init</inf>, are either memory efficient or time efficient but not both. In this paper we propose the foundation for a series of efficient simulation algorithms with the introduction of the notion of maximal transitions and the notion of stability of a preorder with respect to a coarser one. As an illustration we solve an open problem by providing the first algorithm with the best published time complexity, O(|P<inf>sim</inf>|.|→|), and a bit space complexity in O(|P<inf>sim</inf>|<sup>2</sup>.log(|P<inf>sim</inf>|)+|Q|.log(|Q|)), with P<inf>sim</inf> the partition induced by ℛ<inf>sim</inf>.
Semantic Scholar venue: Logic in Computer Science
Publication types: JournalArticle
Fields of study: Mathematics|Computer Science"
2408,"Title: Are Targeted Messages More Effective?
Venue: lics
Authors: Martin Grohe, Eran Rosenbluth
Abstract: Graph neural networks (GNN) are deep learning architectures for graphs. Essentially, a GNN is a distributed message passing algorithm, which is controlled by parameters learned from data. It operates on the vertices of a graph: in each iteration, vertices receive a message on each incoming edge, aggregate these messages, and then update their state based on their current state and the aggregated messages. The expressivity of GNNs can be characterised in terms of certain fragments of first-order logic with counting and the Weisfeiler-Lehman algorithm. The core GNN architecture comes in two different versions. In the first version, a message only depends on the state of the source vertex, whereas in the second version it depends on the states of the source and target vertices. In practice, both of these versions are used, but the theory of GNNs so far mostly focused on the first one. On the logical side, the two versions correspond to two fragments of first-order logic with counting that we call modal and guarded. The question whether the two versions differ in their expressivity has been mostly overlooked in the GNN literature and has only been asked recently (Grohe, LICS'23). We answer this question here. It turns out that the answer is not as straightforward as one might expect. By proving that the modal and guarded fragment of first-order logic with counting have the same expressivity over labelled undirected graphs, we show that in a non-uniform setting the two GNN versions have the same expressivity. However, we also prove that in a uniform setting the second version is strictly more expressive.
Semantic Scholar venue: Logic in Computer Science
Publication types: Book|JournalArticle|Conference
Fields of study: Computer Science"
2889,"Title: MSO Queries on Trees: Enumerating Answers under Updates Using Forest Algebras.
Venue: lics
Authors: Sarah Kleest-Meißner, Jonas Marasus, Matthias Niewerth
Abstract: We describe a framework for maintaining forest algebra representations that are of logarithmic height for unranked trees. Such representations can be computed in O(n) time and updated in O(log(n)) time. The framework is of potential interest for data structures and algorithms for trees whose complexity depend on the depth of the tree (representation). We provide an exemplary application of the framework to the problem of efficiently enumerating answers to MSO-definable queries over trees which are subject to local updates. We exhibit an algorithm that uses an O(n) preprocessing phase and enumerates answers with O(log(n)) delay between them. When the tree is updated, the algorithm can avoid repeating expensive preprocessing and restart the enumeration phase within O(log(n)) time. Our algorithms and complexity results in the paper are presented in terms of node-selecting tree automata representing the MSO queries.
Semantic Scholar venue: Log. Methods Comput. Sci.
Publication types: JournalArticle
Fields of study: Computer Science"
1817,"Title: Porous Invariants.
Venue: cav
Authors: Osvaldo Guzmán, Michael Hrušák, Arturo Martinez-Celis
Abstract: We introduce the notion of porous invariants for multipath affine loops over the integers. These are invariants definable in (fragments of) Presburger arithmetic and, as such, lack certain tame geometrical properties, such a convexity and connectedness. Nevertheless, we show that in many cases such invariants can be automatically synthesised, and moreover can be used to settle reachability questions for various non-trivial classes of affine loops and target sets. For the class of Z\documentclass[12pt]{minimal} \usepackage{amsmath} \usepackage{wasysym} \usepackage{amsfonts} \usepackage{amssymb} \usepackage{amsbsy} \usepackage{mathrsfs} \usepackage{upgreek} \setlength{\oddsidemargin}{-69pt} \begin{document}$$\mathbb {Z}$$\end{document}-linear invariants (those defined as conjunctions of linear equations with integer coefficients), we show that a strongest such invariant can be computed in polynomial time. For the more general class of N\documentclass[12pt]{minimal} \usepackage{amsmath} \usepackage{wasysym} \usepackage{amsfonts} \usepackage{amssymb} \usepackage{amsbsy} \usepackage{mathrsfs} \usepackage{upgreek} \setlength{\oddsidemargin}{-69pt} \begin{document}$$\mathbb {N}$$\end{document}-semi-linear invariants (those defined as Boolean combinations of linear inequalities with integer coefficients), such a strongest invariant need not exist. Here we show that for point targets the existence of a separating invariant is undecidable in general. However we show that such separating invariants can be computed either by restricting the number of program variables or by restricting from multipath to single-path loops. Additionally, we consider porous targets, represented as Z\documentclass[12pt]{minimal} \usepackage{amsmath} \usepackage{wasysym} \usepackage{amsfonts} \usepackage{amssymb} \usepackage{amsbsy} \usepackage{mathrsfs} \usepackage{upgreek} \setlength{\oddsidemargin}{-69pt} \begin{document}$$\mathbb {Z}$$\end{document}-semi-linear sets (those defined as Boolean combinations of equations with integer coefficients). We show that an invariant can be computed providing the target spans the whole space. We present our tool porous, which computes porous invariants.
Semantic Scholar venue: Formal methods in system design
Publication types: JournalArticle
Fields of study: Computer Science"
1717,"Title: Shared Certificates for Neural Network Verification.
Venue: cav
Authors: Marc Fischer, Christian Sprecher, Dimitar Iliev Dimitrov, Gagandeep Singh, Martin Vechev
Abstract: Existing neural network verifiers compute a proof that each input is handled correctly under a given perturbation by propagating a symbolic abstraction of reachable values at each layer. This process is repeated from scratch independently for each input (e.g., image) and perturbation (e.g., rotation), leading to an expensive overall proof effort when handling an entire dataset. In this work, we introduce a new method for reducing this verification cost without losing precision based on a key insight that abstractions obtained at intermediate layers for different inputs and perturbations can overlap or contain each other. Leveraging our insight, we introduce the general concept of shared certificates, enabling proof effort reuse across multiple inputs to reduce overall verification costs. We perform an extensive experimental evaluation to demonstrate the effectiveness of shared certificates in reducing the verification cost on a range of datasets and attack specifications on image classifiers including the popular patch and geometric perturbations. We release our implementation at https://github.com/eth-sri/proof-sharing.
Semantic Scholar venue: International Conference on Computer Aided Verification
Publication types: JournalArticle|Conference
Fields of study: Computer Science"
2994,"Title: Generalised species of rigid resource terms.
Venue: lics
Authors: Takeshi Tsukada, Kazuyuki Asada, C.-H. Luke Ong
Abstract: This paper introduces a variant of the resource calculus, the rigid resource calculus, in which a permutation of elements in a bag is distinct from but isomorphic to the original bag. It is designed so that the Taylor expansion within it coincides with the interpretation by generalised species of Fiore et al., which generalises both Joyal's combinatorial species and Girard's normal functors, and which can be seen as a proof-relevant extension of the relational model. As an application, we prove the commutation between computing Böhm trees and (standard) Taylor expansions for a particular nondeterministic calculus.
Semantic Scholar venue: Logic in Computer Science
Publication types: JournalArticle
Fields of study: Computer Science|Mathematics"
1736,"Title: A Cascade of Checkers for Run-time Certification of Local Robustness.
Venue: cav
Authors: Ravi Mangal, Corina Păsăreanu
Abstract: This work advocates for the use of a run-time cascade of over-approximate, under-approximate, and exact local robustness checkers, and demonstrates that the exact check in a cascade is rarely invoked in practice.
Semantic Scholar venue: NSV/FoMLAS@CAV
Publication types: JournalArticle
Fields of study: Computer Science"
1161,"Title: Comments On: Constant Time Modular Inversion.
Venue: kr
Authors: Joppe W. Bos
Abstract: A constant time modification of the Montgomery modular inverse algorithm was proposed that can prevent Simple Power Analysis attacks and was implemented in VHDL according to the Algorithm 2 as it is given in [2].
Semantic Scholar venue: Krypto-Tag
Publication types: JournalArticle
Fields of study: Computer Science"
1637,"Title: Unblocking Dynamic Partial Order Reduction.
Venue: cav
Authors: Michalis Kokologiannakis, Iason Marmanis, Viktor Vafeiadis
Abstract: . Existing dynamic partial order reduction (DPOR) algorithms scale poorly on concurrent data structure benchmarks because they visit a huge number of blocked executions due to spinloops. In response, we develop Awamoche , a sound, complete, and strongly optimal DPOR algorithm that avoids exploring any useless blocked executions in programs with await and confirmation-CAS loops. Consequently, it outperforms the state-of-the-art, often by an exponential factor.
Semantic Scholar venue: International Conference on Computer Aided Verification
Publication types: JournalArticle|Conference
Fields of study: Computer Science"
1003,"Title: An Explainable Approach of Inferring Potential Medication Effects from Social Media Data.
Venue: kr
Authors: Keyuan Jiang, Tingyu Chen, Liyuan Huang, Ravish Gupta, Ricardo A. Calix, Gordon R. Bernard
Abstract: This work devised a method employing analogical reasoning with neural embedding of Twitter text to discover potential medication-effect relations from Twitter data, and added explanation(s) to each step of the process to make the process understandable and interpretable.
Semantic Scholar venue: KR4HC/ProHealth/TEAAM@AIME
Publication types: JournalArticle
Fields of study: Computer Science"
1673,"Title: Searching for i-Good Lemmas to Accelerate Safety Model Checking.
Venue: cav
Authors: Yechuan Xia, Anna Becchi, Alessandro Cimatti, Alberto Griggio, Jianwen Li, Geguang Pu
Abstract: Abstract / and its variants have been the prominent approaches to safety model checking in recent years. Compared to the previous model-checking algorithms like (Bounded Model Checking) and (Interpolation Model Checking), / is attractive due to its completeness (vs. ) and scalability (vs. ). / maintains an over-approximate state sequence for proving the correctness. Although the sequence refinement methodology is known to be crucial for performance, the literature lacks a systematic analysis of the problem. We propose an approach based on the definition of i - good lemmas , and the introduction of two kinds of heuristics, i.e., and , to steer the search towards the construction of $$i$$ -good lemmas. The approach is applicable to and its variant (Complementary Approximate Reachability), and it is very easy to integrate within existing systems. We implemented the heuristics into two open-source model checkers, and , as well as into the mature platform, and carried out an extensive experimental evaluation on HWMCC benchmarks. The results show that the proposed heuristics can effectively compute more $$i$$ -good lemmas, and thus improve the performance of all the above checkers.
Semantic Scholar venue: International Conference on Computer Aided Verification
Publication types: JournalArticle|Conference
Fields of study: Computer Science"
835,"Title: Measuring Inconsistency over Sequences of Business Rule Cases.
Venue: kr
Authors: Carl Corea, Matthias Thimm, Patrick Delfmann
Abstract: We investigate inconsistency and culpability measures for multisets of business rule bases. As companies might encounter thousands of rule bases daily, studying not only individual rule bases separately, but rather also their interrelations, becomes necessary. As current works on inconsistency measurement focus on assessing individual rule bases, we therefore present an extension of those works in the domain of business rules management. We show how arbitrary culpability measures (for single rule bases) can be automatically transformed for multisets, propose new rationality postulates for this setting, and investigate the complexity of central aspects regarding multi-rule base inconsistency measurement.
Semantic Scholar venue: International Conference on Principles of Knowledge Representation and Reasoning
Publication types: JournalArticle|Conference
Fields of study: Computer Science"
824,"Title: Making DL-Lite Planning Practical.
Venue: kr
Authors: Stefan Borgwardt, Jörg Hoffmann, Alisa Kovtunova, Marcel Steinmetz
Abstract: Planning in the presence of background ontologies is a topic of long-standing interest in AI. It combines the problems of (1) belief update complexity and (2) state-space combinatorics. DL-Lite offers an attractive solution to (1), with belief updates possible at the ABox level. Indeed, it has been shown that DL-Lite planning can be compiled into the commonly used planning language PDDL. Yet that compilation was previously found to be infeasible for off-the-shelf planning systems. Here we analyze the reasons for this problem and find that the bottleneck lies in the planner pre-processes, in particular in the naïve DNF transformations used to compile the PDDL input into the planners' internal representations. Consequently, we design a PDDL pre-compiler realizing a polynomial DNF transformation. We leverage a particular PDDL language feature (""derived predicates"") to avoid the need for excessive control structure. Our pre-compiler turns out to be quite effective: the previous bottleneck disappears, and experiments on a broad range of benchmarks demonstrate the first practical technology for DL-Lite planning.
Semantic Scholar venue: Description Logics
Publication types: JournalArticle
Fields of study: Computer Science"
2905,"Title: A van Benthem Theorem for Fuzzy Modal Logic.
Venue: lics
Authors: Paul Wild, Lutz Schröder, Dirk Pattinson, Barbara König
Abstract: We present a fuzzy (or quantitative) version of the van Benthem theorem, which characterizes propositional modal logic as the bisimulation-invariant fragment of first-order logic. Specifically, we consider a first-order fuzzy predicate logic along with its modal fragment, and show that the fuzzy first-order formulas that are non-expansive w.r.t. the natural notion of bisimulation distance are exactly those that can be approximated by fuzzy modal formulas.
Semantic Scholar venue: Logic in Computer Science
Publication types: JournalArticle|Book|Conference
Fields of study: Mathematics|Computer Science"
1459,"Title: Charon: An Analysis Framework for Rust.
Venue: cav
Authors: Son Ho, Guillaume Boisseau, Lucas Franceschino, Yoann Prak, Aymeric Fromherz, Jonathan Protzenko
Abstract: With the explosion in popularity of the Rust programming language, a wealth of tools have recently been developed to analyze, verify, and test Rust programs. Alas, the Rust ecosystem remains relatively young, meaning that every one of these tools has had to re-implement difficult, time-consuming machinery to interface with the Rust compiler and its cargo build system, to hook into the Rust compiler's internal representation, and to expose an abstract syntax tree (AST) that is suitable for analysis rather than optimized for efficiency. We address this missing building block of the Rust ecosystem, and propose Charon, an analysis framework for Rust. Charon acts as a swiss-army knife for analyzing Rust programs, and deals with all of the tedium above, providing clients with a clean, stable AST that can serve as the foundation of many analyses. We demonstrate the usefulness of Charon through a series of case studies, ranging from a Rust verification framework (Aeneas), a compiler from Rust to C (Eurydice), and a novel taint-checker for cryptographic code. To drive the point home, we also re-implement a popular existing analysis (Rudra), and show that it can be replicated by leveraging the Charon framework.
Semantic Scholar venue: International Conference on Computer Aided Verification
Publication types: JournalArticle|Conference
Fields of study: Computer Science"
879,"Title: Boolean Network Learning in Vector Spaces for Genome-wide Network Analysis.
Venue: kr
Authors: Taisuke Sato, Ryosuke Kojima
Abstract: Boolean networks (BNs) are one of the standard tools for modeling gene

regulatory networks in biology but their learning has been limited to

small networks due to computational difficulty. Aiming at

unprecedented scalability, we focus on a subclass of BNs called AND/OR

Boolean networks where Boolean formulas are restricted to a

conjunction or a disjunction of literals. We represent an AND/OR BN

with N nodes by an N x 2N binary matrix Q paired with

an N dimensional integer vector theta called a threshold vector,

a state of the BN by an N dimensional binary state vector s

and a state transition by matrix operations on Q, theta and s.

Given a list of state transitions S = s_0...s_L,

we learn Q and theta in a continuous space by

minimizing a cost function J(Q*,theta,S) w.r.t.

a real number matrix Q* and theta while thresholding

Q* into a binary matrix Q using theta so that

Q represents an AND/OR BN realizing the target state

transitions S.

We conducted experiments with artificial and real data sets to check

scalability and accuracy of our learning algorithm. First we randomly

generated AND/OR BNs up to N=5,000 nodes and empirically confirmed

O(N^2) learning time behavior using them. We also observed 99.8%

bit-by-bit prediction accuracy (prediction accuracy = 1 - test error)

with state transition data generated by AND/OR BNs. For real data,

we learned genome-wide AND/OR BNs with 10,928 nodes for budding

yeast from transcription profiling data sets, each containing 10,928

mRNAs and 40 transitions and achieved for instance 84.3%

prediction accuracy and successfully extracted more than 6,000 small

AND/ORs whose average prediction accuracy reaches much higher 94.9%.
Semantic Scholar venue: International Conference on Principles of Knowledge Representation and Reasoning
Publication types: JournalArticle|Conference
Fields of study: Computer Science"
2052,"Title: On Calendar-Based Scheduling for User-Friendly Charging of Plug-In Electric Vehicles.
Venue: cav
Authors: Karl Schwenk, Manuel Faix, Ralf Mikut, Veit Hagenmeyer, Riccardo Remo Appino
Abstract: Users of Plug-in Electric Vehicles (PEVs) struggle to decide when, where and how much to charge their vehicles - a user acceptance issue inadequately dealt with in the literature. Careless choices may endanger individual mobility, and discourage users from using this technology. Here, we propose a calendar-based charging strategy for PEVs that targets the requirements of their users. The proposed scheme aims at maximizing the charging convenience in terms of cost and comfort. In addition, it guarantees the mobility service on any occasion despite the uncertainty affecting users' future behavior. The scheme is based on a receding horizon stochastic algorithm that utilizes scenarios representing possible user behavior as input. We generate these scenarios via a digital user calendar, modeled with directed graphs. To validate the proposed scheduling scheme we simulate the evolution of the stored energy in realistic test cases. For comparison, we simulate the effect of naive charging strategies. The results indicate significant benefits compared with intuitive charging strategies, both in terms of cost reduction and robustness against uncertainty.
Semantic Scholar venue: Connected and Automated Vehicles Symposium
Publication types: JournalArticle
Fields of study: Computer Science"
2397,"Title: An Analysis of Symmetry in Quantitative Semantics.
Venue: lics
Authors: Pierre Clairambault, Simon Forest
Abstract: Drawing inspiration from linear logic, quantitative semantics aim at representing quantitative information about programs and their executions: they include the relational model and its numerous extensions, game semantics, and syntactic approaches such as nonidempotent intersection types and the Taylor expansion of λ-terms. The crucial feature of these models is that programs are interpreted as witnesses which consume ""bags"" of resources. ""Bags"" are often taken to be finite multisets, i.e. quotiented structures. Another approach typically seen in categorifications of the relational model is to work with unquotiented structures (e.g. sequences) related with explicit morphisms referred to here as symmetries, which express the exchange of resources. Symmetries are obviously at the core of these categorified models, but we argue their interest reaches beyond those --- notably, symmetry leaks in some non-categorified quantitative models (such as the weighted relational model, or Taylor expansion) under the form of numbers whose combinatorial interpretation is not always clear. In this paper, we build on a recent bicategorical model called thin spans of groupoids, introduced by Clairambault and Forest. Notably, thin spans feature a decomposition of symmetry into two sub-groupoids of polarized --- positive and negative --- symmetries. We first construct a variation of the original exponential of thin spans, based on sequences rather than families. Then we give a syntactic characterisation of the interpretation of simply-typed λ-terms in thin spans, in terms of rigid intersection types and rigid resource terms. Finally, we formally relate thin spans with the weighted relational model and generalized species of structure. This allows us to show how some quantities in those models reflect polarized symmetries: in particular we show that the weighted relational model counts witnesses from generalized species of structure, divided by the cardinal of a group of positive symmetries.
Semantic Scholar venue: Logic in Computer Science
Publication types: JournalArticle|Book|Conference
Fields of study: Computer Science|Mathematics"
1837,"Title: NNrepair: Constraint-Based Repair of Neural Network Classifiers.
Venue: cav
Authors: Muhammad Usman, Divya Gopinath, Youcheng Sun, Yannic Noller, Corina S. Păsăreanu
Abstract: We present NNrepair, a constraint-based technique for repairing neural network classifiers. The technique aims to fix the logic of the network at an intermediate layer or at the last layer. NNrepair first uses fault localization to find potentially faulty network parameters (such as the weights) and then performs repair using constraint solving to apply small modifications to the parameters to remedy the defects. We present novel strategies to enable precise yet efficient repair such as inferring correctness specifications to act as oracles for intermediate layer repair, and generation of experts for each class. We demonstrate the technique in the context of three different scenarios: (1) Improving the overall accuracy of a model, (2) Fixing security vulnerabilities caused by poisoning of training data and (3) Improving the robustness of the network against adversarial attacks. Our evaluation on MNIST and CIFAR-10 models shows that NNrepair can improve the accuracy by 45.56% points on poisoned data and 10.40% points on adversarial data. NNrepair also provides small improvement in the overall accuracy of models, without requiring new data or re-training.
Semantic Scholar venue: International Conference on Computer Aided Verification
Publication types: JournalArticle|Conference
Fields of study: Computer Science"
903,"Title: An Evolutionary Algorithm for Rule Learning over Knowledge Graphs.
Venue: kr
Authors: Hong Liu, Zhe Wang, Kewen Wang, Xiaowang Zhang, Zhiyong Feng
Abstract: This work proposes a learning algorithm where a set of rules is learned via the process inspired by biological evolution and that is geared towards optimizing a fitness function and compares it to other rule learning algorithms for Knowledge Graphs.
Semantic Scholar venue: KR4L@ECAI
Publication types: JournalArticle
Fields of study: Computer Science"
1567,"Title: Safe Exploration in Reinforcement Learning by Reachability Analysis over Learned Models.
Venue: cav
Authors: Yuning Wang, He Zhu
Abstract: Abstract We introduce VELM, a reinforcement learning (RL) framework grounded in verification principles for safe exploration in unknown environments. VELM ensures that an RL agent systematically explores its environment, adhering to safety properties throughout the learning process. VELM learns environment models as symbolic formulas and conducts formal reachability analysis over the learned models for safety verification. An online shielding layer is then constructed to confine the RL agent’s exploration solely within a state space verified as safe in the learned model, thereby bolstering the overall safety profile of the RL system. Our experimental results demonstrate the efficacy of VELM across diverse RL environments, highlighting its capacity to significantly reduce safety violations in comparison to existing safe learning techniques, all without compromising the RL agent’s reward performance.
Semantic Scholar venue: International Conference on Computer Aided Verification
Publication types: JournalArticle|Conference
Fields of study: Computer Science"
2692,"Title: Extensions of ω-Regular Languages.
Venue: lics
Authors: 
Abstract: We consider extensions of monadic second-order logic over ω-words, which are obtained by adding one language that is not ω-regular. We show that if the added language L has a neutral letter, then the resulting logic is necessarily undecidable. A corollary is that the ω-regular languages are the only decidable Boolean-closed full trio over ω-words.
Semantic Scholar venue: Logic in Computer Science
Publication types: JournalArticle|Book|Conference
Fields of study: Computer Science|Mathematics"
918,"Title: Balancing Expressiveness and Inexpressiveness in View Design.
Venue: kr
Authors: Michael Benedikt, Pierre Bourhis, Louis Jachiet, Efthymia Tsamoura
Abstract: We study the design of data publishing mechanisms that allow a collection of autonomous distributed data sources to collaborate to support queries. A common mechanism for data publishing is via views: functions that expose derived data to users, usually specified as declarative queries. Our autonomy assumption is that the views must be on individual sources, but with the intention of supporting integrated queries. In deciding what data to expose to users, two considerations must be balanced. The views must be sufficiently expressive to support queries that users want to ask—the utility of the publishing mechanism. But there may also be some expressiveness restrictions. Here, we consider two restrictions, a minimal information requirement, saying that the views should reveal as little as possible while supporting the utility query, and a non-disclosure requirement, formalizing the need to prevent external users from computing information that data owners do not want revealed. We investigate the problem of designing views that satisfy both expressiveness and inexpressiveness requirements, for views in a restricted information systems - query languages (conjunctive queries), and for arbitrary views.
Semantic Scholar venue: International Conference on Principles of Knowledge Representation and Reasoning
Publication types: JournalArticle|Conference
Fields of study: Computer Science"
1937,"Title: CORR: Collaborative On-Road Reputation.
Venue: cav
Authors: Baik Hoh, Seyhan Ucar, Pratham Oza, Chinmaya Patnayak, Kentaro Oguchi
Abstract: Vehicles are getting more equipped with sensors and driver assistant systems. However, neither these technological advances nor traditional traffic enforcement systems are sufficient in protecting commuters from misbehaving drivers such as aggressive, distracted, and drunken drivers. That is why we have not observed any substantial improvement in road safety and driving experience in recent years despite those technological advances. Being motivated by the success of reputation systems (i.e., How’s My Driving (HMD), eBay, and Wikipedia), we present the concept of Collaborative On-Road Reputation (CORR) system and discuss the potential benefits and challenges ahead when we expand CORR to all vehicles. We focus on how to identify the anomalous driving behavior and propose a cooperative anomaly detection method where nearby connected vehicles collaborate to surface the anomalous driving behavior. Through extensive simulations, we demonstrate that CORR can identify the anomalous driving behavior by about 75% accuracy under a certain level of connected vehicle penetration rates.
Semantic Scholar venue: Connected and Automated Vehicles Symposium
Publication types: JournalArticle
Fields of study: Computer Science"
2284,"Title: String Analysis via Automata Manipulation with Logic Circuit Representation.
Venue: cav
Authors: Hung-En Wang, Tzung-Lin Tsai, Chun-Han Lin, Fang Yu, Jie-Hong R. Jiang
Abstract: This paper proposes a new string analysis method based on a scalable logic circuit representation for (nondeterministic) finite automata to support various string and automata manipulation operations and enables both counterexample generation and filter synthesis in string constraint solving.
Semantic Scholar venue: International Conference on Computer Aided Verification
Publication types: JournalArticle|Conference
Fields of study: Computer Science"
1066,"Title: If Nothing Is Accepted - Repairing Argumentation Frameworks.
Venue: kr
Authors: Markus Ulbricht, Ringo Baumann
Abstract: Conflicting information in an agent's knowledge base may lead to a semantical defect, that is, a situation where it is impossible to draw any plausible conclusion. Finding out the reasons for the observed inconsistency (so-called diagnoses) and/or restoring consistency in a certain minimal way (so-called repairs) are frequently occurring issues in knowledge representation and reasoning. In this article we provide a series of first results for these problems in the context of abstract argumentation theory regarding the two most important reasoning modes, namely credulous as well as sceptical acceptance. Our analysis includes the following problems regarding minimal repairs/diagnoses: existence, verification, computation of one and enumeration of all solutions. The latter problem is tackled with a version of the so-called hitting set duality first introduced by Raymond Reiter in 1987. It turns out that grounded semantics plays an outstanding role not only in terms of complexity, but also as a useful tool to reduce the search space for diagnoses regarding other semantics.
Semantic Scholar venue: International Conference on Principles of Knowledge Representation and Reasoning
Publication types: JournalArticle|Conference
Fields of study: Computer Science"
1164,"Title: Hardware Accelerated Sender Identification for the Controller Area Network.
Venue: kr
Authors: H. Shokry, M. Shedeed, S. Hammad, M. Shalan, A. Wahdan
Semantic Scholar venue: Krypto-Tag
Publication types: JournalArticle
Fields of study: Computer Science"
1502,"Title: Finding Regular Herbrand Models for CHCs using Answer Set Programming.
Venue: cav
Authors: Gregoire Maire, Thomas Genet
Abstract: We are interested in proving satisfiability of Constrained Horn Clauses (CHCs) over Algebraic Data Types (ADTs). We propose to prove satisfiability by building a tree automaton recognizing the Herbrand model of the CHCs. If such an automaton exists then the model is said to be regular, i.e., the Herbrand model is a regular set of atoms. Kostyukov et al. have shown how to derive an automaton when CVC4 finds a finite model of the CHCs. We propose an alternative way to build the automaton using an encoding into a SAT problem using Clingo, an Answer Set Programming (ASP) tool. We implemented a translation of CHCs with ADTs into an ASP problem. Combined with Clingo, we obtain a semi-complete satisfiability checker: it finds a tree automaton if a regular Herbrand model exists or finds a counter-example if the problem is unsatisfiable.
Semantic Scholar venue: HCVS@CAV
Publication types: JournalArticle
Fields of study: Computer Science"
1629,"Title: Fast Approximations of Quantifier Elimination.
Venue: cav
Authors: Isabel Garcia-Contreras, V. K. Hari Govind, Sharon Shoham, Arie Gurfinkel
Abstract: Quantifier elimination (qelim) is used in many automated reasoning tasks including program synthesis, exist-forall solving, quantified SMT, Model Checking, and solving Constrained Horn Clauses (CHCs). Exact qelim is computationally expensive. Hence, it is often approximated. For example, Z3 uses""light""pre-processing to reduce the number of quantified variables. CHC-solver Spacer uses model-based projection (MBP) to under-approximate qelim relative to a given model, and over-approximations of qelim can be used as abstractions. In this paper, we present the QEL framework for fast approximations of qelim. QEL provides a uniform interface for both quantifier reduction and model-based projection. QEL builds on the egraph data structure -- the core of the EUF decision procedure in SMT -- by casting quantifier reduction as a problem of choosing ground (i.e., variable-free) representatives for equivalence classes. We have used QEL to implement MBP for the theories of Arrays and Algebraic Data Types (ADTs). We integrated QEL and our new MBP in Z3 and evaluated it within several tasks that rely on quantifier approximations, outperforming state-of-the-art.
Semantic Scholar venue: International Conference on Computer Aided Verification
Publication types: JournalArticle|Conference
Fields of study: Computer Science"
2475,"Title: Fixpoint operators for 2-categorical structures.
Venue: lics
Authors: Zeinab Galal
Abstract: Fixpoint operators are tools to reason on recursive programs and data types obtained by induction (e.g. lists, trees) or coinduction (e.g. streams). They were given a categorical treatment with the notion of categories with fixpoints. A theorem by Plotkin and Simpson characterizes existence and uniqueness of fixpoint operators for categories satisfying some conditions on bifree algebras and recovers the standard examples of the category Cppo (ω-complete pointed partial orders and continuous functions) in domain theory and the relational model in linear logic.We present a categorification of this result and develop the theory of 2-categorical fixpoint operators where the 2-dimensional framework allows to model the execution steps for languages with (co)inductive principles. We recover the standard categorical constructions of initial algebras and final coalgebras for endofunctors as well as fixpoints of generalized species and polynomial functors.
Semantic Scholar venue: Logic in Computer Science
Publication types: JournalArticle
Fields of study: Computer Science|Mathematics"
1227,"Title: Parameterized Complexity Results for Symbolic Model Checking of Temporal Logics.
Venue: kr
Authors: Ronald de Haan
Abstract: This work provides a complete parameterized complexity classification for the model checking problem for symbolically represented Kripke structures for various fragments of the temporal logics LTL, CTL and CTL*.
Semantic Scholar venue: International Conference on Principles of Knowledge Representation and Reasoning
Publication types: JournalArticle|Conference
Fields of study: Computer Science"
1107,"Title: Preference Aggregation with Incomplete CP-Nets.
Venue: kr
Authors: Thomas Lukasiewicz, Enrico Malizia
Abstract: Different semantics for mgCP-nets are defined and the complexity of prominent reasoning tasks such as dominance, consistency and various notions of optimality are studied.
Semantic Scholar venue: International Conference on Principles of Knowledge Representation and Reasoning
Publication types: JournalArticle|Conference
Fields of study: Computer Science"
878,"Title: Existential Abstraction on Argumentation Frameworks via Clustering.
Venue: kr
Authors: Zeynep G. Saribatur, Johannes P. Wallner
Abstract: Argumentation in Artificial Intelligence (AI) builds on formal approaches to reasoning argumentatively. Common to many such approaches is to use argumentation frameworks (AFs) as reasoning engines, with AFs being composed of arguments and attacks between arguments, which are instantiated from knowledge bases in a principle-based manner. While representing what can be argued for in an AF provides a conceptually clean way, this process can face challenges arising from generating a large number of arguments, which can act as a barrier to explainability. Inspired by successful approaches to model checking where the state explosion is mitigated by applying existential abstraction, we study an adaption of existential abstraction in form of clustering arguments in an AF to address an associated ""argument explosion"". In this paper, we provide a foundational investigation of this form of existential abstraction by defining semantics of the resulting clustered AFs, which balance two inherent aspects of existential abstractions: abstracting from concrete AFs and not permitting too much spuriousness (i.e., conclusions that hold on the abstraction but not on the original AF). Moreover, we show properties of clustered AFs, including complexity results, discuss use of clusterings for explaining results of reasoning tasks, and employ the recently introduced methodology of abstraction in answer set programming (ASP) for obtaining and reasoning over clustered AFs.
Semantic Scholar venue: International Conference on Principles of Knowledge Representation and Reasoning
Publication types: JournalArticle|Conference
Fields of study: Computer Science"
1887,"Title: Formal Specification and Verification of Solidity Contracts with Events (Short Paper).
Venue: cav
Authors: 
Abstract: Events in the Solidity language provide a means of communication between the on-chain services of decentralized applications and the users of those services. Events are commonly used as an abstraction of contract execution that is relevant from the users' perspective. Users must, therefore, be able to understand the meaning and trust the validity of the emitted events. This paper presents a source-level approach for the formal specification and verification of Solidity contracts with the primary focus on events. Our approach allows specification of events in terms of the on-chain data that they track, and predicates that define the correspondence between the blockchain state and the abstract view provided by the events. The approach is implemented in solc-verify, a modular verifier for Solidity, and we demonstrate its applicability with various examples.
Semantic Scholar venue: FMBC@CAV
Publication types: JournalArticle
Fields of study: Computer Science"
1407,"Title: moviola: Interpreting Dynamic Logic Programs via Multi-shot Answer Set Programming.
Venue: lpnmr
Authors: Orkunt Sabuncu, João Leite
Abstract: This work developed a system called moviola, utilizing the multi-shot answer set solver clingo, composed of iterative answer set computations of a changing program without restarting from scratch at every step.
Semantic Scholar venue: International Conference on Logic Programming and Non-Monotonic Reasoning
Publication types: JournalArticle
Fields of study: Computer Science"
1393,"Title: Backdoor Trees for Answer Set Programming.
Venue: lpnmr
Authors: 
Abstract: It is demonstrated that the number of tractable ASP instances can be drastically reduced in comparison to a related approach based on strong backdoors.
Semantic Scholar venue: ASPOCP@LPNMR
Publication types: JournalArticle
Fields of study: Computer Science"
1281,"Title: An ILASP-Based Approach to Repair Petri Nets.
Venue: lpnmr
Authors: Francesco Chiariello, Antonio Ielo, Alice Tarzariol
Semantic Scholar venue: International Conference on Logic Programming and Non-Monotonic Reasoning
Publication types: JournalArticle
Fields of study: Computer Science"
1800,"Title: Model Checking Finite-Horizon Markov Chains with Probabilistic Inference.
Venue: cav
Authors: Hailey Sparks, Krishnendu Ghosh
Abstract: We revisit the symbolic verification of Markov chains with respect to finite horizon reachability properties. The prevalent approach iteratively computes step-bounded state reachability probabilities. By contrast, recent advances in probabilistic inference suggest symbolically representing all horizon-length paths through the Markov chain. We ask whether this perspective advances the state-of-the-art in probabilistic model checking. First, we formally describe both approaches in order to highlight their key differences. Then, using these insights we develop Rubicon, a tool that transpiles Prism models to the probabilistic inference tool . Finally, we demonstrate better scalability compared to probabilistic model checkers on selected benchmarks. All together, our results suggest that probabilistic inference is a valuable addition to the probabilistic model checking portfolio, with Rubicon as a first step towards integrating both perspectives.
Semantic Scholar venue: International Conference on Computer Aided Verification
Publication types: JournalArticle|Conference
Fields of study: Computer Science"
2689,"Title: The Complexity of Reachability in Affine Vector Addition Systems with States.
Venue: lics
Authors: Michael Blondin, Mikhail Raskin
Abstract: Vector addition systems with states (VASS) are widely used for the formal verification of concurrent systems. Given their tremendous computational complexity, practical approaches have relied on techniques such as reachability relaxations, e.g., allowing for negative intermediate counter values. It is natural to question their feasibility for VASS enriched with primitives that typically translate into undecidability. Spurred by this concern, we pinpoint the complexity of integer relaxations with respect to arbitrary classes of affine operations. More specifically, we provide a trichotomy on the complexity of integer reachability in VASS extended with affine operations (affine VASS). Namely, we show that it is NP-complete for VASS with resets, PSPACE-complete for VASS with (pseudo-)transfers and VASS with (pseudo-)copies, and undecidable for any other class. We further present a dichotomy for standard reachability in affine VASS: it is decidable for VASS with permutations, and undecidable for any other class. This yields a complete and unified complexity landscape of reachability in affine VASS. We also consider the reachability problem parameterized by a fixed affine VASS, rather than a class, and we show that the complexity landscape is arbitrary in this setting."
2685,"Title: Modal Logics with Composition on Finite Forests: Expressivity and Complexity.
Venue: lics
Authors: Bartosz Bednarczyk, Stéphane Demri, Raul Fervari, Alessio Mansutti
Abstract: We study the expressivity and complexity of two modal logics interpreted on finite forests and equipped with standard modalities to reason on submodels. The logic ML(|) extends the modal logic K with the composition operator | from ambient logic, whereas ML(*) features the separating conjunction * from separation logic. Both operators are second-order in nature. We show that ML(|) is as expressive as the graded modal logic GML (on trees) whereas ML(*) is strictly less expressive than GML. Moreover, we establish that the satisfiability problem is Tower-complete for ML(*), whereas it is (only) AExpPol-complete for ML(|), a result which is surprising given their relative expressivity. As by-products, we solve open problems related to sister logics such as static ambient logic and modal separation logic.
Semantic Scholar venue: Logic in Computer Science
Publication types: JournalArticle|Book|Conference
Fields of study: Computer Science|Mathematics"
2344,"Title: The Blurred Drinker Paradox: Constructive Reverse Mathematics of the Downward Löwenheim-Skolem Theorem.
Venue: lics
Authors: Dominik Kirst, Haoyi Zeng
Abstract: In the setting of constructive reverse mathematics, we analyse the downward Löwenheim-Skolem (DLS) theorem of first-order logic, stating that every infinite model has a countable elementary submodel. Refining the well-known equivalence of the DLS theorem to the axiom of dependent choice (DC) over classical base theories, our constructive approach allows for several finer logical decompositions: Just assuming countable choice (CC), the DLS theorem is equivalent to the conjunction of DC with a newly identified fragment of the excluded middle (LEM) that we call the blurred drinker paradox (BDP). Further without CC, the DLS theorem is equivalent to the conjunction of BDP with similarly blurred weakenings of DC and CC. Independently of their connection with the DLS theorem, we also study BDP and the blurred choice axioms on their own, for instance by showing that BDP is LEM without a contribution of Markov's principle and that blurred DC is DC without a contribution of CC. The paper is hyperlinked with an accompanying Coq development.
Semantic Scholar venue: Logic in Computer Science
Publication types: JournalArticle
Fields of study: Computer Science"
1556,"Title: From Clauses to Klauses.
Venue: cav
Authors: Joseph E. Reeves, Marijn J. H. Heule, Randal E. Bryant
Abstract: Abstract Satisfiability (SAT) solvers have been using the same input format for decades: a formula in conjunctive normal form. Cardinality constraints appear frequently in problem descriptions: over $$64\%$$ <mml:math xmlns:mml=""http://www.w3.org/1998/Math/MathML""> <mml:mrow> <mml:mn>64</mml:mn> <mml:mo>%</mml:mo> </mml:mrow> </mml:math> of the SAT Competition formulas contain at least one cardinality constraint, while over $$17\%$$ <mml:math xmlns:mml=""http://www.w3.org/1998/Math/MathML""> <mml:mrow> <mml:mn>17</mml:mn> <mml:mo>%</mml:mo> </mml:mrow> </mml:math> contain many large cardinality constraints. Allowing general cardinality constraints as input would simplify encodings and enable the solver to handle constraints natively or to encode them using different (and possibly dynamically changing) clausal forms. We modify the modern SAT solver CaDiCaL to handle cardinality constraints natively. Unlike the stronger cardinality reasoning in pseudo-Boolean (PB) or other systems, our incremental approach with cardinality-based propagation requires only moderate changes to a SAT solver, preserves the ability to run important inprocessing techniques, and is easily combined with existing proof-producing and validation tools. Our experimental evaluation on SAT Competition formulas shows our solver configurations with cardinality support consistently outperform other SAT and PB solvers.
Semantic Scholar venue: International Conference on Computer Aided Verification
Publication types: JournalArticle|Conference
Fields of study: Computer Science"
2484,"Title: Expressive Completeness of Two-Variable First-Order Logic with Counting for First-Order Logic Queries on Rooted Unranked Trees.
Venue: lics
Authors: Jelle Hellings, Marc Gyssens, Jan Van Den Bussche, Dirk Van Gucht
Abstract: We consider the class of finite, rooted, unranked, unordered, node-labeled trees. Such trees are represented as structures with only the parent-child relation, in addition to any number of unary predicates for node labels. We prove that every unary first-order query over the considered class of trees is already expressible in two-variable first-order logic with counting. Somewhat to our surprise, we have not seen this result being conjectured in the extensive literature on logics for trees. Our proof is based on a global variant of local equivalence notions on nodes of trees. This variant applies to entire trees, and involves counting ancestors of locally equivalent nodes.
Semantic Scholar venue: Logic in Computer Science
Publication types: JournalArticle
Fields of study: Computer Science"
2843,"Title: Strong Sums in Focused Logic.
Venue: lics
Authors: Karl Crary
Abstract: A useful connective that has not previously been made to work in focused logic is the strong sum, a form of dependent sum that is eliminated by projection rather than pattern matching. This makes strong sums powerful, but it also creates a problem adapting them to focusing: The type of the right projection from a strong sum refers to the term being projected from, but due to the structure of focused logic, that term is not available. In this work we confirm that strong sums can be viewed as a negative connective in focused logic. The key is to resolve strong sums' dependencies eagerly, before projection can see them, using a notion of selfification adapted from module type systems. We validate the logic by proving cut admissibility and identity expansion. All the proofs are formalized in Coq.
Semantic Scholar venue: Logic in Computer Science
Publication types: Book|JournalArticle|Conference
Fields of study: Computer Science"
1182,"Title: 28. Krypto-Tag, Kirchheim bei München, Germany, June 7-8, 2018
Venue: kr
Authors: 
Semantic Scholar venue: Krypto-Tag
Fields of study: Computer Science"
1865,"Title: Seminator 2 Can Complement Generalized Büchi Automata via Improved Semi-determinization.
Venue: cav
Authors: František Blahoudek, Alexandre Duret-Lutz, Jan Strejček
Abstract: We present the second generation of the tool Seminator that transforms transition-based generalized Büchi automata (TGBAs) into equivalent semi-deterministic automata. The tool has been extended with numerous optimizations and produces considerably smaller automata than its first version. In connection with the state-of-the-art LTL to TGBAs translator Spot, Seminator 2 produces smaller (on average) semi-deterministic automata than the direct LTL to semi-deterministic automata translator ltl2ldgba of the Owl library. Further, Seminator 2 has been extended with an improved NCSB complementation procedure for semi-deterministic automata, providing a new way to complement automata that is competitive with state-of-the-art complementation tools.
Semantic Scholar venue: International Conference on Computer Aided Verification
Publication types: JournalArticle|Conference
Fields of study: Computer Science"
751,"Title: Embed2Sym - Scalable Neuro-Symbolic Reasoning via Clustered Embeddings.
Venue: kr
Authors: Yaniv Aspis, Krysia Broda, Jorge Lobo, Alessandra Russo
Abstract: Neuro-symbolic reasoning approaches proposed in recent years combine a neural perception component with a symbolic reasoning component to solve a downstream task. By doing so, these approaches can provide neural networks with symbolic reasoning capabilities, improve their interpretability and enable generalization beyond the training task. However, this often comes at the cost of poor training time, with potential scalability issues. In this paper, we propose a scalable neuro-symbolic approach, called Embed2Sym. We complement a two-stage (perception and reasoning) neural network architecture designed to solve a downstream task end-to-end with a symbolic optimisation method for extracting learned latent concepts. Specifically, the trained perception network generates clusters in embedding space that are identified and labelled using symbolic knowledge and a symbolic solver. With the latent concepts identified, a neuro-symbolic model is constructed by combining the perception network with the symbolic knowledge of the downstream task, resulting in a model that is interpretable and transferable. Our evaluation shows that Embed2Sym outperforms state-of-the-art neuro-symbolic systems on benchmark tasks in terms of training time by several orders of magnitude while providing similar if not better accuracy.
Semantic Scholar venue: International Conference on Principles of Knowledge Representation and Reasoning
Publication types: JournalArticle|Conference
Fields of study: Computer Science"
809,"Title: Reasoning about Explanations for Non-validation in SHACL.
Venue: kr
Authors: Shqiponja Ahmetaj, Robert David, Magdalena Ortiz, Axel Polleres, Bojken Shehu, Mantas Šimkus
Abstract: The Shapes Constraint Language (SHACL) is a recently standardized language for describing and validating constraints over RDF graphs. The SHACL specification describes the so-called validation reports, which are meant to explain to the users the outcome of validating an RDF graph against a collection of constraints. Specifically, explaining the reasons why the input graph does not satisfy the constraints is challenging. In fact, the current SHACL standard leaves it open on how such explanations can be provided to the users. In this paper, inspired by works on logic-based abduction and database repairs, we study the problem of explaining non-validation of SHACL constraints. In particular, in our framework non-validation is explained using the notion of a repair, i.e., a collection of additions and deletions whose application on an input graph results in a repaired graph that does satisfy the given SHACL constraints. We define a collection of decision problems for reasoning about explanations, possibly restricting to explanations that are minimal with respect to cardinality or set inclusion. We provide a detailed characterization of the computational complexity of those reasoning tasks, including the combined and the data complexity.
Semantic Scholar venue: Description Logics
Publication types: JournalArticle
Fields of study: Computer Science"
818,"Title: Correcting Hierarchical Plans by Action Deletion.
Venue: kr
Authors: Roman Barták, Simona Ondrčková, Gregor Behnke, Pascal Bercher
Abstract: Hierarchical task network (HTN) planning is a model-based approach to planning. The HTN domain model consists of tasks and methods to decompose them into subtasks until obtaining primitive tasks (actions). There are recent methods for verifying if a given action sequence is a valid HTN plan. However, if the plan is invalid, all existing verification methods only say so without explaining why the plan is invalid. In the paper, we propose a method that corrects a given action sequence to form a valid HTN plan by deleting the minimal number of actions. This plan correction explains what is wrong with a given action sequence concerning the HTN domain model.
Semantic Scholar venue: International Conference on Principles of Knowledge Representation and Reasoning
Publication types: JournalArticle|Conference
Fields of study: Computer Science"
1116,"Title: New Inference Relations from Maximal Consistent Subsets.
Venue: kr
Authors: Sébastien Konieczny, Pierre Marquis, Srdjan Vesic
Abstract: Given an inconsistent, flat belief base, it is shown how to draw non-trivial conclusions from it by selecting some of its maximal consistent subsets, without questioning the fact that they are preferential relations (in the sense of KLM).
Semantic Scholar venue: International Conference on Principles of Knowledge Representation and Reasoning
Publication types: JournalArticle|Conference
Fields of study: Computer Science"
2251,"Title: Automatic Reachability Analysis for Nonlinear Hybrid Models with C2E2.
Venue: cav
Authors: Chuchu Fan, Bolun Qi, Sayan Mitra, Mahesh Viswanathan, Parasara Sridhar Duggirala
Abstract: This version of C2E2 is improved in several ways, the most prominent among which is the elimination of the need for user-provided discrepancy functions, which makes it a usable tool for bounded reachability analysis of hybrid systems.
Semantic Scholar venue: International Conference on Computer Aided Verification
Publication types: JournalArticle|Conference
Fields of study: Computer Science"
1804,"Title: AIGEN: Random Generation of Symbolic Transition Systems.
Venue: cav
Authors: Swen Jacobs, Mouhammad Sakr
Abstract: AIGEN is an open source tool for the generation of transition systems in a symbolic representation. To ensure diversity, it employs a uniform random sampling over the space of all Boolean functions with a given number of variables. AIGEN relies on reduced ordered binary decision diagrams (ROBDDs) and canonical disjunctive normal form (CDNF) as canonical representations that allow us to enumerate Boolean functions, in the former case with an encoding that is inspired by data structures used to implement ROBDDs. Several parameters allow the user to restrict generation to Boolean functions or transition systems with certain properties, which are then output in AIGER format. We report on the use of AIGEN to generate random benchmark problems for the reactive synthesis competition SYNTCOMP 2019, and present a comparison of the two encodings with respect to time and memory efficiency in practice.
Semantic Scholar venue: International Conference on Computer Aided Verification
Publication types: JournalArticle|Conference
Fields of study: Computer Science"
1920,"Title: Verification of Deep Convolutional Neural Networks Using ImageStars.
Venue: cav
Authors: Hoang-Dung Tran, Stanley Bak, Weiming Xiang, Taylor T. Johnson
Abstract: Convolutional Neural Networks (CNN) have redefined state-of-the-art in many real-world applications, such as facial recognition, image classification, human pose estimation, and semantic segmentation. Despite their success, CNNs are vulnerable to adversarial attacks, where slight changes to their inputs may lead to sharp changes in their output in even well-trained networks. Set-based analysis methods can detect or prove the absence of bounded adversarial attacks, which can then be used to evaluate the effectiveness of neural network training methodology. Unfortunately, existing verification approaches have limited scalability in terms of the size of networks that can be analyzed. In this paper, we describe a set-based framework that successfully deals with real-world CNNs, such as VGG16 and VGG19, that have high accuracy on ImageNet. Our approach is based on a new set representation called the ImageStar, which enables efficient exact and over-approximative analysis of CNNs. ImageStars perform efficient set-based analysis by combining operations on concrete images with linear programming (LP). Our approach is implemented in a tool called NNV, and can verify the robustness of VGG networks with respect to a small set of input states, derived from adversarial attacks, such as the DeepFool attack. The experimental results show that our approach is less conservative and faster than existing zonotope and polytope methods.
Semantic Scholar venue: International Conference on Computer Aided Verification
Publication types: JournalArticle|Conference
Fields of study: Computer Science"
1456,"Title: Decision Heuristics in MCSat.
Venue: cav
Authors: Thomas Hader, Ahmed Irfan, Stéphane Graham-Lengrand
Abstract: The new version of the MCSat Yices2 solver not only solves more nonlinear arithmetic benchmarks than before but is also more efficient compared to other leading SMT solvers.
Semantic Scholar venue: International Conference on Computer Aided Verification
Publication types: JournalArticle|Conference
Fields of study: Computer Science"
2430,"Title: &quot;Upon This Quote I Will Build My Church Thesis&quot;.
Venue: lics
Authors: Pierre-Marie Pédrot
Abstract: The internal Church thesis (CT) is a logical principle stating that one can associate to any function f:N→N a concrete code, in some Turing-complete language, that computes f. While the compatibility of CT in simpler systems has been long known, its compatibility with dependent type theory is still an open question. In this paper, we answer this question positively. We define “MLTT”, a type theory extending MLTT with quote operators in which CT is derivable. We furthermore prove that “MLTT” is consistent, strongly normalizing and enjoys canonicity using a rather standard logical relation model. All the results in this paper have been mechanized in Coq.a
Semantic Scholar venue: Communications of the ACM
Publication types: JournalArticle
Fields of study: Computer Science"
2432,"Title: A Characterisation Theorem for Two-Way Bisimulation-Invariant Monadic Least Fixpoint Logic Over Finite Structures.
Venue: lics
Authors: Maximilian Pflueger, Johannes Marti, Egor V. Kostylev
Abstract: A seminal theorem by van Benthem characterises the bisimulation-invariant fragment of First Order Logic (FOL) in terms of Modal Logic. Similarly, Janin and Walukiewicz have shown that the bisimulation-invariant fragment of Monadic Second Order Logic (MSO) corresponds precisely to the (modal) mu-calculus. Notably, neither argument immediately carries over when only considering finite structures. In the case of FOL, Rosen provided an alternative proof, which also works over finite structures. However, such characterisations for any logic more expressive than FOL over finite structures have remained long-standing open problems. In this paper, we prove such a characterisation for parameter-free Monadic Least Fixpoint Logic, a well-known logic in between FOL and MSO. In particular, we show that, over finite structures, every two-way bisimulation-invariant formula in this logic is equivalent to a formula in the two-way mu-calculus and vice versa.
Semantic Scholar venue: Logic in Computer Science
Publication types: Book|JournalArticle|Conference
Fields of study: Computer Science"
1207,"Title: Negation Without Negation in Probabilistic Logic Programming.
Venue: kr
Authors: 
Abstract: This work shows how allowing negative noise probabilities allows us to represent arbitrary conditional probabilities without negations, and proves what constraints on the strengths allow for proper distributions on the non-noise variables and allow for all non-extreme distributions to be represented.
Semantic Scholar venue: International Conference on Principles of Knowledge Representation and Reasoning
Publication types: JournalArticle|Conference
Fields of study: Computer Science"
2296,"Title: An Update on Deductive Synthesis and Repair in the Leon Tool.
Venue: cav
Authors: Manos Koukoutos, Etienne Kneuss, Viktor Kuncak
Abstract: We report our progress in scaling deductive synthesis and repair of recursive functional Scala programs in the Leon tool. We describe new techniques, including a more precise mechanism for encoding the space of meaningful candidate programs. Our techniques increase the scope of synthesis by expanding the space of programs we can synthesize and by reducing the synthesis time in many cases. As a new example, we present a run-length encoding function for a list of values, which Leon can now automatically synthesize from specification consisting of the decoding function and the local minimality property of the encoded value.
Semantic Scholar venue: SYNT@CAV
Publication types: JournalArticle
Fields of study: Computer Science"
954,"Title: Multi-head Guarded Existential Rules Over Fixed Signatures.
Venue: kr
Authors: Georg Gottlob, Marco Manna, Andreas Pieris
Abstract: Guarded existential rules form a robust rule-based language for modelling ontologies. The central problem of ontology-based query answering, as well as the notion of polynomial combined rewritability, have been extensively studied during the last years for this formalism. However, the relevant setting where the underlying signature is considered to be fixed is far from being well understood. All the existing results on ontology-based query answering and polynomial combined rewritability assume rule heads with one atom, while existential rules in real ontologies are typically coming with multi-heads consisting of several atoms. We aim to fill this gap.
Semantic Scholar venue: International Conference on Principles of Knowledge Representation and Reasoning
Publication types: JournalArticle|Conference
Fields of study: Computer Science"
1507,"Title: Computer Aided Verification - 37th International Conference, CAV 2025, Zagreb, Croatia, July 23-25, 2025, Proceedings, Part II
Venue: cav
Authors: 
Abstract: In this homeworks, if a problem requires you to come up with an algorithm, you should prove its correctness as well as state and prove its asymptotic running time.
Publication types: Book"
2876,"Title: Weighted model counting beyond two-variable logic.
Venue: lics
Authors: Antti Kuusisto, Carsten Lutz
Abstract: It was recently shown by van den Broeck at al. that the symmetric weighted first-order model counting problem (WFOMC) for sentences of two-variable logic FO2 is in polynomial time, while it is #P1-complete for some FO3-sentences. We extend the result for FO2 in two independent directions: to sentences of the form φ∧∀x∃=1 y ψ (x, y) with φ and ψ formulated in FO2 and to sentences of the uniform one-dimensional fragment U1 of FO, a recently introduced extension of two-variable logic with the capacity to deal with relation symbols of all arities. We note that the former generalizes the extension of FO2 with a functional relation symbol. We also identify a complete classification of first-order prefix classes according to whether WFOMC is in polynomial time or #P1-complete.
Semantic Scholar venue: Logic in Computer Science
Publication types: JournalArticle|Book|Conference
Fields of study: Mathematics|Computer Science"
2544,"Title: Graded Monads and Behavioural Equivalence Games.
Venue: lics
Authors: Chase Ford, Stefan Milius, Lutz Schröder, Harsh Beohar, Barbara König
Abstract: The framework of graded semantics uses graded monads to capture behavioural equivalences of varying granularity, for example as found in the linear-time / branching-time spectrum, over general system types. We describe a generic Spoiler-Duplicator game for graded semantics that is extracted from the given graded monad, and may be seen as playing out an equational proof; instances include standard pebble games for simulation and bisimulation as well as games for trace-like equivalences and coalgebraic behavioural equivalence. Considerations on an infinite variant of such games lead to a novel notion of infinite-depth graded semantics. Under reasonable restrictions, the infinite-depth graded semantics associated to a given graded equivalence can be characterized in terms of a determinization construction for coalgebras under the equivalence at hand.
Semantic Scholar venue: Logic in Computer Science
Publication types: Book|JournalArticle|Conference
Fields of study: Computer Science"
2199,"Title: Abstract Interpretation with Unfoldings.
Venue: cav
Authors: Marcelo Sousa, César Rodríguez, Vijay D’Silva, Daniel Kroening
Abstract: We present and evaluate a technique for computing path-sensitive interference conditions during abstract interpretation of concurrent programs. In lieu of fixed point computation, we use prime event structures to compactly represent causal dependence and interference between sequences of transformers. Our main contribution is an unfolding algorithm that uses a new notion of independence to avoid redundant transformer application, thread-local fixed points to reduce the size of the unfolding, and a novel cutoff criterion based on subsumption to guarantee termination of the analysis. Our experiments show that the abstract unfolding produces an order of magnitude fewer false alarms than a mature abstract interpreter, while being several orders of magnitude faster than solver-based tools that have the same precision.
Semantic Scholar venue: International Conference on Computer Aided Verification
Publication types: JournalArticle|Conference
Fields of study: Computer Science"
2782,"Title: A Generic Normal Form for ZX-Diagrams and Application to the Rational Angle Completeness.
Venue: lics
Authors: Emmanuel Jeandel, Simon Perdrix, Renaud Vilmart
Abstract: Recent completeness results on the ZX-calculus used a third-party language, namely the ZW-Calculus. As a consequence, these proofs are elegant, but sadly non-constructive. We address this issue in the following. To do so, we first describe a generic normal form for ZX-diagrams in any fragment that contains $\mathbf{Clifford}+\mathbf{T}$ quantum mechanics. We give sufficient conditions for an axiomatisation to be complete, and an algorithm to reach the normal form. Finally, we apply these results to the $\mathbf{Clifford}+\mathbf{T}$ fragment and the general ZX-calculus - for which we already know the completeness-, but also for any fragment of rational angles: we show that the axiomatisation for $\mathbf{Clifford}+\mathbf{T}$ is also complete for any fragment of dyadic angles, and that a simple new rule (called cancellation) is necessary and sufficient otherwise.
Semantic Scholar venue: Logic in Computer Science
Publication types: JournalArticle
Fields of study: Computer Science|Physics|Mathematics"
2266,"Title: JayHorn: A Framework for Verifying Java programs.
Venue: cav
Authors: Temesghen Kahsai, Philipp Rümmer, Huascar Sanchez, Martin Schäf
Abstract: Building a competitive program verifiers is becoming cheaper because openly available compiler infrastructure and optimization frameworks take care of hairy problems such as alias analysis, and break down the subtleties of modern languages into a handful of simple instructions.
Semantic Scholar venue: International Conference on Computer Aided Verification
Publication types: JournalArticle|Conference
Fields of study: Computer Science"
2702,"Title: One-Clock Priced Timed Games are PSPACE-hard.
Venue: lics
Authors: John Fearnley, Rasmus Ibsen-Jensen, Rahul Savani
Abstract: The main result of this paper is that computing the value of a one-clock priced timed game (OCPTG) is PSPACE-hard. Along the way, we provide a family of OCPTGs that have an exponential number of event points. Both results hold even in very restricted classes of games such as DAGs with treewidth three. Finally, we provide a number of positive results, including polynomial-time algorithms for even more restricted classes of OCPTGs such as trees.
Semantic Scholar venue: Logic in Computer Science
Publication types: JournalArticle|Book|Conference
Fields of study: Computer Science"
2746,"Title: A comonadic view of simulation and quantum resources.
Venue: lics
Authors: Samson Abramsky, Rui Soares Barbosa, Martti Karvonen, Shane Mansfield
Abstract: We study simulation and quantum resources in the setting of the sheaf-theoretic approach to contextuality and nonlocality. Resources are viewed behaviourally, as empirical models. In earlier work, a notion of morphism for these empirical models was proposed and studied. We generalize and simplify the earlier approach, by starting with a very simple notion of morphism, and then extending it to a more useful one by passing to a co-Kleisli category with respect to a comonad of measurement protocols. We show that these morphisms capture notions of simulation between empirical models obtained via “free” operations in a resource theory of contextuality, including the type of classical control used in measurement-based quantum computation schemes.
Semantic Scholar venue: Logic in Computer Science
Publication types: JournalArticle
Fields of study: Computer Science|Physics|Mathematics"
1603,"Title: Computer Aided Verification - 36th International Conference, CAV 2024, Montreal, QC, Canada, July 24-27, 2024, Proceedings, Part III
Venue: cav
Authors: 
Abstract: Abstract The synthesis of infinite-state reactive systems from temporal logic specifications or infinite-state games has attracted significant attention in recent years, leading to the emergence of novel solving techniques. Most approaches are accompanied by an implementation showcasing their viability on an increasingly larger collection of benchmarks. Those implementations are –often simple– prototypes. Furthermore, differences in specification formalisms and formats make comparisons difficult, and writing specifications is a tedious and error-prone task. To address this, we present , a tool for specification, realizability, and synthesis of infinite-state reactive systems. comes with an expressive specification language that allows for combining infinite-state games and temporal formulas, thus encompassing the current formalisms. The realizability checking and synthesis methods implemented in build upon recently developed approaches and extend them with newly engineered efficient techniques, offering a portfolio of solving algorithms. We evaluate on an extensive set of benchmarks, demonstrating its competitiveness with the state of the art. Furthermore, provides tooling for a general high-level format designed to make specification easier for users. It also includes a compiler to a more machine-readable format that other tool developers can easily use, which we hope will lead to a broader adoption and advances in infinite-state reactive synthesis.
Semantic Scholar venue: Lecture Notes in Computer Science
Publication types: Book"
991,"Title: A Semantic Perspective on Omission Abstraction in ASP.
Venue: kr
Authors: Zeynep G. Saribatur, Thomas Eiter
Abstract: The recently introduced notion of ASP abstraction is on reducing the vocabulary of a program while ensuring over-approximation of its answer sets, with a focus on having a syntactic operator that constructs an abstract program. It has been shown that such a notion has the potential for program analysis at the abstract level by getting rid of irrelevant details to problem solving while preserving the structure, that aids in the explanation of the solutions. We take here a further look on ASP abstraction, focusing on abstraction by omission with the aim to obtain a better understanding of the notion. We distinguish the key conditions for omission abstraction which sheds light on the differences to the well-studied notion of forgetting. We demonstrate how omission abstraction fits into the overall spectrum, by also investigating its behavior in the semantics of a program in the framework of HT logic.
Semantic Scholar venue: International Conference on Principles of Knowledge Representation and Reasoning
Publication types: JournalArticle|Conference
Fields of study: Computer Science"
930,"Title: Explanations for Negative Query Answers under Existential Rules.
Venue: kr
Authors: İsmail İlkan Ceylan, Thomas Lukasiewicz, Enrico Malizia, Cristian Molinaro, Andrius Vaicenavičius
Abstract: Ontology-mediated query answering is an extensively studied paradigm, where the conceptual knowledge provided by an ontology is leveraged towards more enhanced querying of data sources. A major advantage of ontological reasoning is its interpretability, which allows one to derive explanations for query answers. Indeed, explanations have a long history in knowledge representation, and have also been investigated for ontology languages based on description logics and existential rules. Existing works on existential rules, however, merely focus on understanding why a query is entailed, i.e., explaining positive query answers. In this paper, we continue this line of research and address another important problem, namely, explaining why a query is not entailed under existential rules, i.e., explaining negative query answers. We consider various problems related to explaining non-entailments from the abduction literature, and also introduce new problems. For all considered problems, we give a detailed complexity analysis for a wide range of existential rule languages and complexity measures.
Semantic Scholar venue: DP@AI*IA
Publication types: JournalArticle
Fields of study: Computer Science"
1024,"Title: Sponges Resist Leakage: The Case of Authenticated Encryption.
Venue: kr
Authors: Jean Paul Degabriele, Christian Janson, Patrick Struck
Abstract: This work reduces the problem of constructing leakage-resilient AEAD schemes to that of building fixed-input-length function families that retain pseudorandomness and unpredictability in the presence of leakage, and instantiates a sponge-based instantiation secure in the non-adaptive leakage setting.
Semantic Scholar venue: IACR Cryptology ePrint Archive
Publication types: JournalArticle
Fields of study: Computer Science"
2112,"Title: Reachable Set Over-Approximation for Nonlinear Systems Using Piecewise Barrier Tubes.
Venue: cav
Authors: Hui Kong, Ezio Bartocci, Thomas A. Henzinger
Abstract: We address the problem of analyzing the reachable set of a polynomial nonlinear continuous system by over-approximating the flowpipe of its dynamics. The common approach to tackle this problem is to perform a numerical integration over a given time horizon based on Taylor expansion and interval arithmetic. However, this method results to be very conservative when there is a large difference in speed between trajectories as time progresses. In this paper, we propose to use combinations of barrier functions, which we call piecewise barrier tube (PBT), to over-approximate flowpipe. The basic idea of PBT is that for each segment of a flowpipe, a coarse box which is big enough to contain the segment is constructed using sampled simulation and then in the box we compute by linear programming a set of barrier functions (called barrier tube or BT for short) which work together to form a tube surrounding the flowpipe. The benefit of using PBT is that (1) BT is independent of time and hence can avoid being stretched and deformed by time; and (2) a small number of BTs can form a tight over-approximation for the flowpipe, which means that the computation required to decide whether the BTs intersect the unsafe set can be reduced significantly. We implemented a prototype called PBTS in C++. Experiments on some benchmark systems show that our approach is effective.
Semantic Scholar venue: International Conference on Computer Aided Verification
Publication types: JournalArticle|Conference
Fields of study: Computer Science"
2290,"Title: Using SyGuS to Synthesize Reactive Motion Plans.
Venue: cav
Authors: Sarah Chasins, Julie L. Newcomb
Abstract: We present an approach for synthesizing reactive robot motion plans, based on compilation to Syntax-Guided Synthesis (SyGuS) specifications. Our method reduces the motion planning problem to the problem of synthesizing a function that can choose the next robot action in response to the current state of the system. This technique offers reactivity not by generating new motion plans throughout deployment, but by synthesizing a single program that causes the robot to reach its target from any system state that is consistent with the system model. This approach allows our tool to handle environments with adversarial obstacles. This work represents the first use of the SyGuS formalism to solve robot motion planning problems. We investigate whether using SyGuS for a bounded two-player reachability game is practical at this point in time.
Semantic Scholar venue: SYNT@CAV
Publication types: JournalArticle
Fields of study: Computer Science"
2360,"Title: Hofmann-Streicher lifting of fibred categories : Dedicated to the memory of Thomas Streicher (1958-2025).
Venue: lics
Authors: Andrew Slattery, Jonathan Sterling
Abstract: In 1997, Hofmann and Streicher introduced an explicit construction to lift a Grothendieck universe ${\mathcal{U}}$ from Set into the category of Set-valued presheaves on a ${\mathcal{U}}$-small category B. More recently, Awodey presented an elegant functorial analysis of this construction in terms of the categorical nerve, the right adjoint to the functor that takes a presheaf to its category of elements; in particular, the categorical nerve's functorial action on the universal ${\mathcal{U}}$-small discrete fibration gives the generic family of ${\mathcal{U}}$'s Hofmann-Streicher lifting. Inspired by Awodey's analysis, we define a relative version of Hofmann-Streicher lifting in terms of the right pseudo-adjoint to the 2-functor FibA → FibB given by postcomposition with a fibration $p:A \to B$.
Semantic Scholar venue: Logic in Computer Science
Publication types: JournalArticle
Fields of study: Computer Science|Mathematics"
834,"Title: A Compilation of Succinctness Results for Arithmetic Circuits.
Venue: kr
Authors: Alexis de Colnet, Stefan Mengel
Abstract: Arithmetic circuits (AC) are circuits over the real numbers with 0/1-valued input variables whose gates compute the sum or the product of their inputs. Positive AC – that is, AC representing non-negative functions – subsume many interesting probabilistic models such as probabilistic sentential decision diagram (PSDD) or sum-product network (SPN) on indicator variables. Efficient algorithms for many operations useful in probabilistic reasoning on these models critically depend on imposing structural restrictions to the underlying AC. Generally, adding structural restrictions yields new tractable operations but increases the size of the AC. In this paper we study the relative succinctness of classes of AC with different combinations of common restrictions. Building on existing results for Boolean circuits, we derive an unconditional succinctness map for classes of monotone AC – that is, AC whose constant labels are non-negative reals – respecting relevant combinations of the restrictions we consider. We extend a small part of the map to classes of positive AC. Those are known to generally be exponentially more succinct than their monotone counterparts, but we observe here that for so-called deterministic circuits there is no difference between the monotone and the positive setting which allows us to lift some of our results. We end the paper with some insights on the relative succinctness of positive AC by showing exponential lower bounds on the representations of certain functions in positive AC respecting structured decomposability.
Semantic Scholar venue: International Conference on Principles of Knowledge Representation and Reasoning
Publication types: JournalArticle|Conference
Fields of study: Computer Science"
911,"Title: Answer Set Programming with Composed Predicate Names.
Venue: kr
Authors: Mario Alviano
Abstract: Mainstream systems for Answer Set Programming implement intelligent grounding to eliminate object variables from the input program, often obtaining a propositional program of reasonable size. However, non-stratified negation may inhibit the simplification of some rule bodies due to the lack of knowledge on the truth of recursive atoms. Frustration is greatest when the program is clearly locally stratified, such as in case of numerical arguments in rule heads obtained by increasing some body arguments; common examples are minimal distances in graphs and time arguments in planning scenarios. This paper suggests to move some arguments in predicate names, so that the declarative semantics of Answer Set Programming is preserved, but non-stratified negation is possibly avoided thanks to symbolic rule instantiation. A proof of concept is given in terms of Jinja templates for arguments with a clear range.
Semantic Scholar venue: International Conference on Principles of Knowledge Representation and Reasoning
Publication types: JournalArticle|Conference
Fields of study: Computer Science"
2329,"Title: Approximate Evaluation of Quantitative Second Order Queries.
Venue: lics
Authors: Jan Dreier, Robert Ganian, Thekla Hamm
Abstract: Courcelle’s theorem and its adaptations to cliquewidth have shaped the field of exact parameterized algorithms and are widely considered the archetype of algorithmic meta-theorems. In the past decade, there has been growing interest in developing parameterized approximation algorithms for problems which are not captured by Courcelle’s theorem and, in particular, are considered not fixed-parameter tractable under the associated widths.We develop a generalization of Courcelle’s theorem that yields efficient approximation schemes for any problem that can be captured by a more expressive logic we call $\boxed\forall $CMSO, capable of making logical statements about the sizes of set variables via so-called weight comparisons. The logic controls weight comparisons via the quantifier-alternation depth of the involved variables, allowing full comparisons for zero-alternation variables and limited comparisons for one-alternation variables. The developed framework threads the very needle of tractability: on one hand it can describe a broad range of approximable problems, while on the other hand we show that the restrictions of our logic cannot be relaxed under widely accepted complexity assumptions.The running time of our approximation scheme is polynomial in 1/ε, allowing us to fully interpolate between faster approximate algorithms and slower exact algorithms. This provides a unified framework to explain the tractability landscape of graph problems parameterized by treewidth and cliquewidth, as well as classical non-graph problems such as Subset Sum and Knapsack.
Semantic Scholar venue: Logic in Computer Science
Publication types: JournalArticle
Fields of study: Computer Science"
1963,"Title: Run-Time Optimization for Learned Controllers Through Quantitative Games.
Venue: cav
Authors: Guy Avni, Roderick Bloem, Krishnendu Chatterjee, Thomas A. Henzinger, Bettina Könighofer, Stefan Pranger
Abstract: A controller is a device that interacts with a plant. At each time point, it reads the plant’s state and issues commands with the goal that the plant operates optimally. Constructing optimal controllers is a fundamental and challenging problem. Machine learning techniques have recently been successfully applied to train controllers, yet they have limitations. Learned controllers are monolithic and hard to reason about. In particular, it is difficult to add features without retraining, to guarantee any level of performance, and to achieve acceptable performance when encountering untrained scenarios. These limitations can be addressed by deploying quantitative run-time shields that serve as a proxy for the controller. At each time point, the shield reads the command issued by the controller and may choose to alter it before passing it on to the plant. We show how optimal shields that interfere as little as possible while guaranteeing a desired level of controller performance, can be generated systematically and automatically using reactive synthesis. First, we abstract the plant by building a stochastic model. Second, we consider the learned controller to be a black box. Third, we measure controller performance and shield interference by two quantitative run-time measures that are formally defined using weighted automata. Then, the problem of constructing a shield that guarantees maximal performance with minimal interference is the problem of finding an optimal strategy in a stochastic 2-player game “controller versus shield” played on the abstract state space of the plant with a quantitative objective obtained from combining the performance and interference measures. We illustrate the effectiveness of our approach by automatically constructing lightweight shields for learned traffic-light controllers in various road networks. The shields we generate avoid liveness bugs, improve controller performance in untrained and changing traffic situations, and add features to learned controllers, such as giving priority to emergency vehicles .
Semantic Scholar venue: International Conference on Computer Aided Verification
Publication types: JournalArticle|Conference
Fields of study: Computer Science"
2477,"Title: Reachability in Injective Piecewise Affine Maps.
Venue: lics
Authors: Faraz Ghahremani, Edon Kelmendi, Joël Ouaknine
Abstract: One of the most basic, longstanding open problems in the theory of dynamical systems is whether reachability is decidable for one-dimensional piecewise affine maps with two intervals. In this paper we prove that for injective maps, it is decidable.We also study various related problems, in each case either establishing decidability, or showing that they are closely connected to Diophantine properties of certain transcendental numbers, analogous to the positivity problem for linear recurrence sequences. Lastly, we consider topological properties of orbits of one-dimensional piecewise affine maps, not necessarily with two intervals, and negatively answer a question of Bournez, Kurganskyy, and Potapov, about the set of orbits in expanding maps.
Semantic Scholar venue: Logic in Computer Science
Publication types: JournalArticle
Fields of study: Computer Science|Mathematics"
1761,"Title: Adapting Behaviors via Reactive Synthesis.
Venue: cav
Authors: Gal Amram, Suguman Bansal, Dror Fried, Lucas Martinelli Tabajara, Moshe Y. Vardi, Gera Weiss
Abstract: In the Adapter Design Pattern, a programmer implements a Target interface by constructing an Adapter that accesses an existing Adaptee code. In this work, we present a reactive synthesis interpretation to the adapter design pattern, wherein an algorithm takes an Adaptee and a Target transducers, and the aim is to synthesize an Adapter transducer that, when composed with the Adaptee, generates a behavior that is equivalent to the behavior of the Target. One use of such an algorithm is to synthesize controllers that achieve similar goals on different hardware platforms. While this problem can be solved with existing synthesis algorithms, current state-of-the-art tools fail to scale. To cope with the computational complexity of the problem, we introduce a special form of specification format, called Separated GR(k), which can be solved with a scalable synthesis algorithm but still allows for a large set of realistic specifications. We solve the realizability and the synthesis problems for Separated GR(k), and show how to exploit the separated nature of our specification to construct better algorithms, in terms of time complexity, than known algorithms for GR(k) synthesis. We then describe a tool, called SGR(k), that we have implemented based on the above approach and show, by experimental evaluation, how our tool outperforms current state-of-the-art tools on various benchmarks and test-cases.
Semantic Scholar venue: International Conference on Computer Aided Verification
Publication types: JournalArticle|Conference
Fields of study: Computer Science"
1171,"Title: Algebraic Analysis of the Initialization Phase Grain Version 1 using a Degree-Oriented Interpolation Technique.
Venue: kr
Authors: James E. McDonough
Abstract: This report shows one basic way to prepare an algebraic attack against a stream cipher using a degree-oriented interpolation technique to express the keystream bits of the keystream generator Grain Version 1 (Grain v1) in algebraic normal form (ANF).
Semantic Scholar venue: Krypto-Tag
Publication types: JournalArticle
Fields of study: Computer Science"
1108,"Title: A Logic for Specifying Metric Temporal Constraints for Golog Programs.
Venue: kr
Authors: Ron Koymans
Abstract: This work shows how to formulate constraints using a model of the robot platform, and sketches a procedure that solves those constraints using Simple Temporal Networks (STNs).
Semantic Scholar venue: CogRob@KR
Publication types: JournalArticle
Fields of study: Computer Science"
1531,"Title: Verification Algorithms for Automated Separation Logic Verifiers.
Venue: cav
Authors: Marco Eilers, Malte Schwerhoff, Peter Müller
Abstract: Most automated program verifiers for separation logic use either symbolic execution or verification condition generation to extract proof obligations, which are then handed over to an SMT solver. Existing verification algorithms are designed to be sound, but differ in performance and completeness. These characteristics may also depend on the programs and properties to be verified. Consequently, developers and users of program verifiers have to select a verification algorithm carefully for their application domain. Taking an informed decision requires a systematic comparison of the performance and completeness characteristics of the verification algorithms used by modern separation logic verifiers, but such a comparison does not exist. This paper describes five verification algorithms for separation logic, three that are used in existing tools and two novel algorithms that combine characteristics of existing symbolic execution and verification condition generation algorithms. A detailed evaluation of implementations of these five algorithms in the Viper infrastructure assesses their performance and completeness for different classes of input programs. Based on the experimental results, we identify candidate portfolios of algorithms that maximize completeness and performance.
Semantic Scholar venue: International Conference on Computer Aided Verification
Publication types: JournalArticle|Conference
Fields of study: Computer Science"
2654,"Title: Asynchronous Template Games and the Gray Tensor Product of 2-Categories.
Venue: lics
Authors: Paul-Andre Mellies
Abstract: In his recent and exploratory work on template games and linear logic, Melliès defines sequential and concurrent games as categories with positions as objects and trajectories as morphisms, labelled by a specific synchronization template. In the present paper, we bring the idea one dimension higher and advocate that template games should not be just defined as 1-dimensional categories but as 2-dimensional categories of positions, trajectories and reshufflings (or reschedulings) as 2-cells. In order to achieve the purpose, we take seriously the parallel between asynchrony in concurrency and the Gray tensor product of 2-categories. One technical difficulty on the way is that the category $\mathbb{S} = 2$-Cat of small 2-categories equipped with the Gray tensor product is monoidal, and not cartesian. This prompts us to extend the framework of template games originally formulated by Melliès in a category $\mathbb{S}$ with finite limits, and to upgrade it in the style of Aguiar’s work on quantum groups to the more general situation of a monoidal category $\mathbb{S}$ with coreflexive equalizers, preserved by the tensor product componentwise. We construct in this way an asynchronous template game semantics of multiplicative additive linear logic (MALL) where every formula and every proof is interpreted as a labelled 2-category equipped, respectively, with the structure of Gray comonoid for asynchronous template games, and of Gray bicomodule for asynchronous strategies.
Semantic Scholar venue: Logic in Computer Science
Publication types: Book|JournalArticle
Fields of study: Computer Science|Mathematics"
2956,"Title: Capturing polynomial time using Modular Decomposition.
Venue: lics
Authors: Berit Grußien
Abstract: The question of whether there is a logic that captures polynomial time is one of the main open problems in descriptive complexity theory and database theory. In 2010 Grohe showed that fixed point logic with counting captures polynomial time on all classes of graphs with excluded minors. We now consider classes of graphs with excluded induced subgraphs. For such graph classes, an effective graph decomposition, called modular decomposition, was introduced by Gallai in 1976. The graphs that are non-decomposable with respect to modular decomposition are called prime. We present a tool, the Modular Decomposition Theorem, that reduces (definable) canonization of a graph class C to (definable) canonization of the class of prime graphs of C that are colored with binary relations on a linearly ordered set. By an application of the Modular Decomposition Theorem, we show that fixed point logic with counting also captures polynomial time on the class of permutation graphs. As a side effect of the Modular Decomposition Theorem, we further obtain that the modular decomposition tree is computable in logarithmic space. It follows that cograph recognition and cograph canonization is computable in logarithmic space.
Semantic Scholar venue: Logic in Computer Science
Publication types: JournalArticle
Fields of study: Mathematics|Computer Science"
1067,"Title: Heuristic Search Planning With Multi-Objective Probabilistic LTL Constraints.
Venue: kr
Authors: Philipp Schillinger, Mathias Burger, Dimos V. Dimarogonas
Abstract: This work presents an algorithm for computing cost-optimal stochastic policies for Stochastic Shortest Path problems (SSPs) subject to multi-objective PLTL constraints, i.e., conjunctions of probabilistic LTL formulas, and extends recent heuristic search algorithms and admissible heuristics for cost-constrained SSPs to enable pruning regions made infeasible by thePLTL constraints.
Semantic Scholar venue: International Conference on Principles of Knowledge Representation and Reasoning
Publication types: JournalArticle|Conference
Fields of study: Computer Science"
1377,"Title: Refining and Generalizing P-log - Preliminary Report.
Venue: lpnmr
Authors: Jack Burton Epstein, J. P. D'Agostino, Avery A. Drake, Nicholas Lampiris
Abstract: This paper is a preliminary report on the development of a new, improved version of the knowledge representation language P-log that clarifies syntax and semantics of the original language and brings informal reading of its main concepts closer to their formal semantics.
Semantic Scholar venue: ASPOCP@LPNMR
Publication types: JournalArticle
Fields of study: Computer Science"
1317,"Title: Epistemic Logic Programs: A Study of Some Properties.
Venue: lpnmr
Authors: STEFANIA COSTANTINI, ANDREA FORMISANO
Abstract: Abstract Epistemic logic programs (ELPs), extend answer set programming (ASP) with epistemic operators. The semantics of such programs is provided in terms of world views, which are sets of belief sets, that is, syntactically, sets of sets of atoms. Different semantic approaches propose different characterizations of world views. Recent work has introduced semantic properties that should be met by any semantics for ELPs, like the Epistemic Splitting Property, that, if satisfied, allows to modularly compute world views in a bottom-up fashion, analogously to “traditional” ASP. We analyze the possibility of changing the perspective, shifting from a bottom-up to a top-down approach to splitting. We propose a basic top-down approach, which we prove to be equivalent to the bottom-up one. We then propose an extended approach, where our new definition: (i) is provably applicable to many of the existing semantics; (ii) operates similarly to “traditional” ASP; (iii) provably coincides under any semantics with the bottom-up notion of splitting at least on the class of Epistemically Stratified Programs (which are, intuitively, those where the use of epistemic operators is stratified); (iv) better adheres to common ASP programming methodology.
Semantic Scholar venue: Theory and Practice of Logic Programming
Publication types: JournalArticle
Fields of study: Computer Science"
1329,"Title: Semantics for Conditional Literals via the SM Operator.
Venue: lpnmr
Authors: Zachary Hansen, Yuliya Lierler
Abstract: This work develops an alternative characterization with the SM operator which does not rely on grounding, and formalizes the intuition that conditional literals behave as nested implications, and proves the equivalence of the authors' semantics to those implemented by clingo.
Semantic Scholar venue: International Conference on Logic Programming and Non-Monotonic Reasoning
Publication types: JournalArticle
Fields of study: Computer Science"
2007,"Title: Automated Synthesis of Secure Platform Mappings.
Venue: cav
Authors: Eunsuk Kang, Stéphane Lafortune, Stavros Tripakis
Abstract: System development often involves decisions about how a high-level design is to be implemented using primitives from a low-level platform. Certain decisions, however, may introduce undesirable behavior into the resulting implementation, possibly leading to a violation of a desired property that has already been established at the design level. In this paper, we introduce the problem of synthesizing a property-preserving platform mapping: A set of implementation decisions ensuring that a desired property is preserved from a high-level design into a low-level platform implementation. We provide a formalization of the synthesis problem and propose a technique for synthesizing a mapping based on symbolic constraint search. We describe our prototype implementation, and a real-world case study demonstrating the application of our technique to synthesizing secure mappings for the popular web authorization protocols OAuth 1.0 and 2.0.
Semantic Scholar venue: International Conference on Computer Aided Verification
Publication types: JournalArticle|Conference
Fields of study: Computer Science"
1767,"Title: Latticed k-Induction with an Application to Probabilistic Programs.
Venue: cav
Authors: Kevin Batz, Mingshuai Chen, Benjamin Lucien Kaminski, Joost-Pieter Katoen, Christoph Matheja, Philipp Schröer
Abstract: We revisit two well-established verification techniques, k-induction and bounded model checking (BMC), in the more general setting of fixed point theory over complete lattices. Our main theoretical contribution is latticed k-induction, which (i) generalizes classical k-induction for verifying transition systems, (ii) generalizes Park induction for bounding fixed points of monotonic maps on complete lattices, and (iii) extends from naturals k to transfinite ordinals $$\kappa $$
 κ
 , thus yielding $$\kappa $$
 κ
 -induction.The lattice-theoretic understanding of k-induction and BMC enables us to apply both techniques to the fully automatic verification of infinite-state probabilistic programs. Our prototypical implementation manages to automatically verify non-trivial specifications for probabilistic programs taken from the literature that—using existing techniques—cannot be verified without synthesizing a stronger inductive invariant first.
Semantic Scholar venue: International Conference on Computer Aided Verification
Publication types: JournalArticle|Conference
Fields of study: Computer Science"
2884,"Title: A sequent calculus with dependent types for classical arithmetic.
Venue: lics
Authors: Étienne Miquey
Abstract: In a recent paper [11], Herbelin developed dPAω, a calculus in which constructive proofs for the axioms of countable and dependent choices could be derived via the encoding of a proof of countable universal quantification as a stream of it components. However, the property of normalization (and therefore the one of soundness) was only conjectured. The difficulty for the proof of normalization is due to the simultaneous presence of dependent types (for the constructive part of the choice), of control operators (for classical logic), of coinductive objects (to encode functions of type N→A into streams (a0, a1, ...)) and of lazy evaluation with sharing (for these coinductive objects). Elaborating on previous works, we introduce in this paper a variant of dPAω presented as a sequent calculus. On the one hand, we take advantage of a variant of Krivine classical realizability that we developed to prove the normalization of classical call-by-need [20]. On the other hand, we benefit from dLtp, a classical sequent calculus with dependent types in which type safety is ensured by using delimited continuations together with a syntactic restriction [19]. By combining the techniques developed in these papers, we manage to define a realizability interpretation à la Krivine of our calculus that allows us to prove normalization and soundness.
Semantic Scholar venue: Logic in Computer Science
Publication types: Book|JournalArticle|Conference
Fields of study: Computer Science"
2423,"Title: Uniformisation of Regular Relations in First-Order Logic with Two Variables.
Venue: lics
Authors: Nathan Lhote, Vincent Michielini, Michał Skrzypczak
Abstract: A uniformisation of a binary relation is a functional relation contained in it, with the same domain. The uniformisation problem asks whether such a uniformisation can be defined in a given formalism. We solve this problem in the context of regular relations over finite words, for the fragment FO2[<] of First-Order Logic with two variables: we provide an algorithm that decides if a given regular relation over finite words admits a uniformisation definable in FO2[<]. The paper provides a new representation of languages definable in FO2[<], which can be used for the decidability of other problems involving this formalism, e.g. the problem of separability of two regular languages by a language definable in FO2[<].
Semantic Scholar venue: Logic in Computer Science
Publication types: JournalArticle|Book|Conference
Fields of study: Computer Science"
1536,"Title: Algebraic Reasoning Meets Automata in Solving Linear Integer Arithmetic.
Venue: cav
Authors: Peter Habermehl, Vojtěch Havlena, Michal Hečko, Lukáš Holík, Ondřej Lengál
Abstract: We present a new angle on solving quantified linear integer arithmetic based on combining the automata-based approach, where numbers are understood as bitvectors, with ideas from (nowadays prevalent) algebraic approaches, which work directly with numbers. This combination is enabled by a fine-grained version of the duality between automata and arithmetic formulae. In particular, we employ a construction where states of automaton are obtained as derivatives of arithmetic formulae: then every state corresponds to a formula. Optimizations based on techniques and ideas transferred from the world of algebraic methods are used on thousands of automata states, which dramatically amplifies their effect. The merit of this combination of automata with algebraic methods is demonstrated by our prototype implementation being competitive to and even superior to state-of-the-art SMT solvers.
Semantic Scholar venue: International Conference on Computer Aided Verification
Publication types: JournalArticle|Conference
Fields of study: Computer Science"
1021,"Title: Insecure Until Proven Updated: Analyzing AMD SEV&apos;s Remote Attestation.
Venue: kr
Authors: Robert Buhren, Christian Werling, Jean-Pierre Seifert
Abstract: Cloud computing is one of the most prominent technologies to host Internet services that unfortunately leads to an increased risk of data theft. Customers of cloud services have to trust the cloud providers, as they control the building blocks that form the cloud. This includes the hypervisor enabling the sharing of a single hardware platform among multiple tenants. Executing in a higher-privileged CPU mode, the hypervisor has direct access to the memory of virtual machines. While data at rest can be protected using well-known disk encryption methods, data residing in main memory is still threatened by a potentially malicious cloud provider. AMD Secure Encrypted Virtualization (SEV) claims a new level of protection in such cloud scenarios. AMD SEV encrypts the main memory of virtual machines with VM-specific keys, thereby denying the higher-privileged hypervisor access to a guest's memory. To enable the cloud customer to verify the correct deployment of his virtual machine, SEV additionally introduces a remote attestation protocol. This protocol is a crucial component of the SEV technology that can prove that SEV protection is in place and that the virtual machine was not subject to manipulation. This paper analyzes the firmware components that implement the SEV remote attestation protocol on the current AMD Epyc Naples CPU series. We demonstrate that it is possible to extract critical CPU-specific keys that are fundamental for the security of the remote attestation protocol. Building on the extracted keys, we propose attacks that allow a malicious cloud provider a complete circumvention of the SEV protection mechanisms. Although the underlying firmware issues were already fixed by AMD, we show that the current series of AMD Epyc CPUs, i.e., the Naples series, does not prevent the installation of previous firmware versions. We show that the severity of our proposed attacks is very high as no purely software-based mitigations are possible. This effectively renders the SEV technology on current AMD Epyc CPUs useless when confronted with an untrusted cloud provider. To overcome these issues, we also propose robust changes to the SEV design that allow future generations of the SEV technology to mitigate the proposed attacks.
Semantic Scholar venue: Conference on Computer and Communications Security
Publication types: JournalArticle|Book|Conference
Fields of study: Computer Science"
1802,"Title: Deductive Synthesis of Programs with Pointers: Techniques, Challenges, Opportunities - (Invited Paper).
Venue: cav
Authors: Shachar Itzhaky, Hila Peleg, Nadia Polikarpova, Reuben N. S. Rowe, Ilya Sergey
Abstract: This paper presents the main ideas behind deductive synthesis of heap-manipulating program and outlines present challenges faced by this approach as well as future opportunities for its applications.
Semantic Scholar venue: International Conference on Computer Aided Verification
Publication types: JournalArticle|Conference
Fields of study: Computer Science"
1586,"Title: Formalizing Automated Market Makers in the Lean 4 Theorem Prover.
Venue: cav
Authors: 
Abstract: Automated Market Makers (AMMs) are an integral component of the decentralized finance (DeFi) ecosystem, as they allow users to exchange crypto-assets without the need for trusted authorities or external price oracles. Although these protocols are based on relatively simple mechanisms, e.g., to algorithmically determine the exchange rate between crypto-assets, they give rise to complex economic behaviours. This complexity is witnessed by the proliferation of models that study their structural and economic properties. Currently, most of theoretical results obtained on these models are supported by pen-and-paper proofs. This work proposes a formalization of constant-product AMMs in the Lean 4 Theorem Prover. To demonstrate the utility of our model, we provide mechanized proofs of key economic properties like arbitrage, that at the best of our knowledge have only been proved by pen-and-paper before.
Semantic Scholar venue: FMBC@CAV
Publication types: JournalArticle
Fields of study: Computer Science"
1378,"Title: catnap: Generating Test Suites of Constrained Combinatorial Testing with Answer Set Programming.
Venue: lpnmr
Authors: Mutsunori Banbara, Katsumi Inoue, Hiromasa Kaneyuki, Tenda Okimoto, Torsten Schaub, Takehide Soh, Naoyuki Tamura
Abstract: This work develops an approach to test suite generation for Constrained Combinatorial Testing (CCT), one of the most widely studied combinatorial testing techniques, based on Answer Set Programming (ASP), and combines it with a first-order encoding for generating test suites.
Semantic Scholar venue: International Conference on Logic Programming and Non-Monotonic Reasoning
Publication types: JournalArticle
Fields of study: Computer Science"
743,"Title: Joint Proceedings of the 2nd Workshop on Knowledge Diversity and the 2nd Workshop on Cognitive Aspects of Knowledge Representation co-located with 20th International Conference on Principles of Knowledge Representation and Reasoning (KR2023), Rhodes, Greece, September 3-4, 2023.
Venue: kr
Authors: 
Semantic Scholar venue: KoDis+CAKR@KR
Fields of study: Computer Science"
2730,"Title: Contextual Types, Explained: Invited Tutorial.
Venue: lics
Authors: Brigitte Pientka
Abstract: Contextual objects characterize an object M together with the typing context Ψ in which it is meaningful. This idea is then also internalized within the type theory itself using the notion of a contextual type which pairs the type A of an object together with the context Ψ in which the object is well-typed. In this tutorial, we review the origins of this idea and show its power in characterizing partial programs, mechanizing meta-theory, and meta-programming. Starting from the simply typed setting, we give an overview of existing work which adopts contextual types to dependent type theories and touch on future research directions.
Semantic Scholar venue: Logic in Computer Science
Publication types: Book|JournalArticle|Conference|Review
Fields of study: Computer Science"
1723,"Title: Program Verification with Constrained Horn Clauses (Invited Paper).
Venue: cav
Authors: Maurizio Proietti
Abstract: Abstract Many problems in program verification, Model Checking, and type inference are naturally expressed as satisfiability of a verification condition expressed in a fragment of First-Order Logic called Constrained Horn Clauses (CHC). This transforms program analysis and verification tasks to the realm of first order satisfiability and into the realm of SMT solvers. In this paper, we give a brief overview of how CHCs capture verification problems for sequential imperative programs, and discuss CHC solving algorithm underlying the Spacer engine of SMT-solver Z3.
Semantic Scholar venue: International Conference on Computer Aided Verification
Publication types: JournalArticle|Conference
Fields of study: Computer Science"
713,"Title: Argumentation Frameworks Induced by Assumption-based Argumentation: Relating Size and Complexity.
Venue: kr
Authors: Tuomo Lehtonen, Anna Rapberger, Markus Ulbricht, Johannes P. Wallner
Abstract: A key ingredient of computational argumentation in AI is the generation of arguments in favor of or against claims under scrutiny. In this paper we look at the complexity of argument construction and reasoning in the prominent structured formalism of assumption-based argumentation (ABA). We point out that reasoning in ABA by means of constructing an abstract argumentation framework (AF) gives rise to two main sources of complexity: (i) constructing the AF and (ii) reasoning within the constructed graph. Since both steps are intractable in general, it is no surprise that the best performing state-of-the-art ABA reasoners skip the instantiation procedure entirely and perform tasks directly on the input knowledge base. Driven by this observation, we identify and study atomic and symmetric ABA, two ABA fragments that preserve the expressive power of general ABA, and that can be utilized to have milder complexity in the first or second step. We show that using atomic ABA allows for an instantiation procedure for general ABA leading to polynomially-bounded AFs and that symmetric ABA can be used to create AFs that have mild complexity to reason on. By an experimental evaluation, we show that using the former approach with modern AF solvers can be competitive with state-of-the-art ABA solvers, improving on previous AF instantiation approaches that are hindered by intractable argument construction.
Semantic Scholar venue: Non-Monotonic Reasoning
Publication types: JournalArticle
Fields of study: Computer Science"
1488,"Title: Approximate Probabilistic Bisimulation for Continuous-Time Markov Chains.
Venue: cav
Authors: Timm Spork, Christel Baier, Joost-Pieter Katoen, Sascha Klüppelholz, Jakob Piribauer
Abstract: We introduce $(\varepsilon, \delta)$-bisimulation, a novel type of approximate probabilistic bisimulation for continuous-time Markov chains. In contrast to related notions, $(\varepsilon, \delta)$-bisimulation allows the use of different tolerances for the transition probabilities ($\varepsilon$, additive) and total exit rates ($\delta$, multiplicative) of states. Fundamental properties of the notion, as well as bounds on the absolute difference of time- and reward-bounded reachability probabilities for $(\varepsilon,\delta)$-bisimilar states, are established.
Semantic Scholar venue: International Conference on Computer Aided Verification
Publication types: JournalArticle|Conference
Fields of study: Computer Science"
2656,"Title: Combining Nondeterminism, Probability, and Termination: Equational and Metric Reasoning.
Venue: lics
Authors: Matteo Mio, Ralph Sarkis, Valeria Vignudelli
Abstract: We study monads resulting from the combination of nondeterministic and probabilistic behaviour with the possibility of termination, which is essential in program semantics. Our main contributions are presentation results for the monads, providing equational reasoning tools for establishing equivalences and distances of programs.
Semantic Scholar venue: Logic in Computer Science
Publication types: JournalArticle|Book
Fields of study: Computer Science"
975,"Title: Strategy Synthesis for Data-Aware Dynamic Systems with Multiple Actors.
Venue: kr
Authors: Massimiliano de Leoni, Paolo Felli, Marco Montali
Abstract: The integrated modeling and analysis of dynamic systems and the data they manipulate has been long advocated, on the one hand, to understand how data and corresponding decisions affect the system execution, and on the other hand to capture how actions occurring in the systems operate over data. KR techniques proved successful in handling a variety of tasks over such integrated models, ranging from verification to online monitoring. In this paper, we consider a simple, yet relevant model for data-aware dynamic systems (DDSs), consisting of a finite-state control structure defining the executability of actions that manipulate a finite set of variables with an infinite domain. On top of this model, we consider a data-aware version of reactive synthesis, where execution strategies are built by guaranteeing the satisfaction of a desired linear temporal property that simultaneously accounts for the system dynamics and data evolution.
Semantic Scholar venue: International Conference on Principles of Knowledge Representation and Reasoning
Publication types: JournalArticle|Conference
Fields of study: Computer Science"
1318,"Title: A Practical Account into Counting Dung&apos;s Extensions by Dynamic Programming.
Venue: lpnmr
Authors: Ridhwan Dewoprabowo, Johannes Klaus Fichte, Piotr Jerzy Gorczyca, Markus Hecher
Semantic Scholar venue: International Conference on Logic Programming and Non-Monotonic Reasoning
Publication types: JournalArticle
Fields of study: Computer Science"
3035,"Title: Unifying Logical and Statistical AI.
Venue: lics
Authors: Pedro Domingos, Daniel Lowd
Abstract: Intelligent agents must be able to handle the complexity and uncertainty of the real world. Logical AI has focused mainly on the former, and statistical AI on the latter. Markov logic combines the two by attaching weights to first-order formulas and viewing them as templates for features of Markov networks. Inference algorithms for Markov logic draw on ideas from satisfiability, Markov chain Monte Carlo and knowledge-based model construction. Learning algorithms are based on the voted perceptron, pseudo-likelihood and inductive logic programming. Markov logic has been successfully applied to a wide variety of problems in natural language understanding, vision, computational biology, social networks and others, and is the basis of the open-source Alchemy system.
Semantic Scholar venue: Logic in Computer Science
Publication types: Book|JournalArticle
Fields of study: Computer Science"
2501,"Title: Distal Combinatorial Tools for Graphs of Bounded Twin-Width.
Venue: lics
Authors: Wojciech Przybyszewski
Abstract: We study set systems formed by neighborhoods in graphs of bounded twin-width. We start by proving that such graphs have linear neighborhood complexity, in analogy to previous results concerning graphs from classes with bounded expansion and of bounded clique-width. Next, we shift our attention to the notions of distality and abstract cell decomposition, which come from model theory. We give a direct combinatorial proof that the edge relation is distal in classes of ordered graphs of bounded twin-width. This allows us to apply Distal cutting lemma and Distal regularity lemma, so we obtain powerful combinatorial tools for graphs of bounded twin-width.
Semantic Scholar venue: Logic in Computer Science
Publication types: JournalArticle
Fields of study: Computer Science"
1102,"Title: From Knowledge Graph Embedding to Ontology Embedding? An Analysis of the Compatibility between Vector Space Representations and Rules.
Venue: kr
Authors: 
Abstract: Recent years have witnessed the successful application of low-dimensional vector space representations of knowledge graphs to predict missing facts or find erroneous ones. However, it is not yet well-understood to what extent ontological knowledge, e.g. given as a set of (existential) rules, can be embedded in a principled way. To address this shortcoming, in this paper we introduce a general framework based on a view of relations as regions, which allows us to study the compatibility between ontological knowledge and different types of vector space embeddings. Our technical contribution is two-fold. First, we show that some of the most popular existing embedding methods are not capable of modelling even very simple types of rules, which in particular also means that they are not able to learn the type of dependencies captured by such rules. Second, we study a model in which relations are modelled as convex regions. We show particular that ontologies which are expressed using so-called quasi-chained existential rules can be exactly represented using convex regions, such that any set of facts which is induced using that vector space embedding is logically consistent and deductively closed with respect to the input ontology.
Semantic Scholar venue: International Conference on Principles of Knowledge Representation and Reasoning
Publication types: JournalArticle|Conference
Fields of study: Computer Science"
1562,"Title: Lexicographic Ranking Supermartingales with Lazy Lower Bounds.
Venue: cav
Authors: Toru Takisaka, Libo Zhang, Changjiang Wang, Jiamou Liu
Abstract: Lexicographic Ranking SuperMartingale (LexRSM) is a probabilistic extension of Lexicographic Ranking Function (LexRF), which is a widely accepted technique for verifying program termination. In this paper, we are the first to propose sound probabilistic extensions of LexRF with a weaker non-negativity condition, called single-component (SC) non-negativity. It is known that such an extension, if it exists, will be nontrivial due to the intricacies of the probabilistic circumstances. Toward the goal, we first devise the notion of fixability, which offers a systematic approach for analyzing the soundness of possibly negative LexRSM. This notion yields a desired extension of LexRF that is sound for general stochastic processes. We next propose another extension, called Lazy LexRSM, toward the application to automated verification; it is sound over probabilistic programs with linear arithmetics, while its subclass is amenable to automated synthesis via linear programming. We finally propose a LexRSM synthesis algorithm for this subclass, and perform experiments.
Semantic Scholar venue: International Conference on Computer Aided Verification
Publication types: JournalArticle|Conference
Fields of study: Computer Science"
2625,"Title: Removing Redundant Refusals: Minimal Complete Test Suites for Failure Trace Semantics.
Venue: lics
Authors: Maciej Gazda, Robert M Hierons
Abstract: We explore the problem of finding a minimal complete test suite for a refusal trace (or failure trace) semantics. Since complete test suites are typically infinite, we consider the setting with a bound ℓ on the length of refusal traces of interest. A test suite T is thus complete if it is failed by all processes that contain a disallowed refusal trace of length at most ℓ.The proposed approach is based on generating a minimal complete set of forbidden refusal traces. Our solution utilises several interesting insights into refusal trace semantics. In particular, we identify a key class of refusals called fundamental refusals which essentially determine the refusal trace semantics, and the associated fundamental equivalence relation. We then propose a small but not necessarily minimal test suite based on our theory, which can be constructed with a simple algorithm. Subsequently, we provide an enumerative method to remove all redundant traces from our complete test suite, which comes in two variants, depending on whether we wish to retain the highly desirable uniform completeness (guarantee of shortest counterexamples).A related problem is the construction of a characteristic formula of a process P, that is, a formula ΦP such that every process which satisfies ΦP refines P. Our test generation algorithm can be used to construct such a formula using a variant of Hennessy-Milner logic with recursion.
Semantic Scholar venue: Logic in Computer Science
Publication types: JournalArticle|Book
Fields of study: Computer Science"
1351,"Title: An ASP-Based Framework for the Manipulation of Articulated Objects Using Dual-Arm Robots.
Venue: lpnmr
Authors: Riccardo Bertolucci, Alessio Capitanelli, Carmine Dodaro, Nicola Leone, Marco Maratea, Fulvio Mastrogiovanni, Mauro Vallati
Abstract: The manipulation of articulated objects is of primary importance in robotics, and is one of the most complex robotics tasks.
Semantic Scholar venue: International Conference on Logic Programming and Non-Monotonic Reasoning
Publication types: JournalArticle
Fields of study: Computer Science"
1343,"Title: xASP: An Explanation Generation System for Answer Set Programming.
Venue: lpnmr
Authors: Ly Ly Trieu, Tran Cao Son, Marcello Balduccini
Abstract: The xASP system can generate all possible explanations for a query without the need to simplify the program before computing explanations, i.e., it works with non-ground programs.
Semantic Scholar venue: International Conference on Logic Programming and Non-Monotonic Reasoning
Publication types: JournalArticle
Fields of study: Computer Science"
1613,"Title: Synthesizing Permissive Winning Strategy Templates for Parity Games.
Venue: cav
Authors: Ashwani Anand, Satya Prakash Nayak, Anne-Kathrin Schmuck
Abstract: We present a novel method to compute \emph{permissive winning strategies} in two-player games over finite graphs with $ \omega $-regular winning conditions. Given a game graph $G$ and a parity winning condition $\Phi$, we compute a \emph{winning strategy template} $\Psi$ that collects an infinite number of winning strategies for objective $\Phi$ in a concise data structure. We use this new representation of sets of winning strategies to tackle two problems arising from applications of two-player games in the context of cyber-physical system design -- (i) \emph{incremental synthesis}, i.e., adapting strategies to newly arriving, \emph{additional} $\omega$-regular objectives $\Phi'$, and (ii) \emph{fault-tolerant control}, i.e., adapting strategies to the occasional or persistent unavailability of actuators. The main features of our strategy templates -- which we utilize for solving these challenges -- are their easy computability, adaptability, and compositionality. For \emph{incremental synthesis}, we empirically show on a large set of benchmarks that our technique vastly outperforms existing approaches if the number of added specifications increases. While our method is not complete, our prototype implementation returns the full winning region in all 1400 benchmark instances, i.e., handling a large problem class efficiently in practice.
Semantic Scholar venue: International Conference on Computer Aided Verification
Publication types: JournalArticle|Conference
Fields of study: Computer Science"
1754,"Title: Computer Aided Verification - 34th International Conference, CAV 2022, Haifa, Israel, August 7-10, 2022, Proceedings, Part II
Venue: cav
Authors: 
Abstract: Abstract String solvers are automated-reasoning tools that can solve combinatorial problems over formal languages. They typically operate on restricted first-order logic formulas that include operations such as string concatenation, substring relationship, and regular expression matching. String solving thus amounts to deciding the satisfiability of such formulas. While there exists a variety of different string solvers, many string problems cannot be solved efficiently by any of them. We present a new approach to string solving that encodes input problems into propositional logic and leverages incremental SAT solving. We evaluate our approach on a broad set of benchmarks. On the logical fragment that our tool supports, it is competitive with state-of-the-art solvers. Our experiments also demonstrate that an eager SAT-based approach complements existing approaches to string solving in this specific fragment.
Semantic Scholar venue: Lecture Notes in Computer Science
Publication types: Book"
2225,"Title: Proving Properties on PWA Systems Using Copositive and Semidefinite Programming.
Venue: cav
Authors: Assalé Adjé
Abstract: A model based on copositive programming and semidefinite relaxations of it is presented to prove properties on discrete-time piecewise affine systems to prove invariant i.e. properties represented by a set and formulated as all reachable values are included in the set.
Semantic Scholar venue: NSV@CAV
Publication types: JournalArticle
Fields of study: Mathematics|Computer Science"
1140,"Title: The Window Validity Problem in Rule-Based Stream Reasoning.
Venue: kr
Authors: Alessandro Ronca, Mark Kaminski, Bernardo Cuenca Grau, Ian Horrocks
Abstract: Rule-based temporal query languages provide the expressive power and flexibility required to capture in a natural way complex analysis tasks over streaming data. Stream processing applications, however, typically require near real-time response using limited resources. In particular, it becomes essential that the underpinning query language has favourable computational properties and that stream processing algorithms are able to keep only a small number of previously received facts in memory at any point in time without sacrificing correctness. In this paper, we propose a recursive fragment of temporal Datalog with tractable data complexity and study the properties of a generic stream reasoning algorithm for this fragment. We focus on the window validity problem as a way to minimise the number of time points for which the stream reasoning algorithm needs to keep data in memory at any point in time.
Semantic Scholar venue: International Conference on Principles of Knowledge Representation and Reasoning
Publication types: JournalArticle|Conference
Fields of study: Computer Science"
2829,"Title: Definable decompositions for graphs of bounded linear cliquewidth.
Venue: lics
Authors: Mikołaj Bojańczyk, Martin Grohe, Michał Pilipczuk
Abstract: We prove that for every positive integer k, there exists an MSO1-transduction that given a graph of linear cliquewidth at most k outputs, nondeterministically, some clique decomposition of the graph of width bounded by a function of k. A direct corollary of this result is the equivalence of the notions of CMSO1-definability and recognizability on graphs of bounded linear cliquewidth.
Semantic Scholar venue: Logic in Computer Science
Publication types: JournalArticle|Book|Conference
Fields of study: Mathematics|Computer Science"
1785,"Title: Formally Documenting Tenderbake (Short Paper).
Venue: cav
Authors: David de Almeida Ferreira, Alberto Rodrigues da Silva
Abstract: In this paper, we propose a formal documentation of Tenderbake, the new Tezos consensus algorithm, slated to replace the current Emmy family algorithms. The algorithm is broken down to its essentials and represented as an automaton. The automaton models the various aspects of the algorithm: (i) the individual participant, referred to as a baker, (ii) how bakers communicate over the network (the mempool) and (iii) the overall network the bakers operate in. We also present a TLA+ implementation, which has proven to be useful for reasoning about this automaton and refining our documentation. The main goal of this work is to serve as a formal foundation for extracting intricate test scenarios and verifying invariants that Tenderbake’s implementation should satisfy.
Semantic Scholar venue: FMBC@CAV
Publication types: JournalArticle
Fields of study: Computer Science"
2620,"Title: The Laplace Mechanism has optimal utility for differential privacy over continuous queries.
Venue: lics
Authors: Natasha Fernandes, Annabelle McIver, Carroll Morgan
Abstract: Differential Privacy protects individuals’ data when statistical queries are published from aggregated databases: applying ""obfuscating"" mechanisms to the query results makes the released information less specific but, unavoidably, also decreases its utility. Yet it has been shown that for discrete data (e.g. counting queries), a mandated degree of privacy and a reasonable interpretation of loss of utility, the Geometric obfuscating mechanism is optimal: it loses as little utility as possible [Ghosh et al. [1]].For continuous query results however (e.g. real numbers) the optimality result does not hold. Our contribution here is to show that optimality is regained by using the Laplace mechanism for the obfuscation.The technical apparatus involved includes the earlier discrete result [Ghosh op. cit.], recent work on abstract channels and their geometric representation as hyper-distributions [Alvim et al. [2]], and the dual interpretations of distance between distributions provided by the Kantorovich-Rubinstein Theorem.
Semantic Scholar venue: Logic in Computer Science
Publication types: JournalArticle|Book
Fields of study: Computer Science"
765,"Title: Faithful Approaches to Rule Learning.
Venue: kr
Authors: David J. Tena Cucala, Bernardo Cuenca Grau, Boris Motik
Abstract: Rule learning involves developing machine learning models that can be applied to a set of logical facts to predict additional facts, as well as providing methods for extracting from the learned model a set of logical rules that explain symbolically the model's predictions. Existing such approaches, however, do not describe formally the relationship between the model's predictions and the derivations of the extracted rules; rather, it is often claimed without justification that the extracted rules `approximate' or `explain' the model, and rule quality is evaluated by manual inspection. In this paper, we study the formal properties of Neural-LP--a prominent rule learning approach. We show that the rules extracted from Neural-LP models can be both unsound and incomplete: on the same input dataset, the extracted rules can derive facts not predicted by the model, and the model can make predictions not derived by the extracted rules. We also propose a modification to the Neural-LP model that ensures that the extracted rules are always sound and complete. Finally, we show that, on several prominent benchmarks, the classification performance of our modified model is comparable to that of the standard Neural-LP model. Thus, faithful learning of rules is feasible from both a theoretical and practical point of view.
Semantic Scholar venue: International Conference on Principles of Knowledge Representation and Reasoning
Publication types: JournalArticle|Conference
Fields of study: Computer Science"
2635,"Title: Parikh&apos;s theorem for infinite alphabets.
Venue: lics
Authors: Piotr Hofman, Marta Juzepczuk, Slawomir Lasota, Mohnish Pattathurajan
Abstract: We investigate commutative images of languages recognised by register automata and grammars. Semi-linear and rational sets can be naturally extended to this setting by allowing for orbit-finite unions instead of only finite ones. We prove that commutative images of languages of one-register automata are not always semi-linear, but they are always rational. We also lift the latter result to grammars: commutative images of one- register context-free languages are rational, and in consequence commutatively equivalent to register automata. We conjecture analogous results for automata and grammars with arbitrarily many registers.
Semantic Scholar venue: Logic in Computer Science
Publication types: Book|JournalArticle
Fields of study: Computer Science"
