id,text
979,"Title: Explainable Planning Using Answer Set Programming.
Venue: kr
Authors: Van Nguyen, Stylianos Loukas Vasileiou, Tran Cao Son, William Yeoh
Abstract: In human-aware planning problems, the planning agent may need to explain its plan to a human user, especially when the plan appears infeasible or suboptimal for the user. A popular approach to do so is called model reconciliation, where the planning agent tries to reconcile the differences between its model and the model of the user such that its plan is also feasible and optimal to the user. This problem can be viewed as an optimization problem, where the goal is to find a subset-minimal explanation that one can use to modify the model of the user such that the plan of the agent is also feasible and optimal to the user. This paper presents an algorithm for solving such problems using answer set programming.
Semantic Scholar venue: International Conference on Principles of Knowledge Representation and Reasoning
Publication types: JournalArticle|Conference
Fields of study: Computer Science"
1106,"Title: SOGrounder: Modelling and Solving Second-Order Logic.
Venue: kr
Authors: 
Abstract: SOGrounder is described, a system that can ground SO Logic speciﬁcations to QBF and further techniques for reducing grounding are suggested, for example by introducing Binary Quanti ﬁcation as a language construct that takes two formules: One formula generating variable instantiations and one formula that must be instantiated.
Semantic Scholar venue: BNAIC/BENELEARN
Publication types: JournalArticle
Fields of study: Computer Science"
1894,"Title: Refinement for Structured Concurrent Programs.
Venue: cav
Authors: 
Abstract: This paper presents a foundation for refining concurrent programs with structured control flow. The verification problem is decomposed into subproblems that aid interactive program development, proof reuse, and automation. The formalization in this paper is the basis of a new design and implementation of the Civl verifier.
Semantic Scholar venue: International Conference on Computer Aided Verification
Publication types: JournalArticle|Conference
Fields of study: Computer Science"
1718,"Title: Randomized Synthesis for Diversity and Cost Constraints with Control Improvisation.
Venue: cav
Authors: Andreas Gittis, Eric Vin, Daniel J. Fremont
Abstract: In many synthesis problems, it can be essential to generate implementations which not only satisfy functional constraints but are also randomized to improve variety, robustness, or unpredictability. The recently-proposed framework of control improvisation (CI) provides techniques for the correct-by-construction synthesis of randomized systems subject to hard and soft constraints. However, prior work on CI has focused on qualitative specifications, whereas in robotic planning and other areas we often have quantitative quality metrics which can be traded against each other. For example, a designer of a patrolling security robot might want to know by how much the average patrol time needs to be increased in order to ensure that a particular aspect of the robot's route is sufficiently diverse and hence unpredictable. In this paper, we enable this type of application by generalizing the CI problem to support quantitative soft constraints which bound the expected value of a given cost function, and randomness constraints which enforce diversity of the generated traces with respect to a given label function. We establish the basic theory of labelled quantitative CI problems, and develop efficient algorithms for solving them when the specifications are encoded by finite automata. We also provide an approximate improvisation algorithm based on constraint solving for any specifications encodable as Boolean formulas. We demonstrate the utility of our problem formulation and algorithms with experiments applying them to generate diverse near-optimal plans for robotic planning problems.
Semantic Scholar venue: International Conference on Computer Aided Verification
Publication types: JournalArticle|Conference
Fields of study: Computer Science|Engineering"
1989,"Title: Inferring Inductive Invariants from Phase Structures.
Venue: cav
Authors: Yotam M. Y. Feldman, James R. Wilcox, Sharon Shoham, Mooly Sagiv
Abstract: Infinite-state systems such as distributed protocols are challenging to verify using interactive theorem provers or automatic verification tools. Of these techniques, deductive verification is highly expressive but requires the user to annotate the system with inductive invariants. To relieve the user from this labor-intensive and challenging task, invariant inference aims to find inductive invariants automatically. Unfortunately, when applied to infinite-state systems such as distributed protocols, existing inference techniques often diverge, which limits their applicability. 
This paper proposes user-guided invariant inference based on phase invariants, which capture the different logical phases of the protocol. Users conveys their intuition by specifying a phase structure, an automaton with edges labeled by program transitions; the tool automatically infers assertions that hold in the automaton's states, resulting in a full safety proof.The additional structure from phases guides the inference procedure towards finding an invariant. 
Our results show that user guidance by phase structures facilitates successful inference beyond the state of the art. We find that phase structures are pleasantly well matched to the intuitive reasoning routinely used by domain experts to understand why distributed protocols are correct, so that providing a phase structure reuses this existing intuition.
Semantic Scholar venue: International Conference on Computer Aided Verification
Publication types: JournalArticle|Conference
Fields of study: Computer Science"
2010,"Title: Clock Bound Repair for Timed Systems.
Venue: cav
Authors: Martin Kölbl, Stefan Leue, Thomas Wies
Abstract: We present algorithms and techniques for the repair of timed system models, given as networks of timed automata (NTA). The repair is based on an analysis of timed diagnostic traces (TDTs) that are computed by real-time model checking tools, such as UPPAAL, when they detect the violation of a timed safety property. We present an encoding of TDTs in linear real arithmetic and use the MaxSMT capabilities of the SMT solver Z3 to compute possible repairs to clock bound values that minimize the necessary changes to the automaton. We then present an admissibility criterion, called functional equivalence, that assesses whether a proposed repair is admissible in the overall context of the NTA. We have implemented a proof-of-concept tool called TarTar for the repair and admissibility analysis. To illustrate the method, we have considered a number of case studies taken from the literature and automatically injected changes to clock bounds to generate faulty mutations. Our technique is able to compute a feasible repair for \(91\%\) of the faults detected by UPPAAL in the generated mutants.
Semantic Scholar venue: International Conference on Computer Aided Verification
Publication types: JournalArticle|Conference
Fields of study: Computer Science"
2356,"Title: Completing Gordon&apos;s Higher-Order Logic.
Venue: lics
Authors: Andrei Popescu
Abstract: Mike Gordon’s Higher-Order Logic (HOL) is one of the most important logical foundations for interactive theorem proving. The standard semantics of HOL, due to Andrew Pitts, employs a downward closed universe of sets, and interprets HOL’s Hilbert choice operator via a global choice function on the universe. In this paper we fill a gap in the meta-theory of HOL: We provide a natural Henkin-style notion of general model corresponding to the standard models, and discover an enrichment of HOL deduction that we prove to be sound and complete w.r.t. these general models.
Semantic Scholar venue: Logic in Computer Science
Publication types: JournalArticle
Fields of study: Computer Science"
1179,"Title: Placement of Gates in ECC Designs.
Venue: kr
Authors: H.J. Kappen, F.M.J. de Bont
Abstract: This work describes the first experiments for the development of an intelligent placement of logic gates and register flip flops in the layout using an implementation of the Montgomery kP algorithm using projective López-Dahab coordinates for the NIST EC B-163.
Semantic Scholar venue: Krypto-Tag
Publication types: JournalArticle
Fields of study: Computer Science"
3001,"Title: Definability of summation problems for Abelian groups and semigroups.
Venue: lics
Authors: Faried Abu Zaid, Anuj Dawar, Erich Gradel, Wied Pakusa
Abstract: We study the descriptive complexity of summation problems in Abelian groups and semigroups. In general, an input to the summation problem consists of an Abelian semigroup G, explicitly represented by its multiplication table, and a subset X of G. The task is to determine the sum over all elements of X. Algorithmically this is a very simple problem. If the elements of X come in some order, then we can process these elements along that order and calculate the sum in a trivial way. However, what makes this fundamental problem so interesting for us is that from the viewpoint of logical definability its tractability is much more delicate. If we consider the semigroup G as an abstract structure and X as an abstract set, without a linear order and hence without a canonical way to process the elements one by one, then it is unclear how to define the sum in any logic that does not have the power to quantify over a linear order. Indeed the trivial summation algorithm cannot be expressed in any polynomial-time logic or, in fact, in any computational model which works on abstract mathematical structures in an isomorphism-invariant way without violating polynomial resource bounds. The surprising difficulty, in terms of logical definability, of this basic mathematical problem is the reason why Ben Rossman asked, more than ten years ago, whether it can be expressed in the logic Choiceless Polynomial Time with counting (CPT). Note that, to date, CPT is one of the most powerful known candidates for a logic that might be capable of defining every polynomial-time property of finite structures. In this paper we clarify the status of the definability for the summation problem for Abelian groups and semigroups in important polynomial-time logics. In our first main result we show that the problem can be defined in fixed-point logic with counting (FPC). Since FPC is contained in CPT this settles Rossman's question. Our proof is based on a dynamic programming approach and heavily uses the counting mechanism of FPC. In our second main result we give a matching lower bound and show that the use of counting operators cannot be avoided: the summation problem, even over Abelian groups, cannot be defined in pure fixed-point logic without counting. Our proof is based on a probabilistic argument.
Semantic Scholar venue: Logic in Computer Science
Publication types: JournalArticle
Fields of study: Computer Science|Mathematics"
796,"Title: Who&apos;s the Expert? On Multi-source Belief Change.
Venue: kr
Authors: Joseph Singleton, Richard Booth
Abstract: Technological innovation has become an integral aspect of our daily life, such as wearable and information technology, virtual reality and the Internet of Things which have contributed to transforming healthcare business and operations. Patients will now have a broader range and more mindful healthcare choices and experience a new era of healthcare with a patient-centric culture. Digital transformation determines personal and institutional health care. This paper aims to analyse the changes taking place in the field of healthcare due to digital transformation. For this purpose, a systematic bibliographic review is performed, utilising Scopus, Science Direct and PubMed databases from 2008 to 2021. Our methodology is based on the approach by Wester and Watson, which classify the related articles based on a concept-centric method and an ad hoc classification system which identify the categories used to describe areas of literature. The search was made during August 2022 and identified 5847 papers, of which 321 fulfilled the inclusion criteria for further process. Finally, by removing and adding additional studies, we ended with 287 articles grouped into five themes: information technology in health, the educational impact of e-health, the acceptance of e-health, telemedicine and security issues."
1771,"Title: Computing Bottom SCCs Symbolically Using Transition Guided Reduction.
Venue: cav
Authors: Nikola Beneš, Luboš Brim, Samuel Pastva, David Šafránek
Abstract: Detection of bottom strongly connected components (BSCC) in state-transition graphs is an important problem with many applications, such as detecting recurrent states in Markov chains or attractors in dynamical systems. However, these graphs’ size is often entirely out of reach for algorithms using explicit state-space exploration, necessitating alternative approaches such as the symbolic one.Symbolic methods for BSCC detection often show impressive performance, but can sometimes take a long time to converge in large graphs. In this paper, we provide a symbolic state-space reduction method for labelled transition systems, called interleaved transition guided reduction (ITGR), which aims to alleviate current problems of BSCC detection by efficiently identifying large portions of the non-BSCC states.We evaluate the suggested heuristic on an extensive collection of 125 real-world biologically motivated systems. We show that ITGR can easily handle all these models while being either the only method to finish, or providing at least an order-of-magnitude speedup over existing state-of-the-art methods. We then use a set of synthetic benchmarks to demonstrate that the technique also consistently scales to graphs with more than $$2^{1000}$$
 
 2
 1000
 
 vertices, which was not possible using previous methods.
Semantic Scholar venue: International Conference on Computer Aided Verification
Publication types: JournalArticle|Conference
Fields of study: Computer Science"
986,"Title: Modelling the Polysemy of Spatial Prepositions in Referring Expressions.
Venue: kr
Authors: Adam Richard-Bollans, Lucía Gómez Álvarez, Anthony G. Cohn
Abstract: In previous work exploring how to automatically generate typicality measures for spatial prepositions in grounded settings, we considered a semantic model based on Prototype Theory and introduced a method for learning its parameters from data. However, though there is much to suggest that spatial prepositions exhibit polysemy, each term was treated as exhibiting a single sense. The ability for terms to represent distinct but related meanings is unexplored in the work on grounded semantics and referring expressions, where even homonymy is rarely considered. In this paper we address this problem by analysing the issue of reference using spatial language and examining how the polysemy exhibited by spatial prepositions can be incorporated into semantic models for situated dialogue. We support our approach on theoretical developments of Prototype Theory, which suggest that polysemy may be analysed in terms of radial categories, characterised by having several prototypicality centres. After providing a brief overview of polysemy in spatial language and a review of the related work, we define the Baseline Model and discuss how polysemy may be incorporated to improve it. We introduce a method of identifying polysemes based on `ideal meanings' and a modification of the `principled polysemy' framework. In order to compare polysemes and aid typicality judgements we then introduce a notion of `polyseme hierarchy'. Subsequently, we test the performance of the extended Polysemy Model by comparing it to the Baseline Model as well as a data-driven model of polysemy which we derive with a clustering algorithm. We conclude that our method for incorporating polysemy into the Baseline Model provides significant improvement. Finally, we analyse the properties and behaviour of the generated Polysemy Model, providing some insight into the improvement in performance, as well as justification for the given methods.
Semantic Scholar venue: International Conference on Principles of Knowledge Representation and Reasoning
Publication types: JournalArticle|Conference|Review
Fields of study: Computer Science"
1725,"Title: Complementing Büchi Automata with Ranker.
Venue: cav
Authors: Vojtěch Havlena, Ondřej Lengál, Barbora Šmahlíková
Abstract: We present the tool Ranker for complementing B\""uchi automata (BAs). Ranker builds on our previous optimizations of rank-based BA complementation and pushes them even further using numerous heuristics to produce even smaller automata. Moreover, it contains novel optimizations of specialized constructions for complementing (i) inherently weak automata and (ii) semi-deterministic automata, all delivered in a robust tool. The optimizations significantly improve the usability of Ranker, as shown in an extensive experimental evaluation with real-world benchmarks, where Ranker produced in the majority of cases a strictly smaller complement than other state-of-the-art tools.
Semantic Scholar venue: International Conference on Computer Aided Verification
Publication types: JournalArticle|Conference
Fields of study: Computer Science"
1296,"Title: ASP-Based Large Neighborhood Prioritized Search for Course Timetabling.
Venue: lpnmr
Authors: Irumi Sugimori, Katsumi Inoue, Hidetomo Nabeshima, Torsten Schaub, Takehide Soh, Naoyuki Tamura, Mutsunori Banbara
Semantic Scholar venue: International Conference on Logic Programming and Non-Monotonic Reasoning
Publication types: JournalArticle
Fields of study: Computer Science"
2983,"Title: Quantitative semantics of the lambda calculus: Some generalisations of the relational model.
Venue: lics
Authors: C.-H. Luke Ong
Abstract: We present an overview of some recent work on the quantitative semantics of the λ-calculus. Our starting point is the fundamental degenerate model of linear logic, the relational model MRel. We show that three quantitative semantics of the simply-typed λ-calculus are equivalent: the relational semantics, HO/N game semantics, and the Taylor expansion semantics. We then consider two recent generalisations of the relational model: first, R-weighted relational models where R is a complete commutative semiring, as studied by Laird et al.; secondly, generalised species of structures, as introduced by Fiore et al. In each case, we briefly discuss some applications to quantitative analysis of higher-order programs.
Semantic Scholar venue: Logic in Computer Science
Publication types: JournalArticle|Review
Fields of study: Computer Science|Mathematics"
2666,"Title: Zero-one laws for provability logic: Axiomatizing validity in almost all models and almost all frames.
Venue: lics
Authors: Rineke Verbrugge
Abstract: It has been shown in the late 1960s that each formula of first-order logic without constants and function symbols obeys a zero-one law: As the number of elements of finite models increases, every formula holds either in almost all or in almost no models of that size. Therefore, many properties of models, such as having an even number of elements, cannot be expressed in the language of first-order logic. For modal logics, limit behavior for models and frames may differ. Halpern and Kapron proved zero-one laws for classes of models corresponding to the modal logics K, T, S4, and S5. They also proposed zero-one laws for the corresponding classes of frames, but their zero-one law for K-frames has since been disproved.In this paper, we prove zero-one laws for provability logic with respect to both model and frame validity. Moreover, we axiomatize validity in almost all irreflexive transitive finite models and in almost all irreflexive transitive finite frames, leading to two different axiom systems. In the proofs, we use a combinatorial result by Kleitman and Rothschild about the structure of almost all finite partial orders. On the way, we also show that a previous result by Halpern and Kapron about the axiomatization of almost sure frame validity for S4 is not correct. Finally, we consider the complexity of deciding whether a given formula is almost surely valid in the relevant finite models and frames.
Semantic Scholar venue: Logic in Computer Science
Publication types: JournalArticle|Book
Fields of study: Computer Science"
2573,"Title: Linear-Algebraic Models of Linear Logic as Categories of Modules over Σ-Semirings✱.
Venue: lics
Authors: Takeshi Tsukada, Kazuyuki Asada
Abstract: A number of models of linear logic are based on or closely related to linear algebra, in the sense that morphisms are “matrices” over appropriate coefficient sets. Examples include models based on coherence spaces, finiteness spaces and probabilistic coherence spaces, as well as the relational and weighted relational models. This paper introduces a unified framework based on module theory, making the linear algebraic aspect of the above models more explicit. Specifically we consider modules over Σ-semirings R, which are ring-like structures with partially-defined countable sums, and show that morphisms in the above models are actually R-linear maps in the standard algebraic sense for appropriate R. An advantage of our algebraic treatment is that the category of R-modules is locally presentable, from which it easily follows that this category becomes a model of intuitionistic linear logic with the cofree exponential. We then discuss constructions of classical models and show that the above-mentioned models are examples of our constructions.
Semantic Scholar venue: Logic in Computer Science
Publication types: Book|JournalArticle|Conference
Fields of study: Computer Science"
1999,"Title: Stochastic Local Search for Solving Floating-Point Constraints.
Venue: cav
Authors: Shaobo He, Marek Baranowski, Zvonimir Rakamarić
Abstract: OL1V3R, a solver for the SMT floating-point theory that is based on stochastic local search (SLS), is presented and its effectiveness is confirmed by comparing it with mature solvers.
Semantic Scholar venue: NSV@CAV
Publication types: JournalArticle
Fields of study: Computer Science"
1828,"Title: Sound Verification Procedures for Temporal Properties of Infinite-State Systems.
Venue: cav
Authors: Quentin Peyras, Jean-Paul Bodeveix, Julien Brunel, David Chemouil
Abstract: First-Order Linear Temporal Logic (FOLTL) is particularly convenient to specify distributed systems, in particular because of the unbounded aspect of their state space. We have recently exhibited novel decidable fragments of FOLTL which pave the way for tractable verification. However, these fragments are not expressive enough for realistic specifications. In this paper, we propose three transformations to translate a typical FOLTL specification into two of its decidable fragments. All three transformations are proved sound (the associated propositions are proved in Coq) and have a high degree of automation. To put these techniques into practice, we propose a specification language relying on FOLTL, as well as a prototype which performs the verification, relying on existing model checkers. This approach allows us to successfully verify safety and liveness properties for various specifications of distributed systems from the literature.
Semantic Scholar venue: International Conference on Computer Aided Verification
Publication types: JournalArticle|Conference
Fields of study: Computer Science"
1877,"Title: An Abstraction-Based Framework for Neural Network Verification.
Venue: cav
Authors: 
Abstract: Deep neural networks are increasingly being used as controllers for safety-critical systems. Because neural networks are opaque, certifying their correctness is a significant challenge. To address this issue, several neural network verification approaches have recently been proposed. However, these approaches afford limited scalability, and applying them to large networks can be challenging. In this paper, we propose a framework that can enhance neural network verification techniques by using over-approximation to reduce the size of the network—thus making it more amenable to verification. We perform the approximation such that if the property holds for the smaller (abstract) network, it holds for the original as well. The over-approximation may be too coarse, in which case the underlying verification tool might return a spurious counterexample. Under such conditions, we perform counterexample-guided refinement to adjust the approximation, and then repeat the process. Our approach is orthogonal to, and can be integrated with, many existing verification techniques. For evaluation purposes, we integrate it with the recently proposed Marabou framework, and observe a significant improvement in Marabou’s performance. Our experiments demonstrate the great potential of our approach for verifying larger neural networks.
Semantic Scholar venue: International Conference on Computer Aided Verification
Publication types: JournalArticle|Conference
Fields of study: Computer Science"
2087,"Title: The DEEPSEC Prover.
Venue: cav
Authors: Vincent Cheval, Steve Kremer, Itsaka Rakotonirina
Abstract: In this paper we describe the DeepSec prover, a tool for security protocol analysis. It decides equivalence properties modelled as trace equivalence of two processes in a dialect of the applied pi calculus.
Semantic Scholar venue: International Conference on Computer Aided Verification
Publication types: JournalArticle|Conference
Fields of study: Computer Science"
1581,"Title: Deductive Verification of Smart Contracts (Invited Talk).
Venue: cav
Authors: Diego Marmsoler, Billy Thornton
Abstract: This talk will show how deductive verification can be used to reason about smart contracts, from high-level specifications (Dafny), to intermediate representation (Yul), to intermediate representation and finally low-level EVM bytecode.
Semantic Scholar venue: FMBC@CAV
Publication types: JournalArticle
Fields of study: Computer Science"
1185,"Title: The Ultimate Guide to Forgetting in Answer Set Programming.
Venue: kr
Authors: Thomas Eiter, Kewen Wang
Abstract: This work thoroughly examines existing properties and (classes of) operators for forgetting in ASP, drawing a complete picture, which includes many novel (even surprising) results on relations between properties and operators.
Semantic Scholar venue: International Conference on Principles of Knowledge Representation and Reasoning
Publication types: JournalArticle|Conference|Review
Fields of study: Computer Science"
1873,"Title: Root Causing Linearizability Violations.
Venue: cav
Authors: Berk Çirisci, Constantin Enea, Azadeh Farzan, Suha Orhun Mutluergil
Abstract: Linearizability is the de facto correctness criterion for concurrent data type implementations. Violation of linearizability is witnessed by an error trace in which the outputs of individual operations do not match those of a sequential execution of the same operations. Extensive work has been done in discovering linearizability violations, but little work has been done in trying to provide useful hints to the programmer when a violation is discovered by a tester tool. In this paper, we propose an approach that identifies the root causes of linearizability errors in the form of code blocks whose atomicity is required to restore linearizability. The key insight of this paper is that the problem can be reduced to a simpler algorithmic problem of identifying minimal root causes of conflict serializability violation in an error trace combined with a heuristic for identifying which of these are more likely to be the true root cause of non-linearizability. We propose theoretical results outlining this reduction, and an algorithm to solve the simpler problem. We have implemented our approach and carried out several experiments on realistic concurrent data types demonstrating its efficiency.
Semantic Scholar venue: International Conference on Computer Aided Verification
Publication types: JournalArticle|Conference
Fields of study: Computer Science"
952,"Title: On Finite Entailment of Non-Local Queries in Description Logics.
Venue: kr
Authors: Tomasz Gogacz, Víctor Gutiérrez-Basulto, Albert Gutowski, Yazmín Ibáñez-García, Filip Murlak
Abstract: We study the problem of finite entailment of ontology-mediated queries. Going beyond local queries, we allow transitive closure over roles. We focus on ontologies formulated in the description logics ALCOI and ALCOQ, extended with transitive closure. For both logics, we show 2EXPTIME upper bounds for finite entailment of unions of conjunctive queries with transitive closure. We also provide a matching lower bound by showing that finite entailment of conjunctive queries with transitive closure in ALC is 2EXPTIME-hard
Semantic Scholar venue: International Conference on Principles of Knowledge Representation and Reasoning
Publication types: JournalArticle|Conference
Fields of study: Computer Science"
2572,"Title: Syllepsis in Homotopy Type Theory.
Venue: lics
Authors: Kristina Sojakova, G. A. Kavvos
Abstract: The Eckmann-Hilton argument shows that any two monoid structures on the same set satisfying the interchange law are in fact the same operation, which is moreover commutative. When the monoids correspond to the vertical and horizontal composition of a sufficiently higher-dimensional category, the Eckmann-Hilton argument itself appears as a higher cell. This cell is often required to satisfy an additional piece of coherence, which is known as the syllepsis. We show that the syllepsis can be constructed from the elimination rule of intensional identity types in Martin-Löf type theory.
Semantic Scholar venue: Logic in Computer Science
Publication types: JournalArticle|Book|Conference
Fields of study: Computer Science"
1835,"Title: Robustness Verification of Semantic Segmentation Neural Networks Using Relaxed Reachability.
Venue: cav
Authors: Hoang-Dung Tran, Neelanjana Pal, Patrick Musau, Diego Manzanas Lopez, Nathaniel Hamilton, Xiaodong Yang, Stanley Bak, Taylor T. Johnson
Abstract: This paper introduces robustness verification for semantic segmentation neural networks (in short, semantic segmentation networks [SSNs]), building on and extending recent approaches for robustness verification of image classification neural networks. Despite recent progress in developing verification methods for specifications such as local adversarial robustness in deep neural networks (DNNs) in terms of scalability, precision, and applicability to different network architectures, layers, and activation functions, robustness verification of semantic segmentation has not yet been considered. We address this limitation by developing and applying new robustness analysis methods for several segmentation neural network architectures, specifically by addressing reachability analysis of up-sampling layers, such as transposed convolution and dilated convolution. We consider several definitions of robustness for segmentation, such as the percentage of pixels in the output that can be proven robust under different adversarial perturbations, and a robust variant of intersection-over-union (IoU), the typical performance evaluation measure for segmentation tasks. Our approach is based on a new relaxed reachability method, allowing users to select the percentage of a number of linear programming problems (LPs) to solve when constructing the reachable set, through a relaxation factor percentage. The approach is implemented within NNV, then applied and evaluated on segmentation datasets, such as a multi-digit variant of MNIST known as M2NIST. Thorough experiments show that by using transposed convolution for up-sampling and average-pooling for down-sampling, combined with minimizing the number of ReLU layers in the SSNs, we can obtain SSNs with not only high accuracy (IoU), but also that are more robust to adversarial attacks and amenable to verification. Additionally, using our new relaxed reachability method, we can significantly reduce the verification time for neural networks whose ReLU layers dominate the total analysis time, even in classification tasks.
Semantic Scholar venue: International Conference on Computer Aided Verification
Publication types: JournalArticle|Conference
Fields of study: Computer Science"
1320,"Title: Care Robots Learning Rules of Ethical Behavior Under the Supervision of an Ethical Teacher (Short paper).
Venue: lpnmr
Authors: 
Abstract: This work shows how care robots can learn logical ethical rules of behavior from experience under the supervision of human teacher.
Semantic Scholar venue: HYDRA/RCRA@LPNMR
Publication types: JournalArticle
Fields of study: Computer Science"
2083,"Title: Reasoning About TSO Programs Using Reduction and Abstraction.
Venue: cav
Authors: Ahmed Bouajjani, Constantin Enea, Suha Orhun Mutluergil, Serdar Tasiran
Abstract: We present a method for proving that a program running under the Total Store Ordering (TSO) memory model is robust, i.e., all its TSO computations are equivalent to computations under the Sequential Consistency (SC) semantics. This method is inspired by Lipton's reduction theory for proving atomicity of concurrent programs. For programs which are not robust, we introduce an abstraction mechanism that allows to construct robust programs over-approximating their TSO semantics. This enables the use of proof methods designed for the SC semantics in proving invariants that hold on the TSO semantics of a non-robust program. These techniques have been evaluated on a large set of benchmarks using the infrastructure provided by CIVL, a generic tool for reasoning about concurrent programs under the SC semantics.
Semantic Scholar venue: International Conference on Computer Aided Verification
Publication types: JournalArticle|Conference
Fields of study: Computer Science|Mathematics"
1310,"Title: Analysis of Cyclic Fault Propagation via ASP.
Venue: lpnmr
Authors: Marco Bozzano, Alessandro Cimatti, Alberto Griggio, Martin Jonáš, Greg Kimberly
Semantic Scholar venue: International Conference on Logic Programming and Non-Monotonic Reasoning
Publication types: JournalArticle
Fields of study: Computer Science"
1053,"Title: An Incremental Approach to Structured Argumentation over Dynamic Knowledge Bases.
Venue: kr
Authors: Gianvincenzo Alfano, Sergio Greco, Francesco Parisi, Gerardo I. Simari, Guillermo R. Simari
Abstract: This work studies the case of updates consisting of both additions and removals of pieces of knowledge in the Defeasible Logic Programming (DeLP) framework, first analyzing the complexity of the problem and then identifying conditions under which to avoid unnecessary computations.
Semantic Scholar venue: International Conference on Principles of Knowledge Representation and Reasoning
Publication types: JournalArticle|Conference
Fields of study: Computer Science"
1698,"Title: Proofgold: Blockchain for Formal Methods.
Venue: cav
Authors: 
Abstract: The open source Proofgold Core client software is significantly modified to create a faster, more stable and more efficient client, Proofgold Lava, and how the Proofgold network can be used to support large formalization efforts is discussed.
Semantic Scholar venue: FMBC@CAV
Publication types: JournalArticle
Fields of study: Computer Science"
1372,"Title: Elaboration Tolerant Representation of Markov Decision Process via Decision-Theoretic Extension of Probabilistic Action Language pBC+.
Venue: lpnmr
Authors: YI WANG, JOOHYUNG LEE
Abstract: We extend probabilistic action language $p{\cal BC}$+ with the notion of utility in decision theory. The semantics of the extended $p{\cal BC}$+ can be defined as a shorthand notation for a decision-theoretic extension of the probabilistic answer set programming language LPMLN. Alternatively, the semantics of $p{\cal BC}$+ can also be defined in terms of Markov decision process (MDP), which in turn allows for representing MDP in a succinct and elaboration tolerant way as well as leveraging an MDP solver to compute a $p{\cal BC}$+ action description. The idea led to the design of the system pbcplus2mdp, which can find an optimal policy of a $p{\cal BC}$+ action description using an MDP solver.
Semantic Scholar venue: International Conference on Logic Programming and Non-Monotonic Reasoning
Publication types: JournalArticle
Fields of study: Computer Science"
2847,"Title: Work Analysis with Resource-Aware Session Types.
Venue: lics
Authors: Ankush Das, Jan Hoffmann, Frank Pfenning
Abstract: While there exist several successful techniques for supporting programmers in deriving static resource bounds for sequential code, analyzing the resource usage of message-passing concurrent processes poses additional challenges. To meet these challenges, this article presents an analysis for statically deriving worst-case bounds on the total work performed by message-passing processes. To decompose interacting processes into components that can be analyzed in isolation, the analysis is based on novel resource-aware session types, which describe protocols and resource contracts for inter-process communication. A key innovation is that both messages and processes carry potential to share and amortize cost while communicating. To symbolically express resource usage in a setting without static data structures and intrinsic sizes, resource contracts describe bounds that are functions of interactions between processes. Resource-aware session types combine standard binary session types and type-based amortized resource analysis in a linear type system. This type system is formulated for a core session-type calculus of the language SILL and proved sound with respect to a multiset-based operational cost semantics that tracks the total number of messages that are exchanged in a system. The effectiveness of the analysis is demonstrated by analyzing standard examples from amortized analysis and the literature on session types and by a comparative performance analysis of different concurrent programs implementing the same interface.
Semantic Scholar venue: Logic in Computer Science
Publication types: Book|JournalArticle|Conference
Fields of study: Computer Science"
2537,"Title: Logical Foundations of Quantitative Equality.
Venue: lics
Authors: Francesco Dagnino, Fabio Pasquali
Abstract: In quantitative reasoning one compares objects by distances, instead of equivalence relations, so that one can measure how much they are similar, rather than just saying whether they are equivalent or not. In this paper we aim at providing a logical ground to quantitative reasoning with distances in Linear Logic, using the categorical language of Lawvere’s doctrines. The key idea is to see distances as equality predicates in Linear Logic. We use graded modalities to write a resource sensitive substitution rule for equality, which allows us to give it a quantitative meaning by distances. We introduce a deductive calculus for (Graded) Linear Logic with quantitative equality and the notion of Lipschitz doctrine to give it a sound and complete categorical semantics. We also describe a universal construction of Lipschitz doctrines, which generates examples based for instance on metric spaces and quantitative realisability.
Semantic Scholar venue: Logic in Computer Science
Publication types: JournalArticle|Book|Conference
Fields of study: Computer Science"
2808,"Title: GF + MMT = GLF - From Language to Semantics through LF.
Venue: lics
Authors: Michael Kohlhase, Jan Frederik Schaefer
Abstract: These days, vast amounts of knowledge are available online, most of it in written form. Search engines help us access this knowledge, but aggregating, relating and reasoning with it is still a predominantly human effort. One of the key challenges for automated reasoning based on natural-language texts is the need to extract meaning (semantics) from texts. Natural language understanding (NLU) systems describe the conversion from a set of natural language utterances to terms in a particular logic. Tools for the co-development of grammar and target logic are currently largely missing. We will describe the Grammatical Logical Framework (GLF), a combination of two existing frameworks, in which large parts of a symbolic, rule-based NLU system can be developed and implemented: the Grammatical Framework (GF) and MMT. GF is a tool for syntactic analysis, generation, and translation with complex natural language grammars and MMT can be used to specify logical systems and to represent knowledge in them. Combining these tools is possible, because they are based on compatible logical frameworks: Martin-Lof type theory and LF. The flexibility of logical frameworks is needed, as NLU research has not settled on a particular target logic for meaning representation. Instead, new logics are developed all the time to handle various language phenomena. GLF allows users to develop the logic and the language parsing components in parallel, and to connect them for experimentation with the entire pipeline.
Semantic Scholar venue: LFMTP@LICS
Publication types: JournalArticle
Fields of study: Computer Science"
1311,"Title: Emotional Reasoning in an Action Language for Emotion-Aware Planning.
Venue: lpnmr
Authors: Andreas Brännström, Juan Carlos Nieves
Abstract: The introduced emotional reasoning can be applied to guide a software agent’s actions for dealing with emotions while estimating and planning future interactions with humans.
Semantic Scholar venue: International Conference on Logic Programming and Non-Monotonic Reasoning
Publication types: JournalArticle
Fields of study: Computer Science"
2863,"Title: Can One Escape Red Chains?: Regular Path Queries Determinacy is Undecidable.
Venue: lics
Authors: Grzegorz Głuch, Jerzy Marcinkowski, Piotr Ostropolski-Nalewaja
Abstract: For a given set of queries (which are expressions in some query language) Q = {Q1, Q2, ... Qk} and for another query Q0 we say that Q determines Q0 if -- informally speaking -- for every database D, the information contained in the views Q(D) is sufficient to compute Q0(D). Query Determinacy Problem is the problem of deciding, for given Q and Q0. whether Q determines Q0. Many versions of this problem, for different query languages, were studied in database theory. In this paper we solve a problem stated in [CGLV02] and show that Query Determinacy Problem is undecidable for the Regular Path Queries -- the paradigmatic query language of graph databases.
Semantic Scholar venue: Logic in Computer Science
Publication types: Book|JournalArticle|Conference
Fields of study: Computer Science"
3085,"Title: Towards Compositional Feedback in Non-Deterministic and Non-Input-Receptive Systems.
Venue: lics
Authors: Viorel Preoteasa, Stavros Tripakis
Abstract: Feedback is an essential composition operator in many classes of reactive and other systems. This paper studies feedback in the context of compositional theories with refinement. Such theories allow to reason about systems on a component-by-component basis, and to characterize substitutability as a refinement relation. Although compositional theories of feedback do exist, they are limited either to deterministic systems (functions) or input-receptive systems (total relations). In this work we propose a compositional theory of feedback which applies to non-deterministic and non-input-receptive systems (e.g., partial relations). To achieve this, we use the semantic frameworks of predicate and property transformers, and relations with fail and unknown values. We show how to define instantaneous feedback for stateless systems and feedback with unit delay for stateful systems. Both operations preserve the refinement relation, and both can be applied to non-deterministic and non-input-receptive systems.
Semantic Scholar venue: Logic in Computer Science
Publication types: JournalArticle|Book
Fields of study: Computer Science"
1265,"Title: A Public Health Surveillance Platform Exploiting Free-Text Sources via Natural Language Processing and Linked Data: Application in Adverse Drug Reaction Signal Detection Using PubMed and Twitter.
Venue: kr
Authors: Pantelis Natsiavas, Nicos Maglaveras, Vassilis Koutkias
Abstract: A platform enabling the systematic exploitation of diverse, free-text data sources for public health surveillance applications and relies on Natural Language Processing (NLP) and a micro-services architecture, utilizing Linked Data as a data representational formalism is presented.
Semantic Scholar venue: KR4HC/ProHealth@HEC
Publication types: JournalArticle
Fields of study: Engineering|Computer Science"
2446,"Title: Minimization of Dynamical Systems over Monoids.
Venue: lics
Authors: Georgios Argyris, Alberto Lluch Lafuente, Alexander Leguizamon Robayo, Mirco Tribastone, Max Tschaikowski, Andrea Vandin
Abstract: Quantitative notions of bisimulation are well-known tools for the minimization of dynamical models such as Markov chains and ordinary differential equations (ODEs). In forward bisimulations, each state in the quotient model represents an equivalence class and the dynamical evolution gives the overall sum of its members in the original model. Here we introduce generalized forward bisimulation (GFB) for dynamical systems over commutative monoids and develop a partition refinement algorithm to compute the coarsest one. When the monoid is (ℝ,+), we recover probabilistic bisimulation for Markov chains and more recent forward bisimulations for nonlinear ODEs. Using (ℝ,•) we get nonlinear reductions for discrete-time dynamical systems and ODEs where each variable in the quotient model represents the product of original variables in the equivalence class. When the domain is a finite set such as the Booleans $\mathbb{B}$, we can apply GFB to Boolean networks (BN), a widely used dynamical model in computational biology. Using a prototype implementation of our minimization algorithm for GFB, we find disjunction- and conjunction-preserving reductions on 60 BN from two well-known repositories, and demonstrate the obtained analysis speed-ups. We also provide the biological interpretation of the reduction obtained for two selected BN, and we show how GFB enables the analysis of a large one that could not be analyzed otherwise. Using a randomized version of our algorithm we find product-preserving (therefore non-linear) reductions on 21 dynamical weighted networks from the literature that could not be handled by the exact algorithm.
Semantic Scholar venue: Logic in Computer Science
Publication types: JournalArticle
Fields of study: Computer Science|Biology"
2186,"Title: A Decidable Fragment in Separation Logic with Inductive Predicates and Arithmetic.
Venue: cav
Authors: Quang Loc Le, Makoto Tatsuta, Jun Sun, Wei-Ngan Chin
Abstract: We consider the satisfiability problem for a fragment of separation logic including inductive predicates with shape and arithmetic properties. We show that the fragment is decidable if the arithmetic properties can be represented as semilinear sets. Our decision procedure is based on a novel algorithm to infer a finite representation for each inductive predicate which precisely characterises its satisfiability. Our analysis shows that the proposed algorithm runs in exponential time in the worst case. We have implemented our decision procedure and integrated it into an existing verification system. Our experiment on benchmarks shows that our procedure helps to verify the benchmarks effectively.
Semantic Scholar venue: International Conference on Computer Aided Verification
Publication types: JournalArticle|Conference
Fields of study: Computer Science"
2898,"Title: LMSO: A Curry-Howard Approach to Church&apos;s Synthesis via Linear Logic.
Venue: lics
Authors: Pierre Pradic, Colin Riba
Abstract: We propose LMSO, a proof system inspired from Linear Logic, as a proof-theoretical framework to extract finite-state stream transducers from linear-constructive proofs of omega-regular specifications. We advocate LMSO as a stepping stone toward semi-automatic approaches to Church's synthesis combining computer assisted proofs with automatic decisions procedures. LMSO is correct in the sense that it comes with an automata-based realizability model in which proofs are interpreted as finite-state stream transducers. It is moreover complete, in the sense that every solvable instance of Church's synthesis problem leads to a linear-constructive proof of the formula specifying the synthesis problem.
Semantic Scholar venue: Logic in Computer Science
Publication types: JournalArticle|Book|Conference
Fields of study: Computer Science"
2529,"Title: The complexity of soundness in workflow nets.
Venue: lics
Authors: GuanJun Liu, Jun Sun, Yang Liu, JinSong Dong
Abstract: Workflow nets are a popular variant of Petri nets that allow for the algorithmic formal analysis of business processes. The central decision problems concerning workflow nets deal with soundness, where the initial and final configurations are specified. Intuitively, soundness states that from every reachable configuration one can reach the final configuration. We settle the widely open complexity of the three main variants of soundness: classical, structural and generalised soundness. The first two are EXPSPACE-complete, and, surprisingly, the latter is PSPACE-complete, thus computationally simpler.
Semantic Scholar venue: Logic in Computer Science
Publication types: Book|JournalArticle|Conference
Fields of study: Computer Science"
2810,"Title: A Weakly Initial Algebra for Higher-Order Abstract Syntax in Cedille.
Venue: lics
Authors: Aaron Stump
Abstract: Cedille is a relatively recent tool based on a Curry-style pure type theory, without a primitive datatype system. Using novel techniques based on dependent intersection types, inductive datatypes with their induction principles are derived. One benefit of this approach is that it allows exploration of new or advanced forms of inductive datatypes. This paper reports work in progress on one such form, namely higher-order abstract syntax (HOAS). We consider the nature of HOAS in the setting of pure type theory, comparing with the traditional concept of environment models for lambda calculus. We see an alternative, based on what we term Kripke function-spaces, for which we can derive a weakly initial algebra in Cedille. Several examples are given using the encoding.
Semantic Scholar venue: LFMTP@LICS
Publication types: JournalArticle
Fields of study: Computer Science|Mathematics"
997,"Title: DatalogMTL over the Integer Timeline.
Venue: kr
Authors: Przemysław A. Wałęga, Bernardo Cuenca Grau, Mark Kaminski, Egor V. Kostylev
Abstract: We study DatalogMTL—an extension of Datalog with metric temporal operators—under integer semantics, where the temporal domain of both interpretations and temporal operators consists of integer time points only. This is in contrast to the standard semantics, which is defined over the rational timeline. DatalogMTL under integer semantics is an interesting KR language: on the one hand, one can often assume the integer timeline in applications; on the other hand, it captures prominent temporal extensions of Datalog such as Datalog1S. We show that the choice of integer semantics leads to more favourable computational properties. We first show that reasoning over integers is at most as hard as reasoning over rationals for DatalogMTL and its natural fragments. Then, we investigate fragments of DatalogMTL where adopting the integer semantics makes reasoning easier. In particular, we show that complexity drops from P-hard to NC1-complete for the propositional fragment (where all object variables are grounded), and from TC0-hard to ACC0 for the linear fragment where the past diamond operator is the only metric operator allowed in rule bodies. Thus, reasoning in such fragments is both tractable and highly parallelisable, which suggests their appropriateness for data-intensive applications."
2836,"Title: Cellular Cohomology in Homotopy Type Theory.
Venue: lics
Authors: Ulrik Buchholtz, Kuen-Bang Hou
Abstract: We present a development of cellular cohomology in homotopy type theory. Cohomology associates to each space a sequence of abelian groups capturing part of its structure, and has the advantage over homotopy groups in that these abelian groups of many common spaces are easier to compute. Cellular cohomology is a special kind of cohomology designed for cell complexes: these are built in stages by attaching spheres of progressively higher dimension, and cellular cohomology defines the groups out of the combinatorial description of how spheres are attached. Our main result is that for finite cell complexes, a wide class of cohomology theories (including the ones defined through Eilenberg-MacLane spaces) can be calculated via cellular cohomology. This result was formalized in the Agda proof assistant.
Semantic Scholar venue: Logic in Computer Science
Publication types: JournalArticle|Book|Conference
Fields of study: Computer Science|Mathematics"
2194,"Title: STLInspector: STL Validation with Guarantees.
Venue: cav
Authors: Hendrik Roehm, Thomas Heinz, Eva Charlotte Mayer
Abstract: STLInspector computes a series of representative signals that enables a requirements engineer to validate a candidate specification against all its mutated variants, thus achieving full mutation coverage and contributes to leveraging the use of formal specifications and computer-aided verification in industrial practice.
Semantic Scholar venue: International Conference on Computer Aided Verification
Publication types: JournalArticle|Conference
Fields of study: Computer Science"
1964,"Title: Reachability Analysis for AWS-Based Networks.
Venue: cav
Authors: , Xinwei Chai
Abstract: A new network reachability reasoning tool, called Tiros, is described, that uses off-the-shelf automated theorem proving tools to fill this need for automated reasoning tools capable of identifying misconfigurations or security vulnerabilities.
Semantic Scholar venue: International Conference on Computer Aided Verification
Publication types: JournalArticle|Conference
Fields of study: Computer Science"
910,"Title: Explainable Acceptance in Probabilistic Abstract Argumentation: Complexity and Approximation.
Venue: kr
Authors: Gianvincenzo Alfano, Marco Calautti, Sergio Greco, Francesco Parisi, Irina Trubitsyna
Abstract: Recently there has been an increasing interest in probabilistic abstract argumentation, an extension of Dung's abstract argumentation framework with probability theory. In this setting, we address the problem of computing the probability that a given argument is accepted. This is carried out by introducing the concept of probabilistic explanation for a given (probabilistic) extension. We show that the complexity of the problem is FP^#P-hard and propose polynomial approximation algorithms with bounded additive error for probabilistic argumentation frameworks where odd-length cycles are forbidden. This is quite surprising since, as we show, such kind of approximation algorithm does not exist for the related FP^#P-hard problem of computing the probability of the credulous acceptance of an argument, even for the special class of argumentation frameworks considered in the paper.
Semantic Scholar venue: International Conference on Principles of Knowledge Representation and Reasoning
Publication types: JournalArticle|Conference
Fields of study: Computer Science"
2032,"Title: Quantitative Mitigation of Timing Side Channels.
Venue: cav
Authors: Saeid Tizpaz-Niari, Pavol Černý, Ashutosh Trivedi
Abstract: Timing side channels pose a significant threat to the security and privacy of software applications. We propose an approach for mitigating this problem by decreasing the strength of the side channels as measured by entropy-based objectives, such as min-guess entropy. Our goal is to minimize the information leaks while guaranteeing a user-specified maximal acceptable performance overhead. We dub the decision version of this problem Shannon mitigation, and consider two variants, deterministic and stochastic. First, we show the deterministic variant is NP-hard. However, we give a polynomial algorithm that finds an optimal solution from a restricted set. Second, for the stochastic variant, we develop an algorithm that uses optimization techniques specific to the entropy-based objective used. For instance, for min-guess entropy, we used mixed integer-linear programming. We apply the algorithm to a threat model where the attacker gets to make functional observations, that is, where she observes the running time of the program for the same secret value combined with different public input values. Existing mitigation approaches do not give confidentiality or performance guarantees for this threat model. We evaluate our tool SCHMIT on a number of micro-benchmarks and real-world applications with different entropy-based objectives. In contrast to the existing mitigation approaches, we show that in the functional-observation threat model, SCHMIT is scalable and able to maximize confidentiality under the performance overhead bound.
Semantic Scholar venue: International Conference on Computer Aided Verification
Publication types: JournalArticle|Conference
Fields of study: Computer Science"
1405,"Title: Answer Set Programs with Queries over Subprograms.
Venue: lpnmr
Authors: Christoph Redl
Abstract: A novel modeling technique is presented that exploits the minimality criterion for answer sets of a disjunctive ASP program to solve co-\(\mathsf {NP}\)-hard problems, which typically involve checking if a property holds for all objects in a certain domain.
Semantic Scholar venue: International Conference on Logic Programming and Non-Monotonic Reasoning
Publication types: JournalArticle
Fields of study: Computer Science"
1305,"Title: Statistical Statements in Probabilistic Logic Programming.
Venue: lpnmr
Authors: Damiano Azzolini, Elena Bellodi, Fabrizio Riguzzi
Semantic Scholar venue: International Conference on Logic Programming and Non-Monotonic Reasoning
Publication types: JournalArticle
Fields of study: Computer Science"
799,"Title: Learning Generalized Policies without Supervision Using GNNs.
Venue: kr
Authors: Simon Ståhlberg, Blai Bonet, Hector Geffner
Abstract: We consider the problem of learning generalized policies for classical planning domains using graph neural networks from small instances represented in lifted STRIPS. The problem has been considered before but the proposed neural architectures are complex and the results are often mixed. In this work, we use a simple and general GNN architecture and aim at obtaining crisp experimental results and a deeper understanding: either the policy greedy in the learned value function achieves close to 100% generalization over instances larger than those used in training, or the failure must be understood, and possibly fixed, logically. For this, we exploit the relation established between the expressive power of GNNs and the C2 fragment of first-order logic (namely, FOL with 2 variables and counting quantifiers). We find for example that domains with general policies that require more expressive features can be solved with GNNs once the states are extended with suitable ""derived atoms"" encoding role compositions and transitive closures that do not fit into C2. The work follows an existing approach based on GNNs for learning optimal general policies in a supervised fashion, but the learned policies are no longer required to be optimal (which expands the scope, as many planning domains do not have general optimal policies) and are learned without supervision. Interestingly, value-based reinforcement learning methods that aim to produce optimal policies, do not always yield policies that generalize, as the goals of optimality and generality are in conflict in domains where optimal planning is NP-hard."
1145,"Title: Probabilistic Coalition Structure Generation.
Venue: kr
Authors: Katsuya Nakano, Shun Shiramatsu, Tadachika Ozono, Toramatsu Shintani
Abstract: We study coalition structure generation (CSG) when coalition values are not given but must be learned from episodic observations. We model each episode as a sparse linear regression problem, where the realised payoff \(Y_t\) is a noisy linear combination of a small number of coalition contributions. This yields a probabilistic CSG framework in which the planner first estimates a sparse value function from \(T\) episodes, then runs a CSG solver on the inferred coalition set. We analyse two estimation schemes. The first, Bayesian Greedy Coalition Pursuit (BGCP), is a greedy procedure that mimics orthogonal matching pursuit. Under a coherence condition and a minimum signal assumption, BGCP recovers the true set of profitable coalitions with high probability once \(T \gtrsim K \log m\), and hence yields welfare-optimal structures. The second scheme uses an \(\ell_1\)-penalised estimator; under a restricted eigenvalue condition, we derive \(\ell_1\) and prediction error bounds and translate them into welfare gap guarantees. We compare both methods to probabilistic baselines and identify regimes where sparse probabilistic CSG is superior, as well as dense regimes where classical least-squares approaches are competitive.
Semantic Scholar venue: arXiv.org
Publication types: JournalArticle
Fields of study: Computer Science"
1083,"Title: Knowledge-Based Transfer Learning Explanation.
Venue: kr
Authors: 
Abstract: Machine learning explanation can significantly boost machine learning's application in decision making, but the usability of current methods is limited in human-centric explanation, especially for transfer learning, an important machine learning branch that aims at utilizing knowledge from one learning domain (i.e., a pair of dataset and prediction task) to enhance prediction model training in another learning domain. In this paper, we propose an ontology-based approach for human-centric explanation of transfer learning. Three kinds of knowledge-based explanatory evidence, with different granularities, including general factors, particular narrators and core contexts are first proposed and then inferred with both local ontologies and external knowledge bases. The evaluation with US flight data and DBpedia has presented their confidence and availability in explaining the transferability of feature representation in flight departure delay forecasting.
Semantic Scholar venue: International Conference on Principles of Knowledge Representation and Reasoning
Publication types: JournalArticle|Conference
Fields of study: Computer Science"
2913,"Title: Gödel logic: From natural deduction to parallel computation.
Venue: lics
Authors: Arnold Beckmann, Norbert Preining
Abstract: Propositional Gödel logic G extends intuitionistic logic with the non-constructive principle of linearity (A → B) ∨ (B → A). We introduce a Curry-Howard correspondence for G and show that a simple natural deduction calculus can be used as a typing system. The resulting functional language extends the simply typed λ-calculus via a synchronous communication mechanism between parallel processes, which increases its expressive power. The normalization proof employs original termination arguments and proof transformations implementing forms of code mobility. Our results provide a computational interpretation of G, thus proving A. Avron's 1991 thesis.
Semantic Scholar venue: Logic in Computer Science
Publication types: JournalArticle
Fields of study: Computer Science|Mathematics"
1370,"Title: Degrees of Laziness in Grounding - Effects of Lazy-Grounding Strategies on ASP Solving.
Venue: lpnmr
Authors: Richard Taupe, Antonius Weinzierl, Gerhard Friedrich
Abstract: The traditional ground-and-solve approach to Answer Set Programming (ASP) suffers from the grounding bottleneck, which makes large-scale problem instances unsolvable. Lazy grounding is an alternative approach that interleaves grounding with solving and thus uses space more efficiently. The limited view on the search space in lazy grounding poses unique challenges, however, and can have adverse effects on solving performance. In this paper we present a novel characterization of degrees of laziness in grounding for ASP, i.e. of compromises between lazily grounding as little as possible and the traditional full grounding upfront. We investigate how these degrees of laziness compare to each other formally as well as, by means of an experimental analysis using a number of benchmarks, in terms of their effects on solving performance. Our contributions are the introduction of a range of novel lazy grounding strategies, a formal account on their relationships and their correctness, and an investigation of their effects on solving performance. Experiments show that our approach performs significantly better than state-of-the-art lazy grounding in many cases.
Semantic Scholar venue: International Conference on Logic Programming and Non-Monotonic Reasoning
Publication types: JournalArticle
Fields of study: Computer Science"
1379,"Title: Combining Inductive Generalization and Factual Abduction.
Venue: lpnmr
Authors: Akihiro Yamamoto
Abstract: This paper outlines a first-order model for ampliative reasoning that fruitfully combines the inference patterns of inductive generalization and factual abduction and shows how these patterns can be combined in such a way that inductively inferred generalizations can be used as premises in abductive inferences.
Semantic Scholar venue: DARe@LPNMR
Publication types: JournalArticle
Fields of study: Computer Science"
2896,"Title: Allegories: decidability and graph homomorphisms.
Venue: lics
Authors: Damien Pous, Valeria Vignudelli
Abstract: Allegories were introduced by Freyd and Scedrov; they form a fragment of Tarski's calculus of relations. We show that their equational theory is decidable by characterising it in terms of a specific class of graph homomorphisms. We actually do so for an extension of allegories which we prove to be conservative: allegories with top. This makes it possible to exploit a correspondence between terms and K4-free graphs, for which isomorphisms were known to be finitely axiomatisable.
Semantic Scholar venue: Logic in Computer Science
Publication types: Book|JournalArticle|Conference
Fields of study: Mathematics|Computer Science"
2406,"Title: Combining fixpoint and differentiation theory.
Venue: lics
Authors: Zeinab Galal, Jean-Simon Pacaud Lemay
Abstract: Interactions between derivatives and fixpoints have many important applications in both computer science and mathematics. In this paper, we provide a categorical framework to combine fixpoints with derivatives by studying Cartesian differential categories with a fixpoint operator. We introduce an additional axiom relating the derivative of a fixpoint with the fixpoint of the derivative. We show how the standard examples of Cartesian differential categories where we can compute fixpoints provide canonical models of this notion. We also consider when the fixpoint operator is a Conway operator, or when the underlying category is closed. As an application, we show how this framework is a suitable setting to formalize the Newton-Raphson optimization for fast approximation of fixpoints and extend it to higher order languages.
Semantic Scholar venue: Logic in Computer Science
Publication types: JournalArticle|Book|Conference
Fields of study: Mathematics|Computer Science"
3060,"Title: Quantifier Free Definability on Infinite Algebras.
Venue: lics
Authors: Bakh Khoussainov
Abstract: An operation f: An → A on the domain A of an algebra A is definable if there exists a first order logic formula Φ(x, y) with parameters from A such that for all ā ∈ An and b ∈ A we have f (ā) = b iff A ⊨ Φ (ā, b). The goal of this paper is to study definability of operations by quantifier-free formulas on countable infinite algebras from computability and model-theoretic definability points of view.
Semantic Scholar venue: Logic in Computer Science
Publication types: JournalArticle|Book
Fields of study: Computer Science|Mathematics"
2470,"Title: Pseudorandom Finite Models.
Venue: lics
Authors: Jan Dreier, Jamie Tucker-Foltz
Abstract: We study pseudorandomness and pseudorandom generators from the perspective of logical definability. Building on results from ordinary derandomization and finite model theory, we show that it is possible to deterministically construct, in polynomial time, graphs and relational structures that are statistically indistinguishable from random structures by any sentence of first order or least fixed point logics. This raises the question of whether such constructions can be implemented via logical transductions from simpler structures with less entropy. In other words, can logical formulas be pseudorandom generators? We provide a complete classification of when this is possible for first order logic, fixed point logic, and fixed point logic with parity, and provide partial results and conjectures for first order logic with parity.
Semantic Scholar venue: Logic in Computer Science
Publication types: JournalArticle
Fields of study: Computer Science"
1678,"Title: QEBVerif: Quantization Error Bound Verification of Neural Networks.
Venue: cav
Authors: Yedi Zhang, Fu Song, Jun Sun
Abstract: To alleviate the practical constraints for deploying deep neural networks (DNNs) on edge devices, quantization is widely regarded as one promising technique. It reduces the resource requirements for computational power and storage space by quantizing the weights and/or activation tensors of a DNN into lower bit-width fixed-point numbers, resulting in quantized neural networks (QNNs). While it has been empirically shown to introduce minor accuracy loss, critical verified properties of a DNN might become invalid once quantized. Existing verification methods focus on either individual neural networks (DNNs or QNNs) or quantization error bound for partial quantization. In this work, we propose a quantization error bound verification method, named QEBVerif, where both weights and activation tensors are quantized. QEBVerif consists of two parts, i.e., a differential reachability analysis (DRA) and a mixed-integer linear programming (MILP) based verification method. DRA performs difference analysis between the DNN and its quantized counterpart layer-by-layer to compute a tight quantization error interval efficiently. If DRA fails to prove the error bound, then we encode the verification problem into an equivalent MILP problem which can be solved by off-the-shelf solvers. Thus, QEBVerif is sound, complete, and reasonably efficient. We implement QEBVerif and conduct extensive experiments, showing its effectiveness and efficiency.
Semantic Scholar venue: International Conference on Computer Aided Verification
Publication types: JournalArticle|Conference
Fields of study: Computer Science"
877,"Title: Learning First-Order Representations for Planning from Black Box States: New Results.
Venue: kr
Authors: Ivan D. Rodriguez, Blai Bonet, Javier Romero, Hector Geffner
Abstract: Recently Bonet and Geffner have shown that first-order representations for planning domains can be learned from the structure of the state space without any prior knowledge about the action schemas or domain predicates. For this, the learning problem is formulated as the search for a simplest first-order domain description D that along with information about instances I_i (number of objects and initial state) determine state space graphs G(P_i) that match the observed state graphs G_i where P_i = (D, I_i). The search is cast and solved approximately by means of a SAT solver that is called over a large family of propositional theories that differ just in the parameters encoding the possible number of action schemas and domain predicates, their arities, and the number of objects. In this work, we push the limits of these learners by moving to an answer set programming (ASP) encoding using the CLINGO system. The new encodings are more transparent and concise, extending the range of possible models while facilitating their exploration. We show that the domains introduced by Bonet and Geffner can be solved more efficiently in the new approach, often optimally, and furthermore, that the approach can be easily extended to handle partial information about the state graphs as well as noise that prevents some states from being distinguished.
Semantic Scholar venue: International Conference on Principles of Knowledge Representation and Reasoning
Publication types: JournalArticle|Conference
Fields of study: Computer Science"
1972,"Title: Semi-quantitative Abstraction and Analysis of Chemical Reaction Networks.
Venue: cav
Authors: Milan Češka, Jan Křetínský
Abstract: Analysis of large continuous-time stochastic systems is a computationally intensive task. In this work we focus on population models arising from chemical reaction networks (CRNs), which play a fundamental role in analysis and design of biochemical systems. Many relevant CRNs are particularly challenging for existing techniques due to complex dynamics including stochasticity, stiffness or multimodal population distributions. We propose a novel approach allowing not only to predict, but also to explain both the transient and steady-state behaviour. It focuses on qualitative description of the behaviour and aims at quantitative precision only in orders of magnitude. Firstly, we abstract the CRN into a compact model preserving rough timing information, distinguishing only signifcinatly different populations, but capturing relevant sequences of behaviour. Secondly, we approximately analyse the most probable temporal behaviours of the model through most probable transitions. As demonstrated on complex CRNs from literature, our approach reproduces the known results, but in contrast to the state-of-the-art methods, it runs with virtually no computational cost and thus offers unprecedented~scalability.
Semantic Scholar venue: International Conference on Computer Aided Verification
Publication types: JournalArticle|Conference
Fields of study: Computer Science|Biology"
1812,"Title: ddSMT 2.0: Better Delta Debugging for the SMT-LIBv2 Language and Friends.
Venue: cav
Authors: Gereon Kremer, Aina Niemetz, Mathias Preiner
Abstract: Erroneous behavior of verification back ends such as SMT solvers require effective and efficient techniques to identify, locate and fix failures of any kind. Manual analysis of large real-world inputs usually becomes infeasible due to the complex nature of these tools. Delta Debugging has emerged as a valuable technique to automatically reduce failure-inducing inputs while preserving the original erroneous behavior. We present , the successor of the delta debugger . is the current de-facto standard delta debugger for the SMT-LIBv2 language. Our tool improves and extends core concepts of and extends input language support to the entire family of SMT-LIBv2 language dialects. In addition to its ddmin-based main minimization strategy, it implements an alternative, orthogonal strategy based on hierarchical input minimization. We combine both strategies into a hybrid strategy and show that significantly improves over and other delta debugging tools for SMT-LIBv2 on real-world examples.
Semantic Scholar venue: International Conference on Computer Aided Verification
Publication types: JournalArticle|Conference
Fields of study: Computer Science"
2796,"Title: Categorical Semantics for Time Travel.
Venue: lics
Authors: Nicola Pinzani, Stefano Gogioso, Bob Coecke
Abstract: We introduce a general categorical framework to reason about quantum theory and other process theories living in spacetimes where chronology violation can occur-e.g. in the form of Closed Timelike Curves (CTCs)-allowing resources to travel back in time and provide computational speedups. Our framework is based on a weakening of the definition of traced symmetric monoidal categories, obtained by dropping the yanking axiom and the requirement that the trace be defined on all morphisms. We show that the two leading models for quantum theory with closed timelike curves-namely the P-CTC model of Lloyd et al. and the D-CTC model of Deutsch-are captured by our framework, and in doing so we provide the first compositional description of the D-CTC model. Our description of the D-CTC model results in a process theory which respects the constraints of relativistic causality: this is in direct contrast to the P-CTC model, where CTCs are implemented by a trace and allow post-selection to be performed deterministically.
Semantic Scholar venue: Logic in Computer Science
Publication types: JournalArticle
Fields of study: Computer Science|Mathematics|Physics"
3051,"Title: Hanf normal form for first-order logic with unary counting quantifiers.
Venue: lics
Authors: Lucas Heimberg, Dietrich Kuske, Nicole Schweikardt
Abstract: We study the existence of Hanf normal forms for extensions FO(Q) of first-order logic by sets Q ⊆ P(N) of unary counting quantifiers. A formula is in Hanf normal form if it is a Boolean combination of formulas ζ(x) describing the isomorphism type of a local neighbourhood around its free variables x and statements of the form ""the number of witnesses y of ψ(y) belongs to (Q+k)"" where Q ∈ Q, k ∈ N, and ψ describes the isomorphism type of a local neighbourhood around its unique free variable y.
Semantic Scholar venue: Logic in Computer Science
Publication types: JournalArticle|Book
Fields of study: Mathematics|Computer Science"
983,"Title: Bipolar Abstract Argumentation with Dual Attacks and Supports.
Venue: kr
Authors: Nico Potyka
Abstract: Bipolar abstract argumentation frameworks allow modeling decision problems by defining pro and contra arguments and their relationships. In some popular bipolar frameworks, there is an inherent tendency to favor either attack or support relationships. However, for some applications, it seems sensible to treat attack and support equally. Roughly speaking, turning an attack edge into a support edge, should just invert its meaning. We look at a recently introduced bipolar argumentation semantics and two novel alternatives and discuss their semantical and computational properties. Interestingly, the two novel semantics correspond to stable semantics if no support relations are present and maintain the computational complexity of stable semantics in general bipolar frameworks.
Semantic Scholar venue: International Conference on Principles of Knowledge Representation and Reasoning
Publication types: JournalArticle|Conference
Fields of study: Computer Science"
1275,"Title: Towards Industrial-Scale Product Configuration.
Venue: lpnmr
Authors: JOACHIM BAUMEISTER, SUSANA HAHN, KONSTANTIN HERUD, MAX OSTROWSKI, JOCHEN REUTELSHÖFER, NICOLAS RÜHLING, TORSTEN SCHAUB, PHILIPP WANKO
Abstract: We address the challenge of product configuration in the context of increasing customer demand for diverse and complex products. We propose a solution through a curated selection of product model benchmarks formulated in the Coom language, divided into three fragments of increasing complexity. Each fragment is accompanied by a corresponding example on bike configuration, and additional scalable product models are included in the CoomSuite, along with relevant resources. We outline an ASP-based workflow for solving Coom-based configuration problems, highlighting its adaptability to different paradigms and alternative ASP solutions. The CoomSuite aims to provide a comprehensive, accessible, and representative set of examples that can serve as a common ground for stakeholders in the field of product configuration.
Semantic Scholar venue: International Conference on Logic Programming and Non-Monotonic Reasoning
Publication types: JournalArticle
Fields of study: Computer Science"
1998,"Title: Integrating Formal Schedulability Analysis into a Verified OS Kernel.
Venue: cav
Authors: Xiaojie Guo, Maxime Lesourd, Mengqi Liu, Lionel Rieg, Zhong Shao
Abstract: Formal verification of real-time systems is attractive because these systems often perform critical operations. Unlike non real-time systems, latency and response time guarantees are of critical importance in this setting, as much as functional correctness. Nevertheless, formal verification of real-time OSes usually stops the scheduling analysis at the policy level: they only prove that the scheduler (or its abstract model) satisfies some scheduling policy. In this paper, we go further and connect together Prosa, a verified schedulability analyzer, and RT-CertiKOS, a verified single-core sequential real-time OS kernel. Thus, we get a more general and extensible schedulability analysis proof for RT-CertiKOS, as well a concrete implementation validating Prosa models. It also showcases that it is realistic to connect two completely independent formal developments in a proof assistant.
Semantic Scholar venue: International Conference on Computer Aided Verification
Publication types: JournalArticle|Conference
Fields of study: Computer Science"
2210,"Title: Symbolic vs. Bounded Synthesis for Petri Games.
Venue: cav
Authors: Bernd Finkbeiner, Manuel Gieseking, Jesko Hecking-Harbusch, Ernst-Rüdiger Olderog
Abstract: Petri games are a multiplayer game model for the automatic synthesis of distributed systems. We compare two fundamentally different approaches for solving Petri games. The symbolic approach decides the existence of a winning strategy via a reduction to a two-player game over a finite graph, which in turn is solved by a fixed point iteration based on binary decision diagrams (BDDs). The bounded synthesis approach encodes the existence of a winning strategy, up to a given bound on the size of the strategy, as a quantified Boolean formula (QBF). In this paper, we report on initial experience with a prototype implementation of the bounded synthesis approach. We compare bounded synthesis to the existing implementation of the symbolic approach in the synthesis tool ADAM. We present experimental results on a collection of benchmarks, including one new benchmark family, modeling manufacturing and workflow scenarios with multiple concurrent processes.
Semantic Scholar venue: SYNT@CAV
Publication types: JournalArticle
Fields of study: Computer Science"
2786,"Title: Codensity Games for Bisimilarity.
Venue: lics
Authors: Yuichi Komorida, Shin-ya Katsumata, Nick Hu, Bartek Klin, Ichiro Hasuo
Abstract: Bisimilarity as an equivalence notion of systems has been central to process theory. Due to the recent rise of interest in quantitative systems (probabilistic, weighted, hybrid, etc.), bisimilarity has been extended in various ways, such as bisimulation metric between probabilistic systems. An important feature of bisimilarity is its game-theoretic characterization, where Spoiler and Duplicator play against each other; extension of bisimilarity games to quantitative settings has been actively pursued too. In this paper, we present a general framework that uniformly describes game characterizations of bisimilarity-like notions. Our framework is formalized categorically using fibrations and coalgebras. In particular, our characterization of bisimilarity in terms of fibrational predicate transformers allows us to derive what we call codensity bisimilarity games: a general categorical game characterization of bisimilarity. Our framework covers known bisimilarity-like notions (such as bisimulation metric and bisimulation seminorm) as well as new ones (including what we call bisimulation topology).
Semantic Scholar venue: New generation computing
Publication types: JournalArticle
Fields of study: Computer Science"
951,"Title: Entity Type Recognition - Dealing with the Diversity of Knowledge.
Venue: kr
Authors: Fausto Giunchiglia, Mattia Fumagalli
Abstract: Semantic Heterogeneity is the problem that arises when multiple resources present differences in how they represent the same real-world phenomenon. In KR, an early approach was the development of ontologies and, later on, when ontologies showed at the knowledge level the same semantic heterogeneity that they were meant to fix at the data level, to compute mappings among them. In this paper we acknowledge the impossibility of avoiding semantic heterogeneity, this being a consequence of the more general phenomenon of the diversity of the world and of the world descriptions. In this perspective, the heterogeneity of ontologies is a feature (and not a bug to be fixed by aligning them) which gives the possibility to use the most suitable ontology in any given application context. The main contributions of this paper are: (i) a novel articulation of the problem of semantic heterogeneity, as it appears at the knowledge level, as contextuality, (ii) its qualitative and quantitative formalization in terms of a set of diversity and unity metrics and (iii) an Entity Type Recognition algorithm which selects the contextually most appropriate ontology and exploits it to solve the current problem, e.g., the alignment and integration of a set of input schemas. The experimental results show the validity of the approach.
Semantic Scholar venue: International Conference on Principles of Knowledge Representation and Reasoning
Publication types: JournalArticle|Conference
Fields of study: Computer Science"
2465,"Title: ℤ-polyregular functions.
Venue: lics
Authors: Nathan Lhote
Abstract: This paper introduces a robust class of functions from finite words to integers that we call Z-polyregular functions. We show that it admits natural characterizations in terms of logics, Z-rational expressions, Z-rational series and transducers. We then study two subclass membership problems. First, we show that the asymptotic growth rate of a function is computable, and corresponds to the minimal number of variables required to represent it using logical formulas. Second, we show that first-order definability of Z-polyregular functions is decidable. To show the latter, we introduce an original notion of residual transducer, and provide a semantic characterization based on aperiodicity.
Semantic Scholar venue: arXiv.org
Publication types: JournalArticle
Fields of study: Computer Science"
1228,"Title: Sequential Equilibrium in Games of Imperfect Recall.
Venue: kr
Authors: Joseph Y. Halpern, Rafael Pass
Abstract: Although the definition of sequential equilibrium can be applied without change to games of imperfect recall, doing so leads to arguably inappropriate results. We redefine sequential equilibrium so that the definition agrees with the standard definition in games of perfect recall while still giving reasonable results in games of imperfect recall. The definition can be viewed as trying to capture a notion of ex ante sequential equilibrium. The picture here is that players choose their strategies before the game starts and are committed to it, but they choose it in such a way that it remains optimal even off the equilibrium path. A notion of interim sequential equilibrium is also considered.
Semantic Scholar venue: International Conference on Principles of Knowledge Representation and Reasoning
Publication types: JournalArticle|Conference
Fields of study: Computer Science"
2524,"Title: Identity Testing for Radical Expressions.
Venue: lics
Authors: 
Abstract: We study the Radical Identity Testing problem (RIT): Given an algebraic circuit representing a polynomial and nonnegative integers a1, …, ak and d1, …, dk, written in binary, test whether the polynomial vanishes at the real radicals , i.e., test whether . We place the problem in coNP assuming the Generalised Riemann Hypothesis (GRH), improving on the straightforward PSPACE upper bound obtained by reduction to the existential theory of reals. Next we consider a restricted version, called 2-RIT, where the radicals are square roots of prime numbers, written in binary. It was known since the work of Chen and Kao [16] that 2-RIT is at least as hard as the polynomial identity testing problem, however no better upper bound than PSPACE was known prior to our work. We show that 2-RIT is in coRP assuming GRH and in coNP unconditionally. Our proof relies on theorems from algebraic and analytic number theory, such as the Chebotarev density theorem and quadratic reciprocity.
Semantic Scholar venue: Logic in Computer Science
Publication types: Book|JournalArticle|Conference
Fields of study: Computer Science"
2093,"Title: Attracting Tangles to Solve Parity Games.
Venue: cav
Authors: Tom van Dijk
Abstract: Parity games have important practical applications in formal verification and synthesis, especially to solve the model-checking problem of the modal mu-calculus. They are also interesting from the theory perspective, because they are widely believed to admit a polynomial solution, but so far no such algorithm is known. 
We propose a new algorithm to solve parity games based on learning tangles, which are strongly connected subgraphs for which one player has a strategy to win all cycles in the subgraph. We argue that tangles play a fundamental role in the prominent parity game solving algorithms. We show that tangle learning is competitive in practice and the fastest solver for large random games.
Semantic Scholar venue: International Conference on Computer Aided Verification
Publication types: JournalArticle|Conference
Fields of study: Computer Science"
1921,"Title: NNV: The Neural Network Verification Tool for Deep Neural Networks and Learning-Enabled Cyber-Physical Systems.
Venue: cav
Authors: Hoang-Dung Tran, Xiaodong Yang, Diego Manzanas Lopez, Patrick Musau, Luan Viet Nguyen, Weiming Xiang, Stanley Bak, Taylor T. Johnson
Abstract: This paper presents the Neural Network Verification (NNV) software tool, a set-based verification framework for deep neural networks (DNNs) and learning-enabled cyber-physical systems (CPS). The crux of NNV is a collection of reachability algorithms that make use of a variety of set representations, such as polyhedra, star sets, zonotopes, and abstract-domain representations. NNV supports both exact (sound and complete) and over-approximate (sound) reachability algorithms for verifying safety and robustness properties of feed-forward neural networks (FFNNs) with various activation functions. For learning-enabled CPS, such as closed-loop control systems incorporating neural networks, NNV provides exact and over-approximate reachability analysis schemes for linear plant models and FFNN controllers with piecewise-linear activation functions, such as ReLUs. For similar neural network control systems (NNCS) that instead have nonlinear plant models, NNV supports over-approximate analysis by combining the star set analysis used for FFNN controllers with zonotope-based analysis for nonlinear plant dynamics building on CORA. We evaluate NNV using two real-world case studies: the first is safety verification of ACAS Xu networks, and the second deals with the safety verification of a deep learning-based adaptive cruise control system.
Semantic Scholar venue: International Conference on Computer Aided Verification
Publication types: JournalArticle|Conference
Fields of study: Computer Science|Engineering"
3034,"Title: A Generalised Twinning Property for Minimisation of Cost Register Automata.
Venue: lics
Authors: Laure Daviaud, Pierre-Alain Reynier, Jean-Marc Talbot
Abstract: Weighted automata (WA) extend finite-state automata by associating with transitions weights from a semiring $\mathbb {S}$, defining functions from words to S. Recently, cost register automata (CRA) have been introduced as an alternative model to describe any function realised by a WA by means of a deterministic machine. Unambiguous WA over a monoid $(M,\otimes )$ can equivalently be described by cost register automata whose registers take their values in M, and are updated by operations of the form $x :=y\otimes c$, with $c\in M$. This class is denoted by $\mathrm {CRA}_{\otimes c}(M)$.We introduce a twinning property and a bounded variation property parametrised by an integer k, such that the corresponding notions introduced originally by Choffrut for finite-state transducers are obtained for k=1. Given an unambiguous weighted automaton W over an infinitary group $(G,\otimes )$ realizing some function f, we prove that the three following properties are equivalent: i) W satisfies the twinning property of order k, ii) f satisfies the k-bounded variation property, and iii) f can be described by a $\mathrm {CRA}_{\otimes c}(G)$ with at most k registers.In the spirit of tranducers, we actually prove this result in a more general setting by considering machines over the semiring of finite sets of elements from $(G,\otimes )$ : the three properties are still equivalent for such finite-valued weighted automata, that is the ones associating with words subsets of G of cardinality at most $\ell$, for some natural $\ell$. Moreover, we show that if the operation $\otimes \, \mathrm {of}\, G$ is commutative and computable, then one can decide whether a WA satisfies the twinning property of order k. As a corollary, this allows to decide the register minimisation problem for the class $\mathrm {CRA}_{\otimes c}(G)$.Last, we prove that a similar result holds for finite-valued finite-state transducers, and that the register minimisation problem for the class CRAc(B*) is PSPACE-complete.
Semantic Scholar venue: Logic in Computer Science
Publication types: JournalArticle|Book
Fields of study: Mathematics|Computer Science"
1676,"Title: Online Causation Monitoring of Signal Temporal Logic.
Venue: cav
Authors: Zhenya Zhang, Jie An, Paolo Arcaini, Ichiro Hasuo
Abstract: Abstract Online monitoring is an effective validation approach for hybrid systems, that, at runtime, checks whether the (partial) signals of a system satisfy a specification in, e.g., Signal Temporal Logic (STL) . The classic STL monitoring is performed by computing a robustness interval that specifies, at each instant, how far the monitored signals are from violating and satisfying the specification. However, since a robustness interval monotonically shrinks during monitoring, classic online monitors may fail in reporting new violations or in precisely describing the system evolution at the current instant. In this paper, we tackle these issues by considering the causation of violation or satisfaction, instead of directly using the robustness. We first introduce a Boolean causation monitor that decides whether each instant is relevant to the violation or satisfaction of the specification. We then extend this monitor to a quantitative causation monitor that tells how far an instant is from being relevant to the violation or satisfaction. We further show that classic monitors can be derived from our proposed ones. Experimental results show that the two proposed monitors are able to provide more detailed information about system evolution, without requiring a significantly higher monitoring cost."
1214,"Title: Building Epistemic Logic from Observations and Public Announcements.
Venue: kr
Authors: 
Abstract: An epistemic logic where knowledge is built from what the agents observe (including higher-order visibility) and what the Agents learn from public announcements and it is established that the model checking problem is PSPACE-complete.
Semantic Scholar venue: International Conference on Principles of Knowledge Representation and Reasoning
Publication types: JournalArticle|Conference
Fields of study: Computer Science"
2275,"Title: Investigating Safety of a Radiotherapy Machine Using System Models with Pluggable Checkers.
Venue: cav
Authors: Stuart Pernsteiner, Calvin Loncaric, Emina Torlak, Zachary Tatlock, Xi Wang, Michael D. Ernst, Jonathan Jacky"
2789,"Title: The Logic of Action Lattices is Undecidable.
Venue: lics
Authors: Stepan Kuznetsov
Abstract: We prove algorithmic undecidability of the (in)equational theory of residuated Kleene lattices (action lattices), thus solving a problem left open by D. Kozen, P. Jipsen, W. Buszkowski.
Semantic Scholar venue: Logic in Computer Science
Publication types: JournalArticle
Fields of study: Computer Science"
756,"Title: Querying Inconsistent Prioritized Data with ORBITS: Algorithms, Implementation, and Experiments.
Venue: kr
Authors: Meghyn Bienvenu, Camille Bourgaux
Abstract: We investigate practical algorithms for inconsistency-tolerant query answering over prioritized knowledge bases, which consist of a logical theory, a set of facts, and a priority relation between conflicting facts. We consider three well-known semantics (AR, IAR and brave) based upon two notions of optimal repairs (Pareto and completion). Deciding whether a query answer holds under these semantics is (co)NP-complete in data complexity for a large class of logical theories, and SAT-based procedures have been devised for repair-based semantics when there is no priority relation, or the relation has a special structure. The present paper introduces the first SAT encodings for Pareto- and completion-optimal repairs w.r.t. general priority relations and proposes several ways of employing existing and new encodings to compute answers under (optimal) repair-based semantics, by exploiting different reasoning modes of SAT solvers. The comprehensive experimental evaluation of our implementation compares both (i) the impact of adopting semantics based on different kinds of repairs, and (ii) the relative performances of alternative procedures for the same semantics.
Semantic Scholar venue: Description Logics
Publication types: JournalArticle
Fields of study: Computer Science"
1130,"Title: A Novel Automata-Theoretic Approach to Timeline-Based Planning.
Venue: kr
Authors: Juncao Li
Abstract: A novel automata-theoretic characterisation of timeline-based planning is presented where the existence of a plan is shown to be equivalent to the nonemptiness of the language recognised by a nondeterministic finite-state automaton that suitably encodes all the problem constraints (timelines and synchronisation rules).
Semantic Scholar venue: International Conference on Principles of Knowledge Representation and Reasoning
Publication types: JournalArticle|Conference
Fields of study: Computer Science"
1555,"Title: Strided Difference Bound Matrices.
Venue: cav
Authors: Arjun Pitchanathan, Albert Cohen, Oleksandr Zinenko, Tobias Grosser
Abstract: Abstract A wide range of symbolic analysis and optimization problems can be formalized using polyhedra. Sub-classes of polyhedra, also known as sub-polyhedral domains, are sought for their lower space and time complexity. We introduce the Strided Difference Bound Matrix (SDBM) domain, which represents a sweet spot in the context of optimizing compilers. Its expressiveness and efficient algorithms are particularly well suited to the construction of machine learning compilers. We present decision algorithms, abstract domain operators and computational complexity proofs for SDBM. We also conduct an empirical study with the MLIR compiler framework to validate the domain’s practical applicability. We characterize a sub-class of SDBMs that frequently occurs in practice, and demonstrate even faster algorithms on this sub-class."
1487,"Title: Automated Verification of Monotonic Data Structure Traversals in C.
Venue: cav
Authors: Matthew Sotoudeh
Abstract: Bespoke data structure operations are common in real-world C code. We identify one common subclass, monotonic data structure traversals (MDSTs), that iterate monotonically through the structure. For example, strlen iterates from start to end of a character array until a null byte is found, and a binary search tree insert iterates from the tree root towards a leaf. We describe a new automated verification tool, Shrinker, to verify MDSTs written in C. Shrinker uses a new program analysis strategy called scapegoating size descent, which is designed to take advantage of the fact that many MDSTs produce very similar traces when executed on an input (e.g., some large list) as when executed on a 'shrunk' version of the input (e.g., the same list but with its first element deleted). We introduce a new benchmark set containing over one hundred instances proving correctness, equivalence, and memory safety properties of dozens of MDSTs found in major C codebases including Linux, NetBSD, OpenBSD, QEMU, Git, and Musl. Shrinker significantly increases the number of monotonic string and list traversals that can be verified vs. a portfolio of state-of-the-art tools.
Semantic Scholar venue: International Conference on Computer Aided Verification
Publication types: JournalArticle|Conference
Fields of study: Computer Science"
2041,"Title: Multi-Band Vehicle to Vehicle Channel Measurements from 6 GHz to 60 GHz at &quot;T&quot; Intersection.
Venue: cav
Authors: Diego Dupleich, Robert Muller, Christian Schneider, Sergii Skoblikov, Jian Luo, Mate Boban, Giovanni Del Galdo, Reiner Thoma
Abstract: We introduce simultaneous multi-band ultra wideband double-directional measurements at 6.75 GHz, 30 GHz, and 60 GHz in a corner scenario at a ""T"" intersection in an urban environment. We analyse the influence of the dynamics from LOS to NLOS on the large-scale parameters, showing that the propagation channel offers similar scattering opportunities at the sub-6 GHz and the mm-wave bands. In addition, we discuss the possibility of utilizing the directional information from sub-6 GHz to steer beams in the mm-waves bands.
Semantic Scholar venue: Connected and Automated Vehicles Symposium
Publication types: JournalArticle
Fields of study: Physics|Computer Science"
1931,"Title: A MEC-assisted Vehicle Platooning Control through Docker Containers.
Venue: cav
Authors: Salvatore Dabbene, Christopher Lehmann, Claudia Campolo, Antonella Molinaro, Frank H. P. Fitzek
Abstract: The Multi-access Edge Computing (MEC) paradigm allows several automotive applications to be offloaded from the vehicles to the edge. Besides a higher computation capability, compared to the on-board vehicle, and the shorter latency, compared to the remote cloud, the edge offers additional (context) information that is not directly available at the vehicle, e.g., via data fusion from multiple sources. In this paper we propose a high-level architecture for MEC-assisted platooning control. Within the architecture, the longitudinal controller is conceived as a virtualized application running on an edge server, and aligned with the European Telecommunications Standard Institute (ETSI) MEC reference framework. Performance assessment conducted through a realistic simulation framework, coupling a vehicular mobility simulator and Docker containers, showcases the feasibility and effectiveness of our proposal.
Semantic Scholar venue: Connected and Automated Vehicles Symposium
Publication types: JournalArticle
Fields of study: Computer Science"
1349,"Title: Evaluation of Disjunctive Programs in WASP.
Venue: lpnmr
Authors: Dietmar Seipel, Hans Argenton
Abstract: The new version of wasp includes several improvements of the main solving strategies and advanced reasoning techniques for computing paracoherent answer sets, including ad-hoc techniques to efficiently handle disjunctive logic programs.
Semantic Scholar venue: International Conference on Logic Programming and Non-Monotonic Reasoning
Publication types: JournalArticle
Fields of study: Computer Science"
725,"Title: Relating Abstract and Structured Accounts of Argumentation Dynamics: the Case of Expansions.
Venue: kr
Authors: Henry Prakken
Abstract: This paper proposes a structured variant in ASPIC+ of the notion of expansions of abstract argumentation frameworks. The purpose of this is threefold: studying what it takes to instantiate the abstract notion of expansions with a structured account of argumentation, studying to which extent assumptions implicitly made at the abstract level hold for structured instantiations and studying which potentially interesting distinctions can be made at the structured level that cannot be expressed at the abstract level.
Semantic Scholar venue: International Conference on Principles of Knowledge Representation and Reasoning
Publication types: JournalArticle|Conference
Fields of study: Computer Science"
1006,"Title: Local vs. Global Interpretability of Machine Learning Models in Type 2 Diabetes Mellitus Screening.
Venue: kr
Authors: Leon Kopitar, Leona Cilar, Primoz Kocbek, Gregor Stiglic
Abstract: The prospects of using local interpretation techniques to improve the interpretability of prediction models in the era of personalized healthcare are outlined and a strong contribution of features like age, gender and BMI are found on the global interpretation level.
Semantic Scholar venue: KR4HC/ProHealth/TEAAM@AIME
Publication types: JournalArticle
Fields of study: Computer Science"
989,"Title: Neuro-Symbolic Probabilistic Argumentation Machines.
Venue: kr
Authors: Regis Riveret, Son Tran, Artur d'Avila Garcez
Abstract: Neural-symbolic systems combine the strengths of neural networks and symbolic formalisms. In this paper, we introduce a neural-symbolic system which combines restricted Boltzmann machines and probabilistic semi-abstract argumentation. We propose to train networks on argument labellings explaining the data, so that any sampled data outcome is associated with an argument labelling. Argument labellings are integrated as constraints within restricted Boltzmann machines, so that the neural networks are used to learn probabilistic dependencies amongst argument labels. Given a dataset and an argumentation graph as prior knowledge, for every example/case K in the dataset, we use a so-called K-maxconsistent labelling of the graph, and an explanation of case K refers to a K-maxconsistent labelling of the given argumentation graph. The abilities of the proposed system to predict correct labellings were evaluated and compared with standard machine learning techniques. Experiments revealed that such argumentation Boltzmann machines can outperform other classification models, especially in noisy settings.
Semantic Scholar venue: International Conference on Principles of Knowledge Representation and Reasoning
Publication types: JournalArticle|Conference
Fields of study: Computer Science"
2265,"Title: Rahft: A Tool for Verifying Horn Clauses Using Abstract Interpretation and Finite Tree Automata.
Venue: cav
Authors: Bishoksan Kafle, John P. Gallagher, José F. Morales
Abstract: Rahft loosely combines three powerful techniques for program verification: program specialisation, abstract interpretation, and trace abstraction refinement in a non-trivial way, with the aim of exploiting their strengths and mitigating their weaknesses through the complementary techniques.
Semantic Scholar venue: International Conference on Computer Aided Verification
Publication types: JournalArticle|Conference
Fields of study: Computer Science"
1969,"Title: On the Complexity of Checking Consistency for Replicated Data Types.
Venue: cav
Authors: Ranadeep Biswas, Michael Emmi, Constantin Enea
Abstract: Recent distributed systems have introduced variations of familiar abstract data types (ADTs) like counters, registers, flags, and sets, that provide high availability and partition tolerance. These conflict-free replicated data types (CRDTs) utilize mechanisms to resolve the effects of concurrent updates to replicated data. Naturally these objects weaken their consistency guarantees to achieve availability and partition-tolerance, and various notions of weak consistency capture those guarantees.
Semantic Scholar venue: International Conference on Computer Aided Verification
Publication types: JournalArticle|Conference
Fields of study: Computer Science"
2562,"Title: When Locality Meets Preservation.
Venue: lics
Authors: Aliaume Lopez
Abstract: This paper investigates the expressiveness of a fragment of first-order sentences in Gaifman normal form, namely the positive Boolean combinations of basic local sentences. We show that they match exactly the first-order sentences preserved under local elementary embeddings, thus providing a new general preservation theorem and extending the Łós-Tarski Theorem. This full preservation result fails as usual in the finite, and we show furthermore that the naturally related decision problems are undecidable. In the more restricted case of preservation under extensions, it nevertheless yields new well-behaved classes of finite structures: we show that preservation under extensions holds if and only if it holds locally.
Semantic Scholar venue: Logic in Computer Science
Publication types: JournalArticle|Book|Conference
Fields of study: Computer Science"
2959,"Title: Foundations of information integration under bag semantics.
Venue: lics
Authors: Andre Hernich, Phokion G. Kolaitis
Abstract: During the past several decades, the database theory community has successfully investigated several different facets of the principles of database systems, including the development of various data models, the systematic exploration of the expressive power of database query languages, and, more recently, the study of the foundations of information integration via schema mappings. For the most part, all these investigations have been carried out under set semantics, that is, both the database relations and the answers to database queries are sets. In contrast, SQL deploys bag (multiset) semantics and, as a result, theory and practice diverge at this crucial point. Our main goal in this paper is to embark on the development of the foundations of information integration under bag semantics, thus taking the first step towards bridging the gap between theory and practice in this area. Our first contribution is conceptual, namely, we give rigorous bag semantics to GLAV mappings and to the certain answers of conjunctive queries in the context of data exchange and data integration. In fact, we introduce and explore two different versions of bag semantics that, intuitively, correspond to the maximum-based union of bags and to the sum-based union of bags. After this, we establish a number of technical results, including results about the computational complexity of the certain answers of conjunctive queries under bag semantics and about the existence and computation of universal solutions under these two versions of bag semantics. Our results reveal that the adoption of more realistic semantics comes at a price, namely, algorithmic problems in data exchange and data integration that were tractable under set semantics become intractable under bag semantics.
Semantic Scholar venue: Logic in Computer Science
Publication types: JournalArticle
Fields of study: Computer Science"
2102,"Title: Synthesizing Reactive Systems from Hyperproperties.
Venue: cav
Authors: Bernd Finkbeiner, Christopher Hahn, Philip Lukert, Marvin Stenger, Leander Tentrup
Abstract: We study the reactive synthesis problem for hyperproperties given as formulas of the temporal logic HyperLTL. Hyperproperties generalize trace properties, i.e., sets of traces, to sets of sets of traces. Typical examples are information-flow policies like noninterference, which stipulate that no sensitive data must leak into the public domain. Such properties cannot be expressed in standard linear or branching-time temporal logics like LTL, CTL, or CTL\(^*\). We show that, while the synthesis problem is undecidable for full HyperLTL, it remains decidable for the \(\exists ^*\), \(\exists ^*\forall ^1\), and the \( linear \;\forall ^*\) fragments. Beyond these fragments, the synthesis problem immediately becomes undecidable. For universal HyperLTL, we present a semi-decision procedure that constructs implementations and counterexamples up to a given bound. We report encouraging experimental results obtained with a prototype implementation on example specifications with hyperproperties like symmetric responses, secrecy, and information-flow.
Semantic Scholar venue: International Conference on Computer Aided Verification
Publication types: JournalArticle|Conference
Fields of study: Computer Science"
933,"Title: Towards a Framework for Visual Intelligence in Service Robotics: Epistemic Requirements and Gap Analysis.
Venue: kr
Authors: Agnese Chiatti, Enrico Motta, Enrico Daga
Abstract: A key capability required by service robots operating in real-world, dynamic environments is that of Visual Intelligence, i.e., the ability to use their vision system, reasoning components and background knowledge to make sense of their environment. In this paper, we analyze the epistemic requirements for Visual Intelligence, both in a top-down fashion, using existing frameworks for human-like Visual Intelligence in the literature, and from the bottom up, based on the errors emerging from object recognition trials in a real-world robotic scenario. Finally, we use these requirements to evaluate current Knowledge Bases for Service Robotics and to identify gaps in the support they provide for Visual Intelligence. These gaps provide the basis of a research agenda for developing more effective knowledge representations for Visual Intelligence.
Semantic Scholar venue: International Conference on Principles of Knowledge Representation and Reasoning
Publication types: JournalArticle|Conference
Fields of study: Computer Science"
1648,"Title: NNV 2.0: The Neural Network Verification Tool.
Venue: cav
Authors: Hoang-Dung Tran, Diego Manzanas Lopez, Xiaodong Yang, Patrick Musau, Luan Viet Nguyen, Weiming Xiang, Stanley Bak, Taylor T. Johnson
Abstract: Abstract This manuscript presents the updated version of the Neural Network Verification (NNV) tool. NNV is a formal verification software tool for deep learning models and cyber-physical systems with neural network components. NNV was first introduced as a verification framework for feedforward and convolutional neural networks, as well as for neural network control systems. Since then, numerous works have made significant improvements in the verification of new deep learning models, as well as tackling some of the scalability issues that may arise when verifying complex models. In this new version of NNV, we introduce verification support for multiple deep learning models, including neural ordinary differential equations, semantic segmentation networks and recurrent neural networks, as well as a collection of reachability methods that aim to reduce the computation cost of reachability analysis of complex neural networks. We have also added direct support for standard input verification formats in the community such as VNNLIB (verification properties), and ONNX (neural networks) formats. We present a collection of experiments in which NNV verifies safety and robustness properties of feedforward, convolutional, semantic segmentation and recurrent neural networks, as well as neural ordinary differential equations and neural network control systems. Furthermore, we demonstrate the capabilities of NNV against a commercially available product in a collection of benchmarks from control systems, semantic segmentation, image classification, and time-series data.
Semantic Scholar venue: International Conference on Computer Aided Verification
Publication types: JournalArticle|Conference
Fields of study: Computer Science"
1132,"Title: Extension Enforcement under Grounded Semantics in Abstract Argumentation.
Venue: kr
Authors: Duy Hung Nguyen, Van-Nam Huynh
Abstract: The study of dynamics in abstract argumentation gives rise to optimization problems that are NP-hard also under the grounded semantics, in contrast to argument acceptance prob- lems over argumentation frameworks (AF). Developing ef-ﬁcient systems for AF reasoning under grounded semantics has received less attention compared to other central AF semantics under which acceptance is NP-hard. In particular, grounded semantics is not currently supported by recent systems for extension enforcement, despite (or due to) its non- triviality. In this work, we propose and empirically evaluate three ﬁrst approaches to enforcement under grounded seman- tics. While each of the approaches is based on employing constraint optimization solvers, we show empirically that there are signiﬁcant differences in the scalability of the approaches.
Semantic Scholar venue: International Conference on Principles of Knowledge Representation and Reasoning
Publication types: JournalArticle|Conference
Fields of study: Computer Science"
2912,"Title: Descriptive Complexity for counting complexity classes.
Venue: lics
Authors: , Martín Alonso, Muñoz Cruces
Abstract: Descriptive Complexity has been very successful in characterizing complexity classes of decision problems in terms of the properties definable in some logics. However, descriptive complexity for counting complexity classes, such as FP and #P, has not been systematically studied, and it is not as developed as its decision counterpart. In this paper, we propose a framework based on Weighted Logics to address this issue. Specifically, by focusing on the natural numbers we obtain a logic called Quantitative Second Order Logics (QSO), and show how some of its fragments can be used to capture fundamental counting complexity classes such as FP, #P and FPSPACE, among others. We also use QSO to define a hierarchy inside #P, identifying counting complexity classes with good closure and approximation properties, and which admit natural complete problems. Finally, we add recursion to QSO, and show how this extension naturally captures lower counting complexity classes such as #L.
Semantic Scholar venue: Logic in Computer Science
Publication types: JournalArticle
Fields of study: Computer Science|Mathematics"
1602,"Title: Computer Aided Verification - 36th International Conference, CAV 2024, Montreal, QC, Canada, July 24-27, 2024, Proceedings, Part II
Venue: cav
Authors: 
Abstract: Abstract When validated neural networks (NNs) are pruned (and retrained) before deployment, it is desirable to prove that the new NN behaves equivalently to the (original) reference NN. To this end, our paper revisits the idea of differential verification which performs reasoning on differences between NNs: On the one hand, our paper proposes a novel abstract domain for differential verification admitting more efficient reasoning about equivalence. On the other hand, we investigate empirically and theoretically which equivalence properties are (not) efficiently solved using differential reasoning. Based on the gained insights, and following a recent line of work on confidence-based verification, we propose a novel equivalence property that is amenable to Differential Verification while providing guarantees for large parts of the input space instead of small-scale guarantees constructed w.r.t. predetermined input points. To this end, we propose an improved approach for (approximately) constraining an NN’s softmax confidence. We implement our approach in a new tool called VeryDiff and perform an extensive evaluation on numerous old and new benchmark families, including new pruned NNs for particle jet classification in the context of CERN’s LHC where we observe median speedups $$&gt;300\times $$ <mml:math xmlns:mml=""http://www.w3.org/1998/Math/MathML""> <mml:mrow> <mml:mo>&gt;</mml:mo> <mml:mn>300</mml:mn> <mml:mo>×</mml:mo> </mml:mrow> </mml:math> over the State-of-the-Art verifier $$\alpha ,\beta $$ <mml:math xmlns:mml=""http://www.w3.org/1998/Math/MathML""> <mml:mrow> <mml:mi>α</mml:mi> <mml:mo>,</mml:mo> <mml:mi>β</mml:mi> </mml:mrow> </mml:math> -CROWN.
Semantic Scholar venue: Lecture Notes in Computer Science
Publication types: Book"
1627,"Title: Supporting Standardization of Neural Networks Verification with VNNLIB and CoCoNet.
Venue: cav
Authors: Stefano Demarchi, Dario Guidotti, Luca Pulina, Armando Tacchella
Abstract: The interest in the verification of neural networks has been growing steadily in recent years and there have been several advancements in theory, algorithms and tools for the verification of neural networks. Also propelled by VNNCOMP — the annual competition of tools for the verification of neural networks — the community is making steady progress to close the gap with practical applications. In this scenario, we believe that researchers and practitioners should rely on some commonly accepted standard to describe (trained) networks and their properties, as well as a toolset to visualize and to convert from common formats to such standard. The purpose of VNN-LIB and CoCoNet is precisely to provide such standard and toolset, respectively. In this paper we briefly describe the principles and design choices behind the current version of VNN-LIB standard, and we give an overview of the current and planned capabilities of CoCoNet.
Semantic Scholar venue: FoMLAS@CAV
Publication types: JournalArticle|Review
Fields of study: Computer Science"
1302,"Title: Modal Logic S5 in Answer Set Programming with Lazy Creation of Worlds.
Venue: lpnmr
Authors: Mario Alviano, Sotiris Batsakis, George Baryannis
Semantic Scholar venue: International Conference on Logic Programming and Non-Monotonic Reasoning
Publication types: JournalArticle
Fields of study: Computer Science"
1910,"Title: Must Fault Localization for Program Repair.
Venue: cav
Authors: Bat-Chen Rothenberg, Orna Grumberg
Abstract: This work is concerned with fault localization for automated program repair. We define a novel concept of a must location set. Intuitively, such a set includes at least one program location from every repair for a bug. Thus, it is impossible to fix the bug without changing at least one location from this set. A fault localization technique is considered a must algorithm if it returns a must location set for every buggy program and every bug in the program. We show that some traditional fault localization techniques are not must. We observe that the notion of must fault localization depends on the chosen repair scheme, which identifies the changes that can be applied to program statements as part of a repair. We develop a new algorithm for fault localization and prove that it is must with respect to commonly used schemes in automated program repair. We incorporate the new fault localization technique into an existing mutation-based program repair algorithm. We exploit it in order to prune the search space when a buggy mutated program has been generated. Our experiments show that must fault localization is able to significantly speed-up the repair process, without losing any of the potential repairs.
Semantic Scholar venue: International Conference on Computer Aided Verification
Publication types: JournalArticle|Conference
Fields of study: Computer Science"
1208,"Title: Regular Open APIs.
Venue: kr
Authors: Tarun Telang
Abstract: This paper makes the assumption that the semantics of services is specified by means of one of the most basic formalisms used in Computer Science, namely, regular languages, and gets a rich analysis framework, where composition shows similarities to conformant and conditional planning.
Semantic Scholar venue: International Conference on Principles of Knowledge Representation and Reasoning
Publication types: JournalArticle|Conference
Fields of study: Computer Science"
1109,"Title: Qualitative Representation and Reasoning over Direction Relations across Different Frames of Reference.
Venue: kr
Authors: 
Abstract: This paper provides the spatial constraint language DAF m that can represent and compose direction relations across different FoRs; and the foundations for deciding the overall consistency.
Semantic Scholar venue: International Conference on Principles of Knowledge Representation and Reasoning
Publication types: JournalArticle|Conference
Fields of study: Computer Science"
908,"Title: Reasoning with Contextual Knowledge and Influence Diagrams.
Venue: kr
Authors: Erman Acar, Rafael Peñaloza
Abstract: Influence diagrams (IDs) are well-known formalisms, which extend Bayesian networks to model decision situations under uncertainty. Although they are convenient as a decision theoretic tool, their knowledge representation ability is limited in capturing other crucial notions such as logical consistency. In this article, we complement IDs with the light-weight description logic (DL) EL to overcome such limitations. We consider a setup where DL axioms hold in some contexts, yet the actual context is uncertain. The framework benefits from the convenience of using DL as a domain knowledge representation language and the modelling strength of IDs to deal with decisions over contexts in the presence of contextual uncertainty. We define related reasoning problems and study their computational complexity.
Semantic Scholar venue: International Conference on Principles of Knowledge Representation and Reasoning
Publication types: JournalArticle|Conference
Fields of study: Computer Science"
2819,"Title: Impredicative Encodings of (Higher) Inductive Types.
Venue: lics
Authors: Steve Awodey, Jonas Frey, Sam Speight
Abstract: Postulating an impredicative universe in dependent type theory allows System F style encodings of finitary inductive types, but these fail to satisfy the relevant η-equalities and consequently do not admit dependent eliminators. To recover η and dependent elimination, we present a method to construct refinements of these impredicative encodings, using ideas from homotopy type theory. We then extend our method to construct impredicative encodings of some higher inductive types, such as 1-truncation and the unit circle S1.
Semantic Scholar venue: Logic in Computer Science
Publication types: JournalArticle|Book|Conference
Fields of study: Mathematics|Computer Science"
2106,"Title: The JKind Model Checker.
Venue: cav
Authors: Andrew Gacek, John Backes, Mike Whalen, Lucas Wagner, Elaheh Ghassabani
Abstract: JKind is an open-source industrial model checker developed by Rockwell Collins and the University of Minnesota. JKind uses multiple parallel engines to prove or falsify safety properties of infinite state models. It is portable, easy to install, performance competitive with other state-of-the-art model checkers, and has features designed to improve the results presented to users: inductive validity cores for proofs and counterexample smoothing for test-case generation. It serves as the back-end for various industrial applications.
Semantic Scholar venue: International Conference on Computer Aided Verification
Publication types: JournalArticle|Conference
Fields of study: Mathematics|Computer Science"
899,"Title: Augmenting Logic-based Knowledge Graphs: The Case of Company Graphs.
Venue: kr
Authors: Aditya Malusare
Abstract: The Bank of Italy owns the database of Italian companies that contains details about shareholding structures, and a graph-based view of the database sees ownership as the core concept.
Semantic Scholar venue: KR4L@ECAI
Publication types: JournalArticle
Fields of study: Computer Science"
2262,"Title: Falsification of Dynamical Systems - An Industrial Perspective.
Venue: cav
Authors: Thomas Heinz
Abstract: A number of applications that are interesting from an industrial perspective are illustrated, and it is pointed out how robustness could become even more versatile in the engineering process.
Semantic Scholar venue: NSV@CAV
Publication types: JournalArticle
Fields of study: Computer Science"
1429,"Title: INTERLEAVE: A Faster Symbolic Algorithm for Maximal End Component Decomposition.
Venue: cav
Authors: Suguman Bansal, Ramneet Singh
Abstract: This paper presents a novel symbolic algorithm for the Maximal End Component (MEC) decomposition of a Markov Decision Process (MDP). The key idea behind our algorithm INTERLEAVE is to interleave the computation of Strongly Connected Components (SCCs) with eager elimination of redundant state-action pairs, rather than performing these computations sequentially as done by existing state-of-the-art algorithms. Even though our approach has the same complexity as prior works, an empirical evaluation of INTERLEAVE on the standardized Quantitative Verification Benchmark Set demonstrates that it solves 19 more benchmarks (out of 379) than the closest previous algorithm. On the 149 benchmarks that prior approaches can solve, we demonstrate a 3.81x average speedup in runtime.
Semantic Scholar venue: International Conference on Computer Aided Verification
Publication types: JournalArticle|Conference
Fields of study: Computer Science"
828,"Title: Parallelisable Existential Rules: a Story of Pieces.
Venue: kr
Authors: Maxime Buron, Marie-Laure Mugnier, Michaël Thomazo
Abstract: In this paper, we consider existential rules, an expressive formalism well adapted to the representation of ontological knowledge, as well as data-to-ontology mappings in the context of ontology-based data integration. 

The chase is a fundamental tool to do reasoning with existential rules as it computes all the facts entailed by the rules from a database instance. We introduce parallelisable sets of existential rules, for which the chase can be computed in a single breadth-first step from any instance. The question we investigate is the characterization of such rule sets. We show that parallelisable rule sets are exactly those rule sets both bounded for the chase and belonging to a novel class of rules, called pieceful. The pieceful class includes in particular frontier-guarded existential rules and (plain) datalog. We also give another characterization of parallelisable rule sets in terms of rule composition based on rewriting.
Semantic Scholar venue: International Conference on Principles of Knowledge Representation and Reasoning
Publication types: JournalArticle|Conference
Fields of study: Computer Science"
1900,"Title: Authenticated Data Structures as Functors in Isabelle/HOL.
Venue: cav
Authors: Alexander Jensen
Abstract: This work shows how to formally and reason about authenticated data structures, their inclusion proofs, and operations thereon as datatypes in Isabelle/HOL and model the hierarchical transactions of Canton, a practical interoperability protocol for distributed ledgers, as authenticated data structures.
Semantic Scholar venue: FMBC@CAV
Publication types: JournalArticle
Fields of study: Computer Science"
1368,"Title: A Sequent-Type Calculus for Three-Valued Default Logic, Or: Tweety Meets Quartum Non Datur.
Venue: lpnmr
Authors: Sopo Pkhakadze, Hans Tompits
Abstract: This paper introduces a sequent-type calculus for a variant of default logic employing Łukasiewicz’s three-valued logic as the underlying base logic, and axiomatises brave reasoning for this version ofdefault logic.
Semantic Scholar venue: International Conference on Logic Programming and Non-Monotonic Reasoning
Publication types: JournalArticle
Fields of study: Computer Science"
767,"Title: ALASPO: An Adaptive Large-Neighbourhood ASP Optimiser.
Venue: kr
Authors: Thomas Eiter, Tobias Geibinger, Nelson Higuera, Nysret Musliu, Johannes Oetsch, Daria Stepanova
Abstract: We present the system ALASPO which implements Adaptive Large-neighbourhood search for Answer Set Programming (ASP) Optimisation. Large-neighbourhood search (LNS) is a meta-heuristic where parts of a solution are destroyed and reconstructed in an attempt to improve an overall objective. ALASPO currently supports the ASP solver clingo, as well as its extensions clingo-dl and clingcon for difference and full integer constraints, and multi-shot solving for an efficient implementation of the LNS loop. Neighbourhoods can be defined in code or declaratively as part of the ASP encoding. While the method underlying ALASPO has been described in previous work, ALASPO also incorporates portfolios for the LNS operators along with self-adaptive selection strategies as a technical novelty. This improves usability considerably at no loss of solution quality, but on the contrary often yields benefits. To demonstrate this, we evaluate ALASPO on different optimisation benchmarks.
Semantic Scholar venue: International Conference on Principles of Knowledge Representation and Reasoning
Publication types: JournalArticle|Conference
Fields of study: Computer Science"
849,"Title: Abduction in EL via Translation to FOL.
Venue: kr
Authors: Fajar Haifani, Patrick Koopmann, Sophie Tourret, Christoph Weidenbach
Abstract: A technique for performing TBox abduction in the description logic EL by converting the input problem into formulas on which a prime implicate generation technique is applied, then EL hypotheses are reconstructed by combining the generated positive and negative implicates.
Semantic Scholar venue: SOQE@KR
Publication types: JournalArticle
Fields of study: Computer Science"
1442,"Title: Verifying PETSc Vector Components Using CIVL.
Venue: cav
Authors: Venkata Dhavala, Jan Hückelheim, Paul D. Hovland, Stephen F. Siegel
Abstract: Abstract This paper presents a modular approach to verifying the vector module of PETSc, a widely used library in scientific computing, using the CIVL model checker. Our approach relies on the creation of stub functions, which serve a dual purpose of specifying the intended behavior of individual PETSc functions and providing an abstraction for called functions to allow efficient verification of callers. This facilitates the use of symbolic execution and model checking to establish the correctness of isolated functions. Our work contributes to the ongoing effort to enhance the reliability of high-performance computing libraries and proposes an effective verification strategy for complex scientific software.
Semantic Scholar venue: International Conference on Computer Aided Verification
Publication types: JournalArticle|Conference
Fields of study: Computer Science"
2693,"Title: A tale of intersection types.
Venue: lics
Authors: Viviana Bono, Mariangiola Dezani-Ciancaglini
Abstract: Intersection types have come a long way since their introduction in the Seventies. They have been exploited for characterising behaviours of λ-terms and π-calculus processes, building λ-models, verifying properties of higher-order programs, synthesising code, and enriching the expressivity of programming languages. This paper is a light overview of intersection types and some of their applications.
Semantic Scholar venue: Logic in Computer Science
Publication types: Book|JournalArticle|Conference|Review
Fields of study: Computer Science"
2947,"Title: Static analysis of deterministic negotiations.
Venue: lics
Authors: Javier Esparza, Anca Muscholl, Igor Walukiewicz
Abstract: Negotiation diagrams are a model of concurrent computation akin to workflow Petri nets. Deterministic negotiation diagrams, equivalent to the much studied and used free-choice workflow Petri nets, are surprisingly amenable to verification. Soundness (a property close to deadlock-freedom) can be decided in PTIME. Further, other fundamental questions like computing summaries or the expected cost, can also be solved in PTIME for sound deterministic negotiation diagrams, while they are PSPACE-complete in the general case.
Semantic Scholar venue: Logic in Computer Science
Publication types: JournalArticle
Fields of study: Computer Science"
1925,"Title: Systematic Generation of Diverse Benchmarks for DNN Verification.
Venue: cav
Authors: Dong Xu, David Shriver, Matthew B. Dwyer, Sebastian Elbaum
Abstract: The field of verification has advanced due to the interplay of theoretical development and empirical evaluation. Benchmarks play an important role in this by supporting the assessment of the state-of-the-art and comparison of alternative verification approaches. Recent years have witnessed significant developments in the verification of deep neural networks, but diverse benchmarks representing the range of verification problems in this domain do not yet exist. This paper describes a neural network verification benchmark generator, GDVB, that systematically varies aspects of problems in the benchmark that influence verifier performance. Through a series of studies, we illustrate how GDVB can assist in advancing the sub-field of neural network verification by more efficiently providing richer and less biased sets of verification problems.
Semantic Scholar venue: International Conference on Computer Aided Verification
Publication types: JournalArticle|Conference
Fields of study: Computer Science"
2062,"Title: Alternative Intersection Designs with Connected and Automated Vehicle.
Venue: cav
Authors: Zijia Zhong, Earl E. Lee
Abstract: Alternative intersection designs (AIDs) can improve the performance of an intersection by not only reducing the number of signal phases but also change the configuration of the conflicting points by re-routing traffic. However the AID studies have rarely been extended to Connected and Automated Vehicle (CAV) which is expected to revolutionize our transportation system. In this study, we investigate the potential benefits of CAV to two AIDs: the diverging diamond interchange (DDI) and the restricted crossing U-turn intersection. The potential enhancements of AID, CAV, and the combination of both are quantified via microscopic traffic simulation. We found that CAV is able to positively contribute to the performance of an intersection. However, converting an existing conventional diamond interchange (CDI) to a diverging one is a more effective way according to the simulation results. DDI improves the throughput of a CDI by 950 vehicles per hour, a near 20% improvement; whereas with full penetration of CAV, the throughput of a CDI is increased only by 300 vehicles per hour. A similar trend is observed in the average delay per vehicle as well. Furthermore, we assess the impact for the driver's confusion, a concern for deploying AIDs, on the traffic flow. According to the ANOVA test, the negative impacts of driver's confusion are of statistical significance.
Semantic Scholar venue: Connected and Automated Vehicles Symposium
Publication types: JournalArticle
Fields of study: Computer Science|Engineering"
987,"Title: Concept Contraction in the Description Logic EL.
Venue: kr
Authors: Tjitze Rienstra, Claudia Schon, Steffen Staab
Abstract: In this paper we study the problem of concept contraction for the description logic EL. Concept contraction is concerned with the following question: Given two concepts C and D (with the interesting case being that D subsumes C) how can we find a generalisation of C that is not subsumed by D but is otherwise as similar as possible to C? We take an AGM-style approach and model this problem using the notion of a concept contraction operator. We consider constructive definitions as well as sets of postulates for concept contraction,and link the two by means of representation theorems.
Semantic Scholar venue: International Conference on Principles of Knowledge Representation and Reasoning
Publication types: JournalArticle|Conference
Fields of study: Computer Science"
2354,"Title: Algebraic and algorithmic synergies between promise and infinite-domain CSPs.
Venue: lics
Authors: Antoine Mottet
Abstract: We establish a framework that allows us to transfer results between some constraint satisfaction problems with infinite templates and promise constraint satisfaction problems. On the one hand, we obtain new algebraic results for infinite-domain CSPs giving new criteria for NP-hardness. On the other hand, we show the existence of promise CSPs with finite templates that reduce naturally to tractable infinite-domain CSPs in the scope of the Bodirsky-Pinsker conjecture, but that are not finitely tractable, thereby showing a non-trivial connection between those two fields of research. In an important part of our proof, we also obtain uniform polynomial-time algorithms solving temporal constraint satisfaction problems.
Semantic Scholar venue: Logic in Computer Science
Publication types: JournalArticle
Fields of study: Computer Science"
3018,"Title: Rewriting modulo symmetric monoidal structure.
Venue: lics
Authors: Filippo Bonchi, Fabio Gadducci, Aleks Kissinger, Paweł Sobociński, Fabio Zanasi
Abstract: String diagrams are a powerful and intuitive graphical syntax for terms of symmetric monoidal categories (SMCs). They find many applications in computer science and are becoming increasingly relevant in other fields such as physics and control theory.An important role in many such approaches is played by equational theories of diagrams, typically oriented and applied as rewrite rules. This paper lays a comprehensive foundation for this form of rewriting. We interpret diagrams combinatorially as typed hypergraphs and establish the precise correspondence between diagram rewriting modulo the laws of SMCs on the one hand and double pushout (DPO) rewriting of hypergraphs, subject to a soundness condition called convexity, on the other. This result rests on a more general characterisation theorem in which we show that typed hypergraph DPO rewriting amounts to diagram rewriting modulo the laws of SMCs with a chosen special Frobenius structure.We illustrate our approach with a proof of termination for the theory of non-commutative bimonoids.
Semantic Scholar venue: Logic in Computer Science
Publication types: Book|JournalArticle
Fields of study: Mathematics|Computer Science"
2577,"Title: Evidenced Frames: A Unifying Framework Broadening Realizability Models.
Venue: lics
Authors: Liron Cohen, Etienne Miquey, Ross Tate
Abstract: Constructive foundations have for decades been built upon realizability models for higher-order logic and type theory. However, traditional realizability models have a rather limited notion of computation, which only supports non-termination and avoids many other commonly used effects. Work to address these limitations has typically overlaid structure on top of existing models, such as by using powersets to represent non-determinism, but kept the realizers themselves deterministic. This paper alternatively addresses these limitations by making the structure underlying realizability models more flexible. To this end, we introduce evidenced frames: a general-purpose framework for building realizability models that support diverse effectful computations. We demonstrate that this flexibility permits models wherein the realizers themselves can be effectful, such as λ-terms that can manipulate state, reduce non-deterministically, or fail entirely. Beyond the broader notions of computation, we demonstrate that evidenced frames form a unifying framework for (realizability) models of higher-order dependent predicate logic. In particular, we prove that evidenced frames are complete with respect to these models, and that the existing completeness construction for implicative algebras—another foundational framework for realizability—factors through our simpler construction. As such, we conclude that evidenced frames offer an ideal domain for unifying and broadening realizability models.
Semantic Scholar venue: Logic in Computer Science
Publication types: JournalArticle|Book
Fields of study: Computer Science"
1082,"Title: A General Approach to Reasoning with Probabilities - Extended Abstract.
Venue: kr
Authors: Federico Cerutti, Matthias Thimm
Abstract: A general scheme for adding probabilistic reasoning capabilities to any knowledge representation formalism is proposed.
Semantic Scholar venue: International Conference on Principles of Knowledge Representation and Reasoning
Publication types: JournalArticle|Conference
Fields of study: Computer Science"
2144,"Title: Quantitative Assume Guarantee Synthesis.
Venue: cav
Authors: Jan Oliver Ringert
Abstract: In assume-guarantee synthesis, we are given a specification \(\langle A,G \rangle \), describing an assumption on the environment and a guarantee for the system, and we construct a system that interacts with an environment and is guaranteed to satisfy G whenever the environment satisfies A. While assume-guarantee synthesis is 2EXPTIME-complete for specifications in LTL, researchers have identified the \(\text {GR(1)}\) fragment of LTL, which supports assume-guarantee reasoning and for which synthesis has an efficient symbolic solution. In recent years we see a transition to quantitative synthesis, in which the specification formalism is multi-valued and the goal is to generate high-quality systems, namely ones that maximize the satisfaction value of the specification.
Semantic Scholar venue: International Conference on Computer Aided Verification
Publication types: JournalArticle|Conference
Fields of study: Computer Science"
2880,"Title: Enriching a Linear/Non-linear Lambda Calculus: A Programming Language for String Diagrams.
Venue: lics
Authors: Bert Lindenhovius, Michael Mislove, Vladimir Zamdzhiev
Abstract: Linear/non-linear (LNL) models, as described by Benton, soundly model a LNL term calculus and LNL logic closely related to intuitionistic linear logic. Every such model induces a canonical enrichment that we show soundly models a LNL lambda calculus for string diagrams, introduced by Rios and Selinger (with primary application in quantum computing). Our abstract treatment of this language leads to simpler concrete models compared to those presented so far. We also extend the language with general recursion and prove soundness. Finally, we present an adequacy result for the diagram-free fragment of the language which corresponds to a modified version of Benton and Wadler's adjoint calculus with recursion.
Semantic Scholar venue: Logic in Computer Science
Publication types: Book|JournalArticle|Conference
Fields of study: Mathematics|Computer Science|Physics"
1626,"Title: The Vehicle Tutorial: Neural Network Verification with Vehicle.
Venue: cav
Authors: Matthew Daggitt, Wen Kokke, Ekaterina Komendantskaya, Robert Atkey, Luca Arnaboldi, Natalia Slusarz, Marco Casadio, Ben Coke, Jeonghyeon Lee
Abstract: Machine learning components, such as neural networks, gradually make their way into software; and, when the software is critically safe, the machine learning components must be verifiably safe. This gives rise to the problem of neural network verification. The community has been making rapid progress in developing methods for incorporating logical specifications into neural networks, both in training and verification. However, to truly unlock the ability to verify real-world neural network-enhanced systems we believe the following is necessary:1. The specification should be written once and should automatically work with training and verification tools. 2. The specification should be written in a manner independent of any particular neural network training/inference platform. 3. The specification should be able to be written as a high-level property over the problem space, rather than a property over the input space (of the neural network). 4. After verification the specification should be exportable to general interactive theorem provers so that its proof can be incorporated into proofs about the larger systems around the neural network.In this tutorial we presented Vehicle, a tool that allows users to do all of this. We provided an introduction to the Vehicle specification language, and then walked attendees through using it to express a variety of famous and not-so-famous specifications. Subsequently we demonstrate how a specification can be compiled down to i) queries for network verifiers, ii) Tensorflow graphs to be used as loss functions during training and iii) cross-compiled to Agda, a main-stream interactive theorem prover. Finally we discussed some of the technical challenges in the implementation as well as some of the outstanding problems.
Semantic Scholar venue: FoMLAS@CAV
Publication types: JournalArticle|Review
Fields of study: Computer Science"
1400,"Title: NoHR: Integrating XSB Prolog with the OWL 2 Profiles and Beyond.
Venue: lpnmr
Authors: Carlos Lopes, Matthias Knorr, João Leite
Abstract: The latest, substantially improved, version of NoHR is presented, a reasoner designed to answer queries over hybrid theories composed of an OWL ontology in Description Logics and a set of non-monotonic rules in Logic Programming.
Semantic Scholar venue: International Conference on Logic Programming and Non-Monotonic Reasoning
Publication types: JournalArticle
Fields of study: Computer Science"
1051,"Title: Automatically Identifying Drug Conflicts in Clinical Practice Guidelines.
Venue: kr
Authors: Martin P Eccles, Jeremy M Grimshaw, Paul Shekelle, Holger J Schünemann, Steven Woolf
Abstract: This paper presents a solution that represents CPGs as Computer-Interpretable Guidelines (CIGs) and allows for the automatic drug conflict identification and resolution and provides clinical recommendations in an agenda, being capable of identifying drug interactions when drugs are prescribed simultaneously and provide conflict-free alternatives.
Semantic Scholar venue: MedRACER+WOMoCoE@KR
Publication types: JournalArticle
Fields of study: Computer Science|Medicine"
2603,"Title: From Finite-Valued Nondeterministic Transducers to Deterministic Two-Tape Automata.
Venue: lics
Authors: Elisabet Burjons, Fabian Frei, Martin Raszyk
Abstract: The question whether P equals NP revolves around the discrepancy between active production and mere verification by Turing machines. In this paper, we examine the analogous problem for finite transducers and automata. Every nondeterministic finite transducer defines a binary relation associating each input word with all output words that the transducer can successfully produce on the given input. Finite-valued transducers are those for which there is a finite upper bound on the number of output words that the relation associates with every input word. We characterize finite-valued, functional, and unambiguous nondeterministic transducers whose relations can be verified by a deterministic two-tape automaton, show how to construct such an automaton if one exists, and prove the undecidability of the criterion.
Semantic Scholar venue: Logic in Computer Science
Publication types: JournalArticle|Book
Fields of study: Computer Science"
1135,"Title: Continuous Dynamical Systems for Weighted Bipolar Argumentation.
Venue: kr
Authors: Marie-Christine Lagasquie-Schiex
Abstract: The model’s axiomatic properties complement existing approaches and gives sufficient conditions under which successive update procedures can be transformed to well-defined dynamical systems with similar guarantees easily.
Semantic Scholar venue: International Conference on Principles of Knowledge Representation and Reasoning
Publication types: JournalArticle|Conference
Fields of study: Computer Science"
2452,"Title: Quantifying Over Trees in Monadic Second-Order Logic.
Venue: lics
Authors: Massimo Benerecetti, Laura Bozzelli, Fabio Mogavero, Adriano Peron
Abstract: Monadic Second-Order Logic (MSO) extends First-Order Logic (FO) with variables ranging over sets and quantifications over those variables. We introduce and study Monadic Tree Logic (MTL), a fragment of MSO interpreted on infinite-tree models, where the sets over which the variables range are arbitrary subtrees of the original model. We analyse the expressiveness of MTL compared with variants of MSO and MPL, namely MSO with quantifications over paths. We also discuss the connections with temporal logics, by providing non-trivial fragments of the Graded µ-CALCULUS that can be embedded into MTL and by showing that MTL is enough to encode temporal logics for reasoning about strategies with FO-definable goals.
Semantic Scholar venue: Logic in Computer Science
Publication types: JournalArticle
Fields of study: Computer Science|Mathematics"
1482,"Title: Lean-Auto: An Interface Between Lean 4 and Automated Theorem Provers.
Venue: cav
Authors: Yicheng Qian, Joshua Clune, Clark Barrett, Jeremy Avigad
Abstract: Proof automation is crucial to large-scale formal mathematics and software/hardware verification projects in ITPs. Sophisticated tools called hammers have been developed to provide general-purpose proof automation in ITPs such as Coq and Isabelle, leveraging the power of ATPs. An important component of a hammer is the translation algorithm from the ITP's logical system to the ATP's logical system. In this paper, we propose a novel translation algorithm for ITPs based on dependent type theory. The algorithm is implemented in Lean 4 under the name Lean-auto. When combined with ATPs, Lean-auto provides general-purpose, ATP-based proof automation in Lean 4 for the first time. Soundness of the main translation procedure is guaranteed, and experimental results suggest that our algorithm is sufficiently complete to automate the proof of many problems that arise in practical uses of Lean 4. We also find that Lean-auto solves more problems than existing tools on Lean 4's math library Mathlib4.
Semantic Scholar venue: International Conference on Computer Aided Verification
Publication types: JournalArticle|Conference
Fields of study: Computer Science"
2206,"Title: Logical Clustering and Learning for Time-Series Data.
Venue: cav
Authors: John C. Porcello
Abstract: In order to effectively analyze and build cyberphysical systems (CPS), designers today have to combat the data deluge problem, i.e., the burden of processing intractably large amounts of data produced by complex models and experiments. In this work, we utilize monotonic parametric signal temporal logic (PSTL) to design features for unsupervised classification of time series data. This enables using off-the-shelf machine learning tools to automatically cluster similar traces with respect to a given PSTL formula. We demonstrate how this technique produces interpretable formulas that are amenable to analysis and understanding using a few representative examples. We illustrate this with case studies related to automotive engine testing, highway traffic analysis, and auto-grading massively open online courses.
Semantic Scholar venue: International Conference on Computer Aided Verification
Publication types: JournalArticle|Conference
Fields of study: Computer Science"
1282,"Title: Reasoning and Explanation Generation in Ad Hoc Collaboration Between Humans and Embodied AI.
Venue: lpnmr
Authors: Hasra Dodampegama, Mohan Sridharan
Abstract: This work extends an architecture to enable an ad hoc embodied AI agent to collaborate with a human performing household tasks in a complex indoor environment, focusing on the ad hoc agent’s ability to identify and reason with relevant knowledge, and provide relational descriptions as explanations of its behavior and that of the human.
Semantic Scholar venue: International Conference on Logic Programming and Non-Monotonic Reasoning
Publication types: JournalArticle
Fields of study: Computer Science"
1500,"Title: D-Hammer: Efficient Equational Reasoning for Labelled Dirac Notation.
Venue: cav
Authors: Yingte Xu, Li Zhou, Gilles Barthe
Abstract: Labelled Dirac notation is a formalism commonly used by physicists to represent many-body quantum systems and by computer scientists to assert properties of quantum programs. It is supported by a rich equational theory for proving equality between expressions in the language. These proofs are typically carried on pen-and-paper, and can be exceedingly long and error-prone. We introduce D-Hammer, the first tool to support automated equational proof for labelled Dirac notation. The salient features of D-Hammer include: an expressive, higher-order, dependently-typed language for labelled Dirac notation; an efficient normalization algorithm; and an optimized C++ implementation. We evaluate the implementation on representative examples from both plain and labelled Dirac notation. In the case of plain Dirac notation, we show that our implementation significantly outperforms DiracDec.
Semantic Scholar venue: International Conference on Computer Aided Verification
Publication types: JournalArticle|Conference
Fields of study: Computer Science"
1992,"Title: Termination of Triangular Integer Loops is Decidable.
Venue: cav
Authors: Florian Frohn, Jürgen Giesl
Abstract: We consider the problem whether termination of affine integer loops is decidable. Since Tiwari conjectured decidability in 2004, only special cases have been solved. We complement this work by proving decidability for the case that the update matrix is triangular.
Semantic Scholar venue: International Conference on Computer Aided Verification
Publication types: JournalArticle|Conference
Fields of study: Mathematics|Computer Science"
1114,"Title: Specifying Plausibility Levels for Iterated Belief Change in the Situation Calculus.
Venue: kr
Authors: Steven Shapiro, Maurice Pagnucco, Yves Lespérance, Hector J. Levesque
Abstract: It is argued that a perspicuous approach is to measure plausibility by counting the abnormalities in a situation (similarly to cardinality-based circumscription) and model changing plausibility levels in a natural and simple way, which gives a flexible approach for handling belief change about predicted and unpredicted exogenous actions.
Semantic Scholar venue: International Conference on Principles of Knowledge Representation and Reasoning
Publication types: JournalArticle|Conference
Fields of study: Computer Science"
769,"Title: Public and Private Affairs in Strategic Reasoning.
Venue: kr
Authors: Nathanaël Fijalkow, Bastien Maubert, Aniello Murano, Sasha Rubin, Moshe Vardi
Abstract: Do agents know each others’ strategies? In multi-process software construction, each process has access to the processes already constructed; but in typical human-robot interactions, a human may not announce its strategy to the robot (indeed, the human may not even know their own strategy). This question has often been overlooked when modeling and reasoning about multi-agent systems. In this work, we study how it impacts strategic reasoning.

To do so we consider Strategy Logic (SL), a well-established and highly expressive logic for strategic reasoning. Its usual semantics, which we call “white-box semantics”, models systems in which agents “broadcast” their strategies. By adding imperfect information to the evaluation games for the usual semantics, we obtain a new semantics called “black-box semantics”, in which agents keep their strategies private. We consider the model-checking problem and show that the black-box semantics has much lower complexity than white-box semantics for an important fragment of Strategy Logic.
Semantic Scholar venue: International Conference on Principles of Knowledge Representation and Reasoning
Publication types: JournalArticle|Conference
Fields of study: Computer Science"
2828,"Title: Regular and First-Order List Functions.
Venue: lics
Authors: Mikołaj Bojańczyk, Laure Daviaud, Shankara Narayanan Krishna
Abstract: We define two classes of functions, called regular (respectively, first-order) list functions, which manipulate objects such as lists, lists of lists, pairs of lists, lists of pairs of lists, etc. The definition is in the style of regular expressions: the functions are constructed by starting with some basic functions (e.g. projections from pairs, or head and tail operations on lists) and putting them together using four combinators (most importantly, composition of functions). Our main results are that first-order list functions are exactly the same as first-order transductions, under a suitable encoding of the inputs; and the regular list functions are exactly the same as MSO-transductions.
Semantic Scholar venue: Logic in Computer Science
Publication types: JournalArticle|Book|Conference
Fields of study: Mathematics|Computer Science"
2988,"Title: Separation for dot-depth two.
Venue: lics
Authors: Thomas Place, Marc Zeitoun
Abstract: The dot-depth hierarchy of Brzozowski and Cohen is a classification of all first-order definable languages. It rose to prominence following the work of Thomas, who established an exact correspondence with the quantifier alternation hierarchy of first-order logic: each level contains languages that can be defined with a prescribed number of quantifier blocks. One of the most famous open problems in automata theory is to obtain membership algorithms for all levels in this hierarchy.
Semantic Scholar venue: Logic in Computer Science
Publication types: JournalArticle
Fields of study: Computer Science|Mathematics"
2259,"Title: RV-Match: Practical Semantics-Based Program Analysis.
Venue: cav
Authors: Dwight Guth, Chris Hathhorn, Manasvi Saxena, Grigore Roşu
Abstract: RV-Match, a tool for checking C programs for undefined behavior and other common programmer mistakes, is presented, extracted from the most complete formal semantics of the C11 language.
Semantic Scholar venue: International Conference on Computer Aided Verification
Publication types: JournalArticle|Conference
Fields of study: Computer Science"
2237,"Title: The Commutativity Problem of the MapReduce Framework: A Transducer-Based Approach.
Venue: cav
Authors: Yu-Fang Chen, Lei Song, Zhilin Wu
Abstract: MapReduce is a popular programming model for data parallel computation. In MapReduce, the reducer produces an output from a list of inputs. Due to the scheduling policy of the platform, the inputs may arrive at the reducers in different order. The commutativity problem of reducers asks if the output of a reducer is independent of the order of its inputs. Although the problem is undecidable in general, the MapReduce programs in practice are usually used for data analytics and thus require very simple control flow. By exploiting the simplicity, we propose a programming language for reducers where the commutativity problem is decidable. The main idea of the reducer language is to separate the control and data flow of programs and disallow arithmetic operations in the control flow. The decision procedure for the commutativity problem is obtained through a reduction to the equivalence problem of streaming numerical transducers (SNTs), a novel automata model over infinite alphabets introduced in this paper. The design of SNTs is inspired by streaming transducers (Alur and Cerny, POPL 2011). Nevertheless, the two models are intrinsically different since the outputs of SNTs are integers while those of streaming transducers are data words. The decidability of the equivalence of SNTs is achieved with an involved combinatorial analysis of the evolvement of the values of the integer variables during the runs of SNTs.
Semantic Scholar venue: International Conference on Computer Aided Verification
Publication types: JournalArticle|Conference
Fields of study: Computer Science"
2121,"Title: Btor2 , BtorMC and Boolector 3.0.
Venue: cav
Authors: Aina Niemetz, Mathias Preiner, Clifford Wolf, Armin Biere
Abstract: Btor2, a word-level model checking format for capturing models of hardware and potentially software in a bit-precise manner, is described and supported by the new open source model checker BtorMC, which is built on top of version 3.0 of the SMT solver Boolector.
Semantic Scholar venue: International Conference on Computer Aided Verification
Publication types: JournalArticle|Conference
Fields of study: Computer Science"
2597,"Title: Canonical Polymorphisms of Ramsey Structures and the Unique Interpolation Property.
Venue: lics
Authors: Manuel Bodirsky, Bertalan Bodor
Abstract: Constraint satisfaction problems for first-order reducts of finitely bounded homogeneous structures form a large class of computational problems that might exhibit a complexity dichotomy, P versus NP-complete. A powerful method to obtain polynomial-time tractability results for such CSPs is a certain reduction to polynomial-time tractable finite-domain CSPs de-fined over k-types, for a sufficiently large k. We give sufficient conditions when this method can be applied and illustrate how to use the general results to prove a new complexity dichotomy for first-order expansions of the basic relations of the spatial reasoning formalism RCC5.
Semantic Scholar venue: Logic in Computer Science
Publication types: JournalArticle|Book
Fields of study: Computer Science|Mathematics"
2767,"Title: Realizability in the Unitary Sphere.
Venue: lics
Authors: Alejandro Diaz-Caro, Mauricio Guillermo, Alexandre Miquel, Benoit Valiron
Abstract: In this paper we present a semantics for a linear algebraic lambda-calculus based on realizability. This semantics characterizes a notion of unitarity in the system, answering a long standing issue. We derive from the semantics a set of typing rules for a simply-typed linear algebraic lambda-calculus, and show how it extends both to classical and quantum lambda-calculi.
Semantic Scholar venue: Logic in Computer Science
Publication types: JournalArticle
Fields of study: Computer Science|Mathematics"
2593,"Title: A Constructive Logic with Classical Proofs and Refutations.
Venue: lics
Authors: Pablo Barenbaum, Teodoro Freund
Abstract: We study a conservative extension of classical propositional logic distinguishing between four modes of statement: a proposition may be affirmed or denied, and it may be strong or classical. Proofs of strong propositions must be constructive in some sense, whereas proofs of classical propositions proceed by contradiction. The system, in natural deduction style, is shown to be sound and complete with respect to a Kripke semantics. We develop the system from the perspective of the propositions-as-types correspondence by deriving a term assignment system with confluent reduction. The proof of strong normalization relies on a translation to System F with Mendler-style recursion.
Semantic Scholar venue: Logic in Computer Science
Publication types: JournalArticle|Book
Fields of study: Computer Science"
2878,"Title: A modal μ perspective on solving parity games in quasi-polynomial time.
Venue: lics
Authors: Karoliina Lehtinen
Abstract: We present a new quasi-polynomial algorithm for solving parity games. It is based on a new bisimulation invariant measure of complexity for parity games, called the register-index, which captures the complexity of the priority assignment. For fixed parameter k, the class of games with register-index bounded by k is solvable in polynomial time. We show that the register-index of parity games of size n is bounded by O(log n) and derive a quasi-polynomial algorithm. Finally, we give a descriptive complexity account of the quasi-polynomial complexity of parity games: The winning regions of parity games with p priorities and register-index k are described by a modal μ formula of which the complexity, as measured by its alternation depth, depends on k rather than p.
Semantic Scholar venue: Logic in Computer Science
Publication types: Book|JournalArticle|Conference
Fields of study: Computer Science|Mathematics"
1427,"Title: Policy Verification in Stochastic Dynamical Systems Using Logarithmic Neural Certificates.
Venue: cav
Authors: Thom Badings, Wietze Koops, Sebastian Junges, Nils Jansen
Abstract: We consider the verification of neural network policies for discrete-time stochastic systems with respect to reach-avoid specifications. We use a learner-verifier procedure that learns a certificate for the specification, represented as a neural network. Verifying that this neural network certificate is a so-called reach-avoid supermartingale (RASM) proves the satisfaction of a reach-avoid specification. Existing approaches for such a verification task rely on computed Lipschitz constants of neural networks. These approaches struggle with large Lipschitz constants, especially for reach-avoid specifications with high threshold probabilities. We present two key contributions to obtain smaller Lipschitz constants than existing approaches. First, we introduce logarithmic RASMs (logRASMs), which take exponentially smaller values than RASMs and hence have lower theoretical Lipschitz constants. Second, we present a fast method to compute tighter upper bounds on Lipschitz constants based on weighted norms. Our empirical evaluation shows we can consistently verify the satisfaction of reach-avoid specifications with probabilities as high as 99.9999%.
Semantic Scholar venue: International Conference on Computer Aided Verification
Publication types: JournalArticle|Conference
Fields of study: Computer Science|Engineering"
2061,"Title: Cooperative Perception in Connected Vehicle Traffic under Field-of-View and Participation Variations.
Venue: cav
Authors: DoHyun Daniel Yoon, G. G. Md. Nawaz Ali, Beshah Ayalew
Abstract: Connected vehicles can improve on their perception of their environment beyond their local sensorsâ€™ field-of-view (FoV) by constructing and maintaining state estimates of out of FoV objects from communicated information. This paper outlines a decentralized cooperative perception framework with a vehicle-to-vehicle (V2V) communication model that considers intermittent communications as well as with a model that takes into account dynamic changes in an individual vehicleâ€™s sensorsâ€™ FoV in accordance with the prevailing traffic conditions. In this framework, each vehicle asynchronously broadcasts its local perception consisting of estimates of the motion states of self and neighboring vehicles along with the corresponding uncertainty measures of the estimates. Each participating receiver vehicle acts as an independent fusing node where data association and fusion occur. To evaluate the performance of the proposed cooperative perception scheme, we adapt and use the optimal subpattern assignment (OSPA) metric. Ground truth data were obtained from microscopic traffic simulation of multi-lane highway scenarios at different traffic conditions and varying rates of participation of the vehicles in the cooperative perception scheme. The results showed that the proposed cooperative perception scheme achieves the lowest OSPA error at moderate participation rates. In our settings, the minima occur near 30% participation for moderate to high traffic flow settings, and the OSPA error seems insensitive to traffic density near this minimum at all traffic flow settings tested.
Semantic Scholar venue: Connected and Automated Vehicles Symposium
Publication types: JournalArticle
Fields of study: Computer Science"
1211,"Title: Using Defeasible Information to Obtain Coherence.
Venue: kr
Authors: G. Antoniou, M. Arief
Abstract: It is shown how the introduction of defeasible information using contraction operators can be an effective means for obtaining coherence in a propositional knowledge base using techniques from Belief Change.
Semantic Scholar venue: International Conference on Principles of Knowledge Representation and Reasoning
Publication types: JournalArticle|Conference
Fields of study: Computer Science"
1467,"Title: Panini: An Efficient and Flexible Knowledge Compiler.
Venue: cav
Authors: Yong Lai, Kuldeep S. Meel, Roland H. C. Yap
Abstract: Abstract Knowledge compilation (KC) involves compiling propositional constraints into tractable target languages which in turn efficiently support multiple analyses or queries of the constraints. Solving these queries plays a crucial role in the synthesis and verification of hardware and software systems. Recently, we proposed the target language, Constrained Conjunction &amp; Decision Diagrams (CCDD), experimentally shown to be promising for individual model counting queries. Here, we present the compiler, $$\textsf{Panini}$$ <mml:math xmlns:mml=""http://www.w3.org/1998/Math/MathML""> <mml:mi>Panini</mml:mi> </mml:math> , which compiles CNF into CCDD. $$\textsf{Panini}$$ <mml:math xmlns:mml=""http://www.w3.org/1998/Math/MathML""> <mml:mi>Panini</mml:mi> </mml:math> supports a range of queries. We present an empirical evaluation focusing on two fundamental queries, uniform sampling and (multiple) model counting, with a wide range of applications. While counting and sampling have witnessed significant performance improvements over the years, scalability still remains the primary challenge. Our evaluation over 600 instances from model counting competitions 2022–2024 show that $$\textsf{Panini}$$ <mml:math xmlns:mml=""http://www.w3.org/1998/Math/MathML""> <mml:mi>Panini</mml:mi> </mml:math> achieves state of art compilation by solving 322 instances, which is 183, 148, and 38 more than Dsharp, miniC2D, and D4 respectively. Secondly, on repetitive tasks, $$\textsf{Panini}$$ <mml:math xmlns:mml=""http://www.w3.org/1998/Math/MathML""> <mml:mi>Panini</mml:mi> </mml:math> solves 53 and 50 more instances than ExactMC and SharpSAT-TD for model counting, and 175 and 132 more instances than SPUR and KUS for uniform sampling, respectively.
Semantic Scholar venue: International Conference on Computer Aided Verification
Publication types: JournalArticle|Conference
Fields of study: Computer Science"
929,"Title: Rational Defeasible Belief Change.
Venue: kr
Authors: Giovanni Casini, Thomas Meyer, Ivan Varzinczak
Abstract: We present a formal framework for modelling belief change within a nonmonotonic reasoning system. Belief change and non-monotonic reasoning are two areas that are formally closely related, with recent attention being paid towards the analysis of belief change within a non-monotonic environment. In this paper we consider the classical AGM belief change operators, contraction and revision, applied to a defeasible setting in the style of Kraus, Lehmann, and Magidor. The investigation leads us to the consideration of the problem of iterated change, generalising the classical work of Darwiche and Pearl. We characterise a family of operators for iterated revision, followed by an analogous characterisation of operators for iterated contraction. We start considering belief change operators aimed at preserving logical consistency, and then characterise analogous operators aimed at the preservation of coherence—an important notion within the field of logic-based ontologies.
Semantic Scholar venue: International Conference on Principles of Knowledge Representation and Reasoning
Publication types: JournalArticle|Conference
Fields of study: Computer Science"
1244,"Title: Commonsense Causal Reasoning between Short Texts.
Venue: kr
Authors: 
Abstract: A framework that automatically harvests a network of causal-effect terms from a large web corpus is proposed that outperforms all previously reported results in the standard SE-MEVAL COPA task by substantial margins.
Semantic Scholar venue: International Conference on Principles of Knowledge Representation and Reasoning
Publication types: JournalArticle|Conference
Fields of study: Computer Science"
1419,"Title: Answer Set Programming with Graded Modality.
Venue: lpnmr
Authors: Zhizheng Zhang
Abstract: A new approach to evaluating graded modalities in ASP is defined such that ASP(^{\text {GM}}\) is compatible with ASP\(^{KM}}\) as well as ASP (^{\ text {NOT}}\) at the semantic level.
Semantic Scholar venue: International Conference on Logic Programming and Non-Monotonic Reasoning
Publication types: JournalArticle
Fields of study: Computer Science|Mathematics"
1321,"Title: A Qualitative Temporal Extension of Here-and-There Logic.
Venue: lpnmr
Authors: Thomas Eiter, Patrik Schneider
Semantic Scholar venue: International Conference on Logic Programming and Non-Monotonic Reasoning
Publication types: JournalArticle
Fields of study: Computer Science"
1747,"Title: VPN: Verification of Poisoning in Neural Networks.
Venue: cav
Authors: Youcheng Sun, Muhammad Usman, Divya Gopinath, Corina S. Păsăreanu
Abstract: Neural networks are successfully used in a variety of applications, many of them having safety and security concerns. As a result researchers have proposed formal verification techniques for verifying neural network properties. While previous efforts have mainly focused on checking local robustness in neural networks, we instead study another neural network security issue, namely data poisoning. In this case an attacker inserts a trigger into a subset of the training data, in such a way that at test time, this trigger in an input causes the trained model to misclassify to some target class. We show how to formulate the check for data poisoning as a property that can be checked with off-the-shelf verification tools, such as Marabou and nneum, where counterexamples of failed checks constitute the triggers. We further show that the discovered triggers are `transferable' from a small model to a larger, better-trained model, allowing us to analyze state-of-the art performant models trained for image classification tasks.
Semantic Scholar venue: NSV/FoMLAS@CAV
Publication types: JournalArticle
Fields of study: Computer Science"
1569,"Title: Enchanting Program Specification Synthesis by Large Language Models Using Static Analysis and Program Verification.
Venue: cav
Authors: Cheng Wen, Jialun Cao, Jie Su, Zhiwu Xu, Shengchao Qin, Mengda He, Haokun Li, Shing-Chi Cheung, Cong Tian
Abstract: Formal verification provides a rigorous and systematic approach to ensure the correctness and reliability of software systems. Yet, constructing specifications for the full proof relies on domain expertise and non-trivial manpower. In view of such needs, an automated approach for specification synthesis is desired. While existing automated approaches are limited in their versatility, i.e., they either focus only on synthesizing loop invariants for numerical programs, or are tailored for specific types of programs or invariants. Programs involving multiple complicated data types (e.g., arrays, pointers) and code structures (e.g., nested loops, function calls) are often beyond their capabilities. To help bridge this gap, we present AutoSpec, an automated approach to synthesize specifications for automated program verification. It overcomes the shortcomings of existing work in specification versatility, synthesizing satisfiable and adequate specifications for full proof. It is driven by static analysis and program verification, and is empowered by large language models (LLMs). AutoSpec addresses the practical challenges in three ways: (1) driving \name by static analysis and program verification, LLMs serve as generators to generate candidate specifications, (2) programs are decomposed to direct the attention of LLMs, and (3) candidate specifications are validated in each round to avoid error accumulation during the interaction with LLMs. In this way, AutoSpec can incrementally and iteratively generate satisfiable and adequate specifications. The evaluation shows its effectiveness and usefulness, as it outperforms existing works by successfully verifying 79% of programs through automatic specification synthesis, a significant improvement of 1.592x. It can also be successfully applied to verify the programs in a real-world X509-parser project.
Semantic Scholar venue: International Conference on Computer Aided Verification
Publication types: JournalArticle|Conference
Fields of study: Computer Science"
1908,"Title: STMC: Statistical Model Checker with Stratified and Antithetic Sampling.
Venue: cav
Authors: Nima Roohi, Yu Wang, Matthew West, Geir E. Dullerud, Mahesh Viswanathan
Abstract: is a statistical model checker that uses antithetic and stratified sampling techniques to reduce the number of samples and, hence, the amount of time required before making a decision. The tool is capable of statistically verifying any black-box probabilistic system that can simulate, against probabilistic bounds on any property that can evaluate over individual executions of the system. We have evaluated our tool on many examples and compared it with both symbolic and statistical algorithms. When the number of strata is large, our algorithms reduced the number of samples more than 3 times on average. Furthermore, being a statistical model checker makes able to verify models that are well beyond the reach of current symbolic model checkers. On large systems (up to \documentclass[12pt]{minimal} \usepackage{amsmath} \usepackage{wasysym} \usepackage{amsfonts} \usepackage{amssymb} \usepackage{amsbsy} \usepackage{mathrsfs} \usepackage{upgreek} \setlength{\oddsidemargin}{-69pt} \begin{document}$$10^{14}$$\end{document} states) was able to check 100% of benchmark systems, compared to existing symbolic methods in , which only succeeded on 13% of systems. The tool, installation instructions, benchmarks, and scripts for running the benchmarks are all available online as open source.
Semantic Scholar venue: International Conference on Computer Aided Verification
Publication types: JournalArticle|Conference
Fields of study: Computer Science"
1074,"Title: Towards Lazy Grounding with Lazy Normalization in Answer-Set Programming - Extended Abstract.
Venue: kr
Authors: Jori Bomanson, Tomi Janhunen, Antonius Weinzierl
Abstract: This work proposes a framework to handle aggregates by normalizing them on demand during the lazy grounding process; it is feasible for different types of aggregates and can bring about up-to exponential gains in space and time.
Semantic Scholar venue: International Conference on Principles of Knowledge Representation and Reasoning
Publication types: JournalArticle|Conference
Fields of study: Computer Science"
1814,"Title: Formally Verified Switching Logic for Recoverability of Aircraft Controller.
Venue: cav
Authors: Ratan Lal, Aaron McKinnis, Dustin Hauptman, Shawn Keshmiri, Pavithra Prabhakar
Abstract: In this paper, we investigate the design of a safe hybrid controller for an aircraft that switches between a classical linear quadratic regulator (LQR) controller and a more intelligent artificial neural network (ANN) controller. Our objective is to switch safely between
 the controllers, such that the aircraft is always recoverable within a fixed amount of time while allowing the maximum time of operation for the ANN controller. There is a priori known safety zone for the LQR controller operation in which the aircraft never stalls, over accelerates, or exceeds maximum structural loading, and hence, by switching to the LQR controller just before exiting this zone, one can guarantee safety. However, this priori known safety zone is conservative, and therefore, limits the time of operation for the ANN controller. We apply reachability analysis to expand the known safety zone, such that the LQR controller will always be able to drive the aircraft back to the safe zone from the expanded zone (“recoverable zone"") within a fixed duration. The “recoverable zone"" extends the time of operation of the ANN controller. We perform simulations using the hybrid controller corresponding to the recoverable zone and observe that the design is indeed safe.
Semantic Scholar venue: International Conference on Computer Aided Verification
Publication types: JournalArticle|Conference
Fields of study: Computer Science"
723,"Title: Argumentative Reasoning in ASPIC+ under Incomplete Information.
Venue: kr
Authors: Daphne Odekerken, Tuomo Lehtonen, Johannes P. Wallner, Matti Järvisalo
Abstract: Reasoning under incomplete information is an important research direction in the study of computational argumentation. Most advances in this direction so far have focused on abstract argumentation frameworks. In particular, development of computational approaches to reasoning under incomplete information in structured formalisms remains to a large extent a challenge. We address this challenge by studying the problems of determining stability and relevance—with the aim of analyzing aspects of resilience of acceptance statuses in light of new information—in the central structured formalism of ASPIC+ . The specific ASPIC+ instantiation and grounded argumentation semantics we focus on are motivated by current applications in criminal investigation at the Netherlands Police. Our contributions consist of a theoretical analysis of the complexity of deciding stability and relevance as well as first exact algorithms for reasoning about stability and relevance in incomplete ASPIC+ theories. In terms of complexity results, we show that deciding stability is coNP-complete for incomplete ASPIC+ when assuming a preference ordering on defeasible rules via the last-link ordering, while deciding relevance is significantly more complex, namely NP^NP-complete. Complementing the complexity results, we develop practical algorithms for deciding stability and relevance based on the declarative paradigm of answer set programming (ASP). Furthermore, we provide an open-source implementation of the algorithms, and show empirically that the implementation exhibits promising scalability on both real-world and synthetic data. Our exact approach to stability is competitive with a previously proposed inexact approach, and the run times of our algorithms for both stability and relevance are sufficiently low on real-world data to be used in online settings."
2500,"Title: Completeness for arbitrary finite dimensions of ZXW-calculus, a unifying calculus.
Venue: lics
Authors: Boldizsár Poór, Quanlong Wang, Razin A. Shaikh, Lia Yeh, Richie Yeung, Bob Coecke
Abstract: The ZX-calculus is a universal graphical language for qubit quantum computation, meaning that every linear map between qubits can be expressed in the ZX-calculus. Furthermore, it is a complete graphical rewrite system: any equation involving linear maps that is derivable in the Hilbert space formalism for quantum theory can also be derived in the calculus by rewriting. It has widespread usage within quantum industry and academia for a variety of tasks such as quantum circuit optimisation, error-correction, and education.The ZW-calculus is an alternative universal graphical language that is also complete for qubit quantum computing. In fact, its completeness was used to prove that the ZX-calculus is universally complete. This calculus has advanced how quantum circuits are compiled into photonic hardware architectures in the industry.Recently, by combining these two calculi, a new calculus has emerged for qubit quantum computation, the ZXW-calculus. Using this calculus, graphical-differentiation, -integration, and -exponentiation were made possible, thus enabling the development of novel techniques in the domains of quantum machine learning and quantum chemistry.Here, we generalise the ZXW-calculus to arbitrary finite dimensions, that is, to qudits. Moreover, we prove that this graphical rewrite system is complete for any finite dimension. This is the first completeness result for any universal graphical language beyond qubits.
Semantic Scholar venue: Logic in Computer Science
Publication types: JournalArticle
Fields of study: Physics|Computer Science"
1710,"Title: Neural Networks in Imandra: Matrix Representation as a Verification Choice.
Venue: cav
Authors: Remi Desmartin, Grant Passmore, Ekaterina Kommendentskaya
Abstract: The demand for formal verification tools for neural networks has increased as neural networks have been deployed in a growing number of safety-critical applications. Matrices are a data structure essential to formalising neural networks. Functional programming languages encourage diverse approaches to matrix definitions. This feature has already been successfully exploited in different applications. The question we ask is whether, and how, these ideas can be applied in neural network verification. A functional programming language Imandra combines the syntax of a functional programming language and the power of an automated theorem prover. Using these two key features of Imandra, we explore how different implementations of matrices can influence automation of neural network verification.
Semantic Scholar venue: NSV/FoMLAS@CAV
Publication types: JournalArticle
Fields of study: Computer Science"
931,"Title: Revision by Conditionals: From Hook to Arrow.
Venue: kr
Authors: Jake Chandler, Richard Booth
Abstract: The belief revision literature has largely focussed on the issue of how to revise one’s beliefs in the light of information regarding matters of fact. Here we turn to an important but comparatively neglected issue: How to model agents capable of acquiring information regarding which rules of inference (‘Ramsey Test conditionals’) they ought to use in reasoning about these facts. Our approach to this second question of so-called ‘conditional revision’ is distinctive insofar as it abstracts from the controversial details of how the address the ﬁrst. We introduce a ‘plug and play’ method for uniquely extending any iterated belief revision operator to the conditional case. The ﬂexibility of our approach is achieved by having the result of a conditional revision by a Ramsey Test conditional (‘arrow’) determined by that of a plain revision by its corresponding material conditional (‘hook’). It is shown to satisfy a number of new constraints that are of independent interest.
Semantic Scholar venue: International Conference on Principles of Knowledge Representation and Reasoning
Publication types: JournalArticle|Conference
Fields of study: Computer Science"
1768,"Title: A Temporal Logic for Asynchronous Hyperproperties.
Venue: cav
Authors: Jan Baumeister, Norine Coenen, Borzoo Bonakdarpour, Bernd Finkbeiner, César Sánchez
Abstract: Hyperproperties are properties of computational systems that require more than one trace to evaluate, e.g., many information-flow security and concurrency requirements. Where a trace property defines a set of traces, a hyperproperty defines a set of sets of traces. The temporal logics HyperLTL and HyperCTL* have been proposed to express hyperproperties. However, their semantics are synchronous in the sense that all traces proceed at the same speed and are evaluated at the same position. This precludes the use of these logics to analyze systems whose traces can proceed at different speeds and allow that different traces take stuttering steps independently. To solve this problem in this paper, we propose an asynchronous variant of HyperLTL. On the negative side, we show that the model-checking problem for this variant is undecidable. On the positive side, we identify a decidable fragment which covers a rich set of formulas with practical applications. We also propose two model-checking algorithms that reduce our problem to the HyperLTL model-checking problem in the synchronous semantics.
Semantic Scholar venue: International Conference on Computer Aided Verification
Publication types: JournalArticle|Conference
Fields of study: Computer Science"
718,"Title: Connecting Proof Theory and Knowledge Representation: Sequent Calculi and the Chase with Existential Rules.
Venue: kr
Authors: Tim S. Lyon, Piotr Ostropolski-Nalewaja
Abstract: Chase algorithms are indispensable in the domain of knowledge base querying, which enable the extraction of implicit knowledge from a given database via applications of rules from a given ontology. Such algorithms have proved beneficial in identifying logical languages which admit decidable query entailment. Within the discipline of proof theory, sequent calculi have been used to write and design proof-search algorithms to identify decidable classes of logics. In this paper, we show that the chase mechanism in the context of existential rules is in essence the same as proof-search in an extension of Gentzen's sequent calculus for first-order logic. Moreover, we show that proof-search generates universal models of knowledge bases, a feature also exhibited by the chase. Thus, we formally connect the main tool for establishing decidability proof-theoretically with a central decidability tool in the context of knowledge representation."
1978,"Title: When Human Intuition Fails: Using Formal Methods to Find an Error in the &quot;Proof&quot; of a Multi-agent Protocol.
Venue: cav
Authors: Jennifer A. Davis, Laura R. Humphrey, Derek B. Kingston
Abstract: Designing protocols for multi-agent interaction that achieve the desired behavior is a challenging and error-prone process. The standard practice is to manually develop proofs of protocol correctness that rely on human intuition and require significant effort to develop. Even then, proofs can have mistakes that may go unnoticed after peer review, modeling and simulation, and testing. The use of formal methods can reduce the potential for such errors. In this paper, we discuss our experience applying model checking to a previously published multi-agent protocol for unmanned air vehicles. The original publication provides a compelling proof of correctness, along with extensive simulation results to support it. However, analysis through model checking found an error in one of the proof’s main lemmas. In this paper, we start by providing an overview of the protocol and its original “proof” of correctness, which represents the standard practice in multi-agent protocol design. We then describe how we modeled the protocol for a three-vehicle system in a model checker, the counterexample it returned, and the insight this counterexample provided. We also discuss benefits, limitations, and lessons learned from this exercise, as well as what future efforts would be needed to fully verify the protocol for an arbitrary number of vehicles.
Semantic Scholar venue: International Conference on Computer Aided Verification
Publication types: JournalArticle|Conference|Review
Fields of study: Computer Science"
1232,"Title: Limiting Logical Violations in Ontology Alignnment Through Negotiation.
Venue: kr
Authors: 
Abstract: This paper presents a dialogical approach to correspondence negotiation, whereby agents not only exchange details of possible correspondences, but also identify potential violations to the consistency and conservativity principles, and shows how agents can repair logical violations during the dialogue by invoking a correspondence repair.
Semantic Scholar venue: International Conference on Principles of Knowledge Representation and Reasoning
Publication types: JournalArticle|Conference
Fields of study: Computer Science"
996,"Title: Modeling Affordances and Functioning for Personalized Robotic Assistance.
Venue: kr
Authors: Alessandro Umbrico, Gabriella Cortellessa, Andrea Orlandini, Amedeo Cesta
Abstract: A key aspect of robotic assistants is their ability to contextualize their behavior according to different needs of assistive scenarios. This work presents an ontology-based 
knowledge representation and reasoning approach supporting the synthesis of personalized behavior of robotic assistants. It introduces an ontological model of health state 
and functioning of persons based on the International Classification of Functioning, Disability and Health. Moreover, it borrows the concepts of affordance and function from the literature of robotics and manufacturing and adapts them to robotic (physical and cognitive) assistance domain. Knowledge reasoning mechanisms are developed 
on top of the resulting ontological model to reason about stimulation capabilities of a robot and health state of a person in order to identify action opportunities and achieve personalized assistance. Experimental tests assess the performance of the proposed approach and its capability of dealing with different profiles and stimuli.
Semantic Scholar venue: International Conference on Principles of Knowledge Representation and Reasoning
Publication types: JournalArticle|Conference
Fields of study: Computer Science"
2791,"Title: Reachability in Vector Addition Systems is Primitive-Recursive in Fixed Dimension.
Venue: lics
Authors: Jerome Leroux, Sylvain Schmitz
Abstract: The reachability problem in vector addition systems is a central question, not only for the static verification of these systems, but also for many inter-reducible decision problems occurring in various fields. The currently best known upper bound on this problem is not primitive-recursive, even when considering systems of fixed dimension. We provide significant refinements to the classical decomposition algorithm of Mayr, Kosaraju, and Lambert and to its termination proof, which yield an ACKERMANN upper bound in the general case, and primitive-recursive upper bounds in fixed dimension. While this does not match the currently best known TOWER lower bound for reachability, it is optimal for related problems.
Semantic Scholar venue: Logic in Computer Science
Publication types: JournalArticle
Fields of study: Computer Science|Mathematics"
1773,"Title: An SMT Solver for Regular Expressions and Linear Arithmetic over String Length.
Venue: cav
Authors: Murphy Berzish, Mitja Kulczynski, Federico Mora, Florin Manea, Joel D. Day, Dirk Nowotka, Vijay Ganesh
Abstract: We present a novel length-aware solving algorithm for the quantifier-free first-order theory over regex membership predicate and linear arithmetic over string length. We implement and evaluate this algorithm and related heuristics in the Z3 theorem prover. A crucial insight that underpins our algorithm is that real-world regex and string formulas contain a wealth of information about upper and lower bounds on lengths of strings, and such information can be used very effectively to simplify operations on automata representing regular expressions. Additionally, we present a number of novel general heuristics, such as the prefix/suffix method, that can be used to make a variety of regex solving algorithms more efficient in practice. We showcase the power of our algorithm and heuristics via an extensive empirical evaluation over a large and diverse benchmark of 57256 regex-heavy instances, almost 75% of which are derived from industrial applications or contributed by other solver developers. Our solver outperforms five other state-of-the-art string solvers, namely, CVC4, OSTRICH, Z3seq, Z3str3, and Z3-Trau, over this benchmark, in particular achieving a speedup of 2.4$$\times $$
 ×
 over CVC4, 4.4$$\times $$
 ×
 over Z3seq, 6.4$$\times $$
 ×
 over Z3-Trau, 9.1$$\times $$
 ×
 over Z3str3, and 13$$\times $$
 ×
 over OSTRICH.
Semantic Scholar venue: International Conference on Computer Aided Verification
Publication types: JournalArticle|Conference
Fields of study: Computer Science"
1011,"Title: Modelling ICU Patients to Improve Care Requirements and Outcome Prediction of Acute Respiratory Distress Syndrome: A Supervised Learning Approach.
Venue: kr
Authors: Mohammed Sayed, David Riaño
Semantic Scholar venue: KR4HC/ProHealth/TEAAM@AIME
Publication types: JournalArticle
Fields of study: Computer Science|Medicine"
2419,"Title: Bounding the Weisfeiler-Leman Dimension via a Depth Analysis of I/R-Trees.
Venue: lics
Authors: Sandra Kiefer, Daniel Neuen
Abstract: The Weisfeiler-Leman (WL) dimension is an established measure for the inherent descriptive complexity of graphs and relational structures. It corresponds to the number of variables that are needed and sufficient to define the object of interest in a counting version of first-order logic (FO). These bounded-variable counting logics were even candidates to capture graph isomorphism, until a celebrated construction due to Cai, Fürer, and Immerman [Combinatorica 1992] showed that Ω(n) variables are required to distinguish all non-isomorphic n-vertex graphs. Still, very little is known about the precise number of variables required and sufficient to define every n-vertex graph. For the bounded-variable (non-counting) FO fragments, Pikhurko, Veith, and Verbitsky [Discret. Appl. Math. 2006] provided an upper bound of [EQUATION] and showed that it is essentially tight. Our main result yields that, in the presence of counting quantifiers, [EQUATION] variables suffice. This shows that counting does allow us to save variables when defining graphs. As an application of our techniques, we also show new bounds in terms of the vertex cover number of the graph. To obtain the results, we introduce a new concept called the WL depth of a graph. We use it to analyze branching trees within the Individualization/Refinement (I/R) paradigm from the domain of isomorphism algorithms. We extend the recursive procedure from the I/R paradigm by the possibility of splitting the graphs into independent parts. Then we bound the depth of the obtained branching trees, which translates into bounds on the WL dimension and thereby on the number of variables that suffice to define the graphs.
Semantic Scholar venue: Logic in Computer Science
Publication types: JournalArticle|Book|Conference
Fields of study: Computer Science|Mathematics"
884,"Title: Projective Beth Definability and Craig Interpolation for Relational Query Optimization (Material to Accompany Invited Talk).
Venue: kr
Authors: Rohit Parikh
Abstract: This talk elaborates on how logic-based approaches can be used to capture both the high-level conceptual views of information and the low-level physical layout of data and presents a relational query optimizer based on Craig interpolation that allows users to compile both queries and updates to low-level code that operates directly over a physical encoding of the data.
Semantic Scholar venue: SOQE@KR
Publication types: JournalArticle
Fields of study: Computer Science"
1824,"Title: Implicit Semi-Algebraic Abstraction for Polynomial Dynamical Systems.
Venue: cav
Authors: Sergio Mover, Alessandro Cimatti, Alberto Griggio, Ahmed Irfan, Stefano Tonetta
Abstract: Semi-algebraic abstraction is an approach to the safety verification problem for polynomial dynamical systems where the state space is partitioned according to the sign of a set of polynomials. Similarly to predicate abstraction for discrete systems, the number of abstract states is exponential in the number of polynomials. Hence, semi-algebraic abstraction is expensive to explicitly compute and then analyze (e.g., to prove a safety property or extract invariants).In this paper, we propose an implicit encoding of the semi-algebraic abstraction, which avoids the explicit enumeration of the abstract states: the safety verification problem for dynamical systems is reduced to a corresponding problem for infinite-state transition systems, allowing us to reuse existing model-checking tools based on Satisfiability Modulo Theory (SMT). The main challenge we solve is to express the semi-algebraic abstraction as a first-order logic formula that is linear in the number of predicates, instead of exponential, thus letting the model checker lazily explore the exponential number of abstract states with symbolic techniques. We implemented the approach and validated experimentally its potential to prove safety for polynomial dynamical systems.
Semantic Scholar venue: International Conference on Computer Aided Verification
Publication types: JournalArticle|Conference
Fields of study: Computer Science"
1986,"Title: Automated Hypersafety Verification.
Venue: cav
Authors: Azadeh Farzan, Anthony Vandikas
Abstract: We propose an automated verification technique for hypersafety properties, which express sets of valid interrelations between multiple finite runs of a program. The key observation is that constructing a proof for a small representative set of the runs of the product program (i.e. the product of the several copies of the program by itself), called a reduction, is sufficient to formally prove the hypersafety property about the program. We propose an algorithm based on a counterexample-guided refinement loop that simultaneously searches for a reduction and a proof of the correctness for the reduction. We demonstrate that our tool Weaver is very effective in verifying a diverse array of hypersafety properties for a diverse class of input programs.
Semantic Scholar venue: International Conference on Computer Aided Verification
Publication types: JournalArticle|Conference
Fields of study: Computer Science"
2037,"Title: Rely-Guarantee Reasoning About Concurrent Memory Management in Zephyr RTOS.
Venue: cav
Authors: Yongwang Zhao, David Sanán
Abstract: Formal verification of concurrent operating systems (OSs) is challenging, and in particular the verification of the dynamic memory management due to its complex data structures and allocation algorithm. Up to our knowledge, this paper presents the first formal specification and mechanized proof of a concurrent buddy memory allocation for a real-world OS. We develop a fine-grained formal specification of the buddy memory management in Zephyr RTOS. To ease validation of the specification and the source code, the provided specification closely follows the C code. Then, we use the rely-guarantee technique to conduct the compositional verification of functional correctness and invariant preservation. During the formal verification, we found three bugs in the C code of Zephyr.
Semantic Scholar venue: International Conference on Computer Aided Verification
Publication types: JournalArticle|Conference
Fields of study: Computer Science"
2962,"Title: Linear combinations of unordered data vectors.
Venue: lics
Authors: Piotr Hofman, Jerome Leroux, Patrick Totzke
Abstract: Data vectors generalise finite multisets: they are finitely supported functions into a commutative monoid. We study the question whether a given data vector can be expressed as a finite sum of others, only assuming that 1) the domain is countable and 2) the given set of base vectors is finite up to permutations of the domain.
Semantic Scholar venue: Logic in Computer Science
Publication types: JournalArticle
Fields of study: Computer Science|Mathematics"
1508,"Title: Computer Aided Verification - 37th International Conference, CAV 2025, Zagreb, Croatia, July 23-25, 2025, Proceedings, Part III
Venue: cav
Authors: 
Abstract: TACO: A Toolsuite for the Verification of Threshold Automata This upload contains the artifact of the CAV 2026 paper ""TACO: A Toolsuite for the Verification of Threshold Automata"" (submission ID 49) submitted to the artifact evaluation. It contains a single `.zip` archive, which at the top level contains README.md : README containing instructions on how to reproduce the results presented in the paper (in Markdown format, which you can also open with just a simple text editor). LICENSE (Apache 2.0) taco.tar: TACO artifact evaluation container image, including the full TACO source code, benchmarks, and build chain bymc.tar: ByMC artifact evaluation container image table2.ods: Table 2 from Appendix C of the paper in the `.ods` format for easier readability src (directory): The source code of the TACO toolsuite You can find more information about the content of the artifact in the README. Additionally, you can find the source code of TACO in the TACO GitHub Repository and you can find the TACO's documentation on the tool page. SHA256 Checksum of `artifact.zip`: eb9881dd7a09909128c67c0da3b47c938fb672707717936525996546fc643b1d
Semantic Scholar venue: Lecture Notes in Computer Science
Publication types: Book"
1032,"Title: Introduction.
Venue: kr
Authors: Elena Faur, Ciprian Speranza
Abstract: Foreword. Preface to the Second Edition. Preface to the Third Edition. Obituary. INTRODUCTION AND THE LINEAR REGRESSION MODEL. What is Econometrics? Statistical Background and Matrix Algebra. Simple Regression. *Multiple Regression. VIOLATION OF THE ASSUMPTIONS OF THE BASIC MODEL. *Heteroskedasticity. *Autocorrelation. Multicollinearity. *Dummy Variables and Truncated Variables. Simultaneous Equations Models. Nonlinear Regression, Models of Expectations, and Nonnormality. Errors in Variables. SPECIAL TOPICS. Diagnostic Checking, Model Selection, and Specification Testing. *Introduction to Time--Series Analysis. Vector Autoregressions, Unit Roots, and Cointegration. *Panel Data Analysis. *Large--Sample Theory. *Small--Sample Inference: Resampling Methods. Appendix A: *Data Sets. Appendix B:* Data Sets on the Web. Appendix C:* Computer Programs. Index.
Semantic Scholar venue: ENERGEIA. ONLINE JOURNAL FOR LINGUISTICS, LANGUAGE PHILOSOPHY AND HISTORY OF LINGUISTICS
Publication types: JournalArticle"
1061,"Title: Relaxing and Restraining Queries for OBDA - Extended Abstract.
Venue: kr
Authors: Medina Andreşel, Yazmín Ibáñez-García, Magdalena Ortiz, Mantas Šimkus
Abstract: We advocate the use of ontologies for relaxing and restraining queries, so that they retrieve either more or less answers, enabling the exploration of a given dataset. We propose a set of rewriting rules to relax and restrain conjunctive queries (CQs) over datasets mediated by an ontology written in a dialect of DL-Lite with complex role inclusions (CRIs). The addition of CRI enables the representation of knowledge about data involving ordered hierarchies of categories, in the style of multi-dimensional data models. Although CRIs in general destroy the first-order rewritability of CQs, we identify settings in which CQs remain rewritable.
Semantic Scholar venue: AAAI Conference on Artificial Intelligence
Publication types: JournalArticle|Conference
Fields of study: Computer Science|Mathematics"
1299,"Title: Policies, Penalties, and Autonomous Agents.
Venue: lpnmr
Authors: Vineel Tummala, Daniela Inclezan
Semantic Scholar venue: International Conference on Logic Programming and Non-Monotonic Reasoning
Publication types: JournalArticle
Fields of study: Computer Science"
2903,"Title: Species, Profunctors and Taylor Expansion Weighted by SMCC: A Unified Framework for Modelling Nondeterministic, Probabilistic and Quantum Programs.
Venue: lics
Authors: Takeshi Tsukada, Kazuyuki Asada, C.-H. Luke Ong
Abstract: Motivated by a tight connection between Joyal's combinatorial species and quantitative models of linear logic, this paper introduces weighted generalised species (or weighted profunctors), where weights are morphisms of a given symmetric monoidal closed category (SMCC). For each SMCC W, we show that the category of W-weighted profunctors is a Lafont category, a categorical model of linear logic with exponential. As a model of programming languages, the construction of this paper gives a unified framework that induces adequate models of nondeterministic, probabilistic, algebraic and quantum programming languages by an appropriate choice of the weight SMCC.
Semantic Scholar venue: Logic in Computer Science
Publication types: JournalArticle|Book|Conference
Fields of study: Mathematics|Computer Science"
857,"Title: Safe Learning of Lifted Action Models.
Venue: kr
Authors: Brendan Juba, Hai S. Le, Roni Stern
Abstract: Creating a domain model, even for classical, domain-independent planning, is a notoriously hard knowledge-engineering task. A natural approach to solve this problem is to learn a domain model from observations. However, model learning approaches frequently do not provide safety guarantees: the learned model may assume actions are applicable when they are not, and may incorrectly capture actions' effects. This may result in generating plans that will fail when executed. In some domains such failures are not acceptable, due to the cost of failure or inability to replan online after failure. In such settings, all learning must be done offline, based on some observations collected, e.g., by some other agents or a human. Through this learning, the task is to generate a plan that is guaranteed to be successful. This is called the model-free planning problem. Prior work proposed an algorithm for solving the model-free planning problem in classical planning. However, they were limited to learning grounded domains, and thus they could not scale. We generalize this prior work and propose the first safe model-free planning algorithm for lifted domains. We prove the correctness of our approach, and provide a statistical analysis showing that the number of trajectories needed to solve future problems with high probability is linear in the potential size of the domain model. We also present experiments on twelve IPC domains showing that our approach is able to learn the real action model in all cases with at most two trajectories.
Semantic Scholar venue: International Conference on Principles of Knowledge Representation and Reasoning
Publication types: JournalArticle|Conference
Fields of study: Computer Science"
2421,"Title: Composing Codensity Bisimulations.
Venue: lics
Authors: Mayuko Kori, Kazuki Watanabe, Jurriaan Rot, Shin-Ya Katsumata
Abstract: Proving compositionality of behavioral equivalence on state-based systems with respect to algebraic operations is a classical and widely studied problem. We study a categorical formulation of this problem, where operations on state-based systems modeled as coalgebras can be elegantly captured through distributive laws between functors. To prove compositionality, it then suffices to show that this distributive law lifts from sets to relations, giving an explanation of how behavioral equivalence on smaller systems can be combined to obtain behavioral equivalence on the composed system. In this paper, we refine this approach by focusing on so-called codensity lifting of functors, which gives a very generic presentation of various notions of (bi)similarity as well as quantitative notions such as behavioral metrics on probabilistic systems. The key idea is to use codensity liftings both at the level of algebras and coalgebras, using a new generalization of the codensity lifting. The problem of lifting distributive laws then reduces to the abstract problem of constructing distributive laws between codensity liftings, for which we propose a simplified sufficient condition. Our sufficient condition instantiates to concrete proof methods for compositionality of algebraic operations on various types of state-based systems. We instantiate our results to prove compositionality of qualitative and quantitative properties of deterministic automata. We also explore the limits of our approach by including an example of probabilistic systems, where it is unclear whether the sufficient condition holds, and instead we use our setting to give a direct proof of compositionality. In addition, we propose a compositional variant of Komorida et al.'s codensity games for bisimilarities. A novel feature of this variant is that it can also compose game invariants, which are subsets of winning positions. Under our sufficient condition of the liftability of distributive laws, composed games give an alternative proof of the preservation of bisimilarities under the composition.
Semantic Scholar venue: Logic in Computer Science
Publication types: JournalArticle|Book|Conference
Fields of study: Computer Science|Mathematics"
1806,"Title: Interpolation and Model Checking for Nonlinear Arithmetic.
Venue: cav
Authors: Dejan Jovanović, Bruno Dutertre
Abstract: We present a new model-based interpolation procedure for satisfiability modulo theories (SMT). The procedure uses a new mode of interaction with the SMT solver that we call solving modulo a model. This either extends a given partial model into a full model for a set of assertions or returns an explanation (a model interpolant) when no solution exists. This mode of interaction fits well into the model-constructing satisfiability (MCSAT) framework of SMT. We use it to develop an interpolation procedure for any MCSAT-supported theory. In particular, this method leads to an effective interpolation procedure for nonlinear real arithmetic. We evaluate the new procedure by integrating it into a model checker and comparing it with state-of-art model-checking tools for nonlinear arithmetic.
Semantic Scholar venue: International Conference on Computer Aided Verification
Publication types: JournalArticle|Conference
Fields of study: Computer Science"
2973,"Title: The Weisfeiler-Leman dimension of planar graphs is at most 3.
Venue: lics
Authors: Sandra Kiefer, Ilia Ponomarenko, Pascal Schweitzer
Abstract: We prove that the Weisfeiler-Leman (WL) dimension of the class of all finite planar graphs is at most 3. In particular, every finite planar graph is definable in first-order logic with counting using at most 4 variables. The previously best known upper bounds for the dimension and number of variables were 14 and 15, respectively.
Semantic Scholar venue: Logic in Computer Science
Publication types: JournalArticle
Fields of study: Mathematics|Computer Science"
1172,"Title: Post-quantum security: Power Analysis of NTRUEncrypt.
Venue: kr
Authors: El Hassane Laaji, Abdelmalek Azizi
Semantic Scholar venue: Krypto-Tag
Publication types: JournalArticle
Fields of study: Computer Science"
1042,"Title: When Memory Serves Not So Well - Memory Errors 30 Years Later.
Venue: kr
Authors: Gert Storms
Semantic Scholar venue: Krypto-Tag
Publication types: JournalArticle
Fields of study: Computer Science"
1007,"Title: Deep Learning for Haemodialysis Time Series Classification.
Venue: kr
Authors: , Hassan Ismail Fawaz
Abstract: The experiments have proved the feasibility of the proposed deep learning approach to deal with time series classification, which has outperformed more classical techniques, based on the Discrete Cosine Transform and on thediscrete Fourier Transform for features extraction, and on Support Vector Machines for classification.
Semantic Scholar venue: KR4HC/ProHealth/TEAAM@AIME
Publication types: JournalArticle
Fields of study: Computer Science"
2505,"Title: Weak Similarity in Higher-Order Mathematical Operational Semantics.
Venue: lics
Authors: Henning Urbat, Stelios Tsampas, Sergey Goncharov, Stefan Milius, Lutz Schröder
Abstract: Higher-order abstract GSOS is a recent extension of Turi and Plotkin’s framework of Mathematical Operational Semantics to higher-order languages. The fundamental well-behavedness property of all specifications within the framework is that coalgebraic strong (bi)similarity on their operational model is a congruence. In the present work, we establish a corresponding congruence theorem for weak similarity, which is shown to instantiate to well-known concepts such as Abramsky’s applicative similarity for the λ-calculus. On the way, we develop several techniques of independent interest at the level of abstract categories, including relation liftings of mixed-variance bifunctors and higher-order GSOS laws, as well as Howe’s method.
Semantic Scholar venue: Logic in Computer Science
Publication types: JournalArticle
Fields of study: Computer Science"
920,"Title: An Optimization Approach to Robust Goal Obfuscation.
Venue: kr
Authors: Sara Bernardini, Fabio Fagnani, Santiago Franco
Abstract: In this paper, we present a set of strategies to underpin the behavior of an agent that wants to arrive as close as possible to its destination without revealing it to an observer, which monitors its progress in the environment. This problem is an instance of goal obfuscation (GO), which has lately received significant attention in the AI community. With different variants of GO being proposed, the field lacks coherence and characterization from first principles. In addition, existing techniques are not robust to possible attempts of the observer to learn the agent's strategy. To fill this gap, we provide here a foundational study of GO and offer robust techniques to ensure that the agent can protect its privacy as much as possible regardless of the observer's behavior. We cast GO as an optimization problem, offer a complete theoretical analysis of it and introduce efficient algorithms to find exact solutions.
Semantic Scholar venue: International Conference on Principles of Knowledge Representation and Reasoning
Publication types: JournalArticle|Conference
Fields of study: Computer Science"
1583,"Title: Formal Specification of the Cardano Blockchain Ledger, Mechanized in Agda.
Venue: cav
Authors: , Nuno Gaspar
Abstract: The present work expands beyond prior meta-theoretical investigations of the EUTxO model to encompass the full scale of the Cardano blockchain and describes a hierarchy of modular transitions that covers all the intricacies of a realistic blockchain, such as fully expressive smart contracts and decentralized governance.
Semantic Scholar venue: FMBC@CAV
Publication types: JournalArticle
Fields of study: Computer Science"
2022,"Title: Incremental Determinization for Quantifier Elimination and Functional Synthesis.
Venue: cav
Authors: Markus N. Rabe
Abstract: Quantifier elimination and its cousin functional synthesis are fundamental problems in automated reasoning that could be used in many applications of formal methods. But, effective algorithms are still elusive. In this paper, we suggest a simple modification to a QBF algorithm to adapt it for quantifier elimination and functional synthesis. We demonstrate that the approach significantly outperforms previous algorithms for functional synthesis.
Semantic Scholar venue: International Conference on Computer Aided Verification
Publication types: JournalArticle|Conference
Fields of study: Computer Science"
2951,"Title: Unrestricted stone duality for Markov processes.
Venue: lics
Authors: Robert Furber, Dexter Kozen, Kim Larsen, Radu Mardare, Prakash Panangaden
Abstract: Stone duality relates logic, in the form of Boolean algebra, to spaces. Stone-type dualities abound in computer science and have been of great use in understanding the relationship between computational models and the languages used to reason about them. Recent work on probabilistic processes has established a Stone-type duality for a restricted class of Markov processes. The dual category was a new notion—Aumann algebras—which are Boolean algebras equipped with countable family of modalities indexed by rational probabilities. In this article we consider an alternative definition of Aumann algebra that leads to dual adjunction for Markov processes that is a duality for many measurable spaces occurring in practice. This extends a duality for measurable spaces due to Sikorski. In particular, we do not require that the probabilistic modalities preserve a distinguished base of clopen sets, nor that morphisms of Markov processes do so. The extra generality allows us to give a perspicuous definition of event bisimulation on Aumann algebras.
Semantic Scholar venue: Logic in Computer Science
Publication types: JournalArticle
Fields of study: Computer Science|Mathematics"
2381,"Title: On the Decidability of Monadic Second-Order Logic with Arithmetic Predicates.
Venue: lics
Authors: Valérie Berthé, Toghrul Karimov, Joris Nieuwveld, Joël Ouaknine, Mihir Vahanwala, James Worrell
Abstract: We investigate the decidability of the monadic second-order (MSO) theory of the structure (N; <, P1,…,Pk), for various unary predicates P1,…,Pk ⊆ N. We focus in particular on 'arithmetic' predicates arising in the study of linear recurrence sequences, such as fixed-base powers Powk = {kn : n ∈ N}, k-th powers Nk = {nk : n ∈ N}, and the set of terms of the Fibonacci sequence Fib = {0, 1, 2, 3, 5, 8, 13,…} (and similarly for other linear recurrence sequences having a single, non-repeated, dominant characteristic root). We obtain several new unconditional and conditional decidability results, a select sample of which are the following:"
863,"Title: Diagnosis of Active Systems with Abstract Observations and Compiled Knowledge.
Venue: kr
Authors: Gianfranco Lamperti, Marina Zanella, Xiangfu Zhao
Abstract: An active system (AS) is a discrete-event system (DES) with asynchronous behavior, which is represented by a network of components that are modeled as communicating automata. When being operated, an AS performs a trajectory within its behavior space, while generating a sequence of observations, namely a temporal observation. The model of the AS and a temporal observation are the two key ingredients of the diagnosis task, which aims to find out possible faulty behavior via abductive reasoning. Among other knowledge, such reasoning requires knowing what is observable and what is not. This essential distinction constitutes the observability of the AS. In the literature, the observability of a DES boils down to qualifying each state transition either as observable or unobservable, which contrasts with the way humans observe reality, typically by mapping a collection of observations to a single, abstract perception. Moreover, the occurrence of single state transitions is not necessarily what we can observe or what we want to observe for diagnosis purposes. This paper presents an extended notion of observability, where each observation is associated with a behavioral scenario rather than a single state transition, where a scenario is defined as a regular language on state transitions. To speed up the online diagnosis engine, specific diagnosis-oriented knowledge is compiled offline. Eventually, the diagnosis technique based on abstract observability is extended to cope with temporal uncertainty.
Semantic Scholar venue: International Conference on Principles of Knowledge Representation and Reasoning
Publication types: JournalArticle|Conference
Fields of study: Computer Science"
1444,"Title: Counterexample-Guided Commutativity.
Venue: cav
Authors: Marcel Ebbinghaus, Dominik Klumpp, Andreas Podelski
Abstract: Abstract We consider the use of commutativity-based reduction for the algorithmic verification of concurrent programs. In existing work, the commutativity relation used for the reduction is mostly fixed statically. In this paper, we propose a demand-driven approach to compute the commutativity relation. The approach can be viewed as the direct analogue of the CEGAR approach which uses counterexamples to guide the incremental refinement of the abstraction. Instead of eliminating a counterexample by proving it infeasible and refining the abstraction, we can eliminate a counterexample by proving it redundant and expanding the commutativity relation. When we prove a counterexample redundant, we use the proof for a generalization step which allows us to eliminate not just a single counterexample, but a whole infinite set. We present a general scheme where we integrate the new approach with the CEGAR approach. We have implemented an instantiation of the general scheme. An experimental evaluation shows an increase in the number of successfully verified programs by 15% on a challenging benchmark set.
Semantic Scholar venue: International Conference on Computer Aided Verification
Publication types: JournalArticle|Conference
Fields of study: Computer Science"
1060,"Title: Synthesis under Assumptions.
Venue: kr
Authors: 
Abstract: The proposed shift in perspective allows for a principled and conceptually clear answer to the following elusive question which has generated a lot of ad hoc research: in synthesis/planning, which constraints on traces are environment assumptions?
Semantic Scholar venue: International Conference on Principles of Knowledge Representation and Reasoning
Publication types: JournalArticle|Conference
Fields of study: Computer Science"
748,"Title: Act for Your Duties but Maintain Your Rights.
Venue: kr
Authors: Shufang Zhu, Giuseppe De Giacomo
Abstract: Most of the synthesis literature has focused on studying how to synthesize a strategy to fulfill a task. This task is a duty for the agent. In this paper, we argue that intelligent agents should also be equipped with rights, that is, tasks that the agent itself can choose to fulfill (e.g., the right of recharging the battery). The agent should be able to maintain these rights while acting for its duties. We study this issue in the context of LTLf synthesis: we give duties and rights in terms of LTLf specifications, and synthesize a suitable strategy to achieve the duties that can be modified on-the-fly to achieve also the rights, if the agent chooses to do so. We show that handling rights does not make synthesis substantially more difficult, although it requires a more sophisticated solution concept than standard LTLf synthesis. We also extend our results to the case in which further duties and rights are given to the agent while already executing.
Semantic Scholar venue: International Conference on Principles of Knowledge Representation and Reasoning
Publication types: JournalArticle|Conference
Fields of study: Computer Science"
2989,"Title: Revisiting reachability in timed automata.
Venue: lics
Authors: Jaroslav Bendík
Abstract: We revisit a fundamental result in real-time verification, namely that the binary reachability relation between configurations of a given timed automaton is definable in linear arithmetic over the integers and reals. In this paper we give a new and simpler proof of this result, building on the well-known reachability analysis of timed automata involving difference bound matrices. Using this new proof, we give an exponential-space procedure for model checking the reachability fragment of the logic parametric TCTL. Finally we show that the latter problem is NEXPTIME-hard.
Semantic Scholar venue: Logic in Computer Science
Publication types: JournalArticle
Fields of study: Mathematics|Computer Science"
3008,"Title: The algebraic dichotomy conjecture for infinite domain Constraint Satisfaction Problems.
Venue: lics
Authors: Libor Barto, Michael Pinsker
Abstract: We prove that an ω-categorical core structure primitively positively interprets all finite structures with parameters if and only if some stabilizer of its polymorphism clone has a homomorphism to the clone of projections, and that this happens if and only if its polymorphism clone does not contain operations α,β, s satisfying the identity αs(x, y, x, z, y, z) ≈ βs(y, x, z, x, z, y).This establishes an algebraic criterion equivalent to the conjectured borderline between P and NP-complete CSPs over reducts of finitely bounded homogenous structures, and accomplishes one of the steps of a proposed strategy for reducing the infinite domain CSP dichotomy conjecture to the finite case.Our theorem is also of independent mathematical interest, characterizing a topological property of any ω-categorical core structure (the existence of a continuous homomorphism of a stabilizer of its polymorphism clone to the projections) in purely algebraic terms (the failure of an identity as above).
Semantic Scholar venue: Logic in Computer Science
Publication types: JournalArticle|Book
Fields of study: Computer Science|Mathematics"
2469,"Title: The Big-O Problem for Max-Plus Automata is Decidable (PSPACE-Complete).
Venue: lics
Authors: Laure Daviaud, David Purser, Marie Tcheng
Abstract: We show that the big-O problem for max-plus automata is decidable and PSPACE-complete. The big-O (or affine domination) problem asks whether, given two max-plus automata computing functions f and g, there exists a constant c such that f &amp;lt; cg+ c. This is a relaxation of the containment problem asking whether f &amp;lt; g, which is undecidable. Our decidability result uses Simon's forest factorisation theorem, and relies on detecting specific elements, that we call witnesses, in a finite semigroup closed under two special operations: stabilisation and flattening."
1068,"Title: Bisimulations for Logics of Strategies: A Study in Expressiveness and Verification.
Venue: kr
Authors: Rajeev Alur, Thomas A. Henzinger
Abstract: Novel notions of bisimulation are presented for several signiﬁcant fragments of Strategy Logic (SL), and it is proved that they preserve the interpretation of formulas in the corresponding fragments, and in selected cases it is proved that such bisimulations enjoy the Hennessy-Milner property.
Semantic Scholar venue: International Conference on Principles of Knowledge Representation and Reasoning
Publication types: JournalArticle|Conference
Fields of study: Computer Science"
2258,"Title: PSI: Exact Symbolic Inference for Probabilistic Programs.
Venue: cav
Authors: Timon Gehr, Sasa Misailovic, Martin Vechev
Abstract: This paper presents a meta-modelling framework for approximate inference, which automates the very labor-intensive and therefore time-heavy and expensive process of exact inference for probabilistic programs.
Semantic Scholar venue: International Conference on Computer Aided Verification
Publication types: JournalArticle|Conference
Fields of study: Computer Science"
3069,"Title: Infinitary Lambda Calculi from a Linear Perspective.
Venue: lics
Authors: Ugo Dal Lago
Abstract: We introduce a linear infinitary λ-calculus, called ℓΛ<inf>∞</inf>, in which two exponential modalities are available, the first one being the usual, finitary one, the other being the only construct interpreted coinductively. The obtained calculus embeds the infinitary applicative λ-calculus and is universal for computations over infinite strings. What is particularly interesting about ℓΛ<inf>∞</inf>, is that the refinement induced by linear logic allows to restrict both modalities so as to get calculi which are terminating inductively and productive coinductively. We exemplify this idea by analysing a fragment of ℓΛ built around the principles of SLL and 4LL. Interestingly, it enjoys confluence, contrarily to what happens in ordinary infinitary λ-calculi.
Semantic Scholar venue: Logic in Computer Science
Publication types: Book|JournalArticle
Fields of study: Computer Science|Mathematics"
1579,"Title: Probabilistic Access Policies with Automated Reasoning Support.
Venue: cav
Authors: Shaowei Zhu, Yunbo Zhang
Abstract: Abstract Existing access policy languages like Cedar equipped with SMT-based automated reasoning capabilities are effective in providing formal guarantees about the policies. However, this scheme only supports access control based on deterministic information. Observing that certain information useful for access control can be described by random variables, we are motivated to develop a new paradigm of access control in which access policies contain rules about uncertainty, or more precisely, probabilities of random events. To compute these probabilities, we rely on probabilistic programming languages. Additionally, we show that the probabilistic part of these policies can be encoded in linear real arithmetic, which enables practical automated reasoning tasks such as proving relative permissiveness between policies. We demonstrate the advantages of the proposed probabilistic policies over the existing paradigm through two case studies on real-world datasets with a prototype implementation.
Semantic Scholar venue: International Conference on Computer Aided Verification
Publication types: JournalArticle|Conference
Fields of study: Computer Science"
1990,"Title: Taming Delays in Dynamical Systems - Unbounded Verification of Delay Differential Equations.
Venue: cav
Authors: Shenghua Feng, Mingshuai Chen, Naijun Zhan, Martin Fränzle, Bai Xue
Abstract: Delayed coupling between state variables occurs regularly in technical dynamical systems, especially embedded control. As it consequently is omnipresent in safety-critical domains, there is an increasing interest in the safety verification of systems modelled by Delay Differential Equations (DDEs). In this paper, we leverage qualitative guarantees for the existence of an exponentially decreasing estimation on the solutions to DDEs as established in classical stability theory, and present a quantitative method for constructing such delay-dependent estimations, thereby facilitating a reduction of the verification problem over an unbounded temporal horizon to a bounded one. Our technique builds on the linearization technique of nonlinear dynamics and spectral analysis of the linearized counterparts. We show experimentally on a set of representative benchmarks from the literature that our technique indeed extends the scope of bounded verification techniques to unbounded verification tasks. Moreover, our technique is easy to implement and can be combined with any automatic tool dedicated to bounded verification of DDEs.
Semantic Scholar venue: International Conference on Computer Aided Verification
Publication types: JournalArticle|Conference
Fields of study: Computer Science"
1209,"Title: On First-Order μ-Calculus over Situation Calculus Action Theories.
Venue: kr
Authors: 
Abstract: This paper considers μLa and μLp, the two variants of μ-calculus introduced in the literature for verification of data-aware processes, and proves decidability of verification of μLa properties over bounded action theories, using finite faithful abstractions.
Semantic Scholar venue: International Conference on Principles of Knowledge Representation and Reasoning
Publication types: JournalArticle|Conference
Fields of study: Computer Science"
1649,"Title: Solving String Constraints Using SAT.
Venue: cav
Authors: Kevin Lotz
Abstract: . String solvers are automated-reasoning tools that can solve combinatorial problems over formal languages. They typically operate on restricted first-order logic formulas that include operations such as string concatenation, substring relationship, and regular expression matching. String solving thus amounts to deciding the satisfiability of such formulas. While there exists a variety of different string solvers, many string problems cannot be solved efficiently by any of them. We present a new approach to string solving that encodes input problems into propositional logic and leverages incremental SAT solving. We evaluate our approach on a broad set of benchmarks. On the logical fragment that our tool supports, it is competitive with state-of-the-art solvers. Our experiments also demonstrate that an eager SAT-based approach complements existing approaches to string solving in this specific fragment.
Semantic Scholar venue: International Conference on Computer Aided Verification
Publication types: JournalArticle|Conference
Fields of study: Computer Science"
2120,"Title: Solving Quantified Bit-Vectors Using Invertibility Conditions.
Venue: cav
Authors: Aina Niemetz, Mathias Preiner, Andrew Reynolds, Clark Barrett, Cesare Tinelli
Abstract: We present a novel approach for solving quantified bit-vector formulas in Satisfiability Modulo Theories (SMT) based on computing symbolic inverses of bit-vector operators. We derive conditions that precisely characterize when bit-vector constraints are invertible for a representative set of bit-vector operators commonly supported by SMT solvers. We utilize syntax-guided synthesis techniques to aid in establishing these conditions and verify them independently by using several SMT solvers. We show that invertibility conditions can be embedded into quantifier instantiations using Hilbert choice expressions, and give experimental evidence that a counterexample-guided approach for quantifier instantiation utilizing these techniques leads to performance improvements with respect to state-of-the-art solvers for quantified bit-vector constraints.
Semantic Scholar venue: International Conference on Computer Aided Verification
Publication types: JournalArticle|Conference
Fields of study: Computer Science|Mathematics"
2814,"Title: Wreath Products of Distributive Forest Algebras.
Venue: lics
Authors: Michael Hahn, Andreas Krebs, Howard Straubing
Abstract: It is an open problem whether definability in Propositional Dynamic Logic (PDL) on forests is decidable. Based on an algebraic characterization by Bojańczyk, et. al., (2012) in terms of forest algebras, Straubing (2013) described an approach to PDL based on a k-fold iterated distributive law. A proof that all languages satisfying such a k-fold iterated distributive law are in PDL would settle decidability of PDL. We solve this problem in the case k = 2: All languages recognized by forest algebras satisfying a 2-fold iterated distributive law are in PDL. Furthermore, we show that this class is decidable. This provides a novel nontrivial decidable subclass of PDL, and demonstrates the viability of the proposed approach to deciding PDL in general.
Semantic Scholar venue: Logic in Computer Science
Publication types: JournalArticle|Book|Conference
Fields of study: Mathematics|Computer Science"
1313,"Title: Metric Temporal Answer Set Programming over Timed Traces.
Venue: lpnmr
Authors: Pedro Cabalar, Martín Diéguez, Torsten Schaub, Anna Schuhmann
Semantic Scholar venue: International Conference on Logic Programming and Non-Monotonic Reasoning
Publication types: JournalArticle
Fields of study: Computer Science"
2641,"Title: Finite Model Theory of the Triguarded Fragment and Related Logics.
Venue: lics
Authors: Emanuel Kieronski, Sebastian Rudolph
Abstract: The Triguarded Fragment (TGF) is among the most expressive decidable fragments of first-order logic, subsuming both its two-variable and guarded fragments without equality. We show that the TGF has the finite model property (providing a tight doubly exponential bound on the model size) and hence finite satisfiability coincides with satisfiability known to be N2ExpTime-complete. Using similar constructions, we also establish 2ExpTime-completeness for finite satisfiability of the constant-free (tri)guarded fragment with transitive guards.
Semantic Scholar venue: Logic in Computer Science
Publication types: Book|JournalArticle
Fields of study: Mathematics|Computer Science"
2622,"Title: Parameterized Complexity of Elimination Distance to First-Order Logic Properties.
Venue: lics
Authors: Fedor V. Fomin, Petr A. Golovach, Dimitrios M. Thilikos
Abstract: The elimination distance to some target graph property ${\mathcal{P}}$ is a general graph modification parameter introduced by Bulian and Dawar. We initiate the study of elimination distances to graph properties expressible in first-order logic. We delimit the problem’s fixed-parameter tractability by identifying sufficient and necessary conditions on the structure of prefixes of first-order logic formulas. Our main result is the following meta-theorem: For every graph property ${\mathcal{P}}$ expressible by a first order-logic formula φ ∈ Σ3, that is, of the form\begin{equation*}\varphi = \exists {x_1}\exists {x_2} \cdots \exists {x_r}\forall {y_1}\forall {y_2} \cdots \forall {y_s}\quad \exists {z_1}\exists {z_2} \cdots \exists {z_t}\,\psi ,\end{equation*}where ψ is a quantifier-free first-order formula, checking whether the elimination distance of a graph to ${\mathcal{P}}$ does not exceed k, is fixed-parameter tractable parameterized by k. Properties of graphs expressible by formulas from Σ3 include being of bounded degree, excluding a forbidden subgraph, or containing a bounded dominating set. We complement this theorem by showing that such a general statement does not hold for formulas with even slightly more expressive prefix structure: There are formulas φ ∈ Π3, for which computing elimination distance is W[2]-hard.
Semantic Scholar venue: Logic in Computer Science
Publication types: JournalArticle|Book
Fields of study: Computer Science"
1851,"Title: MetaVal: Witness Validation via Verification.
Venue: cav
Authors: Dirk Beyer, Martin Spiessl
Abstract: Witness validation is an important technique to increase trust in verification results, by making descriptions of error paths (violation witnesses) and important parts of the correctness proof (correctness witnesses) available in an exchangeable format. This way, the verification result can be validated independently from the verification in a second step. The problem is that there are unfortunately not many tools available for witness-based validation of verification results. We contribute to closing this gap with the approach of validation via verification, which is a way to automatically construct a set of validators from a set of existing verification engines. The idea is to take as input a specification, a program, and a verification witness, and produce a new specification and a transformed version of the original program such that the transformed program satisfies the new specification if the witness is useful to confirm the result of the verification. Then, an ‘off-the-shelf’ verifier can be used to validate the previously computed result (as witnessed by the verification witness) via an ordinary verification task. We have implemented our approach in the validator , and it was successfully used in SV-COMP 2020 and confirmed 3 653 violation witnesses and 16 376 correctness witnesses. The results show that improves the effectiveness (167 uniquely confirmed violation witnesses and 833 uniquely confirmed correctness witnesses) of the overall validation process, on a large benchmark set. All components and experimental data are publicly available.
Semantic Scholar venue: International Conference on Computer Aided Verification
Publication types: JournalArticle|Conference
Fields of study: Computer Science"
2650,"Title: An Algebraic Characterisation of First-Order Logic with Neighbour.
Venue: lics
Authors: Amaldev Manuel, Dhruv Nevatia
Abstract: We give an algebraic characterisation of first-order logic with the neighbour relation, on finite words. For this, we consider languages of finite words over alphabets with an involution on them. The natural algebras for such languages are involution semigroups. To characterise the logic, we define a special kind of semidirect product of involution semigroups, called the locally hermitian product. The characterisation theorem for FO with neighbour states that a language is definable in the logic if and only if it is recognised by a locally hermitian product of an aperiodic commutative involution semigroup, and a locally trivial involution semigroup. We then define the notion of involution varieties of languages, namely classes of languages closed under Boolean operations, quotients, involution, and inverse images of involutory morphisms. An Eilenberg-type correspondence is established between involution varieties of languages and pseudovarieties of involution semigroups.
Semantic Scholar venue: Logic in Computer Science
Publication types: JournalArticle|Book
Fields of study: Computer Science"
2920,"Title: Equivalence of inductive definitions and cyclic proofs under arithmetic.
Venue: lics
Authors: Stefano Berardi, Makoto Tatsuta
Abstract: A cyclic proof system, called CLKID-omega, gives us another way of representing inductive definitions and efficient proof search. The 2011 paper by Brotherston and Simpson showed that the provability of CLKID-omega includes the provability of the classical system of Martin-Lof's inductive definitions, called LKID, and conjectured the equivalence. By this year the equivalence has been left an open question. In general, the conjecture was proved to be false in FoSSaCS 2017 paper by Berardi and Tatsuta. However, if we restrict both systems to only the natural number inductive predicate and add Peano arithmetic to both systems, the conjecture was proved to be true in FoSSaCS 2017 paper by Simpson. This paper shows that if we add arithmetic to both systems, they become equivalent, namely, the conjecture holds. The result of this paper includes that of the paper by Simpson as a special case. In order to construct a proof of LKID for a given cyclic proof, this paper shows every bud in the cyclic proof is provable in LKID, by cutting the cyclic proof into subproofs such that in each subproof the conclusion is a companion and the assumptions are buds. The global trace condition gives some induction principle, by using an extension of Podelski-Rybalchenko termination theorem from well-foundedness to induction schema. In order to prove this extension, this paper also shows that infinite Ramsey theorem is formalizable in Peano arithmetic.
Semantic Scholar venue: Logic in Computer Science
Publication types: JournalArticle
Fields of study: Computer Science|Mathematics"
1180,"Title: Principles of Knowledge Representation and Reasoning: Proceedings of the Sixteenth International Conference, KR 2018, Tempe, Arizona, 30 October - 2 November 2018.
Venue: kr
Authors: 
Abstract: We propose a set of compositional design patterns to describe a large variety of systems that combine statistical techniques from machine learning with symbolic techniques from knowledge representation. As in other areas of computer science (knowledge engineering, software engineering, ontology engineering, process mining and others), such design patterns help to systematize the literature, clarify which combinations of techniques serve which purposes, and encourage re-use of software components. We have validated our set of compositional design patterns against a large body of recent literature.
Semantic Scholar venue: International Conference on Principles of Knowledge Representation and Reasoning
Publication types: Conference
Fields of study: Computer Science"
2968,"Title: A monad for full ground reference cells.
Venue: lics
Authors: Ohad Kammar, Paul B. Levy, Sean K. Moss, Sam Staton
Abstract: We present a denotational account of dynamic allocation of potentially cyclic memory cells using a monad on a functor category. We identify the collection of heaps as an object in a different functor category equipped with a monad for adding hiding/encapsulation capabilities to the heaps. We derive a monad for full ground references supporting effect masking by applying a state monad transformer to the encapsulation monad. To evaluate the monad, we present a denotational semantics for a call-by-value calculus with full ground references, and validate associated code transformations.
Semantic Scholar venue: Logic in Computer Science
Publication types: JournalArticle
Fields of study: Computer Science|Mathematics"
1827,"Title: Cameleer: A Deductive Verification Tool for OCaml.
Venue: cav
Authors: 
Abstract: We present , an automated deductive verification tool for OCaml. We leverage on the recently proposed GOSPEL (Generic OCaml SPEcification Language) to attach rigorous, yet readable, behavioral specification to OCaml code. The formally-specified program is fed to our toolchain, which translates it into an equivalent one in WhyML, the programming and specification language of the Why3 verification framework. We report on successful case studies conducted in .
Semantic Scholar venue: International Conference on Computer Aided Verification
Publication types: JournalArticle|Conference
Fields of study: Computer Science"
1350,"Title: Elect: An Inconsistency Handling Approach for Partially Preordered Lightweight Ontologies.
Venue: lpnmr
Authors: Sihem Belabbes, Salem Benferhat, Jan Chomicki
Abstract: The provision of an efficient and safe method, called Elect, to restore consistency of the ABox with respect to the TBox, and introduces the concept of elected assertions which allows the method to provide an equivalent characterization of Elect without explicitly generating all totally preordered ABoxes.
Semantic Scholar venue: International Conference on Logic Programming and Non-Monotonic Reasoning
Publication types: JournalArticle
Fields of study: Computer Science"
1949,"Title: Utility of Traffic Information in Dynamic Routing: Is Sharing Information Always Useful?
Venue: cav
Authors: Mohammad Shaqfeh, Salah Hessien, Erchin Serpedin
Abstract: Real-time traffic information can be utilized to enhance the efficiency of transportation networks by dynamically updating routing plans to mitigate traffic jams. However, an interesting question is whether the network coordinator should broadcast real-time traffic information to all network users or communicate it selectively to some of them. Which option enhances the network efficiency more?In this work, we demonstrate using simulation experiments that sharing real-time traffic information with all network users is sub-optimal, and it is actually better to share the information with a majority subset of the total population in order to improve the overall network performance. This result is valid under the assumption that each network user decides it’s route to destination locally.
Semantic Scholar venue: Connected and Automated Vehicles Symposium
Publication types: JournalArticle
Fields of study: Computer Science"
2714,"Title: Descriptive complexity of real computation and probabilistic independence logic.
Venue: lics
Authors: Miika Hannula, Juha Kontinen, Jan Van den Bussche, Jonni Virtema
Abstract: We introduce a novel variant of BSS machines called Separate Branching BSS machines (S-BSS in short) and develop a Fagin-type logical characterisation for languages decidable in nondeterministic polynomial time by S-BSS machines. We show that NP on S-BSS machines is strictly included in NP on BSS machines and that every NP language on S-BSS machines is a countable disjoint union of closed sets in the usual topology of Rn. Moreover, we establish that on Boolean inputs NP on S-BSS machines without real constants characterises a natural fragment of the complexity class ∃R (a class of problems polynomial time reducible to the true existential theory of the reals) and hence lies between NP and PSPACE. Finally we apply our results to determine the data complexity of probabilistic independence logic.
Semantic Scholar venue: Logic in Computer Science
Publication types: JournalArticle|Book|Conference
Fields of study: Computer Science|Mathematics"
1737,"Title: CEG4N: Counter-Example Guided Neural Network Quantization Refinement.
Venue: cav
Authors: João Batista P. Matos, Iury Bessa, Edoardo Manino, Xidan Song, Lucas C. Cordeiro
Abstract: Neural networks are essential components of learning-based software systems. However, their high compute, memory, and power requirements make using them in low resources domains challenging. For this reason, neural networks are often quantized before deployment. Existing quantization techniques tend to degrade the network accuracy. We propose Counter-Example Guided Neural Network Quantization Refinement (CEG4N). This technique combines search-based quantization and equivalence verification: the former minimizes the computational requirements, while the latter guarantees that the network's output does not change after quantization. We evaluate CEG4N~on a diverse set of benchmarks, including large and small networks. Our technique successfully quantizes the networks in our evaluation while producing models with up to 72% better accuracy than state-of-the-art techniques."
3059,"Title: Complexity Theory of (Functions on) Compact Metric Spaces.
Venue: lics
Authors: Akitoshi Kawamura, Florian Steinberg, Martin Ziegler
Abstract: We promote the theory of computational complexity on metric spaces: as natural common generalization of (i) the classical discrete setting of integers, binary strings, graphs etc. as well as of (ii) the bit-complexity theory on real numbers and functions according to Friedman, Ko (1982ff), Cook, Braverman et al.; as (iii) resource-bounded refinement of the theories of computability on, and representations of, continuous universes by Pour-El&Richards (1989) and Weihrauch (1993ff); and as (iv) computational perspective on quantitative concepts from classical Analysis: Our main results relate (i.e. upper and lower bound) Kolmogorov's entropy of a compact metric space X polynomially to the uniform relativized complexity of approximating various families of continuous functions on X. The upper bounds are attained by carefully crafted oracles and bit-cost analyses of algorithms perusing them. They all employ the same representation (i.e. encoding, as infinite binary sequences, of the elements) of such spaces, which thus may be of own interest. The lower bounds adapt adversary arguments from unit-cost Information-Based Complexity to the bit model. They extend to, and indicate perhaps surprising limitations even of, encodings via binary string functions (rather than sequences) as introduced by Kawamura&Cook (SToC'2010, §3.4). These insights offer some guidance towards suitable notions of complexity for higher types.
Semantic Scholar venue: Logic in Computer Science
Publication types: JournalArticle|Book
Fields of study: Computer Science|Mathematics"
1834,"Title: Theory Exploration Powered by Deductive Synthesis.
Venue: cav
Authors: Eytan Singher, Shachar Itzhaky
Abstract: This paper presents a symbolic method for automatic theorem generation based on deductive inference. Many software verification and reasoning tasks require proving complex logical properties; coping with this complexity is generally done by declaring and proving relevant sub-properties. This gives rise to the challenge of discovering useful sub-properties that can assist the automated proof process. This is known as the theory exploration problem, and so far, predominant solutions that emerged rely on evaluation using concrete values. This limits the applicability of these theory exploration techniques to complex programs and properties.In this work, we introduce a new symbolic technique for theory exploration, capable of (offline) generation of a library of lemmas from a base set of inductive data types and recursive definitions. Our approach introduces a new method for using abstraction to overcome the above limitations, combining it with deductive synthesis to reason about abstract values. Our implementation has shown to find more lemmas than prior art, avoiding redundant lemmas (in terms of provability), while being faster in most cases. This new abstraction-based theory exploration method is a step toward applying theory exploration to software verification and synthesis.
Semantic Scholar venue: International Conference on Computer Aided Verification
Publication types: JournalArticle|Conference
Fields of study: Computer Science"
2600,"Title: Asynchronous Extensions of HyperLTL.
Venue: lics
Authors: Laura Bozzelli, Adriano Peron, Cesar Sanchez
Abstract: Hyperproperties are a modern specification paradigm that extends trace properties to express properties of sets of traces. Temporal logics for hyperproperties studied in the literature, including HyperLTL, assume a synchronous semantics and enjoy a decidable model checking problem. In this paper, we introduce two asynchronous and orthogonal extensions of HyperLTL, namely Stuttering HyperLTL (HyperLTLS) and Context HyperLTL (HyperLTLC). Both of these extensions are useful, for instance, to formulate asynchronous variants of information-flow security properties. We show that for these logics, model checking is in general undecidable. On the positive side, for each of them, we identify a fragment with a decidable model checking that subsumes HyperLTL and that can express meaningful asynchronous requirements. Moreover, we provide the exact computational complexity of model checking for these two fragments which, for the HyperLTLS fragment, coincides with that of the strictly less expressive logic HyperLTL.
Semantic Scholar venue: Logic in Computer Science
Publication types: JournalArticle|Book
Fields of study: Computer Science"
729,"Title: Eliminating Redundant Actions from Plans Using Classical Planning.
Venue: kr
Authors: Mauricio Salerno, Raquel Fuentetaja, Jendrik Seipp
Abstract: Even though automated planning is PSPACE-complete in general, satisficing planners are able to solve large planning tasks quickly. However, the found plans are often far from optimal and may even contain actions that can be removed while maintaining a valid plan. The problem of finding and eliminating the most expensive set of such redundant actions in a plan is NP-complete and there is a compilation to MaxSAT that solves it. Here, we introduce a simple and natural formulation of the problem as a planning task. Solving it with an optimal planner guarantees finding a minimal reduction. Our experiments show that this is competitive with the previous state of the art for optimal action elimination.
Semantic Scholar venue: International Conference on Principles of Knowledge Representation and Reasoning
Publication types: JournalArticle|Conference
Fields of study: Computer Science"
892,"Title: Sahlqvist-type Correspondence Theory for Second-Order Propositional Modal Logic (Short Paper).
Venue: kr
Authors: Zhiguang Zhao
Abstract: Modal logic with propositional quantifiers (i.e. second-order propositional modal logic (SOPML)) has been considered since the early time of modal logic. Its expressive power and complexity are high, and its van-Benthem-Rosen theorem and Goldblatt-Thomason theorem have been proved by ten Cate (2006). However, the Sahlqvist theory of SOPML has not been considered in the literature. In the present paper, we fill in this gap. We develop the Sahlqvist correspondence theory for SOPML, which covers and properly extends existing Sahlqvist formulas in basic modal logic. We define the class of Sahlqvist formulas for SOMPL step by step in a hierarchical way, each formula of which is shown to have a first-order correspondent over Kripke frames effectively computable by an algorithm $ALBA^{SOMPL}$. In addition, we show that certain $\Pi_2$-rules correspond to $\Pi_2$-Sahlqvist formulas in SOMPL, which further correspond to first-order conditions, and that even for very simple SOMPL Sahlqvist formulas, they could already be non-canonical.
Semantic Scholar venue: SOQE@KR
Publication types: JournalArticle
Fields of study: Computer Science"
820,"Title: Second-Order Specifications and Quantifier Elimination for Consistent Query Answering in Databases (Abstract).
Venue: kr
Authors: Mónica Caniupán
Abstract: Consistent answers to a query from a possibly inconsistent database are answers that are simultaneously retrieved from every possible repair of the database. Repairs are consistent instances that minimally differ from the original inconsistent instance. It has been shown before that database repairs can be specified as the stable models of a disjunctive logic program. In this paper we show how to use the repair programs to transform the problem of consistent query answering into a problem of reasoning w.r.t. a theory written in second-order predicate logic. It also investigated how a first-order theory can be obtained instead by applying second-order quantifier elimination techniques.
Semantic Scholar venue: SOQE@KR
Publication types: JournalArticle
Fields of study: Computer Science"
2191,"Title: Markov Automata with Multiple Objectives.
Venue: cav
Authors: Tim Quatmann, Sebastian Junges, Joost-Pieter Katoen
Abstract: Markov automata combine probabilistic branching, exponentially distributed delays and nondeterminism. This compositional variant of continuous-time Markov decision processes is used in reliability engineering, performance evaluation and stochastic scheduling. Their verification so far focused on single objectives such as (timed) reachability, and expected costs. In practice, often the objectives are mutually dependent and the aim is to reveal trade-offs. We present algorithms to analyze several objectives simultaneously and approximate Pareto curves. This includes, e.g., several (timed) reachability objectives, or various expected cost objectives. We also consider combinations thereof, such as on-time-within-budget objectives—which policies guarantee reaching a goal state within a deadline with at least probability p while keeping the allowed average costs below a threshold? We adopt existing approaches for classical Markov decision processes. The main challenge is to treat policies exploiting state residence times, even for untimed objectives. Experimental results show the feasibility and scalability of our approach.
Semantic Scholar venue: Formal methods in system design
Publication types: JournalArticle
Fields of study: Computer Science"
1534,"Title: Efficient Implementation of an Abstract Domain of Quantified First-Order Formulas.
Venue: cav
Authors: Eden Frenkel, Tej Chajed, Oded Padon, Sharon Shoham
Abstract: This paper lays a practical foundation for using abstract interpretation with an abstract domain that consists of sets of quantified first-order logic formulas. This abstract domain seems infeasible at first sight due to the complexity of the formulas involved and the enormous size of sets of formulas (abstract elements). We introduce an efficient representation of abstract elements, which eliminates redundancies based on a novel syntactic subsumption relation that under-approximates semantic entailment. We develop algorithms and data structures to efficiently compute the join of an abstract element with the abstraction of a concrete state, operating on the representation of abstract elements. To demonstrate feasibility of the domain, we use our data structures and algorithms to implement a symbolic abstraction algorithm that computes the least fixpoint of the best abstract transformer of a transition system, which corresponds to the strongest inductive invariant. We succeed at finding, for example, the least fixpoint for Paxos (which in our representation has 1,438 formulas with $\forall^*\exists^*\forall^*$ quantification) in time comparable to state-of-the-art property-directed approaches.
Semantic Scholar venue: International Conference on Computer Aided Verification
Publication types: JournalArticle|Conference
Fields of study: Computer Science"
896,"Title: Proceedings of the Second Workshop on Second-Order Quantifier Elimination and Related Topics (SOQE 2021) associated with the 18th International Conference on Principles of Knowledge Representation and Reasoning (KR 2021), Online Event, November 4, 2021.
Venue: kr
Authors: Mate Soos, Kuldeep S. Meel
Semantic Scholar venue: SOQE@KR
Fields of study: Computer Science"
2987,"Title: An effectful way to eliminate addiction to dependence.
Venue: lics
Authors: Pierre-Marie Pedrot, Nicolas Tabareau
Abstract: We define a monadic translation of type theory, called the weaning translation, that allows for a large range of effects in dependent type theory-such as exceptions, non-termination, non-determinism or writing operations. Through the light of a call-by-push-value decomposition, we explain why the traditional approach fails with type dependency and justify our approach. Crucially, the construction requires that the universe of algebras of the monad forms itself an algebra. The weaning translation applies to a version of the Calculus of Inductive Constructions (CIC) with a restricted version of dependent elimination. Finally, we show how to recover a translation of full CIC by mixing parametricity techniques with the weaning translation. This provides the first effectful version of CIC.
Semantic Scholar venue: Logic in Computer Science
Publication types: JournalArticle
Fields of study: Computer Science"
2658,"Title: Alignment Completeness for Relational Hoare Logics.
Venue: lics
Authors: Ramana Nagasamudram, David A. Naumann
Abstract: Relational Hoare logics (RHL) provide rules for reasoning about relations between programs. Several RHLs include a rule we call sequential product that infers a relational correctness judgment from judgments of ordinary Hoare logic (HL). Other rules embody sensible patterns of reasoning and have been found useful in practice, but sequential product is relatively complete on its own (with HL). As a more satisfactory way to evaluate RHLs, a notion of alignment completeness is introduced, in terms of the inductive assertion method and product automata. Alignment completeness results are given to account for several different sets of rules. The notion may serve to guide the design of RHLs and relational verifiers for richer programming languages and alignment patterns.
Semantic Scholar venue: Logic in Computer Science
Publication types: JournalArticle|Book
Fields of study: Computer Science"
2549,"Title: Zero-One Laws and Almost Sure Valuations of First-Order Logic in Semiring Semantics.
Venue: lics
Authors: Erich Grädel, Hayyan Helal, Matthias Naaf, Richard Wilke
Abstract: Semiring semantics evaluates logical statements by values in some commutative semiring (K, +, ·, 0, 1). Random semiring interpretations, induced by a probability distribution on K, generalise random structures, and we investigate here the question of how classical results on first-order logic on random structures, most importantly the 0-1 laws of Glebskii et al. and Fagin, generalise to semiring semantics. For positive semirings, the classical 0-1 law implies that every first-order sentence is, asymptotically, either almost surely evaluated to 0 by random semiring interpretations, or almost surely takes only values different from 0. However, by means of a more sophisticated analysis, based on appropriate extension properties and on algebraic representations of first-order formulae, we can prove much stronger results. For many semirings K the first-order sentences in FO(τ) can be partitioned into classes (Φj)j ∈ K such that for each j ∈ K, every sentence in Φj evaluates almost surely to j under random semiring interpretations. Further, for finite or infinite lattice semirings, this partition actually collapses to just three classes Φ0, Φ1, and Φε, of sentences that, respectively, almost surely evaluate to 0, 1, and to the smallest value ε ≠ 0. For all other values j ∈ K we have that . The problem of computing the almost sure valuation of a first-order sentence on finite lattice semirings is Pspace-complete. Related version: All proofs can be found in the full version of this paper, available at https://arxiv.org/abs/2203.03425.
Semantic Scholar venue: Logic in Computer Science
Publication types: Book|JournalArticle|Conference
Fields of study: Computer Science"
1298,"Title: A Simulation for Supply Chains Contract Execution.
Venue: lpnmr
Authors: Rob Christiaanse
Semantic Scholar venue: International Conference on Logic Programming and Non-Monotonic Reasoning
Publication types: JournalArticle
Fields of study: Computer Science"
1123,"Title: A Comprehensive Framework for Controlled Query Evaluation, Consistent Query Answering and KB Updates in Description Logics.
Venue: kr
Authors: Gianluca Cima, Domenico Lembo, Riccardo Rosati, Domenico Fabio Savo
Abstract: This work considers the well-known problems of Consistent Query Answering, Controlled Query Evaluation, and Knowledge Base Update in DL and introduces a unifying framework that can be naturally instantiated to capture significant settings for the above problems.
Semantic Scholar venue: International Conference on Principles of Knowledge Representation and Reasoning
Publication types: JournalArticle|Conference
Fields of study: Computer Science"
2326,"Title: The commutativity problem for effective varieties of formal series, and applications.
Venue: lics
Authors: Lorenzo Clemente
Abstract: A formal series in noncommuting variables Σ over the rationals is a mapping ${\Sigma ^{\ast}} \to \mathbb{Q}$ from the free monoid generated by Σ to the rationals. We say that a series is commutative if the value in the output does not depend on the order of the symbols in the input. The commutativity problem for a class of series takes as input a (finite presentation of) a series from the class and amounts to establishing whether it is commutative. This is a very natural, albeit nontrivial problem, which has not been considered before from an algorithmic perspective.We show that commutativity is decidable for all classes of series that constitute a so-called effective prevariety, a notion generalising Reutenauer’s varieties of formal series. For example, the class of rational series, introduced by Schützenberger in the 1960’s, is well-known to be an effective (pre)variety, and thus commutativity is decidable for it.In order to showcase the applicability of our result, we consider classes of formal series generalising the rational ones. We consider polynomial automata, shuffle automata, and infiltration automata, and we show that each of these models recognises an effective prevariety of formal series. Consequently, their commutativity problem is decidable, which is a novel result. We find it remarkable that commutativity can be decided in a uniform way for such disparate computation models.Finally, we present applications of commutativity outside the theory of formal series. We show that we can decide solvability in sequences and in power series for restricted classes of algebraic difference and differential equations, for which such problems are undecidable in full generality. Thanks to this, we can prove that the syntaxes of multivariate polynomial recursive sequences and of constructible differentially algebraic power series are effective, which are new results which were left open in previous work.
Semantic Scholar venue: Logic in Computer Science
Publication types: JournalArticle
Fields of study: Computer Science"
1573,"Title: Approximate Relational Reasoning for Quantum Programs.
Venue: cav
Authors: Federico Olmedo
Abstract: Abstract Quantum computation is inevitably subject to imperfections in its implementation. These imperfections arise from various sources, including environmental noise at the hardware level and the introduction of approximate implementations by quantum algorithm designers, such as lower-depth computations. Given the significant advantage of relational logic in program reasoning and the importance of assessing the robustness of quantum programs between their ideal specifications and imperfect implementations, we design a proof system to verify the approximate relational properties of quantum programs. We demonstrate the effectiveness of our approach by providing the first formal verification of the renowned low-depth approximation of the quantum Fourier transform. Furthermore, we validate the approximate correctness of the repeat-until-success algorithm. From the technical point of view, we develop approximate quantum coupling as a fundamental tool to study approximate relational reasoning for quantum programs, a novel generalization of the widely used approximate probabilistic coupling in probabilistic programs, answering a previously posed open question for projective predicates.
Semantic Scholar venue: International Conference on Computer Aided Verification
Publication types: JournalArticle|Conference
Fields of study: Computer Science"
1664,"Title: Automated Tail Bound Analysis for Probabilistic Recurrence Relations.
Venue: cav
Authors: Yican Sun, Hongfei Fu, Krishnendu Chatterjee, Amir Kafshdar Goharshady
Abstract: Probabilistic recurrence relations (PRRs) are a standard formalism for describing the runtime of a randomized algorithm. Given a PRR and a time limit $\kappa$, we consider the classical concept of tail probability $\Pr[T \ge \kappa]$, i.e., the probability that the randomized runtime $T$ of the PRR exceeds the time limit $\kappa$. Our focus is the formal analysis of tail bounds that aims at finding a tight asymptotic upper bound $u \geq \Pr[T\ge\kappa]$ in the time limit $\kappa$. To address this problem, the classical and most well-known approach is the cookbook method by Karp (JACM 1994), while other approaches are mostly limited to deriving tail bounds of specific PRRs via involved custom analysis. In this work, we propose a novel approach for deriving exponentially-decreasing tail bounds (a common type of tail bounds) for PRRs whose preprocessing time and random passed sizes observe discrete or (piecewise) uniform distribution and whose recursive call is either a single procedure call or a divide-and-conquer. We first establish a theoretical approach via Markov's inequality, and then instantiate the theoretical approach with a template-based algorithmic approach via a refined treatment of exponentiation. Experimental evaluation shows that our algorithmic approach is capable of deriving tail bounds that are (i) asymptotically tighter than Karp's method, (ii) match the best-known manually-derived asymptotic tail bound for QuickSelect, and (iii) is only slightly worse (with a $\log\log n$ factor) than the manually-proven optimal asymptotic tail bound for QuickSort. Moreover, our algorithmic approach handles all examples (including realistic PRRs such as QuickSort, QuickSelect, DiameterComputation, etc.) in less than 0.1 seconds, showing that our approach is efficient in practice.
Semantic Scholar venue: International Conference on Computer Aided Verification
Publication types: JournalArticle|Conference
Fields of study: Computer Science"
2734,"Title: An Efficient Normalisation Procedure for Linear Temporal Logic and Very Weak Alternating Automata.
Venue: lics
Authors: Salomon Sickert, Javier Esparza
Abstract: In the mid 80s, Lichtenstein, Pnueli, and Zuck proved a classical theorem stating that every formula of Past LTL (the extension of LTL with past operators) is equivalent to a formula of the form Λni =1 GFφi ∨FGψi, where φi and ψi contain only past operators. Some years later, Chang, Manna, and Pnueli built on this result to derive a similar normal form for LTL. Both normalisation procedures have a non-elementary worst-case blow-up, and follow an involved path from formulas to counter-free automata to star-free regular expressions and back to formulas. We improve on both points. We present a direct and purely syntactic normalisation procedure for LTL yielding a normal form, comparable to the one by Chang, Manna, and Pnueli, that has only a single exponential blow-up. As an application, we derive a simple algorithm to translate LTL into deterministic Rabin automata. The algorithm normalises the formula, translates it into a special very weak alternating automaton, and applies a simple determinisation procedure, valid only for these special automata.
Semantic Scholar venue: Logic in Computer Science
Publication types: JournalArticle|Book|Conference
Fields of study: Mathematics|Computer Science"
990,"Title: Jokes and Belief Revision.
Venue: kr
Authors: Florence Dupin De Saint-Cyr, Henri Prade
Abstract: The paper deals with a topic little studied in artificial intelligence: the understanding of humor. In this preliminary study, we try to identify the basic mechanism at work in quips and narrative jokes. It seems that in many cases a belief revision process is operating, leading to an unexpected conclusion, through the punchline of the jest. We propose a formal modeling of jokes based on belief revision. Namely the punchline, which triggers a revision, is both surprising and explains perfectly what was reported in the beginning of the joke. This also suggests a way of ranking jokes in terms of surprise and strength of explanation, using possibilistic logic.
Semantic Scholar venue: International Conference on Principles of Knowledge Representation and Reasoning
Publication types: JournalArticle|Conference
Fields of study: Computer Science"
2230,"Title: Solving Parity Games via Priority Promotion.
Venue: cav
Authors: Massimo Benerecetti, Daniele Dell’Erba, Fabio Mogavero
Abstract: A new algorithm is proposed for the solution of this decision problem, based on the idea of promoting vertexes to higher priorities during the search for winning regions, exhibiting the best space complexity among the currently known solutions.
Semantic Scholar venue: Formal methods in system design
Publication types: JournalArticle
Fields of study: Computer Science"
1441,"Title: Structural Operational Semantics for Functional and Security Verification of Pipelined Processors.
Venue: cav
Authors: Robert J. Colvin, Roger C. Su
Abstract: Abstract The design of computer microarchitectures is a challenging task, involving a trade-off between efficiency and security. In the literature, two concerns which are affected by the details of the microarchitecture – formal assembly semantics, and vulnerability discovery and mitigation – are often addressed separately. In this paper we provide a structural operational semantics for pipelined microprocessors (Arm, x86, RISC-V) that is based on a regular understanding of microarchitectural features (pipelines, branch prediction, caches, privilege checks), conforms to established memory consistency models, and exposes the Spectre and Meltdown vulnerabilities. A key point is that the operational rules correspond to stages of the pipeline and are based almost entirely on syntactic aspects of fetched instructions, as is generally understood to be the case in real pipelines. We develop a model checker based closely on the semantics, which we use to experimentally validate the model and to provide the basis for security analyses.
Semantic Scholar venue: International Conference on Computer Aided Verification
Publication types: JournalArticle|Conference
Fields of study: Computer Science"
1436,"Title: Automated Parameterized Verification of a Railway Protection System with Dafny.
Venue: cav
Authors: Roberto Cavada, Alessandro Cimatti, Alberto Griggio, Christian Lidström, Gianluca Redondi, Giuseppe Scaglione, Matteo Tessi, Dylan Trenti
Abstract: Abstract In this paper we describe an industrial experience in the verification of the logic of a Railway Protection System (RPS). The RPS is designed within AIDA, a structured model-based design workflow and toolset. The RPS is written in a domain specific language amenable to signaling engineers, that is converted into Extended Finite State Machines (EFSM), and then into executable code. The RPS is parameterized, i.e., it can be applied, after configuration, in different operational scenarios. The logic is divided in classes, that are instantiated depending on the specific application. The verification challenge is to ensure that the required properties hold for all possible instantiations . We follow a verification approach based on the use of deductive methods, leveraging the Dafny framework. The AIDA environment is used to translate the RPS logic into Dafny, and also to automatically generate the contracts summarizing the methods implementing the guards and effects of the EFSM transitions. This approach greatly limits the need for human interaction with the underlying Dafny proof engine. In addition to domain specific optimizations, it results in an automated and efficient proof of the RPS properties.
Semantic Scholar venue: International Conference on Computer Aided Verification
Publication types: JournalArticle|Conference
Fields of study: Computer Science"
2424,"Title: A Nominal Approach to Probabilistic Separation Logic.
Venue: lics
Authors: John M. Li, Jon Aytac, Philip Johnson-Freyd, Amal Ahmed, Steven Holtzen
Abstract: Currently, there is a gap between the tools used by probability theorists and those used in formal reasoning about probabilistic programs. On the one hand, a probability theorist decomposes probabilistic state along the simple and natural product of probability spaces. On the other hand, recently developed probabilistic separation logics decompose state via relatively unfamiliar measure-theoretic constructions for computing unions of sigma-algebras and probability measures. We bridge the gap between these two perspectives by showing that these two methods of decomposition are equivalent up to a suitable equivalence of categories. Our main result is a probabilistic analog of the classic equivalence between the category of nominal sets and the Schanuel topos. Through this equivalence, we validate design decisions in prior work on probabilistic separation logic and create new connections to nominal-setlike models of probability.
Semantic Scholar venue: Logic in Computer Science
Publication types: JournalArticle|Book|Conference
Fields of study: Computer Science"
2082,"Title: On the Completeness of Verifying Message Passing Programs Under Bounded Asynchrony.
Venue: cav
Authors: Ahmed Bouajjani, Constantin Enea, Kailiang Ji, Shaz Qadeer
Abstract: We address the problem of verifying message passing programs, defined as a set of parallel processes communicating through unbounded FIFO buffers. We introduce a bounded analysis that explores a special type of computations, called k-synchronous. These computations can be viewed as (unbounded) sequences of interaction phases, each phase allowing at most k send actions (by different processes), followed by a sequence of receives corresponding to sends in the same phase. We give a procedure for deciding k-synchronizability of a program, i.e., whether every computation is equivalent (has the same happens-before relation) to one of its k-synchronous computations. We also show that reachability over k-synchronous computations and checking k-synchronizability are both PSPACE-complete. Furthermore, we introduce a class of programs called {\em flow-bounded} for which the problem of deciding whether there exists a k>0 for which the program is k-synchronizable, is decidable.
Semantic Scholar venue: International Conference on Computer Aided Verification
Publication types: JournalArticle|Conference
Fields of study: Computer Science"
2643,"Title: Internal ∞-Categorical Models of Dependent Type Theory : Towards 2LTT Eating HoTT.
Venue: lics
Authors: Nicolai Kraus
Abstract: Using dependent type theory to formalise the syntax of dependent type theory is a very active topic of study and goes under the name of ""type theory eating itself"" or ""type theory in type theory."" Most approaches are at least loosely based on Dybjer’s categories with families (CwF’s) and come with a type Con of contexts, a type family Ty indexed over it modelling types, and so on. This works well in versions of type theory where the principle of unique identity proofs (UIP) holds. In homotopy type theory (HoTT) however, it is a long-standing and frequently discussed open problem whether the type theory ""eats itself"" and can serve as its own interpreter. The fundamental underlying difficulty seems to be that categories are not suitable to capture a type theory in the absence of UIP.In this paper, we develop a notion of ∞-categories with families (∞-CwF’s). The approach to higher categories used relies on the previously suggested semi-Segal types, with a new construction of identity substitutions that allow for both univalent and non-univalent variations. The type-theoretic universe as well as the internalised (set-level) syntax are models, although it remains a conjecture that the latter is initial. To circumvent the known unsolved problem of constructing semisimplicial types, the definition is presented in two-level type theory (2LTT).Apart from introducing ∞-CwF’s, the paper explains the shortcomings of 1-categories in type theory without UIP as well as the difficulties of and approaches to internal higher-dimensional categories.
Semantic Scholar venue: Logic in Computer Science
Publication types: JournalArticle|Book
Fields of study: Computer Science|Mathematics"
1971,"Title: Robust Controller Synthesis in Timed Büchi Automata: A Symbolic Approach.
Venue: cav
Authors: Damien Busatto-Gaston, Benjamin Monmege, Pierre-Alain Reynier, Ocan Sankur
Abstract: We solve in a purely symbolic way the robust controller synthesis problem in timed automata with Buchi acceptance conditions. The goal of the controller is to play according to an accepting lasso of the automaton, while resisting to timing perturbations chosen by a competing environment. The problem was previously shown to be PSPACE-complete using regions-based techniques, but we provide a first tool solving the problem using zones only, thus more resilient to state-space explosion problem. The key ingredient is the introduction of branching constraint graphs allowing to decide in polynomial time whether a given lasso is robust, and even compute the largest admissible perturbation if it is. We also make an original use of constraint graphs in this context in order to test the inclusion of timed reachability relations, crucial for the termination criterion of our algorithm. Our techniques are illustrated using a case study on the regulation of a train network.
Semantic Scholar venue: International Conference on Computer Aided Verification
Publication types: JournalArticle|Conference
Fields of study: Computer Science"
2149,"Title: Challenges and Tool Implementation of Hybrid Rapidly-Exploring Random Trees.
Venue: cav
Authors: Stanley Bak, Sergiy Bogomolov, Thomas A. Henzinger, Aviral Kumar
Abstract: This paper explores some of the design decisions encountered while implementing a hybrid extension of the RRT algorithm and focuses on handling non-determinism, which arises due to discrete transitions, and introduces the notion of important points to account for this phenomena.
Semantic Scholar venue: NSV@CAV
Publication types: JournalArticle
Fields of study: Computer Science"
1993,"Title: Numerically-Robust Inductive Proof Rules for Continuous Dynamical Systems.
Venue: cav
Authors: Sicun Gao, James Kapinski, Jyotirmoy Deshmukh, Nima Roohi, Armando Solar-Lezama, Nikos Arechiga, Soonho Kong
Abstract: Numerically-robust inductive proof rules for unbounded stability and safety properties of continuous dynamical systems are formulated and demonstrated for rigorously verifying unbounded properties of various nonlinear systems, including a challenging powertrain control model.
Semantic Scholar venue: International Conference on Computer Aided Verification
Publication types: JournalArticle|Conference
Fields of study: Computer Science"
2390,"Title: Contextual Equivalence for State and Control via Nested Data.
Venue: lics
Authors: Benedict Bunting, Andrzej Murawski
Abstract: We consider contextual equivalence in an ML-like language, where contexts have access to both general references and continuations. We show that in a finitary setting, i.e. when the base types are finite and there is no recursion, the problem is decidable for all programs with first-order references and continuations, assuming they have continuation- and reference-free interfaces. This is the best one can hope for in this case, because the addition of references to functions, to continuations or to references makes the problem undecidable. The result is notable since, unlike earlier work in the area, we need not impose any restrictions on type-theoretic order or the use of first-order references inside terms. In particular, the programs concerned can generate unbounded heaps. Our decidability argument relies on recasting the corresponding fully abstract trace semantics of terms as instances of automata with a decidable equivalence problem. The automata used for this purpose belong to the family of automata over infinite alphabets (aka data automata), where the infinite alphabet (dataset) has the shape of a forest.
Semantic Scholar venue: Logic in Computer Science
Publication types: JournalArticle|Book|Conference
Fields of study: Computer Science"
2736,"Title: Making Streett Determinization Tight.
Venue: lics
Authors: Cong Tian, Wensheng Wang, Zhenhua Duan
Abstract: Optimal determinization construction of Streett automata is an important research problem because it is indispensable in numerous applications such as decision problems for tree temporal logics, logic games and system synthesis. This paper presents a transformation from nondeterministic Streett automata (NSA) with n states and k Streett pairs to equivalent deterministic Rabin transition automata (DRTA) with n5n(n!)n states, O(nn2) Rabin pairs for k = ω(n) and n5nknk states, O(knk) Rabin pairs for k = O(n). This improves the state of the art Streett determinization construction with n5n(n!)n+1 states, O(n2) Rabin pairs and n5nknkn! states, O(nk) Rabin pairs, respectively. Moreover, deterministic parity transition automata (DPTA) are obtained with 3(n(n + 1) -- 1)!(n!)n+1 states, 2n(n +1) priorities for k = ω(n) and 3(n(k +1) -- 1)!n!knk states, 2n(k + 1) priorities for k = O(n), which improves the best construction with nn(k + 1)n(k+1)(n(k + 1) -- 1)! states, 2n(k + 1) priorities. Further, we prove a lower bound state complexity for determinization construction from N-SA to deterministic Rabin (transition) automata i.e. n5n(n!)n for k = ω(n) and n5nknk for k = O(n), which matches the state complexity of the proposed determinization construction. Besides, we put forward a lower bound state complexity for determinization construction from NSA to deterministic parity (transition) automata i.e. 2ω(n2 log n) for k = ω(n) and 2ω(nk log nk) for k = O(n), which is the same as the state complexity of the proposed determinization construction in the exponent.
Semantic Scholar venue: Logic in Computer Science
Publication types: JournalArticle|Book|Conference
Fields of study: Mathematics|Computer Science|Physics"
1138,"Title: Towards Belief Contraction without Compactness.
Venue: kr
Authors: Jandson Santos Ribeiro Santos
Abstract: This paper shows that, when the background logic does not satisfy compactness, as long as the language in question is closed under classical negation and disjunction, AGM style belief contraction functions (with appropriate adjustments) can be constructed.
Semantic Scholar venue: International Conference on Principles of Knowledge Representation and Reasoning
Publication types: JournalArticle|Conference
Fields of study: Computer Science"
2690,"Title: Temporal Constraint Satisfaction Problems in Fixed-Point Logic.
Venue: lics
Authors: Manuel Bodirsky, Wied Pakusa, Jakub Rydval
Abstract: Finite-domain constraint satisfaction problems are either solvable by Datalog, or not even expressible in fixed-point logic with counting. The border between the two regimes can be described by a strong height-one Maltsev condition. For infinite-domain CSPs, the situation is more complicated even if the template structure of the CSP is model-theoretically tame. We prove that there is no Maltsev condition that characterizes Datalog already for the CSPs of first-order reducts of (Q; <); such CSPs are called temporal CSPs and are of fundamental importance in infinite-domain constraint satisfaction. Our main result is a complete classification of temporal CSPs that can be expressed in one of the following logical formalisms: Datalog, fixed-point logic (with or without counting), or fixed-point logic with the Boolean rank operator. The classification shows that many of the equivalent conditions in the finite fail to capture expressibility in Datalog or fixed-point logic already for temporal CSPs.
Semantic Scholar venue: Logic in Computer Science
Publication types: JournalArticle|Book|Conference
Fields of study: Computer Science|Mathematics"
1757,"Title: Learning Probabilistic Termination Proofs.
Venue: cav
Authors: 
Abstract: We present the first machine learning approach to the termination analysis of probabilistic programs. Ranking supermartingales (RSMs) prove that probabilistic programs halt, in expectation, within a finite number of steps. While previously RSMs were directly synthesised from source code, our method learns them from sampled execution traces. We introduce the neural ranking supermartingale: we let a neural network fit an RSM over execution traces and then we verify it over the source code using satisfiability modulo theories (SMT); if the latter step produces a counterexample, we generate from it new sample traces and repeat learning in a counterexample-guided inductive synthesis loop, until the SMT solver confirms the validity of the RSM. The result is thus a sound witness of probabilistic termination. Our learning strategy is agnostic to the source code and its verification counterpart supports the widest range of probabilistic single-loop programs that any existing tool can handle to date. We demonstrate the efficacy of our method over a range of benchmarks that include linear and polynomial programs with discrete, continuous, state-dependent, multi-variate, hierarchical distributions, and distributions with undefined moments.
Semantic Scholar venue: International Conference on Computer Aided Verification
Publication types: JournalArticle|Conference
Fields of study: Computer Science"
1589,"Title: Structured Contracts in the EUTxO Ledger Model.
Venue: cav
Authors: 
Abstract: This work introduces the framework of structured contracts to formalize what it means for a stateful program to be correctly implemented on the ledger, and argues that the framework is versatile enough to cover a range of examples, in particular proving the equivalence of multiple concrete implementations of the same abstract specification.
Semantic Scholar venue: FMBC@CAV
Publication types: JournalArticle
Fields of study: Computer Science"
2358,"Title: When is the partial map classifier a Sierpiński cone?
Venue: lics
Authors: Leoni Pugh, Jonathan Sterling
Abstract: We study the relationship between partial map classifiers, Sierpiński cones, and axioms for synthetic higher categories and domains within univalent foundations. In particular, we show that synthetic ∞-categories are closed under partial map classifiers assuming Phoa’s principle, and we isolate a new reflective subuniverse of types within which the Sierpiński cone (a lax colimit) can be computed as a partial map classifier by strengthening the Segal condition.
Semantic Scholar venue: Logic in Computer Science
Publication types: JournalArticle
Fields of study: Computer Science|Mathematics"
1230,"Title: Bayesian Deduction with Subjective Opinions.
Venue: kr
Authors: Huaping Lu-Adler
Abstract: This work presents an extension of Bayesian deduction to the framework of subjective logic, which represents uncertain probabilistic information in the form of subjective opinions, which allow for explicitly modelling and operating with degrees of uncertainty about the probability distributions.
Semantic Scholar venue: International Conference on Principles of Knowledge Representation and Reasoning
Publication types: JournalArticle|Conference
Fields of study: Computer Science"
1120,"Title: Abductive Diagnosis of Complex Active Systems with Compiled Knowledge.
Venue: kr
Authors: L. Console, L. Portinale, D. Theseider Dupre
Abstract: An abduction-based diagnosis technique for a class of discrete-event systems (DESs), called complex active systems (CASs), is presented and the correctness (soundness and completeness) of the technique is formally proven.
Semantic Scholar venue: International Conference on Principles of Knowledge Representation and Reasoning
Publication types: JournalArticle|Conference
Fields of study: Computer Science"
2495,"Title: Boolean symmetric vs. functional PCSP dichotomy.
Venue: lics
Authors: Tamio-Vesa Nakajima, Stanislav Živný
Abstract: As our first result, we establish a dichotomy for promise constraint satisfaction problems of the form PCSP(A, B), where A is Boolean and symmetric and B is functional (on a domain of any size); i.e, all but one element of any tuple in a relation in B determine the last element. This includes PCSPs of the form PCSP(q-in-r, B), where B is functional, thus making progress towards a classification of PCSP(1-in-3, B), which were studied by Barto, Battistelli, and Berg [STACS’21] for B on three-element domains.As our second result, we show that for PCSP(A, B), where A contains a single symmetric relation and B is arbitrary (and thus not necessarily functional), the combined basic linear programming relaxation (BLP) and the affine integer programming relaxation (AIP) of Brakensiek et al. [SICOMP’20] is no more powerful than the (in general strictly weaker) AIP relaxation of Brakensiek and Guruswami [SICOMP’21].
Semantic Scholar venue: Logic in Computer Science
Publication types: JournalArticle
Fields of study: Computer Science"
2492,"Title: Evidential Decision Theory via Partial Markov Categories.
Venue: lics
Authors: Elena Di Lavore, Mario Román
Abstract: We introduce partial Markov categories. In the same way that Markov categories encode stochastic processes, partial Markov categories encode stochastic processes with constraints, observations and updates. In particular, we prove a synthetic Bayes theorem; we apply it to define a syntactic partial theory of observations on any Markov category whose normalisations can be computed in the original Markov category. Finally, we formalise Evidential Decision Theory in terms of partial Markov categories, and provide examples.
Semantic Scholar venue: Logic in Computer Science
Publication types: JournalArticle
Fields of study: Computer Science|Mathematics"
2264,"Title: Soufflé: On Synthesis of Program Analyzers.
Venue: cav
Authors: Herbert Jordan, Bernhard Scholz, Pavle Subotić
Abstract: This tool paper introduces the Souffle architecture, usage and demonstrates its applicability for large-scale code analysis on the OpenJDK7 library as a use case.
Semantic Scholar venue: International Conference on Computer Aided Verification
Publication types: JournalArticle|Conference
Fields of study: Computer Science"
1481,"Title: A Misconception-Driven Adaptive Tutor for Linear Temporal Logic.
Venue: cav
Authors: Siddhartha Prasad, Ben Greenman, Tim Nelson, Shriram Krishnamurthi
Abstract: Abstract Linear Temporal Logic (LTL) is used widely in verification, planning, and more. Unfortunately, users often struggle to learn it. To improve their learning, they need drill, instruction, and adaptation to their strengths and weaknesses. Furthermore, this should fit into whatever learning process they are already part of (such as a course). In response, we have built a misconception-based automated tutoring system. It assumes learners have a basic understanding of logic, and focuses on their understanding of LTL operators. Crucially, it takes advantage of multiple years of research (by our team, with collaborators) into misconceptions about LTL amongst both novices and experts. The tutor generates questions using these known learner misconceptions; this enables the tutor to determine which concepts learners are strong and weak on. When learners get a question wrong, they are offered immediate feedback in terms of the concrete error they made. If they consistently demonstrate similar errors, the tool offers them feedback in terms of more general misconceptions, and tailors subsequent question sets to exercise those misconceptions. The tool is hosted for free on-line, is available open source for self-hosting, and offers instructor-friendly features.
Semantic Scholar venue: International Conference on Computer Aided Verification
Publication types: JournalArticle|Conference
Fields of study: Computer Science"
2033,"Title: Symbolic Monitoring Against Specifications Parametric in Time and Data.
Venue: cav
Authors: Masaki Waga, Étienne André, Ichiro Hasuo
Abstract: Monitoring consists in deciding whether a log meets a given specification. In this work, we propose an automata-based formalism to monitor logs in the form of actions associated with time stamps and arbitrarily data values over infinite domains. Our formalism uses both timing parameters and data parameters, and is able to output answers symbolic in these parameters and in the log segments where the property is satisfied or violated. We implemented our approach in an ad-hoc prototype SyMon, and experiments show that its high expressive power still allows for efficient online monitoring.
Semantic Scholar venue: International Conference on Computer Aided Verification
Publication types: JournalArticle|Conference
Fields of study: Computer Science|Mathematics"
1704,"Title: Proof-Guided Underapproximation Widening for Bounded Model Checking.
Venue: cav
Authors: Prantik Chatterjee, Jaydeepsinh Meda, Akash Lal, Subhajit Roy
Abstract: Abstract Bounded Model Checking (BMC) is a popularly used strategy for program verification and it has been explored extensively over the past decade. Despite such a long history, BMC still faces scalability challenges as programs continue to grow larger and more complex. One approach that has proven to be effective in verifying large programs is called Counterexample Guided Abstraction Refinement (CEGAR). In this work, we propose a complementary approach to CEGAR for bounded model checking of sequential programs: in contrast to CEGAR, our algorithm gradually widens underapproximations of a program, guided by the proofs of unsatisfiability. We implemented our ideas in a tool called Legion . We compare the performance of Legion against that of Corral , a state-of-the-art verifier from Microsoft, that utilizes the CEGAR strategy. We conduct our experiments on 727 Windows and Linux device driver benchmarks. We find that Legion is able to solve 12% more instances than Corral and that Legion exhibits a complementary behavior to that of Corral . Motivated by this, we also build a portfolio verifier, $$\textsc {Legion}^{+}$$ <mml:math xmlns:mml=""http://www.w3.org/1998/Math/MathML""> <mml:mrow> <mml:mi>L</mml:mi> <mml:msup> <mml:mstyle> <mml:mi>E</mml:mi> <mml:mi>G</mml:mi> <mml:mi>I</mml:mi> <mml:mi>O</mml:mi> <mml:mi>N</mml:mi> </mml:mstyle> <mml:mo>+</mml:mo> </mml:msup> </mml:mrow> </mml:math> , that attempts to draw the best of Legion and Corral . Our portfolio, $$\textsc {Legion}^{+}$$ <mml:math xmlns:mml=""http://www.w3.org/1998/Math/MathML""> <mml:mrow> <mml:mi>L</mml:mi> <mml:msup> <mml:mstyle> <mml:mi>E</mml:mi> <mml:mi>G</mml:mi> <mml:mi>I</mml:mi> <mml:mi>O</mml:mi> <mml:mi>N</mml:mi> </mml:mstyle> <mml:mo>+</mml:mo> </mml:msup> </mml:mrow> </mml:math> , solves 15% more benchmarks than Corral with similar computational resource constraints (i.e. each verifier in the portfolio is run with a time budget that is half of the time budget of Corral ). Moreover, it is found to be $$2.9\times $$ <mml:math xmlns:mml=""http://www.w3.org/1998/Math/MathML""> <mml:mrow> <mml:mn>2.9</mml:mn> <mml:mo>×</mml:mo> </mml:mrow> </mml:math> faster than Corral on benchmarks that are solved by both Corral and $$\textsc {Legion}^{+}$$ <mml:math xmlns:mml=""http://www.w3.org/1998/Math/MathML""> <mml:mrow> <mml:mi>L</mml:mi> <mml:msup> <mml:mstyle> <mml:mi>E</mml:mi> <mml:mi>G</mml:mi> <mml:mi>I</mml:mi> <mml:mi>O</mml:mi> <mml:mi>N</mml:mi> </mml:mstyle> <mml:mo>+</mml:mo> </mml:msup> </mml:mrow> </mml:math> .
Semantic Scholar venue: International Conference on Computer Aided Verification
Publication types: JournalArticle|Conference
Fields of study: Computer Science"
2114,"Title: Layered Concurrent Programs.
Venue: cav
Authors: P Sathyasri, P Thenmozhi, S Sakthivel
Abstract: A compact and expressive notation for specifying refinement proofs of concurrent programs, which reduces refinement to the safety of a sequence of concurrent checker programs, one each to justify the connection between every two consecutive concurrent programs.
Semantic Scholar venue: International Conference on Computer Aided Verification
Publication types: JournalArticle|Conference
Fields of study: Computer Science"
1699,"Title: Local Search for SMT on Linear Integer Arithmetic.
Venue: cav
Authors: Shaowei Cai, Bohan Li, Xindi Zhang
Abstract: Abstract Satisfiability Modulo Linear Integer Arithmetic, SMT (LIA) for short, has significant applications in many domains. In this paper, we develop the first local search algorithm for SMT (LIA) by directly operating on variables, breaking through the traditional framework. We propose a local search framework by considering the distinctions between Boolean and integer variables. Moreover, we design a novel operator and scoring functions tailored for LIA, and propose a two-level operation selection heuristic. Putting these together, we develop a local search SMT (LIA) solver called LS-LIA. Experiments are carried out to evaluate LS-LIA on benchmarks from SMTLIB and two benchmark sets generated from job shop scheduling and data race detection. The results show that LS-LIA is competitive and complementary with state-of-the-art SMT solvers, and performs particularly well on those formulae with only integer variables. A simple sequential portfolio with Z3 improves the state-of-the-art on satisfiable benchmark sets of LIA and IDL benchmarks from SMT-LIB. LS-LIA also solves Job Shop Scheduling benchmarks substantially faster than traditional complete SMT solvers.
Semantic Scholar venue: International Conference on Computer Aided Verification
Publication types: JournalArticle|Conference
Fields of study: Computer Science"
2854,"Title: A Theory of Register Monitors.
Venue: lics
Authors: Thomas Ferrère, Thomas A. Henzinger, N. Ege Saraç
Abstract: The task of a monitor is to watch, at run-time, the execution of a reactive system, and signal the occurrence of a safety violation in the observed sequence of events. While finite-state monitors have been studied extensively, in practice, monitoring software also makes use of unbounded memory. We define a model of automata equipped with integer-valued registers which can execute only a bounded number of instructions between consecutive events, and thus can form the theoretical basis for the study of infinite-state monitors. We classify these register monitors according to the number k of available registers, and the type of register instructions. In stark contrast to the theory of computability for register machines, we prove that for every k ≥ 1, monitors with k + 1 counters (with instruction set ⟨+1, =⟩) are strictly more expressive than monitors with k counters. We also show that adder monitors (with instruction set ⟨1, +, =⟩) are strictly more expressive than counter monitors, but are complete for monitoring all computable safety ω-languages for k = 6. Real-time monitors are further required to signal the occurrence of a safety violation as soon as it occurs. The expressiveness hierarchy for counter monitors carries over to real-time monitors. We then show that 2 adders cannot simulate 3 counters in real-time. Finally, we show that real-time adder monitors with inequalities are as expressive as real-time Turing machines.
Semantic Scholar venue: Logic in Computer Science
Publication types: JournalArticle|Book|Conference
Fields of study: Computer Science"
2534,"Title: Cyclic Implicit Complexity.
Venue: lics
Authors: Gianluca Curzi, Anupam Das
Abstract: Circular (or cyclic) proofs have received increasing attention in recent years and have been proposed as an alternative setting for studying (co)inductive reasoning. In particular, now several type systems based on circular reasoning have been proposed. However, little is known about the complexity theoretic aspects of circular proofs, which exhibit sophisticated loop structures atypical of more common ‘recursion schemes’. This article attempts to bridge the gap between circular proofs and implicit computational complexity (ICC). Namely, we introduce a circular proof system based on Bellantoni and Cook’s famous safe-normal function algebra, and we identify proof theoretical constraints, inspired by ICC, to characterise the polynomial-time and elementary computable functions. Along the way, we introduce new recursion theoretic implicit characterisations of these classes that may be of interest in their own right.
Semantic Scholar venue: ACM Transactions on Computational Logic
Publication types: JournalArticle
Fields of study: Computer Science|Mathematics"
1486,"Title: Engineering an Efficient Probabilistic Exact Model Counter.
Venue: cav
Authors: Mate Soos, Kuldeep S. Meel
Abstract: Ganak2 is presented, a novel framework that achieves substantial performance improvements through three key technical innovations: a dual independent set framework maintaining distinct SAT-eligibility and decision sets, chronological backtracking specifically adapted to model counting, and refined residual formula processing incorporating SAT-specific techniques while maintaining seamless state transitions.
Semantic Scholar venue: International Conference on Computer Aided Verification
Publication types: JournalArticle|Conference
Fields of study: Computer Science"
2476,"Title: Allegories of Symbolic Manipulations.
Venue: lics
Authors: Francesco Gavazzo
Abstract: Moving from the mathematical theory of (abstract) syntax, we develop a general relational theory of symbolic manipulation parametric with respect to, and accounting for, general notions of syntax. We model syntax relying on categorical notions, such as free algebras and monads, and show that a general theory of symbolic manipulation in the style of rewriting systems can be obtained by extending such notions to an allegorical setting. This way, we obtain an augmented calculus of relations accounting for syntax-based rewriting. We witness the effectiveness of the relational approach by generalising and unifying milestones results in rewriting, such as the parallel moves and the Tait-Martin-Löf techniques.
Semantic Scholar venue: Logic in Computer Science
Publication types: JournalArticle
Fields of study: Computer Science"
2449,"Title: Symmetries of Graphs and Structures that Fail to Interpret a Finite Thing.
Venue: lics
Authors: Libor Barto, Bertalan Bodor, Marcin Kozik, Antoine Mottet, Michael Pinsker
Abstract: We investigate structural implications arising from the condition that a given directed graph does not interpret, in the sense of primitive positive interpretation with parameters or orbits, every finite structure. Our results generalize several theorems from the literature and yield further algebraic invariance properties that must be satisfied in every such graph. Algebraic properties of this kind are tightly connected to the tractability of constraint satisfaction problems, and we obtain new such properties even for infinite countably categorical graphs. We balance these positive results by showing the existence of a countably categorical hypergraph that fails to interpret some finite structure, while still lacking some of the most essential algebraic invariance properties known to hold for finite structures.
Semantic Scholar venue: Logic in Computer Science
Publication types: JournalArticle
Fields of study: Computer Science"
1465,"Title: A Formally Verified IEEE 754 Floating-Point Implementation of Interval Iteration for MDPs.
Venue: cav
Authors: Bram Kohlen, Maximilian Schäffeler, Mohammad Abdulaziz, Arnd Hartmanns, Peter Lammich
Abstract: We present an efficiently executable, formally verified implementation of interval iteration for MDPs. Our correctness proofs span the entire development from the high-level abstract semantics of MDPs to a low-level implementation in LLVM that is based on floating-point arithmetic. We use the Isabelle/HOL proof assistant to verify convergence of our abstract definition of interval iteration and employ step-wise refinement to derive an efficient implementation in LLVM code. To that end, we extend the Isabelle Refinement Framework with support for reasoning about floating-point arithmetic and directed rounding modes. We experimentally demonstrate that the verified implementation is competitive with state-of-the-art tools for MDPs, while providing formal guarantees on the correctness of the results.
Semantic Scholar venue: International Conference on Computer Aided Verification
Publication types: JournalArticle|Conference
Fields of study: Computer Science"
982,"Title: Towards a Logic of Meta-Analysis.
Venue: kr
Authors: Rafael Peñaloza
Abstract: We currently have access to a plethora of statistical analyses based on sampling limited parts of a population. Meta-analysis is the task of combining several statistical results to obtain a more precise and reliable picture of the population. By the nature of sampling, all these results are uncertain, and difficult to combine with other knowledge. In this position paper, we propose a first approach for automated reasoning in meta-analyses.
Semantic Scholar venue: International Conference on Principles of Knowledge Representation and Reasoning
Publication types: JournalArticle|Conference
Fields of study: Computer Science"
2664,"Title: Normalization for Cubical Type Theory.
Venue: lics
Authors: Jonathan Sterling, Carlo Angiuli
Abstract: We prove normalization for (univalent, Cartesian) cubical type theory, closing the last major open problem in the syntactic metatheory of cubical type theory. Our normalization result is reduction-free, in the sense of yielding a bijection between equivalence classes of terms in context and a tractable language of β/η-normal forms. As corollaries we obtain both decidability of judgmental equality and the injectivity of type constructors.
Semantic Scholar venue: Logic in Computer Science
Publication types: Book|JournalArticle
Fields of study: Computer Science|Mathematics"
800,"Title: A Minimal Deductive System for RDFS with Negative Statements.
Venue: kr
Authors: Umberto Straccia, Giovanni Casini
Abstract: The triple language RDFS is designed to represent and reason with positive statements only (e.g., ""antipyretics are drugs""). In this paper, we extend RDFS to deal with various forms of negative statements under the Open World Assumption (OWA). To do so, we consider ρdf, a minimal, but significant RDFS fragment that covers all essential features of RDFS, and then extend it to ρdf¬⊥, allowing express also statements such as ``radio therapies are non drug treatments"", ""Ebola has no treatment"", or ""opioids and antipyretics are disjoint classes"". The main features of our proposal are: (i) ρdf¬⊥ remains syntactically a triple language by extending ρdf with new symbols with specific semantics and there is no need to revert to the reification method to represent negative triples; (ii) the logic is defined in such a way that any RDFS reasoner/store may handle the new predicates as ordinary terms if it does not want to take account of the extra capabilities; (iii) despite negated statements, every ρdf¬⊥ knowledge base is satisfiable; (iv) the ρdf¬⊥ entailment decision procedure is obtained from ρdf via additional inference rules favouring a potential implementation; and (v) deciding entailment in ρdf¬⊥ ranges from P to NP.
Semantic Scholar venue: International Conference on Principles of Knowledge Representation and Reasoning
Publication types: JournalArticle|Conference
Fields of study: Computer Science"
2017,"Title: Verifying Asynchronous Event-Driven Programs Using Partial Abstract Transformers.
Venue: cav
Authors: Peizun Liu, Thomas Wahl, Akash Lal
Abstract: We address the problem of analyzing asynchronous event-driven programs, in which concurrent agents communicate via unbounded message queues. The safety verification problem for such programs is undecidable. We present in this paper a technique that combines queue-bounded exploration with a convergence test: if the sequence of certain abstractions of the reachable states, for increasing queue bounds k, converges, we can prove any property of the program that is preserved by the abstraction. If the abstract state space is finite, convergence is guaranteed; the challenge is to catch the point k_max where it happens. We further demonstrate how simple invariants formulated over the concrete domain can be used to eliminate spurious abstract states, which otherwise prevent the sequence from converging. We have implemented our technique for the P programming language for event-driven programs. We show experimentally that the sequence of abstractions often converges fully automatically, in hard cases with minimal designer support in the form of sequentially provable invariants, and that this happens for a value of k_max small enough to allow the method to succeed in practice.
Semantic Scholar venue: International Conference on Computer Aided Verification
Publication types: JournalArticle|Conference
Fields of study: Computer Science"
1163,"Title: Examining Leakage from Access Counts in ORAM Constructions.
Venue: kr
Authors: Nikolaos P. Karvelas, Amos Treiber, Stefan Katzenbeisser
Semantic Scholar venue: Krypto-Tag
Publication types: JournalArticle
Fields of study: Computer Science"
2507,"Title: On Certificates, Expected Runtimes, and Termination in Probabilistic Pushdown Automata.
Venue: lics
Authors: Tobias Winkler, Joost-Pieter Katoen
Abstract: Probabilistic pushdown automata (pPDA) are a natural operational model for a variety of recursive discrete stochastic processes. In this paper, we study certificates – succinct and easily verifiable proofs – for upper and lower bounds on various quantitative properties of a given pPDA. We reveal an intimate, yet surprisingly simple connection between the existence of such certificates and the expected time to termination of the pPDA at hand. This is established by showing that certain intrinsic properties, like the spectral radius of the Jacobian of the pPDA’s underlying polynomial equation system, are directly related to expected runtimes. As a consequence, we obtain that there always exist easy-to-check proofs for positive almost-sure termination: does a pPDA terminate in finite expected time?
Semantic Scholar venue: Logic in Computer Science
Publication types: JournalArticle
Fields of study: Computer Science"
2437,"Title: Equivalence and Conditional Independence in Atomic Sheaf Logic.
Venue: lics
Authors: Alex Simpson
Abstract: We propose a semantic foundation for logics for reasoning in settings that possess a distinction between equality of variables, a coarser equivalence of variables, and a notion of conditional independence between variables. We show that such relations can be modelled naturally in atomic sheaf toposes. Equivalence of variables is modelled by an intrinsic relation of atomic equivalence that is possessed by every atomic sheaf. We identify additional structure on the category generating the atomic topos (primarily, the existence of a system of independent pullbacks) that allows conditional independence to be interpreted in the topos. We then study the logic of equivalence and conditional independence that is induced by the internal logic of the topos. This atomic sheaf logic is a classical logic that validates a number of fundamental reasoning principles relating equivalence and conditional independence. As a concrete example of this abstract framework, we use the atomic topos over the category of surjections between finite nonempty sets as our main running example. In this category, the interpretations of equivalence and conditional independence coincide with those given by the multiteam semantics of independence logic, in which the role of equivalence is taken by the relation of mutual inclusion. A major difference from independence logic is that, in atomic sheaf logic, the multiteam semantics of the equivalence and conditional independence relations is embedded within a classical surrounding logic. At the end of the paper, we briefly outline two other instances of our framework, to demonstrate its versatility. The first of these is a category of probability sheaves, in which atomic equivalence is equality-in-distribution, and the conditional independence relation is the usual probabilistic one. Our other example is the Schanuel topos (equivalent to nominal sets) where equivalence is orbit equality and conditional independence amounts to a relative form of separatedness.
Semantic Scholar venue: Logic in Computer Science
Publication types: Book|JournalArticle|Conference
Fields of study: Computer Science|Mathematics"
2074,"Title: Automata vs Linear-Programming Discounted-Sum Inclusion.
Venue: cav
Authors: Suguman Bansal, Swarat Chaudhuri, Moshe Y. Vardi
Abstract: The problem of quantitative inclusion formalizes the goal of comparing quantitative dimensions between systems such as worst-case execution time, resource consumption, and the like. Such systems are typically represented by formalisms such as weighted logics or weighted automata. Despite its significance in analyzing the quality of computing systems, the study of quantitative inclusion has mostly been conducted from a theoretical standpoint. In this work, we conduct the first empirical study of quantitative inclusion for discounted-sum weighted automata (DS-inclusion, in short).
Semantic Scholar venue: International Conference on Computer Aided Verification
Publication types: JournalArticle|Conference
Fields of study: Computer Science"
1859,"Title: PrIC3: Property Directed Reachability for MDPs.
Venue: cav
Authors: Kevin Batz, Sebastian Junges, Benjamin Lucien Kaminski, Joost-Pieter Katoen, Christoph Matheja, Philipp Schröer
Abstract: IC3 has been a leap forward in symbolic model checking. This paper proposes PrIC3 (pronounced pricy-three), a conservative extension of IC3 to symbolic model checking of MDPs. Our main focus is to develop the theory underlying PrIC3. Alongside, we present a first implementation of PrIC3 including the key ingredients from IC3 such as generalization, repushing, and propagation.
Semantic Scholar venue: International Conference on Computer Aided Verification
Publication types: JournalArticle|Conference
Fields of study: Computer Science"
2098,"Title: Controller Synthesis Made Real: Reach-Avoid Specifications and Linear Dynamics.
Venue: cav
Authors: Chuchu Fan, Umang Mathur, Sayan Mitra, Mahesh Viswanathan
Abstract: We address the problem of synthesizing provably correct controllers for linear systems with reach-avoid specifications. Our solution uses a combination of an open-loop controller and a tracking controller, thereby reducing the problem to smaller tractable problems. We show that, once a tracking controller is fixed, the reachable states from an initial neighborhood, subject to any disturbance, can be over-approximated by a sequence of ellipsoids, with sizes that are independent of the open-loop controller. Hence, the open-loop controller can be synthesized independently to meet the reach-avoid specification for an initial neighborhood. Exploiting several techniques for tightening the over-approximations, we reduce the open-loop controller synthesis problem to satisfiability over quantifier-free linear real arithmetic. The overall synthesis algorithm, computes a tracking controller, and then iteratively covers the entire initial set to find open-loop controllers for initial neighborhoods. The algorithm is sound and, for a class of robust systems, is also complete. We present RealSyn, a tool implementing this synthesis algorithm, and we show that it scales to several high-dimensional systems with complex reach-avoid specifications.
Semantic Scholar venue: International Conference on Computer Aided Verification
Publication types: JournalArticle|Conference
Fields of study: Computer Science"
873,"Title: The Yoneda Reduction of Polymorphic Types (Abstract).
Venue: kr
Authors: , Tommaso Petrucciani
Abstract: A family of type isomorphisms in System F whose validity corresponds, semantically, to some form of the Yoneda isomorphism from category theory, and it is shown that the Yoneda type isomorphisms yield a rewriting over types, that is used to eliminate quantifiers from a polymorphic type.
Semantic Scholar venue: SOQE@KR
Publication types: JournalArticle
Fields of study: Computer Science|Mathematics"
1644,"Title: Certifying the Fairness of KNN in the Presence of Dataset Bias.
Venue: cav
Authors: Yannan Li, Jingbo Wang, Chao Wang
Abstract: We propose a method for certifying the fairness of the classification result of a widely used supervised learning algorithm, the k-nearest neighbors (KNN), under the assumption that the training data may have historical bias caused by systematic mislabeling of samples from a protected minority group. To the best of our knowledge, this is the first certification method for KNN based on three variants of the fairness definition: individual fairness, $\epsilon$-fairness, and label-flipping fairness. We first define the fairness certification problem for KNN and then propose sound approximations of the complex arithmetic computations used in the state-of-the-art KNN algorithm. This is meant to lift the computation results from the concrete domain to an abstract domain, to reduce the computational cost. We show effectiveness of this abstract interpretation based technique through experimental evaluation on six datasets widely used in the fairness research literature. We also show that the method is accurate enough to obtain fairness certifications for a large number of test inputs, despite the presence of historical bias in the datasets.
Semantic Scholar venue: International Conference on Computer Aided Verification
Publication types: JournalArticle|Conference
Fields of study: Computer Science"
998,"Title: Explainable and Argumentation-based Decision Making with Qualitative Preferences for Diagnostics and Prognostics of Alzheimer&apos;s Disease.
Venue: kr
Authors: Zhiwei Zeng, Zhiqi Shen, Benny Toh Hsiang Tan, Jing Jih Chin, Cyril Leung, Yu Wang, Ying Chi, Chunyan Miao
Abstract: Argumentation has gained traction as a formalism to make more transparent decisions and provide formal explanations recently. In this paper, we present an argumentation-based approach to decision making that can support modelling and automated reasoning about complex qualitative preferences and offer dialogical explanations for the decisions made. We first propose Qualitative Preference Decision Frameworks (QPDFs). In a QPDF, we use contextual priority to represent the relative importance of combinations of goals in different contexts and define associated strategies for deriving decision preferences based on prioritized goal combinations. To automate the decision computation, we map QPDFs to Assumption-based Argumentation (ABA) frameworks so that we can utilize existing ABA argumentative engines for our implementation. We implemented our approach for two tasks, diagnostics and prognostics of Alzheimer's Disease (AD), and evaluated it with real-world datasets. For each task, one of our models achieves the highest accuracy and good precision and recall for all classes compared to common machine learning models. Moreover, we study how to formalize argumentation dialogues that give contrastive, focused and selected explanations for the most preferred decisions selected in given contexts.
Semantic Scholar venue: International Conference on Principles of Knowledge Representation and Reasoning
Publication types: JournalArticle|Conference
Fields of study: Computer Science"
2269,"Title: A SAT-Based Counterexample Guided Method for Unbounded Synthesis.
Venue: cav
Authors: Alexander Legg, Nina Narodytska, Leonid Ryzhyk
Abstract: This work applies Craig interpolation to abstract game trees produced by counterexample guided search in order to construct a monotonic sequence of may-losing regions to solve some previously intractable instances of reactive synthesis.
Semantic Scholar venue: International Conference on Computer Aided Verification
Publication types: JournalArticle|Conference
Fields of study: Computer Science"
