id,bge_m3_dense_class1_irrelevant,bge_m3_dense_class2_adjacent,bge_m3_dense_class3_related,bge_m3_dense_class4_relevant,bge_m3_dense_class5_core,bge_m3_sparse_class1_irrelevant,bge_m3_sparse_class2_adjacent,bge_m3_sparse_class3_related,bge_m3_sparse_class4_relevant,bge_m3_sparse_class5_core
0,0.5898768,0.6131333,0.5925069,0.62167543,0.59977514,0.15771484375,0.134521484375,0.12548828125,0.1397705078125,0.1527099609375
1,0.52398527,0.610861,0.5910776,0.56974715,0.53513527,0.0675048828125,0.134033203125,0.13916015625,0.055572509765625,0.049652099609375
2,0.5784119,0.5984324,0.6329738,0.603215,0.59229827,0.0272216796875,0.033905029296875,0.08233642578125,0.013336181640625,0.0243377685546875
3,0.5898715,0.61948365,0.64588505,0.6057198,0.5691402,0.0207061767578125,0.0289459228515625,0.032928466796875,0.0186614990234375,0.06768798828125
4,0.5175805,0.5394001,0.5570291,0.53784955,0.5149398,0.0276641845703125,0.03753662109375,0.046356201171875,0.0209503173828125,0.0673828125
5,0.5386828,0.57334554,0.600428,0.5550009,0.5728931,0.012725830078125,0.061981201171875,0.08203125,0.029449462890625,0.01543426513671875
6,0.5523918,0.5438584,0.5755467,0.5777106,0.59427994,0.0771484375,0.01157379150390625,0.06658935546875,0.0215301513671875,0.049652099609375
7,0.5374217,0.61256707,0.5844768,0.5445275,0.5350518,0.091552734375,0.10760498046875,0.10516357421875,0.062469482421875,0.06005859375
8,0.5354256,0.53520876,0.5809634,0.5560584,0.54875517,0.06298828125,0.11309814453125,0.080810546875,0.0755615234375,0.1405029296875
9,0.59249294,0.57201695,0.58472055,0.59747773,0.6040482,0.1187744140625,0.1077880859375,0.1099853515625,0.06964111328125,0.059722900390625
10,0.48905328,0.50343364,0.5265149,0.5648901,0.54971504,0.1455078125,0.06390380859375,0.09747314453125,0.148193359375,0.1695556640625
11,0.5427674,0.5469829,0.5603094,0.5764077,0.5643257,0.01849365234375,0.002307891845703125,0.00276947021484375,0.0174713134765625,0.0220489501953125
12,0.5354694,0.5574303,0.57118815,0.5904209,0.5471415,0.12249755859375,0.1236572265625,0.099609375,0.118896484375,0.07098388671875
13,0.5398731,0.56035566,0.54476357,0.54822594,0.5598573,0.045257568359375,0.00913238525390625,0.03582763671875,0.042449951171875,0.0257568359375
14,0.5803929,0.5566666,0.5998187,0.60927796,0.6021202,0.141845703125,0.10498046875,0.10321044921875,0.1290283203125,0.23876953125
15,0.5183479,0.5252038,0.5249744,0.5181474,0.51174486,0.06396484375,0.03271484375,0.07928466796875,0.0202789306640625,0.03179931640625
16,0.50319237,0.5003104,0.52433753,0.53724885,0.51392925,0.02044677734375,0.0120086669921875,0.00894927978515625,0.0343017578125,0.0269927978515625
17,0.52256465,0.56578296,0.5955317,0.55351794,0.55328655,0.1134033203125,0.10101318359375,0.1153564453125,0.099609375,0.100341796875
18,0.5614146,0.5969177,0.5961643,0.61991185,0.60157394,0.08917236328125,0.15283203125,0.1202392578125,0.13720703125,0.1435546875
19,0.6207098,0.56204045,0.61044055,0.64974445,0.63719976,0.2054443359375,0.060150146484375,0.10662841796875,0.1947021484375,0.2454833984375
20,0.61982304,0.5912281,0.607257,0.67764705,0.6720252,0.1126708984375,0.06793212890625,0.07720947265625,0.12548828125,0.24072265625
21,0.5221722,0.5474198,0.5582052,0.5433438,0.52183837,0.02197265625,0.010498046875,0.0153045654296875,0.01800537109375,0.0276641845703125
22,0.5643806,0.53896946,0.58361137,0.5947772,0.6372168,0.1524658203125,0.049896240234375,0.079345703125,0.152587890625,0.18310546875
23,0.5466811,0.5411236,0.5601618,0.55627006,0.616479,0.07977294921875,0.050323486328125,0.0601806640625,0.06927490234375,0.11932373046875
24,0.51078236,0.57735646,0.5334267,0.5203273,0.5480399,0.1297607421875,0.137451171875,0.11102294921875,0.081787109375,0.0858154296875
25,0.53691435,0.5771935,0.57279116,0.58022183,0.53911567,0.0283203125,0.058502197265625,0.06329345703125,0.022979736328125,0.0279083251953125
26,0.53528744,0.5684687,0.57141584,0.60426927,0.5476938,0.07879638671875,0.06298828125,0.07659912109375,0.07763671875,0.1092529296875
27,0.50003266,0.53883356,0.49070585,0.5432078,0.5288952,0.0087432861328125,0.0184783935546875,0.0009264945983886719,0.0078582763671875,0.03759765625
28,0.5608018,0.55677676,0.52329355,0.5899676,0.5854804,0.11822509765625,0.06964111328125,0.0703125,0.07147216796875,0.0654296875
29,0.58940953,0.58068633,0.59768766,0.5957893,0.57566905,0.017059326171875,0.0093231201171875,0.0068206787109375,0.01232147216796875,0.02142333984375
30,0.51942676,0.53868794,0.5778591,0.5719522,0.5705506,0.0911865234375,0.1390380859375,0.09814453125,0.087646484375,0.07159423828125
31,0.4929307,0.5257891,0.48875016,0.5451441,0.5348213,0.07501220703125,0.0460205078125,0.0081939697265625,0.066162109375,0.08148193359375
32,0.56259406,0.580479,0.57439995,0.58055633,0.56506354,0.051483154296875,0.06976318359375,0.05291748046875,0.0487060546875,0.070068359375
33,0.5838632,0.54967594,0.5829885,0.6466957,0.6202608,0.2108154296875,0.090087890625,0.1297607421875,0.187255859375,0.367919921875
34,0.60460836,0.59729326,0.63183665,0.58634686,0.5874983,0.07635498046875,0.076171875,0.130859375,0.056671142578125,0.0426025390625
35,0.5402597,0.57631373,0.5879574,0.5485192,0.5511962,0.07537841796875,0.0941162109375,0.1221923828125,0.044219970703125,0.0242919921875
36,0.5979603,0.58907706,0.61104864,0.59273446,0.5950396,0.030853271484375,0.0,0.0269317626953125,0.031158447265625,0.0091705322265625
37,0.61721075,0.62339115,0.6287846,0.6434759,0.63229066,0.044097900390625,0.05303955078125,0.0389404296875,0.04205322265625,0.1217041015625
38,0.5975421,0.57213855,0.6214109,0.6295624,0.6626657,0.244384765625,0.1563720703125,0.1409912109375,0.22216796875,0.289306640625
39,0.58535683,0.5377033,0.606686,0.5981274,0.5644317,0.165283203125,0.053955078125,0.09063720703125,0.1644287109375,0.2098388671875
40,0.51638407,0.52283424,0.51806533,0.5370018,0.53418684,0.064208984375,0.006500244140625,0.0562744140625,0.05914306640625,0.0736083984375
41,0.5911489,0.5615162,0.61606073,0.55438364,0.5419911,0.10302734375,0.0293426513671875,0.1075439453125,0.029541015625,0.0269927978515625
42,0.5545786,0.55854505,0.5910731,0.559578,0.5587143,0.1524658203125,0.0234527587890625,0.1434326171875,0.08251953125,0.07305908203125
43,0.54160786,0.56236887,0.569828,0.5651117,0.5458467,0.1304931640625,0.05291748046875,0.1231689453125,0.1160888671875,0.07550048828125
44,0.47151038,0.48592788,0.46201998,0.48304194,0.46771437,0.114501953125,0.03460693359375,0.0430908203125,0.0919189453125,0.11328125
45,0.5503957,0.54314274,0.5734595,0.59821975,0.60304487,0.1849365234375,0.1378173828125,0.11810302734375,0.162109375,0.2249755859375
46,0.49229,0.5040325,0.5362848,0.49877173,0.53047234,0.1602783203125,0.0191192626953125,0.15087890625,0.08856201171875,0.0770263671875
47,0.4638043,0.4679439,0.4772459,0.48018274,0.46300578,0.13671875,0.0430908203125,0.038818359375,0.1317138671875,0.172607421875
48,0.5640598,0.55212057,0.5843103,0.59819293,0.6204913,0.236083984375,0.14306640625,0.1837158203125,0.249267578125,0.25439453125
49,0.46217597,0.48786396,0.48579818,0.49835902,0.5056176,0.1112060546875,0.1202392578125,0.09375,0.115966796875,0.1929931640625
50,0.56164306,0.5793979,0.5540785,0.55288106,0.53796536,0.06524658203125,0.05145263671875,0.041351318359375,0.0584716796875,0.041534423828125
51,0.5517269,0.5463714,0.55579305,0.5712808,0.53411406,0.041107177734375,0.030792236328125,0.033966064453125,0.04058837890625,0.04498291015625
52,0.49823833,0.521378,0.5644368,0.53565407,0.4964787,0.0207061767578125,0.09393310546875,0.06573486328125,0.0093994140625,0.0499267578125
53,0.49435824,0.5084147,0.5050403,0.5395888,0.512476,0.062408447265625,0.063232421875,0.072021484375,0.062347412109375,0.08538818359375
54,0.5633246,0.56553674,0.6192214,0.6088842,0.6272312,0.1351318359375,0.055084228515625,0.1029052734375,0.1258544921875,0.134033203125
55,0.49896204,0.5143137,0.53080213,0.5145199,0.50930744,0.10784912109375,0.1385498046875,0.1884765625,0.096435546875,0.13330078125
56,0.5547177,0.5594373,0.55556893,0.547673,0.53055423,0.1141357421875,0.1744384765625,0.18310546875,0.09967041015625,0.11083984375
57,0.47286826,0.5132117,0.5232603,0.5031245,0.4800108,0.0531005859375,0.04437255859375,0.074462890625,0.051513671875,0.07159423828125
58,0.4779809,0.46926147,0.43623734,0.51314837,0.48591864,0.05615234375,0.0,0.022064208984375,0.07183837890625,0.1072998046875
59,0.5562848,0.55164397,0.5510709,0.5885504,0.57038397,0.172607421875,0.1019287109375,0.1005859375,0.1597900390625,0.126708984375
60,0.6172383,0.6223696,0.6348052,0.67428434,0.6509029,0.2279052734375,0.1822509765625,0.157470703125,0.253662109375,0.31884765625
61,0.49326116,0.48075068,0.50738096,0.5687388,0.539552,0.1669921875,0.0567626953125,0.11798095703125,0.17333984375,0.19189453125
62,0.5409997,0.55655277,0.57100475,0.561557,0.5349217,0.11663818359375,0.137451171875,0.1024169921875,0.11083984375,0.177490234375
63,0.6144448,0.5769589,0.6349888,0.63326204,0.6112036,0.2205810546875,0.170654296875,0.2088623046875,0.1890869140625,0.2197265625
64,0.5198491,0.5167528,0.55420345,0.5768089,0.5767821,0.164306640625,0.1156005859375,0.1612548828125,0.16650390625,0.2685546875
65,0.5330452,0.5144752,0.5406193,0.58307713,0.5988027,0.1968994140625,0.054962158203125,0.114990234375,0.205078125,0.2607421875
66,0.49601394,0.5137741,0.54450333,0.5317998,0.54323477,0.140625,0.1260986328125,0.19287109375,0.12310791015625,0.18310546875
67,0.5235472,0.551221,0.5591595,0.5724692,0.58640176,0.09002685546875,0.05670166015625,0.053619384765625,0.0701904296875,0.1678466796875
68,0.5425229,0.5401234,0.55998087,0.5535531,0.54151076,0.2064208984375,0.132080078125,0.153076171875,0.2125244140625,0.21142578125
69,0.5913979,0.5765464,0.6262685,0.61455905,0.5912049,0.1907958984375,0.0911865234375,0.11383056640625,0.191650390625,0.2103271484375
70,0.56512827,0.6013489,0.6018975,0.6072936,0.605042,0.09893798828125,0.0882568359375,0.09527587890625,0.0863037109375,0.17919921875
71,0.51468307,0.5352391,0.56042933,0.52257603,0.5368014,0.115234375,0.11932373046875,0.09228515625,0.1097412109375,0.126220703125
72,0.5813332,0.5801593,0.5812278,0.6349786,0.5972073,0.188232421875,0.053619384765625,0.0853271484375,0.192138671875,0.248291015625
73,0.59734774,0.5798801,0.5570402,0.61645955,0.5858577,0.199951171875,0.0946044921875,0.0989990234375,0.163330078125,0.1849365234375
74,0.5607971,0.5698561,0.5738878,0.592524,0.5969192,0.165283203125,0.136962890625,0.08984375,0.133544921875,0.18994140625
75,0.5720037,0.57654834,0.63183194,0.6270553,0.62894183,0.265380859375,0.173095703125,0.1641845703125,0.26904296875,0.330078125
76,0.60369945,0.59385335,0.63628465,0.6776533,0.62040806,0.252197265625,0.20703125,0.16552734375,0.2646484375,0.264892578125
77,0.57251954,0.5668514,0.62106293,0.60756004,0.604717,0.1632080078125,0.07147216796875,0.06109619140625,0.1427001953125,0.251708984375
78,0.51779735,0.57398355,0.5650981,0.5607229,0.54070246,0.105712890625,0.11456298828125,0.07440185546875,0.07000732421875,0.11614990234375
79,0.5327004,0.5617275,0.5389097,0.5350255,0.5406189,0.11627197265625,0.1639404296875,0.08245849609375,0.01959228515625,0.1219482421875
80,0.5742298,0.5769781,0.5998497,0.6406692,0.6526091,0.19482421875,0.1439208984375,0.2059326171875,0.2098388671875,0.3173828125
81,0.5270022,0.5385661,0.54706144,0.58187675,0.6027459,0.2120361328125,0.0902099609375,0.11761474609375,0.21630859375,0.2271728515625
82,0.5421695,0.5704013,0.61889404,0.58852136,0.5842773,0.1004638671875,0.10498046875,0.11578369140625,0.103271484375,0.2276611328125
83,0.5464213,0.53096163,0.5383879,0.5540211,0.5453435,0.11273193359375,0.09857177734375,0.0887451171875,0.09539794921875,0.08758544921875
84,0.5951169,0.62343276,0.679593,0.5887648,0.56125236,0.11358642578125,0.109619140625,0.173095703125,0.08984375,0.138916015625
85,0.5195426,0.5315788,0.52133787,0.5499514,0.4819747,0.07452392578125,0.09844970703125,0.0662841796875,0.08905029296875,0.0279693603515625
86,0.54915756,0.54454744,0.5893491,0.62416697,0.6084125,0.2265625,0.1578369140625,0.16552734375,0.2359619140625,0.31982421875
87,0.54204214,0.5868077,0.58591765,0.55902904,0.546971,0.07635498046875,0.04144287109375,0.098388671875,0.07000732421875,0.06292724609375
88,0.5322981,0.516537,0.53037775,0.52712137,0.5407636,0.09210205078125,0.01605224609375,0.07769775390625,0.08050537109375,0.073486328125
89,0.5486895,0.5715884,0.60273236,0.57338834,0.5706652,0.2286376953125,0.187255859375,0.19970703125,0.2119140625,0.292724609375
90,0.6442435,0.6195457,0.65140074,0.6830393,0.66739416,0.16015625,0.0538330078125,0.153564453125,0.1617431640625,0.311279296875
91,0.65572643,0.647345,0.6943755,0.69713897,0.69894195,0.10528564453125,0.08026123046875,0.099853515625,0.09857177734375,0.29638671875
92,0.5110134,0.51308835,0.5639061,0.5335693,0.56165653,0.06536865234375,0.10546875,0.088134765625,0.0718994140625,0.1851806640625
93,0.54290557,0.5342927,0.51003456,0.5431545,0.52972895,0.032470703125,0.0753173828125,0.0295562744140625,0.028411865234375,0.00980377197265625
94,0.5032904,0.5239967,0.5411223,0.53103065,0.54071134,0.12261962890625,0.0703125,0.10260009765625,0.1304931640625,0.175537109375
95,0.53090775,0.55399746,0.59573245,0.5472168,0.5421128,0.075439453125,0.1298828125,0.04559326171875,0.085693359375,0.10833740234375
96,0.49799827,0.52274567,0.5272207,0.53858465,0.5419786,0.1444091796875,0.063232421875,0.1063232421875,0.10650634765625,0.08056640625
97,0.50989515,0.52250266,0.5617516,0.5378479,0.53489,0.06011962890625,0.0645751953125,0.07257080078125,0.072998046875,0.0704345703125
98,0.5922123,0.5764246,0.5960781,0.58669025,0.6159903,0.11883544921875,0.013885498046875,0.06878662109375,0.05462646484375,0.11309814453125
99,0.4513285,0.48239452,0.5128709,0.47418913,0.46908528,0.06585693359375,0.105224609375,0.077880859375,0.0396728515625,0.054473876953125
100,0.52489316,0.53086185,0.52048004,0.5437826,0.58056325,0.11700439453125,0.05560302734375,0.072021484375,0.069091796875,0.066650390625
101,0.53567284,0.5268363,0.5509003,0.5801353,0.5964815,0.04339599609375,0.056793212890625,0.009033203125,0.04443359375,0.2301025390625
102,0.57330525,0.5520044,0.52651733,0.53398514,0.534077,0.10638427734375,0.040557861328125,0.06488037109375,0.0087890625,0.01529693603515625
103,0.510342,0.54835784,0.5607969,0.54343355,0.5234041,0.0145263671875,0.0,0.0009784698486328125,0.0099945068359375,0.0135345458984375
104,0.5276927,0.54399073,0.5814189,0.49926642,0.51003623,0.12255859375,0.1077880859375,0.1685791015625,0.04473876953125,0.0797119140625
105,0.5837333,0.58125997,0.55741286,0.5942955,0.5663393,0.08099365234375,0.041259765625,0.016815185546875,0.063720703125,0.08892822265625
106,0.50163674,0.48297575,0.53246677,0.5483326,0.5131525,0.108642578125,0.048797607421875,0.1280517578125,0.11358642578125,0.11859130859375
107,0.54103315,0.5702671,0.521728,0.5618755,0.53725684,0.037567138671875,0.0826416015625,0.0035533905029296875,0.06451416015625,0.0626220703125
108,0.60890865,0.6052991,0.63275796,0.6007596,0.6213916,0.1409912109375,0.07025146484375,0.136962890625,0.1297607421875,0.1265869140625
109,0.59608746,0.6109872,0.6409971,0.5989835,0.5938178,0.09832763671875,0.06158447265625,0.1409912109375,0.087890625,0.0775146484375
110,0.5322915,0.5397637,0.5577283,0.6040655,0.6082381,0.1265869140625,0.08880615234375,0.08184814453125,0.1185302734375,0.265625
111,0.58501637,0.5448235,0.54767466,0.6433889,0.6473913,0.1719970703125,0.005443572998046875,0.0296783447265625,0.138427734375,0.206298828125
112,0.51027936,0.48797926,0.49165732,0.5294607,0.5052344,0.2225341796875,0.050537109375,0.100830078125,0.206298828125,0.255126953125
113,0.5592459,0.59153324,0.5886519,0.5987799,0.5786651,0.158447265625,0.10650634765625,0.177734375,0.114013671875,0.08929443359375
114,0.513046,0.5109968,0.49909952,0.52297187,0.54255027,0.089599609375,0.05865478515625,0.07330322265625,0.03179931640625,0.02734375
115,0.5894497,0.5990849,0.59771454,0.6355816,0.58584464,0.168701171875,0.154541015625,0.13232421875,0.152099609375,0.2384033203125
116,0.5676925,0.58443964,0.58285254,0.5855538,0.59310883,0.1207275390625,0.0136260986328125,0.082763671875,0.06719970703125,0.091064453125
117,0.56313026,0.6135271,0.62863994,0.5710727,0.5716317,0.185302734375,0.214111328125,0.21435546875,0.1751708984375,0.2164306640625
118,0.45484936,0.48334914,0.53982574,0.49695957,0.49580157,0.05792236328125,0.05474853515625,0.10205078125,0.049774169921875,0.0718994140625
119,0.5093886,0.53443265,0.5382812,0.5273449,0.48896623,0.1522216796875,0.146240234375,0.1578369140625,0.0972900390625,0.08843994140625
120,0.5548461,0.6037022,0.6224543,0.58355117,0.55297005,0.09478759765625,0.154296875,0.134765625,0.107177734375,0.0985107421875
121,0.6152887,0.628886,0.62363756,0.6073932,0.56129855,0.1951904296875,0.09844970703125,0.21142578125,0.137451171875,0.15087890625
122,0.53221995,0.53967744,0.5576419,0.6039224,0.6081229,0.1265869140625,0.0887451171875,0.08184814453125,0.1185302734375,0.265625
123,0.58589387,0.58596176,0.6128368,0.60349023,0.6035751,0.10394287109375,0.12384033203125,0.09149169921875,0.0750732421875,0.121337890625
124,0.58422136,0.5853715,0.6101988,0.6349241,0.5920703,0.168212890625,0.1329345703125,0.1722412109375,0.1671142578125,0.2032470703125
125,0.5935473,0.581193,0.5682977,0.5700401,0.5685205,0.2247314453125,0.1025390625,0.1357421875,0.1533203125,0.1993408203125
126,0.5640251,0.5544639,0.5946909,0.56090057,0.5845858,0.093994140625,0.11614990234375,0.07373046875,0.083740234375,0.2015380859375
127,0.48974007,0.5115473,0.53394246,0.53729784,0.5315261,0.053619384765625,0.00920867919921875,0.045654296875,0.076416015625,0.08935546875
128,0.5228704,0.5499423,0.5830489,0.5283287,0.5441595,0.1539306640625,0.04034423828125,0.12445068359375,0.09521484375,0.07769775390625
129,0.5436539,0.5516331,0.5516914,0.590576,0.53212315,0.0882568359375,0.11474609375,0.04327392578125,0.11114501953125,0.11199951171875
130,0.5209259,0.5336314,0.566293,0.5386982,0.54473406,0.0892333984375,0.062469482421875,0.108642578125,0.04522705078125,0.1102294921875
131,0.5439292,0.5252533,0.62828135,0.5517007,0.5165558,0.114013671875,0.0513916015625,0.1826171875,0.104736328125,0.184326171875
132,0.53147185,0.57445914,0.5308652,0.56845796,0.5648849,0.03338623046875,0.12103271484375,0.00930023193359375,0.05450439453125,0.12353515625
133,0.44801322,0.45003808,0.4815017,0.43261227,0.42750764,0.005950927734375,0.0103912353515625,0.007171630859375,0.0037689208984375,0.045440673828125
134,0.5053219,0.51544046,0.54555213,0.5771966,0.58218175,0.09423828125,0.05157470703125,0.10870361328125,0.10333251953125,0.1619873046875
135,0.52060026,0.51115775,0.5386103,0.5508336,0.5471748,0.0845947265625,0.0,0.059600830078125,0.0291748046875,0.09814453125
136,0.57424736,0.6027962,0.6214603,0.53796273,0.56568265,0.09918212890625,0.078125,0.129150390625,0.0443115234375,0.11572265625
137,0.4759257,0.52008736,0.5099893,0.49273312,0.49685282,0.0088348388671875,0.04779052734375,0.00208282470703125,0.004787445068359375,0.037994384765625
138,0.53616893,0.53748584,0.5977142,0.5970192,0.56341195,0.142578125,0.0694580078125,0.12249755859375,0.148681640625,0.157958984375
139,0.57911164,0.5866824,0.62536114,0.59769034,0.60077125,0.1710205078125,0.1973876953125,0.2117919921875,0.138427734375,0.2027587890625
140,0.63829464,0.62833256,0.64815104,0.70434463,0.6912852,0.267822265625,0.177734375,0.1661376953125,0.2303466796875,0.276611328125
141,0.6479844,0.65472597,0.6610744,0.72085947,0.6736585,0.31787109375,0.233642578125,0.2376708984375,0.31591796875,0.429443359375
142,0.580728,0.5458765,0.58096397,0.65385723,0.6304097,0.1949462890625,0.0777587890625,0.11505126953125,0.173583984375,0.357666015625
143,0.49053335,0.55567557,0.50198185,0.5378301,0.5252788,0.1514892578125,0.1390380859375,0.130126953125,0.142822265625,0.1260986328125
144,0.5700149,0.5881656,0.6054102,0.6035019,0.5882892,0.10174560546875,0.0968017578125,0.09228515625,0.0897216796875,0.07659912109375
145,0.53673273,0.5798173,0.541252,0.59087515,0.5605732,0.0655517578125,0.09228515625,0.07672119140625,0.07257080078125,0.10028076171875
146,0.624721,0.58752775,0.5962787,0.6481338,0.67194474,0.287353515625,0.1639404296875,0.184814453125,0.254150390625,0.3212890625
147,0.46217597,0.48786396,0.48579818,0.49835902,0.5056176,0.1112060546875,0.1202392578125,0.09375,0.115966796875,0.1929931640625
148,0.61519617,0.6143991,0.6167376,0.6392313,0.61373436,0.062255859375,0.0662841796875,0.07513427734375,0.06707763671875,0.1358642578125
149,0.5614925,0.579487,0.6100914,0.56941193,0.5730392,0.2176513671875,0.17333984375,0.181640625,0.205078125,0.286865234375
150,0.60213196,0.64772373,0.65421224,0.6476877,0.6175986,0.09771728515625,0.11944580078125,0.1558837890625,0.0977783203125,0.09503173828125
151,0.54880697,0.57214844,0.5961594,0.57773614,0.55298066,0.0765380859375,0.073974609375,0.0909423828125,0.08270263671875,0.088134765625
152,0.5675678,0.54827994,0.5589359,0.54838765,0.577054,0.0281829833984375,0.01462554931640625,0.01348876953125,0.018951416015625,0.028167724609375
153,0.4965359,0.52467793,0.5304698,0.53660595,0.57858956,0.02099609375,0.087646484375,0.05816650390625,0.050018310546875,0.0240478515625
154,0.53235507,0.5701306,0.56856495,0.54833406,0.5308616,0.02252197265625,0.051605224609375,0.00804901123046875,0.0140533447265625,0.01812744140625
155,0.6121609,0.593344,0.59543735,0.61958116,0.6206421,0.11224365234375,0.01152801513671875,0.010772705078125,0.10552978515625,0.1529541015625
156,0.58701813,0.5686851,0.5996974,0.5878742,0.5757035,0.0982666015625,0.0447998046875,0.097900390625,0.0655517578125,0.1158447265625
157,0.56519437,0.6053196,0.6198617,0.59647804,0.5805283,0.061126708984375,0.08148193359375,0.06494140625,0.08184814453125,0.06512451171875
158,0.61795187,0.5998552,0.6107149,0.6541847,0.6318525,0.2298583984375,0.1163330078125,0.1669921875,0.214599609375,0.222412109375
159,0.52669805,0.5067078,0.52519524,0.53237534,0.51109564,0.033935546875,0.0041351318359375,0.0029621124267578125,0.03057861328125,0.03924560546875
160,0.54332376,0.534425,0.53732514,0.57767606,0.59661716,0.1820068359375,0.1097412109375,0.037445068359375,0.19873046875,0.34716796875
161,0.62049407,0.6122346,0.57325226,0.641462,0.6820223,0.0947265625,0.10614013671875,0.028411865234375,0.083740234375,0.1170654296875
162,0.53808504,0.53,0.53495675,0.5637674,0.63143176,0.04852294921875,0.042083740234375,0.0009355545043945312,0.040283203125,0.306884765625
163,0.57634056,0.5984837,0.57093716,0.6491001,0.6176611,0.1845703125,0.107421875,0.10113525390625,0.18994140625,0.1630859375
164,0.56278044,0.5571604,0.52793854,0.56863725,0.56913394,0.0218963623046875,0.04296875,0.00330352783203125,0.0181884765625,0.0270233154296875
165,0.5133569,0.55060357,0.52672464,0.5420311,0.5187427,0.0312347412109375,0.078125,0.025360107421875,0.049072265625,0.054168701171875
166,0.44175667,0.46464282,0.45627934,0.47320363,0.4984744,0.0313720703125,0.06109619140625,0.057037353515625,0.0214385986328125,0.03466796875
167,0.51839906,0.53404975,0.5754205,0.5582441,0.5266667,0.037994384765625,0.0310821533203125,0.0284576416015625,0.02606201171875,0.077880859375
168,0.56695116,0.55838686,0.5702271,0.6196885,0.6030108,0.1182861328125,0.03338623046875,0.00348663330078125,0.10723876953125,0.1763916015625
169,0.5538086,0.5959912,0.61903024,0.5732162,0.57899815,0.0771484375,0.135009765625,0.08685302734375,0.06719970703125,0.078369140625
170,0.57919186,0.6018264,0.6160071,0.58301437,0.6011201,0.13232421875,0.1484375,0.1365966796875,0.137939453125,0.1842041015625
171,0.5381025,0.52908915,0.571455,0.5184756,0.5194182,0.07379150390625,0.05072021484375,0.036773681640625,0.07354736328125,0.096923828125
172,0.53551316,0.554133,0.57277733,0.54156154,0.5422986,0.0220947265625,0.00042724609375,0.01064300537109375,0.01366424560546875,0.018096923828125
173,0.5818004,0.56929684,0.6209559,0.5638846,0.556082,0.009490966796875,0.043182373046875,0.0,0.00855255126953125,0.08154296875
174,0.59273845,0.57946336,0.6138865,0.63452935,0.6388841,0.142822265625,0.006000518798828125,0.1019287109375,0.134765625,0.2484130859375
175,0.5720492,0.5962757,0.61056006,0.55887073,0.5678718,0.0850830078125,0.076171875,0.05303955078125,0.0538330078125,0.08660888671875
176,0.5609603,0.5841661,0.5746999,0.6067334,0.5914815,0.044891357421875,0.09033203125,0.032623291015625,0.035858154296875,0.087646484375
177,0.60877544,0.650204,0.6175385,0.6030537,0.5407474,0.158203125,0.1683349609375,0.151611328125,0.146728515625,0.08807373046875
178,0.6015342,0.5894682,0.5962074,0.6360272,0.60621,0.20166015625,0.1455078125,0.14990234375,0.2125244140625,0.2098388671875
179,0.5269722,0.54056674,0.52738535,0.5658314,0.5670748,0.07574462890625,0.0880126953125,0.071533203125,0.10015869140625,0.193359375
180,0.5902943,0.5748802,0.62329644,0.65074974,0.6303742,0.193359375,0.056060791015625,0.12347412109375,0.1934814453125,0.27001953125
181,0.51065785,0.55277026,0.5354241,0.5246315,0.53814507,0.098388671875,0.101806640625,0.09320068359375,0.108642578125,0.14208984375
182,0.56271684,0.54759157,0.5630699,0.57812166,0.6216387,0.1705322265625,0.0869140625,0.1400146484375,0.0899658203125,0.1922607421875
183,0.59130585,0.61851335,0.6537613,0.63312185,0.60731,0.2109375,0.17822265625,0.2015380859375,0.2225341796875,0.2255859375
184,0.6031885,0.5923186,0.66752183,0.6638296,0.6377406,0.198486328125,0.057830810546875,0.1744384765625,0.2003173828125,0.208740234375
185,0.5511657,0.561888,0.5583595,0.5674928,0.58365214,0.09112548828125,0.0714111328125,0.0679931640625,0.07904052734375,0.1390380859375
186,0.63629246,0.60825014,0.6503506,0.6798174,0.6776515,0.1937255859375,0.06060791015625,0.1209716796875,0.207275390625,0.302001953125
187,0.5281086,0.53673977,0.5827579,0.5581266,0.5429747,0.069580078125,0.057861328125,0.132568359375,0.07379150390625,0.10919189453125
188,0.5694227,0.5980948,0.6181405,0.5864172,0.5716948,0.1341552734375,0.1409912109375,0.153076171875,0.1270751953125,0.1839599609375
189,0.55078477,0.5424147,0.6127182,0.5729062,0.5741684,0.10308837890625,0.05950927734375,0.1376953125,0.08843994140625,0.078125
190,0.55341905,0.6097742,0.5857061,0.5763108,0.5364717,0.09674072265625,0.05908203125,0.0897216796875,0.10498046875,0.0880126953125
191,0.6159779,0.5943203,0.59454143,0.65967023,0.6663415,0.1251220703125,0.125,0.093017578125,0.135498046875,0.280029296875
192,0.59205997,0.57220995,0.5927486,0.6320149,0.64637977,0.132080078125,0.060699462890625,0.1153564453125,0.13623046875,0.251708984375
193,0.5662925,0.56354624,0.60294646,0.5895982,0.5858805,0.15869140625,0.068115234375,0.1607666015625,0.08697509765625,0.1578369140625
194,0.5667619,0.57830983,0.62797767,0.5776672,0.5429747,0.100830078125,0.11566162109375,0.17919921875,0.1392822265625,0.135986328125
195,0.5578886,0.5588776,0.5888929,0.61222553,0.5952946,0.201904296875,0.1070556640625,0.11627197265625,0.2117919921875,0.27734375
196,0.5141837,0.5177847,0.5420291,0.5239286,0.5450674,0.170654296875,0.0931396484375,0.158935546875,0.101318359375,0.1995849609375
197,0.4714639,0.5020951,0.503907,0.494319,0.51632583,0.106201171875,0.0078582763671875,0.10125732421875,0.082763671875,0.047576904296875
198,0.53946847,0.5380322,0.572041,0.58984184,0.56253946,0.2353515625,0.124755859375,0.1395263671875,0.23388671875,0.298095703125
199,0.49899942,0.54578197,0.5626348,0.53893006,0.5456289,0.144775390625,0.045867919921875,0.144775390625,0.0853271484375,0.0576171875
200,0.5662457,0.53992784,0.5887854,0.56414104,0.6133443,0.1531982421875,0.1175537109375,0.1695556640625,0.093505859375,0.1580810546875
201,0.56973433,0.60181504,0.63663423,0.62793803,0.6021505,0.127197265625,0.1370849609375,0.17236328125,0.125244140625,0.178466796875
202,0.640155,0.59601724,0.6687248,0.6128469,0.61939377,0.129638671875,0.18408203125,0.2027587890625,0.10943603515625,0.113037109375
203,0.639162,0.638507,0.6871044,0.7173435,0.6784375,0.20703125,0.167236328125,0.1876220703125,0.192138671875,0.195556640625
204,0.57515216,0.56679195,0.61461216,0.57850146,0.6051055,0.1707763671875,0.1246337890625,0.1954345703125,0.14111328125,0.1983642578125
205,0.47607905,0.4618017,0.50807226,0.49140525,0.49204513,0.1376953125,0.02374267578125,0.1358642578125,0.08416748046875,0.10205078125
206,0.53786063,0.5229621,0.5799077,0.5573314,0.57733667,0.1126708984375,0.034820556640625,0.10125732421875,0.08685302734375,0.07421875
207,0.5122011,0.52635276,0.55859756,0.5664961,0.53037226,0.196044921875,0.06256103515625,0.08795166015625,0.1558837890625,0.1815185546875
208,0.55942553,0.55871606,0.5673673,0.59752804,0.59515166,0.0914306640625,0.07598876953125,0.061370849609375,0.05914306640625,0.130615234375
209,0.5408522,0.5650451,0.5429462,0.5482729,0.5666472,0.08941650390625,0.0389404296875,0.12200927734375,0.0830078125,0.084716796875
210,0.5868598,0.6214443,0.6218575,0.5600389,0.5832745,0.1612548828125,0.0838623046875,0.1802978515625,0.09161376953125,0.1868896484375
211,0.5318792,0.55206305,0.55485594,0.5576695,0.55933833,0.1170654296875,0.088623046875,0.11328125,0.1092529296875,0.1005859375
212,0.5794608,0.56159484,0.61669666,0.5804079,0.56874603,0.104736328125,0.051025390625,0.126953125,0.099365234375,0.0633544921875
213,0.5222636,0.553555,0.58762085,0.5563543,0.54886776,0.01180267333984375,0.0,0.0576171875,0.01004791259765625,0.037994384765625
214,0.51201445,0.5251571,0.5036641,0.56159955,0.5548792,0.2030029296875,0.054290771484375,0.0770263671875,0.19384765625,0.2039794921875
215,0.54917777,0.5515456,0.5748712,0.5592247,0.5599401,0.07177734375,0.04840087890625,0.032562255859375,0.06549072265625,0.12274169921875
216,0.5320854,0.5183091,0.54745656,0.5183973,0.5593354,0.1318359375,0.047149658203125,0.1112060546875,0.0797119140625,0.1666259765625
217,0.5865934,0.56798524,0.58606976,0.59987867,0.5761525,0.08837890625,0.019683837890625,0.05694580078125,0.08184814453125,0.062744140625
218,0.5101692,0.4938042,0.50171983,0.51427174,0.5451842,0.071533203125,0.0024509429931640625,0.06158447265625,0.01111602783203125,0.04766845703125
219,0.5301184,0.5808634,0.5863958,0.5549359,0.55965096,0.029266357421875,0.024200439453125,0.0194091796875,0.01947021484375,0.048309326171875
220,0.5748341,0.5242983,0.5513997,0.5940677,0.6187022,0.1468505859375,0.03631591796875,0.046905517578125,0.13671875,0.1910400390625
221,0.600533,0.6283187,0.6574848,0.61093014,0.60118777,0.146484375,0.08575439453125,0.130615234375,0.15478515625,0.1956787109375
222,0.57527816,0.5445279,0.5661763,0.61430806,0.60266995,0.112548828125,0.0217742919921875,0.0848388671875,0.094482421875,0.1845703125
223,0.59567267,0.573202,0.6190813,0.6518214,0.65704095,0.12646484375,0.01192474365234375,0.039794921875,0.1165771484375,0.1484375
224,0.49155656,0.47754085,0.5029442,0.5490036,0.5472695,0.0211181640625,0.01153564453125,0.01172637939453125,0.016448974609375,0.1221923828125
225,0.55757797,0.6009621,0.5731355,0.5616023,0.5315958,0.08880615234375,0.08587646484375,0.07000732421875,0.0726318359375,0.1016845703125
226,0.560902,0.5742986,0.57851183,0.5846383,0.54695594,0.10858154296875,0.101318359375,0.073486328125,0.097412109375,0.16064453125
227,0.54063106,0.5628835,0.5733587,0.57125455,0.54736793,0.019287109375,0.0,0.00066375732421875,0.0108642578125,0.01459503173828125
228,0.52977765,0.5612853,0.60773355,0.56723106,0.5347339,0.0467529296875,0.04791259765625,0.11724853515625,0.0565185546875,0.10009765625
229,0.58812827,0.6308111,0.6112297,0.5919185,0.5950367,0.10205078125,0.12078857421875,0.0965576171875,0.08209228515625,0.10369873046875
230,0.54670155,0.50868154,0.5490967,0.52664,0.51727146,0.1422119140625,0.01375579833984375,0.0576171875,0.103515625,0.2724609375
231,0.4847935,0.49862033,0.49124432,0.5680671,0.5588214,0.1634521484375,0.027008056640625,0.04180908203125,0.15625,0.1949462890625
232,0.55093986,0.5282776,0.5366962,0.56848353,0.5615953,0.15771484375,0.006816864013671875,0.0328369140625,0.143310546875,0.1766357421875
233,0.5067496,0.5659189,0.605277,0.5591969,0.5281026,0.026458740234375,0.06573486328125,0.06939697265625,0.0293731689453125,0.031951904296875
234,0.52105963,0.5119223,0.545003,0.57220846,0.5458885,0.1080322265625,0.00431060791015625,0.05316162109375,0.05755615234375,0.070068359375
235,0.6334263,0.62191415,0.66757524,0.69512403,0.657292,0.197021484375,0.0557861328125,0.0728759765625,0.1851806640625,0.1929931640625
236,0.5464419,0.5371256,0.54490525,0.5367929,0.58599174,0.116455078125,0.1732177734375,0.1297607421875,0.0928955078125,0.19873046875
237,0.5321603,0.5466703,0.5639976,0.52633613,0.5488529,0.05926513671875,0.10247802734375,0.060150146484375,0.01334381103515625,0.0660400390625
238,0.56743884,0.5971421,0.5634445,0.5944533,0.5663346,0.04425048828125,0.08953857421875,0.035369873046875,0.0604248046875,0.057342529296875
239,0.5744451,0.55120265,0.5646224,0.64100295,0.64620423,0.2227783203125,0.07623291015625,0.157958984375,0.2161865234375,0.300048828125
240,0.5559714,0.54357535,0.55896103,0.54239845,0.5331403,0.09454345703125,0.142578125,0.084716796875,0.0550537109375,0.1632080078125
241,0.5601554,0.54643005,0.5504849,0.55522543,0.5515163,0.1060791015625,0.050445556640625,0.084716796875,0.07073974609375,0.10101318359375
242,0.5415194,0.5674443,0.6026639,0.5641974,0.565815,0.1614990234375,0.1005859375,0.12939453125,0.140869140625,0.220458984375
243,0.6152691,0.577996,0.5632241,0.55037355,0.5075211,0.125244140625,0.13671875,0.1427001953125,0.06317138671875,0.06011962890625
244,0.5743537,0.54051816,0.588001,0.59329724,0.62732875,0.2117919921875,0.015869140625,0.07470703125,0.1990966796875,0.241455078125
245,0.65508103,0.63871485,0.6686321,0.7193331,0.6952831,0.362548828125,0.199951171875,0.278076171875,0.30126953125,0.450439453125
246,0.47766542,0.5030304,0.52838635,0.5451728,0.5747195,0.156005859375,0.07623291015625,0.09588623046875,0.174072265625,0.20361328125
247,0.58737963,0.58603394,0.5968003,0.6052238,0.63113725,0.1876220703125,0.05816650390625,0.0992431640625,0.1522216796875,0.247314453125
248,0.50643253,0.50503063,0.5301371,0.5378647,0.54648674,0.0748291015625,0.06915283203125,0.0291900634765625,0.051300048828125,0.141357421875
249,0.5687633,0.58145857,0.6022006,0.6109348,0.6180434,0.287109375,0.1905517578125,0.1767578125,0.290283203125,0.38037109375
250,0.61669964,0.62349886,0.6244155,0.6131819,0.5679436,0.2069091796875,0.121337890625,0.1490478515625,0.1722412109375,0.146484375
251,0.56988925,0.5903932,0.60112464,0.5718852,0.5977238,0.08966064453125,0.02203369140625,0.0198211669921875,0.0782470703125,0.10418701171875
252,0.5478821,0.5234047,0.54580086,0.62189686,0.6136649,0.11907958984375,0.01171875,0.039703369140625,0.1417236328125,0.177001953125
253,0.6510548,0.61084473,0.66084373,0.6656761,0.69389904,0.20556640625,0.10687255859375,0.118408203125,0.1922607421875,0.42333984375
254,0.47902322,0.5228619,0.50777936,0.50504106,0.53235734,0.010406494140625,9.632110595703125e-05,0.0015192031860351562,0.00936126708984375,0.0125885009765625
255,0.62881213,0.5733658,0.6285364,0.5757053,0.5695158,0.1260986328125,0.00754547119140625,0.07977294921875,0.0750732421875,0.137451171875
256,0.5780765,0.5808692,0.6070511,0.61024517,0.5980508,0.097900390625,0.07080078125,0.0787353515625,0.1036376953125,0.155029296875
257,0.5529764,0.5346644,0.5434366,0.59082305,0.5690682,0.08148193359375,0.002918243408203125,0.00237274169921875,0.07720947265625,0.20361328125
258,0.5201716,0.5587305,0.5645281,0.5971027,0.56060153,0.03118896484375,0.0,0.033721923828125,0.01021575927734375,0.01373291015625
259,0.5831108,0.5793915,0.6151718,0.60665417,0.5933079,0.08294677734375,0.06060791015625,0.1253662109375,0.07000732421875,0.1458740234375
260,0.4983818,0.5817563,0.55715215,0.5325403,0.54199135,0.0130157470703125,0.004009246826171875,0.002872467041015625,0.01038360595703125,0.037841796875
261,0.5441917,0.5568242,0.5669671,0.63312674,0.6273061,0.1453857421875,0.0823974609375,0.06378173828125,0.1441650390625,0.2181396484375
262,0.5793657,0.567637,0.5878064,0.59056705,0.5905778,0.142333984375,0.011962890625,0.07611083984375,0.134765625,0.1900634765625
263,0.5595539,0.5304431,0.530476,0.6119304,0.6006563,0.12384033203125,0.0132904052734375,0.040313720703125,0.12164306640625,0.1444091796875
264,0.5597627,0.539903,0.5565117,0.56019664,0.58575356,0.07940673828125,0.0002351999282836914,0.0064239501953125,0.0771484375,0.093505859375
265,0.5783637,0.62328726,0.6160619,0.6315607,0.60843074,0.044708251953125,0.122314453125,0.038848876953125,0.09454345703125,0.203125
266,0.54842484,0.5277842,0.5012982,0.5532713,0.6102882,0.06475830078125,0.0,0.02899169921875,0.036529541015625,0.08978271484375
267,0.4689969,0.48803622,0.44823495,0.48350808,0.45756844,0.01326751708984375,0.0021915435791015625,0.001804351806640625,0.015960693359375,0.0203094482421875
268,0.5621716,0.58483136,0.5898564,0.5998579,0.5859555,0.0911865234375,0.1051025390625,0.0963134765625,0.0909423828125,0.166259765625
269,0.56919515,0.60673153,0.63727677,0.6272871,0.5619442,0.071533203125,0.048583984375,0.11865234375,0.06829833984375,0.04864501953125
270,0.5261783,0.55373365,0.56436765,0.52640396,0.55218184,0.0810546875,0.110107421875,0.07818603515625,0.06597900390625,0.07440185546875
271,0.5838582,0.62227935,0.62041414,0.6381053,0.6128397,0.054931640625,0.045135498046875,0.0579833984375,0.06304931640625,0.0675048828125
272,0.6097377,0.592718,0.63893795,0.62510884,0.6080079,0.13134765625,0.020233154296875,0.09722900390625,0.1204833984375,0.11663818359375
273,0.5813849,0.57299924,0.5692896,0.5868775,0.60962266,0.03778076171875,0.029998779296875,0.035858154296875,0.02581787109375,0.035247802734375
274,0.5975977,0.5887299,0.61957747,0.5915206,0.58940953,0.06378173828125,0.055633544921875,0.1298828125,0.040771484375,0.09515380859375
275,0.5683984,0.5684311,0.5959979,0.58514965,0.56898904,0.0677490234375,0.0897216796875,0.08148193359375,0.066650390625,0.1385498046875
276,0.47417462,0.48454782,0.48028827,0.5249548,0.5011513,0.1416015625,0.048797607421875,0.05059814453125,0.13232421875,0.193603515625
277,0.5080573,0.52351713,0.5765676,0.54419845,0.55214655,0.1292724609375,0.114013671875,0.08734130859375,0.12200927734375,0.216552734375
278,0.49691913,0.49137405,0.52604437,0.52861416,0.533062,0.0540771484375,0.0,0.0455322265625,0.0097808837890625,0.047027587890625
279,0.5240116,0.54440486,0.57049465,0.5905602,0.5885993,0.1884765625,0.0718994140625,0.1156005859375,0.1851806640625,0.2471923828125
280,0.58413064,0.58346874,0.5415474,0.5620412,0.5511459,0.01119232177734375,0.044921875,0.0,0.0100860595703125,0.135498046875
281,0.5047932,0.5352372,0.46653795,0.49288258,0.5151321,0.0171051025390625,0.024688720703125,0.018524169921875,0.01175689697265625,0.04345703125
282,0.5750155,0.5751143,0.59184456,0.6520837,0.67030054,0.2010498046875,0.1185302734375,0.1190185546875,0.1932373046875,0.2476806640625
283,0.6292882,0.6294382,0.6467846,0.672243,0.6240763,0.258056640625,0.1168212890625,0.181884765625,0.274658203125,0.3056640625
284,0.56870806,0.5754093,0.59686416,0.5961164,0.5555965,0.10601806640625,0.05120849609375,0.0712890625,0.099365234375,0.1641845703125
285,0.5946112,0.56320196,0.58286285,0.6427106,0.6722399,0.29638671875,0.10198974609375,0.15185546875,0.306396484375,0.458984375
286,0.5284642,0.5379021,0.51139134,0.5587119,0.5009561,0.09124755859375,0.0556640625,0.04046630859375,0.08056640625,0.0872802734375
287,0.5536591,0.5750631,0.5860555,0.55789685,0.55205107,0.08221435546875,0.077392578125,0.0914306640625,0.06134033203125,0.09130859375
288,0.482684,0.56034905,0.568623,0.52152175,0.5101818,0.061309814453125,0.0428466796875,0.035797119140625,0.0489501953125,0.11676025390625
289,0.47581798,0.46851826,0.4775183,0.48463216,0.5303924,0.12396240234375,0.04132080078125,0.053497314453125,0.10308837890625,0.1666259765625
290,0.61627185,0.6054958,0.61011326,0.6846185,0.64485985,0.184326171875,0.179443359375,0.09649658203125,0.2003173828125,0.3310546875
291,0.5523132,0.5163012,0.5673951,0.5972714,0.5818474,0.17626953125,0.0889892578125,0.10748291015625,0.1578369140625,0.223876953125
292,0.58463603,0.5665641,0.62860477,0.57083654,0.57780737,0.2056884765625,0.02734375,0.2110595703125,0.1583251953125,0.156494140625
293,0.56489444,0.5660187,0.5916456,0.5823481,0.56404746,0.07080078125,0.09185791015625,0.08270263671875,0.06890869140625,0.1417236328125
294,0.5694102,0.5230296,0.5382058,0.60304886,0.58608305,0.09466552734375,0.026824951171875,0.006420135498046875,0.053009033203125,0.1607666015625
295,0.4646446,0.5109519,0.5405376,0.49324268,0.50339365,0.0445556640625,0.01551055908203125,0.046234130859375,0.037872314453125,0.04046630859375
296,0.5463837,0.5394633,0.57419384,0.5496322,0.5548837,0.1422119140625,0.10931396484375,0.1422119140625,0.11553955078125,0.1275634765625
297,0.5905686,0.5598211,0.5945786,0.6150245,0.62398934,0.141845703125,0.160888671875,0.1163330078125,0.1845703125,0.261474609375
298,0.5625472,0.5666449,0.59222806,0.6173171,0.60411835,0.2078857421875,0.0767822265625,0.1751708984375,0.17529296875,0.2001953125
299,0.48115766,0.4808291,0.51487345,0.4993369,0.48154694,0.030853271484375,0.01216888427734375,0.0098419189453125,0.037261962890625,0.036529541015625
300,0.5148238,0.5681042,0.56885827,0.524561,0.5354787,0.07830810546875,0.1800537109375,0.14794921875,0.05694580078125,0.06787109375
301,0.58572227,0.57668924,0.5803598,0.6417041,0.66304684,0.22119140625,0.1392822265625,0.12200927734375,0.2607421875,0.34423828125
302,0.5807875,0.5433469,0.58194506,0.5881357,0.5866007,0.1529541015625,0.045013427734375,0.0855712890625,0.155517578125,0.212646484375
303,0.5198275,0.5471947,0.5782898,0.5696363,0.5357722,0.16015625,0.059722900390625,0.10015869140625,0.16259765625,0.2054443359375
304,0.6510548,0.61084473,0.66084373,0.6656761,0.69389904,0.20556640625,0.10687255859375,0.118408203125,0.1922607421875,0.42333984375
305,0.5254401,0.5382805,0.5409019,0.55887645,0.5447805,0.167724609375,0.017181396484375,0.1328125,0.155517578125,0.1751708984375
306,0.5112533,0.5458535,0.54767233,0.5348215,0.5273615,0.1158447265625,0.11474609375,0.1407470703125,0.090087890625,0.08489990234375
307,0.54555404,0.5260832,0.54490423,0.58344626,0.57227224,0.075927734375,0.0048065185546875,0.038055419921875,0.055511474609375,0.059326171875
308,0.56873494,0.5369296,0.5913818,0.5625034,0.56413895,0.0433349609375,0.00214385986328125,0.0384521484375,0.04254150390625,0.039520263671875
309,0.52319276,0.5625622,0.539846,0.5829557,0.54515046,0.03875732421875,0.046142578125,0.02435302734375,0.060516357421875,0.05682373046875
310,0.5968524,0.59614486,0.6636869,0.63756824,0.6561316,0.2061767578125,0.12335205078125,0.1429443359375,0.2099609375,0.27294921875
311,0.5808145,0.6087605,0.6397889,0.62171924,0.5914359,0.20947265625,0.213134765625,0.1947021484375,0.2142333984375,0.2213134765625
312,0.5691267,0.5190839,0.5624585,0.63632286,0.6292146,0.133544921875,0.0103759765625,0.0411376953125,0.128173828125,0.1558837890625
313,0.54399574,0.5478035,0.58777726,0.5532722,0.5416909,0.08984375,0.05206298828125,0.08184814453125,0.0308837890625,0.034515380859375
314,0.61600685,0.6189549,0.6033435,0.64251834,0.64889026,0.22314453125,0.2069091796875,0.1588134765625,0.2386474609375,0.41796875
315,0.5606117,0.61514825,0.6352586,0.57742846,0.5522763,0.10430908203125,0.0716552734375,0.0980224609375,0.08319091796875,0.033660888671875
316,0.56242967,0.51146084,0.5238198,0.57908374,0.57848656,0.1517333984375,0.007965087890625,0.040069580078125,0.1378173828125,0.1788330078125
317,0.6561369,0.64020365,0.6675779,0.6496589,0.63119316,0.2164306640625,0.051177978515625,0.158203125,0.184814453125,0.1881103515625
318,0.46638626,0.49970216,0.54230946,0.51676357,0.495472,0.10528564453125,0.06134033203125,0.14453125,0.053131103515625,0.1563720703125
319,0.55921555,0.5559493,0.5909576,0.61794186,0.6131269,0.1138916015625,0.0853271484375,0.09783935546875,0.08355712890625,0.10052490234375
320,0.5431971,0.57416034,0.53334874,0.58055246,0.5763257,0.03594970703125,0.037841796875,0.007633209228515625,0.03228759765625,0.1572265625
321,0.52170044,0.54185855,0.5761589,0.5151856,0.5189899,0.01216888427734375,0.05047607421875,0.0,0.00809478759765625,0.0298004150390625
322,0.602383,0.5847918,0.60904086,0.6653363,0.6587359,0.1739501953125,0.095947265625,0.10467529296875,0.202392578125,0.31640625
323,0.58610904,0.53537935,0.5690096,0.6128624,0.6354849,0.1876220703125,0.065185546875,0.09552001953125,0.17822265625,0.220458984375
324,0.5808204,0.5791745,0.57666767,0.64802814,0.60144484,0.242919921875,0.09979248046875,0.12005615234375,0.25390625,0.38720703125
325,0.5423471,0.537299,0.55105436,0.5982336,0.5626812,0.1427001953125,0.089599609375,0.083251953125,0.136962890625,0.23291015625
326,0.5838651,0.5441966,0.57741624,0.5993291,0.6377283,0.11346435546875,0.03973388671875,0.022003173828125,0.10675048828125,0.332275390625
327,0.5057291,0.502694,0.5595845,0.4969859,0.5021792,0.09771728515625,0.10626220703125,0.09130859375,0.045745849609375,0.10443115234375
328,0.5631012,0.5406245,0.58394825,0.60795015,0.636131,0.12200927734375,0.035552978515625,0.0662841796875,0.123046875,0.2427978515625
329,0.5459665,0.5523654,0.5995573,0.5719261,0.578584,0.01442718505859375,0.0504150390625,0.0672607421875,0.0121917724609375,0.111328125
330,0.4988558,0.5289279,0.5638877,0.5140363,0.51531935,0.038726806640625,0.035064697265625,0.057373046875,0.057952880859375,0.0692138671875
331,0.5467937,0.582108,0.5776538,0.58793116,0.609764,0.0755615234375,0.08868408203125,0.0738525390625,0.08148193359375,0.0338134765625
332,0.561925,0.6049336,0.5743456,0.5744379,0.5541436,0.07305908203125,0.12493896484375,0.0843505859375,0.0858154296875,0.058685302734375
333,0.55701196,0.54319835,0.6075515,0.6011256,0.56812024,0.1290283203125,0.1436767578125,0.1607666015625,0.06182861328125,0.1217041015625
334,0.651733,0.6071944,0.6122398,0.66058534,0.67532605,0.1790771484375,0.1143798828125,0.06683349609375,0.176025390625,0.30517578125
335,0.5225454,0.4924395,0.5379503,0.56190675,0.60629696,0.1282958984375,0.0391845703125,0.0675048828125,0.11834716796875,0.2734375
336,0.56284416,0.5559086,0.56271523,0.63000864,0.67208624,0.1904296875,0.0712890625,0.1173095703125,0.2142333984375,0.2242431640625
337,0.52873653,0.5684122,0.5620685,0.5616774,0.54740703,0.058197021484375,0.121826171875,0.058441162109375,0.0430908203125,0.128173828125
338,0.6056541,0.6049105,0.6444731,0.6778121,0.6658462,0.2449951171875,0.1424560546875,0.140380859375,0.302001953125,0.394287109375
339,0.5063072,0.5327654,0.5632335,0.52382255,0.49614024,0.0726318359375,0.062286376953125,0.095458984375,0.06231689453125,0.082275390625
340,0.5131472,0.5322985,0.48532498,0.5392539,0.5291546,0.0340576171875,0.01953125,0.01995849609375,0.020111083984375,0.055908203125
341,0.58071697,0.5968371,0.5981392,0.5906377,0.63019305,0.10791015625,0.1009521484375,0.0682373046875,0.10211181640625,0.1888427734375
342,0.6151923,0.58829767,0.6182171,0.64847904,0.61404145,0.12493896484375,0.093017578125,0.07672119140625,0.1112060546875,0.267578125
343,0.4428082,0.48727548,0.4722333,0.47637627,0.49206352,0.01262664794921875,0.0246734619140625,0.00214385986328125,0.003566741943359375,0.00525665283203125
344,0.559502,0.59326696,0.5789281,0.55956453,0.5399947,0.200927734375,0.115966796875,0.11175537109375,0.136474609375,0.16796875
345,0.46452117,0.5088904,0.52068496,0.4728023,0.47612026,0.0888671875,0.09588623046875,0.0833740234375,0.03790283203125,0.06231689453125
346,0.55300343,0.57889426,0.559864,0.5230236,0.54913867,0.1396484375,0.2059326171875,0.1591796875,0.163818359375,0.1483154296875
347,0.4971881,0.5383173,0.52156997,0.5459575,0.5276562,0.108154296875,0.0650634765625,0.110595703125,0.1092529296875,0.0999755859375
348,0.6072086,0.5997933,0.59445405,0.57474566,0.53752804,0.12200927734375,0.021484375,0.0966796875,0.0859375,0.07196044921875
349,0.54180086,0.5434316,0.5651031,0.5372416,0.5676991,0.1068115234375,0.027618408203125,0.0894775390625,0.0360107421875,0.1307373046875
350,0.52362084,0.55019814,0.5612961,0.5260381,0.54156417,0.181396484375,0.146484375,0.201171875,0.121826171875,0.0972900390625
351,0.54019445,0.5002941,0.5252627,0.5616961,0.5773729,0.141845703125,0.024688720703125,0.04638671875,0.1280517578125,0.174072265625
352,0.51936096,0.53649575,0.51737916,0.5405337,0.55286723,0.06329345703125,0.0130462646484375,0.057647705078125,0.02044677734375,0.050537109375
353,0.5964554,0.5936358,0.59991837,0.6465695,0.61137676,0.191162109375,0.05267333984375,0.1214599609375,0.1865234375,0.2099609375
354,0.55507505,0.57848656,0.5669335,0.58229315,0.5984832,0.1036376953125,0.0609130859375,0.0667724609375,0.09466552734375,0.197998046875
355,0.5962653,0.57719797,0.59978783,0.58952975,0.58376753,0.1644287109375,0.01416778564453125,0.09161376953125,0.1636962890625,0.2176513671875
356,0.51621467,0.5550249,0.5698789,0.499134,0.5041586,0.09417724609375,0.04034423828125,0.07171630859375,0.0916748046875,0.08367919921875
357,0.49809197,0.519581,0.5415909,0.51597893,0.48876947,0.05413818359375,0.03472900390625,0.030181884765625,0.0438232421875,0.06109619140625
358,0.5318725,0.5562154,0.58251685,0.54558694,0.5343011,0.0980224609375,0.12451171875,0.130615234375,0.0849609375,0.079345703125
359,0.60759735,0.6007782,0.61479676,0.6085075,0.60182226,0.236083984375,0.13671875,0.1617431640625,0.2305908203125,0.32177734375
360,0.54943025,0.5711329,0.5227833,0.5626006,0.5387986,0.12213134765625,0.0850830078125,0.09417724609375,0.0911865234375,0.0723876953125
361,0.50097215,0.51411736,0.5434772,0.5256251,0.5269011,0.05999755859375,0.0919189453125,0.096923828125,0.09088134765625,0.138427734375
362,0.4285766,0.48748872,0.4692956,0.47810948,0.49945253,0.0183258056640625,0.04052734375,0.028289794921875,0.0140533447265625,0.0238800048828125
363,0.50693893,0.50116694,0.5477289,0.52783906,0.52120227,0.049102783203125,0.048309326171875,0.0318603515625,0.0438232421875,0.11944580078125
364,0.46934825,0.4562154,0.431744,0.4928021,0.48578313,0.04376220703125,0.0755615234375,0.002532958984375,0.07611083984375,0.057830810546875
365,0.5058732,0.5180761,0.5387746,0.5020436,0.49286717,0.08135986328125,0.01149749755859375,0.07366943359375,0.02154541015625,0.05487060546875
366,0.46791828,0.44752848,0.4415671,0.44016612,0.4917274,0.0631103515625,0.0126495361328125,0.0109100341796875,0.031982421875,0.1080322265625
367,0.5044531,0.51428294,0.5043346,0.5151894,0.5220409,0.07818603515625,0.0504150390625,0.035858154296875,0.06671142578125,0.1494140625
368,0.5207035,0.545866,0.54653823,0.5536103,0.53095895,0.105224609375,0.1392822265625,0.09405517578125,0.103271484375,0.14599609375
369,0.5711042,0.5604563,0.56032753,0.56885505,0.54243267,0.046051025390625,0.061248779296875,0.01340484619140625,0.04302978515625,0.08966064453125
370,0.5263725,0.5306032,0.568841,0.5677429,0.5453216,0.1563720703125,0.06396484375,0.104248046875,0.159912109375,0.1842041015625
371,0.57927155,0.5697446,0.62211823,0.60724914,0.6214403,0.06683349609375,0.07659912109375,0.06341552734375,0.0682373046875,0.0804443359375
372,0.5090992,0.54506576,0.56203437,0.5312716,0.56118673,0.101318359375,0.1270751953125,0.1104736328125,0.07940673828125,0.1318359375
373,0.5370587,0.55902,0.6031212,0.5623183,0.54694736,0.08734130859375,0.05938720703125,0.0794677734375,0.0777587890625,0.10003662109375
374,0.5199837,0.57504386,0.60193735,0.5444443,0.54134965,0.0789794921875,0.0693359375,0.050018310546875,0.07928466796875,0.10498046875
375,0.54232544,0.54696363,0.5668873,0.5853962,0.59402025,0.2366943359375,0.168212890625,0.1571044921875,0.24755859375,0.2154541015625
376,0.5905554,0.6057044,0.6311046,0.60107535,0.5885351,0.1016845703125,0.119384765625,0.1041259765625,0.07879638671875,0.1083984375
377,0.5403314,0.5913459,0.61192805,0.5902331,0.5845074,0.085205078125,0.190185546875,0.08575439453125,0.08502197265625,0.10986328125
378,0.5009073,0.5510447,0.52532905,0.56021297,0.5322352,0.057586669921875,0.11407470703125,0.098388671875,0.046173095703125,0.0260009765625
379,0.55900204,0.53145725,0.5238588,0.5502076,0.551027,0.10528564453125,0.0386962890625,0.07421875,0.1097412109375,0.09735107421875
380,0.58295155,0.5346318,0.57573116,0.61072123,0.6526343,0.236328125,0.159423828125,0.1666259765625,0.2408447265625,0.39990234375
381,0.58484864,0.57752514,0.55438733,0.601707,0.61339176,0.1153564453125,0.118408203125,0.07354736328125,0.0843505859375,0.2509765625
382,0.5804467,0.5841635,0.6189012,0.5888016,0.5751005,0.11688232421875,0.167236328125,0.1986083984375,0.0968017578125,0.1549072265625
383,0.5739587,0.55457366,0.59358925,0.6468563,0.6237596,0.159912109375,0.050994873046875,0.0941162109375,0.1661376953125,0.2347412109375
384,0.49199542,0.52257574,0.52885973,0.53423226,0.5251218,0.099609375,0.06463623046875,0.1890869140625,0.0809326171875,0.07574462890625
385,0.5002704,0.5008124,0.4808596,0.52446437,0.57803684,0.1072998046875,0.01076507568359375,0.038726806640625,0.08087158203125,0.152099609375
386,0.5131925,0.5531716,0.58117896,0.5300225,0.53087807,0.0562744140625,0.1282958984375,0.053070068359375,0.061431884765625,0.064208984375
387,0.5907306,0.59641004,0.59135735,0.5831563,0.56032836,0.158935546875,0.1219482421875,0.1590576171875,0.12127685546875,0.1876220703125
388,0.60198176,0.57464206,0.63417965,0.56983757,0.58711714,0.0810546875,0.0040740966796875,0.07427978515625,0.080322265625,0.049713134765625
389,0.57996994,0.59177506,0.59391356,0.5903421,0.5692971,0.11761474609375,0.05767822265625,0.056396484375,0.0987548828125,0.0906982421875
390,0.549987,0.5458642,0.5842654,0.6299139,0.6332427,0.0679931640625,0.007770538330078125,0.052978515625,0.0609130859375,0.05718994140625
391,0.6129111,0.59055364,0.5890353,0.58899784,0.56141555,0.205810546875,0.083984375,0.1348876953125,0.1375732421875,0.165771484375
392,0.5793456,0.5915717,0.59795004,0.6627125,0.66548437,0.0919189453125,0.0058441162109375,0.0750732421875,0.0830078125,0.07568359375
393,0.5567075,0.5747213,0.55380034,0.5976321,0.58724296,0.1156005859375,0.035614013671875,0.06884765625,0.115234375,0.09588623046875
394,0.6224322,0.5906573,0.6124525,0.6608732,0.6907084,0.164306640625,0.0927734375,0.14306640625,0.175537109375,0.26513671875
395,0.56031203,0.5676593,0.5529598,0.5730597,0.5391934,0.0694580078125,0.10174560546875,0.07464599609375,0.058807373046875,0.193603515625
396,0.57088137,0.55278915,0.5431912,0.58199704,0.5837729,0.0810546875,0.00881195068359375,0.0650634765625,0.07427978515625,0.064208984375
397,0.511522,0.554359,0.5551115,0.57208365,0.5315844,0.190673828125,0.1029052734375,0.1273193359375,0.148681640625,0.142578125
398,0.60682344,0.5695039,0.63713,0.63888645,0.6106125,0.11944580078125,0.0133514404296875,0.07098388671875,0.111328125,0.1090087890625
399,0.5423285,0.55102515,0.6046385,0.57075113,0.5378078,0.047027587890625,0.05267333984375,0.087890625,0.044708251953125,0.0831298828125
400,0.5441247,0.5418385,0.6031608,0.53843594,0.53683597,0.06024169921875,0.050933837890625,0.09576416015625,0.056060791015625,0.058319091796875
401,0.6144558,0.58231604,0.6446794,0.6597806,0.63807535,0.1705322265625,0.04473876953125,0.11328125,0.1712646484375,0.1734619140625
402,0.5311804,0.5403938,0.550211,0.56062526,0.5854119,0.0634765625,0.00860595703125,0.0811767578125,0.06219482421875,0.162353515625
403,0.48538244,0.526153,0.48552188,0.5206844,0.5001074,0.044525146484375,0.041961669921875,0.0009222030639648438,0.036468505859375,0.07708740234375
404,0.5383426,0.4988399,0.5110669,0.55651623,0.6303811,0.1475830078125,0.04229736328125,0.03704833984375,0.12408447265625,0.305419921875
405,0.5770688,0.58021754,0.58729684,0.6072783,0.58628035,0.07904052734375,0.0033702850341796875,0.038330078125,0.07421875,0.08447265625
406,0.60140854,0.57529485,0.5519136,0.65790063,0.69260097,0.1715087890625,0.0204925537109375,0.06298828125,0.169677734375,0.21533203125
407,0.52849686,0.55200446,0.5460109,0.534055,0.5418657,0.0909423828125,0.0012760162353515625,0.036285400390625,0.08038330078125,0.201904296875
408,0.52797395,0.5317304,0.5829746,0.53820896,0.52184075,0.1524658203125,0.037628173828125,0.103515625,0.1134033203125,0.166748046875
409,0.52267474,0.5797318,0.54773724,0.53957117,0.5426358,0.006076812744140625,0.0003745555877685547,0.0008554458618164062,0.005596160888671875,0.007320404052734375
410,0.66893876,0.6419797,0.6565208,0.6886629,0.67447305,0.228759765625,0.058258056640625,0.149169921875,0.17822265625,0.1783447265625
411,0.59501356,0.57603884,0.595912,0.58663356,0.5868768,0.1488037109375,0.0595703125,0.1241455078125,0.1102294921875,0.1044921875
412,0.5696651,0.57690644,0.6003695,0.61878836,0.6206994,0.2144775390625,0.04754638671875,0.10076904296875,0.228515625,0.2354736328125
413,0.56537545,0.56509876,0.56938607,0.5501716,0.57122535,0.12139892578125,0.094970703125,0.104736328125,0.109375,0.1925048828125
414,0.5217758,0.5280402,0.5378404,0.52669024,0.5117553,0.0885009765625,0.0149688720703125,0.07659912109375,0.0799560546875,0.06890869140625
415,0.5572098,0.57208306,0.58182055,0.5932764,0.58261436,0.1165771484375,0.10076904296875,0.1121826171875,0.12091064453125,0.199462890625
416,0.52233475,0.53718966,0.53516304,0.5734066,0.5788047,0.06842041015625,0.002849578857421875,0.045013427734375,0.061614990234375,0.08001708984375
417,0.54993236,0.5763371,0.5647183,0.5259979,0.51766205,0.1279296875,0.058929443359375,0.1158447265625,0.05743408203125,0.080810546875
418,0.5486395,0.54549086,0.55968577,0.5722586,0.5610802,0.12115478515625,0.0007791519165039062,0.045623779296875,0.118408203125,0.11810302734375
419,0.54948056,0.55043614,0.5895982,0.5501301,0.5361605,0.06549072265625,0.00917816162109375,0.052978515625,0.058807373046875,0.09515380859375
420,0.52877223,0.46168736,0.51529396,0.5131732,0.5426978,0.13916015625,0.0240936279296875,0.139892578125,0.0887451171875,0.13427734375
421,0.5550235,0.54038596,0.57748306,0.54329956,0.54452336,0.11541748046875,0.06158447265625,0.1134033203125,0.0777587890625,0.095703125
422,0.4997099,0.5072271,0.47683477,0.53230405,0.5275111,0.074462890625,0.053009033203125,0.043670654296875,0.06787109375,0.09759521484375
423,0.5728235,0.58491737,0.593593,0.59273154,0.5953486,0.08447265625,0.059814453125,0.07574462890625,0.0771484375,0.10235595703125
424,0.55234665,0.58647597,0.63654125,0.6036457,0.5728158,0.1566162109375,0.1290283203125,0.1387939453125,0.1666259765625,0.2169189453125
425,0.4811229,0.4912086,0.5302899,0.5352205,0.4976148,0.081298828125,0.0090789794921875,0.0697021484375,0.07208251953125,0.09149169921875
426,0.49352568,0.53983253,0.49540186,0.5466194,0.55068845,0.007236480712890625,0.0445556640625,0.010528564453125,0.0016155242919921875,0.0102996826171875
427,0.56513685,0.5910571,0.5906124,0.61285937,0.6058189,0.08099365234375,0.037353515625,0.070068359375,0.0672607421875,0.09246826171875
428,0.43712157,0.4258116,0.46954715,0.41736963,0.4405792,0.0823974609375,0.03173828125,0.0916748046875,0.01849365234375,0.0213165283203125
429,0.52267474,0.5797318,0.54773724,0.53957117,0.5426358,0.006076812744140625,0.0003745555877685547,0.0008554458618164062,0.005596160888671875,0.007320404052734375
430,0.53817177,0.5134708,0.56585926,0.577637,0.55211866,0.09417724609375,0.0031185150146484375,0.042327880859375,0.088134765625,0.08837890625
431,0.6690046,0.66512376,0.6817003,0.71842843,0.74308896,0.1292724609375,0.10955810546875,0.12200927734375,0.10809326171875,0.1658935546875
432,0.58445036,0.5911828,0.5775689,0.5901321,0.63283473,0.084716796875,0.05096435546875,0.0701904296875,0.0667724609375,0.09130859375
433,0.61752224,0.6364078,0.59523904,0.6116613,0.6066886,0.1634521484375,0.057830810546875,0.0599365234375,0.11749267578125,0.24755859375
434,0.58533305,0.5507315,0.5721262,0.6056148,0.59143233,0.10821533203125,0.0021839141845703125,0.054534912109375,0.1055908203125,0.10455322265625
435,0.64287925,0.60252786,0.646527,0.67215776,0.6710385,0.2056884765625,0.060272216796875,0.10980224609375,0.1885986328125,0.30908203125
436,0.57498074,0.58666945,0.6039693,0.6544576,0.6454605,0.07464599609375,0.002231597900390625,0.042236328125,0.062347412109375,0.1033935546875
437,0.58727276,0.53070736,0.59869605,0.62048054,0.62370914,0.1656494140625,0.01385498046875,0.07257080078125,0.1552734375,0.30029296875
438,0.51760674,0.5729257,0.50573194,0.60437024,0.5707299,0.0858154296875,0.07696533203125,0.04058837890625,0.1470947265625,0.11956787109375
439,0.54860115,0.59216106,0.58953905,0.5677485,0.5756649,0.1116943359375,0.09130859375,0.0728759765625,0.104736328125,0.1513671875
440,0.59047157,0.5731575,0.6043184,0.57881063,0.5821959,0.1434326171875,0.01306915283203125,0.13525390625,0.0814208984375,0.07037353515625
441,0.57382524,0.5530578,0.57595557,0.60822105,0.6148945,0.0802001953125,0.016357421875,0.06280517578125,0.0731201171875,0.10052490234375
442,0.54206413,0.519347,0.53200793,0.5800509,0.5451301,0.08099365234375,0.001995086669921875,0.04071044921875,0.063232421875,0.09722900390625
443,0.58146524,0.58605003,0.5794687,0.6001946,0.6096853,0.1251220703125,0.0496826171875,0.1328125,0.0631103515625,0.08447265625
444,0.58567566,0.56827074,0.5809387,0.6505393,0.65925133,0.15673828125,0.0445556640625,0.091064453125,0.1630859375,0.1668701171875
445,0.5771889,0.57325315,0.582453,0.63605726,0.6823412,0.1041259765625,0.052459716796875,0.09735107421875,0.12744140625,0.220458984375
446,0.47242987,0.49943405,0.5292759,0.51497734,0.48011497,0.0,0.0,4.1425228118896484e-05,0.0,0.0
447,0.5225889,0.5246,0.53072435,0.5565745,0.56189793,0.045440673828125,0.020965576171875,0.033538818359375,0.03485107421875,0.052642822265625
448,0.5248764,0.53928924,0.5375304,0.5642271,0.54140544,0.08331298828125,0.0081329345703125,0.06396484375,0.0731201171875,0.1011962890625
449,0.5291968,0.5455228,0.5848266,0.55182666,0.534669,0.08990478515625,0.07763671875,0.082763671875,0.0595703125,0.1826171875
450,0.5627207,0.5742245,0.58571035,0.6421783,0.63769764,0.209716796875,0.093017578125,0.110595703125,0.2257080078125,0.2152099609375
451,0.5717224,0.50895864,0.5410545,0.62228894,0.64672387,0.1566162109375,0.0,0.04290771484375,0.1298828125,0.294677734375
452,0.5815736,0.6064345,0.6125217,0.6161547,0.6147742,0.1097412109375,0.08111572265625,0.10369873046875,0.0958251953125,0.172119140625
453,0.5879979,0.53406566,0.5595026,0.6282573,0.6280661,0.194580078125,0.01071929931640625,0.068115234375,0.1680908203125,0.222900390625
454,0.5492564,0.59439284,0.57337314,0.5594582,0.56855965,0.0179290771484375,0.005870819091796875,0.005374908447265625,0.01496124267578125,0.020477294921875
455,0.6391221,0.614519,0.63721216,0.66457605,0.6672221,0.322998046875,0.161865234375,0.2030029296875,0.31884765625,0.461181640625
456,0.4653768,0.46873167,0.46733025,0.48297808,0.5076928,0.053955078125,0.054443359375,0.046173095703125,0.0189056396484375,0.1168212890625
457,0.45791733,0.4504529,0.43713737,0.48935843,0.48089564,0.006130218505859375,0.040679931640625,0.006824493408203125,0.00434112548828125,0.0369873046875
458,0.5051456,0.5541247,0.5699588,0.5326343,0.5200567,0.0870361328125,0.1351318359375,0.1783447265625,0.06219482421875,0.031036376953125
459,0.5772756,0.60104495,0.6035835,0.57023036,0.54634887,0.1666259765625,0.108642578125,0.1790771484375,0.1051025390625,0.05413818359375
460,0.39060777,0.4212418,0.44532573,0.41038367,0.37151352,0.07427978515625,0.01812744140625,0.039581298828125,0.07373046875,0.06591796875
461,0.53221047,0.5694567,0.53626084,0.5165151,0.52990735,0.1148681640625,0.089599609375,0.1175537109375,0.05780029296875,0.09991455078125
462,0.5265882,0.5896667,0.5250344,0.55638456,0.55300915,0.11651611328125,0.12646484375,0.1060791015625,0.09588623046875,0.1300048828125
463,0.56844056,0.57226145,0.5962215,0.58597445,0.5433551,0.09576416015625,0.06353759765625,0.152587890625,0.046173095703125,0.0904541015625
464,0.5218928,0.5656209,0.51399887,0.52135354,0.5399448,0.076171875,0.0506591796875,0.07513427734375,0.01458740234375,0.01898193359375
465,0.545291,0.50978434,0.5311759,0.5170273,0.5007968,0.1422119140625,0.08013916015625,0.1295166015625,0.0391845703125,0.05975341796875
466,0.5061186,0.5192785,0.5115901,0.5377663,0.5176163,0.1407470703125,0.1573486328125,0.11761474609375,0.123291015625,0.1376953125
467,0.5439583,0.5637662,0.5453626,0.56121874,0.5300325,0.0872802734375,0.06085205078125,0.04052734375,0.0870361328125,0.11474609375
468,0.56401825,0.5783213,0.60003805,0.5733155,0.50897324,0.126220703125,0.04840087890625,0.172119140625,0.058868408203125,0.056365966796875
469,0.5634285,0.5508783,0.5775778,0.6090802,0.5774884,0.1905517578125,0.049072265625,0.1134033203125,0.1251220703125,0.1717529296875
470,0.56140524,0.62165254,0.5711566,0.59935105,0.5162627,0.10906982421875,0.1666259765625,0.094970703125,0.1417236328125,0.08197021484375
471,0.5779254,0.57929957,0.5426212,0.59990704,0.67912805,0.10772705078125,0.08428955078125,0.0880126953125,0.07049560546875,0.2440185546875
472,0.5334431,0.56094235,0.56727535,0.5585866,0.5122355,0.1058349609375,0.0467529296875,0.1328125,0.0428466796875,0.06414794921875
473,0.49880996,0.5216829,0.50750387,0.51887,0.49771243,0.053497314453125,0.006561279296875,0.08062744140625,0.0098724365234375,0.0141754150390625
474,0.598183,0.647163,0.6408206,0.60100776,0.57469016,0.110107421875,0.0806884765625,0.16748046875,0.0804443359375,0.07720947265625
475,0.6125099,0.5743537,0.5902842,0.609562,0.55349725,0.169189453125,0.0265655517578125,0.11309814453125,0.1036376953125,0.1927490234375
476,0.61385226,0.5903053,0.62821066,0.648488,0.6267421,0.201171875,0.09100341796875,0.098388671875,0.18359375,0.27001953125
477,0.5045327,0.5179215,0.466061,0.5151434,0.5271972,0.14404296875,0.0672607421875,0.09326171875,0.07965087890625,0.09515380859375
478,0.4882028,0.4959737,0.48942617,0.5100588,0.4750335,0.0616455078125,0.07293701171875,0.05615234375,0.043731689453125,0.05084228515625
479,0.5056701,0.5112712,0.4931894,0.5677293,0.61639357,0.18359375,0.06396484375,0.16162109375,0.184326171875,0.25244140625
480,0.50484407,0.5586242,0.5684152,0.548453,0.5109165,0.04705810546875,0.0213623046875,0.11083984375,0.0244140625,0.01523590087890625
481,0.59502727,0.6181148,0.6412975,0.63871217,0.5700021,0.11883544921875,0.0567626953125,0.1654052734375,0.06024169921875,0.04351806640625
482,0.5258822,0.5459446,0.57239604,0.56779826,0.5376188,0.07000732421875,0.01303863525390625,0.1278076171875,0.0172119140625,0.02423095703125
483,0.5354679,0.5889735,0.5679025,0.5798631,0.53480166,0.045928955078125,0.0501708984375,0.05682373046875,0.05633544921875,0.08447265625
484,0.5120601,0.5567663,0.56453854,0.50376165,0.46437588,0.11224365234375,0.116943359375,0.1337890625,0.0692138671875,0.07037353515625
485,0.5220885,0.52595836,0.51792634,0.5390737,0.5288466,0.05609130859375,0.00904083251953125,0.03289794921875,0.032379150390625,0.113525390625
486,0.47606406,0.5015444,0.5162121,0.5051108,0.47814277,0.034149169921875,0.042999267578125,0.0280303955078125,0.03570556640625,0.08734130859375
487,0.48756737,0.51855457,0.5008529,0.4935053,0.4860196,0.0477294921875,0.1798095703125,0.09381103515625,0.036773681640625,0.04718017578125
488,0.4655932,0.47444963,0.45691937,0.4725101,0.4833039,0.115478515625,0.082275390625,0.07952880859375,0.0679931640625,0.11328125
489,0.5398632,0.5561259,0.5565131,0.54741776,0.5719187,0.048004150390625,0.0927734375,0.11151123046875,0.017181396484375,0.033172607421875
490,0.5290874,0.57107526,0.56072783,0.57438684,0.5396112,0.0379638671875,0.1456298828125,0.10418701171875,0.061431884765625,0.033721923828125
491,0.47903204,0.51531297,0.57061,0.46916234,0.45249003,0.15380859375,0.08013916015625,0.11700439453125,0.08892822265625,0.125
492,0.4800523,0.527668,0.5002705,0.5381008,0.5533172,0.037109375,0.0804443359375,0.0106201171875,0.048858642578125,0.09332275390625
493,0.49047762,0.55563277,0.5130085,0.5152154,0.49844658,0.01629638671875,0.057830810546875,0.06256103515625,0.01021575927734375,0.0266265869140625
494,0.5337755,0.53324497,0.5945265,0.556951,0.54529715,0.05853271484375,0.10235595703125,0.1439208984375,0.01471710205078125,0.05560302734375
495,0.57214355,0.61092985,0.6160048,0.58014673,0.55270696,0.1572265625,0.172119140625,0.1854248046875,0.105712890625,0.10296630859375
496,0.5418521,0.57784885,0.6026734,0.56139743,0.52726036,0.1500244140625,0.12420654296875,0.12335205078125,0.109619140625,0.132568359375
497,0.46102977,0.4381624,0.45045382,0.43918422,0.42465174,0.0570068359375,0.0142974853515625,0.043670654296875,0.0012884140014648438,0.030548095703125
498,0.46388352,0.4950139,0.48475894,0.49744946,0.46304965,0.04571533203125,0.040618896484375,0.05755615234375,0.005931854248046875,0.03912353515625
499,0.47570503,0.5307974,0.5451019,0.52124757,0.4998692,0.062744140625,0.07354736328125,0.0767822265625,0.026519775390625,0.0396728515625
500,0.5332693,0.5622188,0.58324075,0.556321,0.5730911,0.089599609375,0.125244140625,0.195556640625,0.08453369140625,0.060882568359375
501,0.51889366,0.5516328,0.5569583,0.530156,0.5011208,0.1343994140625,0.152587890625,0.184326171875,0.06072998046875,0.06201171875
502,0.49359483,0.5245996,0.52931917,0.5090381,0.44607064,0.02734375,0.1142578125,0.023681640625,0.0196685791015625,0.0294342041015625
503,0.5418707,0.57422364,0.5777128,0.5427493,0.5554849,0.10943603515625,0.161376953125,0.1383056640625,0.0457763671875,0.10321044921875
504,0.4748911,0.5167681,0.51712906,0.49096733,0.47758698,0.1011962890625,0.047393798828125,0.0894775390625,0.0654296875,0.07666015625
505,0.5232284,0.5758835,0.5769157,0.5452571,0.49803418,0.0513916015625,0.09326171875,0.0653076171875,0.036651611328125,0.048065185546875
506,0.5196872,0.5417869,0.53064823,0.5085011,0.4624021,0.145751953125,0.14501953125,0.1578369140625,0.10699462890625,0.0848388671875
507,0.51152766,0.5275992,0.5311552,0.51568246,0.52711076,0.061767578125,0.11669921875,0.0709228515625,0.05029296875,0.0777587890625
508,0.5267254,0.535997,0.54135644,0.56992924,0.54847115,0.0513916015625,0.06689453125,0.0980224609375,0.025787353515625,0.055755615234375
509,0.5861826,0.5898854,0.59868884,0.5885705,0.5855071,0.1258544921875,0.10137939453125,0.1297607421875,0.065185546875,0.10638427734375
510,0.5339019,0.59089625,0.61380386,0.55609924,0.53561795,0.10931396484375,0.1109619140625,0.12103271484375,0.0484619140625,0.072998046875
511,0.510878,0.49962398,0.5200789,0.51595044,0.49950013,0.093505859375,0.070068359375,0.129150390625,0.0192718505859375,0.03363037109375
512,0.51186556,0.57726717,0.5212928,0.52949846,0.5140944,0.0102386474609375,0.10247802734375,0.0673828125,0.005809783935546875,0.0291748046875
513,0.47175995,0.5259508,0.55176955,0.47568494,0.47159082,0.0980224609375,0.09027099609375,0.1761474609375,0.05706787109375,0.060211181640625
514,0.4320052,0.43268538,0.4231402,0.4496587,0.43839958,0.0706787109375,0.041015625,0.048675537109375,0.0482177734375,0.0682373046875
515,0.5607958,0.57479405,0.58744806,0.54928505,0.5225767,0.0830078125,0.06036376953125,0.09661865234375,0.0396728515625,0.040435791015625
516,0.5252062,0.5510689,0.55751485,0.57007205,0.5330755,0.1180419921875,0.06329345703125,0.11846923828125,0.09130859375,0.07684326171875
517,0.48545074,0.5267923,0.54808325,0.5015437,0.48205462,0.074462890625,0.0567626953125,0.0975341796875,0.017486572265625,0.048736572265625
518,0.55442536,0.60665846,0.63652337,0.5988672,0.5514061,0.11798095703125,0.1278076171875,0.171142578125,0.072998046875,0.10113525390625
519,0.5243786,0.52316743,0.5183727,0.5486015,0.49207157,0.0662841796875,0.0030059814453125,0.07177734375,0.01526641845703125,0.0322265625
520,0.55288756,0.51920784,0.5881662,0.54687047,0.5356138,0.07708740234375,0.06732177734375,0.0889892578125,0.0235748291015625,0.046783447265625
521,0.5959116,0.61772406,0.6473491,0.66385216,0.6102615,0.1680908203125,0.187255859375,0.22705078125,0.1363525390625,0.2122802734375
522,0.58596617,0.60238266,0.6035466,0.65422297,0.63090193,0.224853515625,0.1668701171875,0.1470947265625,0.1806640625,0.1876220703125
523,0.4795946,0.5097444,0.50985885,0.5064877,0.49283603,0.09283447265625,0.05670166015625,0.10418701171875,0.056121826171875,0.0760498046875
524,0.48783642,0.5246139,0.5263935,0.533822,0.5384222,0.085205078125,0.055908203125,0.10638427734375,0.03948974609375,0.046295166015625
525,0.4748143,0.4769878,0.50071776,0.53087276,0.51926637,0.0587158203125,0.0538330078125,0.0888671875,0.0139007568359375,0.089111328125
526,0.55085725,0.5917551,0.5841392,0.59534955,0.56125414,0.06610107421875,0.0184478759765625,0.069091796875,0.061737060546875,0.1173095703125
527,0.6711341,0.64290226,0.65379405,0.6950833,0.6931081,0.276123046875,0.244140625,0.2476806640625,0.25146484375,0.394775390625
528,0.46196586,0.46554556,0.45185995,0.45736152,0.44605726,0.015777587890625,0.051055908203125,0.0188140869140625,0.007633209228515625,0.044281005859375
529,0.56918937,0.61924684,0.5712273,0.54625374,0.5020784,0.07818603515625,0.12347412109375,0.0743408203125,0.063232421875,0.07574462890625
530,0.5133443,0.54871076,0.48438448,0.50341177,0.48779452,0.0902099609375,0.03240966796875,0.080078125,0.012908935546875,0.0158843994140625
531,0.490449,0.4756958,0.48471084,0.5260303,0.5122093,0.08453369140625,0.08544921875,0.06964111328125,0.047515869140625,0.039398193359375
532,0.5003558,0.511646,0.55010575,0.56984293,0.5361674,0.09222412109375,0.01708984375,0.126220703125,0.045654296875,0.06744384765625
533,0.540343,0.5630963,0.601328,0.61778617,0.5721061,0.133544921875,0.09808349609375,0.1663818359375,0.12347412109375,0.2025146484375
534,0.4972616,0.48774475,0.48218635,0.48803645,0.4997078,0.07373046875,0.08782958984375,0.0714111328125,0.04168701171875,0.0687255859375
535,0.5366885,0.5153643,0.52672005,0.5646011,0.53509665,0.02642822265625,0.03204345703125,0.026031494140625,0.0190582275390625,0.033966064453125
536,0.5306175,0.54750514,0.554524,0.5554504,0.52429223,0.17529296875,0.197998046875,0.23681640625,0.098388671875,0.059783935546875
537,0.5294169,0.5570557,0.5224592,0.55675286,0.56428933,0.08880615234375,0.1051025390625,0.12255859375,0.11346435546875,0.0897216796875
538,0.545125,0.51917183,0.5242478,0.52514213,0.5171906,0.135986328125,0.082763671875,0.1041259765625,0.1063232421875,0.0860595703125
539,0.53466713,0.5637772,0.55834764,0.5428422,0.50884396,0.05950927734375,0.10614013671875,0.1142578125,0.04705810546875,0.0252227783203125
540,0.47499263,0.4927257,0.50909495,0.5280345,0.4909803,0.031707763671875,0.042816162109375,0.033172607421875,0.0270233154296875,0.00913238525390625
541,0.5788175,0.5451217,0.57156515,0.5415979,0.49059868,0.1527099609375,0.08551025390625,0.138671875,0.061431884765625,0.037689208984375
542,0.6139697,0.5702657,0.5749906,0.61356616,0.5667018,0.11883544921875,0.061248779296875,0.037353515625,0.111083984375,0.140380859375
543,0.53742236,0.5567144,0.5272978,0.58352625,0.5644053,0.05731201171875,0.059295654296875,0.05670166015625,0.08697509765625,0.03277587890625
544,0.5049758,0.5317502,0.520367,0.52471316,0.52121854,0.0396728515625,0.11090087890625,0.044647216796875,0.062744140625,0.0491943359375
545,0.521464,0.5549098,0.56005216,0.55150163,0.5029888,0.0145721435546875,0.02264404296875,0.0096588134765625,0.0108795166015625,0.05615234375
546,0.57142425,0.5517306,0.5658336,0.57782906,0.5246017,0.01995849609375,0.0,0.0014553070068359375,0.0179901123046875,0.0241851806640625
547,0.5961869,0.590603,0.59095985,0.61532015,0.5366971,0.0687255859375,0.07421875,0.06298828125,0.056793212890625,0.0452880859375
548,0.55486405,0.60717076,0.58295226,0.60125977,0.5442389,0.0784912109375,0.11376953125,0.07275390625,0.06585693359375,0.07440185546875
549,0.5600278,0.562,0.58314574,0.56319034,0.52064157,0.1522216796875,0.1514892578125,0.1253662109375,0.1285400390625,0.051513671875
550,0.5059882,0.55297583,0.5689958,0.548853,0.5074682,0.056427001953125,0.19091796875,0.0811767578125,0.07379150390625,0.0789794921875
551,0.52013147,0.5349009,0.53637254,0.519358,0.511204,0.16162109375,0.200927734375,0.1796875,0.13671875,0.07843017578125
552,0.5369477,0.5578407,0.61903167,0.5877948,0.5474257,0.04302978515625,0.0863037109375,0.1495361328125,0.0809326171875,0.136962890625
553,0.5734358,0.60536885,0.61728626,0.6056319,0.544364,0.04498291015625,0.0653076171875,0.1090087890625,0.03961181640625,0.07794189453125
554,0.5170531,0.5340817,0.5376871,0.51662177,0.5129618,0.0220489501953125,0.04302978515625,0.0740966796875,0.0204010009765625,0.01155853271484375
555,0.49034625,0.51660097,0.45117673,0.5142472,0.4754184,0.1182861328125,0.07110595703125,0.0230865478515625,0.07952880859375,0.1109619140625
556,0.50924504,0.52775085,0.5316511,0.56641525,0.5679204,0.1151123046875,0.08343505859375,0.10791015625,0.06536865234375,0.1112060546875
557,0.5695244,0.62313735,0.6188394,0.62472355,0.58511424,0.138916015625,0.122314453125,0.14111328125,0.12359619140625,0.1295166015625
558,0.5184746,0.5469608,0.5537362,0.5183207,0.503422,0.1119384765625,0.1875,0.143310546875,0.068115234375,0.03857421875
559,0.5488725,0.60046023,0.57734907,0.5578757,0.5221071,0.1138916015625,0.13427734375,0.1353759765625,0.07257080078125,0.110595703125
560,0.465991,0.47918633,0.50760055,0.5349503,0.49655074,0.220703125,0.0799560546875,0.174560546875,0.171630859375,0.2125244140625
561,0.47486484,0.5241942,0.50585616,0.5073315,0.46600878,0.056182861328125,0.17236328125,0.08978271484375,0.047393798828125,0.0557861328125
562,0.5023694,0.5296622,0.51698816,0.52455723,0.52198905,0.054473876953125,0.09521484375,0.08697509765625,0.0216217041015625,0.073974609375
563,0.55828214,0.63270533,0.65064406,0.6162296,0.54235125,0.1116943359375,0.1361083984375,0.2000732421875,0.087646484375,0.037567138671875
564,0.49369252,0.51559025,0.5192392,0.52717495,0.48110932,0.1014404296875,0.1458740234375,0.052520751953125,0.0728759765625,0.136962890625
565,0.5072443,0.56592035,0.5663573,0.5163608,0.50702816,0.1219482421875,0.137939453125,0.135498046875,0.0887451171875,0.0787353515625
566,0.51894766,0.56418455,0.524277,0.55335027,0.48848182,0.07049560546875,0.07733154296875,0.03924560546875,0.06353759765625,0.049224853515625
567,0.532145,0.54029596,0.5351515,0.5228372,0.49323943,0.07879638671875,0.1142578125,0.1151123046875,0.0120391845703125,0.08154296875
568,0.46373668,0.47310424,0.48456416,0.48235592,0.4565967,0.0806884765625,0.069580078125,0.09442138671875,0.060546875,0.0648193359375
569,0.53437495,0.5171082,0.54251266,0.49515578,0.4829725,0.08355712890625,0.0147705078125,0.075439453125,0.036956787109375,0.04986572265625
570,0.50690746,0.54123497,0.53640604,0.53515434,0.5056773,0.048828125,0.0036869049072265625,0.0498046875,0.0022602081298828125,0.04571533203125
571,0.558563,0.5906975,0.59175944,0.5882957,0.5210038,0.088134765625,0.038360595703125,0.12841796875,0.05816650390625,0.048431396484375
572,0.5213914,0.5369797,0.5505376,0.5263468,0.5201658,0.049407958984375,0.0478515625,0.036407470703125,0.022247314453125,0.122802734375
573,0.49296206,0.5086543,0.47781396,0.5048207,0.47420916,0.10968017578125,0.0633544921875,0.1107177734375,0.06292724609375,0.11505126953125
574,0.47769752,0.50380546,0.497574,0.47066957,0.4241281,0.101318359375,0.095458984375,0.0821533203125,0.069091796875,0.096923828125
575,0.47877556,0.5242051,0.52731824,0.511408,0.51151574,0.09625244140625,0.11138916015625,0.1610107421875,0.0386962890625,0.05645751953125
576,0.5021791,0.53710747,0.5172941,0.55679536,0.48391974,0.0994873046875,0.06793212890625,0.10137939453125,0.07666015625,0.0855712890625
577,0.5227059,0.49577013,0.49949706,0.48045933,0.4366712,0.0684814453125,0.00870513916015625,0.07647705078125,0.0143585205078125,0.041900634765625
578,0.49590898,0.5192846,0.52183807,0.507436,0.48374385,0.0657958984375,0.01299285888671875,0.068115234375,0.0149688720703125,0.02294921875
579,0.52536887,0.53613317,0.5570624,0.52825177,0.51649404,0.103759765625,0.08837890625,0.077880859375,0.056396484375,0.09967041015625
580,0.47348619,0.5244517,0.5198751,0.51189524,0.48202312,0.10546875,0.04559326171875,0.05731201171875,0.062042236328125,0.11328125
581,0.5514838,0.57711065,0.54708236,0.56879467,0.5682601,0.2176513671875,0.204833984375,0.141845703125,0.20166015625,0.27099609375
582,0.5646982,0.5506571,0.57124174,0.5076506,0.4913651,0.1617431640625,0.035400390625,0.1297607421875,0.0706787109375,0.166259765625
583,0.5398034,0.5594257,0.55671686,0.56591856,0.5597742,0.0751953125,0.0904541015625,0.0755615234375,0.06463623046875,0.08251953125
584,0.583834,0.56490725,0.5767957,0.6434563,0.6065386,0.275146484375,0.1273193359375,0.2120361328125,0.2186279296875,0.304931640625
585,0.45569664,0.4926747,0.4763805,0.46626964,0.42633733,0.0255279541015625,0.0226287841796875,0.0184478759765625,0.0120697021484375,0.0270233154296875
586,0.49593663,0.55077,0.5174355,0.53055805,0.5061538,0.08709716796875,0.09954833984375,0.11749267578125,0.0175323486328125,0.03411865234375
587,0.60647064,0.5976124,0.5872684,0.5933948,0.55366737,0.1649169921875,0.1224365234375,0.1484375,0.09442138671875,0.1220703125
588,0.5962982,0.5722704,0.5828946,0.6625195,0.6460175,0.201171875,0.108642578125,0.11004638671875,0.223388671875,0.29150390625
589,0.4734038,0.5523459,0.50812453,0.50798863,0.45155072,0.10986328125,0.1453857421875,0.11572265625,0.05194091796875,0.07073974609375
590,0.56456876,0.5349808,0.5958507,0.5438021,0.55985546,0.148193359375,0.04937744140625,0.139404296875,0.04388427734375,0.10675048828125
591,0.60249394,0.5571158,0.5924457,0.6522418,0.6488522,0.2467041015625,0.10040283203125,0.1854248046875,0.2462158203125,0.275390625
592,0.4954563,0.52797735,0.51887983,0.5016295,0.5171895,0.016937255859375,0.0755615234375,0.0391845703125,0.002155303955078125,0.039276123046875
593,0.42960683,0.44417858,0.44465485,0.41331643,0.36602563,0.067138671875,0.0177764892578125,0.0599365234375,0.017822265625,0.01348876953125
594,0.51050174,0.5378766,0.5389016,0.53695995,0.51062965,0.097412109375,0.10888671875,0.1304931640625,0.018157958984375,0.05889892578125
595,0.5030614,0.54980624,0.53116393,0.52255523,0.50397336,0.08538818359375,0.0858154296875,0.07513427734375,0.04974365234375,0.0670166015625
596,0.49031892,0.5371245,0.5166863,0.51756,0.47772098,0.0311737060546875,0.06951904296875,0.0467529296875,0.02716064453125,0.01568603515625
597,0.4160002,0.46838716,0.47544673,0.45262033,0.43842298,0.050750732421875,0.074951171875,0.048858642578125,0.0109710693359375,0.06414794921875
598,0.4641858,0.54757035,0.47302258,0.5011876,0.53337413,0.021514892578125,0.149169921875,0.11279296875,0.062408447265625,0.0843505859375
599,0.6091672,0.5799317,0.6382778,0.61310554,0.5765129,0.177734375,0.1365966796875,0.1697998046875,0.12255859375,0.2008056640625
600,0.5338243,0.5512562,0.5516958,0.5649828,0.503125,0.07965087890625,0.09906005859375,0.1075439453125,0.070556640625,0.056243896484375
601,0.46932212,0.49852514,0.48942107,0.49185926,0.46244782,0.04248046875,0.064208984375,0.005611419677734375,0.041259765625,0.06768798828125
602,0.5152981,0.5255392,0.5400588,0.5188775,0.47696573,0.1153564453125,0.083740234375,0.1053466796875,0.04180908203125,0.0546875
603,0.5060638,0.5406208,0.53640676,0.5306195,0.49168697,0.13916015625,0.16845703125,0.130859375,0.13427734375,0.0753173828125
604,0.5459234,0.54921967,0.56916976,0.59431344,0.5499853,0.10186767578125,0.0872802734375,0.1422119140625,0.0966796875,0.060943603515625
605,0.531142,0.5667279,0.5620599,0.57918364,0.5761736,0.044586181640625,0.05059814453125,0.0123138427734375,0.03631591796875,0.1251220703125
606,0.47946265,0.49945152,0.50700986,0.4979661,0.46906024,0.15771484375,0.09332275390625,0.1741943359375,0.1103515625,0.1314697265625
607,0.5077123,0.5251516,0.54702425,0.533329,0.53042185,0.09619140625,0.037078857421875,0.08233642578125,0.0567626953125,0.05029296875
608,0.4742968,0.49751255,0.5119735,0.4845192,0.48542207,0.0596923828125,0.024505615234375,0.06732177734375,0.043212890625,0.037811279296875
609,0.5549806,0.5562801,0.5538651,0.565124,0.5906299,0.156494140625,0.07421875,0.17529296875,0.068603515625,0.030242919921875
610,0.5319779,0.5753247,0.54751843,0.5464949,0.5161078,0.09588623046875,0.1336669921875,0.07647705078125,0.08367919921875,0.08685302734375
611,0.5196818,0.57527775,0.56516325,0.5282489,0.49367023,0.056610107421875,0.05609130859375,0.0849609375,0.01045989990234375,0.0140533447265625
612,0.47367138,0.48957568,0.47109318,0.46912688,0.46855193,0.0845947265625,0.04937744140625,0.067626953125,0.05828857421875,0.046234130859375
613,0.466587,0.47924793,0.476678,0.4905901,0.49367782,0.0149993896484375,0.0474853515625,0.01397705078125,0.020843505859375,0.03594970703125
614,0.5231636,0.4918945,0.54629624,0.5251398,0.5608388,0.08563232421875,0.054351806640625,0.058135986328125,0.049163818359375,0.0823974609375
615,0.5523459,0.59158194,0.5801082,0.58917415,0.5629713,0.1444091796875,0.1429443359375,0.150146484375,0.149658203125,0.1815185546875
616,0.5699284,0.60781944,0.61557347,0.5707486,0.5590141,0.07061767578125,0.084228515625,0.181396484375,0.041107177734375,0.042938232421875
617,0.46599627,0.5305449,0.49378026,0.49574405,0.44461942,0.02423095703125,0.06903076171875,0.053192138671875,0.0265045166015625,0.0430908203125
618,0.6049446,0.6164351,0.6210867,0.58723044,0.56016374,0.1446533203125,0.118896484375,0.1524658203125,0.0927734375,0.08172607421875
619,0.59435785,0.58116627,0.5979295,0.5983579,0.51983833,0.1524658203125,0.193359375,0.2049560546875,0.11224365234375,0.0479736328125
620,0.55851704,0.51676023,0.5262975,0.51076865,0.48905027,0.1368408203125,0.1387939453125,0.09124755859375,0.053436279296875,0.056884765625
621,0.49843135,0.5138051,0.48819837,0.5442149,0.4972532,0.07379150390625,0.0621337890625,0.042144775390625,0.044769287109375,0.1669921875
622,0.5456259,0.5681027,0.5810676,0.55866605,0.53931624,0.01198577880859375,0.0858154296875,0.061279296875,0.010162353515625,0.045166015625
623,0.45340878,0.5026468,0.46827856,0.519895,0.46838996,0.01050567626953125,0.09979248046875,0.0288543701171875,0.035980224609375,0.08575439453125
624,0.4854253,0.47646487,0.48121923,0.5156854,0.47270232,0.05816650390625,0.053131103515625,0.06121826171875,0.01519012451171875,0.06536865234375
625,0.5030354,0.5223566,0.5471273,0.527236,0.53401726,0.03338623046875,0.0938720703125,0.01276397705078125,0.061431884765625,0.131103515625
626,0.53753686,0.5624826,0.5635588,0.5671731,0.5059213,0.0667724609375,0.0220794677734375,0.09442138671875,0.050201416015625,0.042694091796875
627,0.564787,0.59281886,0.59459364,0.5878229,0.5278773,0.09759521484375,0.0804443359375,0.160400390625,0.040069580078125,0.03643798828125
628,0.59178627,0.577827,0.5750629,0.602783,0.5652249,0.0782470703125,0.08355712890625,0.0635986328125,0.030364990234375,0.061370849609375
629,0.5198841,0.53779256,0.5659323,0.55069834,0.5365838,0.098388671875,0.052581787109375,0.1322021484375,0.051177978515625,0.06182861328125
630,0.6005924,0.5806871,0.5861405,0.62168473,0.5982314,0.216552734375,0.1175537109375,0.11602783203125,0.19140625,0.29248046875
631,0.5661493,0.585498,0.6064173,0.60818636,0.59932584,0.275390625,0.1549072265625,0.26025390625,0.21728515625,0.2420654296875
632,0.47069633,0.4922485,0.4885216,0.5056955,0.4556971,0.016357421875,0.00970458984375,0.00864410400390625,0.006389617919921875,0.0272064208984375
633,0.48596486,0.48785737,0.477992,0.5263885,0.5134796,0.07806396484375,0.06451416015625,0.041748046875,0.09130859375,0.07623291015625
634,0.53943413,0.557852,0.5578473,0.58328956,0.5161474,0.06915283203125,0.0,0.1072998046875,0.019622802734375,0.024383544921875
635,0.5326121,0.5063827,0.5388632,0.5757704,0.587785,0.1497802734375,0.056182861328125,0.0888671875,0.148681640625,0.19921875
636,0.4556035,0.46063673,0.4356548,0.45285267,0.47342393,0.053558349609375,0.05181884765625,0.0142059326171875,0.06317138671875,0.0966796875
637,0.54643273,0.57419544,0.6162235,0.5788756,0.5383486,0.10614013671875,0.0396728515625,0.1522216796875,0.05572509765625,0.06964111328125
638,0.49569815,0.5180224,0.5470935,0.51638967,0.46434757,0.1357421875,0.12646484375,0.126708984375,0.0960693359375,0.09857177734375
639,0.48843583,0.46266767,0.5161469,0.47598308,0.49437514,0.09063720703125,0.00885009765625,0.1031494140625,0.00601959228515625,0.0084686279296875
640,0.5783495,0.54986674,0.57229054,0.6225228,0.6155734,0.126953125,0.08148193359375,0.1278076171875,0.08245849609375,0.255615234375
641,0.5181769,0.48434693,0.5220274,0.48093313,0.41453367,0.09429931640625,0.03399658203125,0.07794189453125,0.032257080078125,0.0037097930908203125
642,0.55606157,0.5286273,0.54345983,0.5586772,0.5162277,0.1151123046875,0.0662841796875,0.07659912109375,0.058258056640625,0.1348876953125
643,0.51556695,0.5177716,0.53441834,0.52722025,0.48524672,0.017913818359375,0.00032520294189453125,0.00023424625396728516,0.01290130615234375,0.0171356201171875
644,0.4863015,0.50197756,0.5022398,0.524675,0.47212386,0.017181396484375,0.00577545166015625,0.005596160888671875,0.01419830322265625,0.0195770263671875
645,0.5848919,0.62092626,0.6696459,0.5996379,0.5632061,0.0565185546875,0.05657958984375,0.154296875,0.039825439453125,0.025848388671875
646,0.5698002,0.60749054,0.62200665,0.6198864,0.5703531,0.071044921875,0.05419921875,0.041473388671875,0.0703125,0.09930419921875
647,0.47592118,0.49271312,0.5066902,0.50338995,0.46230412,0.027801513671875,0.048004150390625,0.01580810546875,0.021209716796875,0.0299835205078125
648,0.47877342,0.5265212,0.5256701,0.52430844,0.44853622,0.06475830078125,0.09716796875,0.0238189697265625,0.07647705078125,0.06121826171875
649,0.47750694,0.4775936,0.49677926,0.543628,0.48176086,0.01885986328125,0.01336669921875,0.0264892578125,0.01415252685546875,0.024444580078125
650,0.510013,0.5470804,0.5198567,0.49631724,0.46061546,0.04705810546875,0.09808349609375,0.03363037109375,0.0270843505859375,0.048675537109375
651,0.5225888,0.53960353,0.5997493,0.547504,0.5326566,0.0509033203125,0.1368408203125,0.1357421875,0.0259246826171875,0.03204345703125
652,0.498654,0.51029295,0.47152352,0.4989553,0.49389923,0.08447265625,0.00850677490234375,0.07354736328125,0.0208587646484375,0.047943115234375
653,0.5161049,0.5741037,0.5340367,0.5030333,0.4875319,0.0843505859375,0.057586669921875,0.09564208984375,0.032623291015625,0.063232421875
654,0.51086223,0.48315632,0.48775274,0.47574648,0.48745063,0.0535888671875,0.08074951171875,0.051971435546875,0.00537109375,0.0531005859375
655,0.45387197,0.5090018,0.48595446,0.48784876,0.5013218,0.10467529296875,0.07330322265625,0.07098388671875,0.0728759765625,0.1365966796875
656,0.51337194,0.53802043,0.5162914,0.5121741,0.5037874,0.08477783203125,0.08392333984375,0.05145263671875,0.049957275390625,0.10150146484375
657,0.43392432,0.4527073,0.4641255,0.45971256,0.4724554,0.0582275390625,0.0,0.03662109375,0.031890869140625,0.046661376953125
658,0.5281644,0.4594125,0.5233601,0.51442355,0.4541609,0.0772705078125,0.055023193359375,0.0899658203125,0.024871826171875,0.06304931640625
659,0.5484204,0.5358832,0.54969084,0.5216755,0.5140744,0.0494384765625,0.08868408203125,0.086181640625,0.03216552734375,0.055419921875
660,0.51979554,0.5004897,0.54227656,0.52420044,0.4907831,0.1812744140625,0.1658935546875,0.1915283203125,0.09967041015625,0.10528564453125
661,0.54887635,0.5924781,0.60923684,0.5845097,0.53569466,0.0792236328125,0.0711669921875,0.137939453125,0.0311279296875,0.04302978515625
662,0.50688726,0.5124121,0.49136466,0.4994032,0.48540214,0.0775146484375,0.0249786376953125,0.0902099609375,0.034423828125,0.0218505859375
663,0.52278316,0.57124144,0.54446465,0.54845047,0.563173,0.0870361328125,0.08624267578125,0.024627685546875,0.08148193359375,0.10931396484375
664,0.5342922,0.54153955,0.5429645,0.55565035,0.5628288,0.0623779296875,0.04766845703125,0.09326171875,0.01983642578125,0.0867919921875
665,0.5282881,0.56160676,0.57752836,0.5194796,0.50953704,0.1160888671875,0.06768798828125,0.07159423828125,0.06396484375,0.142578125
666,0.5378281,0.5679109,0.54994303,0.58694685,0.5313149,0.087890625,0.00862884521484375,0.10528564453125,0.043487548828125,0.0673828125
667,0.56720376,0.5807944,0.590537,0.558823,0.53763187,0.132568359375,0.04522705078125,0.1256103515625,0.08551025390625,0.056640625
668,0.55760914,0.59251314,0.61917317,0.5612194,0.51991725,0.0679931640625,0.06427001953125,0.12298583984375,0.038299560546875,0.0243072509765625
669,0.43802,0.49479842,0.4615218,0.50086164,0.50468636,0.0247802734375,0.06463623046875,0.0290985107421875,0.02825927734375,0.089599609375
670,0.46690345,0.5077386,0.48577255,0.5298221,0.51166165,0.07501220703125,0.028717041015625,0.0151214599609375,0.068115234375,0.08843994140625
671,0.48195824,0.5260361,0.4969672,0.49925724,0.5213642,0.0382080078125,0.12115478515625,0.04315185546875,0.0614013671875,0.0740966796875
672,0.5331123,0.52542835,0.55331635,0.5861391,0.5163427,0.06866455078125,0.0033416748046875,0.091064453125,0.030548095703125,0.0377197265625
673,0.54923606,0.58006316,0.5782871,0.5646461,0.5316802,0.1466064453125,0.1453857421875,0.1522216796875,0.09124755859375,0.08795166015625
674,0.5238454,0.5126644,0.5256749,0.53446746,0.4776593,0.058013916015625,0.045562744140625,0.052764892578125,0.0134124755859375,0.0204010009765625
675,0.5468595,0.55266845,0.5856977,0.58556277,0.5554041,0.07080078125,0.0224456787109375,0.0982666015625,0.022674560546875,0.028472900390625
676,0.38792744,0.39991632,0.3802456,0.41389564,0.36524668,0.0103607177734375,0.018218994140625,0.0141754150390625,0.01849365234375,0.0100555419921875
677,0.51843107,0.58810717,0.5807386,0.5427519,0.5618391,0.09149169921875,0.11358642578125,0.09515380859375,0.0723876953125,0.0721435546875
678,0.48934492,0.5227844,0.5267359,0.5233123,0.46789238,0.10186767578125,0.15185546875,0.1903076171875,0.04400634765625,0.05322265625
679,0.48676196,0.50238633,0.48345566,0.46809083,0.46350014,0.11077880859375,0.07391357421875,0.0699462890625,0.06109619140625,0.1171875
680,0.5261205,0.48767158,0.5437754,0.51357734,0.5216094,0.1278076171875,0.04052734375,0.09759521484375,0.046661376953125,0.07659912109375
681,0.49406,0.51670635,0.48238808,0.5346488,0.46944797,0.0667724609375,0.049163818359375,0.0187225341796875,0.063232421875,0.059478759765625
682,0.48901033,0.52259976,0.5314467,0.5048246,0.5029901,0.10906982421875,0.052490234375,0.06719970703125,0.06829833984375,0.123291015625
683,0.5014404,0.5103757,0.5130075,0.50818986,0.52499914,0.053619384765625,0.10418701171875,0.0203704833984375,0.061676025390625,0.10089111328125
684,0.5051591,0.5246539,0.5251601,0.49782878,0.50856125,0.062744140625,0.0341796875,0.0794677734375,0.0262298583984375,0.034698486328125
685,0.48835558,0.504964,0.49254143,0.4897883,0.4643171,0.05609130859375,0.0181427001953125,0.0504150390625,0.0146942138671875,0.052947998046875
686,0.50619507,0.52517813,0.5295437,0.5082434,0.4870397,0.05718994140625,0.026580810546875,0.06280517578125,0.00902557373046875,0.0121307373046875
687,0.5388901,0.53159404,0.5089714,0.54274535,0.54249334,0.140380859375,0.01641845703125,0.07757568359375,0.07196044921875,0.1512451171875
688,0.5262631,0.51819605,0.5378003,0.5503144,0.5686919,0.09716796875,0.0941162109375,0.112548828125,0.039031982421875,0.1968994140625
689,0.49494067,0.5030538,0.50067484,0.5342869,0.47211596,0.04119873046875,0.04730224609375,0.037078857421875,0.040985107421875,0.0997314453125
690,0.52675486,0.52881926,0.5027621,0.5335738,0.5273864,0.08038330078125,0.006622314453125,0.0682373046875,0.028472900390625,0.036376953125
691,0.4984314,0.55482984,0.5571195,0.57052696,0.5278185,0.0931396484375,0.052642822265625,0.0833740234375,0.05303955078125,0.07037353515625
692,0.5682566,0.59318024,0.590688,0.58687985,0.57522714,0.1884765625,0.0946044921875,0.1181640625,0.16845703125,0.177490234375
693,0.49858838,0.53546953,0.52999216,0.5046379,0.4736421,0.06146240234375,0.09326171875,0.0726318359375,0.014678955078125,0.05706787109375
694,0.5684786,0.58182037,0.5661531,0.53523356,0.5176077,0.0908203125,0.04791259765625,0.0770263671875,0.039794921875,0.06671142578125
695,0.55820656,0.56207204,0.53473055,0.57072514,0.5443625,0.0335693359375,0.0224609375,0.0272979736328125,0.021331787109375,0.05706787109375
696,0.56892574,0.6095729,0.5919857,0.575273,0.55108356,0.09637451171875,0.1497802734375,0.081787109375,0.129638671875,0.0968017578125
697,0.49418923,0.52773595,0.53277147,0.4956752,0.475545,0.0703125,0.08837890625,0.07470703125,0.038421630859375,0.0748291015625
698,0.48321757,0.4964959,0.4580109,0.48614174,0.46185833,0.0517578125,0.0372314453125,0.04620361328125,0.01052093505859375,0.057373046875
699,0.58778495,0.5568288,0.58569515,0.62855816,0.5865193,0.245361328125,0.0875244140625,0.185302734375,0.196533203125,0.251220703125
700,0.50415826,0.54911166,0.5249677,0.52389634,0.49240297,0.141845703125,0.10870361328125,0.1507568359375,0.079345703125,0.08428955078125
701,0.47107333,0.46428666,0.48081332,0.52902794,0.478325,0.050811767578125,0.03448486328125,0.03265380859375,0.0141448974609375,0.035736083984375
702,0.602242,0.5805323,0.5831022,0.62901556,0.59764093,0.11328125,0.18359375,0.04437255859375,0.12890625,0.2998046875
703,0.523267,0.53471893,0.54402655,0.5531478,0.5118236,0.061065673828125,0.10443115234375,0.07861328125,0.13671875,0.12744140625
704,0.4553405,0.48529205,0.52355003,0.50178856,0.45686036,0.09918212890625,0.07666015625,0.0977783203125,0.052154541015625,0.06890869140625
705,0.58149564,0.6128421,0.6336323,0.6370453,0.592831,0.061370849609375,0.1951904296875,0.1329345703125,0.07794189453125,0.1121826171875
706,0.5038385,0.49958354,0.55129313,0.45308617,0.45129275,0.067138671875,0.032012939453125,0.0860595703125,0.020294189453125,0.0073699951171875
707,0.5087038,0.46013126,0.48471555,0.5048912,0.4764256,0.091796875,0.001953125,0.07666015625,0.037353515625,0.0555419921875
708,0.5305467,0.5729712,0.5816937,0.5362091,0.48568034,0.07525634765625,0.051239013671875,0.1253662109375,0.0153961181640625,0.03857421875
709,0.5208525,0.517059,0.5047972,0.5327258,0.49621445,0.0213623046875,0.007495880126953125,0.0069122314453125,0.01470947265625,0.020416259765625
710,0.5125309,0.542072,0.53992134,0.58108836,0.5702445,0.103271484375,0.07666015625,0.10064697265625,0.048980712890625,0.03387451171875
711,0.5186922,0.55731577,0.5178378,0.5091056,0.50620794,0.024810791015625,0.049041748046875,0.03509521484375,0.0242156982421875,0.032989501953125
712,0.44810498,0.49062413,0.46002397,0.47782037,0.484097,0.00873565673828125,0.016265869140625,0.012359619140625,0.0054168701171875,0.090576171875
714,0.5671204,0.5845843,0.57397956,0.57766414,0.5541616,0.1453857421875,0.0640869140625,0.0882568359375,0.0584716796875,0.07135009765625
715,0.554964,0.5543199,0.54693437,0.5469277,0.5382589,0.131103515625,0.0447998046875,0.11114501953125,0.0540771484375,0.09613037109375
716,0.54254496,0.5775815,0.55684245,0.5173656,0.5048875,0.1341552734375,0.1383056640625,0.1497802734375,0.08331298828125,0.0972900390625
717,0.5648362,0.60746884,0.60539085,0.553106,0.52671117,0.092041015625,0.1231689453125,0.0859375,0.0831298828125,0.072021484375
719,0.52735996,0.4899506,0.5214845,0.5074031,0.4790657,0.061920166015625,0.015533447265625,0.0810546875,0.0102386474609375,0.0148468017578125
720,0.5347665,0.52342564,0.5301401,0.5335188,0.51442176,0.07476806640625,0.0093231201171875,0.128173828125,0.04254150390625,0.0279541015625
721,0.4429523,0.44544774,0.47819126,0.47441977,0.52386534,0.07318115234375,0.0650634765625,0.081787109375,0.036590576171875,0.0701904296875
722,0.4677924,0.48998562,0.49029338,0.48885763,0.4997803,0.054595947265625,0.017974853515625,0.0665283203125,0.00856781005859375,0.01151275634765625
724,0.5454252,0.5503774,0.5817107,0.5470505,0.51881325,0.13134765625,0.1085205078125,0.19873046875,0.0916748046875,0.0906982421875
726,0.48272038,0.52106285,0.5077093,0.4993066,0.4804087,0.0653076171875,0.025177001953125,0.0264739990234375,0.0562744140625,0.07806396484375
727,0.46778512,0.50588816,0.48427123,0.48898512,0.47957137,0.0947265625,0.0384521484375,0.05230712890625,0.054718017578125,0.1260986328125
728,0.48164964,0.4956359,0.5058689,0.51581347,0.48971564,0.0771484375,0.0228729248046875,0.10809326171875,0.021270751953125,0.07818603515625
730,0.54637647,0.57145226,0.5852574,0.5771864,0.55903476,0.12078857421875,0.0770263671875,0.111328125,0.047637939453125,0.054962158203125
731,0.58558947,0.5883354,0.6052811,0.6320317,0.6177316,0.102783203125,0.10125732421875,0.11322021484375,0.07061767578125,0.1727294921875
732,0.499711,0.5156248,0.49360722,0.46489704,0.4609354,0.064453125,0.0037174224853515625,0.069091796875,0.011474609375,0.0188446044921875
733,0.49826032,0.49846646,0.5072843,0.5313082,0.5055489,0.01331329345703125,0.004405975341796875,0.0,0.00917816162109375,0.0124053955078125
734,0.57376575,0.5357452,0.5889659,0.56728905,0.5160184,0.12939453125,0.045867919921875,0.14990234375,0.0419921875,0.041778564453125
735,0.52849126,0.53052753,0.51863873,0.50907034,0.52978134,0.10009765625,0.08526611328125,0.1025390625,0.04150390625,0.0467529296875
736,0.4832361,0.49658382,0.515913,0.533291,0.54402053,0.03619384765625,0.0538330078125,0.084716796875,0.0777587890625,0.08807373046875
737,0.49480772,0.5249506,0.5205952,0.51008385,0.49938864,0.08673095703125,0.1302490234375,0.089111328125,0.059234619140625,0.11102294921875
738,0.4947,0.5105843,0.5013311,0.54004943,0.52558404,0.16259765625,0.1092529296875,0.14404296875,0.121337890625,0.18408203125
739,0.51592445,0.52609104,0.5320686,0.5180242,0.48964924,0.0838623046875,0.0517578125,0.0914306640625,0.037139892578125,0.0254058837890625
740,0.5009811,0.5164826,0.5456588,0.5422263,0.5052702,0.04388427734375,0.03271484375,0.03436279296875,0.04449462890625,0.039947509765625
741,0.51125014,0.5402578,0.5486118,0.5069497,0.5154398,0.01454925537109375,0.0,0.0,0.01311492919921875,0.0176239013671875
742,0.49266273,0.48252565,0.50289,0.49901775,0.48453295,0.07366943359375,0.03125,0.0902099609375,0.023284912109375,0.04425048828125
745,0.5420314,0.5446896,0.5536093,0.51397,0.47108302,0.062744140625,0.0499267578125,0.11444091796875,0.0156402587890625,0.022308349609375
746,0.53367525,0.5821023,0.60813814,0.58435595,0.55506396,0.055999755859375,0.09844970703125,0.1116943359375,0.05242919921875,0.06719970703125
747,0.47824383,0.5091578,0.5165716,0.4860819,0.48708844,0.098388671875,0.05279541015625,0.0980224609375,0.044921875,0.05865478515625
750,0.46922863,0.5083635,0.50659513,0.527953,0.5170803,0.1094970703125,0.066650390625,0.11712646484375,0.06396484375,0.04541015625
752,0.53731877,0.543641,0.56024253,0.5294496,0.49368855,0.099853515625,0.06915283203125,0.1514892578125,0.042083740234375,0.044677734375
753,0.53832525,0.5188188,0.5469118,0.47653818,0.49400738,0.1435546875,0.0133514404296875,0.1563720703125,0.027618408203125,0.109375
754,0.529284,0.5263971,0.55301976,0.50626886,0.49830937,0.073486328125,0.054534912109375,0.0836181640625,0.01384735107421875,0.09686279296875
755,0.59484935,0.55731595,0.5694022,0.5949167,0.5614994,0.08380126953125,0.081787109375,0.071044921875,0.023773193359375,0.1417236328125
757,0.50712365,0.5617804,0.5383242,0.50248677,0.5085217,0.0245819091796875,0.09368896484375,0.06951904296875,0.020843505859375,0.09222412109375
758,0.4694159,0.5106688,0.5008927,0.53926617,0.5081164,0.1065673828125,0.06085205078125,0.1251220703125,0.07080078125,0.04962158203125
759,0.5011599,0.51919353,0.48952872,0.5194901,0.5083647,0.0697021484375,0.0285797119140625,0.07232666015625,0.0168304443359375,0.04022216796875
760,0.48342946,0.4722973,0.5129694,0.4636244,0.45251262,0.0565185546875,0.0677490234375,0.071533203125,0.05047607421875,0.043487548828125
761,0.5241913,0.51816326,0.5403895,0.47236001,0.4954266,0.119384765625,0.0030078887939453125,0.11260986328125,0.0267791748046875,0.04205322265625
762,0.5377321,0.57591563,0.53155196,0.5540384,0.52749836,0.044158935546875,0.060577392578125,0.048858642578125,0.042694091796875,0.0186767578125
763,0.5735378,0.6160799,0.55207247,0.627462,0.5726311,0.1318359375,0.1488037109375,0.08673095703125,0.09661865234375,0.052642822265625
764,0.51189303,0.51456225,0.55250597,0.52328247,0.49557364,0.10137939453125,0.007843017578125,0.0804443359375,0.0474853515625,0.07275390625
766,0.5415465,0.6142719,0.5886458,0.5926938,0.53655154,0.053375244140625,0.11590576171875,0.0853271484375,0.0804443359375,0.059844970703125
768,0.54520106,0.56699,0.5847126,0.5428973,0.5430215,0.1680908203125,0.153076171875,0.151611328125,0.0887451171875,0.097900390625
771,0.459292,0.5101887,0.4833184,0.47316307,0.44592956,0.005016326904296875,0.042999267578125,0.00310516357421875,0.002819061279296875,0.042205810546875
772,0.5356425,0.5380088,0.5108584,0.50836366,0.47536284,0.083251953125,0.0635986328125,0.0743408203125,0.033111572265625,0.045135498046875
774,0.5030216,0.5175191,0.5218311,0.5215175,0.53048086,0.06719970703125,0.1234130859375,0.070068359375,0.036865234375,0.0462646484375
775,0.5414103,0.5845519,0.6009238,0.57071537,0.52521604,0.0716552734375,0.105224609375,0.1353759765625,0.018310546875,0.05902099609375
777,0.526689,0.5727978,0.60416853,0.576726,0.53248495,0.04327392578125,0.0523681640625,0.10498046875,0.02899169921875,0.04705810546875
778,0.5277934,0.5410299,0.50267214,0.50870454,0.51263434,0.064697265625,0.035430908203125,0.06781005859375,0.01551055908203125,0.0819091796875
779,0.404449,0.44357392,0.45584878,0.42754865,0.43792853,0.05169677734375,0.051177978515625,0.05792236328125,0.006053924560546875,0.0179595947265625
780,0.48510787,0.5084647,0.55111426,0.5482825,0.5229767,0.0830078125,0.0667724609375,0.1693115234375,0.054473876953125,0.115966796875
781,0.56055534,0.59307337,0.5692472,0.61850655,0.5793188,0.1561279296875,0.1241455078125,0.13134765625,0.1328125,0.150146484375
782,0.5523989,0.58148926,0.5620507,0.5440552,0.5146053,0.1383056640625,0.069580078125,0.0926513671875,0.0750732421875,0.1051025390625
783,0.509013,0.5356697,0.5587539,0.5497639,0.53298634,0.1331787109375,0.09765625,0.0849609375,0.09375,0.1251220703125
785,0.5644264,0.5832622,0.5984512,0.58323723,0.55865306,0.0875244140625,0.165771484375,0.106689453125,0.10321044921875,0.08111572265625
786,0.53931046,0.5702451,0.59625447,0.57654613,0.5404036,0.07427978515625,0.03912353515625,0.08856201171875,0.029083251953125,0.025421142578125
787,0.49454823,0.5309646,0.5603652,0.52360475,0.47806484,0.06878662109375,0.03057861328125,0.1326904296875,0.024871826171875,0.01171875
788,0.5554883,0.49424168,0.529607,0.5521391,0.54974735,0.1241455078125,0.0232696533203125,0.1092529296875,0.07470703125,0.133056640625
789,0.41985595,0.47841918,0.4452576,0.483708,0.43895558,0.0125885009765625,0.097412109375,0.0100860595703125,0.004535675048828125,0.04400634765625
790,0.53858185,0.5932547,0.58101094,0.61527216,0.5555377,0.0877685546875,0.0428466796875,0.11761474609375,0.0270538330078125,0.09173583984375
791,0.5120249,0.51062435,0.5210132,0.5488609,0.4957915,0.0628662109375,0.0340576171875,0.0775146484375,0.020751953125,0.0237884521484375
792,0.6117039,0.5969494,0.5852929,0.62260306,0.5871217,0.1605224609375,0.100830078125,0.152099609375,0.109619140625,0.179443359375
793,0.5294319,0.48344266,0.54316825,0.504035,0.48078078,0.10443115234375,0.07098388671875,0.111328125,0.01416015625,0.0283203125
794,0.48204666,0.47474486,0.4895641,0.48125762,0.48597595,0.060882568359375,0.0191802978515625,0.0697021484375,0.012359619140625,0.050994873046875
795,0.47572106,0.48192397,0.48104063,0.43934837,0.4373816,0.10302734375,0.021820068359375,0.085693359375,0.020538330078125,0.028594970703125
797,0.5735233,0.54586005,0.583013,0.5974514,0.5915124,0.215087890625,0.10906982421875,0.183837890625,0.142333984375,0.3115234375
798,0.5378448,0.5719624,0.5570905,0.5548712,0.52817714,0.0623779296875,0.08392333984375,0.05419921875,0.0261993408203125,0.0777587890625
801,0.50652486,0.56863046,0.5219769,0.5560493,0.5131208,0.06793212890625,0.09246826171875,0.051300048828125,0.053436279296875,0.07855224609375
802,0.5569834,0.5508661,0.56175816,0.5385003,0.52289593,0.1341552734375,0.07171630859375,0.13818359375,0.05987548828125,0.04400634765625
803,0.5556894,0.5361808,0.57604885,0.52646095,0.4884511,0.1383056640625,0.031768798828125,0.16748046875,0.05706787109375,0.071533203125
804,0.5964323,0.58913136,0.6049614,0.5639883,0.5000737,0.156982421875,0.138671875,0.1387939453125,0.0701904296875,0.09576416015625
805,0.50843203,0.54135823,0.54596144,0.5511993,0.50520957,0.130859375,0.07037353515625,0.16455078125,0.07440185546875,0.055267333984375
806,0.48987186,0.55601853,0.51345307,0.5125395,0.49100286,0.072998046875,0.0958251953125,0.051910400390625,0.0328369140625,0.0887451171875
807,0.49019742,0.5073248,0.4989281,0.5230817,0.48568052,0.133544921875,0.1669921875,0.1512451171875,0.1131591796875,0.0859375
808,0.47674155,0.48237514,0.48269612,0.46038216,0.43997726,0.06719970703125,0.039093017578125,0.03448486328125,0.0609130859375,0.101806640625
810,0.44869256,0.5237419,0.52022874,0.48416382,0.4707464,0.10345458984375,0.141357421875,0.1505126953125,0.053131103515625,0.06494140625
812,0.5359096,0.56222224,0.55510986,0.5796989,0.5318728,0.11212158203125,0.036773681640625,0.11724853515625,0.06982421875,0.09893798828125
813,0.50084686,0.48754156,0.49465728,0.50750446,0.5075134,0.0546875,0.02911376953125,0.0574951171875,0.024810791015625,0.0333251953125
814,0.5532791,0.60455954,0.6338962,0.5830127,0.5501801,0.0748291015625,0.038330078125,0.11724853515625,0.03533935546875,0.08026123046875
815,0.5106549,0.5626912,0.5454954,0.55927587,0.5171518,0.1124267578125,0.1473388671875,0.13330078125,0.10546875,0.103271484375
816,0.509961,0.5126798,0.52308667,0.4952724,0.52166075,0.053680419921875,0.0092926025390625,0.05938720703125,0.0125579833984375,0.05621337890625
817,0.55658567,0.5726852,0.5810746,0.5880304,0.5124349,0.1087646484375,0.072509765625,0.0985107421875,0.0955810546875,0.10284423828125
819,0.5314332,0.5519341,0.57504296,0.5885204,0.5357316,0.1231689453125,0.0162353515625,0.12432861328125,0.06634521484375,0.0823974609375
821,0.51598,0.53780437,0.56557643,0.535116,0.52430916,0.1185302734375,0.08795166015625,0.1685791015625,0.06915283203125,0.032562255859375
822,0.49668768,0.5408987,0.5337828,0.52898425,0.49872002,0.052886962890625,0.07061767578125,0.04437255859375,0.042724609375,0.045166015625
823,0.5413464,0.5495223,0.53954196,0.5742028,0.5230654,0.101806640625,0.0170745849609375,0.12200927734375,0.049896240234375,0.10064697265625
825,0.49365762,0.51367104,0.4924686,0.5068053,0.47845417,0.07537841796875,0.0343017578125,0.10406494140625,0.025115966796875,0.07171630859375
826,0.45200655,0.47922933,0.5064093,0.47890207,0.4509661,0.09027099609375,0.07501220703125,0.0640869140625,0.0452880859375,0.084228515625
827,0.44934338,0.51298517,0.49915195,0.48484653,0.44679266,0.08673095703125,0.049346923828125,0.054595947265625,0.05865478515625,0.08038330078125
829,0.4531337,0.5285367,0.46456593,0.47687072,0.4929114,0.11810302734375,0.1500244140625,0.08782958984375,0.129638671875,0.1141357421875
830,0.530975,0.5577365,0.60003823,0.52915573,0.52540267,0.114013671875,0.0858154296875,0.11688232421875,0.0809326171875,0.07464599609375
831,0.44405392,0.4703305,0.4664833,0.48538893,0.4643612,0.05462646484375,0.0004658699035644531,0.0562744140625,0.0067901611328125,0.013885498046875
832,0.48842037,0.51660377,0.5150867,0.5256448,0.48981535,0.0919189453125,0.06494140625,0.134521484375,0.0228118896484375,0.047088623046875
833,0.51274395,0.5521205,0.5650165,0.5266286,0.50588745,0.126953125,0.08734130859375,0.113525390625,0.0396728515625,0.021209716796875
836,0.56017077,0.57991004,0.5765696,0.55554646,0.5842209,0.159912109375,0.054779052734375,0.170654296875,0.1258544921875,0.11553955078125
837,0.5625287,0.57385063,0.6032834,0.59979767,0.54229975,0.131103515625,0.08953857421875,0.1375732421875,0.076904296875,0.08062744140625
838,0.52206737,0.5308201,0.54981995,0.50410366,0.48871553,0.125244140625,0.0443115234375,0.1463623046875,0.0499267578125,0.06787109375
839,0.49358493,0.48433423,0.5007101,0.5105802,0.50404435,0.0726318359375,0.0753173828125,0.106689453125,0.0093536376953125,0.0335693359375
840,0.57500315,0.6076113,0.57349473,0.5976236,0.54587895,0.08270263671875,0.043121337890625,0.11187744140625,0.0743408203125,0.04931640625
841,0.58274126,0.5400162,0.53791445,0.6347729,0.5923651,0.1788330078125,0.0858154296875,0.134765625,0.1536865234375,0.2073974609375
842,0.51822084,0.46953487,0.5029541,0.5548605,0.55499864,0.1409912109375,0.04595947265625,0.07891845703125,0.09820556640625,0.2225341796875
843,0.4385079,0.4482271,0.45379233,0.42484888,0.43893823,0.0623779296875,0.0137481689453125,0.06195068359375,0.01363372802734375,0.0243377685546875
844,0.5431955,0.59971106,0.5842961,0.5800829,0.53110737,0.1302490234375,0.102294921875,0.1640625,0.056671142578125,0.05548095703125
845,0.43831456,0.4726212,0.42928702,0.47115195,0.4771,0.047882080078125,0.0306854248046875,0.067626953125,0.018707275390625,0.02728271484375
846,0.5272736,0.546216,0.5454419,0.53680795,0.5561441,0.0499267578125,0.044677734375,0.08184814453125,0.03515625,0.05596923828125
847,0.48906863,0.52360857,0.51753694,0.49746,0.51111305,0.0758056640625,0.10736083984375,0.151611328125,0.04315185546875,0.0728759765625
848,0.5584893,0.6054492,0.5946348,0.56567276,0.53347516,0.0243377685546875,0.0989990234375,0.05950927734375,0.02685546875,0.03302001953125
850,0.5409119,0.5750159,0.5828651,0.54424256,0.5612088,0.08917236328125,0.08837890625,0.1331787109375,0.0408935546875,0.08154296875
851,0.5292095,0.5662371,0.57063687,0.564778,0.5041038,0.1273193359375,0.097412109375,0.1650390625,0.1134033203125,0.161376953125
852,0.52099955,0.56514627,0.52584624,0.5676424,0.55579925,0.0171356201171875,0.09320068359375,6.711483001708984e-05,0.02911376953125,0.047393798828125
853,0.6008619,0.6214707,0.61668617,0.63365465,0.62152374,0.1781005859375,0.12384033203125,0.172607421875,0.1378173828125,0.1737060546875
854,0.5247554,0.5765276,0.57385236,0.5773653,0.49913087,0.06219482421875,0.05328369140625,0.1207275390625,0.043212890625,0.021942138671875
855,0.52840066,0.5220222,0.55448526,0.5188559,0.52131176,0.080322265625,0.0323486328125,0.06591796875,0.01200103759765625,0.037933349609375
856,0.50059474,0.51943207,0.5721872,0.54470384,0.50199175,0.1148681640625,0.1156005859375,0.051666259765625,0.09674072265625,0.110107421875
858,0.5503002,0.5601995,0.57923853,0.5207129,0.514151,0.0843505859375,0.07000732421875,0.11407470703125,0.032501220703125,0.051055908203125
859,0.5574127,0.554173,0.5660221,0.5641943,0.5337584,0.146728515625,0.02984619140625,0.1693115234375,0.10906982421875,0.10418701171875
860,0.62144274,0.5806004,0.5809252,0.59741986,0.6596059,0.202392578125,0.1512451171875,0.18505859375,0.1383056640625,0.321044921875
861,0.4861203,0.49074453,0.5116554,0.4917354,0.4864501,0.0080718994140625,0.0004069805145263672,0.028411865234375,0.007144927978515625,0.00982666015625
862,0.57548463,0.58700407,0.59742236,0.6143921,0.55872476,0.075439453125,0.0,0.10467529296875,0.032958984375,0.05499267578125
864,0.4897721,0.5085834,0.5175949,0.5191958,0.481094,0.08740234375,0.038665771484375,0.0679931640625,0.04541015625,0.0523681640625
865,0.4945885,0.5391253,0.5022851,0.4742011,0.48303056,0.13232421875,0.1329345703125,0.132568359375,0.080078125,0.102294921875
866,0.53577644,0.52890307,0.57632387,0.5359268,0.5330728,0.1566162109375,0.126953125,0.2117919921875,0.09539794921875,0.1663818359375
867,0.5294448,0.52052057,0.5281749,0.5797779,0.5186532,0.058837890625,0.043975830078125,0.041168212890625,0.05218505859375,0.0196380615234375
869,0.4905541,0.5220898,0.4833162,0.50654,0.53605247,0.1239013671875,0.0187225341796875,0.127197265625,0.0211639404296875,0.08929443359375
870,0.52233887,0.5839496,0.57870793,0.56785625,0.56436485,0.08251953125,0.0823974609375,0.109375,0.05682373046875,0.028533935546875
871,0.5464148,0.57571495,0.534018,0.5329611,0.48148364,0.126708984375,0.156005859375,0.16455078125,0.060699462890625,0.02276611328125
872,0.5255531,0.5285076,0.5319707,0.5795624,0.5093676,0.01122283935546875,0.00868988037109375,0.001445770263671875,0.01161956787109375,0.0137176513671875
875,0.50458795,0.524489,0.5107348,0.5132656,0.51697356,0.1044921875,0.043182373046875,0.070068359375,0.058349609375,0.0728759765625
876,0.5308908,0.508584,0.49402362,0.5267776,0.54275334,0.13134765625,0.045684814453125,0.081787109375,0.08184814453125,0.2001953125
880,0.5049157,0.52381605,0.5598191,0.5116458,0.48223087,0.087158203125,0.08984375,0.12310791015625,0.03936767578125,0.048065185546875
881,0.5064622,0.5569365,0.52855414,0.52804834,0.5287323,0.124267578125,0.1778564453125,0.141357421875,0.09814453125,0.0660400390625
882,0.4452951,0.4237417,0.44262713,0.47520643,0.45229664,0.11529541015625,0.090087890625,0.0906982421875,0.0972900390625,0.1324462890625
883,0.5412092,0.56638426,0.5698802,0.5241692,0.49831164,0.10400390625,0.0484619140625,0.12286376953125,0.04022216796875,0.049102783203125
886,0.519411,0.5148436,0.5198319,0.5182071,0.5125206,0.138916015625,0.056884765625,0.1427001953125,0.034210205078125,0.053192138671875
887,0.49037582,0.54493046,0.5335419,0.5434921,0.4800284,0.038055419921875,0.12298583984375,0.035614013671875,0.053131103515625,0.06158447265625
889,0.54916453,0.5541757,0.5663984,0.5586504,0.53502166,0.0831298828125,0.025238037109375,0.08526611328125,0.019195556640625,0.040130615234375
890,0.5583567,0.56321317,0.59522843,0.57949275,0.5486704,0.0850830078125,0.0,0.133544921875,0.03765869140625,0.05230712890625
891,0.55376595,0.57770085,0.5537436,0.6131138,0.58577573,0.169677734375,0.157470703125,0.1124267578125,0.152099609375,0.16943359375
893,0.51571965,0.53268766,0.5680078,0.53772557,0.50595075,0.00661468505859375,0.04058837890625,0.041961669921875,0.005962371826171875,0.0080108642578125
894,0.47874248,0.5253351,0.50661874,0.46280232,0.4467135,0.11077880859375,0.07855224609375,0.1282958984375,0.0057830810546875,0.0093536376953125
895,0.5584815,0.53281,0.556599,0.5658014,0.50616384,0.1488037109375,0.0682373046875,0.1351318359375,0.0784912109375,0.07806396484375
897,0.468414,0.47115013,0.4916165,0.51348495,0.4872048,0.0237274169921875,0.088623046875,0.00829315185546875,0.0130615234375,0.04327392578125
898,0.6022275,0.6032751,0.6447754,0.58576906,0.54615074,0.163330078125,0.066162109375,0.1646728515625,0.050018310546875,0.06976318359375
900,0.5284803,0.54291725,0.53699374,0.5225489,0.48927552,0.1278076171875,0.08612060546875,0.12298583984375,0.09490966796875,0.03118896484375
901,0.50250006,0.51428413,0.5023705,0.51833034,0.51568925,0.08837890625,0.00681304931640625,0.05865478515625,0.0494384765625,0.0753173828125
902,0.6119159,0.5666545,0.5827192,0.564143,0.5281647,0.125732421875,0.0718994140625,0.171630859375,0.036376953125,0.033935546875
904,0.48939234,0.45807254,0.50029236,0.47256267,0.4703969,0.08477783203125,0.06500244140625,0.06854248046875,0.048675537109375,0.0643310546875
905,0.5302734,0.55512625,0.60206497,0.5751579,0.5060887,0.05474853515625,0.06597900390625,0.177978515625,0.01690673828125,0.0163726806640625
906,0.53757006,0.57847226,0.5700238,0.55115175,0.5262829,0.1673583984375,0.0941162109375,0.1051025390625,0.11407470703125,0.14306640625
907,0.43855107,0.45221967,0.4412182,0.48485118,0.47738522,0.0965576171875,0.0202789306640625,0.04925537109375,0.06195068359375,0.091796875
909,0.47381487,0.50659513,0.5386231,0.51939654,0.5088984,0.09375,0.0848388671875,0.0712890625,0.048675537109375,0.1126708984375
913,0.5771184,0.5483108,0.5735588,0.64288366,0.62780213,0.1263427734375,0.12353515625,0.078125,0.08026123046875,0.1495361328125
914,0.51357234,0.51931155,0.55057883,0.5053616,0.4828221,0.06866455078125,0.08978271484375,0.1361083984375,0.007389068603515625,0.01446533203125
915,0.5476213,0.5540465,0.56826997,0.6104539,0.60668844,0.2369384765625,0.11260986328125,0.1527099609375,0.1973876953125,0.350341796875
916,0.5118057,0.51261,0.5257497,0.5323601,0.4895784,0.0762939453125,0.0103607177734375,0.07855224609375,0.031646728515625,0.053497314453125
917,0.52621067,0.56039155,0.5631609,0.54155606,0.5190594,0.152587890625,0.084716796875,0.11700439453125,0.09820556640625,0.14111328125
921,0.5292971,0.53939027,0.5278146,0.53755313,0.56569004,0.09356689453125,0.033294677734375,0.10174560546875,0.034210205078125,0.07708740234375
922,0.5780537,0.6065979,0.57683504,0.5835235,0.565519,0.1607666015625,0.1629638671875,0.198486328125,0.1116943359375,0.1104736328125
923,0.50915223,0.5020375,0.5046532,0.539161,0.5557007,0.112548828125,0.05950927734375,0.1163330078125,0.074462890625,0.0965576171875
924,0.4640302,0.48887497,0.44274792,0.4653226,0.47998726,0.0841064453125,0.014862060546875,0.06585693359375,0.03631591796875,0.0660400390625
925,0.5242225,0.5232326,0.5626745,0.5111916,0.46828794,0.0875244140625,0.0721435546875,0.134521484375,0.006519317626953125,0.0222930908203125
926,0.57766527,0.5776102,0.5708379,0.59414667,0.5783985,0.1300048828125,0.048492431640625,0.1148681640625,0.0830078125,0.10595703125
927,0.52033496,0.52632487,0.50838697,0.5842797,0.5494715,0.1766357421875,0.093505859375,0.1328125,0.17138671875,0.189453125
928,0.53489625,0.53305906,0.51840305,0.5352725,0.5236698,0.10577392578125,0.0301513671875,0.062255859375,0.05865478515625,0.114013671875
932,0.54182935,0.54166204,0.5654827,0.54428905,0.5391068,0.0987548828125,0.030731201171875,0.08880615234375,0.0528564453125,0.0782470703125
934,0.5516931,0.58787346,0.64422536,0.5509619,0.5268339,0.1129150390625,0.067138671875,0.1583251953125,0.04840087890625,0.0970458984375
935,0.50675076,0.5698015,0.57057095,0.53613925,0.5235884,0.09619140625,0.0965576171875,0.11553955078125,0.09100341796875,0.05084228515625
936,0.47935864,0.49641183,0.50523657,0.4986642,0.4899481,0.11090087890625,0.08441162109375,0.07354736328125,0.07354736328125,0.12744140625
938,0.56483763,0.5252232,0.5880625,0.5619348,0.56851554,0.145263671875,0.06182861328125,0.1507568359375,0.095947265625,0.09710693359375
941,0.5559702,0.5757787,0.5701065,0.58778125,0.5480527,0.1212158203125,0.0977783203125,0.11932373046875,0.11163330078125,0.1136474609375
942,0.47635156,0.51483583,0.5367851,0.49453065,0.4623198,0.0599365234375,0.045928955078125,0.0986328125,0.029754638671875,0.0218658447265625
943,0.51041293,0.5292761,0.52263296,0.5006263,0.49632087,0.12646484375,0.1270751953125,0.127197265625,0.1287841796875,0.05413818359375
944,0.49669772,0.54839957,0.52614987,0.5039648,0.4655687,0.0771484375,0.08648681640625,0.10107421875,0.03314208984375,0.10687255859375
945,0.5653204,0.5497669,0.5532448,0.543938,0.51602685,0.08843994140625,0.06695556640625,0.113037109375,0.0537109375,0.02435302734375
946,0.50791216,0.5152978,0.5024963,0.5292195,0.4927515,0.085205078125,0.00870513916015625,0.086181640625,0.01934814453125,0.04083251953125
948,0.50243527,0.5132287,0.5243712,0.47298166,0.4760539,0.1070556640625,0.07293701171875,0.1171875,0.05303955078125,0.06707763671875
949,0.56893486,0.57381564,0.5860659,0.5818318,0.55995786,0.1424560546875,0.0908203125,0.1370849609375,0.09716796875,0.0926513671875
950,0.47918782,0.48970902,0.47373325,0.4811991,0.48716044,0.04461669921875,0.006244659423828125,0.052642822265625,0.007160186767578125,0.0159912109375
953,0.55433154,0.5512768,0.57534206,0.54157764,0.5249627,0.27197265625,0.093017578125,0.1947021484375,0.198486328125,0.2369384765625
955,0.52576506,0.56604266,0.5712196,0.506945,0.4863185,0.1114501953125,0.08154296875,0.1527099609375,0.0570068359375,0.0548095703125
956,0.49632245,0.50593394,0.488019,0.5160011,0.49629137,0.0379638671875,0.007633209228515625,0.04736328125,0.002178192138671875,0.037109375
957,0.4345276,0.47369635,0.4611701,0.4996103,0.47114947,0.0133514404296875,0.023895263671875,0.0237884521484375,0.0052947998046875,0.00676727294921875
958,0.5479974,0.5380477,0.546008,0.59785116,0.5447726,0.2203369140625,0.11077880859375,0.1451416015625,0.2371826171875,0.2401123046875
960,0.55561125,0.554607,0.5923939,0.5217062,0.50518495,0.186279296875,0.23779296875,0.2265625,0.11083984375,0.1298828125
961,0.5286162,0.56009924,0.57891864,0.5077431,0.51163906,0.07476806640625,0.1016845703125,0.09375,0.04266357421875,0.07659912109375
962,0.508741,0.5352661,0.52479374,0.53212124,0.48495957,0.081298828125,0.05316162109375,0.0849609375,0.036956787109375,0.05499267578125
964,0.52925575,0.5541252,0.5431968,0.5508975,0.53906584,0.265869140625,0.1373291015625,0.2529296875,0.2178955078125,0.197998046875
965,0.5241034,0.54959184,0.54460144,0.529732,0.5080116,0.0697021484375,0.07122802734375,0.114501953125,0.0288238525390625,0.048583984375
966,0.57952845,0.5759594,0.5685766,0.5794201,0.52125055,0.12408447265625,0.08642578125,0.1099853515625,0.09918212890625,0.0257568359375
967,0.4563775,0.4844736,0.5121374,0.4894369,0.45404625,0.0950927734375,0.05194091796875,0.1024169921875,0.0328369140625,0.03582763671875
968,0.49116302,0.54440653,0.51508766,0.46712625,0.4526112,0.07733154296875,0.0828857421875,0.0826416015625,0.027862548828125,0.046173095703125
969,0.52091575,0.53880787,0.6127996,0.5363452,0.5099957,0.10845947265625,0.045684814453125,0.1597900390625,0.05224609375,0.0882568359375
970,0.48706263,0.5399568,0.5608028,0.52317846,0.51288694,0.09307861328125,0.1346435546875,0.1861572265625,0.08856201171875,0.061767578125
971,0.5557486,0.58687794,0.5433739,0.5802137,0.60474664,0.2012939453125,0.1868896484375,0.194091796875,0.1356201171875,0.235107421875
972,0.51759106,0.5568948,0.51655614,0.5260475,0.5363313,0.09246826171875,0.093017578125,0.10040283203125,0.04351806640625,0.05908203125
973,0.5081278,0.5352629,0.50428885,0.48752496,0.44907606,0.1453857421875,0.08758544921875,0.12213134765625,0.099853515625,0.12420654296875
974,0.622988,0.64062643,0.6651462,0.7034414,0.65452325,0.2568359375,0.1944580078125,0.29931640625,0.2734375,0.3525390625
976,0.56581336,0.5639539,0.5921843,0.58870155,0.5345636,0.1602783203125,0.06634521484375,0.1622314453125,0.0872802734375,0.09735107421875
977,0.50289285,0.4834488,0.5152731,0.5245466,0.5191597,0.0638427734375,0.03045654296875,0.12103271484375,0.0160675048828125,0.0460205078125
978,0.44781438,0.48543444,0.48195475,0.5031706,0.4889139,0.06256103515625,0.0496826171875,0.09442138671875,0.027862548828125,0.03668212890625
980,0.52793765,0.5198687,0.56078625,0.5577886,0.5356316,0.0787353515625,0.0299224853515625,0.1168212890625,0.0230865478515625,0.06396484375
984,0.54526603,0.5285405,0.5277232,0.5227715,0.4982419,0.08087158203125,0.05987548828125,0.069091796875,0.02508544921875,0.06097412109375
985,0.455499,0.49848303,0.5072775,0.49023753,0.47149143,0.029571533203125,0.0159912109375,0.0146026611328125,0.031402587890625,0.038299560546875
988,0.50353354,0.5192038,0.5362343,0.52449024,0.53239137,0.06671142578125,0.01042938232421875,0.107177734375,0.02142333984375,0.05072021484375
992,0.4817342,0.5020993,0.472996,0.45311376,0.46710742,0.07623291015625,0.0257720947265625,0.05352783203125,0.031768798828125,0.01505279541015625
993,0.5092895,0.5155966,0.5690742,0.5118634,0.51096845,0.0672607421875,0.031646728515625,0.08013916015625,0.019683837890625,0.00939178466796875
994,0.5400521,0.52155423,0.5261508,0.533882,0.49609405,0.129150390625,0.039459228515625,0.1004638671875,0.07763671875,0.07989501953125
995,0.5546223,0.5659875,0.5370034,0.5625007,0.54014844,0.1806640625,0.07781982421875,0.10577392578125,0.107177734375,0.1875
1000,0.45208755,0.45710015,0.46757215,0.50594264,0.48779404,0.0240478515625,0.0136566162109375,0.00904083251953125,0.0234527587890625,0.01544189453125
1001,0.42950457,0.4559508,0.45413035,0.46788156,0.45588356,0.03271484375,0.01580810546875,0.006023406982421875,0.0245361328125,0.020355224609375
1002,0.4258259,0.43646294,0.38424367,0.4513927,0.45509148,0.07464599609375,0.0280914306640625,0.0137176513671875,0.057647705078125,0.103515625
1004,0.462803,0.4833449,0.49673113,0.48944044,0.4558918,0.034210205078125,0.02276611328125,0.011505126953125,0.0265655517578125,0.028289794921875
1005,0.5157304,0.5289731,0.538334,0.5410311,0.5106148,0.0567626953125,0.0135955810546875,0.0009975433349609375,0.0726318359375,0.0599365234375
1008,0.51671803,0.5045986,0.51642036,0.54769075,0.5015431,0.08929443359375,0.0088653564453125,0.04339599609375,0.0550537109375,0.08111572265625
1009,0.48072997,0.5110091,0.5065684,0.5194752,0.4958657,0.0298309326171875,0.0187530517578125,0.0075531005859375,0.02349853515625,0.02239990234375
1010,0.48597747,0.49967965,0.53504956,0.52386576,0.48603922,0.0245819091796875,0.0171966552734375,0.01126861572265625,0.0156707763671875,0.011993408203125
1012,0.5607104,0.56231225,0.56507283,0.58441436,0.5276159,0.033935546875,0.018890380859375,0.008331298828125,0.0284423828125,0.022125244140625
1014,0.4758069,0.48420006,0.47586456,0.49644446,0.49603313,0.01349639892578125,0.0,2.1457672119140625e-05,0.0121612548828125,0.0163421630859375
1015,0.52553046,0.53146636,0.5245682,0.57496417,0.5605098,0.0171051025390625,0.0,0.0,0.015411376953125,0.0207061767578125
1016,0.536176,0.5099126,0.51729524,0.52627087,0.5352892,0.01528167724609375,0.01180267333984375,0.004032135009765625,0.0166168212890625,0.016571044921875
1017,0.50870746,0.49755684,0.49808672,0.5274144,0.52522707,0.006778717041015625,0.0,0.005619049072265625,0.004428863525390625,0.005954742431640625
1018,0.47678506,0.46600708,0.4510475,0.4767207,0.46314937,0.036651611328125,0.0240936279296875,0.01197052001953125,0.0170440673828125,0.029449462890625
1019,0.48621464,0.4840941,0.4795937,0.5117387,0.50858855,0.019561767578125,0.0,6.157159805297852e-05,0.0176239013671875,0.0236968994140625
1020,0.46532947,0.48550647,0.43544662,0.4677189,0.48822373,0.01128387451171875,0.0,0.0,0.01016998291015625,0.01763916015625
1022,0.4847104,0.48123425,0.45597035,0.50668854,0.5147351,0.040283203125,0.0246124267578125,0.0261077880859375,0.01092529296875,0.01468658447265625
1023,0.47231,0.4486097,0.4325796,0.45874068,0.5148416,0.01305389404296875,0.0036754608154296875,0.0033893585205078125,0.0109405517578125,0.01502227783203125
1025,0.48267096,0.4716307,0.4746269,0.50194746,0.49138117,0.0016765594482421875,0.0,3.3915042877197266e-05,0.0015106201171875,0.0020313262939453125
1026,0.50763565,0.5134249,0.4923438,0.5189773,0.4785529,0.019805908203125,0.01165008544921875,0.0107421875,0.0152435302734375,0.022918701171875
1027,0.46253756,0.46398652,0.44070065,0.48348165,0.47045794,0.01345062255859375,0.0,0.0,0.012115478515625,0.0162811279296875
1028,0.47530898,0.48161256,0.4807223,0.51386523,0.46289635,0.0240631103515625,0.01444244384765625,0.010986328125,0.03912353515625,0.028228759765625
1029,0.48417312,0.50509745,0.4868453,0.5264817,0.4949082,0.0176239013671875,0.0,0.0,0.0158843994140625,0.0213470458984375
1030,0.4802986,0.48834455,0.4865954,0.48127562,0.47728014,0.019744873046875,0.0087890625,0.0081024169921875,0.015838623046875,0.02911376953125
1031,0.52600646,0.49854255,0.50093657,0.51389885,0.5197766,0.002147674560546875,0.0,4.649162292480469e-06,0.0019350051879882812,0.0025997161865234375
1033,0.47320348,0.4670304,0.4779691,0.4791897,0.49148875,0.01190185546875,0.00800323486328125,0.006622314453125,0.0122222900390625,0.03460693359375
1034,0.51133335,0.5268603,0.4862311,0.5470365,0.5458002,0.01885986328125,0.020233154296875,0.0,0.016998291015625,0.06951904296875
1035,0.44648796,0.46758732,0.45642114,0.478979,0.49427968,0.002811431884765625,0.0029964447021484375,0.0021457672119140625,0.0015287399291992188,0.003719329833984375
1036,0.4573099,0.45920238,0.4725098,0.4821587,0.49179274,0.01032257080078125,0.0,0.0,0.00786590576171875,0.0105743408203125
1037,0.4542615,0.46828464,0.4384536,0.4885369,0.47817865,0.0109710693359375,0.0,0.0,0.0098876953125,0.0132904052734375
1038,0.35621133,0.36900517,0.36738136,0.38237077,0.4017579,0.051361083984375,0.06268310546875,0.043975830078125,0.036224365234375,0.06134033203125
1039,0.50324035,0.51133895,0.5136236,0.5274443,0.46972463,0.021759033203125,0.0019931793212890625,0.0012235641479492188,0.0201873779296875,0.022247314453125
1040,0.4027102,0.4144301,0.41185105,0.4593405,0.4434084,0.00921630859375,0.0,0.0,0.00830841064453125,0.01251220703125
1041,0.4457898,0.47162628,0.44508442,0.477906,0.47410965,0.0191802978515625,0.0226287841796875,0.0182037353515625,0.01186370849609375,0.03326416015625
1043,0.48422045,0.502591,0.51469487,0.51721215,0.5035436,0.02569580078125,0.0149993896484375,0.01383209228515625,0.019805908203125,0.0279083251953125
1044,0.471204,0.49697095,0.46767002,0.51964164,0.47711268,0.025726318359375,0.011566162109375,0.0106658935546875,0.020599365234375,0.0286865234375
1045,0.52849054,0.5258554,0.5565032,0.5115095,0.45137215,0.128173828125,0.047271728515625,0.1217041015625,0.0533447265625,0.018707275390625
1046,0.54400986,0.5581869,0.5788846,0.5452882,0.49871397,0.11676025390625,0.06732177734375,0.12164306640625,0.05059814453125,0.033538818359375
1047,0.4442016,0.45316583,0.43625373,0.4403645,0.45954835,0.03106689453125,0.06207275390625,0.02166748046875,0.06488037109375,0.05279541015625
1048,0.4318128,0.44841856,0.42823672,0.45306537,0.45023394,0.042938232421875,0.034454345703125,0.038818359375,0.036285400390625,0.057373046875
1049,0.5101383,0.5713737,0.52662474,0.51276267,0.50935787,0.0762939453125,0.050750732421875,0.102783203125,0.037322998046875,0.057830810546875
1052,0.5316794,0.50096226,0.5242351,0.564134,0.5298612,0.1246337890625,0.0245361328125,0.07513427734375,0.07122802734375,0.0889892578125
1055,0.57251453,0.5637509,0.59040594,0.5751312,0.525767,0.08807373046875,0.02685546875,0.098388671875,0.0277099609375,0.04205322265625
1056,0.58556056,0.5464301,0.5898262,0.62605625,0.56013167,0.09619140625,0.07855224609375,0.11529541015625,0.051666259765625,0.055908203125
1057,0.5649708,0.5969436,0.59804004,0.63591397,0.5377384,0.091796875,0.01447296142578125,0.1455078125,0.0277252197265625,0.06634521484375
1058,0.55948526,0.5708191,0.56332374,0.55987376,0.501761,0.063720703125,0.00949859619140625,0.0631103515625,0.018524169921875,0.06195068359375
1059,0.53310776,0.5312794,0.52540934,0.54900956,0.50005215,0.0919189453125,0.0020046234130859375,0.06268310546875,0.04266357421875,0.0797119140625
1062,0.4285283,0.47104535,0.48841852,0.48800403,0.5000677,0.05535888671875,0.0,0.06341552734375,0.00807952880859375,0.0108642578125
1063,0.48134935,0.5386426,0.48932815,0.47909236,0.46087438,0.091796875,0.10076904296875,0.09075927734375,0.046417236328125,0.1339111328125
1064,0.5505256,0.5798928,0.5467229,0.5470469,0.51473045,0.0926513671875,0.048065185546875,0.06060791015625,0.05902099609375,0.040863037109375
1065,0.52532166,0.553504,0.55190426,0.51635444,0.50321496,0.1441650390625,0.09808349609375,0.1171875,0.0987548828125,0.11114501953125
1069,0.527424,0.52882826,0.544772,0.5404023,0.50503695,0.0965576171875,0.0003936290740966797,0.06658935546875,0.039794921875,0.049560546875
1070,0.51821893,0.5060543,0.5587034,0.5282524,0.47786716,0.10736083984375,0.004924774169921875,0.10577392578125,0.03033447265625,0.03826904296875
1071,0.5371537,0.5618155,0.55206335,0.58908725,0.55156004,0.0667724609375,0.0,0.05877685546875,0.0233001708984375,0.0286865234375
1072,0.51618385,0.5246885,0.51808053,0.49975872,0.46664482,0.079345703125,0.051605224609375,0.105224609375,0.0198974609375,0.056640625
1073,0.5329323,0.56877196,0.57934105,0.55093646,0.5445893,0.05755615234375,0.0,0.05560302734375,0.0145111083984375,0.019500732421875
1075,0.5873617,0.5844636,0.5995575,0.6066954,0.5560841,0.0980224609375,0.006244659423828125,0.1163330078125,0.040924072265625,0.051513671875
1076,0.56873536,0.5854846,0.5619412,0.5685068,0.5805932,0.0936279296875,0.051788330078125,0.110107421875,0.043731689453125,0.05242919921875
1077,0.6240883,0.6211934,0.6235142,0.6411952,0.5790343,0.1407470703125,0.10302734375,0.1700439453125,0.08642578125,0.0914306640625
1078,0.54562426,0.5631931,0.53462434,0.530873,0.5575169,0.066650390625,0.0322265625,0.0662841796875,0.0125885009765625,0.065185546875
1079,0.52211875,0.5311202,0.53077793,0.52889377,0.53096354,0.051727294921875,0.05999755859375,0.057647705078125,0.01085662841796875,0.08099365234375
1080,0.53991014,0.58901864,0.60765857,0.5650373,0.54967505,0.09405517578125,0.0814208984375,0.1070556640625,0.10418701171875,0.1044921875
1081,0.6020246,0.59267676,0.60488474,0.5955282,0.5579438,0.1077880859375,0.04296875,0.11065673828125,0.04376220703125,0.060333251953125
1084,0.58629453,0.5833354,0.5885041,0.6122791,0.54517424,0.0870361328125,0.0038738250732421875,0.082275390625,0.0284576416015625,0.07110595703125
1085,0.5238246,0.52993035,0.5765636,0.5330061,0.5245667,0.0733642578125,0.0455322265625,0.12890625,0.0190887451171875,0.0269622802734375
1086,0.50658816,0.542424,0.5401372,0.48961985,0.48542127,0.09613037109375,0.08172607421875,0.08648681640625,0.047027587890625,0.0665283203125
1088,0.54706746,0.58717924,0.59751254,0.57380456,0.52584296,0.1036376953125,0.09881591796875,0.1700439453125,0.08233642578125,0.02655029296875
1089,0.5442343,0.56324387,0.54789174,0.5583381,0.50927603,0.06573486328125,0.0242462158203125,0.0655517578125,0.06500244140625,0.020751953125
1090,0.4992254,0.52619565,0.5557246,0.5325861,0.4933138,0.0640869140625,0.03875732421875,0.07373046875,0.0226898193359375,0.08447265625
1091,0.5454225,0.5501826,0.5489201,0.55707,0.51665676,0.0615234375,0.051361083984375,0.11273193359375,0.01381683349609375,0.0187530517578125
1092,0.56944627,0.59253347,0.59041685,0.5608233,0.5574994,0.12091064453125,0.085205078125,0.1278076171875,0.09490966796875,0.0902099609375
1093,0.57198375,0.5790429,0.611074,0.5824237,0.5708179,0.1297607421875,0.0797119140625,0.150634765625,0.0601806640625,0.04656982421875
1094,0.54118454,0.5010379,0.52759117,0.53431773,0.5347496,0.15576171875,0.051727294921875,0.1029052734375,0.1107177734375,0.2181396484375
1095,0.535663,0.55404705,0.5672993,0.577773,0.523844,0.068603515625,0.07940673828125,0.06427001953125,0.0621337890625,0.04071044921875
1096,0.4929291,0.5157994,0.4888496,0.49910793,0.49608445,0.0604248046875,0.07525634765625,0.063232421875,0.031585693359375,0.0275726318359375
1097,0.5300094,0.55814654,0.50648683,0.5480231,0.53713304,0.05615234375,0.0,0.05426025390625,0.01375579833984375,0.03619384765625
1098,0.50186294,0.5434063,0.54833055,0.5480757,0.51261294,0.1241455078125,0.08636474609375,0.111083984375,0.055572509765625,0.03887939453125
1099,0.5310069,0.5758615,0.55836153,0.54313326,0.5023836,0.1383056640625,0.1226806640625,0.121826171875,0.10125732421875,0.1436767578125
1100,0.517193,0.54285306,0.51821625,0.56554604,0.50832045,0.058380126953125,0.000476837158203125,0.0003745555877685547,0.05450439453125,0.0963134765625
1101,0.5684874,0.61020577,0.58339787,0.58990926,0.53481317,0.0142364501953125,0.07928466796875,0.0665283203125,0.0104827880859375,0.01434326171875
1103,0.5365813,0.5318581,0.52467483,0.48052156,0.49554217,0.1817626953125,0.08074951171875,0.153076171875,0.110595703125,0.0606689453125
1104,0.5523212,0.5643089,0.55742574,0.553467,0.5384835,0.084228515625,0.0086669921875,0.0699462890625,0.069091796875,0.047149658203125
1105,0.58268845,0.6079099,0.61745536,0.5750051,0.53999346,0.1220703125,0.10638427734375,0.1632080078125,0.062103271484375,0.0693359375
1111,0.5426885,0.5636491,0.59533393,0.55560225,0.51864296,0.0230255126953125,0.04510498046875,0.042236328125,0.01551055908203125,0.02886962890625
1112,0.50103873,0.49038824,0.491798,0.4838295,0.4613558,0.0628662109375,0.0022373199462890625,0.0670166015625,0.030426025390625,0.03851318359375
1113,0.5340752,0.5785603,0.5841489,0.5743914,0.51711583,0.07745361328125,0.0118408203125,0.0877685546875,0.042266845703125,0.060333251953125
1115,0.53732574,0.56977123,0.57081556,0.58742803,0.5275273,0.023162841796875,0.0435791015625,0.07598876953125,0.0166778564453125,0.05010986328125
1117,0.5242979,0.5556362,0.5703375,0.529155,0.5212146,0.1094970703125,0.07183837890625,0.11785888671875,0.050079345703125,0.0276641845703125
1118,0.5554235,0.5827832,0.563856,0.53099906,0.512398,0.1068115234375,0.0645751953125,0.117919921875,0.05438232421875,0.0697021484375
1119,0.5614408,0.5614836,0.5528977,0.60544074,0.555391,0.11065673828125,0.040496826171875,0.08331298828125,0.051177978515625,0.0867919921875
1121,0.565114,0.5350101,0.5564155,0.56218326,0.5569962,0.2327880859375,0.05938720703125,0.1143798828125,0.1761474609375,0.3232421875
1124,0.49629304,0.5023031,0.5294553,0.48195893,0.48620147,0.0931396484375,0.016693115234375,0.10858154296875,0.04296875,0.020660400390625
1125,0.47238612,0.51564556,0.5310063,0.47468042,0.44983095,0.08099365234375,0.0970458984375,0.117919921875,0.0296630859375,0.01397705078125
1127,0.54770243,0.5566254,0.5628789,0.5058256,0.4807685,0.1954345703125,0.06756591796875,0.1514892578125,0.1177978515625,0.086181640625
1128,0.5703325,0.5983466,0.5859256,0.53828347,0.5257339,0.1429443359375,0.11236572265625,0.13671875,0.0653076171875,0.059417724609375
1129,0.53932095,0.49536735,0.56669503,0.5196391,0.4866791,0.158935546875,0.01454925537109375,0.1097412109375,0.07574462890625,0.123046875
1131,0.5375942,0.5407776,0.5781598,0.5298755,0.50402325,0.06622314453125,0.0093536376953125,0.076171875,0.02313232421875,0.0543212890625
1134,0.55470407,0.5525986,0.5465687,0.55465305,0.5107636,0.05999755859375,0.0,0.06072998046875,0.0127716064453125,0.03936767578125
1136,0.55412054,0.5849528,0.5877339,0.57446384,0.4820292,0.0784912109375,0.0169830322265625,0.1441650390625,0.0238494873046875,0.03375244140625
1137,0.5313036,0.5374104,0.49744064,0.53813094,0.5259142,0.03216552734375,0.07000732421875,0.02960205078125,0.0093994140625,0.057098388671875
1139,0.54234684,0.56417006,0.5970478,0.5688674,0.52295077,0.051605224609375,0.0,0.10650634765625,0.017822265625,0.01180267333984375
1141,0.59828913,0.5580223,0.60057664,0.64347136,0.61919075,0.2174072265625,0.05975341796875,0.1483154296875,0.1815185546875,0.322509765625
1142,0.59865904,0.5381135,0.57122934,0.57219464,0.5790071,0.1343994140625,0.061187744140625,0.12939453125,0.0628662109375,0.0496826171875
1144,0.5434457,0.51448935,0.56894064,0.51404077,0.47165155,0.0791015625,0.043701171875,0.0816650390625,0.0246734619140625,0.0313720703125
1146,0.5084824,0.5721028,0.591916,0.5252502,0.4858855,0.0704345703125,0.1339111328125,0.12347412109375,0.028778076171875,0.037841796875
1147,0.56724995,0.5008208,0.51303935,0.5758451,0.62234855,0.135986328125,0.0280914306640625,0.051239013671875,0.07867431640625,0.296142578125
1148,0.5363952,0.5154534,0.52870524,0.54264796,0.5359014,0.04364013671875,0.0219573974609375,0.0484619140625,0.0394287109375,0.0640869140625
1149,0.5217609,0.56188774,0.53650266,0.548629,0.53038067,0.1258544921875,0.1119384765625,0.09716796875,0.06610107421875,0.08935546875
1151,0.5320523,0.53684795,0.54129744,0.54569876,0.53181416,0.05133056640625,0.0,0.05364990234375,0.00981903076171875,0.0131988525390625
1152,0.4516704,0.5153579,0.4408238,0.5178069,0.44444,0.009979248046875,0.044189453125,0.00685882568359375,0.031890869140625,0.012908935546875
1153,0.5508249,0.55134207,0.57442784,0.55497277,0.49797642,0.1416015625,0.0501708984375,0.127685546875,0.10235595703125,0.0792236328125
1154,0.5211533,0.5214033,0.53442264,0.5244796,0.5208238,0.014434814453125,0.0014934539794921875,0.0013742446899414062,0.01268768310546875,0.0171661376953125
1155,0.46176907,0.46466136,0.45911267,0.48670685,0.4682421,0.016143798828125,0.00021445751190185547,0.0017337799072265625,0.014617919921875,0.0195159912109375
1156,0.49856293,0.47647128,0.5118334,0.5149674,0.52168226,0.01776123046875,0.0044708251953125,0.003314971923828125,0.01451873779296875,0.027496337890625
1158,0.5083954,0.5110384,0.5181789,0.5495478,0.48445997,0.025726318359375,0.00705718994140625,0.00650787353515625,0.0216064453125,0.029632568359375
1159,0.48014927,0.48620677,0.46560213,0.49750134,0.49510276,0.01462554931640625,0.0087738037109375,0.006397247314453125,0.0102996826171875,0.018463134765625
1160,0.44923073,0.46160555,0.44748378,0.47226304,0.48136482,0.016815185546875,0.00959014892578125,0.0098876953125,0.0155487060546875,0.018585205078125
1162,0.45742482,0.47021055,0.4504257,0.4970223,0.48350364,0.00820159912109375,0.0,0.0,0.00739288330078125,0.0099334716796875
1165,0.4937892,0.52738094,0.45856947,0.48367983,0.4723827,0.0121917724609375,0.0302581787109375,0.00661468505859375,0.00939178466796875,0.0304412841796875
1166,0.45555928,0.46946084,0.4511179,0.5034026,0.50374585,0.02410888671875,0.01381683349609375,0.01418304443359375,0.017730712890625,0.024688720703125
1167,0.45169052,0.49197704,0.49037856,0.4879201,0.49188298,0.00927734375,0.0002269744873046875,0.037628173828125,0.00829315185546875,0.01123809814453125
1168,0.508571,0.49728203,0.48441157,0.53571403,0.50066286,0.01641845703125,0.0006999969482421875,0.0006456375122070312,0.01464080810546875,0.019744873046875
1169,0.48651683,0.47635037,0.4768454,0.521196,0.48545346,0.01007080078125,0.0,0.0,0.00907135009765625,0.0121917724609375
1170,0.49450034,0.5291659,0.5194475,0.52462393,0.512792,0.04443359375,0.00917816162109375,0.0084228515625,0.03912353515625,0.05029296875
1173,0.5010377,0.48619968,0.5016879,0.5138428,0.52828604,0.004608154296875,0.0,2.8252601623535156e-05,0.004154205322265625,0.005580902099609375
1174,0.46867412,0.45844752,0.4851517,0.52936155,0.48438513,0.00977325439453125,0.0,0.0,0.0088043212890625,0.037994384765625
1175,0.52855426,0.5434519,0.4991086,0.5056297,0.49174637,0.039306640625,0.060791015625,0.025360107421875,0.0115203857421875,0.0158538818359375
1176,0.51466155,0.47877914,0.4968604,0.5041211,0.5020783,0.01617431640625,0.00853729248046875,0.006587982177734375,0.01215362548828125,0.0263824462890625
1177,0.49447855,0.5110904,0.5088579,0.52296734,0.5134758,0.035888671875,0.01427459716796875,0.01265716552734375,0.0216522216796875,0.0269775390625
1181,0.53806794,0.53344405,0.5274469,0.49594736,0.46441603,0.05780029296875,0.01507568359375,0.0792236328125,0.0015802383422851562,0.01049041748046875
1183,0.441751,0.45416525,0.435892,0.4663021,0.4688578,0.0382080078125,0.0311126708984375,0.034759521484375,0.040740966796875,0.053497314453125
1184,0.4963561,0.45858812,0.49436703,0.453722,0.40161693,0.1422119140625,0.04571533203125,0.1351318359375,0.05352783203125,0.017913818359375
1187,0.45987272,0.49087977,0.49929518,0.4721784,0.45720637,0.044189453125,0.0855712890625,0.058685302734375,0.0204925537109375,0.032073974609375
1188,0.5007385,0.52758694,0.5369425,0.55865186,0.5389032,0.07086181640625,0.0156402587890625,0.073486328125,0.014801025390625,0.02783203125
1189,0.5466764,0.55824804,0.5535117,0.58887386,0.5678572,0.115478515625,0.01529693603515625,0.07720947265625,0.05792236328125,0.07391357421875
1190,0.5181081,0.50391126,0.53136516,0.5368949,0.5115062,0.029083251953125,0.007312774658203125,0.01446533203125,0.0238494873046875,0.032684326171875
1191,0.5546899,0.5776271,0.5733987,0.5648484,0.53108054,0.117919921875,0.059814453125,0.09033203125,0.076171875,0.1058349609375
1192,0.5615031,0.5577868,0.59447396,0.5796944,0.56575227,0.1416015625,0.08990478515625,0.1873779296875,0.0625,0.04144287109375
1193,0.48076072,0.499731,0.5338601,0.45479542,0.46377736,0.0460205078125,0.00244903564453125,0.07086181640625,0.002716064453125,0.006378173828125
1194,0.5307905,0.54966515,0.5401439,0.5441952,0.5460698,0.100830078125,0.007843017578125,0.05828857421875,0.056427001953125,0.1063232421875
1196,0.62550765,0.6282893,0.635588,0.6471221,0.6095866,0.12200927734375,0.0670166015625,0.1470947265625,0.072509765625,0.061798095703125
1197,0.5298952,0.5614598,0.54112434,0.55126673,0.555686,0.07855224609375,0.095458984375,0.06976318359375,0.05950927734375,0.05609130859375
1198,0.568021,0.55958843,0.54942024,0.5772089,0.5503358,0.072021484375,0.027618408203125,0.0506591796875,0.03179931640625,0.03912353515625
1199,0.61229086,0.6302907,0.59129065,0.62572515,0.5131599,0.159912109375,0.126708984375,0.1053466796875,0.1466064453125,0.08587646484375
1200,0.5207203,0.551353,0.5442643,0.5654311,0.5625685,0.05487060546875,0.03497314453125,0.0948486328125,0.0084686279296875,0.011383056640625
1201,0.5345495,0.5708667,0.58862156,0.5156372,0.48374385,0.06695556640625,0.033843994140625,0.1102294921875,0.009796142578125,0.03692626953125
1202,0.5738684,0.5820868,0.58262396,0.59879255,0.5473618,0.1290283203125,0.024688720703125,0.11639404296875,0.068359375,0.061767578125
1203,0.60314023,0.55391884,0.52936673,0.6159886,0.59891444,0.1368408203125,0.05255126953125,0.0555419921875,0.0667724609375,0.138671875
1204,0.56346256,0.53466046,0.5459419,0.5416083,0.5218865,0.1094970703125,0.02874755859375,0.1153564453125,0.014190673828125,0.04962158203125
1205,0.5614282,0.5583366,0.5609911,0.57245445,0.51917845,0.09906005859375,0.039398193359375,0.07635498046875,0.042724609375,0.158203125
1206,0.5833907,0.57701504,0.6062059,0.550681,0.57574767,0.1395263671875,0.08294677734375,0.168212890625,0.0701904296875,0.05548095703125
1210,0.560104,0.59001577,0.5751345,0.6304039,0.5978976,0.057373046875,0.0697021484375,0.0178680419921875,0.041656494140625,0.0867919921875
1212,0.53209734,0.5080512,0.5388235,0.58811194,0.5464942,0.05230712890625,0.0,0.0924072265625,0.0134735107421875,0.0352783203125
1213,0.54783106,0.55355483,0.5579307,0.55353636,0.51954526,0.10302734375,0.10406494140625,0.0246124267578125,0.0892333984375,0.11138916015625
1215,0.5158622,0.52206933,0.5450678,0.5477523,0.538671,0.0753173828125,0.042327880859375,0.115234375,0.01690673828125,0.056304931640625
1216,0.52071565,0.5033057,0.5290934,0.53817695,0.51526505,0.0572509765625,0.0025005340576171875,0.067138671875,0.00592803955078125,0.02923583984375
1217,0.5624201,0.592427,0.60988677,0.57043153,0.5458467,0.11767578125,0.1123046875,0.16845703125,0.0712890625,0.0634765625
1218,0.60787344,0.611705,0.5860471,0.5875083,0.54026157,0.1484375,0.05255126953125,0.0892333984375,0.10211181640625,0.173095703125
1219,0.5766332,0.5713019,0.5993223,0.58849615,0.53110445,0.07861328125,0.0176544189453125,0.1417236328125,0.017852783203125,0.03057861328125
1220,0.5416405,0.597259,0.5852119,0.5902912,0.5423982,0.07843017578125,0.06463623046875,0.1348876953125,0.0689697265625,0.035675048828125
1221,0.54359525,0.5693464,0.58578527,0.5767688,0.5191528,0.08612060546875,0.037567138671875,0.0675048828125,0.03753662109375,0.0634765625
1223,0.5115743,0.5586061,0.51290494,0.55488837,0.5379439,0.0672607421875,0.01407623291015625,0.0538330078125,0.0276947021484375,0.01922607421875
1224,0.566314,0.5388983,0.5627141,0.5449787,0.5332925,0.0784912109375,0.0,0.08428955078125,0.01155853271484375,0.01556396484375
1225,0.55083406,0.58069426,0.60922945,0.63450766,0.5469237,0.0526123046875,0.0076751708984375,0.06707763671875,0.0440673828125,0.0555419921875
1226,0.50602096,0.5178052,0.510822,0.5076861,0.4924219,0.0858154296875,0.0252227783203125,0.06591796875,0.03814697265625,0.0865478515625
1231,0.52648294,0.5264467,0.5417967,0.5284766,0.5056193,0.0555419921875,0.0,0.058349609375,0.01062774658203125,0.0143280029296875
1233,0.5693867,0.5320579,0.5730365,0.5467441,0.51308316,0.11456298828125,0.00568389892578125,0.0894775390625,0.061004638671875,0.09326171875
1234,0.5333085,0.5325164,0.517031,0.50539917,0.48051006,0.07342529296875,0.007282257080078125,0.08087158203125,0.032470703125,0.02752685546875
1235,0.54763526,0.5569933,0.548545,0.5307719,0.47473335,0.0523681640625,0.0016632080078125,0.05462646484375,0.01042938232421875,0.01507568359375
1236,0.56224424,0.5871856,0.6150445,0.6140362,0.5564292,0.1038818359375,0.0587158203125,0.1298828125,0.05780029296875,0.07159423828125
1237,0.5782412,0.5934787,0.5917671,0.58931077,0.54522866,0.13037109375,0.12255859375,0.145263671875,0.0732421875,0.097900390625
1238,0.59521246,0.56893116,0.5541066,0.6208048,0.6068131,0.1915283203125,0.10516357421875,0.09844970703125,0.1400146484375,0.2066650390625
1239,0.5441871,0.5600238,0.5753919,0.5715695,0.5245862,0.1004638671875,0.032470703125,0.06561279296875,0.07244873046875,0.08758544921875
1240,0.53158,0.55790156,0.5250703,0.59133255,0.49771684,0.077880859375,0.029510498046875,0.0535888671875,0.0582275390625,0.065673828125
1241,0.5511223,0.55608433,0.5365772,0.58217216,0.54199916,0.0552978515625,0.001682281494140625,0.05938720703125,0.01000213623046875,0.01438140869140625
1242,0.5449356,0.50242054,0.5282323,0.5418213,0.531093,0.0517578125,0.0001690387725830078,0.055267333984375,0.00954437255859375,0.0338134765625
1243,0.5296613,0.5251875,0.5498787,0.5388658,0.516006,0.0665283203125,0.048095703125,0.070556640625,0.01471710205078125,0.020263671875
1245,0.5482694,0.5712403,0.6042809,0.57519656,0.5554014,0.0787353515625,0.1114501953125,0.1763916015625,0.07501220703125,0.01029205322265625
1246,0.5485506,0.55173457,0.5422682,0.5201604,0.51682013,0.08721923828125,0.006481170654296875,0.09832763671875,0.0401611328125,0.0268096923828125
1247,0.48761135,0.53511965,0.5051571,0.50551224,0.5147074,0.1053466796875,0.07342529296875,0.0699462890625,0.0853271484375,0.1048583984375
1249,0.53276306,0.57467693,0.5665791,0.5502966,0.49473214,0.06170654296875,0.033203125,0.089111328125,0.01436614990234375,0.040771484375
1250,0.5876963,0.5605014,0.60934985,0.5648563,0.52929515,0.083740234375,0.050323486328125,0.139892578125,0.021453857421875,0.02215576171875
1251,0.5131778,0.5353105,0.53153634,0.54559153,0.50232637,0.093017578125,0.05926513671875,0.09332275390625,0.03863525390625,0.06268310546875
1252,0.53321624,0.53165305,0.5662363,0.5442637,0.5269954,0.08575439453125,0.025177001953125,0.08917236328125,0.012939453125,0.017730712890625
1253,0.56622076,0.58644927,0.5899878,0.5666837,0.5591081,0.11328125,0.12420654296875,0.12164306640625,0.06298828125,0.0780029296875
1256,0.5948444,0.54695916,0.5771074,0.5948841,0.5684447,0.1021728515625,0.033111572265625,0.11920166015625,0.04156494140625,0.038665771484375
1257,0.58014745,0.5592196,0.6021867,0.62298906,0.60644287,0.204833984375,0.026641845703125,0.1192626953125,0.136474609375,0.1971435546875
1258,0.5495794,0.5413619,0.55500954,0.52883077,0.53910315,0.076904296875,0.0037326812744140625,0.070556640625,0.016021728515625,0.03326416015625
1259,0.51130253,0.5222678,0.5011642,0.50460136,0.49359763,0.0633544921875,0.01212310791015625,0.068603515625,0.017578125,0.024658203125
1260,0.53684807,0.5359113,0.5641522,0.52889305,0.4770848,0.03167724609375,0.09893798828125,0.053436279296875,0.050048828125,0.0443115234375
1261,0.5065197,0.51482594,0.52547175,0.529719,0.47425225,0.02716064453125,0.0667724609375,0.06024169921875,0.019073486328125,0.01419830322265625
1262,0.5117851,0.52821016,0.5191248,0.5221976,0.50257045,0.0285491943359375,0.02398681640625,0.0119781494140625,0.02001953125,0.0692138671875
1263,0.4615066,0.4923268,0.4658985,0.47863254,0.45496467,0.03192138671875,0.056884765625,0.01232147216796875,0.05218505859375,0.0137481689453125
1266,0.47958085,0.4927752,0.45830122,0.52005357,0.533909,0.044586181640625,0.015411376953125,0.049530029296875,0.02191162109375,0.01540374755859375
1267,0.56512046,0.5476802,0.5754613,0.5706344,0.52215916,0.189697265625,0.123779296875,0.1317138671875,0.147216796875,0.0750732421875
1268,0.5821101,0.586378,0.5839724,0.5425297,0.5149624,0.1697998046875,0.1263427734375,0.173095703125,0.07647705078125,0.0848388671875
1269,0.60559195,0.5766785,0.60361326,0.60359603,0.58312714,0.124267578125,0.03680419921875,0.1175537109375,0.10491943359375,0.09686279296875
1270,0.5896711,0.6022488,0.61240214,0.6455455,0.64636517,0.0733642578125,0.041595458984375,0.0850830078125,0.08087158203125,0.07080078125
1271,0.59332806,0.56318253,0.5972204,0.6299777,0.64221585,0.1328125,0.0086212158203125,0.04278564453125,0.12744140625,0.13671875
1272,0.51562726,0.5364102,0.5543561,0.5714896,0.5815927,0.09454345703125,0.047332763671875,0.10443115234375,0.09991455078125,0.0931396484375
1273,0.64284146,0.6581332,0.6636753,0.67470205,0.6365269,0.2244873046875,0.15380859375,0.158447265625,0.217529296875,0.34130859375
1274,0.58510476,0.5982572,0.6185129,0.62443304,0.58774894,0.058258056640625,0.00611114501953125,0.051727294921875,0.054473876953125,0.038787841796875
1276,0.58396065,0.56579584,0.573787,0.64024246,0.6343087,0.196044921875,0.0728759765625,0.12127685546875,0.2236328125,0.255859375
1277,0.61839044,0.6065862,0.6545856,0.61890984,0.60220075,0.05474853515625,5.882978439331055e-05,0.04144287109375,0.0518798828125,0.0450439453125
1278,0.57487065,0.58464897,0.6221837,0.6212684,0.6277258,0.0517578125,0.0107574462890625,0.0460205078125,0.04522705078125,0.045318603515625
1279,0.55553955,0.52356917,0.56140834,0.5528497,0.53433865,0.052581787109375,0.00506591796875,0.048736572265625,0.050018310546875,0.038299560546875
1280,0.56440103,0.56784236,0.56674206,0.5788248,0.6036005,0.0640869140625,1.3828277587890625e-05,0.056884765625,0.061553955078125,0.03857421875
1283,0.54833466,0.5513946,0.57134145,0.6001419,0.592837,0.053466796875,0.007171630859375,0.0462646484375,0.048828125,0.041748046875
1284,0.55195755,0.5478683,0.56548977,0.57817346,0.5797871,0.05029296875,0.001842498779296875,0.0374755859375,0.048095703125,0.041748046875
1285,0.54021597,0.5354761,0.57010186,0.6060784,0.61489886,0.024993896484375,0.0149383544921875,0.03302001953125,0.02313232421875,0.1806640625
1286,0.6093533,0.6204053,0.63388634,0.6303562,0.6368369,0.085205078125,0.04693603515625,0.09808349609375,0.0931396484375,0.08013916015625
1287,0.6177767,0.5849254,0.62541956,0.63652056,0.61512464,0.0792236328125,0.003314971923828125,0.056610107421875,0.07391357421875,0.0643310546875
1288,0.5265305,0.58385897,0.5651628,0.57563686,0.5387869,0.08453369140625,0.096435546875,0.091796875,0.11761474609375,0.08538818359375
1289,0.59172606,0.5999508,0.63019896,0.6448947,0.6302368,0.097900390625,0.057037353515625,0.1192626953125,0.10955810546875,0.090087890625
1290,0.6196458,0.5629099,0.57121426,0.64230275,0.6454065,0.144287109375,0.025970458984375,0.06329345703125,0.13427734375,0.1458740234375
1291,0.57715774,0.5403262,0.577929,0.6359216,0.6082816,0.2371826171875,0.0955810546875,0.169189453125,0.2197265625,0.2479248046875
1292,0.49139306,0.5077573,0.47684827,0.5693646,0.5754192,0.03228759765625,0.0703125,0.0177764892578125,0.05438232421875,0.12646484375
1293,0.55727994,0.5642059,0.5401142,0.57716334,0.6160022,0.05120849609375,0.0110015869140625,0.0465087890625,0.04296875,0.036224365234375
1294,0.56962526,0.6051989,0.5734388,0.617652,0.5661808,0.1072998046875,0.10430908203125,0.07440185546875,0.0972900390625,0.11236572265625
1295,0.54188997,0.5431637,0.56288236,0.57298213,0.5580313,0.056396484375,0.0010776519775390625,0.039886474609375,0.0537109375,0.04644775390625
1297,0.5730731,0.58235914,0.6018443,0.57471186,0.5379061,0.187255859375,0.09759521484375,0.179443359375,0.116943359375,0.189208984375
1300,0.5972855,0.5618835,0.57716256,0.6317223,0.622565,0.19384765625,0.06329345703125,0.078369140625,0.169677734375,0.4248046875
1301,0.56324005,0.5625415,0.62012506,0.6080077,0.57655036,0.1214599609375,0.12347412109375,0.12646484375,0.112060546875,0.161376953125
1303,0.5858786,0.57769597,0.59985983,0.6091314,0.6304016,0.050537109375,0.00044798851013183594,0.0418701171875,0.0484619140625,0.03961181640625
1304,0.6063198,0.601105,0.626165,0.64069647,0.65141714,0.087158203125,0.0506591796875,0.09619140625,0.0941162109375,0.0863037109375
1306,0.59734833,0.56532633,0.64977205,0.61450684,0.62909484,0.07415771484375,0.009307861328125,0.0677490234375,0.06915283203125,0.05609130859375
1307,0.5651504,0.5612323,0.5845585,0.60289913,0.5950104,0.0712890625,0.00876617431640625,0.045257568359375,0.06475830078125,0.064208984375
1308,0.50443,0.5371568,0.5228604,0.5096434,0.4779747,0.0748291015625,0.10589599609375,0.07373046875,0.09130859375,0.10906982421875
1309,0.5353854,0.52538127,0.55590194,0.54093826,0.56833607,0.1434326171875,0.0275726318359375,0.0643310546875,0.13134765625,0.145751953125
1312,0.5899996,0.5934289,0.6156923,0.64782214,0.66957533,0.08154296875,0.050628662109375,0.09332275390625,0.08544921875,0.0760498046875
1314,0.6159146,0.60575926,0.62401587,0.6561302,0.628521,0.10552978515625,0.05517578125,0.11309814453125,0.1146240234375,0.103759765625
1315,0.5762724,0.522748,0.57376826,0.61159724,0.64142853,0.15966796875,0.0083465576171875,0.062164306640625,0.1513671875,0.1676025390625
1316,0.6056218,0.59981805,0.6517018,0.64886796,0.6283122,0.1549072265625,0.0706787109375,0.1602783203125,0.156494140625,0.1810302734375
1319,0.5840926,0.54492205,0.59175706,0.65180224,0.63622344,0.1805419921875,0.0675048828125,0.110595703125,0.1602783203125,0.2327880859375
1322,0.6159487,0.5894623,0.6223484,0.6237614,0.625991,0.045379638671875,0.0,0.03369140625,0.043212890625,0.035125732421875
1323,0.45628083,0.46952572,0.4515321,0.49478,0.48597604,0.0228271484375,0.037811279296875,0.023223876953125,0.01358795166015625,0.0587158203125
1324,0.5727899,0.58165765,0.62196404,0.6292238,0.60159516,0.12249755859375,0.10205078125,0.10888671875,0.12322998046875,0.218994140625
1325,0.59910065,0.56039727,0.61011446,0.6164062,0.6425223,0.1964111328125,0.0888671875,0.1431884765625,0.1925048828125,0.3681640625
1326,0.6042003,0.609587,0.60759544,0.6043186,0.62739515,0.1123046875,0.01525115966796875,0.050628662109375,0.10400390625,0.1134033203125
1327,0.5867447,0.5844077,0.58279055,0.63360643,0.6074148,0.05889892578125,0.00681304931640625,0.04620361328125,0.067138671875,0.0467529296875
1328,0.59631264,0.5807524,0.63119036,0.611004,0.6088561,0.09765625,0.046295166015625,0.10150146484375,0.10498046875,0.09326171875
1331,0.5074575,0.51762754,0.53779095,0.5448257,0.52004826,0.05584716796875,0.05438232421875,0.038665771484375,0.05731201171875,0.1400146484375
1333,0.5589896,0.57648855,0.5710527,0.56356835,0.6018112,0.05206298828125,0.003948211669921875,0.04168701171875,0.05645751953125,0.0421142578125
1334,0.5323914,0.50735575,0.53577125,0.60702133,0.6056354,0.1429443359375,0.019256591796875,0.05023193359375,0.12939453125,0.1641845703125
1335,0.603206,0.5865354,0.62639403,0.6292227,0.6475713,0.07440185546875,0.048370361328125,0.08831787109375,0.08502197265625,0.07403564453125
1336,0.50325346,0.49944848,0.51485497,0.52669644,0.515287,0.0687255859375,0.01145172119140625,0.0799560546875,0.0572509765625,0.1048583984375
1338,0.5831862,0.571729,0.59830374,0.6241331,0.6227604,0.11572265625,0.0031414031982421875,0.03985595703125,0.1124267578125,0.117919921875
1339,0.6552092,0.6733446,0.6745664,0.6670369,0.62578297,0.159423828125,0.0841064453125,0.1102294921875,0.1177978515625,0.0782470703125
1340,0.5602954,0.5696141,0.60993105,0.62612665,0.60294515,0.1317138671875,0.0009212493896484375,0.03228759765625,0.12298583984375,0.1490478515625
1341,0.58273804,0.5694922,0.56714094,0.5923296,0.61769605,0.03851318359375,0.029693603515625,0.035736083984375,0.026611328125,0.035888671875
1344,0.5582127,0.5385814,0.55568236,0.59593004,0.5500793,0.0390625,0.0,0.025787353515625,0.0369873046875,0.0504150390625
1345,0.6104972,0.58732724,0.6090168,0.6034833,0.60062575,0.0927734375,0.0008931159973144531,0.08782958984375,0.060455322265625,0.050811767578125
1346,0.57701206,0.5913231,0.5973394,0.61459595,0.5876522,0.1815185546875,0.06512451171875,0.18408203125,0.13232421875,0.1392822265625
1348,0.5655786,0.57339704,0.5804461,0.62468827,0.64902115,0.10650634765625,0.0880126953125,0.1337890625,0.10736083984375,0.189208984375
1352,0.52693677,0.5426778,0.5276984,0.5549584,0.55628663,0.06524658203125,0.040069580078125,0.037322998046875,0.061279296875,0.11761474609375
1353,0.5343661,0.57458043,0.57743454,0.608263,0.586114,0.067138671875,0.04638671875,0.10302734375,0.0562744140625,0.0799560546875
1355,0.5355905,0.5473261,0.5430913,0.5724822,0.5974306,0.1568603515625,0.03924560546875,0.07867431640625,0.1513671875,0.16796875
1356,0.552964,0.5919606,0.543541,0.58604705,0.57529324,0.1524658203125,0.1490478515625,0.08349609375,0.1517333984375,0.22802734375
1357,0.49497423,0.52305865,0.4937268,0.5320587,0.53248215,0.09844970703125,0.11541748046875,0.047943115234375,0.1007080078125,0.2142333984375
1358,0.5663638,0.5724448,0.5743712,0.60016507,0.64350295,0.07977294921875,0.04132080078125,0.08551025390625,0.08673095703125,0.173095703125
1359,0.54149294,0.57689023,0.59335554,0.6195018,0.563738,0.10052490234375,0.04730224609375,0.080078125,0.099365234375,0.10003662109375
1360,0.55269045,0.55702907,0.56306756,0.6070833,0.5997277,0.07061767578125,0.03424072265625,0.0732421875,0.0823974609375,0.1192626953125
1361,0.5123463,0.4773344,0.4975078,0.5283005,0.51500165,0.1260986328125,0.00963592529296875,0.04345703125,0.1192626953125,0.254638671875
1362,0.58506316,0.63211536,0.6360939,0.64399123,0.6068648,0.073974609375,0.04290771484375,0.08209228515625,0.06683349609375,0.0943603515625
1363,0.48935574,0.513721,0.5000882,0.48561534,0.45334563,0.091796875,0.07965087890625,0.11273193359375,0.08135986328125,0.0714111328125
1364,0.59690595,0.6011067,0.6223323,0.6574068,0.65973306,0.0845947265625,0.0513916015625,0.094482421875,0.08636474609375,0.17822265625
1365,0.462439,0.4863228,0.4923406,0.5254767,0.5281636,0.05255126953125,0.052520751953125,0.0418701171875,0.049224853515625,0.0887451171875
1366,0.6002555,0.6087238,0.61854446,0.66669214,0.67141074,0.207275390625,0.12176513671875,0.16162109375,0.204833984375,0.18505859375
1367,0.5857731,0.59137255,0.59459376,0.6299925,0.6161176,0.09393310546875,0.0689697265625,0.0810546875,0.083251953125,0.11322021484375
1369,0.597175,0.59885776,0.61266065,0.6198306,0.61507237,0.13818359375,0.016815185546875,0.03564453125,0.11053466796875,0.1939697265625
1371,0.6418133,0.63053125,0.6573509,0.6742368,0.7013359,0.26953125,0.135986328125,0.2086181640625,0.2451171875,0.359130859375
1373,0.6216396,0.62722003,0.6427939,0.6756315,0.6197225,0.2091064453125,0.07904052734375,0.1640625,0.197509765625,0.2021484375
1374,0.5443142,0.562514,0.57187635,0.59842813,0.60120606,0.123291015625,0.08026123046875,0.0919189453125,0.12493896484375,0.1414794921875
1375,0.514861,0.53434694,0.5121646,0.53425044,0.5401939,0.0830078125,0.1148681640625,0.042694091796875,0.0792236328125,0.13037109375
1376,0.61369264,0.5875604,0.6143585,0.6782967,0.72788906,0.21630859375,0.0614013671875,0.1275634765625,0.23681640625,0.320556640625
1380,0.52026844,0.56719726,0.56653583,0.5783991,0.5699905,0.06317138671875,0.047576904296875,0.022674560546875,0.0633544921875,0.06683349609375
1381,0.5215299,0.5356604,0.5351392,0.5714872,0.5376392,0.075927734375,0.0017004013061523438,0.033966064453125,0.10125732421875,0.1063232421875
1382,0.5977705,0.5787476,0.5856018,0.6078484,0.59383893,0.0572509765625,0.00018155574798583984,0.046295166015625,0.0546875,0.04052734375
1383,0.5563977,0.61509746,0.6087053,0.6152205,0.5694401,0.0841064453125,0.051116943359375,0.09625244140625,0.09625244140625,0.0821533203125
1384,0.4297613,0.43244755,0.43923414,0.4671474,0.45624554,0.0155487060546875,0.01018524169921875,0.008087158203125,0.0096435546875,0.01442718505859375
1385,0.51422745,0.535949,0.5389419,0.55467737,0.51848876,0.0941162109375,0.0416259765625,0.07928466796875,0.09423828125,0.1075439453125
1386,0.5475088,0.58043224,0.58714145,0.6107023,0.5515357,0.09942626953125,0.1302490234375,0.1358642578125,0.089111328125,0.0772705078125
1387,0.53307474,0.552389,0.5552286,0.5474672,0.548764,0.1424560546875,0.0926513671875,0.1346435546875,0.142578125,0.1131591796875
1388,0.5566163,0.4842203,0.5231764,0.5994331,0.6194891,0.13720703125,0.00794219970703125,0.053466796875,0.129638671875,0.28662109375
1389,0.5463664,0.5529832,0.6101115,0.61560243,0.61105764,0.078857421875,0.1177978515625,0.1280517578125,0.078125,0.09259033203125
1390,0.56335986,0.53668094,0.57864016,0.6164613,0.61914325,0.1431884765625,0.046539306640625,0.09320068359375,0.1474609375,0.157958984375
1391,0.51977456,0.49992162,0.523871,0.58408487,0.54608274,0.137939453125,0.044189453125,0.08245849609375,0.143798828125,0.281005859375
1392,0.6055241,0.5878527,0.60461366,0.68025494,0.68849564,0.17138671875,0.0592041015625,0.10015869140625,0.1739501953125,0.249755859375
1394,0.5166106,0.52174497,0.54362965,0.5531493,0.54715896,0.1318359375,0.1300048828125,0.11334228515625,0.15185546875,0.251953125
1396,0.5416178,0.55378044,0.54640293,0.5802578,0.59652627,0.1756591796875,0.11895751953125,0.134033203125,0.158935546875,0.28955078125
1397,0.587402,0.58680856,0.6042127,0.63061154,0.60841215,0.09527587890625,0.061370849609375,0.102783203125,0.0970458984375,0.155029296875
1398,0.5884873,0.588585,0.57786083,0.65357983,0.70075214,0.170166015625,0.09088134765625,0.11907958984375,0.18359375,0.2415771484375
1399,0.5524291,0.5441119,0.55496573,0.56510866,0.6035925,0.11480712890625,0.01372528076171875,0.0592041015625,0.141845703125,0.1173095703125
1401,0.5393112,0.55808145,0.5713283,0.5240748,0.48439562,0.1043701171875,0.05999755859375,0.053070068359375,0.103515625,0.12225341796875
1402,0.5769216,0.61120576,0.606703,0.5748314,0.5487725,0.0933837890625,0.1036376953125,0.087646484375,0.08349609375,0.042877197265625
1403,0.564762,0.5873812,0.5545455,0.57399464,0.52304363,0.082275390625,0.10888671875,0.07403564453125,0.1181640625,0.0293426513671875
1404,0.53699726,0.5546662,0.5489569,0.5860592,0.5227243,0.049652099609375,0.017425537109375,0.0777587890625,0.046966552734375,0.044830322265625
1406,0.62496966,0.5866432,0.61108124,0.6299665,0.6571052,0.1976318359375,0.07012939453125,0.09765625,0.167236328125,0.323486328125
1408,0.5205165,0.5474704,0.57815665,0.57227886,0.5582581,0.1185302734375,0.1019287109375,0.086669921875,0.1055908203125,0.154541015625
1409,0.5341943,0.55901456,0.5839413,0.5524744,0.5303935,0.06103515625,0.12091064453125,0.1038818359375,0.06134033203125,0.0609130859375
1410,0.55057734,0.5318037,0.553315,0.57377565,0.578971,0.12042236328125,0.0,0.038421630859375,0.116455078125,0.1270751953125
1411,0.6159156,0.57398456,0.620309,0.665984,0.66929984,0.1697998046875,0.0560302734375,0.10394287109375,0.18603515625,0.3427734375
1412,0.5302094,0.554069,0.58487964,0.5564661,0.5106636,0.054046630859375,0.06488037109375,0.08251953125,0.041961669921875,0.023345947265625
1413,0.55724764,0.59504354,0.61849624,0.5923101,0.5333266,0.097412109375,0.114013671875,0.082275390625,0.11090087890625,0.1201171875
1414,0.6585429,0.6866801,0.7396545,0.6604502,0.62523776,0.1534423828125,0.2144775390625,0.260498046875,0.159912109375,0.1795654296875
1415,0.5320649,0.5140382,0.49004072,0.55274236,0.6028497,0.05853271484375,0.02740478515625,0.0,0.0210723876953125,0.088623046875
1416,0.58333296,0.57584673,0.52931404,0.5965582,0.6559602,0.10595703125,0.0226593017578125,0.04339599609375,0.12091064453125,0.162353515625
1417,0.5608149,0.57841235,0.57308525,0.5860597,0.55012137,0.0465087890625,0.037109375,0.0306243896484375,0.044036865234375,0.048004150390625
1418,0.5110952,0.5416824,0.56442964,0.56289697,0.5302352,0.0504150390625,0.07598876953125,0.08966064453125,0.0599365234375,0.06097412109375
1420,0.6008214,0.6014551,0.62293434,0.66445833,0.622366,0.21337890625,0.08038330078125,0.159912109375,0.2010498046875,0.210693359375
1421,0.6012607,0.5674162,0.578582,0.61942196,0.60702896,0.1617431640625,0.029266357421875,0.08282470703125,0.1495361328125,0.159912109375
1422,0.5485394,0.58289886,0.57626015,0.564133,0.5395704,0.1947021484375,0.207763671875,0.14892578125,0.1982421875,0.1566162109375
1423,0.47481248,0.4858465,0.50280905,0.48538232,0.49141043,0.058746337890625,0.0712890625,0.0198822021484375,0.061370849609375,0.08856201171875
1424,0.42895973,0.45541036,0.44452542,0.4486763,0.462215,0.0517578125,0.06591796875,0.01186370849609375,0.050018310546875,0.08544921875
1425,0.49599892,0.50609756,0.53644586,0.49457785,0.49818462,0.02581787109375,0.07470703125,0.01983642578125,0.0200347900390625,0.047027587890625
1426,0.46787208,0.4832999,0.46226647,0.48841262,0.4919347,0.0185394287109375,0.007419586181640625,0.00279998779296875,0.01538848876953125,0.023223876953125
1428,0.53681743,0.55876553,0.5405063,0.5813757,0.57316095,0.0767822265625,0.06463623046875,0.035308837890625,0.0794677734375,0.095458984375
1430,0.4927534,0.5162052,0.5308532,0.51842076,0.53021693,0.03778076171875,0.10736083984375,0.02410888671875,0.0208892822265625,0.1051025390625
1431,0.48282212,0.48260286,0.4654542,0.5008659,0.49471575,0.046539306640625,0.02484130859375,0.051177978515625,0.020721435546875,0.044189453125
1432,0.51199776,0.5312006,0.5111691,0.5185061,0.5073994,0.005146026611328125,0.0094757080078125,0.005451202392578125,0.004180908203125,0.006984710693359375
1434,0.4583595,0.50599706,0.4528987,0.48731497,0.5037033,0.0289306640625,0.047515869140625,0.00940704345703125,0.0295867919921875,0.035308837890625
1435,0.5068243,0.5405611,0.5405785,0.5479374,0.5150591,0.0141143798828125,0.04754638671875,0.01396942138671875,0.00496673583984375,0.0189361572265625
1437,0.44042712,0.4225796,0.4253452,0.43799815,0.46451327,0.0450439453125,0.041534423828125,0.00643157958984375,0.046356201171875,0.1292724609375
1438,0.44107386,0.46514547,0.45003557,0.47090426,0.47413522,0.019622802734375,0.05755615234375,0.045806884765625,0.01763916015625,0.0780029296875
1439,0.49272653,0.5274257,0.4919638,0.5091745,0.49351138,0.061492919921875,0.04254150390625,0.01580810546875,0.03765869140625,0.045257568359375
1440,0.4238645,0.45064187,0.4321664,0.49154347,0.4494863,0.05889892578125,0.05230712890625,0.0283660888671875,0.0543212890625,0.07794189453125
1443,0.50171715,0.46857095,0.49990052,0.51541656,0.5456759,0.030181884765625,0.058380126953125,0.0167236328125,0.0447998046875,0.063232421875
1445,0.47835588,0.52310175,0.50430596,0.52691925,0.52777356,0.0257568359375,0.085693359375,0.01229095458984375,0.020843505859375,0.05780029296875
1446,0.44818816,0.47705626,0.48699176,0.4940733,0.47873288,0.0445556640625,0.041534423828125,0.01056671142578125,0.0413818359375,0.1104736328125
1447,0.47818604,0.4899941,0.47725162,0.48391545,0.46289712,0.0111846923828125,0.01036834716796875,0.00246429443359375,0.0206451416015625,0.01352691650390625
1448,0.4940759,0.5242707,0.5100539,0.5202439,0.540028,0.025482177734375,0.053558349609375,0.01160430908203125,0.0259246826171875,0.083740234375
1449,0.4494651,0.48389378,0.44797507,0.49274284,0.50493467,0.046630859375,0.0299835205078125,0.006061553955078125,0.0440673828125,0.058837890625
1450,0.48424402,0.48704845,0.43364602,0.4996189,0.50298756,0.019927978515625,0.052093505859375,0.0103607177734375,0.0131988525390625,0.050506591796875
1451,0.5478779,0.5645121,0.5456593,0.55745536,0.5238654,0.06488037109375,0.034576416015625,0.00960540771484375,0.063232421875,0.0804443359375
1452,0.43304697,0.4557089,0.39013568,0.46981344,0.45739463,0.01103973388671875,0.0430908203125,0.008819580078125,0.006229400634765625,0.00809478759765625
1453,0.5133457,0.53012955,0.5150725,0.5821208,0.5468083,0.046417236328125,0.026031494140625,0.0172882080078125,0.040313720703125,0.07598876953125
1454,0.48129994,0.5322123,0.5316993,0.53351194,0.4893834,0.0394287109375,0.102294921875,0.0177154541015625,0.02911376953125,0.053436279296875
1457,0.4657228,0.46379057,0.4835183,0.5037678,0.4806245,0.03857421875,0.1009521484375,0.0249786376953125,0.048431396484375,0.07305908203125
1458,0.4111604,0.44511658,0.42913362,0.42239636,0.43989742,0.01715087890625,0.04180908203125,0.00937652587890625,0.0156707763671875,0.02203369140625
1460,0.49383658,0.5275301,0.54104364,0.54183406,0.5048859,0.0300140380859375,0.0274658203125,0.059844970703125,0.0384521484375,0.0296630859375
1461,0.44107047,0.44865364,0.45869842,0.46498626,0.4977535,0.0255126953125,0.07818603515625,0.021881103515625,0.0184326171875,0.057525634765625
1462,0.4345144,0.48504457,0.46914303,0.5018282,0.47345996,0.0267181396484375,0.07708740234375,0.01309967041015625,0.04302978515625,0.07598876953125
1463,0.49559942,0.51463866,0.4955138,0.5291739,0.5344537,0.0025577545166015625,0.01357269287109375,0.0037059783935546875,0.0005707740783691406,0.0036411285400390625
1466,0.55121946,0.5705069,0.5968361,0.57867384,0.5643146,0.01406097412109375,0.045166015625,0.0015583038330078125,0.012786865234375,0.04534912109375
1468,0.5124227,0.58116674,0.5414255,0.565976,0.5467622,0.0589599609375,0.13671875,0.042083740234375,0.0828857421875,0.03472900390625
1469,0.4342437,0.47457868,0.47594917,0.4923681,0.4795158,0.04296875,0.0072021484375,0.0274505615234375,0.048187255859375,0.047576904296875
1470,0.4726482,0.472119,0.5014852,0.5154687,0.5021322,0.0140838623046875,0.01125335693359375,0.050445556640625,0.01012420654296875,0.01334381103515625
1471,0.5331513,0.5683676,0.5423189,0.5827983,0.56777114,0.050811767578125,0.06231689453125,0.060302734375,0.0257110595703125,0.08648681640625
1472,0.49916232,0.50547004,0.51120156,0.5125591,0.5295136,0.04571533203125,0.02789306640625,0.0078887939453125,0.043243408203125,0.056060791015625
1473,0.48050576,0.48687977,0.46640545,0.51321596,0.4916536,0.059234619140625,0.045166015625,0.0164642333984375,0.05706787109375,0.09814453125
1474,0.49930093,0.5030978,0.5280656,0.5235468,0.49322963,0.030487060546875,0.065673828125,0.0195465087890625,0.0214996337890625,0.0679931640625
1475,0.48989844,0.55684054,0.50052273,0.5340254,0.5145226,0.09722900390625,0.139404296875,0.07598876953125,0.094482421875,0.0894775390625
1476,0.476116,0.48294294,0.4735805,0.49231294,0.52272403,0.050872802734375,0.0213470458984375,0.0172882080078125,0.0259246826171875,0.0626220703125
1477,0.51355255,0.51246953,0.47158438,0.5147381,0.5301197,0.015899658203125,0.0151214599609375,0.01065826416015625,0.0125274658203125,0.0189666748046875
1478,0.49861583,0.49311382,0.46888927,0.5125202,0.53779995,0.032073974609375,0.03192138671875,0.01226806640625,0.0175018310546875,0.0599365234375
1479,0.43214393,0.49445915,0.46958894,0.49322194,0.4884734,0.037384033203125,0.0841064453125,0.00787353515625,0.0217437744140625,0.070068359375
1480,0.47891462,0.5125756,0.50226337,0.49872577,0.4970691,0.07305908203125,0.05718994140625,0.03692626953125,0.06878662109375,0.11614990234375
1483,0.46500742,0.4737746,0.46829012,0.4800002,0.49566692,0.01464080810546875,0.00821685791015625,0.001819610595703125,0.0122528076171875,0.034027099609375
1484,0.4675714,0.46416023,0.45832807,0.47791505,0.46965724,0.0355224609375,0.02392578125,0.0161285400390625,0.04638671875,0.045166015625
1485,0.45262533,0.45394385,0.4461298,0.49906936,0.47996593,0.026092529296875,0.02764892578125,0.0033321380615234375,0.025054931640625,0.0302734375
1489,0.4633113,0.47765878,0.45568484,0.50978214,0.51454985,0.025177001953125,0.04791259765625,0.01226043701171875,0.01812744140625,0.057464599609375
1490,0.4340752,0.45765752,0.43676305,0.4804076,0.51480013,0.07293701171875,0.0467529296875,0.0137786865234375,0.056427001953125,0.123291015625
1491,0.48821872,0.47457722,0.4807507,0.53504354,0.543692,0.10418701171875,0.0380859375,0.047271728515625,0.065185546875,0.1552734375
1492,0.4564693,0.49037445,0.46426648,0.5034929,0.5078126,0.0263519287109375,0.07684326171875,0.0090179443359375,0.03289794921875,0.043121337890625
1493,0.4611715,0.464107,0.45070806,0.47308728,0.49877828,0.06048583984375,0.095703125,0.03692626953125,0.0693359375,0.0738525390625
1494,0.50515616,0.5023527,0.47965384,0.5485874,0.51219517,0.040557861328125,0.040557861328125,0.0447998046875,0.03387451171875,0.05902099609375
1495,0.42910808,0.45715874,0.46209794,0.46325046,0.4738388,0.022003173828125,0.0250701904296875,0.01552581787109375,0.01434326171875,0.024139404296875
1496,0.50796545,0.53023636,0.53167874,0.53817844,0.50926435,0.032867431640625,0.07269287109375,0.0230712890625,0.030914306640625,0.0240936279296875
1497,0.49376625,0.5176181,0.4871592,0.5214278,0.5482288,0.049285888671875,0.1138916015625,0.04229736328125,0.0391845703125,0.021697998046875
1498,0.4817468,0.50727576,0.5218559,0.5253104,0.47227854,0.09820556640625,0.121826171875,0.08648681640625,0.09613037109375,0.0794677734375
1499,0.5165209,0.5480546,0.563524,0.54688185,0.507664,0.048248291015625,0.0899658203125,0.07354736328125,0.039794921875,0.0675048828125
1501,0.4351622,0.48700252,0.49413994,0.5099298,0.47657067,0.021240234375,0.061676025390625,0.0169219970703125,0.0160980224609375,0.062164306640625
1503,0.49009037,0.50969315,0.53303057,0.5229007,0.51719415,0.0577392578125,0.0640869140625,0.0003993511199951172,0.0791015625,0.1268310546875
1504,0.4343183,0.46929884,0.43455613,0.43653154,0.46876946,0.049072265625,0.04498291015625,0.00830078125,0.02667236328125,0.09771728515625
1505,0.44295517,0.44673568,0.42791033,0.44693694,0.50253946,0.055023193359375,0.047698974609375,0.01255035400390625,0.0418701171875,0.103759765625
1506,0.47547317,0.49019608,0.47967398,0.49283046,0.5099808,0.03057861328125,0.0753173828125,0.0164031982421875,0.04296875,0.0838623046875
1511,0.4439237,0.47360435,0.43987083,0.49401647,0.48978636,0.018218994140625,0.137939453125,0.00659942626953125,0.0166473388671875,0.0875244140625
1512,0.47263902,0.48170662,0.5020404,0.48608285,0.4921865,0.061279296875,0.07257080078125,0.021759033203125,0.06365966796875,0.08868408203125
1513,0.47021502,0.4644556,0.47699255,0.47606683,0.5078405,0.04632568359375,0.03558349609375,0.035003662109375,0.046783447265625,0.11151123046875
1514,0.4585123,0.5164887,0.5150746,0.53140736,0.5279542,0.058441162109375,0.05584716796875,0.03912353515625,0.055145263671875,0.059967041015625
1515,0.46392494,0.48622486,0.4579774,0.50294065,0.51760906,0.035736083984375,0.08526611328125,0.03424072265625,0.0271148681640625,0.129638671875
1516,0.44379747,0.46845433,0.4576783,0.5049149,0.5013106,0.021942138671875,0.05255126953125,0.0158843994140625,0.0178375244140625,0.027099609375
1517,0.48828632,0.541572,0.5325427,0.51389086,0.50087637,0.039886474609375,0.0406494140625,0.0157928466796875,0.01546478271484375,0.027008056640625
1518,0.43167362,0.461185,0.41036198,0.45354575,0.4917703,0.0428466796875,0.04638671875,0.0155029296875,0.03662109375,0.0780029296875
1519,0.4824745,0.5053486,0.5120661,0.519814,0.54332244,0.1019287109375,0.0452880859375,0.0506591796875,0.06829833984375,0.0941162109375
1520,0.4363802,0.45363474,0.45009565,0.4526707,0.46324056,0.02197265625,0.042572021484375,0.022796630859375,0.005443572998046875,0.04669189453125
1521,0.47284016,0.4665056,0.5020995,0.5126666,0.5010456,0.03924560546875,0.061065673828125,0.05145263671875,0.0167388916015625,0.10552978515625
1522,0.4858408,0.5135528,0.5029545,0.53029203,0.5389218,0.0404052734375,0.01230621337890625,0.0019683837890625,0.03106689453125,0.0767822265625
1523,0.5250499,0.52044755,0.5381581,0.5792402,0.57520795,0.072998046875,0.039703369140625,0.0243377685546875,0.044647216796875,0.086669921875
1524,0.5588248,0.5192159,0.54897606,0.5405774,0.5412392,0.062286376953125,0.059814453125,0.08441162109375,0.0562744140625,0.07769775390625
1525,0.45221388,0.47573283,0.4691799,0.4914459,0.5110707,0.021087646484375,0.0033416748046875,0.031768798828125,0.01568603515625,0.0350341796875
1526,0.50761586,0.52702534,0.5286709,0.54034364,0.5206578,0.08819580078125,0.07574462890625,0.09783935546875,0.11456298828125,0.10882568359375
1527,0.4924547,0.5182216,0.4945305,0.52095294,0.5546947,0.015045166015625,0.01126861572265625,0.0019702911376953125,0.01244354248046875,0.0169677734375
1528,0.42445496,0.44777605,0.45015195,0.44518882,0.4193752,0.04205322265625,0.047882080078125,0.0087890625,0.039459228515625,0.0672607421875
1529,0.5067654,0.5239018,0.55244374,0.5382538,0.5141252,0.04638671875,0.00949859619140625,0.08270263671875,0.05743408203125,0.0753173828125
1530,0.43500507,0.47248352,0.4685421,0.50149727,0.48841405,0.044952392578125,0.033050537109375,0.0699462890625,0.037139892578125,0.05474853515625
1532,0.44968772,0.5088506,0.49986076,0.488972,0.46767256,0.052490234375,0.04180908203125,0.0284576416015625,0.04315185546875,0.057861328125
1533,0.4660842,0.49013022,0.5076137,0.48177996,0.45776737,0.01220703125,0.01241302490234375,0.00666046142578125,0.01012420654296875,0.0140533447265625
1535,0.42589745,0.48195058,0.4622051,0.43639648,0.43914306,0.0609130859375,0.11138916015625,0.05902099609375,0.054901123046875,0.129150390625
1537,0.4655282,0.52219576,0.45989284,0.4920346,0.488578,0.017578125,0.08203125,0.033660888671875,0.0302581787109375,0.0197906494140625
1538,0.46737367,0.48154205,0.49420062,0.5049879,0.49245918,0.044921875,0.061187744140625,0.007232666015625,0.040496826171875,0.07464599609375
1539,0.41463298,0.43486065,0.4521439,0.4563657,0.47244775,0.038238525390625,0.048858642578125,0.04254150390625,0.039703369140625,0.048919677734375
1541,0.5211494,0.545565,0.56633574,0.5752404,0.5317511,0.06085205078125,0.0902099609375,0.1171875,0.049224853515625,0.0789794921875
1542,0.48158726,0.5104097,0.508293,0.4750111,0.47501907,0.048614501953125,0.019744873046875,0.012969970703125,0.045745849609375,0.062164306640625
1543,0.49619007,0.5419677,0.51536167,0.4932316,0.5252509,0.0726318359375,0.0733642578125,0.04351806640625,0.0687255859375,0.11358642578125
1544,0.542589,0.53226227,0.5122627,0.55023664,0.5477793,0.01983642578125,0.078369140625,0.01067352294921875,0.0467529296875,0.0394287109375
1546,0.47785383,0.51759535,0.51014626,0.50506663,0.5274878,0.06304931640625,0.059661865234375,0.020843505859375,0.041107177734375,0.0926513671875
1547,0.53306097,0.55267465,0.5075734,0.5733143,0.55510074,0.046875,0.04156494140625,0.01081085205078125,0.04052734375,0.08673095703125
1548,0.49876356,0.4898377,0.5091202,0.5187333,0.47911763,0.0292816162109375,0.044219970703125,0.01294708251953125,0.0201263427734375,0.043182373046875
1549,0.48561907,0.48701996,0.46351045,0.5058268,0.5305152,0.06689453125,0.06890869140625,0.031768798828125,0.0848388671875,0.054473876953125
1550,0.5302782,0.5280506,0.5395037,0.56187755,0.54947287,0.01491546630859375,0.0102081298828125,0.00019466876983642578,0.01325225830078125,0.01806640625
1551,0.47979558,0.5191356,0.48379293,0.5227011,0.5056839,0.120849609375,0.1397705078125,0.034942626953125,0.08135986328125,0.165283203125
1552,0.5060832,0.52477324,0.53745943,0.56696665,0.54052216,0.01322174072265625,0.01140594482421875,0.001644134521484375,0.020965576171875,0.015228271484375
1553,0.46602315,0.45594347,0.46864963,0.4995493,0.5214158,0.02984619140625,0.00888824462890625,0.0021953582763671875,0.0224609375,0.049346923828125
1554,0.49743664,0.461085,0.41823864,0.50657386,0.5430178,0.03704833984375,0.00439453125,0.0064697265625,0.0262451171875,0.06927490234375
1558,0.5012331,0.520681,0.4914015,0.5298117,0.5370729,0.1038818359375,0.128662109375,0.0268402099609375,0.0987548828125,0.1796875
1559,0.52474415,0.49381676,0.5497917,0.5438709,0.53384984,0.09783935546875,0.041229248046875,0.1317138671875,0.05914306640625,0.09674072265625
1560,0.42808107,0.45147747,0.41897,0.4314955,0.45956436,0.017242431640625,0.06634521484375,0.0127105712890625,0.01074981689453125,0.028564453125
1563,0.45380053,0.46660525,0.44448766,0.48899877,0.5018377,0.08392333984375,0.09735107421875,0.0302581787109375,0.106689453125,0.1265869140625
1564,0.47322887,0.50274354,0.4785695,0.48471642,0.5086432,0.061737060546875,0.1016845703125,0.037445068359375,0.03228759765625,0.0899658203125
1565,0.53547835,0.53144956,0.55018455,0.5560886,0.5469053,0.024383544921875,0.042572021484375,0.0212554931640625,0.013916015625,0.049468994140625
1566,0.50547624,0.5162853,0.5238329,0.5565057,0.52015173,0.06939697265625,0.12841796875,0.0509033203125,0.07733154296875,0.0853271484375
1568,0.46979004,0.5169498,0.47921804,0.4848237,0.50697416,0.07147216796875,0.0748291015625,0.048858642578125,0.0615234375,0.07684326171875
1570,0.4754066,0.52937615,0.5005426,0.48391646,0.51100355,0.090576171875,0.1297607421875,0.064208984375,0.07757568359375,0.0765380859375
1571,0.51271856,0.53631246,0.5248705,0.54468465,0.5292303,0.0220184326171875,0.058563232421875,0.006099700927734375,0.048980712890625,0.048248291015625
1572,0.47420138,0.49425632,0.45705885,0.5050897,0.479066,0.06036376953125,0.06146240234375,0.071533203125,0.05645751953125,0.08270263671875
1574,0.38250965,0.4206195,0.4107281,0.45057878,0.4097775,0.0330810546875,0.04461669921875,0.020294189453125,0.026092529296875,0.0572509765625
1575,0.4381606,0.48632938,0.44058353,0.46664706,0.47631338,0.0286865234375,0.0276031494140625,0.018768310546875,0.0231475830078125,0.0379638671875
1576,0.49985462,0.47654554,0.48073703,0.5346409,0.5746668,0.046142578125,0.0176544189453125,0.0103607177734375,0.04046630859375,0.05743408203125
1577,0.43964285,0.47567415,0.45073405,0.4547072,0.49377257,0.0247802734375,0.05517578125,0.01678466796875,0.017669677734375,0.06146240234375
1578,0.5141691,0.5020875,0.48905155,0.5064329,0.5228491,0.02081298828125,0.006229400634765625,0.009674072265625,0.0186767578125,0.0325927734375
1580,0.4450431,0.48607454,0.41032156,0.48849142,0.52297926,0.023773193359375,0.052459716796875,0.012176513671875,0.021209716796875,0.050323486328125
1582,0.39473307,0.4557852,0.42053962,0.43372446,0.4292767,0.05340576171875,0.06292724609375,0.0139923095703125,0.0697021484375,0.063720703125
1584,0.45314586,0.5332761,0.47596538,0.5442865,0.5248712,0.0174407958984375,0.079345703125,0.0049896240234375,0.04400634765625,0.0732421875
1585,0.37951458,0.43352297,0.35537738,0.43417245,0.4411841,0.035675048828125,0.09442138671875,0.00605010986328125,0.06878662109375,0.05267333984375
1587,0.50615215,0.53022116,0.483403,0.53980196,0.54694,0.02581787109375,0.0124664306640625,0.00010842084884643555,0.005939483642578125,0.0079803466796875
1588,0.47543618,0.5424267,0.4897852,0.5372176,0.49162865,0.0213775634765625,0.0218505859375,0.003398895263671875,0.034271240234375,0.023223876953125
1590,0.49892664,0.5543556,0.5292665,0.5296424,0.52758425,0.007354736328125,0.0015869140625,0.0018854141235351562,0.00634765625,0.008697509765625
1591,0.42418677,0.4141937,0.4197901,0.4689768,0.46472147,0.045166015625,0.015869140625,0.013397216796875,0.049560546875,0.0462646484375
1593,0.49087068,0.4780119,0.47680536,0.5279888,0.52288806,0.06121826171875,0.0284576416015625,0.0119476318359375,0.0322265625,0.07415771484375
1594,0.49149823,0.4922788,0.48926157,0.5536673,0.53520364,0.038818359375,0.0223388671875,0.006031036376953125,0.025909423828125,0.04736328125
1595,0.48778492,0.5100447,0.50876445,0.53315055,0.5417516,0.03839111328125,0.038482666015625,0.0310211181640625,0.034088134765625,0.043853759765625
1596,0.4922078,0.49434605,0.48869118,0.55841064,0.53779924,0.07220458984375,0.04949951171875,0.042266845703125,0.04473876953125,0.0849609375
1597,0.4675376,0.43971217,0.44548625,0.4857145,0.5071515,0.055511474609375,0.02301025390625,0.01285552978515625,0.0280303955078125,0.09515380859375
1598,0.47058815,0.4733799,0.4684335,0.47481906,0.46283892,0.0277252197265625,0.0282745361328125,0.0228729248046875,0.0191497802734375,0.064697265625
1599,0.47936124,0.4532893,0.46576333,0.48388347,0.5457859,0.068603515625,0.00234222412109375,0.0025157928466796875,0.0572509765625,0.0960693359375
1600,0.42441744,0.4154302,0.43120947,0.44945037,0.428784,0.016204833984375,0.0080718994140625,0.00743865966796875,0.005596160888671875,0.008209228515625
1601,0.4702181,0.47922552,0.47274393,0.48053473,0.50031435,0.0538330078125,0.07379150390625,0.0127716064453125,0.04351806640625,0.06451416015625
1604,0.48446968,0.50164926,0.48366815,0.5386915,0.5512089,0.033294677734375,0.020904541015625,0.0119171142578125,0.025360107421875,0.046234130859375
1605,0.46583015,0.5125479,0.49938032,0.52395797,0.5008315,0.057373046875,0.083740234375,0.0140838623046875,0.06951904296875,0.117431640625
1606,0.47569564,0.46338934,0.46352905,0.47249234,0.44996744,0.03558349609375,0.004802703857421875,0.040863037109375,0.0048675537109375,0.00896453857421875
1607,0.4811101,0.4812443,0.49304414,0.4737795,0.50137424,0.037841796875,0.06884765625,0.025146484375,0.0282440185546875,0.03387451171875
1608,0.4428074,0.48158166,0.4765788,0.49226075,0.47995687,0.06036376953125,0.040924072265625,0.0142822265625,0.053619384765625,0.0904541015625
1609,0.40461612,0.4761122,0.41965812,0.46597365,0.4403188,0.034393310546875,0.08367919921875,0.049224853515625,0.052490234375,0.035858154296875
1610,0.52848077,0.5209525,0.54121745,0.5001121,0.5036571,0.014404296875,0.06207275390625,0.0093536376953125,0.0128936767578125,0.05120849609375
1611,0.51642954,0.5572352,0.52881354,0.5757218,0.54946554,0.0802001953125,0.09417724609375,0.032928466796875,0.07940673828125,0.1295166015625
1612,0.48405215,0.53100234,0.47724247,0.5162921,0.5387775,0.0279541015625,0.0968017578125,0.0174102783203125,0.03436279296875,0.0228118896484375
1614,0.4739307,0.47170866,0.48375788,0.47552067,0.4832536,0.0838623046875,0.055938720703125,0.045501708984375,0.040435791015625,0.09197998046875
1617,0.49435097,0.53813034,0.52584493,0.48324046,0.47734785,0.039154052734375,0.158935546875,0.09027099609375,0.0372314453125,0.10040283203125
1618,0.515792,0.51716214,0.5327291,0.5221062,0.53024614,0.010772705078125,0.01142120361328125,0.003173828125,0.01043701171875,0.0196533203125
1619,0.42820433,0.4738289,0.4039534,0.49253756,0.5299669,0.065673828125,0.1072998046875,0.0064544677734375,0.0572509765625,0.156982421875
1620,0.47246557,0.5179809,0.4935169,0.5414268,0.48838866,0.034332275390625,0.09637451171875,0.0118865966796875,0.04119873046875,0.0027008056640625
1621,0.5604677,0.5723571,0.5530834,0.5497315,0.55950224,0.06622314453125,0.1435546875,0.0426025390625,0.021575927734375,0.015594482421875
1622,0.44802946,0.48273718,0.5008934,0.5143974,0.46191415,0.044677734375,0.069091796875,0.0810546875,0.03948974609375,0.02178955078125
1624,0.52107495,0.5796537,0.51974183,0.5778386,0.531761,0.04241943359375,0.14306640625,0.03692626953125,0.07928466796875,0.050537109375
1625,0.4773781,0.488356,0.48050278,0.5173235,0.48753998,0.080078125,0.1011962890625,0.043548583984375,0.03656005859375,0.09173583984375
1628,0.4274058,0.49956232,0.46083352,0.48018962,0.45742065,0.051025390625,0.1497802734375,0.03240966796875,0.06439208984375,0.06622314453125
1630,0.41419616,0.4255918,0.408501,0.42321688,0.4416861,0.061798095703125,0.028167724609375,0.03997802734375,0.0384521484375,0.08306884765625
1631,0.50424874,0.5383558,0.50264674,0.5829101,0.5493048,0.03466796875,0.07373046875,0.037994384765625,0.052276611328125,0.09991455078125
1633,0.48111486,0.5483258,0.51353097,0.5434817,0.5055249,0.057220458984375,0.093994140625,0.01476287841796875,0.05474853515625,0.07281494140625
1634,0.4730368,0.5016178,0.45313293,0.51120085,0.51334715,0.08642578125,0.11871337890625,0.0443115234375,0.07421875,0.126220703125
1635,0.5187109,0.5592077,0.52454704,0.5615326,0.5634494,0.064453125,0.03045654296875,0.05859375,0.045440673828125,0.10345458984375
1636,0.48725128,0.5254351,0.49089378,0.46669683,0.4789796,0.036041259765625,0.052520751953125,0.0523681640625,0.033935546875,0.06341552734375
1638,0.45425642,0.49134126,0.50168306,0.49567875,0.48075593,0.01226043701171875,0.01275634765625,0.0112152099609375,0.03167724609375,0.0416259765625
1639,0.4008526,0.45645374,0.41819632,0.4467131,0.4935439,0.05267333984375,0.0274658203125,0.0304718017578125,0.042755126953125,0.08697509765625
1640,0.5180978,0.5348605,0.53682375,0.5439234,0.5303208,0.064208984375,0.04888916015625,0.025970458984375,0.06903076171875,0.06842041015625
1641,0.48189312,0.49384397,0.45930433,0.52024424,0.511631,0.090576171875,0.1295166015625,0.051361083984375,0.08404541015625,0.14013671875
1642,0.4644173,0.49299955,0.5019654,0.5452078,0.517674,0.042022705078125,0.0589599609375,0.046051025390625,0.03173828125,0.06304931640625
1643,0.45429587,0.4615123,0.4637556,0.5033409,0.4932128,0.0186004638671875,0.04345703125,0.020172119140625,0.028656005859375,0.0252685546875
1645,0.48969164,0.4627201,0.44836998,0.51757115,0.50900334,0.03607177734375,0.01800537109375,0.01236724853515625,0.02490234375,0.07421875
1646,0.4559289,0.5011458,0.47172356,0.48632944,0.4841646,0.01198577880859375,0.09716796875,0.0084075927734375,0.0092620849609375,0.04705810546875
1647,0.45866758,0.47911957,0.49542385,0.52632403,0.49513966,0.034698486328125,0.09100341796875,0.023406982421875,0.034393310546875,0.08538818359375
1650,0.4799072,0.4744098,0.4915768,0.53836286,0.53614813,0.03765869140625,0.00447845458984375,0.03936767578125,0.02069091796875,0.06842041015625
1651,0.45750853,0.4730435,0.47506636,0.46915042,0.47058338,0.048248291015625,0.0321044921875,0.037322998046875,0.0194244384765625,0.0391845703125
1652,0.46070537,0.5034113,0.44814116,0.5002687,0.48333752,0.054107666015625,0.0731201171875,0.02569580078125,0.05267333984375,0.06842041015625
1653,0.47477913,0.4706507,0.46490008,0.5087644,0.5031008,0.043792724609375,0.05206298828125,0.024169921875,0.032379150390625,0.07666015625
1654,0.5109769,0.57007146,0.547193,0.5419917,0.4966487,0.0137939453125,0.036407470703125,0.022674560546875,0.012054443359375,0.0377197265625
1655,0.4408627,0.45876938,0.45099625,0.5126102,0.5159096,0.06451416015625,0.07086181640625,0.04248046875,0.0758056640625,0.1026611328125
1656,0.4487615,0.4437983,0.42794862,0.4695755,0.5182507,0.05426025390625,0.040069580078125,0.0034236907958984375,0.029266357421875,0.13037109375
1657,0.47918993,0.4725428,0.46891052,0.53069484,0.5417838,0.027130126953125,0.0217437744140625,0.005584716796875,0.018951416015625,0.053253173828125
1658,0.49501055,0.5007726,0.45430174,0.50800174,0.48204744,0.0472412109375,0.067626953125,0.047821044921875,0.007110595703125,0.048919677734375
1659,0.4760441,0.49486944,0.5119908,0.49966455,0.49631742,0.01372528076171875,0.047332763671875,0.00879669189453125,0.03570556640625,0.0246124267578125
1660,0.5266588,0.56749547,0.53622246,0.5881586,0.5376773,0.072998046875,0.1297607421875,0.04022216796875,0.074462890625,0.062103271484375
1661,0.48111627,0.5114568,0.48096997,0.48617727,0.44649285,0.0253448486328125,0.015533447265625,0.015625,0.01491546630859375,0.042938232421875
1663,0.41375908,0.45449477,0.44552585,0.466869,0.4710247,0.08477783203125,0.105712890625,0.0657958984375,0.07366943359375,0.03692626953125
1665,0.5250502,0.5139073,0.5010743,0.55573857,0.54006386,0.06463623046875,0.08538818359375,0.0594482421875,0.059478759765625,0.081298828125
1666,0.48184094,0.49786645,0.4776425,0.5263293,0.50667536,0.0460205078125,0.046234130859375,0.018341064453125,0.0233001708984375,0.08331298828125
1667,0.43600523,0.45721737,0.43319482,0.4717056,0.4656765,0.0584716796875,0.0635986328125,0.031585693359375,0.0579833984375,0.11395263671875
1668,0.48312968,0.48502707,0.5016155,0.52584183,0.4836768,0.058746337890625,0.1204833984375,0.025299072265625,0.0745849609375,0.10870361328125
1669,0.40367007,0.41777048,0.36835942,0.4562374,0.4312001,0.0222930908203125,0.037353515625,0.007633209228515625,0.02008056640625,0.04522705078125
1670,0.45232522,0.48784423,0.51166856,0.4892617,0.4750207,0.0162811279296875,0.01177978515625,0.0504150390625,0.01617431640625,0.04888916015625
1671,0.51515484,0.530034,0.5338695,0.5424443,0.52544487,0.06341552734375,0.026580810546875,0.0179443359375,0.057464599609375,0.0828857421875
1672,0.46144342,0.48868868,0.46073687,0.47345486,0.47081375,0.01529693603515625,0.01177215576171875,0.01898193359375,0.00243377685546875,0.019775390625
1674,0.4979123,0.50598544,0.49112672,0.54189974,0.5146725,0.0867919921875,0.10205078125,0.056610107421875,0.077880859375,0.10369873046875
1675,0.49510092,0.48910373,0.45132402,0.4965446,0.495,0.014984130859375,0.03533935546875,0.00897216796875,0.0123291015625,0.044189453125
1677,0.4413774,0.4401629,0.45755854,0.48268235,0.46945256,0.023162841796875,0.0615234375,0.015716552734375,0.034759521484375,0.06658935546875
1679,0.4966804,0.5401714,0.5142071,0.5112169,0.5160517,0.045684814453125,0.030364990234375,0.0125885009765625,0.074462890625,0.10589599609375
1680,0.46897864,0.47704914,0.45564318,0.47220168,0.47216484,0.01959228515625,0.017791748046875,0.0546875,0.01557159423828125,0.0286865234375
1681,0.4947754,0.50766975,0.49518394,0.52153057,0.535588,0.03997802734375,0.07904052734375,0.01654052734375,0.04156494140625,0.0372314453125
1682,0.46955585,0.54379547,0.48800707,0.5072279,0.47517294,0.07025146484375,0.055419921875,0.00809478759765625,0.08209228515625,0.09393310546875
1683,0.4693321,0.49660352,0.49544105,0.46921954,0.50368536,0.05010986328125,0.08203125,0.037689208984375,0.0185089111328125,0.021697998046875
1684,0.49779573,0.47496587,0.4723267,0.5004121,0.5257573,0.040771484375,0.0584716796875,0.01953125,0.033538818359375,0.0411376953125
1685,0.47702038,0.49912855,0.4636724,0.51458395,0.55331296,0.00743865966796875,0.009490966796875,0.0,0.00670623779296875,0.00901031494140625
1686,0.46115136,0.45610684,0.4586098,0.48703325,0.46659994,0.0172882080078125,0.0242462158203125,0.014129638671875,0.04266357421875,0.02301025390625
1687,0.51464564,0.5449927,0.5057594,0.54571754,0.4819879,0.04290771484375,0.0692138671875,0.021148681640625,0.047454833984375,0.06719970703125
1688,0.46137404,0.5042799,0.49174607,0.5420164,0.5318267,0.021087646484375,0.01116180419921875,0.01029205322265625,0.016510009765625,0.023223876953125
1689,0.4723597,0.46510905,0.45503128,0.48723784,0.51097274,0.015869140625,0.04266357421875,0.0272979736328125,0.012420654296875,0.031982421875
1690,0.42279243,0.48168412,0.44543216,0.42779374,0.46894735,0.026092529296875,0.028228759765625,0.0213470458984375,0.031982421875,0.036163330078125
1691,0.46888644,0.46165466,0.4938551,0.46357304,0.51333326,0.03961181640625,0.046142578125,0.035369873046875,0.004425048828125,0.09210205078125
1692,0.39920986,0.46055937,0.43568328,0.43115723,0.45677972,0.01165008544921875,0.01116180419921875,0.0045166015625,0.0065155029296875,0.01226043701171875
1693,0.4674493,0.48016566,0.49020022,0.53727096,0.5290724,0.054412841796875,0.0576171875,0.00754547119140625,0.05517578125,0.068603515625
1694,0.5251774,0.52203196,0.54195917,0.56298643,0.54688126,0.0126190185546875,0.00341033935546875,0.01012420654296875,0.01120758056640625,0.0147705078125
1695,0.4654221,0.49619225,0.44555125,0.48496878,0.44499075,0.0538330078125,0.0860595703125,0.0269927978515625,0.041839599609375,0.0831298828125
1696,0.51845306,0.5540966,0.49056685,0.57299244,0.5495248,0.027435302734375,0.059173583984375,0.005825042724609375,0.057861328125,0.049102783203125
1697,0.43900794,0.44297552,0.48740992,0.46918046,0.50033355,0.032806396484375,0.041290283203125,0.0167694091796875,0.045166015625,0.045562744140625
1702,0.46713924,0.5243706,0.49,0.5231928,0.5283272,0.08392333984375,0.11309814453125,0.040802001953125,0.0986328125,0.11676025390625
1703,0.48301566,0.4657813,0.48333168,0.50227237,0.4967062,0.0426025390625,0.0460205078125,0.038299560546875,0.012054443359375,0.03570556640625
1705,0.49033314,0.5059389,0.50612545,0.52579606,0.5124141,0.022247314453125,0.060821533203125,0.021026611328125,0.040985107421875,0.055328369140625
1706,0.4125438,0.48029697,0.42486134,0.43274426,0.4723039,0.01708984375,0.09912109375,0.0117645263671875,0.03741455078125,0.04473876953125
1707,0.47383937,0.45845705,0.4436906,0.47504562,0.44055167,0.03253173828125,0.0293121337890625,0.0007634162902832031,0.03033447265625,0.071044921875
1708,0.43187624,0.43449476,0.42494214,0.45922226,0.47182846,0.052947998046875,0.11077880859375,0.04119873046875,0.041351318359375,0.02734375
1709,0.4518854,0.4621862,0.49334183,0.4682372,0.4489957,0.0311279296875,0.12353515625,0.0283660888671875,0.03955078125,0.073486328125
1711,0.43098804,0.46557292,0.4531687,0.45986018,0.45506716,0.00643157958984375,0.015106201171875,0.005954742431640625,0.00438690185546875,0.006805419921875
1712,0.4676953,0.47800282,0.4753491,0.48809674,0.5121152,0.01806640625,0.020050048828125,0.00958251953125,0.021087646484375,0.037200927734375
1713,0.4953167,0.53133214,0.5390997,0.52051765,0.5373572,0.05938720703125,0.084228515625,0.08843994140625,0.0250091552734375,0.086181640625
1714,0.4989882,0.49088347,0.51977926,0.48852673,0.5003722,0.040374755859375,0.04693603515625,0.07843017578125,0.052032470703125,0.01947021484375
1715,0.5188684,0.48781177,0.50872564,0.5683025,0.5462899,0.0131072998046875,0.003963470458984375,0.00365447998046875,0.01092529296875,0.0150299072265625
1716,0.47729975,0.5109654,0.5209839,0.50440264,0.47454795,0.0246734619140625,0.027923583984375,0.020538330078125,0.01116943359375,0.015167236328125
1719,0.5287009,0.52717364,0.5268313,0.5037992,0.4688915,0.069091796875,0.025970458984375,0.0274658203125,0.055328369140625,0.09295654296875
1720,0.5025158,0.5189052,0.52143896,0.54379386,0.5312691,0.042572021484375,0.0303955078125,0.018341064453125,0.01480865478515625,0.0455322265625
1721,0.42125183,0.47042385,0.44865906,0.48788404,0.46737558,0.053253173828125,0.1302490234375,0.01506805419921875,0.089111328125,0.0714111328125
1722,0.469251,0.5234039,0.4914258,0.5146479,0.4828418,0.05340576171875,0.12237548828125,0.017425537109375,0.07373046875,0.06982421875
1724,0.54928964,0.5884296,0.56028235,0.5481243,0.57003224,0.05328369140625,0.09393310546875,0.0550537109375,0.07171630859375,0.06103515625
1726,0.457825,0.4845464,0.493363,0.50112975,0.48836088,0.026580810546875,0.0682373046875,0.017364501953125,0.052642822265625,0.048309326171875
1727,0.45482486,0.51084036,0.450298,0.4872104,0.5024404,0.014801025390625,0.10382080078125,0.038116455078125,0.03656005859375,0.05841064453125
1728,0.47285026,0.4876871,0.5059337,0.49178895,0.46229076,0.0157318115234375,0.01336669921875,0.01885986328125,0.01275634765625,0.016326904296875
1729,0.5272583,0.55627346,0.5551976,0.5662198,0.52879125,0.0494384765625,0.10113525390625,0.023101806640625,0.07586669921875,0.09197998046875
1730,0.44531694,0.495813,0.45542195,0.5312325,0.4865298,0.01690673828125,0.06781005859375,0.01468658447265625,0.043670654296875,0.024261474609375
1731,0.4770121,0.48963267,0.49670917,0.5364602,0.53215134,0.0135955810546875,0.023223876953125,0.00433349609375,0.01096343994140625,0.015106201171875
1732,0.46766743,0.51031363,0.4662683,0.5143965,0.46025434,0.01666259765625,0.053985595703125,0.00481414794921875,0.034149169921875,0.03643798828125
1734,0.48874223,0.49857002,0.50805634,0.53007054,0.51617837,0.023162841796875,0.06695556640625,0.02899169921875,0.00848388671875,0.04296875
1735,0.43831724,0.48013365,0.45531136,0.44400132,0.47545725,0.022613525390625,0.032867431640625,0.0165557861328125,0.024261474609375,0.02691650390625
1738,0.46665123,0.48496488,0.43011597,0.5042084,0.5402801,0.10528564453125,0.021392822265625,0.0093994140625,0.06866455078125,0.1422119140625
1739,0.53807044,0.5194315,0.48045185,0.56795895,0.60099554,0.087890625,0.048736572265625,0.05596923828125,0.06439208984375,0.09490966796875
1740,0.49709797,0.55131876,0.51179725,0.542956,0.529209,0.0194549560546875,0.063720703125,0.0209197998046875,0.057098388671875,0.0209503173828125
1741,0.49650908,0.5120218,0.50791186,0.54039514,0.4907781,0.019134521484375,0.057037353515625,0.018768310546875,0.03985595703125,0.013031005859375
1742,0.48231143,0.5106251,0.5000607,0.53611714,0.5379296,0.042938232421875,0.04925537109375,0.0249176025390625,0.04364013671875,0.053070068359375
1743,0.46392164,0.53226364,0.4915936,0.521625,0.51454794,0.064208984375,0.10693359375,0.0181884765625,0.0914306640625,0.10748291015625
1744,0.44892085,0.45888957,0.44994333,0.4616366,0.48469317,0.030364990234375,0.056732177734375,0.027008056640625,0.023040771484375,0.049072265625
1745,0.4136935,0.47305998,0.45387805,0.46918753,0.44586945,0.10528564453125,0.184326171875,0.0897216796875,0.1004638671875,0.0496826171875
1746,0.51829875,0.56176245,0.5278737,0.5313606,0.5610234,0.0562744140625,0.1259765625,0.0467529296875,0.0826416015625,0.07269287109375
1748,0.49472937,0.5025978,0.5296459,0.53566813,0.5092579,0.05450439453125,0.03143310546875,0.0254058837890625,0.024383544921875,0.046905517578125
1749,0.49892664,0.5543556,0.5292665,0.5296424,0.52758425,0.007354736328125,0.0015869140625,0.0018854141235351562,0.00634765625,0.008697509765625
1750,0.42807513,0.4467578,0.4072078,0.45541897,0.46871078,0.05206298828125,0.0496826171875,0.011444091796875,0.04345703125,0.0826416015625
1751,0.36879626,0.4077713,0.3721616,0.4005434,0.3935909,0.050628662109375,0.115234375,0.035888671875,0.0728759765625,0.08673095703125
1752,0.41698393,0.47045112,0.4260633,0.4833066,0.48027056,0.02410888671875,0.04339599609375,0.00478363037109375,0.047760009765625,0.02935791015625
1755,0.4467159,0.47979674,0.4556931,0.46807444,0.4350413,0.026214599609375,0.01116180419921875,0.00931549072265625,0.02178955078125,0.0321044921875
1756,0.44807124,0.47100773,0.43828714,0.4936626,0.48804337,0.0298004150390625,0.033660888671875,0.01451873779296875,0.0190582275390625,0.036102294921875
1758,0.4371788,0.42423263,0.42628407,0.460562,0.4595697,0.061553955078125,0.05029296875,0.0245513916015625,0.056365966796875,0.10089111328125
1759,0.46720487,0.47698742,0.48075384,0.49262998,0.47185603,0.076904296875,0.0650634765625,0.026123046875,0.04345703125,0.058746337890625
1760,0.48069102,0.47194868,0.44829777,0.48562127,0.49654177,0.036773681640625,0.019134521484375,0.0173797607421875,0.0206146240234375,0.0552978515625
1762,0.47703195,0.519509,0.46671826,0.5071953,0.4789793,0.047088623046875,0.07080078125,0.0142974853515625,0.0743408203125,0.0595703125
1763,0.49124947,0.49045938,0.5330629,0.54007494,0.5096689,0.07855224609375,0.0830078125,0.04827880859375,0.05682373046875,0.13037109375
1765,0.49357244,0.46377575,0.46567523,0.524148,0.5552571,0.0616455078125,0.032379150390625,0.006740570068359375,0.042694091796875,0.11712646484375
1766,0.48370922,0.50018567,0.50821406,0.51336884,0.52236414,0.080322265625,0.1033935546875,0.024993896484375,0.09637451171875,0.12548828125
1769,0.4387884,0.44598526,0.44264185,0.46466333,0.46868032,0.0548095703125,0.044952392578125,0.01439666748046875,0.06890869140625,0.07354736328125
1770,0.43386012,0.409043,0.42939073,0.43183163,0.45702937,0.103759765625,0.0389404296875,0.0236968994140625,0.09490966796875,0.12298583984375
1772,0.46907368,0.50659496,0.4360298,0.46426138,0.5328381,0.05999755859375,0.044464111328125,0.0138397216796875,0.04803466796875,0.06256103515625
1774,0.39516172,0.41074833,0.39438176,0.43420964,0.42888895,0.02435302734375,0.07666015625,0.0213470458984375,0.02679443359375,0.0284423828125
1775,0.4272482,0.4345686,0.42115462,0.5001773,0.4787802,0.0635986328125,0.0821533203125,0.01442718505859375,0.07794189453125,0.10125732421875
1776,0.44349158,0.44140494,0.45305654,0.49081022,0.50043404,0.01137542724609375,0.00970458984375,0.0016031265258789062,0.005260467529296875,0.01215362548828125
1777,0.41329113,0.43175668,0.43558326,0.462948,0.43815255,0.07330322265625,0.09405517578125,0.040252685546875,0.06719970703125,0.06976318359375
1779,0.4533629,0.47316703,0.51067257,0.46855867,0.49292082,0.056304931640625,0.10382080078125,0.0966796875,0.046844482421875,0.0687255859375
1781,0.5000118,0.5178104,0.48802665,0.5468987,0.5377278,0.033905029296875,0.050384521484375,0.0030765533447265625,0.050384521484375,0.07177734375
1782,0.4876842,0.5471204,0.50908476,0.5153913,0.52589,0.060211181640625,0.080322265625,0.025970458984375,0.05615234375,0.1146240234375
1783,0.5084781,0.5176756,0.52560776,0.54140764,0.53203046,0.027801513671875,0.0814208984375,0.0093231201171875,0.0300445556640625,0.06707763671875
1784,0.46532917,0.472484,0.427161,0.48134387,0.5137549,0.025054931640625,0.0367431640625,0.02374267578125,0.023590087890625,0.044586181640625
1786,0.51396585,0.52029157,0.5234122,0.54038215,0.49679565,0.0677490234375,0.01959228515625,0.042999267578125,0.052764892578125,0.0992431640625
1787,0.5258262,0.50930905,0.509172,0.576806,0.5629597,0.08013916015625,0.02618408203125,0.0433349609375,0.057403564453125,0.07220458984375
1788,0.43027973,0.4838696,0.44904765,0.4862777,0.50104517,0.0423583984375,0.0697021484375,0.0108489990234375,0.050445556640625,0.05328369140625
1789,0.43476564,0.4935006,0.45491853,0.4798614,0.48368925,0.047576904296875,0.03668212890625,0.0743408203125,0.03741455078125,0.017822265625
1790,0.4544205,0.4798114,0.44480643,0.47894147,0.4670232,0.0287017822265625,0.058929443359375,0.0169219970703125,0.0127716064453125,0.10491943359375
1792,0.45928246,0.48718256,0.45893002,0.48672014,0.49082965,0.007709503173828125,0.0078887939453125,0.00594329833984375,0.00502777099609375,0.0172882080078125
1793,0.44492328,0.49521297,0.43266743,0.46286398,0.47746456,0.021392822265625,0.07568359375,0.01432037353515625,0.046722412109375,0.05804443359375
1794,0.43521118,0.47586808,0.43242514,0.46509212,0.44969368,0.04376220703125,0.049957275390625,0.0621337890625,0.041717529296875,0.061767578125
1795,0.44439542,0.49201137,0.4773564,0.48497653,0.48076606,0.0679931640625,0.0875244140625,0.12432861328125,0.04132080078125,0.06671142578125
1796,0.47335255,0.53696847,0.46698213,0.5158099,0.5277044,0.0498046875,0.154052734375,0.07080078125,0.048675537109375,0.02825927734375
1797,0.45050305,0.49316615,0.4338108,0.48933834,0.48040688,0.016845703125,0.0980224609375,0.00876617431640625,0.02703857421875,0.016632080078125
1798,0.48489076,0.5109464,0.51003563,0.5055069,0.51696944,0.052642822265625,0.01800537109375,0.01141357421875,0.053070068359375,0.06500244140625
1799,0.51387435,0.5554537,0.5612102,0.58271,0.5471828,0.02362060546875,0.0543212890625,0.0160980224609375,0.044952392578125,0.031158447265625
1801,0.5272176,0.51728565,0.5308159,0.53743166,0.50888014,0.052947998046875,0.040191650390625,0.0418701171875,0.01178741455078125,0.051422119140625
1805,0.47186133,0.51550275,0.5089459,0.53723025,0.5418257,0.027069091796875,0.03277587890625,0.0149383544921875,0.027801513671875,0.073974609375
1807,0.5260397,0.5425245,0.5342276,0.52956724,0.4937765,0.05975341796875,0.0294036865234375,0.0194549560546875,0.07220458984375,0.07080078125
1808,0.5107628,0.52370894,0.5201801,0.512629,0.4970151,0.074462890625,0.053192138671875,0.03131103515625,0.042694091796875,0.048004150390625
1809,0.46186596,0.49095988,0.44515848,0.5064237,0.496487,0.04901123046875,0.10552978515625,0.0177001953125,0.0750732421875,0.0830078125
1810,0.5041173,0.51163065,0.55413324,0.54223573,0.54125726,0.037872314453125,0.0275115966796875,0.023834228515625,0.039306640625,0.035552978515625
1811,0.4554182,0.4483199,0.43369308,0.4593593,0.492506,0.048980712890625,0.047943115234375,0.005279541015625,0.0496826171875,0.09173583984375
1815,0.4795441,0.5029658,0.50693965,0.5141192,0.50840026,0.045257568359375,0.046112060546875,0.017364501953125,0.060394287109375,0.05682373046875
1818,0.4746771,0.48432946,0.49230564,0.5254582,0.49305052,0.0285797119140625,0.016845703125,0.02978515625,0.01276397705078125,0.020965576171875
1819,0.4372546,0.47944474,0.46361196,0.46649286,0.50077367,0.04547119140625,0.10986328125,0.050048828125,0.0399169921875,0.08270263671875
1820,0.47301278,0.49384174,0.48435396,0.5368515,0.5411954,0.050323486328125,0.0301666259765625,0.003265380859375,0.0474853515625,0.062744140625
1821,0.47904232,0.48347104,0.49210477,0.54580534,0.5059349,0.023895263671875,0.0267791748046875,0.0123138427734375,0.01873779296875,0.0311431884765625
1822,0.46431983,0.5007019,0.49213314,0.49526075,0.5347179,0.01259613037109375,0.01727294921875,0.0101318359375,0.0100860595703125,0.0187225341796875
1823,0.41831186,0.42693466,0.43425956,0.46735102,0.4467442,0.003063201904296875,0.003803253173828125,0.0032405853271484375,0.0020885467529296875,0.00574493408203125
1825,0.40734288,0.42162904,0.40052748,0.4634577,0.46293905,0.033203125,0.0235443115234375,0.01349639892578125,0.02154541015625,0.08837890625
1826,0.38968062,0.442444,0.38685578,0.4436881,0.4360059,0.01071929931640625,0.1275634765625,0.006259918212890625,0.032440185546875,0.0648193359375
1829,0.42330748,0.46763682,0.4637384,0.47907224,0.47896078,0.0293731689453125,0.09869384765625,0.0268096923828125,0.0121917724609375,0.10791015625
1830,0.50154704,0.47966826,0.4866888,0.51979864,0.50021464,0.015716552734375,0.0924072265625,0.01336669921875,0.010345458984375,0.05010986328125
1831,0.39848107,0.36731583,0.35533568,0.4292503,0.4559531,0.032470703125,0.067138671875,0.0040283203125,0.030364990234375,0.09136962890625
1832,0.4716888,0.496278,0.4552187,0.49375477,0.5366871,0.015594482421875,0.04815673828125,0.01336669921875,0.0129547119140625,0.042205810546875
1833,0.42002526,0.4168547,0.41779068,0.45069116,0.44376588,0.01374053955078125,0.04736328125,0.01262664794921875,0.0279541015625,0.039031982421875
1836,0.46808898,0.5191884,0.46330857,0.51808906,0.5053178,0.0188751220703125,0.036956787109375,0.00597381591796875,0.0133514404296875,0.030548095703125
1839,0.46843654,0.5027131,0.45176592,0.51090336,0.5269165,0.0180206298828125,0.08795166015625,0.0153656005859375,0.0134735107421875,0.0885009765625
1840,0.49892664,0.5543556,0.5292665,0.5296424,0.52758425,0.007354736328125,0.0015869140625,0.0018854141235351562,0.00634765625,0.008697509765625
1841,0.4273428,0.45767927,0.43858024,0.5009634,0.50572425,0.051422119140625,0.06884765625,0.006622314453125,0.047210693359375,0.057769775390625
1842,0.44814366,0.45275074,0.45454136,0.47718143,0.50643635,0.042877197265625,0.055633544921875,0.03167724609375,0.024322509765625,0.06201171875
1843,0.44692466,0.47530755,0.43951148,0.49471894,0.5035247,0.04449462890625,0.043304443359375,0.03240966796875,0.06488037109375,0.05712890625
1844,0.43394572,0.44912142,0.4120174,0.44947824,0.41543138,0.06732177734375,0.08624267578125,0.0382080078125,0.0556640625,0.0703125
1845,0.43322736,0.4839424,0.47560218,0.46898204,0.48118198,0.015838623046875,0.040771484375,0.0101470947265625,0.0238800048828125,0.037445068359375
1846,0.49191564,0.51942205,0.5129033,0.531514,0.5420876,0.063720703125,0.03997802734375,0.03350830078125,0.06072998046875,0.07208251953125
1847,0.45343715,0.49235094,0.48850492,0.47971874,0.48838693,0.0885009765625,0.091552734375,0.03399658203125,0.06219482421875,0.1304931640625
1848,0.4519986,0.5155866,0.46914488,0.47106904,0.4920573,0.05926513671875,0.1356201171875,0.028289794921875,0.042022705078125,0.17626953125
1849,0.46004114,0.48757303,0.45970583,0.46385688,0.44408283,0.029266357421875,0.01497650146484375,0.01259613037109375,0.0238494873046875,0.038055419921875
1850,0.4715513,0.47348714,0.49081945,0.50472695,0.446352,0.01537322998046875,0.0110931396484375,0.01557159423828125,0.0102081298828125,0.047332763671875
1852,0.41921008,0.48462513,0.41490257,0.4617527,0.45447028,0.0352783203125,0.092041015625,0.0183258056640625,0.048492431640625,0.024444580078125
1853,0.4574268,0.47986358,0.44144326,0.48886535,0.46940324,0.026519775390625,0.02459716796875,0.0155487060546875,0.0201873779296875,0.028167724609375
1854,0.4283015,0.44120243,0.434083,0.43527701,0.45018768,0.08172607421875,0.07891845703125,0.042999267578125,0.03668212890625,0.089111328125
1855,0.44877025,0.45999563,0.44858184,0.48251182,0.46256596,0.053436279296875,0.049560546875,0.039459228515625,0.046295166015625,0.044403076171875
1856,0.44145215,0.42950058,0.4180496,0.454264,0.45050207,0.036346435546875,0.036529541015625,0.024444580078125,0.05218505859375,0.027862548828125
1857,0.45945,0.5330365,0.52813256,0.51287377,0.4882093,0.035888671875,0.06658935546875,0.02569580078125,0.04412841796875,0.0171356201171875
1858,0.4892255,0.5023832,0.4898718,0.51105535,0.48825473,0.039337158203125,0.06536865234375,0.030853271484375,0.024932861328125,0.02972412109375
1860,0.45769334,0.50056076,0.44926116,0.5118144,0.5133564,0.00742340087890625,0.035919189453125,0.005298614501953125,0.0252227783203125,0.0106048583984375
1861,0.47208875,0.4906579,0.4760033,0.46914968,0.49885175,0.0728759765625,0.120361328125,0.0242767333984375,0.07049560546875,0.087158203125
1862,0.45184633,0.44191492,0.46804267,0.46836343,0.47547573,0.09490966796875,0.056610107421875,0.03692626953125,0.09490966796875,0.12176513671875
1863,0.47425225,0.5033784,0.49662223,0.49165213,0.50438195,0.05767822265625,0.05279541015625,0.0182037353515625,0.05078125,0.08966064453125
1864,0.48622805,0.4979437,0.496539,0.47017965,0.49181172,0.0572509765625,0.07183837890625,0.0211181640625,0.052337646484375,0.07000732421875
1866,0.46536243,0.48517537,0.48049155,0.51920104,0.48402774,0.0384521484375,0.040252685546875,0.00836181640625,0.0311126708984375,0.051361083984375
1867,0.4429862,0.4502223,0.38496745,0.48139244,0.4644574,0.063232421875,0.0745849609375,0.037384033203125,0.05706787109375,0.03619384765625
1868,0.4360233,0.4695608,0.45987546,0.49937508,0.47442603,0.036407470703125,0.0035839080810546875,0.0,0.037933349609375,0.04644775390625
1869,0.46226656,0.49262536,0.4436511,0.5066429,0.5038053,0.075927734375,0.035919189453125,0.033233642578125,0.069580078125,0.05975341796875
1870,0.5298209,0.59440184,0.5551275,0.55174613,0.5119397,0.08306884765625,0.151611328125,0.0771484375,0.105712890625,0.087890625
1871,0.48904383,0.4986182,0.51645994,0.51346654,0.50721717,0.0343017578125,0.08331298828125,0.03265380859375,0.022918701171875,0.022003173828125
1872,0.5058148,0.48174334,0.53395784,0.5302297,0.53629684,0.07427978515625,0.06927490234375,0.07171630859375,0.059661865234375,0.06744384765625
1874,0.467196,0.47018376,0.48482278,0.5327648,0.5246266,0.02020263671875,0.07940673828125,0.01125335693359375,0.035064697265625,0.0290069580078125
1875,0.5049819,0.51013017,0.47735763,0.52061456,0.50039595,0.0640869140625,0.1072998046875,0.04443359375,0.048553466796875,0.07061767578125
1876,0.49661666,0.5161118,0.5324496,0.534147,0.5047266,0.05792236328125,0.0601806640625,0.0399169921875,0.03948974609375,0.1026611328125
1878,0.45679763,0.47003925,0.43116808,0.4927948,0.48321575,0.03436279296875,0.04998779296875,0.0169219970703125,0.0190887451171875,0.030364990234375
1879,0.40871102,0.43656972,0.42153677,0.4352766,0.44437855,0.0282745361328125,0.08258056640625,0.01309967041015625,0.040252685546875,0.07171630859375
1880,0.44911548,0.4748917,0.46643132,0.4598164,0.4770199,0.04302978515625,0.011749267578125,0.0261077880859375,0.05206298828125,0.055389404296875
1881,0.42468908,0.48487288,0.44308072,0.47534734,0.4574276,0.033203125,0.088623046875,0.017578125,0.0191192626953125,0.059600830078125
1882,0.44816518,0.516518,0.50156325,0.51992214,0.50075287,0.032958984375,0.10052490234375,0.0560302734375,0.06610107421875,0.062744140625
1883,0.50001365,0.49620026,0.51783943,0.5228613,0.50545764,0.041473388671875,0.0447998046875,0.0241241455078125,0.02960205078125,0.10662841796875
1884,0.42069778,0.4159682,0.40053362,0.4751877,0.4794246,0.0211181640625,0.04498291015625,0.01995849609375,0.03216552734375,0.041748046875
1885,0.4617491,0.4782722,0.47944292,0.48474866,0.4932125,0.07470703125,0.069580078125,0.05078125,0.0682373046875,0.06787109375
1886,0.50102633,0.552606,0.5105865,0.5492566,0.46150944,0.0498046875,0.080078125,0.060455322265625,0.03729248046875,0.05499267578125
1888,0.47286564,0.50138736,0.49335164,0.50323606,0.5033435,0.047210693359375,0.0090789794921875,0.01227569580078125,0.0479736328125,0.0987548828125
1889,0.4445135,0.48652,0.46165508,0.50079155,0.46941772,0.024383544921875,0.055633544921875,0.022064208984375,0.031707763671875,0.05157470703125
1891,0.3529166,0.42064327,0.37996048,0.39779755,0.4312726,0.046630859375,0.00543212890625,0.0088653564453125,0.04608154296875,0.05609130859375
1892,0.41365507,0.4539136,0.4460692,0.46976915,0.502326,0.05511474609375,0.0367431640625,0.00830841064453125,0.0556640625,0.0780029296875
1897,0.46311346,0.4955766,0.47831994,0.53518534,0.5058135,0.04302978515625,0.03472900390625,0.005565643310546875,0.043731689453125,0.08502197265625
1898,0.44284734,0.47696233,0.4500368,0.46731266,0.45993194,0.04632568359375,0.02117919921875,0.019500732421875,0.041259765625,0.0732421875
1899,0.48657197,0.485385,0.4763969,0.5236064,0.506277,0.055419921875,0.011993408203125,0.00670623779296875,0.03564453125,0.08892822265625
1901,0.44972438,0.4847674,0.4245538,0.50452954,0.5022876,0.012664794921875,0.0113677978515625,0.0,0.00916290283203125,0.03375244140625
1902,0.43467775,0.48852485,0.48875788,0.4838256,0.49063477,0.0841064453125,0.124755859375,0.062744140625,0.07830810546875,0.08447265625
1903,0.49873668,0.5081781,0.4778384,0.5584922,0.52729625,0.06231689453125,0.0203094482421875,0.004276275634765625,0.0694580078125,0.1080322265625
1905,0.39686897,0.40250143,0.41932753,0.41358966,0.41829002,0.02545166015625,0.039947509765625,0.01546478271484375,0.0159912109375,0.042755126953125
1906,0.50993,0.54358834,0.51878595,0.5267732,0.5613296,0.0927734375,0.1690673828125,0.128662109375,0.09130859375,0.0657958984375
1909,0.5106179,0.55016017,0.48996007,0.526794,0.46943092,0.01189422607421875,0.017578125,0.0,0.0,0.0
1911,0.41058737,0.49693075,0.43681785,0.48101756,0.46317965,0.0701904296875,0.069580078125,0.0189666748046875,0.10308837890625,0.0789794921875
1912,0.45776546,0.48384517,0.47881806,0.48023432,0.4347265,0.07672119140625,0.116455078125,0.03857421875,0.076904296875,0.1029052734375
1913,0.49298418,0.4979109,0.50515693,0.49487692,0.51114535,0.0299530029296875,0.00775146484375,0.0791015625,0.02935791015625,0.06402587890625
1914,0.46886632,0.4676211,0.47789726,0.49765676,0.4960869,0.00811004638671875,0.0005483627319335938,0.00032401084899902344,0.007503509521484375,0.0100555419921875
1915,0.45252776,0.47583842,0.46873432,0.5278634,0.5580704,0.031494140625,0.045257568359375,0.017181396484375,0.0213470458984375,0.06475830078125
1916,0.41856304,0.46176553,0.43361944,0.4592929,0.46845192,0.06976318359375,0.018096923828125,0.05804443359375,0.06817626953125,0.0689697265625
1917,0.5026573,0.49409646,0.55842847,0.5220926,0.5027535,0.057159423828125,0.0182952880859375,0.0175933837890625,0.038665771484375,0.054351806640625
1918,0.49368218,0.47464305,0.49128956,0.49592197,0.5487999,0.09381103515625,0.038421630859375,0.023956298828125,0.081787109375,0.140380859375
1919,0.3959534,0.4308443,0.43244994,0.45557067,0.46849814,0.03045654296875,0.1348876953125,0.020233154296875,0.045501708984375,0.0460205078125
1923,0.49495757,0.49769813,0.52140105,0.4775704,0.47123107,0.040191650390625,0.036376953125,0.03472900390625,0.01210784912109375,0.01641845703125
1924,0.49892664,0.5543556,0.5292665,0.5296424,0.52758425,0.007354736328125,0.0015869140625,0.0018854141235351562,0.00634765625,0.008697509765625
1926,0.405481,0.43779224,0.39700156,0.41741878,0.46313053,0.050537109375,0.0728759765625,0.01049041748046875,0.07513427734375,0.12744140625
1927,0.44344404,0.47315878,0.47630072,0.50264573,0.48310137,0.03424072265625,0.04656982421875,0.01444244384765625,0.024932861328125,0.041259765625
1928,0.45387033,0.46987087,0.47468483,0.48244983,0.50199944,0.043731689453125,0.041412353515625,0.0131072998046875,0.0445556640625,0.09173583984375
1929,0.40168786,0.41555724,0.41947052,0.4484821,0.45274833,0.0474853515625,0.026092529296875,0.040496826171875,0.012176513671875,0.0272674560546875
1930,0.4146195,0.4251316,0.38979512,0.4578145,0.4658904,0.032928466796875,0.0222320556640625,0.0205841064453125,0.0245208740234375,0.05682373046875
1932,0.4299619,0.42662328,0.43401834,0.44420484,0.4723648,0.0267181396484375,0.020111083984375,0.0142059326171875,0.01300811767578125,0.024810791015625
1933,0.42739823,0.46071962,0.46614605,0.47142768,0.4733667,0.05035400390625,0.01433563232421875,0.013336181640625,0.03955078125,0.0771484375
1934,0.5029916,0.54849684,0.51474094,0.53965914,0.48050636,0.050201416015625,0.1009521484375,0.07135009765625,0.08660888671875,0.04473876953125
1935,0.46348637,0.47275102,0.49109715,0.5041453,0.49033958,0.07147216796875,0.0104827880859375,0.061248779296875,0.033935546875,0.0382080078125
1936,0.45045248,0.49923566,0.472617,0.5075066,0.5076009,0.0087432861328125,0.004241943359375,0.004535675048828125,0.03765869140625,0.027130126953125
1938,0.4457475,0.4594226,0.4055872,0.48430997,0.44847152,0.020050048828125,0.04339599609375,0.006805419921875,0.023162841796875,0.0176544189453125
1939,0.41051635,0.44113088,0.43484128,0.47819716,0.48430163,0.01580810546875,0.01187896728515625,0.01038360595703125,0.0125885009765625,0.044891357421875
1940,0.41795272,0.4595406,0.45624226,0.44856295,0.4593359,0.01409149169921875,0.0158538818359375,0.007511138916015625,0.011749267578125,0.019378662109375
1941,0.4325265,0.46220237,0.40945584,0.49626374,0.4878327,0.0206451416015625,0.0276336669921875,0.01435089111328125,0.002445220947265625,0.0248870849609375
1942,0.44904703,0.4596377,0.48399025,0.4565203,0.494871,0.027435302734375,0.044464111328125,0.041748046875,0.0183563232421875,0.031097412109375
1943,0.41346884,0.44650298,0.45527261,0.46241498,0.45964208,0.027618408203125,0.061920166015625,0.025146484375,0.03460693359375,0.03570556640625
1945,0.42744815,0.42607546,0.4408045,0.47969016,0.44200557,0.023162841796875,0.01666259765625,0.014251708984375,0.01641845703125,0.029815673828125
1946,0.39533073,0.38924626,0.42524722,0.4159293,0.41611737,0.027313232421875,0.01080322265625,0.020904541015625,0.011749267578125,0.0167388916015625
1947,0.40000588,0.43554196,0.44217205,0.43772376,0.4332231,0.0260009765625,0.01464080810546875,0.0,0.007114410400390625,0.025634765625
1948,0.4559873,0.46255425,0.4280712,0.48025316,0.48596364,0.055328369140625,0.0221710205078125,0.01068115234375,0.042877197265625,0.080322265625
1950,0.43368578,0.47497517,0.47102293,0.50028145,0.4461946,0.051055908203125,0.00540924072265625,0.015594482421875,0.053680419921875,0.053253173828125
1951,0.44093364,0.48176184,0.4783833,0.5034951,0.49884412,0.04754638671875,0.04522705078125,0.017425537109375,0.0433349609375,0.063232421875
1952,0.48316658,0.47993857,0.47570407,0.48785293,0.48020843,0.051177978515625,0.0511474609375,0.045440673828125,0.0309600830078125,0.057708740234375
1953,0.49205866,0.4901991,0.5263241,0.52207893,0.5146829,0.046966552734375,0.0103759765625,0.01212310791015625,0.0384521484375,0.0711669921875
1954,0.45670718,0.49784884,0.49020872,0.49597755,0.4622907,0.003871917724609375,0.0,0.0,0.021209716796875,0.0055694580078125
1956,0.4177875,0.43794653,0.43496037,0.43293613,0.41600093,0.0169830322265625,0.03802490234375,0.02764892578125,0.01178741455078125,0.041748046875
1957,0.42988175,0.4235606,0.4348415,0.48264828,0.44659886,0.032989501953125,0.0063629150390625,0.006755828857421875,0.03729248046875,0.06048583984375
1958,0.4726103,0.47777325,0.48490417,0.49855715,0.5117451,0.026947021484375,0.0694580078125,0.01458740234375,0.017120361328125,0.083740234375
1959,0.46583503,0.48753142,0.49404117,0.52189165,0.51366115,0.024688720703125,0.0286102294921875,0.01050567626953125,0.01483917236328125,0.0263671875
1960,0.43678722,0.47951347,0.44466692,0.4729757,0.44791818,0.054290771484375,0.0948486328125,0.0093231201171875,0.08697509765625,0.118896484375
1961,0.43106008,0.46146613,0.49508482,0.49011415,0.45699063,0.050079345703125,0.0340576171875,0.047149658203125,0.0689697265625,0.08221435546875
1962,0.46595225,0.46590322,0.48209566,0.47796637,0.494813,0.07391357421875,0.03729248046875,0.027557373046875,0.0692138671875,0.0784912109375
1965,0.4375627,0.45963818,0.4631468,0.44637004,0.48070866,0.0131378173828125,0.0097808837890625,0.00289154052734375,0.00688934326171875,0.01035308837890625
1966,0.49487588,0.51531106,0.46179172,0.5001015,0.54212487,0.0255584716796875,0.032470703125,0.0,0.0194091796875,0.023529052734375
1967,0.45054078,0.5045878,0.44892251,0.5082264,0.4906254,0.05511474609375,0.11614990234375,0.034149169921875,0.053314208984375,0.09375
1968,0.5004638,0.5362685,0.49679387,0.53336585,0.50380397,0.07525634765625,0.1234130859375,0.06854248046875,0.06524658203125,0.0814208984375
1970,0.48678684,0.49402976,0.49222988,0.5461234,0.5394487,0.057830810546875,0.0670166015625,0.03961181640625,0.059722900390625,0.0689697265625
1973,0.46058264,0.47167784,0.48213583,0.47555304,0.51177293,0.0634765625,0.06640625,0.06884765625,0.06024169921875,0.1273193359375
1974,0.49500394,0.5173092,0.49194926,0.49449152,0.4860403,0.033905029296875,0.075439453125,0.004871368408203125,0.03240966796875,0.07342529296875
1975,0.5114763,0.50703126,0.5246238,0.55836743,0.48357433,0.07501220703125,0.0228118896484375,0.0635986328125,0.060638427734375,0.0731201171875
1976,0.5015489,0.5440346,0.50122136,0.5302915,0.54178256,0.025482177734375,0.04840087890625,0.03857421875,0.011322021484375,0.0155792236328125
1977,0.48247835,0.49784297,0.49016404,0.5388259,0.5169811,0.03271484375,0.0214996337890625,0.01506805419921875,0.020111083984375,0.0638427734375
1979,0.42803323,0.45501924,0.4305917,0.45569062,0.44044393,0.02587890625,0.0255126953125,0.016815185546875,0.019866943359375,0.0283355712890625
1980,0.504159,0.50080836,0.50622106,0.5194149,0.48313904,0.03765869140625,0.018707275390625,0.053436279296875,0.0283355712890625,0.054595947265625
1981,0.46592885,0.5637992,0.49812168,0.5403302,0.5106528,0.05859375,0.130615234375,0.029541015625,0.0689697265625,0.051116943359375
1982,0.44206774,0.46000266,0.4542395,0.48877022,0.46506223,0.01132965087890625,0.0110626220703125,0.00823211669921875,0.0097198486328125,0.0416259765625
1983,0.41607982,0.42247957,0.42935893,0.43595707,0.46841964,0.043670654296875,0.053466796875,0.01497650146484375,0.0738525390625,0.060028076171875
1984,0.47716695,0.5348222,0.4988354,0.51878715,0.5385437,0.013702392578125,0.0133819580078125,0.0330810546875,0.01056671142578125,0.0142669677734375
1985,0.5068482,0.5247798,0.53075117,0.5290275,0.55467975,0.09857177734375,0.146484375,0.1234130859375,0.08917236328125,0.13720703125
1987,0.49452597,0.52029985,0.48635596,0.51279974,0.5214091,0.04022216796875,0.06207275390625,0.0262451171875,0.04583740234375,0.046600341796875
1991,0.52243674,0.5197058,0.4802357,0.49786738,0.52381206,0.0556640625,0.077880859375,0.061737060546875,0.052886962890625,0.067626953125
1994,0.47670498,0.48847973,0.4982667,0.5193857,0.5006842,0.07855224609375,0.0477294921875,0.0236968994140625,0.025634765625,0.0721435546875
1995,0.46786875,0.46202844,0.46524763,0.45693958,0.50928545,0.06707763671875,0.0672607421875,0.003509521484375,0.053863525390625,0.09307861328125
1996,0.50234747,0.52478665,0.5188567,0.558879,0.6189142,0.00977325439453125,0.0,0.0,0.0088043212890625,0.023834228515625
1997,0.43954122,0.50838226,0.4648418,0.49967366,0.48153496,0.015594482421875,0.045318603515625,0.005023956298828125,0.008819580078125,0.01233673095703125
2000,0.4678435,0.5040483,0.51823765,0.5263439,0.4726341,0.0235748291015625,0.0736083984375,0.020721435546875,0.056182861328125,0.020050048828125
2001,0.4885429,0.45755422,0.48800987,0.50873613,0.49996254,0.038360595703125,0.0209503173828125,0.0190887451171875,0.02569580078125,0.07391357421875
2002,0.5111029,0.5500043,0.52007425,0.55152136,0.54619217,0.0152435302734375,0.0115966796875,0.00830841064453125,0.0219879150390625,0.019683837890625
2003,0.5280552,0.5614017,0.5864264,0.53354406,0.5357173,0.04193115234375,0.0259246826171875,0.04718017578125,0.03985595703125,0.06842041015625
2004,0.49293914,0.533116,0.50411767,0.54759026,0.5053414,0.08087158203125,0.130615234375,0.06195068359375,0.044036865234375,0.0291290283203125
2005,0.52354217,0.5652394,0.5762243,0.5744224,0.5762119,0.038787841796875,0.166015625,0.1209716796875,0.0116729736328125,0.03997802734375
2006,0.46303624,0.46167803,0.45089784,0.48833472,0.5005199,0.080810546875,0.0712890625,0.018585205078125,0.06732177734375,0.1397705078125
2008,0.5007636,0.5104377,0.5013205,0.5396048,0.54438686,0.05810546875,0.11236572265625,0.05743408203125,0.046051025390625,0.0660400390625
2009,0.51426566,0.53674424,0.53279114,0.57779056,0.54019034,0.0139617919921875,0.01502227783203125,0.00804901123046875,0.02386474609375,0.0501708984375
2011,0.45942414,0.4695518,0.477912,0.49803373,0.46152776,0.02447509765625,0.01971435546875,0.046966552734375,0.02557373046875,0.039581298828125
2012,0.44358185,0.46069008,0.45854402,0.5012374,0.4506687,0.004425048828125,0.02716064453125,0.00449371337890625,0.00408172607421875,0.0236968994140625
2013,0.47726634,0.49638838,0.4591831,0.4964666,0.517703,0.06988525390625,0.0792236328125,0.00614166259765625,0.078125,0.1285400390625
2014,0.5204298,0.5357075,0.56546205,0.5585063,0.4846118,0.0194549560546875,0.046234130859375,0.00823211669921875,0.0156097412109375,0.048095703125
2015,0.43781453,0.45910886,0.42565984,0.45901462,0.48034424,0.04095458984375,0.06048583984375,0.007747650146484375,0.01468658447265625,0.0194244384765625
2016,0.44662535,0.46100473,0.43129203,0.45862272,0.46835017,0.058929443359375,0.06658935546875,0.025421142578125,0.0458984375,0.11090087890625
2018,0.49512893,0.5433829,0.5122633,0.5387652,0.5046213,0.0760498046875,0.1971435546875,0.09490966796875,0.09808349609375,0.115478515625
2019,0.43952325,0.48220152,0.43121874,0.50907165,0.47475314,0.038726806640625,0.055389404296875,0.02447509765625,0.0265960693359375,0.05474853515625
2020,0.47058368,0.48345897,0.4343661,0.5023651,0.45804697,0.05902099609375,0.053192138671875,0.0065155029296875,0.0738525390625,0.09136962890625
2021,0.45000023,0.4777937,0.47131872,0.479671,0.48936048,0.007015228271484375,0.0557861328125,0.0009822845458984375,0.01020050048828125,0.0242767333984375
2023,0.4695525,0.45607853,0.47500587,0.47699684,0.50976455,0.04736328125,0.0132904052734375,0.0122528076171875,0.0269317626953125,0.07781982421875
2024,0.5326359,0.5030736,0.49331725,0.5767596,0.57705367,0.09002685546875,0.045135498046875,0.03692626953125,0.055328369140625,0.1060791015625
2025,0.49399912,0.5252396,0.53757906,0.52287966,0.49192026,0.0426025390625,0.0122833251953125,0.0523681640625,0.04339599609375,0.0621337890625
2026,0.48525986,0.5156527,0.50927913,0.5328998,0.52178246,0.02081298828125,0.041961669921875,0.00698089599609375,0.0152587890625,0.045257568359375
2027,0.45191664,0.50072205,0.473093,0.5414783,0.4801159,0.0261688232421875,0.028564453125,0.004955291748046875,0.024505615234375,0.032623291015625
2028,0.46494243,0.48769212,0.45817444,0.4580897,0.44292846,0.0430908203125,0.055938720703125,0.0693359375,0.0367431640625,0.00629425048828125
2029,0.47971958,0.48016906,0.5001912,0.5063791,0.44106475,0.01202392578125,0.0130157470703125,0.0056915283203125,0.0079803466796875,0.04217529296875
2031,0.47542483,0.49274975,0.49354768,0.49638277,0.4826243,0.059295654296875,0.061492919921875,0.023101806640625,0.06561279296875,0.08514404296875
2034,0.46413785,0.4666123,0.45629296,0.50349754,0.5225674,0.022918701171875,0.014984130859375,0.0122528076171875,0.019989013671875,0.028717041015625
2035,0.49145895,0.5209865,0.46123108,0.50611717,0.52610147,0.041595458984375,0.07000732421875,0.01416015625,0.037445068359375,0.06103515625
2036,0.44397557,0.45804906,0.4355666,0.4592296,0.45825085,0.0723876953125,0.03515625,0.0220947265625,0.06622314453125,0.09051513671875
2038,0.47471166,0.4853899,0.50223583,0.49288055,0.48692614,0.0726318359375,0.058929443359375,0.04498291015625,0.07318115234375,0.0946044921875
2039,0.43032822,0.4167459,0.4394824,0.46888596,0.48664287,0.0213623046875,0.01171112060546875,0.01189422607421875,0.0157470703125,0.041839599609375
2040,0.42816025,0.4073666,0.39897412,0.46654105,0.45591125,0.02508544921875,0.0281524658203125,0.02716064453125,0.01654052734375,0.04052734375
2042,0.46390727,0.5416032,0.4798302,0.54213357,0.50093716,0.06292724609375,0.09930419921875,0.0254058837890625,0.0711669921875,0.05914306640625
2043,0.47952938,0.5062207,0.5233171,0.5200707,0.47258335,0.0152740478515625,0.0006337165832519531,0.0004222393035888672,0.01189422607421875,0.01611328125
2044,0.43255088,0.40433416,0.42855495,0.46685892,0.46640462,0.07257080078125,0.07415771484375,0.035736083984375,0.07080078125,0.08392333984375
2045,0.42667794,0.45735765,0.4950202,0.4697632,0.47349918,0.033599853515625,0.0215606689453125,0.02166748046875,0.0322265625,0.029510498046875
2046,0.4207712,0.3978815,0.40739173,0.4364152,0.4107024,0.07012939453125,0.06634521484375,0.04058837890625,0.059783935546875,0.0943603515625
2047,0.43182844,0.44128305,0.45275944,0.43834373,0.44709834,0.067138671875,0.0225372314453125,0.016815185546875,0.059814453125,0.1129150390625
2048,0.4911571,0.49804407,0.4839366,0.49284238,0.51059514,0.03607177734375,0.030517578125,0.030303955078125,0.04718017578125,0.05010986328125
2049,0.43960324,0.4627268,0.44764996,0.4720445,0.4997719,0.054534912109375,0.04791259765625,0.0439453125,0.0401611328125,0.09747314453125
2050,0.40467668,0.42480072,0.4522311,0.46578705,0.4676457,0.0282135009765625,0.030609130859375,0.0333251953125,0.03533935546875,0.02435302734375
2051,0.45637876,0.446221,0.43491486,0.4733508,0.49840885,0.040679931640625,0.061187744140625,0.040191650390625,0.032440185546875,0.0601806640625
2053,0.45257878,0.45170718,0.45369953,0.4915572,0.4975297,0.0212249755859375,0.0404052734375,0.035247802734375,0.0139007568359375,0.0281982421875
2054,0.4457554,0.4412123,0.4329372,0.48016512,0.5007819,0.054168701171875,0.042694091796875,0.0286102294921875,0.05908203125,0.055206298828125
2055,0.4401605,0.4388989,0.45286095,0.46355116,0.49675554,0.0308685302734375,0.0039825439453125,0.00325775146484375,0.025360107421875,0.0623779296875
2056,0.42962444,0.4295801,0.44312495,0.43791804,0.44949433,0.0828857421875,0.04205322265625,0.054351806640625,0.06732177734375,0.09521484375
2058,0.42812067,0.44795394,0.44411138,0.4683434,0.4948468,0.042236328125,0.0340576171875,0.031463623046875,0.033660888671875,0.03179931640625
2063,0.43843308,0.4369576,0.44132963,0.43838704,0.4625997,0.0231781005859375,0.02935791015625,0.022918701171875,0.0151214599609375,0.04150390625
2065,0.45175862,0.45831245,0.44905043,0.4750743,0.47864264,0.10333251953125,0.054931640625,0.041351318359375,0.085693359375,0.1937255859375
2067,0.46586308,0.46958858,0.43857294,0.4408189,0.47782755,0.0193023681640625,0.0293731689453125,0.0169525146484375,0.06268310546875,0.01922607421875
2068,0.44889104,0.44610828,0.4489713,0.48257232,0.5145745,0.033447265625,0.018096923828125,0.01641845703125,0.021453857421875,0.08282470703125
2069,0.44100082,0.45432064,0.4196467,0.45316002,0.4623255,0.02178955078125,0.023101806640625,0.014404296875,0.017578125,0.045196533203125
2070,0.475714,0.5196864,0.5083755,0.53922766,0.50650245,0.0286712646484375,0.070556640625,0.02362060546875,0.02362060546875,0.069580078125
2071,0.46629915,0.48404455,0.4765568,0.46226692,0.49636137,0.0160980224609375,0.007904052734375,0.031829833984375,0.006866455078125,0.01041412353515625
2072,0.4749726,0.51195306,0.52316093,0.521934,0.4888727,0.034027099609375,0.03118896484375,0.0843505859375,0.025634765625,0.050140380859375
2073,0.4883899,0.5053575,0.4897591,0.5358858,0.52494884,0.0552978515625,0.024658203125,0.01238250732421875,0.051605224609375,0.10504150390625
2075,0.50583816,0.5237761,0.52885914,0.55319875,0.52683985,0.053466796875,0.044281005859375,0.052703857421875,0.04278564453125,0.0972900390625
2076,0.49098378,0.51998913,0.5140493,0.5095775,0.4929795,0.07666015625,0.02764892578125,0.05023193359375,0.0687255859375,0.056121826171875
2077,0.455731,0.49125272,0.46901536,0.49594107,0.49598563,0.070068359375,0.05609130859375,0.028289794921875,0.06439208984375,0.074951171875
2079,0.43272525,0.44886822,0.4422852,0.4506117,0.4368943,0.0533447265625,0.0400390625,0.0121307373046875,0.051910400390625,0.09429931640625
2080,0.42778796,0.4023374,0.37300575,0.44793406,0.49814886,0.04901123046875,0.0217742919921875,0.0113067626953125,0.023162841796875,0.07122802734375
2081,0.4922642,0.517258,0.5048279,0.53348166,0.5135808,0.01763916015625,0.01280975341796875,0.032928466796875,0.015228271484375,0.0595703125
2084,0.4438851,0.4755026,0.49239218,0.5001186,0.50355554,0.0516357421875,0.095458984375,0.048095703125,0.051025390625,0.06719970703125
2085,0.4935544,0.5122031,0.50089204,0.5413729,0.5145956,0.045379638671875,0.0697021484375,0.053619384765625,0.04290771484375,0.0582275390625
2086,0.4679268,0.48368448,0.4742651,0.5052129,0.53270864,0.039276123046875,0.003910064697265625,0.00801849365234375,0.040618896484375,0.0506591796875
2088,0.4124731,0.48041573,0.4322952,0.4810203,0.48005846,0.0118408203125,0.083740234375,0.0012769699096679688,0.044342041015625,0.01433563232421875
2090,0.43606526,0.45064813,0.44957662,0.4591696,0.49886444,0.07659912109375,0.0302734375,0.07501220703125,0.0546875,0.09759521484375
2091,0.38619995,0.40123773,0.3854897,0.39922056,0.44924837,0.049560546875,0.038848876953125,0.0124664306640625,0.044586181640625,0.0694580078125
2092,0.523316,0.51359427,0.49628007,0.53922874,0.5345068,0.038330078125,0.068359375,0.005950927734375,0.03289794921875,0.043548583984375
2094,0.445103,0.45234895,0.479554,0.47912857,0.47699058,0.009002685546875,0.0606689453125,0.01049041748046875,0.007160186767578125,0.06890869140625
2095,0.52643347,0.52911466,0.5291095,0.54636717,0.569088,0.0401611328125,0.01136016845703125,0.01064300537109375,0.034271240234375,0.04412841796875
2096,0.4464597,0.49037653,0.45002759,0.48349613,0.48657563,0.01629638671875,0.03741455078125,0.011322021484375,0.01168060302734375,0.04241943359375
2097,0.48144737,0.53999865,0.4531942,0.4788257,0.5121892,0.01513671875,0.0156402587890625,0.0067596435546875,0.0087432861328125,0.0165557861328125
2099,0.49709016,0.5438619,0.49793333,0.55248106,0.54252356,0.034698486328125,0.10614013671875,0.034912109375,0.00994873046875,0.0321044921875
2100,0.5116163,0.5312933,0.54286253,0.5792228,0.5455517,0.031768798828125,0.06365966796875,0.0982666015625,0.044647216796875,0.05743408203125
2101,0.4518075,0.47195694,0.4820351,0.4413628,0.47602397,0.052032470703125,0.08575439453125,0.0239410400390625,0.04412841796875,0.1083984375
2104,0.46598735,0.4836148,0.4884292,0.48508653,0.45890924,0.0325927734375,0.0278472900390625,0.0255584716796875,0.00485992431640625,0.030303955078125
2105,0.44948408,0.47923553,0.46778363,0.52068776,0.47892392,0.037445068359375,0.037750244140625,0.00708770751953125,0.019012451171875,0.045196533203125
2107,0.45233145,0.48257956,0.47283524,0.4797888,0.48138294,0.03759765625,0.0745849609375,0.0043182373046875,0.033050537109375,0.04315185546875
2108,0.46205541,0.5286585,0.4421774,0.523435,0.50911736,0.056793212890625,0.09271240234375,0.0238494873046875,0.09033203125,0.10711669921875
2109,0.43388638,0.44419545,0.46834522,0.4938835,0.4634678,0.0212249755859375,0.00849151611328125,0.0024776458740234375,0.0157623291015625,0.026092529296875
2110,0.492073,0.5131618,0.51949894,0.53418416,0.51930285,0.01338958740234375,0.0430908203125,0.003696441650390625,0.0394287109375,0.04632568359375
2111,0.46981543,0.47154343,0.46689862,0.48768485,0.5002251,0.0182952880859375,0.0216827392578125,0.00977325439453125,0.0168609619140625,0.035614013671875
2115,0.50097704,0.53071404,0.5227037,0.51744914,0.49919418,0.0430908203125,0.05963134765625,0.005157470703125,0.035308837890625,0.09130859375
2116,0.43810028,0.43993258,0.40206227,0.47474375,0.47245422,0.057708740234375,0.0269012451171875,0.00916290283203125,0.038787841796875,0.0528564453125
2117,0.48454902,0.53537583,0.5531757,0.53844935,0.4960394,0.048065185546875,0.019561767578125,0.00775909423828125,0.05224609375,0.061737060546875
2118,0.49558103,0.4884699,0.4871136,0.5561645,0.5301221,0.0302734375,0.026611328125,0.0212860107421875,0.0372314453125,0.05841064453125
2119,0.4712706,0.45762354,0.49192655,0.47706696,0.47557294,0.041015625,0.028778076171875,0.06414794921875,0.0161590576171875,0.0235595703125
2123,0.48357922,0.48820832,0.49661198,0.5018653,0.49591783,0.029632568359375,0.0172576904296875,0.010467529296875,0.01123046875,0.0167236328125
2124,0.47396168,0.5079471,0.4969317,0.49222958,0.5127778,0.03143310546875,0.00830078125,0.0027141571044921875,0.021881103515625,0.0618896484375
2125,0.47400117,0.45353177,0.4388964,0.4960646,0.527049,0.0682373046875,0.006435394287109375,0.0377197265625,0.0295257568359375,0.06597900390625
2126,0.51115346,0.53844047,0.5585373,0.5391832,0.5209244,0.09710693359375,0.0689697265625,0.0574951171875,0.09716796875,0.1513671875
2127,0.46487507,0.48415202,0.4637493,0.5344894,0.5429773,0.031005859375,0.0484619140625,0.01934814453125,0.0299835205078125,0.0484619140625
2128,0.5313654,0.5003593,0.5017036,0.58940023,0.56138074,0.015625,0.014678955078125,0.01023101806640625,0.01311492919921875,0.025726318359375
2129,0.42620075,0.46174303,0.44846308,0.4195421,0.39081645,0.0242767333984375,0.022064208984375,0.0042266845703125,0.0092620849609375,0.01023101806640625
2131,0.43328005,0.4873739,0.46674475,0.47152436,0.45525494,0.010711669921875,0.07879638671875,0.002376556396484375,0.038970947265625,0.01541900634765625
2132,0.49040586,0.4853109,0.51715654,0.5300829,0.50724345,0.03173828125,0.0183258056640625,0.011016845703125,0.022705078125,0.03936767578125
2133,0.56299853,0.54872733,0.59395766,0.59596944,0.6041447,0.0232696533203125,0.06414794921875,0.00917816162109375,0.025421142578125,0.0899658203125
2134,0.45375615,0.49265116,0.46410418,0.46862188,0.46348077,0.0643310546875,0.07220458984375,0.0657958984375,0.05078125,0.08648681640625
2135,0.44679123,0.49643835,0.4794421,0.45989162,0.4907437,0.01384735107421875,0.022857666015625,0.003864288330078125,0.0203094482421875,0.04541015625
2137,0.51409185,0.52476764,0.5399751,0.5089723,0.5002688,0.05206298828125,0.0113372802734375,0.025390625,0.05389404296875,0.0560302734375
2138,0.44864255,0.50276846,0.45984238,0.48471195,0.49752656,0.029998779296875,0.043121337890625,0.028350830078125,0.030426025390625,0.044097900390625
2139,0.44824153,0.5020676,0.45855576,0.48446858,0.4964484,0.0297393798828125,0.04315185546875,0.028167724609375,0.0301361083984375,0.044097900390625
2140,0.40544552,0.42385662,0.40243223,0.47033587,0.47685185,0.029388427734375,0.08099365234375,0.0153350830078125,0.0158843994140625,0.0261993408203125
2141,0.4547977,0.47072062,0.4718348,0.46988094,0.48521748,0.034637451171875,0.032501220703125,0.017974853515625,0.02410888671875,0.034149169921875
2142,0.50933397,0.54329693,0.52788055,0.55494,0.5584488,0.030517578125,0.031219482421875,0.017333984375,0.022613525390625,0.03662109375
2143,0.49225527,0.5119983,0.5131598,0.53810596,0.55077666,0.0108489990234375,0.0070343017578125,0.021209716796875,0.0097808837890625,0.015289306640625
2145,0.49322212,0.48241827,0.4865536,0.5211712,0.53922725,0.01470947265625,0.0117034912109375,0.001605987548828125,0.01250457763671875,0.04852294921875
2146,0.44781512,0.44220984,0.4319791,0.50740534,0.5073669,0.023406982421875,0.061065673828125,0.016326904296875,0.0293121337890625,0.05230712890625
2147,0.51410246,0.5208295,0.51874584,0.513204,0.5187481,0.06475830078125,0.134033203125,0.04766845703125,0.04840087890625,0.029388427734375
2150,0.477853,0.47958416,0.46568927,0.5279446,0.5131171,0.01117706298828125,0.03662109375,0.0026702880859375,0.009918212890625,0.051544189453125
2151,0.48094323,0.5447664,0.52398777,0.51680833,0.50734806,0.049896240234375,0.099853515625,0.032562255859375,0.039825439453125,0.0574951171875
2152,0.4774963,0.46997076,0.46039078,0.49922597,0.5358941,0.0963134765625,0.048583984375,0.03594970703125,0.02777099609375,0.0616455078125
2155,0.5159405,0.53433996,0.52630687,0.5537641,0.5159048,0.025360107421875,0.00518798828125,0.014251708984375,0.01605224609375,0.0513916015625
2157,0.525441,0.5326248,0.5234352,0.5452378,0.5404711,0.006805419921875,0.0010890960693359375,0.0010042190551757812,0.0035877227783203125,0.004913330078125
2158,0.45256495,0.51954067,0.45779693,0.50681627,0.50391465,0.05023193359375,0.0604248046875,0.0706787109375,0.0391845703125,0.042724609375
2159,0.4413193,0.49967596,0.46925008,0.4478011,0.4440943,0.0150299072265625,0.0187225341796875,0.007587432861328125,0.0214080810546875,0.0418701171875
2160,0.47086343,0.52173954,0.51934665,0.51456136,0.48236167,0.009185791015625,0.0087890625,0.001194000244140625,0.008270263671875,0.0372314453125
2162,0.49146655,0.47410026,0.5073323,0.5613303,0.5493627,0.01537322998046875,0.04803466796875,0.007457733154296875,0.01186370849609375,0.019561767578125
2163,0.48025218,0.4802489,0.50713354,0.52494574,0.5097092,0.024505615234375,0.012481689453125,0.01513671875,0.013916015625,0.058929443359375
2164,0.5161684,0.49551135,0.4997064,0.53212,0.5062136,0.056854248046875,0.061798095703125,0.031951904296875,0.0152435302734375,0.09051513671875
2166,0.47536045,0.514828,0.46733263,0.5191238,0.5147502,0.04986572265625,0.07757568359375,0.040557861328125,0.04730224609375,0.056671142578125
2168,0.48376745,0.45839584,0.43010667,0.46445072,0.46043947,0.0233306884765625,0.0263671875,0.02423095703125,0.01537322998046875,0.03369140625
2169,0.52832085,0.54876184,0.597608,0.5746064,0.5628617,0.0252685546875,0.01446533203125,0.056854248046875,0.0140380859375,0.017974853515625
2170,0.45900577,0.486032,0.45986933,0.5255767,0.5024882,0.019775390625,0.017730712890625,0.00948333740234375,0.0154876708984375,0.04071044921875
2171,0.49881434,0.51408166,0.48709035,0.5425865,0.52506536,0.07391357421875,0.027587890625,0.055999755859375,0.060150146484375,0.1103515625
2172,0.52000296,0.52573997,0.53241134,0.5874497,0.53651327,0.023284912109375,0.0214385986328125,0.012603759765625,0.0184783935546875,0.026641845703125
2173,0.4655382,0.45270497,0.46424013,0.4929517,0.49600643,0.05535888671875,0.006740570068359375,0.0006303787231445312,0.0267486572265625,0.09356689453125
2174,0.47244596,0.4760781,0.48316452,0.5347603,0.50140816,0.01396942138671875,4.076957702636719e-05,0.0017766952514648438,0.01064300537109375,0.0328369140625
2175,0.47482753,0.51569176,0.49197716,0.5119367,0.50307655,0.056060791015625,0.08795166015625,0.055084228515625,0.039703369140625,0.019134521484375
2176,0.42984378,0.44811866,0.4511513,0.4672845,0.48226696,0.04815673828125,0.04644775390625,0.003726959228515625,0.03619384765625,0.099365234375
2177,0.457256,0.47731537,0.45731908,0.48662648,0.5000545,0.0256500244140625,0.0184783935546875,0.00850677490234375,0.0183563232421875,0.041534423828125
2178,0.4574045,0.46993256,0.4408698,0.4969074,0.5162144,0.01898193359375,0.0171661376953125,0.01229095458984375,0.01151275634765625,0.0247802734375
2179,0.48928523,0.5282368,0.48617107,0.49311328,0.49428034,0.02459716796875,0.0655517578125,0.01085662841796875,0.01800537109375,0.06109619140625
2181,0.5384682,0.54976606,0.5322621,0.5722413,0.57669747,0.0135498046875,0.01468658447265625,0.004314422607421875,0.0223541259765625,0.050872802734375
2182,0.5242051,0.5292747,0.5292571,0.580086,0.5465362,0.0235595703125,0.074951171875,0.0089569091796875,0.019134521484375,0.06622314453125
2183,0.51287663,0.53651774,0.50820845,0.5375307,0.56701195,0.040313720703125,0.0771484375,0.03314208984375,0.041168212890625,0.029937744140625
2184,0.48430505,0.49680406,0.46727583,0.5213797,0.53488034,0.03369140625,0.0838623046875,0.027313232421875,0.03546142578125,0.04583740234375
2185,0.47383702,0.49458653,0.47353238,0.5020722,0.4837208,0.0095977783203125,0.006099700927734375,0.0,0.0086517333984375,0.02947998046875
2187,0.5164684,0.5499857,0.5030611,0.5591895,0.54208666,0.024932861328125,0.031524658203125,0.0095672607421875,0.020263671875,0.0284881591796875
2189,0.48420948,0.49198583,0.48600227,0.5407543,0.54500854,0.007904052734375,0.0085296630859375,0.0013513565063476562,0.007007598876953125,0.06573486328125
2192,0.45230398,0.4765456,0.45969057,0.4921845,0.5144347,0.04443359375,0.04425048828125,0.0023212432861328125,0.0517578125,0.05609130859375
2193,0.54601634,0.5233818,0.50093174,0.58128524,0.61366034,0.07110595703125,0.0299530029296875,0.020477294921875,0.0484619140625,0.08831787109375
2195,0.48236024,0.49823287,0.5494323,0.4938593,0.48839873,0.01445770263671875,0.0093841552734375,0.054901123046875,0.01104736328125,0.01495361328125
2196,0.44775665,0.43300897,0.4283367,0.5033848,0.517649,0.0185089111328125,0.020477294921875,0.0102386474609375,0.01239013671875,0.02386474609375
2197,0.5155043,0.52780056,0.53607637,0.5920782,0.56382346,0.0142364501953125,0.00971221923828125,0.0,0.0128326416015625,0.017242431640625
2198,0.35217613,0.38523513,0.35153216,0.40528405,0.4247636,0.01222991943359375,0.0367431640625,0.00977325439453125,0.0100250244140625,0.033294677734375
2200,0.49483234,0.5132583,0.49129367,0.48444983,0.4894068,0.042724609375,0.04583740234375,0.032470703125,0.028533935546875,0.058013916015625
2201,0.4547758,0.49882543,0.46199054,0.52713424,0.5415157,0.01068115234375,0.0078887939453125,0.006748199462890625,0.008514404296875,0.0115203857421875
2202,0.5122828,0.5277667,0.50841194,0.54068565,0.54475933,0.081787109375,0.08453369140625,0.03338623046875,0.076416015625,0.1014404296875
2203,0.4701273,0.4841549,0.48432422,0.49776137,0.4968166,0.04486083984375,0.05523681640625,0.03802490234375,0.05523681640625,0.032135009765625
2204,0.4729735,0.50659704,0.516703,0.54169565,0.5133298,0.045166015625,0.0882568359375,0.05377197265625,0.029998779296875,0.11468505859375
2207,0.4451541,0.5050502,0.44816792,0.49990353,0.5189588,0.0650634765625,0.034881591796875,0.020660400390625,0.057708740234375,0.07989501953125
2212,0.50410026,0.50445485,0.4930292,0.5412533,0.6189575,0.05279541015625,0.0052947998046875,0.0048828125,0.0257415771484375,0.1229248046875
2213,0.46662283,0.45945102,0.45079345,0.50994444,0.49918893,0.05462646484375,0.039642333984375,0.00440216064453125,0.042327880859375,0.09991455078125
2214,0.47893047,0.43837655,0.4572137,0.4962781,0.5033211,0.01116943359375,0.006744384765625,0.0055084228515625,0.0101776123046875,0.01457977294921875
2215,0.5034848,0.49792135,0.4767872,0.541366,0.5153629,0.024810791015625,0.0179901123046875,0.01409912109375,0.0136260986328125,0.025848388671875
2216,0.47560373,0.49968967,0.48158282,0.5256458,0.51720387,0.06982421875,0.11370849609375,0.040863037109375,0.061279296875,0.0595703125
2217,0.50038326,0.5194839,0.4939068,0.5298584,0.5562073,0.0447998046875,0.07415771484375,0.010955810546875,0.04241943359375,0.10992431640625
2218,0.5007962,0.5197179,0.4933154,0.53079677,0.55576515,0.04534912109375,0.07391357421875,0.01120758056640625,0.042144775390625,0.1107177734375
2219,0.4167935,0.4175185,0.41858953,0.4443383,0.45916975,0.0,0.0174102783203125,0.003078460693359375,0.0,0.0018091201782226562
2220,0.47960418,0.47978747,0.4738114,0.51674056,0.54326594,0.041412353515625,0.002185821533203125,0.0019626617431640625,0.0218658447265625,0.051361083984375
2221,0.4531592,0.5103047,0.4918155,0.51527584,0.5214784,0.01396942138671875,0.033203125,0.0,0.0125885009765625,0.066650390625
2222,0.44604144,0.48518747,0.4756409,0.45620698,0.45010477,0.033721923828125,0.09783935546875,0.0657958984375,0.01458740234375,0.0706787109375
2223,0.51213396,0.5680878,0.5369026,0.5830879,0.56957066,0.01837158203125,0.07177734375,0.00677490234375,0.046783447265625,0.0218048095703125
2224,0.48362535,0.4718498,0.46989688,0.5279458,0.51660085,0.0567626953125,0.0625,0.01525115966796875,0.05059814453125,0.10101318359375
2226,0.52065134,0.5494017,0.5249733,0.5369597,0.5635718,0.017486572265625,0.032196044921875,0.004344940185546875,0.01450347900390625,0.03631591796875
2227,0.43461597,0.49046025,0.47289902,0.46424082,0.4676516,0.044921875,0.017303466796875,0.0085296630859375,0.041412353515625,0.05242919921875
2228,0.4833458,0.49893045,0.5142964,0.50499374,0.4893738,0.034576416015625,0.049896240234375,0.054656982421875,0.0252685546875,0.03973388671875
2229,0.4891272,0.55163926,0.52690077,0.5617907,0.5175875,0.01129913330078125,0.10906982421875,0.00015342235565185547,0.0469970703125,0.016357421875
2231,0.47289515,0.49851668,0.4700637,0.53990686,0.54185635,0.0340576171875,0.051513671875,0.003620147705078125,0.059906005859375,0.055908203125
2232,0.4627285,0.49608845,0.4432711,0.52981323,0.4678412,0.041717529296875,0.08843994140625,0.03936767578125,0.06903076171875,0.04107666015625
2233,0.4630438,0.49315065,0.51372546,0.49316025,0.47829738,0.03985595703125,0.00738525390625,0.061859130859375,0.040771484375,0.05389404296875
2234,0.49375927,0.5421047,0.5022994,0.54213923,0.55392665,0.038665771484375,0.04742431640625,0.031890869140625,0.033172607421875,0.0137939453125
2235,0.43014273,0.4394123,0.44945526,0.46551722,0.49582762,0.0413818359375,0.033111572265625,0.0325927734375,0.0305938720703125,0.0423583984375
2236,0.51980054,0.51716214,0.521611,0.5651957,0.537991,0.03643798828125,0.035980224609375,0.035980224609375,0.007843017578125,0.046844482421875
2238,0.44644177,0.44460386,0.41652596,0.44828996,0.47765788,0.0194854736328125,0.05767822265625,0.0098114013671875,0.0310821533203125,0.05950927734375
2239,0.4513079,0.5266364,0.49115163,0.5193396,0.5544761,0.017242431640625,0.0579833984375,0.010101318359375,0.01983642578125,0.01904296875
2240,0.5272508,0.5489901,0.55734205,0.5557522,0.5834285,0.1090087890625,0.010498046875,0.0491943359375,0.05401611328125,0.11865234375
2241,0.52293193,0.5069487,0.5065355,0.5503693,0.55585146,0.051483154296875,0.0419921875,0.0218658447265625,0.04107666015625,0.061248779296875
2242,0.49567473,0.54516345,0.5268819,0.50977516,0.49625337,0.042755126953125,0.01387786865234375,0.0582275390625,0.039764404296875,0.01470947265625
2243,0.44905314,0.44074905,0.4495433,0.47555667,0.5103052,0.0088348388671875,0.001617431640625,0.0013599395751953125,0.00724029541015625,0.04608154296875
2244,0.48120296,0.51292837,0.4895848,0.55813867,0.49045447,0.037689208984375,0.03350830078125,0.026763916015625,0.030242919921875,0.037445068359375
2245,0.4784962,0.5435142,0.49636942,0.5444857,0.5157815,0.0099334716796875,0.02587890625,0.0029582977294921875,0.0156402587890625,0.011993408203125
2246,0.51393306,0.54019386,0.5531459,0.5558833,0.52268213,0.0234375,0.0738525390625,0.0145111083984375,0.0186614990234375,0.0623779296875
2248,0.47834837,0.48949498,0.46480408,0.5181228,0.49052313,0.016754150390625,0.01531982421875,0.005889892578125,0.013671875,0.0189208984375
2249,0.4169697,0.4264945,0.43093103,0.48953408,0.46439573,0.0077972412109375,0.007137298583984375,0.0006794929504394531,0.0080413818359375,0.027984619140625
2250,0.50191903,0.5667342,0.5295701,0.5881819,0.5427509,0.01372528076171875,0.01227569580078125,0.0041961669921875,0.042022705078125,0.017181396484375
2252,0.45317003,0.51019424,0.50694966,0.5420443,0.4932003,0.01158905029296875,0.0362548828125,7.218122482299805e-05,0.03948974609375,0.04486083984375
2253,0.4754677,0.49694198,0.45270777,0.4715123,0.50354314,0.003704071044921875,0.052154541015625,0.0,0.003337860107421875,0.028961181640625
2254,0.5005488,0.5202743,0.49548632,0.5529772,0.56387234,0.0589599609375,0.06915283203125,0.01165771484375,0.0550537109375,0.07208251953125
2255,0.48118657,0.4837482,0.48054793,0.49175823,0.50489855,0.01349639892578125,0.00832366943359375,0.00034737586975097656,0.0121002197265625,0.0164337158203125
2256,0.5318093,0.50276244,0.5055363,0.56677455,0.57784456,0.007305145263671875,0.008697509765625,0.0,0.00658416748046875,0.02410888671875
2257,0.47340268,0.52946,0.5063471,0.5456946,0.5593317,0.056884765625,0.0218658447265625,0.01032257080078125,0.05291748046875,0.07342529296875
2260,0.5471561,0.5436259,0.54492545,0.5455693,0.51487887,0.02398681640625,0.017791748046875,0.0142059326171875,0.0185089111328125,0.051483154296875
2261,0.500807,0.5169454,0.53212184,0.5460647,0.54732454,0.0132598876953125,0.035247802734375,0.0013217926025390625,0.01180267333984375,0.0157623291015625
2263,0.4547652,0.4664763,0.47835574,0.4917726,0.4853545,0.0113525390625,0.0283355712890625,0.0006799697875976562,0.01010894775390625,0.03460693359375
2267,0.52135926,0.52661043,0.5080583,0.5565813,0.5782907,0.07647705078125,0.0338134765625,0.035736083984375,0.06549072265625,0.09808349609375
2268,0.51786643,0.5340769,0.5348196,0.5493966,0.573758,0.01470947265625,0.053680419921875,0.0021820068359375,0.01290130615234375,0.0504150390625
2270,0.53744406,0.5215749,0.49147296,0.55533993,0.5740475,0.038330078125,0.026947021484375,0.01299285888671875,0.0261993408203125,0.10321044921875
2271,0.48179415,0.5122417,0.49168572,0.5561595,0.50464207,0.008758544921875,0.0389404296875,0.0033416748046875,0.00833892822265625,0.0177001953125
2272,0.50077164,0.5321735,0.5467644,0.5408895,0.527555,0.005695343017578125,0.0142974853515625,0.00711822509765625,0.0137786865234375,0.007350921630859375
2273,0.46488354,0.47487247,0.46193326,0.506711,0.519656,0.0435791015625,0.07568359375,0.0037994384765625,0.043212890625,0.078125
2274,0.49674675,0.5460755,0.53071105,0.56473285,0.562593,0.0306396484375,0.026519775390625,0.01409149169921875,0.02764892578125,0.030120849609375
2276,0.46605957,0.49349576,0.4431445,0.527207,0.50599325,0.0321044921875,0.0226898193359375,0.00042176246643066406,0.031280517578125,0.056640625
2278,0.4936992,0.48718417,0.54484254,0.53260744,0.526353,0.04412841796875,0.003353118896484375,0.048980712890625,0.041015625,0.049072265625
2279,0.53690565,0.5429598,0.5502504,0.59725106,0.57497716,0.060882568359375,0.02880859375,0.026580810546875,0.05633544921875,0.0963134765625
2280,0.46013373,0.45748675,0.47291374,0.47050157,0.46898794,0.007732391357421875,0.0,0.0,0.00696563720703125,0.00936126708984375
2281,0.4963374,0.48456,0.51274073,0.5257573,0.50328547,0.029693603515625,0.0185394287109375,0.0108184814453125,0.0210113525390625,0.058074951171875
2283,0.5826578,0.61061555,0.5804418,0.62105733,0.61468965,0.06878662109375,0.08203125,0.06634521484375,0.052276611328125,0.0306396484375
2285,0.39820763,0.45946887,0.41125998,0.4868071,0.46742535,0.05474853515625,0.043701171875,0.015838623046875,0.0499267578125,0.093994140625
2286,0.42231005,0.475417,0.41616794,0.4791568,0.49527684,0.0168914794921875,0.04071044921875,0.00540924072265625,0.01336669921875,0.022216796875
2287,0.5310118,0.53042793,0.5380699,0.52913994,0.5137958,0.04779052734375,0.01062774658203125,0.00820159912109375,0.041351318359375,0.1051025390625
2288,0.4650379,0.46743807,0.4765707,0.52935606,0.5273367,0.02410888671875,0.035552978515625,0.0252685546875,0.0117340087890625,0.04925537109375
2289,0.464147,0.4607868,0.4515891,0.50570625,0.49713695,0.037017822265625,0.033050537109375,0.0018157958984375,0.035980224609375,0.10211181640625
2291,0.46506637,0.5092149,0.47348207,0.52226526,0.52321124,0.0054931640625,0.03338623046875,0.0,0.004947662353515625,0.0318603515625
2293,0.5382731,0.5181047,0.51854324,0.54910195,0.54551303,0.05548095703125,0.0061798095703125,0.038787841796875,0.05035400390625,0.060394287109375
2294,0.49443513,0.49564937,0.4859262,0.5103485,0.49813274,0.0201416015625,0.036163330078125,0.006877899169921875,0.016510009765625,0.045166015625
2295,0.5012339,0.4865324,0.47688308,0.4949145,0.51530325,0.01151275634765625,0.06402587890625,0.032989501953125,0.010772705078125,0.04302978515625
2297,0.47770065,0.47228152,0.54388595,0.49439347,0.47108454,0.0570068359375,0.06378173828125,0.07086181640625,0.0458984375,0.07568359375
2298,0.42394987,0.4286722,0.40318698,0.48480037,0.48158193,0.0163726806640625,0.0031261444091796875,0.0028057098388671875,0.01202392578125,0.0171051025390625
2299,0.39221215,0.4098838,0.39969358,0.43530896,0.4744544,0.031219482421875,0.017669677734375,0.01067352294921875,0.01861572265625,0.079345703125
2300,0.44046468,0.45798716,0.44905573,0.4777556,0.4773181,0.04827880859375,0.0615234375,0.00438690185546875,0.040283203125,0.1080322265625
2301,0.48890418,0.48593098,0.46960047,0.5332091,0.5222142,0.020355224609375,0.048126220703125,0.0133209228515625,0.01953125,0.07122802734375
2302,0.34171504,0.35347378,0.34841603,0.34841335,0.33677295,0.01079559326171875,0.018524169921875,0.01171875,0.01873779296875,0.014068603515625
2303,0.46915948,0.52466726,0.50957555,0.51560247,0.4977103,0.038116455078125,0.08624267578125,0.041717529296875,0.0362548828125,0.0770263671875
2306,0.46714813,0.45348054,0.48347598,0.46277946,0.49637496,0.03753662109375,0.0264129638671875,0.034027099609375,0.02947998046875,0.048614501953125
2307,0.4985006,0.51209325,0.48223126,0.50231564,0.5197445,0.06756591796875,0.038970947265625,0.0297088623046875,0.06512451171875,0.09246826171875
2308,0.4237655,0.41815215,0.4410041,0.45713067,0.4549778,0.018585205078125,0.004302978515625,0.01483917236328125,0.0168609619140625,0.0109405517578125
2309,0.51068366,0.52648145,0.5206267,0.52152985,0.52126765,0.047760009765625,0.0673828125,0.06512451171875,0.02520751953125,0.0255889892578125
2310,0.50542516,0.5337179,0.53802586,0.5141897,0.49359578,0.04425048828125,0.0679931640625,0.039794921875,0.034332275390625,0.05621337890625
2311,0.46884543,0.50960386,0.5133392,0.5199473,0.4834106,0.0379638671875,0.07940673828125,0.036865234375,0.038360595703125,0.0804443359375
2312,0.46984166,0.5416491,0.51783884,0.52200997,0.45144272,0.0266571044921875,0.0047454833984375,0.0241241455078125,0.03619384765625,0.00909423828125
2313,0.4639678,0.48433268,0.49345818,0.4925452,0.48590338,0.028656005859375,0.01253509521484375,0.0280303955078125,0.0222625732421875,0.0258941650390625
2314,0.36170727,0.3944524,0.4100555,0.37482888,0.38177818,0.00333404541015625,0.03912353515625,0.026458740234375,0.0022735595703125,0.00333404541015625
2315,0.43847507,0.46739388,0.49131107,0.50226945,0.49884355,0.057861328125,0.02374267578125,0.0290985107421875,0.05047607421875,0.040863037109375
2316,0.49953073,0.5397574,0.4880104,0.58458275,0.5645078,0.0928955078125,0.101806640625,0.03253173828125,0.10675048828125,0.1136474609375
2317,0.5075816,0.51313865,0.54754066,0.53497994,0.52011955,0.06170654296875,0.0101318359375,0.02191162109375,0.060302734375,0.0911865234375
2318,0.47647402,0.48599365,0.45622808,0.52804804,0.4969686,0.038238525390625,0.0059814453125,0.01169586181640625,0.032501220703125,0.07989501953125
2319,0.4782424,0.49630898,0.50494003,0.47699568,0.49739423,0.028717041015625,0.060546875,0.0189666748046875,0.014373779296875,0.0193634033203125
2320,0.4892528,0.49965996,0.47549295,0.50351,0.49593168,0.0423583984375,0.05499267578125,0.045654296875,0.055999755859375,0.0301971435546875
2321,0.4780558,0.49146906,0.49480087,0.5221348,0.47085047,0.0699462890625,0.004322052001953125,0.016937255859375,0.0687255859375,0.076416015625
2323,0.43467137,0.48514035,0.43927228,0.45780683,0.4346255,0.058197021484375,0.032867431640625,0.037139892578125,0.03253173828125,0.03338623046875
2324,0.47437033,0.49535376,0.5125665,0.4881904,0.48673615,0.038330078125,0.00872039794921875,0.01120758056640625,0.040802001953125,0.03900146484375
2325,0.48755014,0.50432086,0.4744588,0.50478256,0.5107425,0.06488037109375,0.027984619140625,0.0213165283203125,0.0655517578125,0.058074951171875
2327,0.47321165,0.49030244,0.52949774,0.50851095,0.46165505,0.06304931640625,0.0877685546875,0.064453125,0.060760498046875,0.0911865234375
2328,0.4670871,0.53235483,0.51234156,0.48580295,0.4744444,0.06646728515625,0.065673828125,0.055572509765625,0.06463623046875,0.0926513671875
2330,0.54313195,0.5852528,0.543383,0.580349,0.5664693,0.08050537109375,0.059173583984375,0.043304443359375,0.07025146484375,0.1170654296875
2331,0.4702475,0.50501144,0.51246756,0.5327929,0.53434116,0.0178070068359375,0.0,0.0179595947265625,0.0177764892578125,0.0269775390625
2332,0.52216464,0.5229482,0.5209873,0.5546377,0.5501751,0.041656494140625,0.01123809814453125,0.01544952392578125,0.03839111328125,0.05474853515625
2333,0.50683445,0.54372686,0.51422906,0.55205226,0.5193894,0.07244873046875,0.1031494140625,0.04620361328125,0.073974609375,0.06390380859375
2334,0.48073113,0.50330305,0.4619168,0.46995065,0.46315667,0.0469970703125,0.02569580078125,0.01751708984375,0.018707275390625,0.01203155517578125
2335,0.51607203,0.5038613,0.50047517,0.5265017,0.495576,0.028961181640625,0.046112060546875,0.0273895263671875,0.0487060546875,0.05889892578125
2336,0.43338943,0.46121967,0.43197662,0.4452616,0.45552078,0.0301361083984375,0.026702880859375,0.020233154296875,0.0236053466796875,0.0148162841796875
2337,0.4689948,0.470211,0.4598402,0.50249255,0.5155256,0.01898193359375,0.0066986083984375,0.0229034423828125,0.017181396484375,0.03485107421875
2338,0.5230553,0.5665433,0.5189234,0.51044786,0.46775505,0.0657958984375,0.05560302734375,0.038238525390625,0.058319091796875,0.09527587890625
2340,0.44080287,0.46618068,0.4636611,0.44327942,0.43321642,0.04034423828125,0.0221710205078125,0.050262451171875,0.0160675048828125,0.00917816162109375
2341,0.50374764,0.54424417,0.55289125,0.4770798,0.49080473,0.0155792236328125,0.003864288330078125,0.01593017578125,0.0146636962890625,0.019317626953125
2342,0.48579454,0.55044055,0.5300344,0.500892,0.47072744,0.006977081298828125,0.01212310791015625,0.01094818115234375,0.015838623046875,0.0208892822265625
2343,0.455867,0.4909731,0.45437264,0.50141096,0.49409902,0.0174560546875,0.00959014892578125,0.01038360595703125,0.0174560546875,0.01873779296875
2345,0.42187494,0.47254765,0.45602164,0.4605584,0.42952725,0.01983642578125,0.036407470703125,0.02490234375,0.0177001953125,0.0293731689453125
2347,0.49352247,0.53257513,0.5011262,0.5068224,0.50599957,0.03387451171875,0.052825927734375,0.04095458984375,0.0290069580078125,0.04461669921875
2348,0.49115384,0.53061235,0.5367899,0.51556945,0.48919263,0.06964111328125,0.002002716064453125,0.04718017578125,0.07470703125,0.04254150390625
2349,0.43042648,0.47789085,0.45682633,0.47561604,0.45621654,0.0294189453125,0.0313720703125,0.0275115966796875,0.0516357421875,0.029022216796875
2350,0.4038357,0.44524163,0.45533335,0.47373796,0.46187815,0.02886962890625,0.00316619873046875,0.02398681640625,0.02520751953125,0.0156707763671875
2351,0.4827297,0.5290668,0.45890248,0.50204396,0.52402776,0.03955078125,0.04510498046875,0.023101806640625,0.019500732421875,0.0028362274169921875
2352,0.45176914,0.4780901,0.4815318,0.45900366,0.5007379,0.029083251953125,0.0147552490234375,0.029632568359375,0.026824951171875,0.02056884765625
2353,0.5051411,0.52103,0.5275926,0.50297165,0.513077,0.06402587890625,0.08941650390625,0.031646728515625,0.06683349609375,0.08349609375
2355,0.44483253,0.51042885,0.4645899,0.48182642,0.51308644,0.0223388671875,0.046905517578125,0.023681640625,0.0218048095703125,0.039276123046875
2359,0.50595766,0.52196187,0.48933372,0.51117873,0.48572135,0.05865478515625,0.0469970703125,0.034393310546875,0.051483154296875,0.069091796875
2361,0.49645323,0.46923968,0.4670214,0.5158207,0.528946,0.056854248046875,0.011138916015625,0.050872802734375,0.050323486328125,0.11962890625
2362,0.47146583,0.4829532,0.47104728,0.4822147,0.4664685,0.020660400390625,0.0225372314453125,0.0108795166015625,0.0201416015625,0.0264739990234375
2363,0.47930416,0.5213408,0.45395738,0.5178645,0.4964292,0.0626220703125,0.07550048828125,0.035003662109375,0.03094482421875,0.05914306640625
2364,0.50094247,0.53153664,0.5437122,0.54339844,0.53359056,0.0582275390625,0.017486572265625,0.033172607421875,0.06524658203125,0.05767822265625
2365,0.42179024,0.48667246,0.44076657,0.46284586,0.46615028,0.024169921875,0.0,0.01922607421875,0.024169921875,0.0295867919921875
2366,0.42050838,0.47625917,0.43899077,0.44423676,0.4846983,0.034515380859375,0.1102294921875,0.0223846435546875,0.039642333984375,0.054168701171875
2367,0.47327274,0.5177026,0.48061255,0.47886723,0.4906976,0.00818634033203125,0.0,0.0094757080078125,0.0085601806640625,0.0018825531005859375
2368,0.5093976,0.54632854,0.52009773,0.54442537,0.5575186,0.06207275390625,0.062469482421875,0.06463623046875,0.05670166015625,0.03082275390625
2369,0.4914496,0.52555734,0.47361195,0.48770407,0.5027539,0.0914306640625,0.07861328125,0.0201416015625,0.09149169921875,0.116943359375
2370,0.54184717,0.561785,0.5949179,0.5685998,0.55123186,0.10565185546875,0.10595703125,0.0718994140625,0.09832763671875,0.13720703125
2371,0.40912014,0.45917752,0.43796486,0.47653526,0.49074215,0.0095672607421875,0.053680419921875,0.011444091796875,0.025970458984375,0.0246429443359375
2372,0.46264797,0.50694776,0.5174029,0.5205314,0.50085354,0.049224853515625,0.1116943359375,0.049102783203125,0.06072998046875,0.04876708984375
2373,0.47008324,0.49237108,0.4602306,0.44563106,0.47193518,0.018463134765625,0.06024169921875,0.0230255126953125,0.0152130126953125,0.0287628173828125
2374,0.472447,0.5039482,0.48053724,0.5119687,0.49667513,0.0289306640625,0.05499267578125,0.033843994140625,0.0213775634765625,0.036102294921875
2375,0.4543584,0.5063297,0.45487258,0.49842334,0.4995924,0.041595458984375,0.05328369140625,0.03778076171875,0.05059814453125,0.028717041015625
2376,0.43378472,0.44208634,0.48130715,0.44745976,0.472047,0.0216217041015625,0.018707275390625,0.0202484130859375,0.037872314453125,0.0153656005859375
2377,0.43061647,0.48098922,0.46550316,0.48645312,0.46805948,0.09503173828125,0.04437255859375,0.0255279541015625,0.06524658203125,0.072021484375
2378,0.5091659,0.4990039,0.4795765,0.52996516,0.5097744,0.09881591796875,0.105712890625,0.06695556640625,0.06060791015625,0.033660888671875
2379,0.5057142,0.50824726,0.50679815,0.52045816,0.5232811,0.07305908203125,0.06158447265625,0.038177490234375,0.06805419921875,0.1561279296875
2380,0.52815497,0.5431742,0.56443024,0.57825613,0.574316,0.036865234375,0.047027587890625,0.05810546875,0.049957275390625,0.024017333984375
2382,0.44039184,0.46608976,0.4597355,0.44376814,0.43320477,0.04779052734375,0.040191650390625,0.031890869140625,0.0308837890625,0.032989501953125
2383,0.51149374,0.5360729,0.48255917,0.5203968,0.53297,0.08087158203125,0.03961181640625,0.058502197265625,0.07012939453125,0.07086181640625
2384,0.52150023,0.52101296,0.511934,0.5397866,0.5399301,0.0460205078125,0.033050537109375,0.0273895263671875,0.0433349609375,0.04534912109375
2385,0.48483026,0.51356375,0.54979146,0.4943585,0.46611944,0.0273590087890625,0.05084228515625,0.0567626953125,0.025665283203125,0.09149169921875
2386,0.46352777,0.48796818,0.4947234,0.48832494,0.4857313,0.059844970703125,0.011749267578125,0.035797119140625,0.055908203125,0.05157470703125
2387,0.48021054,0.54044807,0.5576648,0.52134484,0.5106178,0.033905029296875,0.04345703125,0.031219482421875,0.032989501953125,0.04461669921875
2388,0.49999607,0.5006687,0.5113684,0.5008068,0.4977323,0.036163330078125,0.00724029541015625,0.019683837890625,0.0292510986328125,0.0321044921875
2389,0.49942178,0.5050834,0.48064536,0.49289793,0.4669278,0.0325927734375,0.0183563232421875,0.0099639892578125,0.0113677978515625,0.00632476806640625
2391,0.4633419,0.5106089,0.45452386,0.5163623,0.5459297,0.03228759765625,0.006603240966796875,0.0245819091796875,0.0299072265625,0.0399169921875
2392,0.49679974,0.5490089,0.52275836,0.56532836,0.55292207,0.0150604248046875,0.0077972412109375,0.003082275390625,0.00728607177734375,0.0246124267578125
2393,0.4938913,0.500135,0.45648706,0.48629248,0.48663628,0.075439453125,0.0130462646484375,0.01824951171875,0.0626220703125,0.0594482421875
2394,0.47226438,0.5264813,0.5289987,0.50784093,0.51257783,0.0357666015625,0.005428314208984375,0.034637451171875,0.035552978515625,0.01531219482421875
2395,0.519635,0.50988,0.5074977,0.48877758,0.5257113,0.04705810546875,0.023468017578125,0.04473876953125,0.04107666015625,0.0294189453125
2396,0.49335086,0.50675035,0.52130353,0.5263212,0.49815848,0.051788330078125,0.039703369140625,0.025787353515625,0.08538818359375,0.0643310546875
2398,0.47438335,0.48918557,0.46340513,0.476972,0.48415613,0.0290374755859375,0.011688232421875,0.0265045166015625,0.023162841796875,0.0174560546875
2399,0.50641286,0.50219905,0.50586855,0.5470264,0.5552447,0.056610107421875,0.029327392578125,0.0679931640625,0.027862548828125,0.043212890625
2401,0.4416796,0.48986268,0.4455518,0.4705876,0.46183157,0.03936767578125,0.06036376953125,0.03558349609375,0.020751953125,0.058502197265625
2402,0.4303473,0.4463402,0.4172149,0.48427564,0.46332258,0.00826263427734375,0.03363037109375,0.00838470458984375,0.004383087158203125,0.01041412353515625
2403,0.44595134,0.518042,0.5111319,0.51812875,0.46283984,0.04052734375,0.008880615234375,0.055023193359375,0.039154052734375,0.036956787109375
2404,0.45000082,0.45777723,0.46081144,0.45924234,0.45122632,0.01134490966796875,0.0134124755859375,0.015228271484375,0.006473541259765625,0.007022857666015625
2405,0.43113476,0.47348619,0.4020418,0.46734416,0.45777252,0.06256103515625,0.006557464599609375,0.020782470703125,0.055938720703125,0.0567626953125
2407,0.51980394,0.50971645,0.51284945,0.5607418,0.5342317,0.0498046875,0.010284423828125,0.0268707275390625,0.0465087890625,0.07513427734375
2411,0.47393966,0.52479905,0.5145893,0.50119776,0.5014355,0.076171875,0.06964111328125,0.03497314453125,0.086181640625,0.0950927734375
2412,0.45062202,0.47717714,0.4127754,0.47890037,0.46203798,0.047760009765625,0.020355224609375,0.02783203125,0.01971435546875,0.01016998291015625
2413,0.4999879,0.53526044,0.52547485,0.5184179,0.51923233,0.03350830078125,0.0716552734375,0.033660888671875,0.048492431640625,0.04931640625
2414,0.5386563,0.5557442,0.5621124,0.5873519,0.5657262,0.033203125,0.005222320556640625,0.019439697265625,0.024810791015625,0.0097503662109375
2415,0.4742635,0.5189271,0.45524353,0.4702635,0.47629118,0.073486328125,0.0667724609375,0.024505615234375,0.0650634765625,0.06640625
2416,0.4995399,0.5504265,0.5730332,0.5198776,0.49989438,0.04840087890625,0.04443359375,0.0284881591796875,0.055572509765625,0.06451416015625
2417,0.53579056,0.5465907,0.5847074,0.5507661,0.5644397,0.0443115234375,0.041015625,0.05438232421875,0.044677734375,0.047698974609375
2418,0.4656378,0.49426374,0.48306975,0.5273667,0.5213538,0.03765869140625,0.009307861328125,0.02801513671875,0.0310211181640625,0.0172576904296875
2422,0.48777026,0.48294958,0.4838076,0.5364828,0.53807634,0.0557861328125,0.032379150390625,0.0283203125,0.055267333984375,0.0838623046875
2425,0.5356866,0.60022825,0.5592084,0.5655539,0.5494299,0.07122802734375,0.134033203125,0.0947265625,0.0679931640625,0.11395263671875
2426,0.46132776,0.4874308,0.47992516,0.44483554,0.4659645,0.0197906494140625,0.0230255126953125,0.021575927734375,0.010772705078125,0.0176544189453125
2427,0.4905932,0.49879932,0.46986765,0.51051104,0.51229906,0.0189361572265625,0.00473785400390625,0.03778076171875,0.0179443359375,0.0059356689453125
2429,0.4602725,0.49732858,0.4906353,0.525717,0.52558935,0.057830810546875,0.03955078125,0.0175323486328125,0.0450439453125,0.06207275390625
2431,0.5529889,0.5368971,0.5425209,0.5160848,0.53347397,0.037353515625,0.02386474609375,0.0316162109375,0.02178955078125,0.052215576171875
2433,0.45057452,0.500254,0.47070333,0.4877112,0.4977095,0.0205535888671875,0.0108489990234375,0.024017333984375,0.0157470703125,0.007720947265625
2434,0.5005289,0.48952645,0.4847844,0.5272781,0.47808033,0.0269317626953125,0.04534912109375,0.0231170654296875,0.025787353515625,0.007350921630859375
2435,0.4701331,0.502385,0.47641718,0.47344697,0.46954334,0.023162841796875,0.0179290771484375,0.0173492431640625,0.029327392578125,0.0085906982421875
2436,0.47539425,0.52919257,0.48633662,0.48945782,0.5325283,0.0767822265625,0.0699462890625,0.0408935546875,0.0733642578125,0.10040283203125
2439,0.46004474,0.5186359,0.5055547,0.49575144,0.47700912,0.0953369140625,0.0887451171875,0.07879638671875,0.08575439453125,0.11376953125
2440,0.39697018,0.45963472,0.42220712,0.47147167,0.48544958,0.02471923828125,0.0609130859375,0.0323486328125,0.0262451171875,0.024444580078125
2441,0.4684476,0.49743092,0.49525797,0.48736197,0.46537212,0.07275390625,0.0164642333984375,0.044952392578125,0.0621337890625,0.056671142578125
2442,0.4971379,0.5038955,0.49083248,0.5113689,0.5043219,0.022796630859375,0.003917694091796875,0.0155487060546875,0.0196685791015625,0.02935791015625
2443,0.49587196,0.5316449,0.53043425,0.5455026,0.52688223,0.0745849609375,0.07855224609375,0.1259765625,0.059783935546875,0.05242919921875
2444,0.5081752,0.52566636,0.50428736,0.55033225,0.5723505,0.036102294921875,0.01459503173828125,0.0149383544921875,0.0202178955078125,0.09942626953125
2445,0.4988826,0.49395365,0.48090026,0.48813394,0.48984665,0.03204345703125,0.06158447265625,0.0248870849609375,0.0194854736328125,0.031494140625
2447,0.48858684,0.518453,0.5128857,0.49372733,0.49794346,0.12139892578125,0.1807861328125,0.0960693359375,0.128173828125,0.137939453125
2448,0.48894998,0.50277317,0.4946943,0.5340559,0.524558,0.016632080078125,0.0251617431640625,0.0181121826171875,0.03009033203125,0.0166168212890625
2451,0.5130144,0.5508254,0.529636,0.5473737,0.56059164,0.05804443359375,0.03900146484375,0.01885986328125,0.060211181640625,0.07989501953125
2453,0.4783916,0.5061114,0.4676807,0.5046974,0.50560576,0.03424072265625,0.09942626953125,0.038330078125,0.04766845703125,0.0633544921875
2454,0.48410958,0.5313967,0.52050877,0.5233916,0.49248096,0.01751708984375,0.0029850006103515625,0.01360321044921875,0.0143890380859375,0.0088958740234375
2455,0.49041283,0.52079594,0.4772688,0.51235807,0.5156889,0.061737060546875,0.04901123046875,0.0283966064453125,0.06451416015625,0.08624267578125
2456,0.50028837,0.5140173,0.5271907,0.53561425,0.516398,0.0609130859375,0.0694580078125,0.06402587890625,0.0487060546875,0.062225341796875
2457,0.46892986,0.46527362,0.45765275,0.47724357,0.46753564,0.0701904296875,0.058380126953125,0.0421142578125,0.060272216796875,0.07672119140625
2458,0.49912816,0.50598496,0.5321928,0.5314075,0.49816892,0.07745361328125,0.001804351806640625,0.014190673828125,0.0770263671875,0.0819091796875
2459,0.4307551,0.45157066,0.45038694,0.4859431,0.45685104,0.026885986328125,0.004863739013671875,0.0224151611328125,0.023284912109375,0.016632080078125
2461,0.5098344,0.5483422,0.5451194,0.5266077,0.5172102,0.036041259765625,0.051605224609375,0.0303955078125,0.050506591796875,0.0426025390625
2462,0.47800052,0.517748,0.50279814,0.5191985,0.4722176,0.07177734375,0.05804443359375,0.0308074951171875,0.078125,0.12139892578125
2463,0.52956223,0.544981,0.54435855,0.5449029,0.54404485,0.05377197265625,0.11444091796875,0.03985595703125,0.059600830078125,0.07061767578125
2464,0.43477103,0.44661817,0.47235897,0.47221935,0.47420916,0.02734375,0.00586700439453125,0.0223388671875,0.02545166015625,0.0251922607421875
2466,0.5029632,0.51682496,0.5020697,0.5374418,0.5687109,0.03192138671875,0.05517578125,0.03253173828125,0.02947998046875,0.05755615234375
2467,0.55476964,0.56301904,0.56678474,0.59836495,0.5677681,0.0653076171875,0.06341552734375,0.02703857421875,0.07098388671875,0.131591796875
2468,0.49526772,0.569062,0.58987546,0.5303875,0.52887475,0.038665771484375,0.10986328125,0.14111328125,0.03533935546875,0.054779052734375
2472,0.4411906,0.48900452,0.44016212,0.46404687,0.49442786,0.053009033203125,0.0704345703125,0.033111572265625,0.048583984375,0.06256103515625
2473,0.43739465,0.47125363,0.4427414,0.49034935,0.43129882,0.022003173828125,0.013916015625,0.024444580078125,0.017181396484375,0.0107879638671875
2474,0.44807523,0.48716462,0.46464157,0.4793823,0.46822143,0.07806396484375,0.068603515625,0.05029296875,0.07318115234375,0.1204833984375
2478,0.4582494,0.48065773,0.49709338,0.4986695,0.47966775,0.0523681640625,0.053436279296875,0.02630615234375,0.0545654296875,0.093505859375
2479,0.556427,0.563862,0.5602196,0.5506794,0.5413271,0.0977783203125,0.08843994140625,0.060791015625,0.06591796875,0.125244140625
2480,0.43900916,0.4702518,0.44906574,0.4724928,0.4915093,0.01171875,0.042205810546875,0.00925445556640625,0.006786346435546875,0.0338134765625
2481,0.45675528,0.48656282,0.44851494,0.4647427,0.47661313,0.055023193359375,0.056732177734375,0.06072998046875,0.030487060546875,0.046295166015625
2482,0.5084973,0.5391967,0.5448071,0.5707635,0.5238943,0.0489501953125,0.03173828125,0.06689453125,0.041473388671875,0.0635986328125
2485,0.591816,0.6046451,0.6019584,0.6404122,0.58878434,0.0855712890625,0.078369140625,0.057708740234375,0.075927734375,0.115966796875
2487,0.46478,0.53551185,0.48552763,0.47901276,0.47536704,0.05767822265625,0.00823974609375,0.0132598876953125,0.05682373046875,0.11053466796875
2488,0.45867813,0.48623073,0.42662805,0.49821657,0.47642076,0.060577392578125,0.0188140869140625,0.0270843505859375,0.056304931640625,0.0665283203125
2489,0.44477773,0.48195332,0.4777981,0.45009032,0.5092915,0.07635498046875,0.06121826171875,0.04022216796875,0.0792236328125,0.10595703125
2490,0.44733018,0.44060156,0.4503724,0.4863112,0.48566937,0.08013916015625,0.0113067626953125,0.029052734375,0.07904052734375,0.0787353515625
2493,0.4265806,0.48346537,0.45117143,0.48859838,0.46518457,0.02996826171875,0.055938720703125,0.0261077880859375,0.059967041015625,0.018646240234375
2494,0.45717093,0.53522706,0.4661862,0.482299,0.48322904,0.054962158203125,0.06610107421875,0.0545654296875,0.04058837890625,0.0577392578125
2496,0.483049,0.48263007,0.4638131,0.4849651,0.47709715,0.016387939453125,0.004970550537109375,0.017364501953125,0.01494598388671875,0.007110595703125
2498,0.46275693,0.48400742,0.51584285,0.49080244,0.44993523,0.00513458251953125,0.12060546875,0.002269744873046875,0.031463623046875,0.03594970703125
2499,0.48835433,0.50692356,0.48886362,0.5126314,0.52810293,0.0197601318359375,0.031768798828125,0.028564453125,0.01342010498046875,0.016082763671875
2502,0.4858085,0.4926699,0.49274975,0.47015753,0.48953798,0.0188140869140625,0.0088043212890625,0.01029205322265625,0.002765655517578125,0.019775390625
2503,0.4792686,0.53224474,0.53606635,0.5155723,0.5089937,0.0222320556640625,0.037078857421875,0.0220794677734375,0.0521240234375,0.03704833984375
2504,0.48753506,0.5320311,0.51301223,0.5225408,0.49241358,0.0309600830078125,0.056732177734375,0.0308380126953125,0.045745849609375,0.006343841552734375
2506,0.47983083,0.51400393,0.5296372,0.5236083,0.5056725,0.0628662109375,0.0748291015625,0.037139892578125,0.0760498046875,0.09820556640625
2508,0.5283383,0.55828494,0.5739923,0.556616,0.557199,0.0838623046875,0.0975341796875,0.059661865234375,0.069091796875,0.1256103515625
2509,0.55043614,0.53885084,0.5522943,0.57078475,0.56641406,0.08184814453125,0.034637451171875,0.08062744140625,0.04840087890625,0.021820068359375
2510,0.40979216,0.4174316,0.43786532,0.40634865,0.420062,0.0302581787109375,0.0291900634765625,0.02484130859375,0.025543212890625,0.03448486328125
2511,0.44868895,0.48429617,0.48236918,0.48729578,0.49386156,0.02166748046875,0.0017118453979492188,0.017333984375,0.0201263427734375,0.0179443359375
2512,0.47236177,0.48043305,0.477621,0.49554503,0.53659743,0.037994384765625,0.0081634521484375,0.0206451416015625,0.035552978515625,0.08966064453125
2513,0.47433975,0.5008043,0.5181895,0.48677057,0.50654197,0.096435546875,0.032135009765625,0.0419921875,0.051910400390625,0.054443359375
2515,0.47681135,0.474435,0.5226799,0.48008326,0.53299123,0.076904296875,0.046295166015625,0.0484619140625,0.07470703125,0.08526611328125
2516,0.5172561,0.5368792,0.5080319,0.5269152,0.53239036,0.08026123046875,0.0086822509765625,0.032562255859375,0.07769775390625,0.0997314453125
2517,0.49683636,0.5170983,0.49828538,0.51989543,0.5114422,0.031829833984375,0.0048675537109375,0.020263671875,0.025177001953125,0.0092010498046875
2519,0.46542534,0.5259067,0.5228537,0.5310041,0.5261229,0.038543701171875,0.0028324127197265625,0.0026111602783203125,0.05255126953125,0.04290771484375
2520,0.48463568,0.49024868,0.46887064,0.5218145,0.49436033,0.0601806640625,0.0193023681640625,0.020111083984375,0.0426025390625,0.041534423828125
2521,0.52017975,0.5444007,0.53408873,0.5044417,0.48640683,0.062408447265625,0.08453369140625,0.04876708984375,0.04302978515625,0.1019287109375
2522,0.47667938,0.47315335,0.49745715,0.5014186,0.50809515,0.0662841796875,0.048309326171875,0.0438232421875,0.0673828125,0.099853515625
2523,0.4954542,0.5404633,0.4802348,0.53925896,0.5464562,0.03607177734375,0.0693359375,0.03167724609375,0.02734375,0.087646484375
2525,0.5044911,0.54962736,0.46909425,0.51022935,0.49305362,0.041290283203125,0.09625244140625,0.01953125,0.024993896484375,0.0946044921875
2526,0.522542,0.5584264,0.527912,0.56348306,0.57173556,0.05126953125,0.0733642578125,0.10162353515625,0.047210693359375,0.0458984375
2527,0.45033446,0.51430994,0.47439456,0.50468874,0.44838154,0.04486083984375,0.03485107421875,0.03326416015625,0.0654296875,0.05560302734375
2528,0.48421097,0.50195104,0.4850571,0.49176884,0.47803804,0.0232086181640625,0.00665283203125,0.0246429443359375,0.0213775634765625,0.0080413818359375
2530,0.48242158,0.47022066,0.5072325,0.4864006,0.46128744,0.023223876953125,0.0034885406494140625,0.0191650390625,0.04541015625,0.028106689453125
2531,0.47844687,0.48175615,0.48841584,0.5088497,0.505972,0.05572509765625,0.0927734375,0.054351806640625,0.0467529296875,0.0755615234375
2532,0.4292168,0.46912858,0.42566565,0.46387804,0.45505452,0.024932861328125,0.0167999267578125,0.0164947509765625,0.0162506103515625,0.0232696533203125
2533,0.4625603,0.48456314,0.4797797,0.492387,0.4827976,0.057342529296875,0.011871337890625,0.0226593017578125,0.05517578125,0.05853271484375
2536,0.45479164,0.4774461,0.4503819,0.48922026,0.48150787,0.04144287109375,0.00939178466796875,0.036163330078125,0.038238525390625,0.02117919921875
2539,0.55004925,0.56960404,0.5095303,0.5162988,0.5345693,0.062255859375,0.0706787109375,0.03369140625,0.03759765625,0.058258056640625
2540,0.4649331,0.47349992,0.46604663,0.514876,0.52301234,0.04949951171875,0.0147857666015625,0.0255126953125,0.047607421875,0.04730224609375
2541,0.47350794,0.485514,0.5002396,0.498495,0.4722189,0.053802490234375,0.0931396484375,0.06915283203125,0.024810791015625,0.0435791015625
2543,0.43317017,0.51242256,0.49005866,0.4989016,0.45832044,0.03619384765625,0.005054473876953125,0.034210205078125,0.035552978515625,0.04241943359375
2545,0.43704927,0.4884764,0.4387811,0.5105637,0.5036454,0.0828857421875,0.055999755859375,0.03338623046875,0.0806884765625,0.07427978515625
2546,0.44661063,0.46661365,0.46527112,0.48157445,0.46486294,0.058319091796875,0.00899505615234375,0.0263214111328125,0.05889892578125,0.05120849609375
2547,0.4396859,0.5034521,0.47078663,0.4854595,0.4696077,0.0655517578125,0.0053558349609375,0.031768798828125,0.0704345703125,0.056243896484375
2548,0.49230367,0.47042942,0.45484844,0.5218026,0.50177866,0.0406494140625,0.005451202392578125,0.004734039306640625,0.031494140625,0.0333251953125
2550,0.45838717,0.5320679,0.49129963,0.512898,0.49285862,0.026092529296875,0.0,0.0174713134765625,0.023529052734375,0.010406494140625
2552,0.49905294,0.54492927,0.54595625,0.53651005,0.52758646,0.024200439453125,0.02459716796875,0.0200042724609375,0.036834716796875,0.01349639892578125
2553,0.44913754,0.48290664,0.45885047,0.47719055,0.5047557,0.08160400390625,0.0148468017578125,0.041778564453125,0.050323486328125,0.05181884765625
2554,0.4351523,0.4448576,0.42701024,0.48358443,0.48905778,0.0782470703125,0.028076171875,0.039825439453125,0.06585693359375,0.1304931640625
2555,0.46079922,0.48839194,0.51585317,0.4637097,0.51061463,0.0771484375,0.08203125,0.07757568359375,0.06781005859375,0.09375
2556,0.45919636,0.47893575,0.46643397,0.47984487,0.46597153,0.0777587890625,0.0170135498046875,0.0229644775390625,0.05908203125,0.06781005859375
2557,0.52676684,0.538273,0.5562415,0.53857446,0.5568471,0.09674072265625,0.019927978515625,0.07122802734375,0.0806884765625,0.11895751953125
2558,0.5288436,0.5559464,0.5167497,0.5524496,0.49886936,0.05029296875,0.06475830078125,0.018280029296875,0.07696533203125,0.049072265625
2559,0.46618658,0.50445753,0.51150775,0.4860125,0.4692571,0.00722503662109375,0.04412841796875,0.0013895034790039062,0.0103912353515625,0.07080078125
2560,0.47965887,0.47639403,0.45590925,0.5089161,0.53302455,0.040924072265625,0.01345062255859375,0.019195556640625,0.034210205078125,0.0523681640625
2561,0.4249797,0.42568263,0.43812844,0.44557798,0.43522608,0.0169677734375,0.0137176513671875,0.01288604736328125,0.0249176025390625,0.061248779296875
2563,0.4936738,0.53407127,0.50961226,0.5486993,0.5386323,0.0277862548828125,0.09381103515625,0.022308349609375,0.042724609375,0.0555419921875
2564,0.45472488,0.49931884,0.5003231,0.4933197,0.49907613,0.04901123046875,0.04193115234375,0.032989501953125,0.0499267578125,0.0626220703125
2565,0.5477655,0.584359,0.5646026,0.5358954,0.5153449,0.07904052734375,0.11065673828125,0.08282470703125,0.0670166015625,0.0582275390625
2566,0.43584687,0.46313703,0.43734387,0.45514283,0.4253538,0.027496337890625,0.0621337890625,0.0005292892456054688,0.034271240234375,0.06646728515625
2567,0.46848392,0.52374446,0.49446225,0.49919674,0.47616792,0.028076171875,0.044830322265625,0.025390625,0.033416748046875,0.016815185546875
2568,0.5556804,0.57666874,0.5810686,0.6089827,0.5769874,0.062469482421875,0.03277587890625,0.05499267578125,0.045440673828125,0.0341796875
2569,0.55236304,0.5594306,0.56709373,0.5777266,0.58157396,0.053253173828125,0.057373046875,0.03277587890625,0.0357666015625,0.024078369140625
2571,0.50519216,0.5353942,0.4947543,0.5138543,0.5231112,0.019378662109375,0.0433349609375,0.01922607421875,0.03448486328125,0.041412353515625
2574,0.4907174,0.527019,0.5237615,0.5035254,0.49410424,0.051605224609375,0.0065460205078125,0.0455322265625,0.0496826171875,0.0296478271484375
2575,0.5131035,0.5310689,0.52487415,0.5199521,0.51528037,0.0506591796875,0.0133209228515625,0.028228759765625,0.05126953125,0.07696533203125
2576,0.49083877,0.48028165,0.5250647,0.5199846,0.54025334,0.06451416015625,0.028961181640625,0.04974365234375,0.056640625,0.051361083984375
2578,0.38891026,0.43101144,0.38934734,0.4436652,0.45578983,0.02325439453125,0.01971435546875,0.01373291015625,0.0090179443359375,0.03485107421875
2579,0.47001392,0.4800166,0.46842247,0.5230151,0.50824934,0.030303955078125,0.0005221366882324219,0.017120361328125,0.02996826171875,0.0477294921875
2580,0.53554857,0.5805504,0.60076576,0.60344446,0.56957394,0.0986328125,0.05303955078125,0.04034423828125,0.07861328125,0.10919189453125
2581,0.47674078,0.50433004,0.5265597,0.5140984,0.50219053,0.0908203125,0.0648193359375,0.026214599609375,0.09783935546875,0.1497802734375
2582,0.43935996,0.48905402,0.46146291,0.4703067,0.4981976,0.07220458984375,0.0295562744140625,0.0302886962890625,0.051116943359375,0.05682373046875
2584,0.46235538,0.50284266,0.4604041,0.49610555,0.5256734,0.04669189453125,0.029205322265625,0.03466796875,0.028106689453125,0.0216827392578125
2585,0.521994,0.5898491,0.578561,0.5723919,0.52417886,0.059844970703125,0.053802490234375,0.0389404296875,0.05645751953125,0.07440185546875
2586,0.5361481,0.5195217,0.52388424,0.5558265,0.54019976,0.09002685546875,0.03216552734375,0.04534912109375,0.08123779296875,0.0794677734375
2587,0.47001684,0.4840609,0.46605265,0.46967584,0.42349213,0.0457763671875,0.059295654296875,0.034576416015625,0.052978515625,0.05499267578125
2588,0.4817462,0.5335783,0.5042105,0.5304309,0.51188326,0.06146240234375,0.0217437744140625,0.037506103515625,0.0634765625,0.051605224609375
2590,0.4280025,0.49687994,0.5017759,0.47640887,0.46355778,0.080322265625,0.052398681640625,0.0377197265625,0.066650390625,0.09271240234375
2592,0.489995,0.5341524,0.51218146,0.4949848,0.5177493,0.11285400390625,0.1484375,0.09234619140625,0.0855712890625,0.1014404296875
2594,0.50620246,0.5305096,0.5287534,0.5459521,0.5633885,0.03887939453125,0.055328369140625,0.050048828125,0.03009033203125,0.0457763671875
2595,0.5223494,0.5476986,0.5077096,0.5546713,0.53640246,0.036865234375,0.021270751953125,0.049072265625,0.037872314453125,0.01641845703125
2596,0.43868628,0.46899372,0.4535398,0.46857426,0.48218268,0.02734375,0.007625579833984375,0.0245361328125,0.02288818359375,0.01349639892578125
2598,0.51359284,0.5895121,0.53733015,0.546684,0.5352763,0.040496826171875,0.09588623046875,0.0389404296875,0.0472412109375,0.0677490234375
2599,0.48395693,0.51891404,0.5113914,0.5533619,0.5378957,0.0222320556640625,0.0025615692138671875,0.0186614990234375,0.0211639404296875,0.04388427734375
2601,0.4340155,0.48998523,0.47429886,0.4916551,0.44479296,0.033935546875,0.06689453125,0.057403564453125,0.03338623046875,0.03759765625
2602,0.5085358,0.5314281,0.51903224,0.57144797,0.5174699,0.04412841796875,0.093994140625,0.043304443359375,0.037567138671875,0.08062744140625
2604,0.5100502,0.54173577,0.5411448,0.5259672,0.5430468,0.09832763671875,0.06591796875,0.07940673828125,0.0458984375,0.0648193359375
2605,0.51312625,0.5392313,0.495232,0.51853085,0.5327776,0.04974365234375,0.02362060546875,0.0285186767578125,0.027618408203125,0.0139617919921875
2606,0.4869898,0.483011,0.52030414,0.49734646,0.50903493,0.035186767578125,0.03375244140625,0.02191162109375,0.04656982421875,0.031005859375
2607,0.48296,0.5012844,0.5095235,0.52974445,0.53407633,0.061248779296875,0.01009368896484375,0.0269317626953125,0.058441162109375,0.11962890625
2608,0.4712969,0.47039014,0.4551104,0.48370117,0.5017533,0.0623779296875,0.00962066650390625,0.0333251953125,0.05645751953125,0.0843505859375
2609,0.4833856,0.50248194,0.52329135,0.4781462,0.48418474,0.0758056640625,0.0953369140625,0.1019287109375,0.0750732421875,0.1063232421875
2610,0.3928061,0.44328758,0.4372651,0.41147584,0.4109988,0.0570068359375,0.080322265625,0.026763916015625,0.05316162109375,0.0904541015625
2611,0.46054685,0.5105576,0.50809145,0.49054763,0.5281222,0.041748046875,0.040985107421875,0.0411376953125,0.050933837890625,0.054229736328125
2612,0.47271684,0.44028127,0.45722008,0.5132381,0.4930995,0.02764892578125,0.0760498046875,0.05560302734375,0.03961181640625,0.02386474609375
2613,0.41414198,0.4570245,0.43608588,0.44192952,0.43809694,0.0255126953125,0.0714111328125,0.0305023193359375,0.040313720703125,0.023773193359375
2614,0.49813265,0.531605,0.52070844,0.5027876,0.49477997,0.05206298828125,0.051055908203125,0.03936767578125,0.0440673828125,0.068359375
2615,0.46630666,0.50247127,0.5008451,0.5120584,0.50723404,0.07794189453125,0.03997802734375,0.02911376953125,0.07427978515625,0.11663818359375
2616,0.46232843,0.48667592,0.50054884,0.48911703,0.47572196,0.02978515625,0.037200927734375,0.041168212890625,0.021575927734375,0.03582763671875
2617,0.47180763,0.50027096,0.47082973,0.4649841,0.4713659,0.0345458984375,0.0302276611328125,0.07647705078125,0.03564453125,0.0280914306640625
2618,0.535868,0.56726867,0.5417756,0.5664014,0.5780355,0.092041015625,0.0546875,0.04180908203125,0.092041015625,0.09234619140625
2619,0.42574447,0.46799433,0.43241656,0.46654925,0.45867133,0.01065826416015625,0.0092926025390625,0.00856781005859375,0.006443023681640625,0.045562744140625
2621,0.43121827,0.50970995,0.496363,0.4757663,0.4354897,0.024810791015625,0.0081939697265625,0.023773193359375,0.0230712890625,0.0112762451171875
2623,0.45511502,0.5156839,0.516987,0.47111034,0.47341377,0.037689208984375,0.044036865234375,0.0224456787109375,0.034912109375,0.0721435546875
2624,0.48803604,0.52443707,0.5489662,0.53948534,0.5176041,0.03131103515625,0.0253753662109375,0.038909912109375,0.029815673828125,0.07861328125
2626,0.44010705,0.45722854,0.45576382,0.52524436,0.5248098,0.036407470703125,0.017791748046875,0.0487060546875,0.0298004150390625,0.0540771484375
2627,0.501021,0.5391718,0.4807859,0.5729714,0.5284263,0.02838134765625,0.0,0.01529693603515625,0.028076171875,0.0173797607421875
2628,0.5315399,0.53927386,0.5535737,0.5548524,0.54922783,0.0736083984375,0.0718994140625,0.07269287109375,0.0648193359375,0.1026611328125
2629,0.46518674,0.5280262,0.52582365,0.5161579,0.45179656,0.0628662109375,0.06158447265625,0.04217529296875,0.062744140625,0.06903076171875
2630,0.46038413,0.4870824,0.49624053,0.4989373,0.4743137,0.029571533203125,0.01427459716796875,0.024444580078125,0.04046630859375,0.041351318359375
2631,0.4674496,0.48833495,0.44481814,0.45083094,0.4219187,0.023773193359375,0.0004124641418457031,0.01552581787109375,0.018951416015625,0.0279083251953125
2632,0.44094583,0.49452502,0.4576106,0.46941754,0.46371302,0.044281005859375,0.0870361328125,0.04107666015625,0.044921875,0.032745361328125
2633,0.5182636,0.53107786,0.548641,0.510935,0.48764694,0.0809326171875,0.03814697265625,0.04705810546875,0.06121826171875,0.058807373046875
2634,0.4695881,0.51100415,0.47408843,0.49701765,0.48907858,0.059600830078125,0.0110931396484375,0.0242919921875,0.055633544921875,0.11029052734375
2636,0.52993506,0.55559224,0.57702893,0.5503044,0.5468203,0.043914794921875,0.1002197265625,0.0482177734375,0.0478515625,0.041015625
2637,0.52698416,0.5276957,0.5367624,0.5523893,0.5084358,0.09906005859375,0.103759765625,0.06744384765625,0.1009521484375,0.0982666015625
2638,0.50082576,0.51899827,0.52421397,0.53212935,0.563238,0.06036376953125,0.0036678314208984375,0.035980224609375,0.05535888671875,0.10205078125
2640,0.5206676,0.51802015,0.52883744,0.55702645,0.5297497,0.04913330078125,0.0372314453125,0.058013916015625,0.02642822265625,0.06427001953125
2642,0.4567263,0.5095969,0.5192352,0.48419875,0.4687581,0.04052734375,0.0751953125,0.0772705078125,0.04022216796875,0.054351806640625
2644,0.50780356,0.55849206,0.5142991,0.5008384,0.5027715,0.049102783203125,0.098388671875,0.042999267578125,0.035430908203125,0.057464599609375
2645,0.48281538,0.5108793,0.50837696,0.50762707,0.5031212,0.1082763671875,0.05291748046875,0.03961181640625,0.10400390625,0.098876953125
2646,0.50588775,0.5139774,0.49239868,0.512408,0.50931025,0.107421875,0.032440185546875,0.06085205078125,0.103515625,0.08978271484375
2647,0.52630275,0.54770255,0.5458014,0.47798762,0.4974856,0.045623779296875,0.0692138671875,0.04986572265625,0.0491943359375,0.057861328125
2648,0.49697462,0.52885205,0.5230497,0.5308668,0.5248124,0.07928466796875,0.0611572265625,0.04248046875,0.0792236328125,0.11590576171875
2649,0.45429772,0.4391393,0.44130984,0.4850552,0.5242708,0.097412109375,0.01490020751953125,0.039794921875,0.0892333984375,0.1505126953125
2651,0.5202323,0.5463947,0.5332067,0.5543753,0.55872244,0.04833984375,0.048828125,0.057861328125,0.0484619140625,0.08258056640625
2652,0.46969914,0.54994774,0.5159449,0.50087965,0.49806815,0.0723876953125,0.0947265625,0.047271728515625,0.0638427734375,0.08172607421875
2655,0.4754293,0.49149328,0.45911378,0.5200947,0.4683053,0.0787353515625,0.05975341796875,0.031585693359375,0.041778564453125,0.05255126953125
2659,0.4809481,0.50020164,0.4991687,0.5026512,0.5101143,0.094482421875,0.06719970703125,0.03497314453125,0.08740234375,0.09686279296875
2660,0.52758723,0.55179465,0.55164677,0.5578732,0.54949474,0.0745849609375,0.106201171875,0.0755615234375,0.0662841796875,0.05133056640625
2661,0.4749429,0.51007384,0.46925125,0.4952442,0.511606,0.042510986328125,0.034149169921875,0.022125244140625,0.04119873046875,0.08935546875
2662,0.4669532,0.47438025,0.45426586,0.4955729,0.47816408,0.0377197265625,0.04864501953125,0.056488037109375,0.0521240234375,0.06182861328125
2663,0.48543718,0.49557084,0.5008282,0.5550931,0.48610243,0.06451416015625,0.02130126953125,0.03265380859375,0.05560302734375,0.1031494140625
2665,0.47610804,0.4830097,0.50458723,0.5062491,0.5035322,0.03668212890625,0.00328826904296875,0.03936767578125,0.037322998046875,0.0124359130859375
2667,0.5407753,0.5618544,0.55580676,0.56281424,0.54301333,0.0318603515625,0.022247314453125,0.022003173828125,0.024139404296875,0.016754150390625
2668,0.50470686,0.52827024,0.5545789,0.515661,0.5286528,0.091064453125,0.08380126953125,0.0682373046875,0.0882568359375,0.11785888671875
2669,0.54249644,0.5092698,0.50145894,0.5428847,0.5468571,0.029052734375,0.0006055831909179688,0.018463134765625,0.0263519287109375,0.03009033203125
2670,0.4959355,0.5404169,0.5699452,0.5096375,0.49152043,0.1181640625,0.185302734375,0.185791015625,0.1043701171875,0.104736328125
2671,0.5048898,0.51286113,0.53171563,0.51502323,0.53585565,0.01184844970703125,0.014373779296875,0.0122833251953125,0.01021575927734375,0.0115814208984375
2672,0.4231193,0.4438583,0.4321757,0.46266252,0.4503739,0.0217437744140625,0.00849151611328125,0.02996826171875,0.022308349609375,0.003421783447265625
2673,0.48574668,0.505362,0.49155688,0.5089627,0.5214057,0.0308685302734375,0.01027679443359375,0.03900146484375,0.023193359375,0.033447265625
2674,0.51438665,0.5237269,0.53715,0.49497432,0.4633865,0.04754638671875,0.003322601318359375,0.0300140380859375,0.051849365234375,0.026763916015625
2675,0.5635959,0.5952034,0.57433605,0.54726994,0.5396598,0.07855224609375,0.0802001953125,0.06085205078125,0.042877197265625,0.08575439453125
2677,0.47078124,0.47279733,0.47916365,0.4712872,0.47410956,0.026611328125,0.02130126953125,0.052398681640625,0.0218353271484375,0.05419921875
2678,0.4536538,0.49193287,0.47855633,0.50261885,0.46087998,0.0673828125,0.039886474609375,0.033447265625,0.084716796875,0.099365234375
2679,0.48302284,0.52481586,0.45173237,0.51109856,0.5227896,0.0457763671875,0.0269775390625,0.0360107421875,0.0234375,0.019805908203125
2680,0.5367177,0.57937616,0.5512636,0.55579406,0.5743532,0.0220947265625,0.067626953125,0.0277862548828125,0.0220794677734375,0.04779052734375
2681,0.5092422,0.5263501,0.50483936,0.5489056,0.5137682,0.0706787109375,0.049041748046875,0.0697021484375,0.061065673828125,0.06329345703125
2682,0.42978513,0.4630248,0.43043858,0.4591574,0.50232327,0.0289459228515625,0.0081634521484375,0.022674560546875,0.0240325927734375,0.043731689453125
2683,0.48234168,0.49445206,0.47422108,0.49444783,0.5125153,0.0631103515625,0.116455078125,0.05169677734375,0.0584716796875,0.10162353515625
2684,0.49926108,0.5125134,0.5194877,0.53495216,0.53038085,0.0207366943359375,0.0047760009765625,0.0160980224609375,0.0201416015625,0.089599609375
2686,0.4749384,0.5045886,0.53184164,0.47004843,0.46894732,0.0859375,0.05645751953125,0.06536865234375,0.05877685546875,0.0408935546875
2687,0.543404,0.5699371,0.5686761,0.53015906,0.50833786,0.0545654296875,0.0250396728515625,0.0472412109375,0.05853271484375,0.0477294921875
2688,0.44755918,0.44811797,0.41124618,0.44829065,0.44695598,0.037109375,0.008575439453125,0.00615692138671875,0.0367431640625,0.045318603515625
2694,0.47473165,0.510934,0.48806268,0.5034107,0.5162554,0.0477294921875,0.03753662109375,0.0193939208984375,0.045013427734375,0.056732177734375
2695,0.51870775,0.5307189,0.5334428,0.51316255,0.49634278,0.06036376953125,0.045989990234375,0.06683349609375,0.0212249755859375,0.0246124267578125
2696,0.51610917,0.56925476,0.51834667,0.572996,0.56293875,0.03472900390625,0.10040283203125,0.037506103515625,0.052581787109375,0.0679931640625
2697,0.44652203,0.46250674,0.47035754,0.48517656,0.47078216,0.03253173828125,0.0205535888671875,0.03375244140625,0.025970458984375,0.0304718017578125
2698,0.4852901,0.52118605,0.52437043,0.53413874,0.50075936,0.05377197265625,0.03839111328125,0.048553466796875,0.039154052734375,0.041046142578125
2699,0.51840466,0.5239984,0.48983958,0.54612637,0.5482158,0.03125,0.0009522438049316406,0.023590087890625,0.0252685546875,0.00530242919921875
2700,0.48193502,0.5037605,0.5027869,0.48877758,0.5017867,0.0625,0.078857421875,0.0268402099609375,0.060516357421875,0.08770751953125
2701,0.50891215,0.54289556,0.52775973,0.56934667,0.5406667,0.04229736328125,0.00957489013671875,0.035919189453125,0.03802490234375,0.0232391357421875
2703,0.4416175,0.46019328,0.42322338,0.4707569,0.43005505,0.04180908203125,0.0173797607421875,0.037994384765625,0.05133056640625,0.06256103515625
2704,0.39383128,0.4579233,0.3962638,0.4625579,0.46737432,0.019744873046875,0.0,0.03564453125,0.01641845703125,0.040130615234375
2705,0.5382065,0.5579917,0.52707183,0.562462,0.5453887,0.087646484375,0.004917144775390625,0.039031982421875,0.083984375,0.142333984375
2706,0.45468223,0.471864,0.45412496,0.4966796,0.48384243,0.0199737548828125,0.0016832351684570312,0.018951416015625,0.023284912109375,0.0055389404296875
2708,0.4580608,0.5180508,0.501041,0.5002551,0.48755616,0.05450439453125,0.058013916015625,0.050750732421875,0.044952392578125,0.06195068359375
2710,0.47857788,0.55124485,0.53700674,0.5297916,0.5053277,0.0294342041015625,0.0364990234375,0.029296875,0.0240631103515625,0.0009431838989257812
2711,0.45533636,0.47744682,0.45980427,0.46716315,0.4491849,0.03643798828125,0.06146240234375,0.036346435546875,0.045379638671875,0.05419921875
2713,0.48762798,0.5442692,0.527447,0.5240707,0.50572586,0.03009033203125,0.0114593505859375,0.03106689453125,0.017242431640625,0.03631591796875
2715,0.44288003,0.46989143,0.44520852,0.44587183,0.44467455,0.0279693603515625,0.034942626953125,0.068115234375,0.0242462158203125,0.041046142578125
2716,0.47198072,0.49233437,0.46731547,0.48335543,0.5180263,0.036376953125,0.02069091796875,0.041839599609375,0.0296630859375,0.018310546875
2717,0.41657555,0.42946714,0.41219655,0.46006405,0.46493703,0.0295562744140625,0.03240966796875,0.0167236328125,0.0251922607421875,0.04010009765625
2718,0.38916117,0.4447441,0.41381708,0.42607513,0.44767508,0.0361328125,0.01458740234375,0.0297393798828125,0.025634765625,0.01788330078125
2719,0.5439025,0.59216756,0.56154186,0.5758864,0.57518196,0.057769775390625,0.0303497314453125,0.0904541015625,0.05670166015625,0.05902099609375
2720,0.51725507,0.5331914,0.5293218,0.5720729,0.55000263,0.07598876953125,0.06591796875,0.036529541015625,0.051513671875,0.0479736328125
2721,0.4328132,0.4885501,0.503667,0.48625678,0.44306654,0.051300048828125,0.00644683837890625,0.011322021484375,0.046966552734375,0.05029296875
2722,0.47525513,0.515722,0.47475183,0.51510525,0.46765864,0.05950927734375,0.05023193359375,0.042236328125,0.03564453125,0.06903076171875
2723,0.4555141,0.48154595,0.4641366,0.5397926,0.49238563,0.042388916015625,0.0038776397705078125,0.02703857421875,0.05474853515625,0.030242919921875
2724,0.4617722,0.4972397,0.45494393,0.47187212,0.4712985,0.06146240234375,0.04180908203125,0.0440673828125,0.07635498046875,0.09033203125
2725,0.47540453,0.4820251,0.45468426,0.50043154,0.46716854,0.044921875,0.034210205078125,0.0694580078125,0.050140380859375,0.02911376953125
2726,0.51348305,0.4990918,0.49194866,0.5498905,0.53617406,0.1092529296875,0.07086181640625,0.0582275390625,0.08416748046875,0.1229248046875
2727,0.4916163,0.48812217,0.49239808,0.50393534,0.57059395,0.061370849609375,0.059967041015625,0.05438232421875,0.057098388671875,0.11968994140625
2728,0.4978758,0.48304078,0.47423726,0.47575623,0.4934084,0.019012451171875,0.006847381591796875,0.01959228515625,0.021697998046875,0.01198577880859375
2729,0.45972925,0.496612,0.4906038,0.47051308,0.47519517,0.0528564453125,0.0,0.01507568359375,0.055206298828125,0.07330322265625
2731,0.47126207,0.51472265,0.46591026,0.5260912,0.5001487,0.0200958251953125,0.040924072265625,0.0199432373046875,0.0198822021484375,0.035400390625
2732,0.5189332,0.5580652,0.50496405,0.49223867,0.48803753,0.035491943359375,0.001617431640625,0.011993408203125,0.034881591796875,0.0419921875
2733,0.48316,0.49727914,0.48489088,0.5199279,0.51177657,0.0802001953125,0.1103515625,0.059814453125,0.03826904296875,0.06219482421875
2735,0.47175038,0.5223267,0.49573,0.52089584,0.5288867,0.042724609375,0.04083251953125,0.043670654296875,0.046875,0.029510498046875
2737,0.47050714,0.4777462,0.51002586,0.52219117,0.4961775,0.052978515625,0.04266357421875,0.03057861328125,0.0556640625,0.07061767578125
2738,0.48262185,0.54559183,0.48503014,0.5253215,0.48807693,0.04541015625,0.1055908203125,0.04522705078125,0.043701171875,0.14013671875
2739,0.5263629,0.5672531,0.56464046,0.57116336,0.5394412,0.04010009765625,0.053314208984375,0.0159149169921875,0.065673828125,0.031097412109375
2740,0.42973006,0.50975686,0.47666672,0.47790146,0.45127785,0.08544921875,0.0391845703125,0.032684326171875,0.1126708984375,0.12078857421875
2741,0.389367,0.4611929,0.44461307,0.4420309,0.425154,0.01216888427734375,0.030059814453125,0.0090179443359375,0.0173797607421875,0.026458740234375
2742,0.43011668,0.48799622,0.47398525,0.45618623,0.4266305,0.013763427734375,0.04559326171875,0.01485443115234375,0.0191497802734375,0.0267486572265625
2743,0.39833295,0.4621432,0.39467958,0.42981547,0.44578788,0.015167236328125,0.003017425537109375,0.014373779296875,0.0128631591796875,0.04083251953125
2744,0.48930836,0.50757456,0.517182,0.4825133,0.481456,0.04803466796875,0.003261566162109375,0.042266845703125,0.04681396484375,0.0247344970703125
2745,0.52218175,0.5908919,0.5845375,0.568958,0.5710364,0.0943603515625,0.15673828125,0.104736328125,0.08636474609375,0.1278076171875
2747,0.48981535,0.49633658,0.5330692,0.486907,0.47807607,0.0220489501953125,0.052947998046875,0.014892578125,0.01311492919921875,0.0088043212890625
2748,0.4957711,0.55209565,0.5253043,0.53307515,0.52179193,0.020660400390625,0.07330322265625,0.0206146240234375,0.038970947265625,0.0374755859375
2749,0.4976382,0.5352725,0.54599607,0.52896315,0.5018461,0.053802490234375,0.0677490234375,0.0760498046875,0.048583984375,0.08233642578125
2750,0.46152827,0.48935813,0.4834345,0.50070953,0.4695445,0.100830078125,0.0615234375,0.06097412109375,0.0850830078125,0.1527099609375
2751,0.513659,0.5191803,0.51743495,0.5304295,0.54497623,0.1060791015625,0.08526611328125,0.03192138671875,0.064697265625,0.1331787109375
2752,0.53464025,0.55532,0.52882904,0.56356347,0.55415493,0.0233154296875,0.0160980224609375,0.0265350341796875,0.0194244384765625,0.045928955078125
2753,0.47078705,0.45813978,0.46085936,0.4960738,0.4584721,0.025054931640625,0.007518768310546875,0.0218658447265625,0.023712158203125,0.0390625
2754,0.48459834,0.5364156,0.50923,0.49412364,0.47431618,0.01299285888671875,0.11895751953125,0.0740966796875,0.0125732421875,0.061126708984375
2755,0.5257288,0.5111772,0.5139344,0.57705563,0.54694694,0.056304931640625,0.040252685546875,0.05401611328125,0.04620361328125,0.041290283203125
2756,0.48121262,0.5171877,0.48333973,0.48121125,0.4411766,0.070068359375,0.058837890625,0.049163818359375,0.0677490234375,0.08758544921875
2757,0.538615,0.5916797,0.56554,0.5555718,0.56815094,0.041351318359375,0.048736572265625,0.043212890625,0.03515625,0.059661865234375
2758,0.50529975,0.5203072,0.5409735,0.5466498,0.5429942,0.0770263671875,0.0418701171875,0.050262451171875,0.12237548828125,0.061920166015625
2759,0.47027862,0.51282036,0.49444503,0.473066,0.4678414,0.037628173828125,0.09124755859375,0.0296478271484375,0.060821533203125,0.07879638671875
2760,0.48406246,0.5398225,0.5426547,0.55254257,0.5452938,0.08551025390625,0.061981201171875,0.046661376953125,0.10430908203125,0.06298828125
2761,0.5097558,0.53728354,0.5574454,0.54828644,0.5147937,0.047760009765625,0.0021648406982421875,0.025146484375,0.045166015625,0.046539306640625
2762,0.54295105,0.5464214,0.5095245,0.53513885,0.54635173,0.05120849609375,0.02813720703125,0.04937744140625,0.038726806640625,0.026214599609375
2763,0.46454167,0.48297766,0.4664276,0.48326397,0.48781526,0.029815673828125,0.005214691162109375,0.0240631103515625,0.02801513671875,0.010162353515625
2764,0.48061293,0.5037565,0.47771466,0.5035816,0.5018546,0.040435791015625,0.06341552734375,0.0657958984375,0.025848388671875,0.01148223876953125
2765,0.5166104,0.5705105,0.5421775,0.51155424,0.5190856,0.038909912109375,0.07098388671875,0.035888671875,0.03240966796875,0.06103515625
2766,0.43420953,0.4472291,0.50999707,0.49094802,0.48456997,0.02508544921875,0.041046142578125,0.025238037109375,0.02020263671875,0.034820556640625
2768,0.44825894,0.5265574,0.47783613,0.4683381,0.46361604,0.09210205078125,0.1141357421875,0.05499267578125,0.1104736328125,0.092041015625
2770,0.4869174,0.52220345,0.53299105,0.49059576,0.5187508,0.0655517578125,0.00138092041015625,0.034820556640625,0.06365966796875,0.04669189453125
2771,0.489457,0.53144413,0.51882106,0.52304786,0.4972074,0.051513671875,0.0,0.01110076904296875,0.05340576171875,0.07318115234375
2772,0.4866038,0.5308207,0.5011359,0.5228013,0.5196587,0.02197265625,0.0285186767578125,0.019073486328125,0.022613525390625,0.03662109375
2773,0.4485511,0.49550372,0.45465076,0.49485627,0.45699587,0.0450439453125,0.07452392578125,0.02459716796875,0.0555419921875,0.05059814453125
2774,0.5047832,0.5069663,0.5138183,0.51764953,0.49419436,0.050262451171875,0.0024967193603515625,0.0224456787109375,0.047454833984375,0.047576904296875
2775,0.5022329,0.55026037,0.4974661,0.55455154,0.54639393,0.05279541015625,0.08660888671875,0.0293731689453125,0.052734375,0.11383056640625
2776,0.40553677,0.43339068,0.42651686,0.42721665,0.4154915,0.033233642578125,0.04974365234375,0.032623291015625,0.0384521484375,0.044830322265625
2777,0.4707622,0.50141627,0.4917528,0.51215065,0.5047972,0.0201263427734375,0.00376129150390625,0.01666259765625,0.018157958984375,0.00948333740234375
2778,0.47716182,0.4810573,0.46003926,0.49453214,0.48411906,0.01025390625,0.0241546630859375,0.0097503662109375,0.0096893310546875,0.0217742919921875
2779,0.4953608,0.5246915,0.5445133,0.50952065,0.5106877,0.0693359375,0.0697021484375,0.04486083984375,0.060089111328125,0.0887451171875
2780,0.41132748,0.47725123,0.46055412,0.4331408,0.43083045,0.03173828125,0.01308441162109375,0.039215087890625,0.0221710205078125,0.01763916015625
2781,0.43934637,0.4820915,0.44519663,0.51654077,0.47033915,0.023834228515625,0.00714874267578125,0.0203857421875,0.02349853515625,0.00873565673828125
2783,0.5174807,0.5376148,0.5267994,0.5456439,0.52300215,0.046600341796875,0.0017023086547851562,0.0176239013671875,0.03485107421875,0.037811279296875
2784,0.47260684,0.52903455,0.50841856,0.49111283,0.4826829,0.07037353515625,0.118408203125,0.0565185546875,0.07177734375,0.12408447265625
2785,0.51494944,0.5067105,0.49367553,0.5270388,0.49388707,0.050384521484375,0.006317138671875,0.023101806640625,0.049713134765625,0.1015625
2787,0.46559393,0.48168096,0.45536286,0.47573686,0.48402405,0.03204345703125,0.0889892578125,0.07232666015625,0.038818359375,0.043487548828125
2788,0.4835147,0.48186994,0.4953897,0.5025768,0.5054596,0.028167724609375,0.0110626220703125,0.008697509765625,0.0228424072265625,0.0328369140625
2790,0.4928575,0.4901799,0.52441615,0.52499163,0.5179049,0.1119384765625,0.0140533447265625,0.0589599609375,0.105712890625,0.1534423828125
2792,0.4372941,0.4891744,0.46741673,0.44995332,0.4546964,0.0689697265625,0.07073974609375,0.0743408203125,0.028961181640625,0.0692138671875
2794,0.4863627,0.53253216,0.50320214,0.509055,0.5031111,0.06060791015625,0.06390380859375,0.024139404296875,0.0631103515625,0.08203125
2795,0.509053,0.56548303,0.5750968,0.5306871,0.5290779,0.05780029296875,0.033966064453125,0.0394287109375,0.058197021484375,0.0650634765625
2797,0.4652335,0.51749754,0.47952497,0.48637593,0.5353536,0.026824951171875,0.09710693359375,0.029693603515625,0.04034423828125,0.040985107421875
2798,0.49663207,0.5498914,0.5541247,0.52669376,0.50273633,0.066162109375,0.052886962890625,0.0697021484375,0.0291748046875,0.0223846435546875
2799,0.50299346,0.49398547,0.5011406,0.527466,0.5126257,0.073486328125,0.0880126953125,0.043609619140625,0.060546875,0.142333984375
2800,0.5552783,0.5781356,0.56668955,0.5905897,0.5501229,0.0406494140625,0.03204345703125,0.0296630859375,0.037109375,0.021484375
2801,0.46740037,0.4776208,0.49092555,0.4718481,0.5068027,0.0435791015625,0.0186767578125,0.0186309814453125,0.04541015625,0.044189453125
2802,0.45623097,0.49861407,0.49122792,0.4773673,0.43236184,0.022705078125,0.0160980224609375,0.01873779296875,0.0302734375,0.041900634765625
2803,0.45426422,0.48639232,0.48022318,0.48819447,0.45340452,0.093994140625,0.1124267578125,0.07354736328125,0.06549072265625,0.08135986328125
2804,0.44403836,0.45795763,0.443069,0.47920173,0.44947907,0.017547607421875,3.331899642944336e-05,0.0151214599609375,0.0177001953125,0.0106201171875
2806,0.4765942,0.519916,0.49030676,0.47396955,0.48455638,0.0102996826171875,0.038238525390625,0.01128387451171875,0.0108184814453125,0.0029850006103515625
2807,0.53369504,0.5834955,0.53183925,0.5535668,0.5343426,0.04443359375,0.079833984375,0.045135498046875,0.0340576171875,0.043792724609375
2809,0.50399953,0.5756215,0.50960934,0.5650991,0.5205076,0.0228118896484375,0.11407470703125,0.00804901123046875,0.054962158203125,0.0709228515625
2811,0.53200257,0.5567878,0.5487083,0.5321094,0.5122396,0.06243896484375,0.08953857421875,0.07806396484375,0.04241943359375,0.06243896484375
2812,0.55032426,0.6044832,0.57930654,0.5893839,0.54864717,0.04156494140625,0.08990478515625,0.031707763671875,0.032440185546875,0.0546875
2813,0.45764798,0.5151136,0.50074977,0.4988463,0.5216615,0.0430908203125,0.04364013671875,0.0253753662109375,0.03643798828125,0.07855224609375
2815,0.46112537,0.49571368,0.47685826,0.48158407,0.46904016,0.039825439453125,0.022979736328125,0.0313720703125,0.030792236328125,0.0260162353515625
2816,0.4503335,0.4877598,0.47675303,0.46499386,0.46518615,0.040008544921875,0.01739501953125,0.0439453125,0.030120849609375,0.021881103515625
2817,0.5441514,0.5790766,0.5778856,0.5713016,0.5053096,0.067138671875,0.0,0.021697998046875,0.06427001953125,0.05853271484375
2818,0.51878846,0.5081907,0.5378204,0.53475595,0.5352177,0.025604248046875,0.048004150390625,0.0518798828125,0.028411865234375,0.1436767578125
2820,0.5375634,0.5317769,0.50669146,0.5466212,0.5335418,0.1021728515625,0.056884765625,0.0699462890625,0.09930419921875,0.1495361328125
2821,0.5246637,0.54190403,0.5678035,0.52551836,0.527298,0.0662841796875,0.04119873046875,0.014862060546875,0.06781005859375,0.119140625
2823,0.4527934,0.4682947,0.45451963,0.46342915,0.46414876,0.0511474609375,0.037017822265625,0.035247802734375,0.032257080078125,0.03350830078125
2824,0.4710682,0.48904216,0.49652433,0.4980104,0.50791526,0.0921630859375,0.04205322265625,0.04669189453125,0.0865478515625,0.116455078125
2825,0.53960526,0.5632825,0.56127644,0.561664,0.56084806,0.109619140625,0.039337158203125,0.0159912109375,0.10516357421875,0.135498046875
2827,0.45125037,0.49465233,0.4798518,0.4556303,0.46680564,0.0950927734375,0.13232421875,0.10101318359375,0.09161376953125,0.090576171875
2830,0.5087577,0.48322594,0.52839994,0.5262411,0.535094,0.027252197265625,0.038055419921875,0.020904541015625,0.024078369140625,0.1396484375
2831,0.5205161,0.5656448,0.53923136,0.5408199,0.49528104,0.053802490234375,0.110107421875,0.060302734375,0.0643310546875,0.043609619140625
2832,0.51372397,0.52586794,0.5750321,0.57046306,0.54845,0.09881591796875,0.0478515625,0.1036376953125,0.07635498046875,0.10125732421875
2833,0.4453025,0.49503025,0.49681154,0.5274407,0.48940748,0.051483154296875,0.03057861328125,0.0272979736328125,0.05523681640625,0.0738525390625
2835,0.4880653,0.5177075,0.4732238,0.5291982,0.53130144,0.0557861328125,0.0207672119140625,0.0180206298828125,0.041168212890625,0.05401611328125
2837,0.47604185,0.51192003,0.47496432,0.47673464,0.5080589,0.02557373046875,0.0567626953125,0.02154541015625,0.038604736328125,0.0129852294921875
2838,0.48386493,0.48475742,0.5161311,0.53879344,0.5203497,0.0775146484375,0.0005860328674316406,0.01837158203125,0.0787353515625,0.09674072265625
2839,0.43192986,0.5156981,0.45967376,0.48617086,0.45433962,0.05853271484375,0.0780029296875,0.028076171875,0.057861328125,0.09332275390625
2840,0.4921285,0.53247905,0.49197662,0.50647813,0.50029135,0.06890869140625,0.1258544921875,0.0662841796875,0.053466796875,0.09979248046875
2841,0.49322414,0.5575062,0.51524705,0.5232787,0.54048586,0.0704345703125,0.0079345703125,0.02618408203125,0.07000732421875,0.0675048828125
2842,0.45227832,0.52109444,0.5276344,0.49626642,0.48043683,0.035980224609375,0.0124053955078125,0.0172271728515625,0.04486083984375,0.054412841796875
2845,0.46101642,0.49905574,0.53438616,0.5087485,0.47992942,0.0546875,0.038970947265625,0.020751953125,0.057464599609375,0.078369140625
2846,0.50971234,0.54824626,0.56274474,0.5498538,0.5150198,0.0582275390625,0.086181640625,0.10302734375,0.060577392578125,0.07122802734375
2849,0.4943267,0.4804831,0.49709576,0.48081407,0.50448215,0.039459228515625,0.005084991455078125,0.0192108154296875,0.0323486328125,0.033599853515625
2850,0.53031677,0.513642,0.530913,0.4930793,0.5327044,0.00992584228515625,0.01442718505859375,0.01033782958984375,0.0016222000122070312,0.0104217529296875
2851,0.4400309,0.48602444,0.48399085,0.48480356,0.4797964,0.020355224609375,0.0013017654418945312,0.0217437744140625,0.0211029052734375,0.0089874267578125
2852,0.43076423,0.46380997,0.465111,0.45400405,0.4781737,0.01788330078125,0.06317138671875,0.01702880859375,0.0121917724609375,0.0186920166015625
2853,0.48047236,0.51708263,0.49847162,0.50757176,0.4949034,0.04034423828125,0.08984375,0.0259246826171875,0.03704833984375,0.036529541015625
2856,0.52216643,0.53229433,0.50818557,0.53552735,0.521351,0.0570068359375,0.044525146484375,0.029296875,0.06695556640625,0.09521484375
2857,0.48153916,0.4858674,0.46771544,0.4823484,0.439552,0.02520751953125,0.035369873046875,0.034576416015625,0.0478515625,0.01262664794921875
2858,0.50244755,0.5331132,0.5465156,0.51936865,0.53804016,0.004596710205078125,0.038177490234375,0.0018491744995117188,0.0266265869140625,0.0013551712036132812
2859,0.51302737,0.54596287,0.5226912,0.5364692,0.5254468,0.081787109375,0.096923828125,0.056854248046875,0.07733154296875,0.1363525390625
2860,0.4654978,0.49444526,0.48280987,0.5082466,0.4893431,0.027313232421875,0.00988006591796875,0.02508544921875,0.022674560546875,0.03802490234375
2861,0.52507734,0.5500063,0.5623249,0.5600081,0.5175595,0.055877685546875,0.03515625,0.02813720703125,0.062744140625,0.044219970703125
2862,0.48544914,0.5533172,0.53336275,0.5350294,0.5018497,0.0093841552734375,0.0,0.0,0.014923095703125,0.01136016845703125
2864,0.47496676,0.53016305,0.47745463,0.5257193,0.5176938,0.04290771484375,0.04425048828125,0.0185394287109375,0.020477294921875,0.041748046875
2865,0.43090484,0.43677518,0.4154328,0.43542558,0.44826555,0.07769775390625,0.0286407470703125,0.038116455078125,0.06866455078125,0.066162109375
2867,0.49151105,0.49844456,0.5200496,0.53784406,0.5211943,0.037200927734375,0.01334381103515625,0.0313720703125,0.0322265625,0.028839111328125
2869,0.5150912,0.52830744,0.50619435,0.50813437,0.52939844,0.04559326171875,0.0285491943359375,0.034423828125,0.035369873046875,0.0611572265625
2870,0.41130367,0.42040715,0.44472936,0.43501225,0.4417413,0.023162841796875,0.0021514892578125,0.0193023681640625,0.0201416015625,0.0062103271484375
2872,0.5301789,0.54953986,0.50148124,0.48378798,0.4569373,0.04583740234375,0.019561767578125,0.007282257080078125,0.03460693359375,0.0858154296875
2873,0.5151617,0.529439,0.51825696,0.49680734,0.5465863,0.0904541015625,0.09600830078125,0.05804443359375,0.08807373046875,0.10357666015625
2874,0.44362456,0.46110442,0.4335823,0.46685335,0.46611074,0.012847900390625,0.00225830078125,0.015350341796875,0.01110076904296875,0.05218505859375
2875,0.45553988,0.47235823,0.46363652,0.45568863,0.45356363,0.024261474609375,0.00424957275390625,0.0195770263671875,0.0225372314453125,0.0133056640625
2879,0.44773185,0.48992443,0.47104383,0.44610474,0.43886754,0.043243408203125,0.038726806640625,0.03680419921875,0.037353515625,0.02447509765625
2881,0.47975665,0.5312631,0.55229366,0.50589705,0.49671632,0.04864501953125,0.087890625,0.043853759765625,0.048309326171875,0.061981201171875
2882,0.5036104,0.51627916,0.5088012,0.52616006,0.55231655,0.0501708984375,0.0804443359375,0.033599853515625,0.0484619140625,0.09393310546875
2883,0.46433765,0.51362026,0.5181741,0.4919715,0.4851243,0.0543212890625,0.06719970703125,0.054656982421875,0.0504150390625,0.0665283203125
2885,0.48420578,0.48840648,0.48188823,0.5196484,0.49472135,0.038787841796875,0.0189971923828125,0.03179931640625,0.0278167724609375,0.10693359375
2886,0.52007085,0.56411386,0.537278,0.5377742,0.5343056,0.036376953125,0.07659912109375,0.0181884765625,0.034210205078125,0.047637939453125
2887,0.49992466,0.51066375,0.5305326,0.5578079,0.5205653,0.08013916015625,0.08929443359375,0.03643798828125,0.11676025390625,0.1068115234375
2888,0.51386344,0.5696239,0.5649027,0.5536128,0.541322,0.074951171875,0.111328125,0.07666015625,0.06646728515625,0.0948486328125
2890,0.49393544,0.5588851,0.5430217,0.57720816,0.5360531,0.056610107421875,0.05938720703125,0.05670166015625,0.05694580078125,0.07568359375
2891,0.57145935,0.59869075,0.5747667,0.64909965,0.6083473,0.1431884765625,0.153564453125,0.1097412109375,0.13330078125,0.11688232421875
2892,0.39816594,0.4583144,0.40243417,0.4722436,0.4538137,0.056610107421875,0.00811004638671875,0.023468017578125,0.055755615234375,0.055511474609375
2894,0.52360374,0.537989,0.55267704,0.5557474,0.53957427,0.09674072265625,0.0203857421875,0.01953125,0.08575439453125,0.1429443359375
2895,0.38704866,0.43236503,0.43656772,0.45518678,0.46397215,0.031768798828125,0.06634521484375,0.045501708984375,0.022430419921875,0.037567138671875
2897,0.50459063,0.5083846,0.52229375,0.5488877,0.50227916,0.047882080078125,0.0160369873046875,0.03497314453125,0.0859375,0.07452392578125
2899,0.5515062,0.5604085,0.56180686,0.6114143,0.5555364,0.061767578125,0.05816650390625,0.04205322265625,0.0704345703125,0.130859375
2901,0.48551118,0.534999,0.4969546,0.53604853,0.48666993,0.0794677734375,0.07568359375,0.0496826171875,0.07666015625,0.09466552734375
2902,0.50507236,0.5367979,0.5414456,0.52785766,0.5483487,0.051971435546875,0.048187255859375,0.0340576171875,0.040740966796875,0.08587646484375
2904,0.503053,0.5461491,0.53248215,0.53898007,0.5002392,0.08349609375,0.033050537109375,0.0374755859375,0.0506591796875,0.049072265625
2906,0.48478606,0.5422736,0.5580676,0.51689255,0.5102893,0.0243377685546875,0.0411376953125,0.038238525390625,0.016693115234375,0.057769775390625
2907,0.51110286,0.54956234,0.49874887,0.54316545,0.5489377,0.0208587646484375,0.04974365234375,0.019012451171875,0.019195556640625,0.053192138671875
2908,0.5419122,0.56143224,0.5604027,0.58342147,0.5514649,0.07232666015625,0.1484375,0.048980712890625,0.08343505859375,0.191650390625
2909,0.54460156,0.5600263,0.51316565,0.5545288,0.54798776,0.049835205078125,0.0562744140625,0.050811767578125,0.047210693359375,0.03863525390625
2910,0.48414686,0.53457946,0.4942999,0.54100776,0.539325,0.07061767578125,0.072509765625,0.03179931640625,0.0750732421875,0.12396240234375
2911,0.41981292,0.45151636,0.43780762,0.48369813,0.4654011,0.0135955810546875,0.0,0.044708251953125,0.0135345458984375,0.0
2914,0.5129265,0.5534132,0.5479855,0.5568528,0.55428255,0.054351806640625,0.046356201171875,0.055450439453125,0.06988525390625,0.05975341796875
2915,0.49680102,0.5555534,0.50401616,0.56749386,0.5306886,0.06329345703125,0.04473876953125,0.0265655517578125,0.093994140625,0.050811767578125
2916,0.47031856,0.50917256,0.49649858,0.50256246,0.4986332,0.042022705078125,0.004444122314453125,0.03997802734375,0.0307464599609375,0.028594970703125
2918,0.48378542,0.5013685,0.53298163,0.5402547,0.52576387,0.04705810546875,0.01230621337890625,0.065185546875,0.0523681640625,0.03179931640625
2919,0.46026787,0.48273095,0.49150994,0.5201065,0.5066323,0.04559326171875,0.0005035400390625,0.01543426513671875,0.06744384765625,0.0423583984375
2921,0.5052646,0.5673504,0.5339241,0.48766834,0.49132836,0.057098388671875,0.06671142578125,0.042694091796875,0.05755615234375,0.08843994140625
2922,0.48041695,0.5019399,0.48105013,0.4992097,0.49718234,0.025604248046875,0.0,0.020751953125,0.0256195068359375,0.00981903076171875
2923,0.5498764,0.5907079,0.5865399,0.5374235,0.5464584,0.0347900390625,0.044586181640625,0.0947265625,0.029296875,0.041900634765625
2924,0.48248228,0.5155288,0.49543566,0.5359416,0.51511765,0.056243896484375,0.01317596435546875,0.059234619140625,0.0516357421875,0.0733642578125
2925,0.5220202,0.52634084,0.5337615,0.54170996,0.49696672,0.0178680419921875,0.05126953125,0.026947021484375,0.021270751953125,0.059326171875
2926,0.45261988,0.49360174,0.44023696,0.49148536,0.46770176,0.054718017578125,0.0909423828125,0.0117645263671875,0.0557861328125,0.08660888671875
2927,0.46492332,0.4987197,0.48075667,0.48216212,0.47207126,0.045501708984375,0.0506591796875,0.06231689453125,0.03472900390625,0.030487060546875
2928,0.50097185,0.49149275,0.4829325,0.4964875,0.5256988,0.04510498046875,0.00762176513671875,0.0213623046875,0.03662109375,0.04052734375
2929,0.4561268,0.5272656,0.4554589,0.49280182,0.48197734,0.06787109375,0.098876953125,0.06463623046875,0.05828857421875,0.07012939453125
2930,0.49890524,0.5499397,0.54048145,0.5275737,0.5137072,0.0589599609375,0.0562744140625,0.026885986328125,0.059326171875,0.09747314453125
2932,0.4212245,0.47163925,0.44006643,0.46023157,0.47489145,0.018096923828125,0.006153106689453125,0.0167083740234375,0.02410888671875,0.024383544921875
2934,0.50314474,0.51937246,0.51900846,0.52960885,0.5439606,0.029754638671875,0.0,0.0249481201171875,0.029693603515625,0.0106964111328125
2935,0.45661932,0.48492646,0.44510946,0.49538863,0.49390525,0.0304718017578125,0.0789794921875,0.0374755859375,0.0382080078125,0.03106689453125
2936,0.50804204,0.52971196,0.5390169,0.5558683,0.5044069,0.06573486328125,0.044647216796875,0.031768798828125,0.0631103515625,0.080322265625
2937,0.5091774,0.55578613,0.54775596,0.53734165,0.55724186,0.05126953125,0.07977294921875,0.052825927734375,0.0516357421875,0.1307373046875
2938,0.45309412,0.48711756,0.4739392,0.4938048,0.51460284,0.0250396728515625,0.003509521484375,0.02789306640625,0.019195556640625,0.0066375732421875
2939,0.47736648,0.5383055,0.5227446,0.5590552,0.531579,0.07659912109375,0.099365234375,0.072998046875,0.07244873046875,0.08526611328125
2940,0.427213,0.4262197,0.43073702,0.47223318,0.48237428,0.024749755859375,0.005657196044921875,0.0263671875,0.0238494873046875,0.007808685302734375
2941,0.5003576,0.53908443,0.5167953,0.4945295,0.49268186,0.0657958984375,0.0,0.014434814453125,0.06658935546875,0.0654296875
2942,0.5192766,0.5189074,0.50069433,0.5489802,0.5705937,0.028076171875,0.01137542724609375,0.02069091796875,0.0278778076171875,0.0123443603515625
2943,0.5445933,0.51159906,0.5342067,0.5694437,0.6021347,0.08026123046875,0.0977783203125,0.061859130859375,0.05291748046875,0.175048828125
2944,0.42272693,0.4942072,0.44918627,0.5022624,0.4867557,0.021942138671875,0.0,0.02178955078125,0.02117919921875,0.0093841552734375
2945,0.43121892,0.49013144,0.4746536,0.47399735,0.48262712,0.0655517578125,0.057373046875,0.040557861328125,0.05780029296875,0.0926513671875
2946,0.46391523,0.5070601,0.49261695,0.49260443,0.4739496,0.034820556640625,0.06390380859375,0.0421142578125,0.031951904296875,0.063720703125
2948,0.5094759,0.5297563,0.5295459,0.538493,0.50767154,0.064208984375,0.04986572265625,0.026275634765625,0.06292724609375,0.082275390625
2949,0.45348537,0.4900021,0.44159722,0.50372064,0.46737218,0.024932861328125,0.0063629150390625,0.018646240234375,0.016082763671875,0.01556396484375
2950,0.40341523,0.487274,0.42503247,0.45977864,0.4254066,0.0176544189453125,0.0400390625,0.018798828125,0.0160980224609375,0.0171051025390625
2952,0.4766132,0.5225725,0.4908119,0.511762,0.51888764,0.0017862319946289062,0.057403564453125,0.0014181137084960938,0.0010662078857421875,0.04644775390625
2953,0.47346523,0.5174385,0.4702201,0.528271,0.50786513,0.042449951171875,0.0,0.01479339599609375,0.037322998046875,0.04315185546875
2954,0.5667812,0.5697967,0.5453191,0.5940661,0.60460687,0.0487060546875,0.057891845703125,0.04229736328125,0.056884765625,0.0692138671875
2955,0.51040417,0.56105757,0.5297798,0.5459665,0.5622849,0.03765869140625,0.047515869140625,0.027099609375,0.03271484375,0.0523681640625
2957,0.4237324,0.43523937,0.45080853,0.42550743,0.42667288,0.0645751953125,0.050506591796875,0.032928466796875,0.0767822265625,0.07012939453125
2958,0.4771601,0.53893334,0.51834464,0.4995242,0.5087786,0.03485107421875,0.059173583984375,0.0252838134765625,0.021392822265625,0.03985595703125
2960,0.51834977,0.52636606,0.49544483,0.52598834,0.49420518,0.050048828125,0.118896484375,0.0308837890625,0.052703857421875,0.053802490234375
2961,0.44766307,0.5029127,0.45106477,0.49642366,0.49246478,0.05804443359375,0.05267333984375,0.023681640625,0.056060791015625,0.0909423828125
2963,0.4677475,0.5167535,0.50151867,0.5286783,0.4933529,0.055633544921875,0.005828857421875,0.0201263427734375,0.057342529296875,0.09002685546875
2964,0.48275357,0.51829016,0.52324086,0.52235466,0.5088005,0.0504150390625,0.0254974365234375,0.046875,0.0435791015625,0.06280517578125
2965,0.5241865,0.5919676,0.5254265,0.5448099,0.537292,0.0247955322265625,0.0748291015625,0.0248260498046875,0.03192138671875,0.047027587890625
2966,0.46254337,0.43939114,0.47208756,0.46386456,0.49711424,0.052337646484375,0.0092926025390625,0.026885986328125,0.044769287109375,0.06829833984375
2969,0.49551553,0.54987955,0.5185987,0.54523987,0.5008241,0.051544189453125,0.06585693359375,0.07196044921875,0.04541015625,0.07049560546875
2970,0.40581977,0.46369952,0.44967824,0.46605343,0.46842527,0.03057861328125,0.08062744140625,0.025970458984375,0.04913330078125,0.0246429443359375
2971,0.51377404,0.5265365,0.536808,0.5199888,0.5049564,0.044281005859375,0.015777587890625,0.037933349609375,0.039215087890625,0.026397705078125
2972,0.4498959,0.46546358,0.46258086,0.48500383,0.45900178,0.025299072265625,0.0,0.0183563232421875,0.0250701904296875,0.027252197265625
2974,0.5006967,0.54990417,0.5266109,0.5314057,0.5111391,0.07305908203125,0.004734039306640625,0.019500732421875,0.0703125,0.07318115234375
2975,0.5147313,0.58324677,0.5630488,0.5385902,0.53617,0.0419921875,0.06951904296875,0.043975830078125,0.0355224609375,0.08380126953125
2976,0.4803654,0.49704176,0.5240603,0.52515936,0.49548468,0.03875732421875,0.01335906982421875,0.0252685546875,0.034423828125,0.0308685302734375
2977,0.44501603,0.45973507,0.4779895,0.480316,0.47495282,0.051483154296875,0.03948974609375,0.031707763671875,0.0859375,0.06854248046875
2978,0.46387035,0.52704334,0.47943652,0.48940426,0.44995433,0.06561279296875,0.04461669921875,0.03253173828125,0.05853271484375,0.0794677734375
2979,0.54425395,0.5620839,0.550627,0.56849325,0.53693014,0.04656982421875,0.0166778564453125,0.03973388671875,0.0411376953125,0.0286102294921875
2980,0.51420987,0.5568288,0.5420304,0.54396605,0.5118834,0.03167724609375,0.06951904296875,0.0198974609375,0.0316162109375,0.04345703125
2981,0.49740535,0.5524654,0.53710246,0.53130776,0.50448513,0.057952880859375,0.06292724609375,0.03912353515625,0.05535888671875,0.088134765625
2982,0.45893645,0.46984634,0.500162,0.4940199,0.4655765,0.0188751220703125,0.006084442138671875,0.017333984375,0.0160980224609375,0.022857666015625
2984,0.4844031,0.51133466,0.50499606,0.50017864,0.49540484,0.052154541015625,0.005657196044921875,0.04718017578125,0.054046630859375,0.026336669921875
2985,0.5185045,0.5182078,0.56004345,0.54557025,0.49550647,0.11572265625,0.061737060546875,0.1280517578125,0.10003662109375,0.09136962890625
2986,0.47576275,0.480591,0.48364604,0.47245407,0.47722435,0.0258941650390625,0.0171356201171875,0.00749969482421875,0.018280029296875,0.0430908203125
2990,0.48830205,0.5168172,0.517219,0.5178563,0.4694807,0.05517578125,0.057861328125,0.05517578125,0.06787109375,0.07122802734375
2991,0.44479692,0.46221083,0.46570307,0.43227953,0.41633794,0.050201416015625,0.00164794921875,0.0178680419921875,0.053955078125,0.0498046875
2992,0.44035822,0.52167785,0.49536163,0.47963893,0.4916266,0.024139404296875,0.01244354248046875,0.021636962890625,0.018310546875,0.04345703125
2993,0.5101982,0.5202739,0.4831669,0.5533657,0.5225414,0.056854248046875,0.03594970703125,0.0274810791015625,0.0306396484375,0.01434326171875
2995,0.42550427,0.4642377,0.45254338,0.48733634,0.51934487,0.060546875,0.023193359375,0.06170654296875,0.032623291015625,0.025970458984375
2996,0.47825426,0.52902937,0.52320427,0.49927205,0.4923535,0.026123046875,0.05694580078125,0.0235443115234375,0.02496337890625,0.048187255859375
2997,0.47920364,0.52883595,0.468837,0.5320306,0.55275995,0.048980712890625,0.03314208984375,0.0380859375,0.02593994140625,0.03802490234375
2998,0.5102322,0.5293797,0.53383976,0.52878195,0.5380535,0.04779052734375,0.020721435546875,0.03924560546875,0.04095458984375,0.062744140625
2999,0.47910213,0.49746463,0.44108436,0.51336896,0.49820963,0.060638427734375,0.0292510986328125,0.0311126708984375,0.0282745361328125,0.0345458984375
3000,0.5136828,0.53615534,0.53271204,0.53590816,0.5154327,0.03289794921875,0.07708740234375,0.037445068359375,0.0276336669921875,0.03326416015625
3002,0.42164403,0.47620615,0.468613,0.44935778,0.43741027,0.03057861328125,0.00933074951171875,0.0203094482421875,0.016845703125,0.0008172988891601562
3003,0.5417948,0.5361563,0.56185186,0.531657,0.5146966,0.06182861328125,0.038818359375,0.0413818359375,0.058685302734375,0.1102294921875
3004,0.48054582,0.5174344,0.4745071,0.49911064,0.47838956,0.0694580078125,0.07177734375,0.04290771484375,0.064697265625,0.0703125
3006,0.50646204,0.5267249,0.5397386,0.52368075,0.48764554,0.00923919677734375,0.005870819091796875,0.010772705078125,0.004123687744140625,0.004974365234375
3007,0.49769545,0.5250797,0.49921066,0.48623383,0.4948285,0.0859375,0.206298828125,0.11004638671875,0.0728759765625,0.0504150390625
3009,0.47652718,0.5405672,0.5379934,0.5011641,0.51591706,0.03302001953125,0.04144287109375,0.03729248046875,0.0132904052734375,0.053985595703125
3010,0.5154431,0.5180274,0.528943,0.52870715,0.50932014,0.03814697265625,0.00484466552734375,0.035491943359375,0.0364990234375,0.01470184326171875
3011,0.51492614,0.5880183,0.5441757,0.5613977,0.5654237,0.04620361328125,0.0657958984375,0.04827880859375,0.03643798828125,0.049285888671875
3012,0.4821309,0.53008235,0.5113421,0.5226709,0.4958728,0.0312042236328125,0.034393310546875,0.024139404296875,0.0239105224609375,0.031463623046875
3013,0.48442972,0.52979326,0.4844795,0.50565296,0.47060767,0.0186767578125,0.048492431640625,0.0263214111328125,0.01904296875,0.036651611328125
3014,0.44677833,0.46485204,0.42728668,0.46526483,0.44147283,0.0303802490234375,0.000957489013671875,0.020904541015625,0.02593994140625,0.0109405517578125
3016,0.50707173,0.52711123,0.5431427,0.5690173,0.5461282,0.025909423828125,0.005401611328125,0.04901123046875,0.0285491943359375,0.0119171142578125
3017,0.3952369,0.4340487,0.42754263,0.46087867,0.4356078,0.022918701171875,0.0318603515625,0.022613525390625,0.021697998046875,0.00799560546875
3019,0.49671888,0.56079155,0.52973133,0.5374492,0.5286584,0.0112152099609375,0.024810791015625,0.00614166259765625,0.0179595947265625,0.0287933349609375
3020,0.42953324,0.44283032,0.480145,0.49568206,0.45659143,0.05621337890625,0.0,0.0191650390625,0.07421875,0.06231689453125
3021,0.5161122,0.51961654,0.47797352,0.54545224,0.5445511,0.09930419921875,0.0718994140625,0.037506103515625,0.0906982421875,0.1055908203125
3022,0.50901854,0.5269724,0.5000791,0.5121999,0.49162427,0.056304931640625,0.044158935546875,0.0266571044921875,0.058624267578125,0.094482421875
3023,0.479622,0.4886847,0.4839418,0.501657,0.49945578,0.044097900390625,0.0034542083740234375,0.01045989990234375,0.05450439453125,0.050079345703125
3024,0.49909043,0.50123,0.4901706,0.5011563,0.56194246,0.0638427734375,0.04510498046875,0.0193939208984375,0.060760498046875,0.0682373046875
3025,0.52872294,0.5388335,0.54107004,0.5424821,0.5179186,0.05084228515625,0.01473236083984375,0.0021800994873046875,0.028778076171875,0.047393798828125
3026,0.44842988,0.4593888,0.45530927,0.5052604,0.535571,0.019866943359375,0.0081939697265625,0.016510009765625,0.017181396484375,0.018890380859375
3027,0.51346135,0.5093723,0.50463516,0.5754866,0.5630343,0.061798095703125,0.004009246826171875,0.033721923828125,0.058746337890625,0.04876708984375
3029,0.48889685,0.50559074,0.49090216,0.5424435,0.5504921,0.031280517578125,0.0105743408203125,0.021820068359375,0.01259613037109375,0.0322265625
3030,0.4705537,0.5046803,0.54426277,0.52707577,0.49451566,0.023284912109375,0.014190673828125,0.062255859375,0.0236663818359375,0.0240478515625
3031,0.5002718,0.5620784,0.5182956,0.5415517,0.528709,0.04376220703125,0.061065673828125,0.044677734375,0.04132080078125,0.0618896484375
3032,0.5318247,0.5386611,0.5751782,0.59569645,0.5774296,0.0692138671875,0.0653076171875,0.060394287109375,0.0738525390625,0.059722900390625
3033,0.54168546,0.5714186,0.6011542,0.5602299,0.54819065,0.037139892578125,0.003124237060546875,0.0289764404296875,0.039337158203125,0.01568603515625
3036,0.48304653,0.5456728,0.48012996,0.52507824,0.5409844,0.046630859375,0.006561279296875,0.03729248046875,0.0377197265625,0.017486572265625
3037,0.44196123,0.52912366,0.47697532,0.50624144,0.4991694,0.041015625,0.0838623046875,0.075439453125,0.052398681640625,0.077392578125
3038,0.46408066,0.500502,0.49635792,0.4876673,0.47290426,0.0540771484375,0.01483154296875,0.024200439453125,0.041961669921875,0.0533447265625
3039,0.45729333,0.5073217,0.5080629,0.5032552,0.5120379,0.046722412109375,0.089111328125,0.023651123046875,0.049041748046875,0.0936279296875
3040,0.42533097,0.44788367,0.4265831,0.44231153,0.43809646,0.02008056640625,0.0,0.016937255859375,0.019989013671875,0.039764404296875
3041,0.46959,0.5160663,0.48301098,0.56139416,0.5023516,0.03326416015625,0.0278167724609375,0.06939697265625,0.030853271484375,0.0804443359375
3042,0.43968943,0.49822903,0.471209,0.4918381,0.4579484,0.01546478271484375,0.058380126953125,0.016082763671875,0.049957275390625,0.0206298828125
3043,0.5278756,0.5504719,0.5732982,0.5529839,0.5789461,0.040374755859375,0.0025119781494140625,0.0312347412109375,0.039031982421875,0.03521728515625
3044,0.5164248,0.5778651,0.60115314,0.60849184,0.5416405,0.02630615234375,0.0018157958984375,0.045166015625,0.0255126953125,0.0130462646484375
3045,0.48334098,0.5210209,0.5076324,0.5280624,0.4964947,0.04779052734375,0.0,0.01605224609375,0.0377197265625,0.029693603515625
3046,0.45140755,0.5183414,0.52223784,0.50724244,0.5013226,0.1126708984375,0.040557861328125,0.0662841796875,0.0931396484375,0.10296630859375
3047,0.48003057,0.5156152,0.47030437,0.528086,0.51537114,0.082763671875,0.01678466796875,0.027374267578125,0.069091796875,0.06494140625
3048,0.48205855,0.5005912,0.49115968,0.5239388,0.50357497,0.04351806640625,0.0615234375,0.01229095458984375,0.0458984375,0.0423583984375
3049,0.4751806,0.53712344,0.50231016,0.5054178,0.50575864,0.03179931640625,0.03973388671875,0.027618408203125,0.07177734375,0.03912353515625
3050,0.46201378,0.50141424,0.5219628,0.49675953,0.51185876,0.0565185546875,0.08197021484375,0.0224456787109375,0.0595703125,0.113037109375
3052,0.5260172,0.5733186,0.55285156,0.51730216,0.527053,0.0703125,0.028564453125,0.0682373046875,0.05609130859375,0.03076171875
3054,0.5086999,0.54414845,0.55578476,0.5501364,0.5481453,0.049560546875,0.057769775390625,0.03973388671875,0.03814697265625,0.061126708984375
3055,0.43002236,0.48768923,0.46406242,0.46329945,0.43870902,0.0124664306640625,0.005523681640625,0.0130157470703125,0.010986328125,0.025115966796875
3056,0.4718524,0.47774303,0.51388407,0.5235258,0.47624612,0.0965576171875,0.0089569091796875,0.0290374755859375,0.1011962890625,0.09381103515625
3057,0.48412204,0.5354272,0.47953108,0.5217907,0.50364166,0.06414794921875,0.0831298828125,0.030181884765625,0.06884765625,0.0609130859375
3058,0.50918984,0.56793535,0.51782674,0.53806424,0.5099137,0.106689453125,0.153564453125,0.05963134765625,0.08319091796875,0.126708984375
3061,0.45687324,0.44854125,0.47092175,0.45270023,0.47206047,0.035003662109375,0.0772705078125,0.0289459228515625,0.0340576171875,0.030029296875
3062,0.4626886,0.51335007,0.4715037,0.45781702,0.48015618,0.0887451171875,0.0657958984375,0.0755615234375,0.028778076171875,0.042022705078125
3064,0.49343848,0.5119072,0.52897817,0.55128616,0.5165962,0.025787353515625,0.0028781890869140625,0.0191192626953125,0.024505615234375,0.016632080078125
3065,0.5028781,0.532177,0.49434635,0.53265727,0.52887064,0.032623291015625,0.033447265625,0.01378631591796875,0.029266357421875,0.07525634765625
3066,0.4782125,0.4833327,0.46391678,0.50699365,0.52186656,0.035186767578125,0.017913818359375,0.0231170654296875,0.02783203125,0.03607177734375
3067,0.52148,0.55777055,0.509453,0.52353275,0.5047247,0.07879638671875,0.03985595703125,0.05902099609375,0.04913330078125,0.04107666015625
3068,0.53649116,0.59459186,0.56862843,0.55307746,0.5198555,0.0498046875,0.057861328125,0.04168701171875,0.032470703125,0.03924560546875
3070,0.51354814,0.5463941,0.52393514,0.5652808,0.5565946,0.06396484375,0.06378173828125,0.040130615234375,0.0640869140625,0.04132080078125
3071,0.4636414,0.48861635,0.46302274,0.47761998,0.45349956,0.0660400390625,0.05865478515625,0.035430908203125,0.07977294921875,0.0565185546875
3072,0.4912198,0.48742932,0.5129931,0.49249607,0.51116884,0.0670166015625,0.09521484375,0.04046630859375,0.06781005859375,0.093505859375
3073,0.5409472,0.6129626,0.5998907,0.5763674,0.5586622,0.08056640625,0.07763671875,0.06597900390625,0.0716552734375,0.07708740234375
3074,0.5484706,0.57971597,0.5254059,0.5576208,0.5437872,0.063232421875,0.1793212890625,0.0667724609375,0.054595947265625,0.08502197265625
3075,0.50038964,0.5431385,0.54362345,0.49510625,0.49413484,0.0594482421875,0.05450439453125,0.0589599609375,0.050933837890625,0.01947021484375
3076,0.48325908,0.49296838,0.44900104,0.47246093,0.49535722,0.042999267578125,0.0833740234375,0.08990478515625,0.03338623046875,0.048797607421875
3078,0.54917395,0.5651182,0.56369907,0.56872344,0.56241226,0.11029052734375,0.05059814453125,0.055023193359375,0.10369873046875,0.134521484375
3081,0.47670984,0.46641606,0.5306547,0.49270993,0.49013102,0.087890625,0.1007080078125,0.09381103515625,0.07110595703125,0.061370849609375
3082,0.4064926,0.45164225,0.43305176,0.44041508,0.44073594,0.016845703125,0.023834228515625,0.0125579833984375,0.0230712890625,0.0174102783203125
3083,0.48384723,0.50925225,0.55250883,0.5188764,0.5052241,0.03363037109375,0.006256103515625,0.06451416015625,0.0318603515625,0.0322265625
3086,0.5208041,0.58107483,0.598737,0.54026973,0.49946028,0.055419921875,0.07574462890625,0.055633544921875,0.0419921875,0.07037353515625
3087,0.5017673,0.5336329,0.53271925,0.5370676,0.53460246,0.08685302734375,0.1063232421875,0.060394287109375,0.0833740234375,0.1158447265625
3088,0.5501101,0.545053,0.5458637,0.6042584,0.549288,0.0782470703125,0.0009632110595703125,0.0343017578125,0.07244873046875,0.1251220703125
3089,0.5318681,0.52769387,0.5395051,0.5356485,0.5034582,0.10333251953125,0.0640869140625,0.056549072265625,0.09197998046875,0.10650634765625
3090,0.4285351,0.4866554,0.41670948,0.45228893,0.4709359,0.0284423828125,0.047119140625,0.02093505859375,0.026824951171875,0.03826904296875
3091,0.49684027,0.5126209,0.48985326,0.5366397,0.5836495,0.080322265625,0.03839111328125,0.038299560546875,0.05389404296875,0.1053466796875
3092,0.446883,0.5055912,0.48751193,0.5052308,0.5222919,0.0338134765625,0.044403076171875,0.037567138671875,0.032257080078125,0.040313720703125
3093,0.48789924,0.510998,0.5310648,0.50295115,0.4889391,0.03228759765625,0.00431060791015625,0.043914794921875,0.032867431640625,0.009124755859375
