doi_norm,crossref_found,crossref_error,crossref_title,crossref_publisher,crossref_type,crossref_subjects,crossref_subject_count,crossref_reference_count,crossref_is_referenced_by_count,crossref_license_count,crossref_has_abstract
10.1007/978-1-4757-3452-2_14,True,,Syllogistic Tableaux,Springer New York,book-chapter,,0,0,0,2,0
10.1007/978-3-030-20528-7_1,True,,Train Scheduling with Hybrid ASP,Springer International Publishing,book-chapter,,0,17,20,1,0
10.1007/978-3-030-20528-7_11,True,,Founded World Views with Autoepistemic Equilibrium Logic,Springer International Publishing,book-chapter,,0,22,6,1,0
10.1007/978-3-030-20528-7_13,True,,"A Sequent-Type Calculus for Three-Valued Default Logic, Or: Tweety Meets Quartum Non Datur",Springer International Publishing,book-chapter,,0,37,1,1,0
10.1007/978-3-030-20528-7_15,True,,Repair-Based Degrees of Database Inconsistency,Springer International Publishing,book-chapter,,0,33,11,1,0
10.1007/978-3-030-20528-7_2,True,,Telco Network Inventory Validation with NoHR,Springer International Publishing,book-chapter,,0,22,2,1,0
10.1007/978-3-030-20528-7_20,True,,Verifying Strong Equivalence of Programs in the Input Language of gringo,Springer International Publishing,book-chapter,,0,11,15,1,0
10.1007/978-3-030-20528-7_21,True,,The Return of xorro,Springer International Publishing,book-chapter,,0,24,1,1,0
10.1007/978-3-030-20528-7_22,True,,Degrees of Laziness in Grounding,Springer International Publishing,book-chapter,,0,26,3,1,0
10.1007/978-3-030-20528-7_25,True,,Declarative Local Search for Predicate Logic,Springer International Publishing,book-chapter,,0,13,0,1,0
10.1007/978-3-030-20528-7_3,True,,An ASP-Based Framework for the Manipulation of Articulated Objects Using Dual-Arm Robots,Springer International Publishing,book-chapter,,0,32,2,1,0
10.1007/978-3-030-20528-7_4,True,,C-ASP: Continuous ASP-Based Reasoning over RDF Streams,Springer International Publishing,book-chapter,,0,9,6,1,0
10.1007/978-3-030-20528-7_5,True,,Internet Routing and Non-monotonic Reasoning,Springer International Publishing,book-chapter,,0,9,1,1,0
10.1007/978-3-030-20528-7_6,True,,Assessing Arguments with Schemes and Fallacies,Springer International Publishing,book-chapter,,0,34,1,1,0
10.1007/978-3-030-20528-7_8,True,,Argumentation-Based Explanations for Answer Sets Using ADF,Springer International Publishing,book-chapter,,0,15,1,1,0
10.1007/978-3-030-20528-7_9,True,,Treewidth and Counting Projected Answer Sets,Springer International Publishing,book-chapter,,0,21,4,1,0
10.1007/978-3-030-25540-4_10,True,,Security-Aware Synthesis Using Delayed-Action Games,Springer International Publishing,book-chapter,,0,30,3,1,0
10.1007/978-3-030-25540-4_11,True,,Automated Hypersafety Verification,Springer International Publishing,book-chapter,,0,28,35,1,0
10.1007/978-3-030-25540-4_12,True,,Automated Synthesis of Secure Platform Mappings,Springer International Publishing,book-chapter,,0,42,5,1,0
10.1007/978-3-030-25540-4_13,True,,Synthesizing Approximate Implementations for Unrealizable Specifications,Springer International Publishing,book-chapter,,0,14,2,1,0
10.1007/978-3-030-25540-4_14,True,,Quantified Invariants via Syntax-Guided Synthesis,Springer International Publishing,book-chapter,,0,36,41,1,0
10.1007/978-3-030-25540-4_16,True,,Membership-Based Synthesis of Linear Hybrid Automata,Springer International Publishing,book-chapter,,0,22,13,1,0
10.1007/978-3-030-25540-4_19,True,,BMC for Weak Memory Models: Relation Analysis for Compact SMT Encodings,Springer International Publishing,book-chapter,,0,29,47,1,0
10.1007/978-3-030-25540-4_21,True,,Extending nuXmv with Timed Transition Systems and Timed Temporal Properties,Springer International Publishing,book-chapter,,0,26,22,1,0
10.1007/978-3-030-25540-4_22,True,,Cerberus-BMC: A Principled Reference Semantics and Exploration Tool for Concurrent and Sequential C,Springer International Publishing,book-chapter,,0,38,9,1,0
10.1007/978-3-030-25540-4_23,True,,Multi-armed Bandits for Boolean Connectives in Hybrid System Falsification,Springer International Publishing,book-chapter,,0,38,22,1,0
10.1007/978-3-030-25540-4_24,True,,StreamLAB: Stream-based Monitoring of Cyber-Physical Systems,Springer International Publishing,book-chapter,,0,24,62,1,0
10.1007/978-3-030-25540-4_25,True,,VerifAI: A Toolkit for the Formal Design and Analysis of Artificial Intelligence-Based Systems,Springer International Publishing,book-chapter,,0,27,150,1,0
10.1007/978-3-030-25540-4_26,True,,The Marabou Framework for Verification and Analysis of Deep Neural Networks,Springer International Publishing,book-chapter,,0,24,348,1,0
10.1007/978-3-030-25540-4_27,True,,Probabilistic Bisimulation for Parameterized Systems,Springer International Publishing,book-chapter,,0,54,8,1,0
10.1007/978-3-030-25540-4_29,True,,PAC Statistical Model Checking for Markov Decision Processes and Stochastic Games,Springer International Publishing,book-chapter,,0,64,38,1,0
10.1007/978-3-030-25540-4_3,True,,Fast Algorithms for Handling Diagonal Constraints in Timed Automata,Springer International Publishing,book-chapter,,0,33,5,1,0
10.1007/978-3-030-25540-4_30,True,,Symbolic Monitoring Against Specifications Parametric in Time and Data,Springer International Publishing,book-chapter,,0,36,5,1,0
10.1007/978-3-030-25540-4_31,True,,STAMINA: STochastic Approximate Model-Checker for INfinite-State Analysis,Springer International Publishing,book-chapter,,0,24,12,1,0
10.1007/978-3-030-25540-4_33,True,,Robust Controller Synthesis in Timed Büchi Automata: A Symbolic Approach,Springer International Publishing,book-chapter,,0,28,2,1,0
10.1007/978-3-030-25540-4_34,True,,Flexible Computational Pipelines for Robust Abstraction-Based Control Synthesis,Springer International Publishing,book-chapter,,0,23,1,1,0
10.1007/978-3-030-25540-4_35,True,,Temporal Stream Logic: Synthesis Beyond the Bools,Springer International Publishing,book-chapter,,0,53,22,1,0
10.1007/978-3-030-25540-4_36,True,,Run-Time Optimization for Learned Controllers Through Quantitative Games,Springer International Publishing,book-chapter,,0,49,25,1,0
10.1007/978-3-030-25540-4_37,True,,Taming Delays in Dynamical Systems,Springer International Publishing,book-chapter,,0,47,8,1,0
10.1007/978-3-030-25540-4_4,True,,Safety and Co-safety Comparator Automata for Discounted-Sum Inclusion,Springer International Publishing,book-chapter,,0,40,1,1,0
10.1007/978-3-030-25540-4_5,True,,Clock Bound Repair for Timed Systems,Springer International Publishing,book-chapter,,0,31,10,1,0
10.1007/978-3-030-25540-4_6,True,,Verifying Asynchronous Interactions via Communicating Session Automata,Springer International Publishing,book-chapter,,0,68,26,1,0
10.1007/978-3-030-25540-4_7,True,,Verifying Hyperliveness,Springer International Publishing,book-chapter,,0,31,50,1,0
10.1007/978-3-030-25540-4_8,True,,Quantitative Mitigation of Timing Side Channels,Springer International Publishing,book-chapter,,0,49,13,1,0
10.1007/978-3-030-25543-5_10,True,,Icing: Supporting Fast-Math Style Optimizations in a Verified Compiler,Springer International Publishing,book-chapter,,0,41,1,1,0
10.1007/978-3-030-25543-5_11,True,,Sound Approximation of Programs with Elementary Functions,Springer International Publishing,book-chapter,,0,28,8,1,0
10.1007/978-3-030-25543-5_13,True,,SecCSL: Security Concurrent Separation Logic,Springer International Publishing,book-chapter,,0,50,20,1,0
10.1007/978-3-030-25543-5_15,True,,Verification of Threshold-Based Distributed Algorithms by Decomposition to Decidable Logics,Springer International Publishing,book-chapter,,0,44,24,1,0
10.1007/978-3-030-25543-5_17,True,,Checking Robustness Against Snapshot Isolation,Springer International Publishing,book-chapter,,0,24,14,1,0
10.1007/978-3-030-25543-5_18,True,,Efficient Verification of Network Fault Tolerance via Counterexample-Guided Refinement,Springer International Publishing,book-chapter,,0,25,10,1,0
10.1007/978-3-030-25543-5_19,True,,On the Complexity of Checking Consistency for Replicated Data Types,Springer International Publishing,book-chapter,,0,38,3,1,0
10.1007/978-3-030-25543-5_2,True,,High-Level Abstractions for Simplifying Extended String Constraints in SMT,Springer International Publishing,book-chapter,,0,25,11,1,0
10.1007/978-3-030-25543-5_22,True,,Verifying Asynchronous Event-Driven Programs Using Partial Abstract Transformers,Springer International Publishing,book-chapter,,0,29,4,1,0
10.1007/978-3-030-25543-5_23,True,,Inferring Inductive Invariants from Phase Structures,Springer International Publishing,book-chapter,,0,62,12,1,0
10.1007/978-3-030-25543-5_24,True,,Termination of Triangular Integer Loops is Decidable,Springer International Publishing,book-chapter,,0,15,14,1,0
10.1007/978-3-030-25543-5_25,True,,AliveInLean: A Verified LLVM Peephole Optimization Verifier,Springer International Publishing,book-chapter,,0,26,6,1,0
10.1007/978-3-030-25543-5_26,True,,Automated Parameterized Verification of CRDTs,Springer International Publishing,book-chapter,,0,24,10,1,0
10.1007/978-3-030-25543-5_28,True,,Integrating Formal Schedulability Analysis into a Verified OS Kernel,Springer International Publishing,book-chapter,,0,33,13,1,0
10.1007/978-3-030-25543-5_29,True,,Rely-Guarantee Reasoning About Concurrent Memory Management in Zephyr RTOS,Springer International Publishing,book-chapter,,0,23,9,1,0
10.1007/978-3-030-25543-5_3,True,,Alternating Automata Modulo First Order Theories,Springer International Publishing,book-chapter,,0,27,0,1,0
10.1007/978-3-030-25543-5_30,True,,Violat: Generating Tests of Observational Refinement for Concurrent Objects,Springer International Publishing,book-chapter,,0,49,8,1,0
10.1007/978-3-030-25543-5_4,True,,Q3B: An Efficient BDD-based SMT Solver for Quantified Bit-Vectors,Springer International Publishing,book-chapter,,0,25,5,1,0
10.1007/978-3-030-25543-5_5,True,,cvc4sy: Smart and Fast Term Enumeration for Syntax-Guided Synthesis,Springer International Publishing,book-chapter,,0,17,50,1,0
10.1007/978-3-030-25543-5_6,True,,Incremental Determinization for Quantifier Elimination and Functional Synthesis,Springer International Publishing,book-chapter,,0,38,8,1,0
10.1007/978-3-030-25543-5_7,True,,Loop Summarization with Rational Vector Addition Systems,Springer International Publishing,book-chapter,,0,24,23,1,0
10.1007/978-3-030-25543-5_8,True,,Invertibility Conditions for Floating-Point Formulas,Springer International Publishing,book-chapter,,0,33,4,1,0
10.1007/978-3-030-25543-5_9,True,,Numerically-Robust Inductive Proof Rules for Continuous Dynamical Systems,Springer International Publishing,book-chapter,,0,30,9,1,0
10.1007/978-3-030-28423-7_1,True,,"Trust, Resilience and Interpretability of AI Models",Springer International Publishing,book-chapter,,0,64,3,1,0
10.1007/978-3-030-28423-7_3,True,,An Evaluation of Monte-Carlo Tree Search for Property Falsification on Hybrid Flight Control Laws,Springer International Publishing,book-chapter,,0,16,6,1,0
10.1007/978-3-030-28423-7_4,True,,Rigorous Continuous Evolution of Uncertain Systems,Springer International Publishing,book-chapter,,0,23,0,1,0
10.1007/978-3-030-28423-7_5,True,,Stochastic Local Search for Solving Floating-Point Constraints,Springer International Publishing,book-chapter,,0,18,1,1,0
10.1007/978-3-030-28423-7_6,True,,Evaluating Branching Heuristics in Interval Constraint Propagation for Satisfiability,Springer International Publishing,book-chapter,,0,20,3,1,0
10.1007/978-3-030-28423-7_7,True,,Approximate Probabilistic Relations for Compositional Abstractions of Stochastic Systems,Springer International Publishing,book-chapter,,0,24,3,1,0
10.1007/978-3-030-28423-7_8,True,,Polytopic Trees for Verification of Learning-Based Controllers,Springer International Publishing,book-chapter,,0,38,1,1,0
10.1007/978-3-030-28423-7_9,True,,Mutant Accuracy Testing for Assessing the Implementation of Numerical Algorithms,Springer International Publishing,book-chapter,,0,15,0,1,0
10.1007/978-3-030-34621-8_8,True,,Sponges Resist Leakage: The Case of Authenticated Encryption,Springer International Publishing,book-chapter,,0,24,21,1,0
10.1007/978-3-030-37446-4_1,True,,A Practical Exercise on Re-engineering Clinical Guideline Models Using Different Representation Languages,Springer International Publishing,book-chapter,,0,18,1,1,0
10.1007/978-3-030-37446-4_11,True,,A Computational Framework for Interpretable Anomaly Detection and Classification of Multivariate Time Series with Application to Human Gait Data Analysis,Springer International Publishing,book-chapter,,0,33,8,1,0
10.1007/978-3-030-37446-4_12,True,,Self-organizing Maps Using Acoustic Features for Prediction of State Change in Bipolar Disorder,Springer International Publishing,book-chapter,,0,19,8,1,0
10.1007/978-3-030-37446-4_13,True,,Explainable Machine Learning for Modeling of Early Postoperative Mortality in Lung Cancer,Springer International Publishing,book-chapter,,0,14,3,1,0
10.1007/978-3-030-37446-4_2,True,,A Method for Goal-Oriented Guideline Modeling in PROforma and Its Preliminary Evaluation,Springer International Publishing,book-chapter,,0,12,4,1,0
10.1007/978-3-030-37446-4_3,True,,Differential Diagnosis of Bacterial and Viral Meningitis Using Dominance-Based Rough Set Approach,Springer International Publishing,book-chapter,,0,23,2,1,0
10.1007/978-3-030-37446-4_4,True,,Modelling ICU Patients to Improve Care Requirements and Outcome Prediction of Acute Respiratory Distress Syndrome: A Supervised Learning Approach,Springer International Publishing,book-chapter,,0,21,0,1,0
10.1007/978-3-030-37446-4_6,True,,Towards Understanding ICU Treatments Using Patient Health Trajectories,Springer International Publishing,book-chapter,,0,30,0,1,0
10.1007/978-3-030-37446-4_7,True,,An Explainable Approach of Inferring Potential Medication Effects from Social Media Data,Springer International Publishing,book-chapter,,0,16,1,1,0
10.1007/978-3-030-37446-4_8,True,,Exploring Antimicrobial Resistance Prediction Using Post-hoc Interpretable Methods,Springer International Publishing,book-chapter,,0,28,2,1,0
10.1007/978-3-030-37446-4_9,True,,Local vs. Global Interpretability of Machine Learning Models in Type 2 Diabetes Mellitus Screening,Springer International Publishing,book-chapter,,0,31,17,1,0
10.1007/978-3-030-53288-8_1,True,,NNV: The Neural Network Verification Tool for Deep Neural Networks and Learning-Enabled Cyber-Physical Systems,Springer International Publishing,book-chapter,,0,59,168,2,0
10.1007/978-3-030-53288-8_10,True,,Synthesis of Super-Optimized Smart Contracts Using Max-SMT,Springer International Publishing,book-chapter,,0,26,25,2,0
10.1007/978-3-030-53288-8_11,True,,Verification of Quantitative Hyperproperties Using Trace Enumeration Relations,Springer International Publishing,book-chapter,,0,57,5,2,0
10.1007/978-3-030-53288-8_12,True,,Validation of Abstract Side-Channel Models for Computer Architectures,Springer International Publishing,book-chapter,,0,48,15,2,0
10.1007/978-3-030-53288-8_13,True,,"Semantics, Specification, and Bounded Verification of Concurrent Libraries in Replicated Systems",Springer International Publishing,book-chapter,,0,42,4,2,0
10.1007/978-3-030-53288-8_15,True,,Parameterized Verification of Systems with Global Synchronization and Guards,Springer International Publishing,book-chapter,,0,56,8,2,0
10.1007/978-3-030-53288-8_16,True,,Hampa: Solver-Aided Recency-Aware Replication,Springer International Publishing,book-chapter,,0,59,5,2,0
10.1007/978-3-030-53288-8_17,True,,Root Causing Linearizability Violations,Springer International Publishing,book-chapter,,0,48,3,2,0
10.1007/978-3-030-53288-8_18,True,,Symbolic Partial-Order Execution for Testing Multi-Threaded Programs,Springer International Publishing,book-chapter,,0,50,12,2,0
10.1007/978-3-030-53288-8_19,True,,fault: A Python Embedded Domain-Specific Language for Metaprogramming Portable Hardware Verification Components,Springer International Publishing,book-chapter,,0,22,12,2,0
10.1007/978-3-030-53288-8_2,True,,Verification of Deep Convolutional Neural Networks Using ImageStars,Springer International Publishing,book-chapter,,0,51,89,2,0
10.1007/978-3-030-53288-8_20,True,,Nonlinear Craig Interpolant Generation,Springer International Publishing,book-chapter,,0,39,13,2,0
10.1007/978-3-030-53288-8_22,True,,"Tinted, Detached, and Lazy CNF-XOR Solving and Its Applications to Counting and Sampling",Springer International Publishing,book-chapter,,0,24,39,2,0
10.1007/978-3-030-53288-8_23,True,,Automated and Scalable Verification of Integer Multipliers,Springer International Publishing,book-chapter,,0,40,25,2,0
10.1007/978-3-030-53288-8_24,True,,Interpolation-Based Semantic Gate Extraction and Its Applications to QBF Preprocessing,Springer International Publishing,book-chapter,,0,52,10,2,0
10.1007/978-3-030-53288-8_25,True,,TarTar: A Timed Automata Repair Tool,Springer International Publishing,book-chapter,,0,18,7,2,0
10.1007/978-3-030-53288-8_26,True,,SAW: A Tool for Safety Analysis of Weakly-Hard Systems,Springer International Publishing,book-chapter,,0,32,14,2,0
10.1007/978-3-030-53288-8_27,True,,PIRK: Scalable Interval Reachability Analysis for High-Dimensional Nonlinear Systems,Springer International Publishing,book-chapter,,0,34,5,2,0
10.1007/978-3-030-53288-8_28,True,,AEON: Attractor Bifurcation Analysis of Parametrised Boolean Networks,Springer International Publishing,book-chapter,,0,40,22,2,0
10.1007/978-3-030-53288-8_29,True,,A Novel Approach for Solving the BMI Problem in Barrier Certificates Generation,Springer International Publishing,book-chapter,,0,36,6,2,0
10.1007/978-3-030-53288-8_30,True,,Reachability Analysis Using Message Passing over Tree Decompositions,Springer International Publishing,book-chapter,,0,40,5,2,0
10.1007/978-3-030-53288-8_32,True,,SeQuaiA: A Scalable Tool for Semi-Quantitative Analysis of Chemical Reaction Networks,Springer International Publishing,book-chapter,,0,35,4,2,0
10.1007/978-3-030-53288-8_4,True,,Improved Geometric Path Enumeration for Verifying ReLU Neural Networks,Springer International Publishing,book-chapter,,0,30,65,2,0
10.1007/978-3-030-53288-8_5,True,,Systematic Generation of Diverse Benchmarks for DNN Verification,Springer International Publishing,book-chapter,,0,64,8,2,0
10.1007/978-3-030-53288-8_6,True,,Formal Analysis and Redesign of a Neural Network-Based Aircraft Taxiing System with VerifAI,Springer International Publishing,book-chapter,,0,19,45,2,0
10.1007/978-3-030-53291-8_1,True,,Automata Tutor v3,Springer International Publishing,book-chapter,,0,18,15,2,0
10.1007/978-3-030-53291-8_10,True,,MetaVal: Witness Validation via Verification,Springer International Publishing,book-chapter,,0,41,28,2,0
10.1007/978-3-030-53291-8_12,True,,Ivy: A Multi-modal Verification Tool for Distributed Algorithms,Springer International Publishing,book-chapter,,0,31,35,2,0
10.1007/978-3-030-53291-8_13,True,,Reasoning over Permissions Regions in Concurrent Separation Logic,Springer International Publishing,book-chapter,,0,32,7,2,0
10.1007/978-3-030-53291-8_14,True,,Local Reasoning About the Presence of Bugs: Incorrectness Separation Logic,Springer International Publishing,book-chapter,,0,46,59,2,0
10.1007/978-3-030-53291-8_15,True,,Maximum Causal Entropy Specification Inference from Demonstrations,Springer International Publishing,book-chapter,,0,33,6,2,0
10.1007/978-3-030-53291-8_16,True,,Certifying Certainty and Uncertainty in Approximate Membership Query Structures,Springer International Publishing,book-chapter,,0,47,6,2,0
10.1007/978-3-030-53291-8_18,True,,Unbounded-Time Safety Verification of Stochastic Differential Dynamics,Springer International Publishing,book-chapter,,0,39,8,2,0
10.1007/978-3-030-53291-8_19,True,,Widest Paths and Global Propagation in Bounded Value Iteration for Stochastic Games,Springer International Publishing,book-chapter,,0,26,10,2,0
10.1007/978-3-030-53291-8_2,True,,Seminator 2 Can Complement Generalized Büchi Automata via Improved Semi-determinization,Springer International Publishing,book-chapter,,0,30,8,2,0
10.1007/978-3-030-53291-8_20,True,,Checking Qualitative Liveness Properties of Replicated Systems with Stochastic Scheduling,Springer International Publishing,book-chapter,,0,65,6,2,0
10.1007/978-3-030-53291-8_21,True,,Stochastic Games with Lexicographic Reachability-Safety Objectives,Springer International Publishing,book-chapter,,0,47,13,2,0
10.1007/978-3-030-53291-8_23,True,,STMC: Statistical Model Checker with Stratified and Antithetic Sampling,Springer International Publishing,book-chapter,,0,28,0,2,0
10.1007/978-3-030-53291-8_25,True,,"PRISM-games 3.0: Stochastic Game Verification with Concurrency, Equilibria and Time",Springer International Publishing,book-chapter,,0,35,51,2,0
10.1007/978-3-030-53291-8_27,True,,PrIC3: Property Directed Reachability for MDPs,Springer International Publishing,book-chapter,,0,57,13,2,0
10.1007/978-3-030-53291-8_29,True,,Synthesizing JIT Compilers for In-Kernel DSLs,Springer International Publishing,book-chapter,,0,42,18,2,0
10.1007/978-3-030-53291-8_3,True,,RTLola Cleared for Take-Off: Monitoring Autonomous Aircraft,Springer International Publishing,book-chapter,,0,23,35,2,0
10.1007/978-3-030-53291-8_30,True,,Program Synthesis Using Deduction-Guided Reinforcement Learning,Springer International Publishing,book-chapter,,0,57,23,2,0
10.1007/978-3-030-53291-8_31,True,,Manthan: A Data-Driven Approach for Boolean Function Synthesis,Springer International Publishing,book-chapter,,0,46,25,2,0
10.1007/978-3-030-53291-8_32,True,,Decidable Synthesis of Programs with Uninterpreted Functions,Springer International Publishing,book-chapter,,0,56,8,2,0
10.1007/978-3-030-53291-8_33,True,,Must Fault Localization for Program Repair,Springer International Publishing,book-chapter,,0,47,10,2,0
10.1007/978-3-030-53291-8_5,True,,AdamMC: A Model Checker for Petri Nets with Transits against Flow-LTL,Springer International Publishing,book-chapter,,0,32,8,2,0
10.1007/978-3-030-53291-8_6,True,,"Action-Based Model Checking: Logic, Automata, and Reduction",Springer International Publishing,book-chapter,,0,37,4,2,0
10.1007/978-3-030-53291-8_8,True,,Towards Model Checking Real-World Software-Defined Networks,Springer International Publishing,book-chapter,,0,51,4,2,0
10.1007/978-3-030-53291-8_9,True,,Code2Inv: A Deep Learning Framework for Program Verification,Springer International Publishing,book-chapter,,0,38,28,2,0
10.1007/978-3-030-81685-8_10,True,,Scalable Polyhedral Verification of Recurrent Neural Networks,Springer International Publishing,book-chapter,,0,47,30,2,1
10.1007/978-3-030-81685-8_11,True,,Verisig 2.0: Verification of Neural Network Controllers Using Taylor Model Preconditioning,Springer International Publishing,book-chapter,,0,33,51,2,1
10.1007/978-3-030-81685-8_12,True,,Robustness Verification of Semantic Segmentation Neural Networks Using Relaxed Reachability,Springer International Publishing,book-chapter,,0,47,31,2,1
10.1007/978-3-030-81685-8_13,True,,PEREGRiNN: Penalized-Relaxation Greedy Neural Network Verifier,Springer International Publishing,book-chapter,,0,35,16,2,1
10.1007/978-3-030-81685-8_16,True,,Stateless Model Checking Under a Reads-Value-From Equivalence,Springer International Publishing,book-chapter,,0,33,23,2,1
10.1007/978-3-030-81685-8_18,True,,Delay-Bounded Scheduling Without Delay!,Springer International Publishing,book-chapter,,0,20,1,2,1
10.1007/978-3-030-81685-8_19,True,,"Checking Data-Race Freedom of GPU Kernels, Compositionally",Springer International Publishing,book-chapter,,0,39,14,2,1
10.1007/978-3-030-81685-8_2,True,,Balancing Automation and Control for Formal Verification of Microprocessors,Springer International Publishing,book-chapter,,0,44,5,2,1
10.1007/978-3-030-81685-8_20,True,,GenMC: A Model Checker for Weak Memory Models,Springer International Publishing,book-chapter,,0,43,44,2,1
10.1007/978-3-030-81685-8_21,True,,Synthesizing Invariant Barrier Certificates via Difference-of-Convex Programming,Springer International Publishing,book-chapter,,0,63,11,2,1
10.1007/978-3-030-81685-8_22,True,,An Iterative Scheme of Safe Reinforcement Learning for Nonlinear Systems via Barrier Certificate Generation,Springer International Publishing,book-chapter,,0,41,10,2,1
10.1007/978-3-030-81685-8_24,True,,Computing Bottom SCCs Symbolically Using Transition Guided Reduction,Springer International Publishing,book-chapter,,0,62,9,2,1
10.1007/978-3-030-81685-8_25,True,,Implicit Semi-Algebraic Abstraction for Polynomial Dynamical Systems,Springer International Publishing,book-chapter,,0,38,3,2,1
10.1007/978-3-030-81685-8_26,True,,IMITATOR 3: Synthesis of Timing Parameters Beyond Decidability,Springer International Publishing,book-chapter,,0,47,27,2,1
10.1007/978-3-030-81685-8_27,True,,Formally Verified Switching Logic for Recoverability of Aircraft Controller,Springer International Publishing,book-chapter,,0,42,1,2,1
10.1007/978-3-030-81685-8_29,True,,Effective Hybrid System Falsification Using Monte Carlo Tree Search Guided by QB-Robustness,Springer International Publishing,book-chapter,,0,42,30,2,1
10.1007/978-3-030-81685-8_30,True,,Fast Zone-Based Algorithms for Reachability in Pushdown Timed Automata,Springer International Publishing,book-chapter,,0,24,4,2,1
10.1007/978-3-030-81685-8_31,True,,Verified Cryptographic Code for Everybody,Springer International Publishing,book-chapter,,0,23,6,2,1
10.1007/978-3-030-81685-8_32,True,,"Not All Bugs Are Created Equal, But Robust Reachability Can Tell the Difference",Springer International Publishing,book-chapter,,0,48,9,2,1
10.1007/978-3-030-81685-8_33,True,,A Temporal Logic for Asynchronous Hyperproperties,Springer International Publishing,book-chapter,,0,28,35,2,1
10.1007/978-3-030-81685-8_34,True,,Product Programs in the Wild: Retrofitting Program Verifiers to Check Information Flow Security,Springer International Publishing,book-chapter,,0,49,6,2,1
10.1007/978-3-030-81685-8_36,True,,Pre-deployment Security Assessment for Cloud Services Through Semantic Reasoning,Springer International Publishing,book-chapter,,0,39,12,2,1
10.1007/978-3-030-81685-8_37,True,,Synthesis with Asymptotic Resource Bounds,Springer International Publishing,book-chapter,,0,20,5,2,1
10.1007/978-3-030-81685-8_38,True,,Program Sketching by Automatically Generating Mocks from Tests,Springer International Publishing,book-chapter,,0,31,3,2,1
10.1007/978-3-030-81685-8_39,True,,Counterexample-Guided Partial Bounding for Recursive Function Synthesis,Springer International Publishing,book-chapter,,0,37,13,2,1
10.1007/978-3-030-81685-8_40,True,,PAYNT: A Tool for Inductive Synthesis of Probabilistic Programs,Springer International Publishing,book-chapter,,0,49,17,2,1
10.1007/978-3-030-81685-8_41,True,,Adapting Behaviors via Reactive Synthesis,Springer International Publishing,book-chapter,,0,41,4,2,1
10.1007/978-3-030-81685-8_5,True,,"Deductive Synthesis of Programs with Pointers: Techniques, Challenges, Opportunities",Springer International Publishing,book-chapter,,0,96,5,2,1
10.1007/978-3-030-81685-8_6,True,,DNNV: A Framework for Deep Neural Network Verification,Springer International Publishing,book-chapter,,0,36,32,2,1
10.1007/978-3-030-81685-8_7,True,,Robustness Verification of Quantum Classifiers,Springer International Publishing,book-chapter,,0,41,34,2,1
10.1007/978-3-030-81685-8_8,True,,BDD4BNN: A BDD-Based Quantitative Analysis Framework for Binarized Neural Networks,Springer International Publishing,book-chapter,,0,71,25,2,1
10.1007/978-3-030-81685-8_9,True,,Automated Safety Verification of Programs Invoking Neural Networks,Springer International Publishing,book-chapter,,0,70,9,2,1
10.1007/978-3-030-81688-9_10,True,,Efficient SMT-Based Analysis of Failure Propagation,Springer International Publishing,book-chapter,,0,19,4,2,1
10.1007/978-3-030-81688-9_11,True,,ddSMT 2.0: Better Delta Debugging for the SMT-LIBv2 Language and Friends,Springer International Publishing,book-chapter,,0,24,17,2,1
10.1007/978-3-030-81688-9_12,True,,Learning Union of Integer Hypercubes with Queries,Springer International Publishing,book-chapter,,0,29,1,2,1
10.1007/978-3-030-81688-9_13,True,,Interpolation and Model Checking for Nonlinear Arithmetic,Springer International Publishing,book-chapter,,0,42,4,2,1
10.1007/978-3-030-81688-9_14,True,,An SMT Solver for Regular Expressions and Linear Arithmetic over String Length,Springer International Publishing,book-chapter,,0,42,33,2,1
10.1007/978-3-030-81688-9_16,True,,Sound Verification Procedures for Temporal Properties of Infinite-State Systems,Springer International Publishing,book-chapter,,0,27,4,2,1
10.1007/978-3-030-81688-9_17,True,,Progress in Certifying Hardware Model Checking Results,Springer International Publishing,book-chapter,,0,37,12,2,1
10.1007/978-3-030-81688-9_18,True,,Model-Checking Structured Context-Free Languages,Springer International Publishing,book-chapter,,0,55,6,2,1
10.1007/978-3-030-81688-9_2,True,,Ghost Signals: Verifying Termination of Busy Waiting,Springer International Publishing,book-chapter,,0,33,2,2,1
10.1007/978-3-030-81688-9_20,True,,AIGEN: Random Generation of Symbolic Transition Systems,Springer International Publishing,book-chapter,,0,16,4,2,1
10.1007/978-3-030-81688-9_21,True,,GPU Acceleration of Bounded Model Checking with ParaFROST,Springer International Publishing,book-chapter,,0,42,10,2,1
10.1007/978-3-030-81688-9_22,True,,Pono: A Flexible and Extensible SMT-Based Model Checker,Springer International Publishing,book-chapter,,0,73,33,2,1
10.1007/978-3-030-81688-9_23,True,,Towards a Trustworthy Semantics-Based Language Framework via Proof Generation,Springer International Publishing,book-chapter,,0,26,17,2,1
10.1007/978-3-030-81688-9_24,True,,Foundations of Fine-Grained Explainability,Springer International Publishing,book-chapter,,0,51,2,2,1
10.1007/978-3-030-81688-9_25,True,,Latticed k-Induction with an Application to Probabilistic Programs,Springer International Publishing,book-chapter,,0,68,19,2,1
10.1007/978-3-030-81688-9_26,True,,Runtime Monitors for Markov Decision Processes,Springer International Publishing,book-chapter,,0,59,19,2,1
10.1007/978-3-030-81688-9_28,True,,Enforcing Almost-Sure Reachability in POMDPs,Springer International Publishing,book-chapter,,0,58,15,2,1
10.1007/978-3-030-81688-9_32,True,,LLMC: Verifying High-Performance Software,Springer International Publishing,book-chapter,,0,19,1,2,1
10.1007/978-3-030-81688-9_33,True,,Formally Validating a Practical Verification Condition Generator,Springer International Publishing,book-chapter,,0,44,17,2,1
10.1007/978-3-030-81688-9_34,True,,Automatic Generation and Validation of Instruction Encoders and Decoders,Springer International Publishing,book-chapter,,0,21,2,2,1
10.1007/978-3-030-81688-9_36,True,,Automatically Tailoring Abstract Interpretation to Custom Usage Scenarios,Springer International Publishing,book-chapter,,0,54,6,2,1
10.1007/978-3-030-81688-9_38,True,,"Gillian, Part II: Real-World Verification for JavaScript and C",Springer International Publishing,book-chapter,,0,48,17,2,1
10.1007/978-3-030-81688-9_4,True,,Decision Tree Learning in CEGIS-Based Termination Analysis,Springer International Publishing,book-chapter,,0,36,6,2,1
10.1007/978-3-030-81688-9_40,True,,Lower-Bound Synthesis Using Loop Specialization and Max-SMT,Springer International Publishing,book-chapter,,0,26,8,2,1
10.1007/978-3-030-81688-9_41,True,,Fast Computation of Strong Control Dependencies,Springer International Publishing,book-chapter,,0,37,1,2,1
10.1007/978-3-030-81688-9_42,True,,Diffy: Inductive Reasoning of Array Programs Using Difference Invariants,Springer International Publishing,book-chapter,,0,49,15,2,1
10.1007/978-3-030-81688-9_5,True,,ATLAS: Automated Amortised Complexity Analysis of Self-adjusting Data Structures,Springer International Publishing,book-chapter,,0,52,8,2,1
10.1007/978-3-030-81688-9_6,True,,Theory Exploration Powered by Deductive Synthesis,Springer International Publishing,book-chapter,,0,45,11,2,1
10.1007/978-3-030-81688-9_7,True,,CoqQFBV: A Scalable Certified SMT Quantifier-Free Bit-Vector Solver,Springer International Publishing,book-chapter,,0,31,8,2,1
10.1007/978-3-030-86205-3_3,True,,Symbol Elimination and Applications to Parametric Entailment Problems,Springer International Publishing,book-chapter,,0,42,2,2,0
10.1007/978-3-031-13185-1_20,True,,Explaining Hyperproperty Violations,Springer International Publishing,book-chapter,,0,70,13,2,1
10.1007/978-3-031-13188-2_13,True,,Reasoning About Data Trees Using CHCs,Springer International Publishing,book-chapter,,0,43,5,2,1
10.1007/978-3-031-13188-2_21,True,,MoGym: Using Formal Models for Training and Verifying Decision-making Agents,Springer International Publishing,book-chapter,,0,67,7,2,1
10.1007/978-3-031-13188-2_22,True,,Synthesis and Analysis of Petri Nets from Causal Specifications,Springer International Publishing,book-chapter,,0,37,1,2,1
10.1007/978-3-031-13188-2_23,True,,Verifying Generalised and Structural Soundness of Workflow Nets via Relaxations,Springer International Publishing,book-chapter,,0,35,1,2,1
10.1007/978-3-031-13188-2_24,True,,"Capture, Analyze, Diagnose: Realizability Checking Of Requirements in FRET",Springer International Publishing,book-chapter,,0,49,16,2,1
10.1007/978-3-031-13188-2_6,True,,FORQ-Based Language Inclusion Formal Testing,Springer International Publishing,book-chapter,,0,34,7,2,1
10.1007/978-3-031-15707-3_12,True,,Deep Learning for the Generation of Heuristics in Answer Set Programming: A Case Study of Graph Coloring,Springer International Publishing,book-chapter,,0,26,2,2,0
10.1007/978-3-031-15707-3_27,True,,Towards Causality-Based Conflict Resolution in Answer Set Programs,Springer International Publishing,book-chapter,,0,10,0,2,0
10.1007/978-3-031-15707-3_29,True,,Solving Problems in the Polynomial Hierarchy with ASP(Q),Springer International Publishing,book-chapter,,0,24,4,2,0
10.1007/978-3-031-15707-3_33,True,,QMaxSATpb: A Certified MaxSAT Solver,Springer International Publishing,book-chapter,,0,44,9,2,0
10.1007/978-3-031-15707-3_38,True,,Optimising Business Process Discovery Using Answer Set Programming,Springer International Publishing,book-chapter,,0,13,3,2,0
10.1007/978-3-031-21222-2_10,True,,Neural Network Precision Tuning Using Stochastic Arithmetic,Springer International Publishing,book-chapter,,0,42,6,2,0
10.1007/978-3-031-21222-2_3,True,,CEG4N: Counter-Example Guided Neural Network Quantization Refinement,Springer International Publishing,book-chapter,,0,31,1,2,0
10.1007/978-3-031-21222-2_5,True,,Differentiable Logics for Neural Network Training and Verification,Springer International Publishing,book-chapter,,0,15,2,2,0
10.1007/978-3-031-37703-7_1,True,,Bitwuzla,Springer Nature Switzerland,book-chapter,,0,42,49,2,1
10.1007/978-3-031-37703-7_3,True,,Exploiting Adjoints in Property Directed Reachability Analysis,Springer Nature Switzerland,book-chapter,,0,30,2,2,1
10.1007/978-3-031-37703-7_6,True,,Partial Quantifier Elimination and Property Generation,Springer Nature Switzerland,book-chapter,,0,38,1,2,1
10.1007/978-3-031-37706-8_12,True,,Unblocking Dynamic Partial Order Reduction,Springer Nature Switzerland,book-chapter,,0,26,7,2,1
10.1007/978-3-031-37706-8_4,True,,Online Causation Monitoring of Signal Temporal Logic,Springer Nature Switzerland,book-chapter,,0,40,6,2,1
10.1007/978-3-031-37706-8_9,True,,nekton: A Linearizability Proof Checker,Springer Nature Switzerland,book-chapter,,0,34,1,2,1
10.1007/978-3-031-37709-9_10,True,,SR-SFLL: Structurally Robust Stripped Functionality Logic Locking,Springer Nature Switzerland,book-chapter,,0,45,5,2,1
10.1007/978-3-031-37709-9_7,True,,AutoQ: An Automata-Based Quantum Circuit Verifier,Springer Nature Switzerland,book-chapter,,0,46,24,2,1
10.1007/978-3-031-37709-9_9,True,,Formally Verified EVM Block-Optimizations,Springer Nature Switzerland,book-chapter,,0,38,6,2,1
10.1007/978-3-031-65627-9_10,True,,The MoXI Model Exchange Tool Suite,Springer Nature Switzerland,book-chapter,,0,65,3,2,1
10.1007/978-3-031-65627-9_11,True,,SMLP: Symbolic Machine Learning Prover,Springer Nature Switzerland,book-chapter,,0,22,0,2,1
10.1007/978-3-031-65627-9_14,True,,Strided Difference Bound Matrices,Springer Nature Switzerland,book-chapter,,0,54,0,2,1
10.1007/978-3-031-65627-9_23,True,,SolTG: A CHC-Based Solidity Test Case Generator,Springer Nature Switzerland,book-chapter,,0,19,5,2,1
10.1007/978-3-031-65627-9_24,True,,Interactive Theorem Proving Modulo Fuzzing,Springer Nature Switzerland,book-chapter,,0,25,2,2,1
10.1007/978-3-031-65627-9_6,True,,From Clauses to Klauses,Springer Nature Switzerland,book-chapter,,0,48,2,2,1
10.1007/978-3-031-65627-9_7,True,,CaDiCaL 2.0,Springer Nature Switzerland,book-chapter,,0,116,39,2,1
10.1007/978-3-031-65630-9_1,True,,The VerCors Verifier: A Progress Report,Springer Nature Switzerland,book-chapter,,0,61,10,2,1
10.1007/978-3-031-65630-9_2,True,,Parsimonious Optimal Dynamic Partial Order Reduction,Springer Nature Switzerland,book-chapter,,0,48,4,2,1
10.1007/978-3-031-65630-9_6,True,,"Verifying Cake-Cutting, Faster",Springer Nature Switzerland,book-chapter,,0,19,0,2,1
10.1007/978-3-031-65630-9_7,True,,General Anticipatory Runtime Verification,Springer Nature Switzerland,book-chapter,,0,35,1,2,1
10.1007/978-3-031-65630-9_8,True,,Proactive Real-Time First-Order Enforcement,Springer Nature Switzerland,book-chapter,,0,61,5,2,1
10.1007/978-3-031-65633-0_2,True,,The SemGuS Toolkit,Springer Nature Switzerland,book-chapter,,0,25,5,2,1
10.1007/978-3-031-74209-5_1,True,,Deductive Systems for Logic Programs with Counting: Preliminary Report,Springer Nature Switzerland,book-chapter,,0,18,1,2,0
10.1007/978-3-031-74209-5_13,True,,Efficiently Grounding FOL Using Bit Vectors,Springer Nature Switzerland,book-chapter,,0,4,2,2,0
10.1007/978-3-031-74209-5_2,True,,Compiling Metric Temporal Answer Set Programming,Springer Nature Switzerland,book-chapter,,0,24,1,2,0
10.1007/978-3-031-74209-5_20,True,,Towards Explainable Weather Forecasting Through FastLAS,Springer Nature Switzerland,book-chapter,,0,25,3,2,0
10.1007/978-3-031-74209-5_21,True,,Semantic-Based Arguments Using Logic Programming Rewriting Systems,Springer Nature Switzerland,book-chapter,,0,21,0,2,0
10.1007/978-3-031-74209-5_29,True,,Integrating Structured Declarative Language (SDL) into ASP Chef,Springer Nature Switzerland,book-chapter,,0,10,0,2,0
10.1007/978-3-031-84924-4_7,True,,Automated Playing of Survival Video Games with Commonsense Reasoning,Springer Nature Switzerland,book-chapter,,0,15,0,2,0
10.1007/978-3-031-98668-0_4,True,,Raven: An SMT-Based Concurrency Verifier,Springer Nature Switzerland,book-chapter,,0,49,0,2,1
10.1007/978-3-031-98668-0_7,True,,Verifying PETSc Vector Components Using CIVL,Springer Nature Switzerland,book-chapter,,0,17,0,2,1
10.1007/978-3-031-98668-0_9,True,,The rIC3 Hardware Model Checker,Springer Nature Switzerland,book-chapter,,0,45,2,2,1
10.1007/978-3-031-98679-6_1,True,,Quantitative Supermartingale Certificates,Springer Nature Switzerland,book-chapter,,0,110,3,2,1
10.1007/978-3-031-98679-6_11,True,,Assessing the Quality of Binomial Samplers: A Statistical Distance Framework,Springer Nature Switzerland,book-chapter,,0,49,0,2,1
10.1007/978-3-031-98679-6_13,True,,Accelerating Markov Chain Model Checking: Good-for-Games Meets Unambiguous Automata,Springer Nature Switzerland,book-chapter,,0,26,0,2,1
10.1007/978-3-031-98679-6_14,True,,Floating-Point Neural Networks are Provably Robust Universal Approximators,Springer Nature Switzerland,book-chapter,,0,72,0,2,1
10.1007/978-3-031-98682-6_1,True,,Polyregular Model Checking,Springer Nature Switzerland,book-chapter,,0,32,0,2,1
10.1007/978-3-031-98682-6_11,True,,lean-smt: An SMT Tactic for Discharging Proof Goals in Lean,Springer Nature Switzerland,book-chapter,,0,37,9,2,1
10.1007/978-3-031-98682-6_18,True,,Counterexample-Guided Commutativity,Springer Nature Switzerland,book-chapter,,0,30,0,2,1
10.1007/978-3-031-98682-6_19,True,,Scaling Up Proactive Enforcement,Springer Nature Switzerland,book-chapter,,0,44,1,2,1
10.1007/978-3-031-98682-6_5,True,,Engineering an Efficient Probabilistic Exact Model Counter,Springer Nature Switzerland,book-chapter,,0,37,0,2,1
10.1007/978-3-031-98682-6_6,True,,Panini: An Efficient and Flexible Knowledge Compiler,Springer Nature Switzerland,book-chapter,,0,29,2,2,1
10.1007/978-3-031-98685-7_14,True,,Issy: A Comprehensive Tool for Specification and Synthesis of Infinite-State Reactive Systems,Springer Nature Switzerland,book-chapter,,0,25,2,2,1
10.1007/978-3-031-98685-7_7,True,,LearnLib: 10 years later,Springer Nature Switzerland,book-chapter,,0,82,0,2,1
10.1007/978-3-319-41528-4_10,True,,"A Decision Procedure for Sets, Binary Relations and Partial Functions",Springer International Publishing,book-chapter,,0,31,6,2,0
10.1007/978-3-319-41528-4_11,True,,Precise and Complete Propagation Based Local Search for Satisfiability Modulo Theories,Springer International Publishing,book-chapter,,0,40,14,2,0
10.1007/978-3-319-41528-4_12,True,,Progressive Reasoning over Recursively-Defined Strings,Springer International Publishing,book-chapter,,0,24,33,2,0
10.1007/978-3-319-41528-4_13,True,,String Analysis via Automata Manipulation with Logic Circuit Representation,Springer International Publishing,book-chapter,,0,34,21,2,0
10.1007/978-3-319-41528-4_14,True,,Rahft: A Tool for Verifying Horn Clauses Using Abstract Interpretation and Finite Tree Automata,Springer International Publishing,book-chapter,,0,37,26,2,0
10.1007/978-3-319-41528-4_15,True,,Infinite-State Liveness-to-Safety via Implicit Abstraction and Well-Founded Relations,Springer International Publishing,book-chapter,,0,45,25,2,0
10.1007/978-3-319-41528-4_16,True,,Proving Parameterized Systems Safe by Generalizing Clausal Proofs of Small Instances,Springer International Publishing,book-chapter,,0,22,5,2,0
10.1007/978-3-319-41528-4_17,True,,Learning-Based Assume-Guarantee Regression Verification,Springer International Publishing,book-chapter,,0,30,8,2,0
10.1007/978-3-319-41528-4_18,True,,Automated Circular Assume-Guarantee Reasoning with N-way Decomposition and Alphabet Refinement,Springer International Publishing,book-chapter,,0,25,8,2,0
10.1007/978-3-319-41528-4_19,True,,JayHorn: A Framework for Verifying Java programs,Springer International Publishing,book-chapter,,0,21,73,2,0
10.1007/978-3-319-41528-4_20,True,,Trigger Selection Strategies to Stabilize Program Verifiers,Springer International Publishing,book-chapter,,0,26,28,2,0
10.1007/978-3-319-41528-4_21,True,,Satisfiability Modulo Heap-Based Programs,Springer International Publishing,book-chapter,,0,45,21,2,0
10.1007/978-3-319-41528-4_22,True,,Automatic Verification of Iterated Separating Conjunctions Using Symbolic Execution,Springer International Publishing,book-chapter,,0,23,20,2,0
10.1007/978-3-319-41528-4_23,True,,From Shape Analysis to Termination Analysis in Linear Time,Springer International Publishing,book-chapter,,0,30,4,2,0
10.1007/978-3-319-41528-4_24,True,,RV-Match: Practical Semantics-Based Program Analysis,Springer International Publishing,book-chapter,,0,14,10,2,0
10.1007/978-3-319-41528-4_25,True,,Under-Approximating Backward Reachable Sets by Polytopes,Springer International Publishing,book-chapter,,0,39,32,2,0
10.1007/978-3-319-41528-4_26,True,,"Parsimonious, Simulation Based Verification of Linear Systems",Springer International Publishing,book-chapter,,0,26,42,2,0
10.1007/978-3-319-41528-4_29,True,,Automatic Reachability Analysis for Nonlinear Hybrid Models with C2E2,Springer International Publishing,book-chapter,,0,22,46,2,0
10.1007/978-3-319-41528-4_4,True,,PSI: Exact Symbolic Inference for Probabilistic Programs,Springer International Publishing,book-chapter,,0,46,106,2,0
10.1007/978-3-319-41528-4_5,True,,PSCV: A Runtime Verification Tool for Probabilistic SystemC Models,Springer International Publishing,book-chapter,,0,18,7,2,0
10.1007/978-3-319-41528-4_6,True,,Structural Synthesis for GXW Specifications,Springer International Publishing,book-chapter,,0,31,12,2,0
10.1007/978-3-319-41528-4_8,True,,"Fast, Flexible, and Minimal CTL Synthesis via SMT",Springer International Publishing,book-chapter,,0,18,4,2,0
10.1007/978-3-319-41528-4_9,True,,Synthesis of Self-Stabilising and Byzantine-Resilient Distributed Systems,Springer International Publishing,book-chapter,,0,54,13,2,0
10.1007/978-3-319-41540-6_1,True,,Model Checking at Scale: Automated Air Traffic Control Design Space Exploration,Springer International Publishing,book-chapter,,0,35,30,2,0
10.1007/978-3-319-41540-6_10,True,,ParCoSS: Efficient Parallelized Compiled Symbolic Simulation,Springer International Publishing,book-chapter,,0,17,7,2,0
10.1007/978-3-319-41540-6_11,True,,XSat: A Fast Floating-Point Satisfiability Solver,Springer International Publishing,book-chapter,,0,39,28,2,0
10.1007/978-3-319-41540-6_12,True,,Effectively Propositional Interpolants,Springer International Publishing,book-chapter,,0,31,5,2,0
10.1007/978-3-319-41540-6_16,True,,A Simple Algorithm for Solving Qualitative Probabilistic Parity Games,Springer International Publishing,book-chapter,,0,36,8,2,0
10.1007/978-3-319-41540-6_18,True,,Slugs: Extensible GR(1) Synthesis,Springer International Publishing,book-chapter,,0,12,75,2,0
10.1007/978-3-319-41540-6_19,True,,Synthesis of Fault-Attack Countermeasures for Cryptographic Circuits,Springer International Publishing,book-chapter,,0,42,16,2,0
10.1007/978-3-319-41540-6_2,True,,Investigating Safety of a Radiotherapy Machine Using System Models with Pluggable Checkers,Springer International Publishing,book-chapter,,0,49,13,2,0
10.1007/978-3-319-41540-6_20,True,,A SAT-Based Counterexample Guided Method for Unbounded Synthesis,Springer International Publishing,book-chapter,,0,22,8,2,0
10.1007/978-3-319-41540-6_21,True,,Qlose: Program Repair with Quantitative Objectives,Springer International Publishing,book-chapter,,0,33,55,2,0
10.1007/978-3-319-41540-6_23,True,,Soufflé: On Synthesis of Program Analyzers,Springer International Publishing,book-chapter,,0,18,95,2,0
10.1007/978-3-319-41540-6_24,True,,Property Directed Equivalence via Abstract Simulation,Springer International Publishing,book-chapter,,0,34,17,2,0
10.1007/978-3-319-41540-6_25,True,,Combining Model Learning and Model Checking to Analyze TCP Implementations,Springer International Publishing,book-chapter,,0,48,84,2,0
10.1007/978-3-319-41540-6_26,True,,BFS-Based Model Checking of Linear-Time Properties with an Application on GPUs,Springer International Publishing,book-chapter,,0,39,23,2,0
10.1007/978-3-319-41540-6_27,True,,BigraphER: Rewriting and Analysis Engine for Bigraphs,Springer International Publishing,book-chapter,,0,19,37,2,0
10.1007/978-3-319-41540-6_28,True,,Verification-Aided Debugging: An Interactive Web-Service for Exploring Error Witnesses,Springer International Publishing,book-chapter,,0,11,18,2,0
10.1007/978-3-319-41540-6_4,True,,A Practical Verification Framework for Preemptive OS Kernels,Springer International Publishing,book-chapter,,0,27,53,2,0
10.1007/978-3-319-41540-6_5,True,,Probabilistic Automated Language Learning for Configuration Files,Springer International Publishing,book-chapter,,0,13,20,2,0
10.1007/978-3-319-41540-6_6,True,,The Commutativity Problem of the MapReduce Framework: A Transducer-Based Approach,Springer International Publishing,book-chapter,,0,18,11,2,0
10.1007/978-3-319-41540-6_7,True,,Liveness of Randomised Parameterised Systems under Arbitrary Schedulers,Springer International Publishing,book-chapter,,0,79,18,2,0
10.1007/978-3-319-41540-6_9,True,,Hitting Families of Schedules for Asynchronous Programs,Springer International Publishing,book-chapter,,0,24,6,2,0
10.1007/978-3-319-54292-8_1,True,,Verification of Networks of Smart Energy Systems over the Cloud,Springer International Publishing,book-chapter,,0,23,2,1,0
10.1007/978-3-319-54292-8_2,True,,Proving Properties on PWA Systems Using Copositive and Semidefinite Programming,Springer International Publishing,book-chapter,,0,13,2,1,0
10.1007/978-3-319-54292-8_3,True,,Formal Analysis of Engineering Systems Based on Signal-Flow-Graph Theory,Springer International Publishing,book-chapter,,0,24,1,1,0
10.1007/978-3-319-54292-8_4,True,,Computing a Correct and Tight Rounding Error Bound Using Rounding-to-Nearest,Springer International Publishing,book-chapter,,0,7,0,1,0
10.1007/978-3-319-54292-8_5,True,,Studying Sequences of Jumps in Hybrid Systems to Detect Zeno Phenomenon,Springer International Publishing,book-chapter,,0,13,0,1,0
10.1007/978-3-319-54292-8_6,True,,Toward a Standard Benchmark Format and Suite for Floating-Point Analysis,Springer International Publishing,book-chapter,,0,25,43,1,0
10.1007/978-3-319-54292-8_8,True,,Model Based Automatic Code Generation for Nonlinear Model Predictive Control,Springer International Publishing,book-chapter,,0,7,0,1,0
10.1007/978-3-319-54292-8_9,True,,Reduce the Complexity of the Polyhedron Minimization Using the Max Plus Pruning Method,Springer International Publishing,book-chapter,,0,12,0,1,0
10.1007/978-3-319-55014-5_1,True,,Can Existing Biomedical Ontologies Be More Useful for EHR and CDS?,Springer International Publishing,book-chapter,,0,40,1,1,0
10.1007/978-3-319-55014-5_2,True,,Formalization and Computation of Diabetes Quality Indicators with Patient Data from a Chinese Hospital,Springer International Publishing,book-chapter,,0,17,0,1,0
10.1007/978-3-319-55014-5_3,True,,Simulation-Based Episodes of Care Data Synthetization for Chronic Disease Patients,Springer International Publishing,book-chapter,,0,20,2,1,0
10.1007/978-3-319-55014-5_4,True,,A Public Health Surveillance Platform Exploiting Free-Text Sources via Natural Language Processing and Linked Data: Application in Adverse Drug Reaction Signal Detection Using PubMed and Twitter,Springer International Publishing,book-chapter,,0,36,7,1,0
10.1007/978-3-319-55014-5_5,True,,Knowledge-Driven Paper Retrieval to Support Updating of Clinical Guidelines,Springer International Publishing,book-chapter,,0,17,0,1,0
10.1007/978-3-319-55014-5_6,True,,Applying SPARQL-Based Inference and Ontologies for Modelling and Execution of Clinical Practice Guidelines: A Case Study on Hypertension Management,Springer International Publishing,book-chapter,,0,32,3,1,0
10.1007/978-3-319-55014-5_7,True,,Generating Conflict-Free Treatments for Patients with Comorbidity Using Answer Set Programming,Springer International Publishing,book-chapter,,0,16,2,1,0
10.1007/978-3-319-61660-5_10,True,,A Monotonic View on Reflexive Autoepistemic Reasoning,Springer International Publishing,book-chapter,,0,18,3,1,0
10.1007/978-3-319-61660-5_11,True,,Minimal Inference Problem Over Finite Domains: The Landscape of Complexity,Springer International Publishing,book-chapter,,0,22,1,1,0
10.1007/978-3-319-61660-5_13,True,,Answer Set Solving with Bounded Treewidth Revisited,Springer International Publishing,book-chapter,,0,14,14,1,0
10.1007/978-3-319-61660-5_15,True,,Answer Set Programs with Queries over Subprograms,Springer International Publishing,book-chapter,,0,15,0,1,0
10.1007/978-3-319-61660-5_16,True,,Explaining Inconsistency in Answer Set Programs and Extensions,Springer International Publishing,book-chapter,,0,14,0,1,0
10.1007/978-3-319-61660-5_17,True,,Blending Lazy-Grounding and CDNL Search for Answer-Set Solving,Springer International Publishing,book-chapter,,0,17,20,1,0
10.1007/978-3-319-61660-5_18,True,,Answer Set Programming with Graded Modality,Springer International Publishing,book-chapter,,0,8,0,1,0
10.1007/978-3-319-61660-5_19,True,,The ASP System DLV2,Springer International Publishing,book-chapter,,0,16,59,1,0
10.1007/978-3-319-61660-5_22,True,,NoHR: Integrating XSB Prolog with the OWL 2 Profiles and Beyond,Springer International Publishing,book-chapter,,0,25,5,1,0
10.1007/978-3-319-61660-5_23,True,,ArgueApply: A Mobile App for Argumentation,Springer International Publishing,book-chapter,,0,22,5,1,0
10.1007/978-3-319-61660-5_24,True,,catnap: Generating Test Suites of Constrained Combinatorial Testing with Answer Set Programming,Springer International Publishing,book-chapter,,0,22,2,1,0
10.1007/978-3-319-61660-5_25,True,,Automatic Synthesis of Optimal-Size Concentrators by Answer Set Programming,Springer International Publishing,book-chapter,,0,19,2,1,0
10.1007/978-3-319-61660-5_26,True,,plasp 3: Towards Effective ASP Planning,Springer International Publishing,book-chapter,,0,17,7,1,0
10.1007/978-3-319-61660-5_27,True,,Nurse Scheduling via Answer Set Programming,Springer International Publishing,book-chapter,,0,20,30,1,0
10.1007/978-3-319-61660-5_29,True,,Action Language Hybrid AL,Springer International Publishing,book-chapter,,0,14,2,1,0
10.1007/978-3-319-61660-5_3,True,,Answer Set Programming and Its Applications in Planning and Multi-agent Systems,Springer International Publishing,book-chapter,,0,36,0,1,0
10.1007/978-3-319-61660-5_30,True,,moviola: Interpreting Dynamic Logic Programs via Multi-shot Answer Set Programming,Springer International Publishing,book-chapter,,0,14,1,1,0
10.1007/978-3-319-61660-5_31,True,,Adjudication of Coreference Annotations via Answer Set Optimization,Springer International Publishing,book-chapter,,0,29,2,1,0
10.1007/978-3-319-61660-5_4,True,,From Logic Programming and Non-monotonic Reasoning to Computational Argumentation and Beyond,Springer International Publishing,book-chapter,,0,20,0,1,0
10.1007/978-3-319-61660-5_5,True,,Modular Construction of Minimal Models,Springer International Publishing,book-chapter,,0,4,0,1,0
10.1007/978-3-319-61660-5_6,True,,A Hasse Diagram for Weighted Sceptical Semantics with a Unique-Status Grounded Semantics,Springer International Publishing,book-chapter,,0,13,6,1,0
10.1007/978-3-319-61660-5_7,True,,Foundations for a Probabilistic Event Calculus,Springer International Publishing,book-chapter,,0,12,5,1,0
10.1007/978-3-319-61660-5_8,True,,Contextual Reasoning: Usually Birds Can Abductively Fly,Springer International Publishing,book-chapter,,0,26,4,1,0
10.1007/978-3-319-63387-9_10,True,,Value Iteration for Long-Run Average Reward in Markov Decision Processes,Springer International Publishing,book-chapter,,0,33,29,2,0
10.1007/978-3-319-63387-9_11,True,,STLInspector: STL Validation with Guarantees,Springer International Publishing,book-chapter,,0,21,9,2,0
10.1007/978-3-319-63387-9_14,True,,Data-Driven Synthesis of Full Probabilistic Programs,Springer International Publishing,book-chapter,,0,38,11,2,0
10.1007/978-3-319-63387-9_16,True,,Montre: A Tool for Monitoring Timed Regular Expressions,Springer International Publishing,book-chapter,,0,16,24,2,0
10.1007/978-3-319-63387-9_17,True,,Runtime Monitoring with Recovery of the SENT Communication Protocol,Springer International Publishing,book-chapter,,0,40,23,2,0
10.1007/978-3-319-63387-9_18,True,,Runtime Verification of Temporal Properties over Out-of-Order Data Streams,Springer International Publishing,book-chapter,,0,22,15,2,0
10.1007/978-3-319-63387-9_19,True,,Lagrangian Reachabililty,Springer International Publishing,book-chapter,,0,33,4,2,0
10.1007/978-3-319-63387-9_2,True,,Program Verification Under Weak Memory Consistency Using Separation Logic,Springer International Publishing,book-chapter,,0,28,6,2,0
10.1007/978-3-319-63387-9_20,True,,Simulation-Equivalent Reachability of Large Linear Systems with Inputs,Springer International Publishing,book-chapter,,0,21,48,2,0
10.1007/978-3-319-63387-9_21,True,,MightyL: A Compositional Translation from MITL to Timed Automata,Springer International Publishing,book-chapter,,0,39,22,2,0
10.1007/978-3-319-63387-9_22,True,,DryVR: Data-Driven Verification and Compositional Reasoning for Automotive Systems,Springer International Publishing,book-chapter,,0,38,68,2,0
10.1007/978-3-319-63387-9_23,True,,Automated Formal Synthesis of Digital Controllers for State-Space Physical Plants,Springer International Publishing,book-chapter,,0,34,24,2,0
10.1007/978-3-319-63387-9_24,True,,Classification and Coverage-Based Falsification for Embedded Control Systems,Springer International Publishing,book-chapter,,0,26,35,2,0
10.1007/978-3-319-63387-9_25,True,,GPUDrano: Detecting Uncoalesced Accesses in GPU Programs,Springer International Publishing,book-chapter,,0,24,12,2,0
10.1007/978-3-319-63387-9_27,True,,Starling: Lightweight Concurrency Verification with Views,Springer International Publishing,book-chapter,,0,27,11,2,0
10.1007/978-3-319-63387-9_28,True,,Compositional Model Checking with Incremental Counter-Example Construction,Springer International Publishing,book-chapter,,0,46,0,2,0
10.1007/978-3-319-63387-9_29,True,,Pithya: A Parallel Tool for Parameter Synthesis of Piecewise Multi-affine Dynamical Systems,Springer International Publishing,book-chapter,,0,29,6,2,0
10.1007/978-3-319-63387-9_4,True,,Maximum Satisfiability in Software Analysis: Applications and Techniques,Springer International Publishing,book-chapter,,0,72,9,2,0
10.1007/978-3-319-63387-9_5,True,,Reluplex: An Efficient SMT Solver for Verifying Deep Neural Networks,Springer International Publishing,book-chapter,,0,35,900,2,0
10.1007/978-3-319-63387-9_6,True,,Automated Recurrence Analysis for Almost-Linear Expected-Runtime Bounds,Springer International Publishing,book-chapter,,0,48,14,2,0
10.1007/978-3-319-63387-9_8,True,,Ensuring the Reliability of Your Model Checker: Interval Iteration for Markov Decision Processes,Springer International Publishing,book-chapter,,0,31,58,2,0
10.1007/978-3-319-63390-9_1,True,,Verified Compilation of Space-Efficient Reversible Circuits,Springer International Publishing,book-chapter,,0,33,31,2,0
10.1007/978-3-319-63390-9_10,True,,Minimization of Symbolic Transducers,Springer International Publishing,book-chapter,,0,41,2,2,0
10.1007/978-3-319-63390-9_11,True,,Abstract Interpretation with Unfoldings,Springer International Publishing,book-chapter,,0,26,6,2,0
10.1007/978-3-319-63390-9_12,True,,Cutoff Bounds for Consensus Algorithms,Springer International Publishing,book-chapter,,0,49,27,2,0
10.1007/978-3-319-63390-9_15,True,,Verifying Equivalence of Spark Programs,Springer International Publishing,book-chapter,,0,30,12,2,0
10.1007/978-3-319-63390-9_16,True,,Synchronization Synthesis for Network Programs,Springer International Publishing,book-chapter,,0,37,8,2,0
10.1007/978-3-319-63390-9_17,True,,BoSy: An Experimentation Framework for Bounded Synthesis,Springer International Publishing,book-chapter,,0,25,47,2,0
10.1007/978-3-319-63390-9_2,True,,Ascertaining Uncertainty for Efficient Exact Cache Analysis,Springer International Publishing,book-chapter,,0,21,12,2,0
10.1007/978-3-319-63390-9_20,True,,Syntax-Guided Optimal Synthesis for Chemical Reaction Networks,Springer International Publishing,book-chapter,,0,53,17,2,0
10.1007/978-3-319-63390-9_21,True,,Model Counting for Recursively-Defined Strings,Springer International Publishing,book-chapter,,0,30,14,2,0
10.1007/978-3-319-63390-9_22,True,,A Three-Tier Strategy for Reasoning About Floating-Point Numbers in SMT,Springer International Publishing,book-chapter,,0,12,7,2,0
10.1007/978-3-319-63390-9_23,True,,A Correct-by-Decision Solution for Simultaneous Place and Route,Springer International Publishing,book-chapter,,0,20,2,2,0
10.1007/978-3-319-63390-9_24,True,,Scaling Up DPLL(T) String Solvers Using Context-Dependent Simplification,Springer International Publishing,book-chapter,,0,30,34,2,0
10.1007/978-3-319-63390-9_25,True,,On Expansion and Resolution in CEGAR Based QBF Solving,Springer International Publishing,book-chapter,,0,27,12,2,0
10.1007/978-3-319-63390-9_27,True,,Finding Fix Locations for CFL-Reachability Analyses via Minimum Cuts,Springer International Publishing,book-chapter,,0,23,1,2,0
10.1007/978-3-319-63390-9_28,True,,Proving Linearizability Using Forward Simulations,Springer International Publishing,book-chapter,,0,29,17,2,0
10.1007/978-3-319-63390-9_29,True,,"EAHyper: Satisfiability, Implication, and Equivalence Checking of Hyperproperties",Springer International Publishing,book-chapter,,0,17,31,2,0
10.1007/978-3-319-63390-9_30,True,,Automating Induction for Solving Horn Clauses,Springer International Publishing,book-chapter,,0,60,36,2,0
10.1007/978-3-319-63390-9_31,True,,A Storm is Coming: A Modern Probabilistic Model Checker,Springer International Publishing,book-chapter,,0,46,278,2,0
10.1007/978-3-319-63390-9_4,True,,Automated Resource Analysis with Coq Proof Objects,Springer International Publishing,book-chapter,,0,33,26,2,0
10.1007/978-3-319-63390-9_5,True,,Look for the Proof to Find the Program: Decorated-Component-Based Program Synthesis,Springer International Publishing,book-chapter,,0,32,7,2,0
10.1007/978-3-319-63390-9_6,True,,E-QED: Electrical Bug Localization During Post-silicon Validation Enabled by Quick Error Detection and Formal Methods,Springer International Publishing,book-chapter,,0,40,7,2,0
10.1007/978-3-319-63390-9_7,True,,SMTCoq: A Plug-In for Integrating SMT Solvers into Coq,Springer International Publishing,book-chapter,,0,14,55,2,0
10.1007/978-3-319-63390-9_8,True,,Efficient Parallel Strategy Improvement for Parity Games,Springer International Publishing,book-chapter,,0,33,8,2,0
10.1007/978-3-319-63390-9_9,True,,Model-Checking Linear-Time Properties of Parametrized Asynchronous Shared-Memory Pushdown Systems,Springer International Publishing,book-chapter,,0,35,9,2,0
10.1007/978-3-319-63501-9_1,True,,Verified Computations Using Taylor Models and Their Applications,Springer International Publishing,book-chapter,,0,13,13,1,0
10.1007/978-3-319-63501-9_2,True,,Introduction to the IEEE 1788-2015 Standard for Interval Arithmetic,Springer International Publishing,book-chapter,,0,19,10,1,0
10.1007/978-3-319-63501-9_3,True,,Formal Correctness of Comparison Algorithms Between Binary64 and Decimal64 Floating-Point Numbers,Springer International Publishing,book-chapter,,0,9,1,1,0
10.1007/978-3-319-63501-9_4,True,,Sound Numerical Computations in Abstract Acceleration,Springer International Publishing,book-chapter,,0,36,3,1,0
10.1007/978-3-319-63501-9_5,True,,Studying the Numerical Quality of an Industrial Computing Code: A Case Study on Code_aster,Springer International Publishing,book-chapter,,0,22,10,1,0
10.1007/978-3-319-63501-9_6,True,,Challenges and Tool Implementation of Hybrid Rapidly-Exploring Random Trees,Springer International Publishing,book-chapter,,0,14,1,1,0
10.1007/978-3-319-63501-9_7,True,,Rigorous Reachability Analysis and Domain Decomposition of Taylor Models,Springer International Publishing,book-chapter,,0,27,5,1,0
10.1007/978-3-319-63501-9_8,True,,A Study of Model-Order Reduction Techniques for Verification,Springer International Publishing,book-chapter,,0,22,6,1,0
10.1007/978-3-319-96142-2_1,True,,Let this Graph Be Your Witness!,Springer International Publishing,book-chapter,,0,17,4,1,0
10.1007/978-3-319-96142-2_11,True,,Lazy Self-composition for Security Verification,Springer International Publishing,book-chapter,,0,35,17,1,0
10.1007/978-3-319-96142-2_12,True,,SCInfer: Refinement-Based Verification of Software Countermeasures Against Side-Channel Attacks,Springer International Publishing,book-chapter,,0,54,28,1,0
10.1007/978-3-319-96142-2_13,True,,Symbolic Algorithms for Graphs and Markov Decision Processes with Fairness Objectives,Springer International Publishing,book-chapter,,0,35,6,1,0
10.1007/978-3-319-96142-2_14,True,,Attracting Tangles to Solve Parity Games,Springer International Publishing,book-chapter,,0,25,12,1,0
10.1007/978-3-319-96142-2_15,True,,Delta-Decision Procedures for Exists-Forall Problems over the Reals,Springer International Publishing,book-chapter,,0,29,12,1,0
10.1007/978-3-319-96142-2_17,True,,Understanding and Extending Incremental Determinization for 2QBF,Springer International Publishing,book-chapter,,0,36,14,1,0
10.1007/978-3-319-96142-2_19,True,,Model Generation for Quantified Formulas: A Taint-Based Approach,Springer International Publishing,book-chapter,,0,36,3,1,0
10.1007/978-3-319-96142-2_2,True,,MaxSMT-Based Type Inference for Python 3,Springer International Publishing,book-chapter,,0,26,29,1,0
10.1007/978-3-319-96142-2_20,True,,Partial Order Aware Concurrency Sampling,Springer International Publishing,book-chapter,,0,33,19,1,0
10.1007/978-3-319-96142-2_21,True,,Reasoning About TSO Programs Using Reduction and Abstraction,Springer International Publishing,book-chapter,,0,20,7,1,0
10.1007/978-3-319-96142-2_23,True,,On the Completeness of Verifying Message Passing Programs Under Bounded Asynchrony,Springer International Publishing,book-chapter,,0,29,26,1,0
10.1007/978-3-319-96142-2_25,True,,Formal Verification of a Vehicle-to-Vehicle (V2V) Messaging System,Springer International Publishing,book-chapter,,0,15,7,1,0
10.1007/978-3-319-96142-2_26,True,,Continuous Formal Verification of Amazon s2n,Springer International Publishing,book-chapter,,0,25,42,1,0
10.1007/978-3-319-96142-2_27,True,,Symbolic Liveness Analysis of Real-World Software,Springer International Publishing,book-chapter,,0,50,3,1,0
10.1007/978-3-319-96142-2_3,True,,The JKind Model Checker,Springer International Publishing,book-chapter,,0,28,41,1,0
10.1007/978-3-319-96142-2_30,True,,Formally Verified Montgomery Multiplication,Springer International Publishing,book-chapter,,0,14,5,1,0
10.1007/978-3-319-96142-2_31,True,,Inner and Outer Approximating Flowpipes for Delay Differential Equations,Springer International Publishing,book-chapter,,0,32,16,1,0
10.1007/978-3-319-96142-2_4,True,,The DEEPSEC Prover,Springer International Publishing,book-chapter,,0,26,9,1,0
10.1007/978-3-319-96142-2_5,True,,SimpleCAR: An Efficient Bug-Finding Tool Based on Approximate Reachability,Springer International Publishing,book-chapter,,0,23,15,1,0
10.1007/978-3-319-96142-2_6,True,,StringFuzz: A Fuzzer for String Solvers,Springer International Publishing,book-chapter,,0,13,41,1,0
10.1007/978-3-319-96142-2_7,True,,Permission Inference for Array Programs,Springer International Publishing,book-chapter,,0,45,8,1,0
10.1007/978-3-319-96142-2_9,True,,Automata vs Linear-Programming Discounted-Sum Inclusion,Springer International Publishing,book-chapter,,0,23,2,1,0
10.1007/978-3-319-96145-3_10,True,,JBMC: A Bounded Model Checking Tool for Verifying Java Bytecode,Springer International Publishing,book-chapter,,0,14,57,1,0
10.1007/978-3-319-96145-3_12,True,,Fast Numerical Program Analysis with Reinforcement Learning,Springer International Publishing,book-chapter,,0,25,16,1,0
10.1007/978-3-319-96145-3_16,True,,Synthesizing Reactive Systems from Hyperproperties,Springer International Publishing,book-chapter,,0,22,20,1,0
10.1007/978-3-319-96145-3_18,True,,Constraint-Based Synthesis of Coupling Proofs,Springer International Publishing,book-chapter,,0,29,4,1,0
10.1007/978-3-319-96145-3_19,True,,Controller Synthesis Made Real: Reach-Avoid Specifications and Linear Dynamics,Springer International Publishing,book-chapter,,0,41,20,1,0
10.1007/978-3-319-96145-3_2,True,,From Programs to Interpretable Deep Models and Back,Springer International Publishing,book-chapter,,0,12,4,1,0
10.1007/978-3-319-96145-3_20,True,,Synthesis of Asynchronous Reactive Programs from Temporal Specifications,Springer International Publishing,book-chapter,,0,37,7,1,0
10.1007/978-3-319-96145-3_21,True,,Syntax-Guided Synthesis with Quantitative Syntactic Objectives,Springer International Publishing,book-chapter,,0,21,14,1,0
10.1007/978-3-319-96145-3_24,True,,Reachable Set Over-Approximation for Nonlinear Systems Using Piecewise Barrier Tubes,Springer International Publishing,book-chapter,,0,40,11,1,0
10.1007/978-3-319-96145-3_27,True,,Monitoring CTMCs by Multi-clock Timed Automata,Springer International Publishing,book-chapter,,0,28,5,1,0
10.1007/978-3-319-96145-3_28,True,,Start Pruning When Time Gets Urgent: Partial Order Reduction for Timed Systems,Springer International Publishing,book-chapter,,0,41,7,1,0
10.1007/978-3-319-96145-3_29,True,,A Counting Semantics for Monitoring LTL Specifications over Finite Traces,Springer International Publishing,book-chapter,,0,17,10,1,0
10.1007/978-3-319-96145-3_30,True,,Rabinizer 4: From LTL to Your Favourite Deterministic Automaton,Springer International Publishing,book-chapter,,0,44,23,1,0
10.1007/978-3-319-96145-3_31,True,,Strix: Explicit Reactive Synthesis Strikes Back!,Springer International Publishing,book-chapter,,0,23,75,1,0
10.1007/978-3-319-96145-3_33,True,,Nagini: A Static Verifier for Python,Springer International Publishing,book-chapter,,0,24,37,1,0
10.1007/978-3-319-96145-3_34,True,,Peregrine: A Tool for the Analysis of Population Protocols,Springer International Publishing,book-chapter,,0,20,9,1,0
10.1007/978-3-319-96145-3_35,True,,ADAC: Automated Design of Approximate Circuits,Springer International Publishing,book-chapter,,0,25,6,1,0
10.1007/978-3-319-96145-3_39,True,,Deciding Probabilistic Bisimilarity Distance One for Labelled Markov Chains,Springer International Publishing,book-chapter,,0,31,2,1,0
10.1007/978-3-319-96145-3_9,True,,Exploiting Synchrony and Symmetry in Relational Verification,Springer International Publishing,book-chapter,,0,32,20,1,0
10.1007/978-94-007-0008-6_3,True,,Probabilistic Argumentation,Springer Netherlands,book-chapter,,0,13,2,0,0
10.1016/j.entcs.2020.02.007,True,,Populational Announcement Logic (PPAL),Elsevier BV,journal-article,,0,22,0,3,0
10.1016/j.tcs.2019.07.003,True,,Type-two polynomial-time and restricted lookahead,Elsevier BV,journal-article,,0,33,1,8,0
10.1017/s1471068420000095,True,,Omission-Based Abstraction for Answer Set Programs,Cambridge University Press (CUP),journal-article,,0,65,8,1,1
10.1017/s147106842400022x,True,,A Reliable Common-Sense Reasoning Socialbot Built Using LLMs and Goal-Directed ASP,Cambridge University Press (CUP),journal-article,,0,0,2,1,1
10.1017/s1471068424000322,True,,A Neurosymbolic Framework for Bias Correction in Convolutional Neural Networks,Cambridge University Press (CUP),journal-article,,0,0,2,1,1
10.1038/scientificamerican0398-20b,True,,Unsound Reasoning,Springer Science and Business Media LLC,journal-article,,0,0,0,0,0
10.1109/cavs.2019.8887759,True,,Spatio-Temporal Dynamics of Cellular V2X Communication in Dense Vehicular Networks,IEEE,proceedings-article,,0,24,13,3,0
10.1109/cavs.2019.8887763,True,,Alternative Intersection Designs with Connected and Automated Vehicle,IEEE,proceedings-article,,0,25,8,3,0
10.1109/cavs.2019.8887764,True,,Meta-Deep Q-Learning for Eco-Routing,IEEE,proceedings-article,,0,24,6,3,0
10.1109/cavs.2019.8887768,True,,Correct-by-Construction Advanced Driver Assistance Systems Based on a Cognitive Architecture,IEEE,proceedings-article,,0,28,5,3,0
10.1109/cavs.2019.8887774,True,,Experimental Analysis of DSRC for Radio Signaling at Grade Crossings,IEEE,proceedings-article,,0,13,3,3,0
10.1109/cavs.2019.8887778,True,,Location Anomalies Detection for Connected and Autonomous Vehicles,IEEE,proceedings-article,,0,18,12,3,0
10.1109/cavs.2019.8887781,True,,Latency Analysis of LTE Networks for Vehicular Communications Based on Experiments and Computer Simulation,IEEE,proceedings-article,,0,12,1,3,0
10.1109/cavs.2019.8887782,True,,On Calendar-Based Scheduling for User-Friendly Charging of Plug-In Electric Vehicles,IEEE,proceedings-article,,0,24,5,3,0
10.1109/cavs.2019.8887783,True,,A Probabilistic Framework for Trajectory Prediction in Traffic Utilizing Driver Characterization,IEEE,proceedings-article,,0,9,2,3,0
10.1109/cavs.2019.8887784,True,,Clustering Strategies of Cooperative Adaptive Cruise Control: Impacts on Human-Driven Vehicles,IEEE,proceedings-article,,0,36,5,3,0
10.1109/cavs.2019.8887787,True,,Coordinating AV Dispatch with Smart Remote Parking,IEEE,proceedings-article,,0,17,1,3,0
10.1109/cavs.2019.8887788,True,,Towards Bridging the Gap between Modern and Legacy Automotive ECUs: A Software-Based Security Framework for Legacy ECUs,IEEE,proceedings-article,,0,40,7,3,0
10.1109/cavs.2019.8887791,True,,Investigating Value of Information in Future Vehicular Communications,IEEE,proceedings-article,,0,16,19,3,0
10.1109/cavs.2019.8887792,True,,Path Loss Models for V2V mmWave Communication: Performance Evaluation and Open Challenges,IEEE,proceedings-article,,0,19,29,3,0
10.1109/cavs.2019.8887793,True,,Modeling V2X Communications across Multiple Road Levels,IEEE,proceedings-article,,0,18,4,3,0
10.1109/cavs.2019.8887797,True,,Real-Time Hardware-In-the-Loop Emulation Framework for DSRC-Based Connected Vehicle Applications,IEEE,proceedings-article,,0,13,23,3,0
10.1109/cavs.2019.8887800,True,,Safety Planning Using Control Barrier Function: A Model Predictive Control Scheme,IEEE,proceedings-article,,0,14,13,3,0
10.1109/cavs.2019.8887811,True,,Geometrical Modeling of Non-Stationary Polarimetric Vehicular Radio Channels,IEEE,proceedings-article,,0,15,2,3,0
10.1109/cavs.2019.8887827,True,,Analysis of the Effects of Communication Trust and Delay on Consensus of Multi-Agent Systems,IEEE,proceedings-article,,0,10,2,3,0
10.1109/cavs.2019.8887832,True,,Cooperative Perception in Connected Vehicle Traffic under Field-of-View and Participation Variations,IEEE,proceedings-article,,0,31,5,3,0
10.1109/cavs.2019.8887834,True,,VRLS: A Unified Reinforcement Learning Scheduler for Vehicle-to-Vehicle Communications,IEEE,proceedings-article,,0,13,7,3,0
10.1109/cavs.2019.8887840,True,,C-V2X Assisted mmWave V2V Scheduling,IEEE,proceedings-article,,0,11,15,3,0
10.1109/cavs.2019.8887848,True,,Path Loss Analysis and Modeling for Vehicle-to-Vehicle Communications in Convoys in Safety-Related Scenarios,IEEE,proceedings-article,,0,19,6,3,0
10.1109/cavs51000.2020.9334558,True,,Cooperative Multi-Modal Localization in Connected and Autonomous Vehicles,IEEE,proceedings-article,,0,13,13,3,0
10.1109/cavs51000.2020.9334559,True,,A Context Aware and Traffic Adaptive Privacy Scheme in VANETs,IEEE,proceedings-article,,0,23,3,3,0
10.1109/cavs51000.2020.9334562,True,,Machine Learning Techniques for Vehicle Matching with Non-Overlapping Visual Features,IEEE,proceedings-article,,0,20,6,3,0
10.1109/cavs51000.2020.9334578,True,,Evaluation of Sensor Tolerances and Inevitability for Pre-Crash Safety Systems in Real Case Scenarios,IEEE,proceedings-article,,0,23,4,3,0
10.1109/cavs51000.2020.9334579,True,,Cooperative Road Geometry Estimation via Sharing Processed Camera Data,IEEE,proceedings-article,,0,12,1,3,0
10.1109/cavs51000.2020.9334587,True,,Validation and testing of the decentralized architecture for the occupancy grid filtering pipeline,IEEE,proceedings-article,,0,25,0,3,0
10.1109/cavs51000.2020.9334596,True,,Multi-Vehicle Coordination and Real-time Control of Connected and Automated Vehicles at Roundabouts,IEEE,proceedings-article,,0,17,2,3,0
10.1109/cavs51000.2020.9334597,True,,Interaction-aware risk assessment: focus on the lateral intention,IEEE,proceedings-article,,0,28,2,3,0
10.1109/cavs51000.2020.9334598,True,,Vehicle maneuver-based long-term trajectory prediction at intersection crossings,IEEE,proceedings-article,,0,16,6,3,0
10.1109/cavs51000.2020.9334599,True,,Formalizing Traffic Rules for Machine Interpretability,IEEE,proceedings-article,,0,25,45,3,0
10.1109/cavs51000.2020.9334603,True,,A Methodology to Determine Test Scenarios for Sensor Constellation Evaluations,IEEE,proceedings-article,,0,11,3,3,0
10.1109/cavs51000.2020.9334605,True,,Performance Analysis of Cellular-V2X with Adaptive &amp; Selective Power Control,IEEE,proceedings-article,,0,32,16,3,0
10.1109/cavs51000.2020.9334618,True,,Bandwidth-Adaptive Feature Sharing for Cooperative LIDAR Object Detection,IEEE,proceedings-article,,0,17,13,3,0
10.1109/cavs51000.2020.9334621,True,,Look-ahead Horizon based Energy Optimization for Connected Hybrid Electric Vehicles,IEEE,proceedings-article,,0,12,1,3,0
10.1109/cavs51000.2020.9334622,True,,Pose-graph based Crowdsourced Mapping Framework,IEEE,proceedings-article,,0,22,8,3,0
10.1109/cavs51000.2020.9334630,True,,Simulation Framework for Platooning based on Gazebo and SUMO,IEEE,proceedings-article,,0,27,2,3,0
10.1109/cavs51000.2020.9334636,True,,A Probabilistic Model for Visual Driver Gaze Approximation from Head Pose Estimation,IEEE,proceedings-article,,0,25,9,3,0
10.1109/cavs51000.2020.9334640,True,,Utility of Traffic Information in Dynamic Routing: Is Sharing Information Always Useful?,IEEE,proceedings-article,,0,15,1,3,0
10.1109/cavs51000.2020.9334646,True,,Evaluation of Measurement Space Representations of Deep Multi-Modal Object Detection for Extended Object Tracking in Autonomous Driving,IEEE,proceedings-article,,0,13,5,3,0
10.1109/cavs51000.2020.9334649,True,,Platoon String Stability: A Passivity Perspective,IEEE,proceedings-article,,0,18,3,3,0
10.1109/cavs51000.2020.9334650,True,,A Data-Driven Minimal Approach for CAN Bus Reverse Engineering,IEEE,proceedings-article,,0,12,14,3,0
10.1109/cavs51000.2020.9334658,True,,A MEC-assisted Vehicle Platooning Control through Docker Containers,IEEE,proceedings-article,,0,24,8,3,0
10.1109/cavs51000.2020.9334661,True,,Collaborative Collision Avoidance for CAVs in Unpredictable Scenarios,IEEE,proceedings-article,,0,10,1,3,0
10.1109/cavs51000.2020.9334665,True,,A Maneuver-based Urban Driving Dataset and Model for Cooperative Vehicle Applications,IEEE,proceedings-article,,0,20,28,3,0
10.1109/cavs51000.2020.9334669,True,,Prototyping EcoCAR Connected Vehicle Testing System Using DigiCAV Development Platform,IEEE,proceedings-article,,0,13,1,3,0
10.1109/cavs51000.2020.9334670,True,,Hybrid Model Based Pre-Crash Severity Estimation for Automated Driving,IEEE,proceedings-article,,0,25,2,3,0
10.1109/cavs51000.2020.9334679,True,,CORR: Collaborative On-Road Reputation,IEEE,proceedings-article,,0,17,2,3,0
10.1109/cavs51000.2020.9334683,True,,Sequence Prediction-based Proactive Caching in Vehicular Content Networks,IEEE,proceedings-article,,0,13,5,3,0
10.1109/cavs51000.2020.9334684,True,,Location Information Verification in Future Vehicular Networks,IEEE,proceedings-article,,0,25,2,3,0
10.1109/icacsis51025.2020.9263160,True,,Actual Causality in Contextual Abduction,IEEE,proceedings-article,,0,19,0,3,0
10.1109/icra57147.2024.10610800,True,,When Prolog Meets Generative Models: a New Approach for Managing Knowledge and Planning in Robotic Applications,IEEE,proceedings-article,,0,28,3,2,0
10.1109/lics.2017.8005058,True,,LICS 2017 foreword,IEEE,proceedings-article,,0,0,0,2,0
10.1109/lics.2017.8005061,True,,Logic and regular cost functions,IEEE,proceedings-article,,0,45,1,0,0
10.1109/lics.2017.8005062,True,,Symbolic execution and probabilistic reasoning,IEEE,proceedings-article,,0,0,0,2,0
10.1109/lics.2017.8005063,True,,Algorithms for some infinite-state MDPs and stochastic games,IEEE,proceedings-article,,0,0,0,2,0
10.1109/lics.2017.8005064,True,,Quantitative semantics of the lambda calculus: Some generalisations of the relational model,IEEE,proceedings-article,,0,78,9,0,0
10.1109/lics.2017.8005065,True,,Linear combinations of unordered data vectors,IEEE,proceedings-article,,0,43,7,0,0
10.1109/lics.2017.8005066,True,,An interpretation of system F through bar recursion,IEEE,proceedings-article,,0,17,2,0,0
10.1109/lics.2017.8005067,True,,On the extension of computable real functions,IEEE,proceedings-article,,0,13,1,0,0
10.1109/lics.2017.8005068,True,,Logics for continuous reachability in Petri nets and vector addition systems with states,IEEE,proceedings-article,,0,27,11,0,0
10.1109/lics.2017.8005069,True,,Foundation for a series of efficient simulation algorithms,IEEE,proceedings-article,,0,18,8,0,0
10.1109/lics.2017.8005071,True,,Foundational nonuniform (Co)datatypes for higher-order logic,IEEE,proceedings-article,,0,42,7,0,0
10.1109/lics.2017.8005072,True,,Common knowledge and multi-scale locality analysis in Cayley structures,IEEE,proceedings-article,,0,17,0,0,0
10.1109/lics.2017.8005073,True,,"Herbrand property, finite quasi-Herbrand models, and a Chandra-Merlin theorem for quantified conjunctive queries",IEEE,proceedings-article,,0,32,0,0,0
10.1109/lics.2017.8005074,True,,"Bar induction: The good, the bad, and the ugly",IEEE,proceedings-article,,0,79,7,0,0
10.1109/lics.2017.8005075,True,,Constructive completeness for the linear-time μ-calculus,IEEE,proceedings-article,,0,13,11,0,0
10.1109/lics.2017.8005077,True,,Higher-order parity automata,IEEE,proceedings-article,,0,24,2,2,0
10.1109/lics.2017.8005078,True,,Large scale geometries of infinite strings,IEEE,proceedings-article,,0,13,0,0,0
10.1109/lics.2017.8005080,True,,Learning first-order definable concepts over structures of small degree,IEEE,proceedings-article,,0,37,8,0,0
10.1109/lics.2017.8005081,True,,Descriptive complexity of linear equation systems and applications to propositional proof complexity,IEEE,proceedings-article,,0,37,4,0,0
10.1109/lics.2017.8005082,True,,Definability of summation problems for Abelian groups and semigroups,IEEE,proceedings-article,,0,28,3,0,0
10.1109/lics.2017.8005083,True,,Timed pushdown automata and branching vector addition systems,IEEE,proceedings-article,,0,19,4,0,0
10.1109/lics.2017.8005084,True,,Fibred fibration categories,IEEE,proceedings-article,,0,32,3,0,0
10.1109/lics.2017.8005085,True,,The logic of counting query answers,IEEE,proceedings-article,,0,28,3,0,0
10.1109/lics.2017.8005086,True,,Enumeration reducibility in closure spaces with applications to logic and algebra,IEEE,proceedings-article,,0,42,4,0,0
10.1109/lics.2017.8005088,True,,Cut-free completeness for modal mu-calculus,IEEE,proceedings-article,,0,25,28,0,0
10.1109/lics.2017.8005090,True,,Computing quantiles in Markov chains with multi-dimensional costs,IEEE,proceedings-article,,0,38,1,0,0
10.1109/lics.2017.8005091,True,,Riesz Modal logic for Markov processes,IEEE,proceedings-article,,0,29,4,0,0
10.1109/lics.2017.8005092,True,,Succinct progress measures for solving parity games,IEEE,proceedings-article,,0,27,27,2,0
10.1109/lics.2017.8005093,True,,Generalised species of rigid resource terms,IEEE,proceedings-article,,0,39,10,0,0
10.1109/lics.2017.8005094,True,,A fine-grained hierarchy of hard problems in the separated fragment,IEEE,proceedings-article,,0,18,2,0,0
10.1109/lics.2017.8005096,True,,On delay and regret determinization of max-plus automata,IEEE,proceedings-article,,0,27,9,0,0
10.1109/lics.2017.8005097,True,,The clocks are ticking: No more delays!,IEEE,proceedings-article,,0,31,21,0,0
10.1109/lics.2017.8005099,True,,"Uniform, integral and efficient proofs for the determinant identities",IEEE,proceedings-article,,0,17,0,0,0
10.1109/lics.2017.8005100,True,,Parity objectives in countable MDPs,IEEE,proceedings-article,,0,25,6,0,0
10.1109/lics.2017.8005101,True,,Polynomial automata: Zeroness and applications,IEEE,proceedings-article,,0,39,13,0,0
10.1109/lics.2017.8005102,True,,On the axiomatizability of quantitative algebras,IEEE,proceedings-article,,0,21,19,0,0
10.1109/lics.2017.8005104,True,,Foundations of information integration under bag semantics,IEEE,proceedings-article,,0,30,7,0,0
10.1109/lics.2017.8005105,True,,Perfect half space games,IEEE,proceedings-article,,0,15,3,2,0
10.1109/lics.2017.8005106,True,,The homomorphism problem for regular graph patterns,IEEE,proceedings-article,,0,36,3,0,0
10.1109/lics.2017.8005108,True,,Definability of semidefinite programming and lasserre lower bounds for CSPs,IEEE,proceedings-article,,0,20,7,0,0
10.1109/lics.2017.8005109,True,,A monad for full ground reference cells,IEEE,proceedings-article,,0,37,8,0,0
10.1109/lics.2017.8005110,True,,Quotients in monadic programming: Projective algebras are equivalent to coalgebras,IEEE,proceedings-article,,0,44,0,0,0
10.1109/lics.2017.8005111,True,,Register automata with linear arithmetic,IEEE,proceedings-article,,0,48,11,0,0
10.1109/lics.2017.8005112,True,,The geometry of concurrent interaction: Handling multiple ports by way of multiple tokens,IEEE,proceedings-article,,0,38,4,0,0
10.1109/lics.2017.8005113,True,,An effectful way to eliminate addiction to dependence,IEEE,proceedings-article,,0,19,18,0,0
10.1109/lics.2017.8005114,True,,Equivalence of inductive definitions and cyclic proofs under arithmetic,IEEE,proceedings-article,,0,12,13,0,0
10.1109/lics.2017.8005115,True,,Model-checking for successor-invariant first-order formulas on graph classes of bounded expansion,IEEE,proceedings-article,,0,38,1,0,0
10.1109/lics.2017.8005119,True,,The continuity of monadic stream functions,IEEE,proceedings-article,,0,26,1,0,0
10.1109/lics.2017.8005120,True,,A cartesian-closed category for higher-order model checking,IEEE,proceedings-article,,0,27,5,0,0
10.1109/lics.2017.8005121,True,,Understanding the complexity of #SAT using knowledge compilation,IEEE,proceedings-article,,0,37,4,0,0
10.1109/lics.2017.8005122,True,,The primitivity of operators in the algebra of binary relations under conjunctions of containments,IEEE,proceedings-article,,0,23,3,0,0
10.1109/lics.2017.8005124,True,,A type-theoretical definition of weak ω-categories,IEEE,proceedings-article,,0,18,14,0,0
10.1109/lics.2017.8005125,True,,Games with costs and delays,IEEE,proceedings-article,,0,22,4,0,0
10.1109/lics.2017.8005127,True,,Typability in bounded dimension,IEEE,proceedings-article,,0,19,2,0,0
10.1109/lics.2017.8005128,True,,The equivalence of two dichotomy conjectures for infinite domain constraint satisfaction problems,IEEE,proceedings-article,,0,30,13,0,0
10.1109/lics.2017.8005129,True,,The pebbling comonad in Finite Model Theory,IEEE,proceedings-article,,0,37,20,0,0
10.1109/lics.2017.8005130,True,,Stack semantics of type theory,IEEE,proceedings-article,,0,18,15,0,0
10.1109/lics.2017.8005131,True,,MDPs with energy-parity objectives,IEEE,proceedings-article,,0,24,5,0,0
10.1109/lics.2017.8005132,True,,Partial derivatives on graphs for Kleene allegories,IEEE,proceedings-article,,0,23,4,0,0
10.1109/lics.2017.8005134,True,,On strong determinacy of countable stochastic games,IEEE,proceedings-article,,0,27,5,0,0
10.1109/lics.2017.8005135,True,,Domains and event structures for fusions,IEEE,proceedings-article,,0,28,2,0,0
10.1109/lics.2017.8005137,True,,A convenient category for higher-order probability theory,IEEE,proceedings-article,,0,38,70,0,0
10.1109/lics.2017.8005138,True,,Untwisting two-way transducers in elementary time,IEEE,proceedings-article,,0,24,4,0,0
10.1109/lics.2017.8005139,True,,Bounded time computation on metric spaces and Banach spaces,IEEE,proceedings-article,,0,50,1,0,0
10.1109/lics.2017.8005140,True,,Quantifiers on languages and codensity monads,IEEE,proceedings-article,,0,23,8,0,0
10.1109/lics.2017.8005141,True,,"Decidability, complexity, and expressiveness of first-order logic over the subword ordering",IEEE,proceedings-article,,0,34,23,0,0
10.1109/lics.2017.8005142,True,,Lean and full congruence formats for recursion,IEEE,proceedings-article,,0,55,6,0,0
10.1109/lics.2017.8005143,True,,Differentiation in logical form,IEEE,proceedings-article,,0,31,3,0,0
10.1109/lics.2017.8005144,True,,Static analysis of deterministic negotiations,IEEE,proceedings-article,,0,32,5,0,0
10.1109/lics.2017.8005145,True,,On shift-invariant maximal filters and hormonal cellular automata,IEEE,proceedings-article,,0,14,1,0,0
10.1109/lics.2017.8005146,True,,The real projective spaces in homotopy type theory,IEEE,proceedings-article,,0,14,11,0,0
10.1109/lics.2017.8005147,True,,Data structures for quasistrict higher categories,IEEE,proceedings-article,,0,52,9,0,0
10.1109/lics.2017.8005148,True,,A crevice on the Crane Beach: Finite-degree predicates,IEEE,proceedings-article,,0,24,0,0,0
10.1109/lics.2017.8005151,True,,Categorical liveness checking by corecursive algebras,IEEE,proceedings-article,,0,39,9,0,0
10.1109/lics.2017.8005152,True,,Unrestricted stone duality for Markov processes,IEEE,proceedings-article,,0,41,1,0,0
10.1109/lics.2017.8005153,True,,A weakest pre-expectation semantics for mixed-sign expectations,IEEE,proceedings-article,,0,20,18,0,0
10.1109/lics.2019.8785655,True,,Separation and covering for group based concatenation hierarchies,IEEE,proceedings-article,,0,40,9,3,0
10.1109/lics.2019.8785656,True,,Why Propositional Quantification Makes Modal Logics on Trees Robustly Hard?,IEEE,proceedings-article,,0,55,6,3,0
10.1109/lics.2019.8785657,True,,Higher-Kinded Data Types: Syntax and Semantics,IEEE,proceedings-article,,0,13,9,3,0
10.1109/lics.2019.8785658,True,,Model Comparison Games for Horn Description Logics,IEEE,proceedings-article,,0,60,1,3,0
10.1109/lics.2019.8785659,True,,The Logic of Action Lattices is Undecidable,IEEE,proceedings-article,,0,32,8,3,0
10.1109/lics.2019.8785660,True,,Point-width and Max-CSPs,IEEE,proceedings-article,,0,38,3,3,0
10.1109/lics.2019.8785661,True,,Path Spaces of Higher Inductive Types in Homotopy Type Theory,IEEE,proceedings-article,,0,39,3,3,0
10.1109/lics.2019.8785664,True,,Categorical Semantics for Time Travel,IEEE,proceedings-article,,0,42,6,3,0
10.1109/lics.2019.8785665,True,,Backprop as Functor: A compositional perspective on supervised learning,IEEE,proceedings-article,,0,19,43,3,0
10.1109/lics.2019.8785666,True,,Descriptive complexity for minimal time of cellular automata,IEEE,proceedings-article,,0,26,0,3,0
10.1109/lics.2019.8785667,True,,A Sequent Calculus for Opetopes,IEEE,proceedings-article,,0,18,1,3,0
10.1109/lics.2019.8785668,True,,Approximate Span Liftings: Compositional Semantics for Relaxations of Differential Privacy,IEEE,proceedings-article,,0,36,17,3,0
10.1109/lics.2019.8785669,True,,Block products for algebras over countable words and applications to logic,IEEE,proceedings-article,,0,25,1,3,0
10.1109/lics.2019.8785670,True,,Differentiable Causal Computations via Delayed Trace,IEEE,proceedings-article,,0,35,12,3,0
10.1109/lics.2019.8785671,True,,Promises Make Finite (Constraint Satisfaction) Problems Infinitary,IEEE,proceedings-article,,0,26,3,3,0
10.1109/lics.2019.8785672,True,,Long-run Satisfaction of Path Properties,IEEE,proceedings-article,,0,33,0,3,0
10.1109/lics.2019.8785674,True,,Lambda Y-Calculus With Priorities,IEEE,proceedings-article,,0,37,1,3,0
10.1109/lics.2019.8785676,True,,Completeness for Game Logic,IEEE,proceedings-article,,0,27,8,3,0
10.1109/lics.2019.8785677,True,,A comonadic view of simulation and quantum resources,IEEE,proceedings-article,,0,26,11,3,0
10.1109/lics.2019.8785678,True,,A short story of the CSP dichotomy conjecture,IEEE,proceedings-article,,0,15,0,3,0
10.1109/lics.2019.8785680,True,,The convex hull of finitely generable subsets and its predicate transformer,IEEE,proceedings-article,,0,52,3,3,0
10.1109/lics.2019.8785681,True,,On the Existential Theories of Büchi Arithmetic and Linear p-adic Fields,IEEE,proceedings-article,,0,29,6,3,0
10.1109/lics.2019.8785682,True,,Canonisation and Definability for Graphs of Bounded Rank Width,IEEE,proceedings-article,,0,44,10,3,0
10.1109/lics.2019.8785683,True,,A Type Theory for Defining Logics and Proofs,IEEE,proceedings-article,,0,23,14,3,0
10.1109/lics.2019.8785684,True,,Timed Systems through the Lens of Logic,IEEE,proceedings-article,,0,29,2,3,0
10.1109/lics.2019.8785687,True,,Describing free $\omega$ -categories,IEEE,proceedings-article,,0,15,0,3,0
10.1109/lics.2019.8785694,True,,"Walk refinement, walk logic, and the iteration number of the Weisfeiler-Leman algorithm",IEEE,proceedings-article,,0,16,9,3,0
10.1109/lics.2019.8785699,True,,Lambda Calculus and Probabilistic Computation,IEEE,proceedings-article,,0,32,10,3,0
10.1109/lics.2019.8785700,True,,Quantum channels as a categorical completion,IEEE,proceedings-article,,0,42,8,3,0
10.1109/lics.2019.8785708,True,,A type theory for cartesian closed bicategories (Extended Abstract),IEEE,proceedings-article,,0,53,12,3,0
10.1109/lics.2019.8785713,True,,The Hierarchy of Hyperlogics,IEEE,proceedings-article,,0,29,36,3,0
10.1109/lics.2019.8785715,True,,Probabilistic Relational Reasoning via Metrics,IEEE,proceedings-article,,0,36,19,3,0
10.1109/lics.2019.8785725,True,,Type-Based Complexity Analysis of Probabilistic Functional Programs,IEEE,proceedings-article,,0,41,17,3,0
10.1109/lics.2019.8785736,True,,History-Dependent Nominal μ-Calculus,IEEE,proceedings-article,,0,38,0,3,0
10.1109/lics.2019.8785748,True,,Local normal forms and their use in algorithmic meta theorems (Invited Talk),IEEE,proceedings-article,,0,24,1,3,0
10.1109/lics.2019.8785754,True,,A Generic Normal Form for ZX-Diagrams and Application to the Rational Angle Completeness,IEEE,proceedings-article,,0,31,5,3,0
10.1109/lics.2019.8785762,True,,Algorithmic barriers to representing conditional independence,IEEE,proceedings-article,,0,21,1,3,0
10.1109/lics.2019.8785765,True,,A Near-Minimal Axiomatisation of ZX-Calculus for Pure Qubit Quantum Mechanics,IEEE,proceedings-article,,0,31,29,3,0
10.1109/lics.2019.8785779,True,,Quantum Hoare Logic with Ghost Variables,IEEE,proceedings-article,,0,27,20,3,0
10.1109/lics.2019.8785784,True,,HoCHC: A Refutationally Complete and Semantically Invariant System of Higher-order Logic Modulo Theories,IEEE,proceedings-article,,0,44,8,3,0
10.1109/lics.2019.8785792,True,,On the Power of Symmetric Linear Programs,IEEE,proceedings-article,,0,27,1,3,0
10.1109/lics.2019.8785796,True,,Reachability in Vector Addition Systems is Primitive-Recursive in Fixed Dimension,IEEE,proceedings-article,,0,32,44,3,0
10.1109/lics.2019.8785809,True,,A Probabilistic and Non-Deterministic Call-by-Push-Value Language,IEEE,proceedings-article,,0,21,9,3,0
10.1109/lics.2019.8785811,True,,Learning Concepts Definable in First-Order Logic with Counting,IEEE,proceedings-article,,0,20,2,3,0
10.1109/lics.2019.8785823,True,,When is Ontology-Mediated Querying Efficient?,IEEE,proceedings-article,,0,41,3,3,0
10.1109/lics.2019.8785827,True,,Intuitionistic proofs without syntax,IEEE,proceedings-article,,0,26,7,3,0
10.1109/lics.2019.8785830,True,,Template games and differential linear logic,IEEE,proceedings-article,,0,21,8,3,0
10.1109/lics.2019.8785834,True,,Realizability in the Unitary Sphere,IEEE,proceedings-article,,0,29,13,3,0
10.1109/lics.2019.8785848,True,,Bisimulation Equivalence of First-Order Grammars is ACKERMANN-Complete,IEEE,proceedings-article,,0,39,3,3,0
10.1109/lics.2019.8785850,True,,"Presburger arithmetic with stars, rational subsets of graph groups, and nested zero tests",IEEE,proceedings-article,,0,58,9,3,0
10.1109/lics.2019.8785877,True,,Graphical Affine Algebra,IEEE,proceedings-article,,0,29,25,3,0
10.1109/lics.2019.8785883,True,,Topology is relevant (in a dichotomy conjecture for infinite-domain constraint satisfaction problems),IEEE,proceedings-article,,0,32,5,3,0
10.1109/lics.2019.8785892,True,,MSO+∇ is undecidable,IEEE,proceedings-article,,0,23,0,3,0
10.1109/lics.2019.8785895,True,,High-level methods for homotopy construction in associative n-categories,IEEE,proceedings-article,,0,16,12,3,0
10.1109/lics52264.2021.9470502,True,,Towards a more efficient approach for the satisfiability of two-variable logic,IEEE,proceedings-article,,0,40,1,3,0
10.1109/lics52264.2021.9470508,True,,Gödel-McKinsey-Tarski and Blok-Esakia for Heyting-Lewis Implication,IEEE,proceedings-article,,0,108,4,3,0
10.1109/lics52264.2021.9470509,True,,Demonic Lattices and Semilattices in Relational Semigroups with Ordinary Composition,IEEE,proceedings-article,,0,17,4,3,0
10.1109/lics52264.2021.9470511,True,,On Logics and Homomorphism Closure,IEEE,proceedings-article,,0,26,1,3,0
10.1109/lics52264.2021.9470513,True,,Universal Skolem Sets,IEEE,proceedings-article,,0,18,1,3,0
10.1109/lics52264.2021.9470514,True,,Evidenced Frames: A Unifying Framework Broadening Realizability Models,IEEE,proceedings-article,,0,34,2,3,0
10.1109/lics52264.2021.9470517,True,,Behavioural Preorders via Graded Monads,IEEE,proceedings-article,,0,45,4,3,0
10.1109/lics52264.2021.9470520,True,,The Undecidability of System F Typability and Type Checking for Reductionists,IEEE,proceedings-article,,0,24,0,3,0
10.1109/lics52264.2021.9470522,True,,Complexity Lower Bounds from Algorithm Design,IEEE,proceedings-article,,0,21,0,3,0
10.1109/lics52264.2021.9470523,True,,On the logical structure of choice and bar induction principles,IEEE,proceedings-article,,0,31,3,3,0
10.1109/lics52264.2021.9470524,True,,Compositional relational reasoning via operational game semantics,IEEE,proceedings-article,,0,28,7,3,0
10.1109/lics52264.2021.9470526,True,,In search of lost time: Axiomatising parallel composition in process algebras,IEEE,proceedings-article,,0,72,2,3,0
10.1109/lics52264.2021.9470527,True,,Initial Limit Datalog: a New Extensible Class of Decidable Constrained Horn Clauses,IEEE,proceedings-article,,0,30,2,3,0
10.1109/lics52264.2021.9470531,True,,Assuming Just Enough Fairness to make Session Types Complete for Lock-freedom,IEEE,proceedings-article,,0,35,13,3,0
10.1109/lics52264.2021.9470540,True,,Parameterized Complexity of Elimination Distance to First-Order Logic Properties,IEEE,proceedings-article,,0,29,2,3,0
10.1109/lics52264.2021.9470541,True,,Types Are Internal ∞-Groupoids,IEEE,proceedings-article,,0,19,0,3,0
10.1109/lics52264.2021.9470543,True,,On the Expressive Power of Homomorphism Counts,IEEE,proceedings-article,,0,36,2,2,0
10.1109/lics52264.2021.9470545,True,,Monomial size vs. Bit-complexity in Sums-of-Squares and Polynomial Calculus,IEEE,proceedings-article,,0,18,2,3,0
10.1109/lics52264.2021.9470547,True,,Quantitative and Approximate Monitoring,IEEE,proceedings-article,,0,46,14,3,0
10.1109/lics52264.2021.9470549,True,,Global Optimisation with Constructive Reals,IEEE,proceedings-article,,0,24,1,3,0
10.1109/lics52264.2021.9470550,True,,"Supermartingales, Ranking Functions and Probabilistic Lambda Calculus",IEEE,proceedings-article,,0,45,4,3,0
10.1109/lics52264.2021.9470552,True,,Compositional Semantics for Probabilistic Programs with Exact Conditioning,IEEE,proceedings-article,,0,43,14,3,0
10.1109/lics52264.2021.9470553,True,,Graphical Language with Delayed Trace: Picturing Quantum Computing with Finite Memory,IEEE,proceedings-article,,0,26,4,3,0
10.1109/lics52264.2021.9470555,True,,Efficient Local Computation of Differential Bisimulations via Coupling and Up-to Methods,IEEE,proceedings-article,,0,80,7,2,0
10.1109/lics52264.2021.9470557,True,,Minimal Taylor Algebras as a Common Framework for the Three Algebraic Approaches to the CSP,IEEE,proceedings-article,,0,52,6,2,0
10.1109/lics52264.2021.9470559,True,,On sequentiality and well-bracketing in the π-calculus,IEEE,proceedings-article,,0,37,2,3,0
10.1109/lics52264.2021.9470560,True,,The Topological Mu-Calculus: completeness and decidability,IEEE,proceedings-article,,0,37,7,3,0
10.1109/lics52264.2021.9470567,True,,A Compositional Cost Model for the λ-calculus,IEEE,proceedings-article,,0,44,0,2,0
10.1109/lics52264.2021.9470575,True,,The Smash Product of Monoidal Theories,IEEE,proceedings-article,,0,34,5,2,0
10.1109/lics52264.2021.9470579,True,,Combinatorial Proofs and Decomposition Theorems for First-order Logic,IEEE,proceedings-article,,0,48,3,3,0
10.1109/lics52264.2021.9470583,True,,Asynchronous Extensions of HyperLTL,IEEE,proceedings-article,,0,27,25,3,0
10.1109/lics52264.2021.9470585,True,,Living without Beth and Craig: Definitions and Interpolants in the Guarded and Two-Variable Fragments,IEEE,proceedings-article,,0,62,4,3,0
10.1109/lics52264.2021.9470594,True,,Comonadic semantics for guarded fragments,IEEE,proceedings-article,,0,24,6,3,0
10.1109/lics52264.2021.9470597,True,,Responsibility and verification: Importance value in temporal logics,IEEE,proceedings-article,,0,63,6,3,0
10.1109/lics52264.2021.9470598,True,,Separating Rank Logic from Polynomial Time,IEEE,proceedings-article,,0,30,5,2,0
10.1109/lics52264.2021.9470602,True,,Positive First-order Logic on Words,IEEE,proceedings-article,,0,24,1,3,0
10.1109/lics52264.2021.9470608,True,,A Logic for Locally Complete Abstract Interpretations,IEEE,proceedings-article,,0,30,33,3,0
10.1109/lics52264.2021.9470609,True,,Lovász-Type Theorems and Game Comonads,IEEE,proceedings-article,,0,28,9,3,0
10.1109/lics52264.2021.9470611,True,,Commutative Monads for Probabilistic Programming Languages,IEEE,proceedings-article,,0,53,10,3,0
10.1109/lics52264.2021.9470615,True,,Axiomatizations and Computability of Weighted Monadic Second-Order Logic,IEEE,proceedings-article,,0,31,0,2,0
10.1109/lics52264.2021.9470616,True,,Perspective Multi-Player Games,IEEE,proceedings-article,,0,40,3,2,0
10.1109/lics52264.2021.9470617,True,,Intersection Type Distributors,IEEE,proceedings-article,,0,57,9,2,0
10.1109/lics52264.2021.9470623,True,,A distributed operational view of Reversible Prime Event Structures,IEEE,proceedings-article,,0,27,6,3,0
10.1109/lics52264.2021.9470630,True,,"Strong Call-by-Value is Reasonable, Implosively",IEEE,proceedings-article,,0,56,11,3,0
10.1109/lics52264.2021.9470632,True,,No-Rainbow Problem and the Surjective Constraint Satisfaction Problem,IEEE,proceedings-article,,0,36,5,2,0
10.1109/lics52264.2021.9470633,True,,"A Relational Theory of Monadic Rewriting Systems, Part I",IEEE,proceedings-article,,0,59,1,2,0
10.1109/lics52264.2021.9470643,True,,Some constructive variants of S4 with the finite model property,IEEE,proceedings-article,,0,21,5,3,0
10.1109/lics52264.2021.9470647,True,,A Complete Axiomatisation for Divergence Preserving Branching Congruence of Finite-State Behaviours,IEEE,proceedings-article,,0,20,1,3,0
10.1109/lics52264.2021.9470649,True,,A Constructive Logic with Classical Proofs and Refutations,IEEE,proceedings-article,,0,35,0,3,0
10.1109/lics52264.2021.9470654,True,,Session Logical Relations for Noninterference,IEEE,proceedings-article,,0,58,6,3,0
10.1109/lics52264.2021.9470656,True,,Expressivity of Quantitative Modal Logics : Categorical Foundations via Codensity and Approximation,IEEE,proceedings-article,,0,41,11,3,0
10.1109/lics52264.2021.9470660,True,,An Algebraic Characterisation of First-Order Logic with Neighbour,IEEE,proceedings-article,,0,26,0,3,0
10.1109/lics52264.2021.9470662,True,,Fixed-Points for Quantitative Equational Logics,IEEE,proceedings-article,,0,17,5,2,0
10.1109/lics52264.2021.9470664,True,,Categorical models of Linear Logic with fixed points of formulas,IEEE,proceedings-article,,0,41,6,3,0
10.1109/lics52264.2021.9470666,True,,Zero-one laws for provability logic: Axiomatizing validity in almost all models and almost all frames,IEEE,proceedings-article,,0,44,4,3,0
10.1109/lics52264.2021.9470667,True,,Internal ∞-Categorical Models of Dependent Type Theory : Towards 2LTT Eating HoTT,IEEE,proceedings-article,,0,72,3,3,0
10.1109/lics52264.2021.9470670,True,,Constraint Satisfaction Problems over Finite Structures,IEEE,proceedings-article,,0,32,2,3,0
10.1109/lics52264.2021.9470673,True,,A Quantum Interpretation of Bunched Logic &amp; Quantum Separation Logic,IEEE,proceedings-article,,0,67,18,2,0
10.1109/lics52264.2021.9470678,True,,From Multisets over Distributions to Distributions over Multisets,IEEE,proceedings-article,,0,26,16,3,0
10.1109/lics52264.2021.9470680,True,,Lacon- and Shrub-Decompositions: A New Characterization of First-Order Transductions of Bounded Expansion Classes,IEEE,proceedings-article,,0,39,1,2,0
10.1109/lics52264.2021.9470683,True,,Canonical Polymorphisms of Ramsey Structures and the Unique Interpolation Property,IEEE,proceedings-article,,0,40,4,3,0
10.1109/lics52264.2021.9470688,True,,From Finite-Valued Nondeterministic Transducers to Deterministic Two-Tape Automata,IEEE,proceedings-article,,0,22,0,3,0
10.1109/lics52264.2021.9470690,True,,Alignment Completeness for Relational Hoare Logics,IEEE,proceedings-article,,0,38,10,2,0
10.1109/lics52264.2021.9470691,True,,Verifying higher-order concurrency with data automata,IEEE,proceedings-article,,0,27,1,3,0
10.1109/lics52264.2021.9470696,True,,On Generalized Metric Spaces for the Simply Typed Lambda-Calculus,IEEE,proceedings-article,,0,71,3,3,0
10.1109/lics52264.2021.9470706,True,,Inapproximability of Unique Games in Fixed-Point Logic with Counting,IEEE,proceedings-article,,0,22,1,3,0
10.1109/lics52264.2021.9470708,True,,On Linear Time Decidability of Differential Privacy for Programs with Unbounded Inputs,IEEE,proceedings-article,,0,27,4,3,0
10.1109/lics52264.2021.9470712,True,,A Bunched Logic for Conditional Independence,IEEE,proceedings-article,,0,48,16,3,0
10.1109/lics52264.2021.9470717,True,,"Combining Nondeterminism, Probability, and Termination: Equational and Metric Reasoning",IEEE,proceedings-article,,0,48,10,3,0
10.1109/lics52264.2021.9470718,True,,The Laplace Mechanism has optimal utility for differential privacy over continuous queries,IEEE,proceedings-article,,0,31,20,2,0
10.1109/lics52264.2021.9470719,True,,Normalization for Cubical Type Theory,IEEE,proceedings-article,,0,66,18,3,0
10.1109/lics52264.2021.9470728,True,,Parametricity and Semi-Cubical Types,IEEE,proceedings-article,,0,27,0,3,0
10.1109/lics52264.2021.9470733,True,,Decidability and Complexity in Weakening and Contraction Hypersequent Substructural Logics,IEEE,proceedings-article,,0,35,1,3,0
10.1109/lics52264.2021.9470734,True,,Finite Model Theory of the Triguarded Fragment and Related Logics,IEEE,proceedings-article,,0,15,3,3,0
10.1109/lics52264.2021.9470738,True,,SD-Regular Transducer Expressions for Aperiodic Transformations,IEEE,proceedings-article,,0,24,1,3,0
10.1109/lics52264.2021.9470739,True,,Symbolic Time and Space Tradeoffs for Probabilistic Verification,IEEE,proceedings-article,,0,39,2,3,0
10.1109/lics52264.2021.9470741,True,,A Normal Form Characterization for Efficient Boolean Skolem Function Synthesis,IEEE,proceedings-article,,0,26,7,3,0
10.1109/lics52264.2021.9470747,True,,Universal Semantics for the Stochastic λ-Calculus,IEEE,proceedings-article,,0,22,2,2,0
10.1109/lics52264.2021.9470758,True,,Asynchronous Template Games and the Gray Tensor Product of 2-Categories,IEEE,proceedings-article,,0,29,2,2,0
10.1109/lics56636.2023.10175672,True,,"Completeness for arbitrary finite dimensions of ZXW-calculus, a unifying calculus",IEEE,proceedings-article,,0,70,11,2,0
10.1109/lics56636.2023.10175675,True,,Structure-Aware Lower Bounds and Broadening the Horizon of Tractability for QBF,IEEE,proceedings-article,,0,65,1,2,0
10.1109/lics56636.2023.10175683,True,,Group Separation Strikes Back,IEEE,proceedings-article,,0,40,4,2,0
10.1109/lics56636.2023.10175684,True,,Intuitionistic S4 is decidable,IEEE,proceedings-article,,0,29,6,2,0
10.1109/lics56636.2023.10175687,True,,"Central Submonads and Notions of Computation: Soundness, Completeness and Internal Languages",IEEE,proceedings-article,,0,26,2,2,0
10.1109/lics56636.2023.10175688,True,,Fixpoint operators for 2-categorical structures,IEEE,proceedings-article,,0,46,0,2,0
10.1109/lics56636.2023.10175691,True,,Computing the linear hull: Deciding Deterministic? and Unambiguous? for weighted automata over fields,IEEE,proceedings-article,,0,40,2,2,0
10.1109/lics56636.2023.10175694,True,,Pseudorandom Finite Models,IEEE,proceedings-article,,0,29,1,2,0
10.1109/lics56636.2023.10175697,True,,Minimization of Dynamical Systems over Monoids,IEEE,proceedings-article,,0,65,0,2,0
10.1109/lics56636.2023.10175706,True,,Weak Similarity in Higher-Order Mathematical Operational Semantics,IEEE,proceedings-article,,0,39,8,2,0
10.1109/lics56636.2023.10175707,True,,Multiplicity Problems on Algebraic Series and Context-Free Grammars,IEEE,proceedings-article,,0,32,1,2,0
10.1109/lics56636.2023.10175712,True,,Complete Graphical Language for Hermiticity-Preserving Superoperators,IEEE,proceedings-article,,0,52,1,2,0
10.1109/lics56636.2023.10175714,True,,"On Certificates, Expected Runtimes, and Termination in Probabilistic Pushdown Automata",IEEE,proceedings-article,,0,39,4,2,0
10.1109/lics56636.2023.10175717,True,,Cartesian Coherent Differential Categories,IEEE,proceedings-article,,0,22,2,2,0
10.1109/lics56636.2023.10175719,True,,Distal Combinatorial Tools for Graphs of Bounded Twin-Width,IEEE,proceedings-article,,0,34,2,2,0
10.1109/lics56636.2023.10175720,True,,Automatic Amortized Resource Analysis with Regular Recursive Types,IEEE,proceedings-article,,0,61,5,2,0
10.1109/lics56636.2023.10175721,True,,Verifying linear temporal specifications of constant-rate multi-mode systems,IEEE,proceedings-article,,0,22,0,2,0
10.1109/lics56636.2023.10175722,True,,Revisiting Membership Problems in Subclasses of Rational Relations,IEEE,proceedings-article,,0,43,1,2,0
10.1109/lics56636.2023.10175723,True,,Reachability in Injective Piecewise Affine Maps,IEEE,proceedings-article,,0,19,1,2,0
10.1109/lics56636.2023.10175726,True,,Higher-Dimensional Subdiagram Matching,IEEE,proceedings-article,,0,17,2,2,0
10.1109/lics56636.2023.10175727,True,,Making Concurrency Functional,IEEE,proceedings-article,,0,60,2,2,0
10.1109/lics56636.2023.10175732,True,,Symmetries of Graphs and Structures that Fail to Interpret a Finite Thing,IEEE,proceedings-article,,0,35,5,2,0
10.1109/lics56636.2023.10175734,True,,Commutativity in Automated Verification,IEEE,proceedings-article,,0,27,7,2,0
10.1109/lics56636.2023.10175737,True,,Semi-Simplicial Set Models for Distributed Knowledge,IEEE,proceedings-article,,0,28,6,2,0
10.1109/lics56636.2023.10175739,True,,"ωPAP Spaces: Reasoning Denotationally About Higher-Order, Recursive Probabilistic and Differentiable Programs",IEEE,proceedings-article,,0,46,5,2,0
10.1109/lics56636.2023.10175741,True,,The Iteration Number of the Weisfeiler-Leman Algorithm,IEEE,proceedings-article,,0,28,6,2,0
10.1109/lics56636.2023.10175742,True,,On Exact Sampling in the Two-Variable Fragment of First-Order Logic,IEEE,proceedings-article,,0,32,2,2,0
10.1109/lics56636.2023.10175746,True,,Boolean symmetric vs. functional PCSP dichotomy,IEEE,proceedings-article,,0,30,4,2,0
10.1109/lics56636.2023.10175747,True,,Stochastic Best-Effort Strategies for Borel Goals,IEEE,proceedings-article,,0,28,1,2,0
10.1109/lics56636.2023.10175751,True,,A categorical account of composition methods in logic,IEEE,proceedings-article,,0,51,2,2,0
10.1109/lics56636.2023.10175753,True,,Taylor Expansion as a Monad in Models of DiLL,IEEE,proceedings-article,,0,54,4,2,0
10.1109/lics56636.2023.10175754,True,,The Cartesian Closed Bicategory of Thin Spans of Groupoids,IEEE,proceedings-article,,0,39,1,2,0
10.1109/lics56636.2023.10175757,True,,Logic for Explainable AI,IEEE,proceedings-article,,0,62,13,2,0
10.1109/lics56636.2023.10175762,True,,Set-Theoretic and Type-Theoretic Ordinals Coincide,IEEE,proceedings-article,,0,30,3,2,0
10.1109/lics56636.2023.10175769,True,,Applications of Information Inequalities to Database Theory Problems,IEEE,proceedings-article,,0,64,4,2,0
10.1109/lics56636.2023.10175771,True,,Stopping Criteria for Value Iteration on Stochastic Games with Quantitative Objectives,IEEE,proceedings-article,,0,49,9,2,0
10.1109/lics56636.2023.10175773,True,,Deterministic stream-sampling for probabilistic programming: semantics and verification,IEEE,proceedings-article,,0,40,3,2,0
10.1109/lics56636.2023.10175776,True,,Evidential Decision Theory via Partial Markov Categories,IEEE,proceedings-article,,0,57,5,2,0
10.1109/lics56636.2023.10175777,True,,A Metalanguage for Cost-Aware Denotational Semantics,IEEE,proceedings-article,,0,31,4,2,0
10.1109/lics56636.2023.10175781,True,,A Higher-Order Indistinguishability Logic for Cryptographic Reasoning,IEEE,proceedings-article,,0,38,6,2,0
10.1109/lics56636.2023.10175784,True,,Fixed Point Logics on Hemimetric Spaces,IEEE,proceedings-article,,0,27,1,2,0
10.1109/lics56636.2023.10175785,True,,Cut-Restriction: From Cuts to Analytic Cuts,IEEE,proceedings-article,,0,25,3,2,0
10.1109/lics56636.2023.10175791,True,,Operational Algorithmic Game Semantics,IEEE,proceedings-article,,0,27,1,2,0
10.1109/lics56636.2023.10175796,True,,Folding interpretations,IEEE,proceedings-article,,0,28,2,2,0
10.1109/lics56636.2023.10175801,True,,A Complete Equational Theory for Quantum Circuits,IEEE,proceedings-article,,0,36,11,2,0
10.1109/lics56636.2023.10175804,True,,Embedded Finite Models beyond Restricted Quantifier Collapse,IEEE,proceedings-article,,0,32,0,2,0
10.1109/lics56636.2023.10175807,True,,Allegories of Symbolic Manipulations,IEEE,proceedings-article,,0,118,0,2,0
10.1109/lics56636.2023.10175808,True,,On the Growth Rates of Polyregular Functions,IEEE,proceedings-article,,0,23,4,2,0
10.1109/lics56636.2023.10175811,True,,Existential Calculi of Relations with Transitive Closure: Complexity and Edge Saturations,IEEE,proceedings-article,,0,38,4,2,0
10.1109/lics56636.2023.10175813,True,,PDL on Steroids: on Expressive Extensions of PDL with Intersection and Converse,IEEE,proceedings-article,,0,22,1,2,0
10.1109/lics56636.2023.10175818,True,,Simulating Logspace-Recursion with Logarithmic Quantifier Depth,IEEE,proceedings-article,,0,45,1,2,0
10.1109/lics56636.2023.10175827,True,,A system of inference based on proof search: an extended abstract,IEEE,proceedings-article,,0,25,0,2,0
10.1109/lics56636.2023.10175828,True,,Expressive Completeness of Two-Variable First-Order Logic with Counting for First-Order Logic Queries on Rooted Unranked Trees,IEEE,proceedings-article,,0,21,0,2,0
10.1109/lics56636.2023.10175832,True,,Quantifying Over Trees in Monadic Second-Order Logic,IEEE,proceedings-article,,0,53,1,2,0
10.1109/lics65433.2025.00009,True,,Syntactic Effectful Realizability in Higher-Order Logic,IEEE,proceedings-article,,0,71,0,2,0
10.1109/lics65433.2025.00010,True,,#P is Sandwiched by One and Two #2DNF Calls: Is Subtraction Stronger Than We Thought?,IEEE,proceedings-article,,0,46,0,2,0
10.1109/lics65433.2025.00011,True,,Quantifier Elimination for Regular Integer Linear-Exponential Programming,IEEE,proceedings-article,,0,32,0,2,0
10.1109/lics65433.2025.00012,True,,Alternating Nominal Automata with Name Allocation,IEEE,proceedings-article,,0,37,1,2,0
10.1109/lics65433.2025.00013,True,,Initial Algebra Correspondence under Reachability Conditions,IEEE,proceedings-article,,0,49,1,2,0
10.1109/lics65433.2025.00014,True,,On the denotation of circular and non-wellfounded proofs in linear logic with fixed points,IEEE,proceedings-article,,0,58,0,2,0
10.1109/lics65433.2025.00015,True,,Closure and Complexity of Temporal Causality,IEEE,proceedings-article,,0,47,1,2,0
10.1109/lics65433.2025.00016,True,,The internal languages of univalent categories,IEEE,proceedings-article,,0,68,0,2,0
10.1109/lics65433.2025.00017,True,,The Yoneda embedding in simplicial type theory,IEEE,proceedings-article,,0,60,1,2,0
10.1109/lics65433.2025.00018,True,,Hofmann-Streicher lifting of fibred categories : Dedicated to the memory of Thomas Streicher (1958-2025),IEEE,proceedings-article,,0,32,0,2,0
10.1109/lics65433.2025.00019,True,,Interpolation for the two-way modal μ-calculus,IEEE,proceedings-article,,0,41,0,2,0
10.1109/lics65433.2025.00020,True,,Semantical Analysis of Intuitionistic Modal Logics between CK and IK,IEEE,proceedings-article,,0,75,1,2,0
10.1109/lics65433.2025.00021,True,,Proof Compression via Subatomic Logic and Guarded Substitutions,IEEE,proceedings-article,,0,29,0,2,0
10.1109/lics65433.2025.00022,True,,Substructural Abstract Syntax with Variable Binding and Single-Variable Substitution,IEEE,proceedings-article,,0,31,0,2,0
10.1109/lics65433.2025.00023,True,,Equivalence Hypergraphs: DPO Rewriting for Monoidal E-Graphs,IEEE,proceedings-article,,0,41,1,2,0
10.1109/lics65433.2025.00024,True,,Homological Invariants of Higher-Order Equational Theories,IEEE,proceedings-article,,0,20,0,2,0
10.1109/lics65433.2025.00025,True,,Group Order Logic,IEEE,proceedings-article,,0,21,0,2,0
10.1109/lics65433.2025.00026,True,,The Identity Problem in virtually solvable matrix groups over algebraic numbers,IEEE,proceedings-article,,0,36,0,2,0
10.1109/lics65433.2025.00027,True,,Ordinal Exponentiation in Homotopy Type Theory,IEEE,proceedings-article,,0,36,1,2,0
10.1109/lics65433.2025.00028,True,,Naturality for higher-dimensional path types,IEEE,proceedings-article,,0,36,1,2,0
10.1109/lics65433.2025.00029,True,,The Steenrod squares via unordered joins,IEEE,proceedings-article,,0,19,0,2,0
10.1109/lics65433.2025.00030,True,,Model Enumeration of Two-Variable Logic with Quadratic Delay Complexity,IEEE,proceedings-article,,0,29,1,2,0
10.1109/lics65433.2025.00031,True,,Navigational hierarchies of regular languages,IEEE,proceedings-article,,0,50,0,2,0
10.1109/lics65433.2025.00032,True,,Separation and Definability in Fragments of Two-Variable First-Order Logic with Counting,IEEE,proceedings-article,,0,54,1,2,0
10.1109/lics65433.2025.00033,True,,Characterization and Decidability of FC-Definable Regular Languages,IEEE,proceedings-article,,0,36,0,2,0
10.1109/lics65433.2025.00034,True,,Algebraic and algorithmic synergies between promise and infinite-domain CSPs,IEEE,proceedings-article,,0,44,2,2,0
10.1109/lics65433.2025.00035,True,,Classical Simulation of Quantum CSP Strategies,IEEE,proceedings-article,,0,50,0,2,0
10.1109/lics65433.2025.00036,True,,Binary symmetries of tractable non-rigid structures,IEEE,proceedings-article,,0,58,0,2,0
10.1109/lics65433.2025.00037,True,,The sorrows of a smooth digraph: the first hardness criterion for infinite directed graph-colouring problems,IEEE,proceedings-article,,0,56,0,2,0
10.1109/lics65433.2025.00038,True,,"Learning Weighted Automata over Number Rings, Concretely and Categorically",IEEE,proceedings-article,,0,49,1,2,0
10.1109/lics65433.2025.00039,True,,Minimal History-Deterministic Co-Büchi Automata: Congruences and Passive Learning,IEEE,proceedings-article,,0,33,1,2,0
10.1109/lics65433.2025.00040,True,,Learning Deterministic One-Counter Automata in Polynomial Time,IEEE,proceedings-article,,0,13,1,2,0
10.1109/lics65433.2025.00041,True,,Risk-aware Markov Decision Processes Using Cumulative Prospect Theory,IEEE,proceedings-article,,0,55,1,2,0
10.1109/lics65433.2025.00042,True,,"Random Variables, Conditional Independence and Categories of Abstract Sample Spaces",IEEE,proceedings-article,,0,31,1,2,0
10.1109/lics65433.2025.00043,True,,Probabilistic Strategies: Definability and the Tensor Completeness Problem,IEEE,proceedings-article,,0,24,0,2,0
10.1109/lics65433.2025.00044,True,,Multiplicative Rewards in Markovian Models,IEEE,proceedings-article,,0,28,1,2,0
10.1109/lics65433.2025.00045,True,,The Qualitative Collapse of Concurrent Games,IEEE,proceedings-article,,0,42,0,2,0
10.1109/lics65433.2025.00046,True,,"Reachability Types, Traces and Full Abstraction",IEEE,proceedings-article,,0,20,0,2,0
10.1109/lics65433.2025.00047,True,,Effectful Mealy Machines: Bisimulation and Trace,IEEE,proceedings-article,,0,90,1,2,0
10.1109/lics65433.2025.00048,True,,Conformance Games for Graded Semantics,IEEE,proceedings-article,,0,39,0,2,0
10.1109/lics65433.2025.00049,True,,Stopping Criteria for Value Iteration on Concurrent Stochastic Reachability and Safety Games,IEEE,proceedings-article,,0,43,1,2,0
10.1109/lics65433.2025.00050,True,,Reachability and Related Problems in Vector Addition Systems with Nested Zero Tests,IEEE,proceedings-article,,0,34,0,2,0
10.1109/lics65433.2025.00051,True,,A Complexity Dichotomy for Semilinear Target Sets in Automata with One Counter,IEEE,proceedings-article,,0,28,0,2,0
10.1109/lics65433.2025.00052,True,,Functional Stream Semantics for a Synchronous Block-Diagram Compiler,IEEE,proceedings-article,,0,42,0,2,0
10.1109/lics65433.2025.00053,True,,Pushdown Model Checking above the Cubic Bottleneck,IEEE,proceedings-article,,0,42,0,2,0
10.1109/lics65433.2025.00055,True,,Multiple Reachability in Linear Dynamical Systems,IEEE,proceedings-article,,0,21,0,2,0
10.1109/lics65433.2025.00056,True,,Approximate Evaluation of Quantitative Second Order Queries,IEEE,proceedings-article,,0,45,0,2,0
10.1109/lics65433.2025.00057,True,,Recognisability Equals Definability for Finitely Representable Matroids of Bounded Path-Width,IEEE,proceedings-article,,0,23,0,2,0
10.1109/lics65433.2025.00058,True,,Graphs of unbounded linear cliquewidth must transduce all trees,IEEE,proceedings-article,,0,28,0,2,0
10.1109/lics65433.2025.00059,True,,Regular Grammars for Sets of Graphs of Tree-Width 2,IEEE,proceedings-article,,0,22,0,2,0
10.1109/lics65433.2025.00060,True,,When is the partial map classifier a Sierpiński cone?,IEEE,proceedings-article,,0,39,0,2,0
10.1109/lics65433.2025.00061,True,,"Logical relations for call-by-push-value models, via internal fibrations in a 2-category",IEEE,proceedings-article,,0,78,0,2,0
10.1109/lics65433.2025.00062,True,,Compositional Taylor expansion in cartesian differential categories,IEEE,proceedings-article,,0,35,1,2,0
10.1109/lics65433.2025.00063,True,,Thin Coalgebraic Behaviours Are Inductive,IEEE,proceedings-article,,0,38,1,2,0
10.1109/lics65433.2025.00064,True,,Relators and Notions of Simulation Revisited,IEEE,proceedings-article,,0,35,1,2,0
10.1109/lics65433.2025.00065,True,,Behavioural Conformances based on Lax Couplings,IEEE,proceedings-article,,0,54,1,2,0
10.1109/lics65433.2025.00066,True,,"The commutativity problem for effective varieties of formal series, and applications",IEEE,proceedings-article,,0,65,1,2,0
10.1109/lics65433.2025.00067,True,,Convergence Laws for Extensions of First-Order Logic with Averaging,IEEE,proceedings-article,,0,30,1,2,0
10.1109/lics65433.2025.00068,True,,3D-grids are not transducible from planar graphs,IEEE,proceedings-article,,0,33,2,2,0
10.1109/lics65433.2025.00069,True,,Transductions of Graph Classes Admitting Product Structure,IEEE,proceedings-article,,0,27,1,2,0
10.1109/lics65433.2025.00070,True,,Flipping and Forking,IEEE,proceedings-article,,0,34,0,2,0
10.1109/lics65433.2025.00071,True,,"Operator Spaces, Linear Logic and the Heisenberg-Schrödinger Duality of Quantum Theory",IEEE,proceedings-article,,0,51,3,2,0
10.1109/lics65433.2025.00072,True,,Complete Quantum Relational Hoare Logics from Optimal Transport Duality,IEEE,proceedings-article,,0,57,0,2,0
10.1109/lics65433.2025.00073,True,,The Blurred Drinker Paradox: Constructive Reverse Mathematics of the Downward Löwenheim-Skolem Theorem,IEEE,proceedings-article,,0,42,0,2,0
10.1109/pimrcw.2019.8880831,True,,Intelligent Clustering as a Means to Improve K-means Based Horizontal Attacks,IEEE,proceedings-article,,0,19,1,3,0
10.1111/j.0824-7935.2004.00241.x,True,,Logic Programs with Ordered Disjunction,Wiley,journal-article,,0,37,44,1,1
10.1145/2933575.2933577,True,,Reachability in Two-Dimensional Unary Vector Addition Systems with States is NL-Complete,ACM,proceedings-article,,0,9,12,1,0
10.1145/2933575.2933578,True,,Minimization of Symbolic Tree Automata,ACM,proceedings-article,,0,33,6,1,0
10.1145/2933575.2933579,True,,Invisible Pushdown Languages,ACM,proceedings-article,,0,12,4,1,0
10.1145/2933575.2933580,True,,Semantically Acyclic Conjunctive Queries under Functional Dependencies,ACM,proceedings-article,,0,22,6,1,0
10.1145/2933575.2933581,True,,"Unified Semantics and Proof System for Classical, Intuitionistic and Affine Logics",ACM,proceedings-article,,0,22,1,1,0
10.1145/2933575.2933582,True,,A constructive function-theoretic approach to topological compactness,ACM,proceedings-article,,0,30,5,1,0
10.1145/2933575.2933586,True,,Constructions with Non-Recursive Higher Inductive Types,ACM,proceedings-article,,0,15,11,1,0
10.1145/2933575.2933589,True,,Winning Cores in Parity Games,ACM,proceedings-article,,0,29,0,1,0
10.1145/2933575.2933590,True,,Divide and Congruence II,ACM,proceedings-article,,0,24,1,1,0
10.1145/2933575.2933592,True,,A Step Up in Expressiveness of Decidable Fixpoint Logics,ACM,proceedings-article,,0,30,8,1,0
10.1145/2933575.2933594,True,,Order-Invariance of Two-Variable Logic is Decidable,ACM,proceedings-article,,0,28,7,1,0
10.1145/2933575.2933597,True,,Understanding Gentzen and Frege Systems for QBF,ACM,proceedings-article,,0,37,10,1,0
10.1145/2933575.2933598,True,,Towards Completeness via Proof Search in the Linear Time μ-calculus,ACM,proceedings-article,,0,22,7,1,0
10.1145/2933575.2933604,True,,Graphs of relational structures,ACM,proceedings-article,,0,38,8,1,0
10.1145/2933575.2933608,True,,Distinguishing Hidden Markov Chains,ACM,proceedings-article,,0,29,4,1,0
10.1145/2933575.2933609,True,,Monadic second order logic as the model companion of temporal logic,ACM,proceedings-article,,0,23,6,1,0
10.1145/2933575.2933610,True,,"Kolmogorov Extension, Martingale Convergence, and Compositionality of Processes",ACM,proceedings-article,,0,27,6,1,0
10.1145/2933575.2934502,True,,Games with bound guess actions,ACM,proceedings-article,,0,13,1,1,0
10.1145/2933575.2934503,True,,Towards Compositional Feedback in Non-Deterministic and Non-Input-Receptive Systems,ACM,proceedings-article,,0,29,9,1,0
10.1145/2933575.2934504,True,,Automata on Infinite Trees with Equality and Disequality Constraints Between Siblings,ACM,proceedings-article,,0,24,2,1,0
10.1145/2933575.2934505,True,,Infinitary Lambda Calculi from a Linear Perspective,ACM,proceedings-article,,0,29,2,1,0
10.1145/2933575.2934506,True,,Program Equivalence is Coinductive,ACM,proceedings-article,,0,20,2,1,0
10.1145/2933575.2934508,True,,Definability equals recognizability for graphs of bounded treewidth,ACM,proceedings-article,,0,15,14,1,0
10.1145/2933575.2934509,True,,Trace semantics for polymorphic references,ACM,proceedings-article,,0,28,6,1,0
10.1145/2933575.2934510,True,,Weak consistency notions for all the CSPs of bounded width,ACM,proceedings-article,,0,20,7,1,0
10.1145/2933575.2934511,True,,Hybrid realizability for intuitionistic and classical choice,ACM,proceedings-article,,0,23,3,1,0
10.1145/2933575.2934513,True,,Perfect-Information Stochastic Games with Generalized Mean-Payoff Objectives,ACM,proceedings-article,,0,46,12,1,0
10.1145/2933575.2934514,True,,Type Theory based on Dependent Inductive and Coinductive Types,ACM,proceedings-article,,0,29,4,1,0
10.1145/2933575.2934515,True,,"Reducts of finitely bounded homogeneous structures, and lifting tractability from finite-domain constraint satisfaction",ACM,proceedings-article,,0,37,9,1,0
10.1145/2933575.2934516,True,,Denotational semantics of recursive types in synthetic guarded domain theory,ACM,proceedings-article,,0,23,8,1,0
10.1145/2933575.2934517,True,,Order Invariance on Decomposable Structures,ACM,proceedings-article,,0,24,3,1,0
10.1145/2933575.2934520,True,,First-order definability of rational transductions,ACM,proceedings-article,,0,29,3,1,0
10.1145/2933575.2934526,True,,On the Satisfiability of Some Simple Probabilistic Logics,ACM,proceedings-article,,0,18,11,1,0
10.1145/2933575.2934527,True,,The Diagonal Problem for Higher-Order Recursion Schemes is Decidable,ACM,proceedings-article,,0,28,10,1,0
10.1145/2933575.2934532,True,,Deciding First-Order Satisfiability when Universal and Existential Variables are Separated,ACM,proceedings-article,,0,30,5,1,0
10.1145/2933575.2934535,True,,Data Communicating Processes with Unreliable Channels,ACM,proceedings-article,,0,29,3,1,0
10.1145/2933575.2934537,True,,Stochastic mechanics of graph rewriting,ACM,proceedings-article,,0,14,19,1,0
10.1145/2933575.2934538,True,,Solvability of Matrix-Exponential Equations,ACM,proceedings-article,,0,30,0,1,0
10.1145/2933575.2934541,True,,Church Meets Cook and Levin,ACM,proceedings-article,,0,24,1,1,0
10.1145/2933575.2934544,True,,The algebraic dichotomy conjecture for infinite domain Constraint Satisfaction Problems,ACM,proceedings-article,,0,30,26,1,0
10.1145/2933575.2934545,True,,A Mechanization of the Blakers-Massey Connectivity Theorem in Homotopy Type Theory,ACM,proceedings-article,,0,32,13,1,0
10.1145/2933575.2934548,True,,On Recurrent Reachability for Continuous Linear Dynamical Systems,ACM,proceedings-article,,0,20,6,1,0
10.1145/2933575.2934549,True,,A Generalised Twinning Property for Minimisation of Cost Register Automata,ACM,proceedings-article,,0,14,11,1,0
10.1145/2933575.2934552,True,,First-order logic with reachability for infinite-state systems,ACM,proceedings-article,,0,26,6,1,0
10.1145/2933575.2934553,True,,Plays as Resource Terms via Non-idempotent Intersection Types,ACM,proceedings-article,,0,37,5,1,0
10.1145/2933575.2934554,True,,Proving Differential Privacy via Probabilistic Couplings,ACM,proceedings-article,,0,32,66,1,0
10.1145/2933575.2934555,True,,Differential Refinement Logic,ACM,proceedings-article,,0,27,24,1,0
10.1145/2933575.2934556,True,,A categorical approach to open and interconnected dynamical systems,ACM,proceedings-article,,0,23,15,1,0
10.1145/2933575.2934561,True,,The complexity of regular abstractions of one-counter languages,ACM,proceedings-article,,0,38,2,1,0
10.1145/2933575.2934564,True,,Coinduction All the Way Up,ACM,proceedings-article,,0,31,29,1,0
10.1145/2933575.2934567,True,,Ability to Count Messages Is Worth Θ(Δ) Rounds in Distributed Computing,ACM,proceedings-article,,0,18,1,1,0
10.1145/2933575.2934569,True,,Fixed Points In Quantitative Semantics,ACM,proceedings-article,,0,23,5,1,0
10.1145/2933575.2934570,True,,From positive and intuitionistic bounded arithmetic to monotone proof complexity,ACM,proceedings-article,,0,30,0,1,0
10.1145/2933575.2934571,True,,Hanf normal form for first-order logic with unary counting quantifiers,ACM,proceedings-article,,0,21,3,1,0
10.1145/2933575.2934572,True,,Quantifier Free Definability on Infinite Algebras,ACM,proceedings-article,,0,28,2,1,0
10.1145/2933575.2934574,True,,The Probabilistic Model Checking Landscape,ACM,proceedings-article,,0,177,119,1,0
10.1145/2933575.2934579,True,,Blockchains and the Logic of Accountability,ACM,proceedings-article,,0,31,7,1,0
10.1145/2933575.2935304,True,,Model and Objective Separation with Conditional Lower Bounds,ACM,proceedings-article,,0,40,7,1,0
10.1145/2933575.2935306,True,,Querying Visible and Invisible Information,ACM,proceedings-article,,0,24,3,1,0
10.1145/2933575.2935308,True,,Two-variable Logic with a Between Relation,ACM,proceedings-article,,0,25,6,1,0
10.1145/2933575.2935310,True,,Proving Liveness of Parameterized Programs,ACM,proceedings-article,,0,34,30,1,0
10.1145/2933575.2935311,True,,Complexity Theory of (Functions on) Compact Metric Spaces,ACM,proceedings-article,,0,44,6,1,0
10.1145/2933575.2935314,True,,A New Perspective on FO Model Checking of Dense Graph Classes,ACM,proceedings-article,,0,16,9,1,0
10.1145/2933575.2935315,True,,Two-Way Visibly Pushdown Automata and Transducers,ACM,proceedings-article,,0,34,5,1,0
10.1145/2933575.2935316,True,,Rewriting modulo symmetric monoidal structure,ACM,proceedings-article,,0,41,20,1,0
10.1145/2933575.2935317,True,,Reasoning about Recursive Probabilistic Programs,ACM,proceedings-article,,0,32,61,1,0
10.1145/2933575.2935319,True,,Healthiness from Duality,ACM,proceedings-article,,0,33,13,1,0
10.1145/2933575.2935320,True,,The Definitional Side of the Forcing,ACM,proceedings-article,,0,15,14,1,0
10.1145/3209108.3209112,True,,Inner Models of Univalence,ACM,proceedings-article,,0,6,0,1,0
10.1145/3209108.3209115,True,,A modal μ perspective on solving parity games in quasi-polynomial time,ACM,proceedings-article,,0,26,10,1,0
10.1145/3209108.3209116,True,,An Asynchronous Soundness Theorem for Concurrent Separation Logic,ACM,proceedings-article,,0,20,4,1,0
10.1145/3209108.3209117,True,,An answer to the Gamma question,ACM,proceedings-article,,0,23,4,1,0
10.1145/3209108.3209118,True,,Riesz Modal Logic with Threshold Operators,ACM,proceedings-article,,0,15,3,1,0
10.1145/3209108.3209120,True,,Can One Escape Red Chains?,ACM,proceedings-article,,0,28,2,1,0
10.1145/3209108.3209121,True,,A theory of linear typings as flows on 3-valent graphs,ACM,proceedings-article,,0,54,5,1,0
10.1145/3209108.3209123,True,,Logical paradoxes in quantum computation,ACM,proceedings-article,,0,58,3,1,0
10.1145/3209108.3209125,True,,Quasi-Open Bisimilarity with Mismatch is Intuitionistic,ACM,proceedings-article,,0,20,6,1,0
10.1145/3209108.3209126,True,,Probabilistic Böhm Trees and Probabilistic Separation,ACM,proceedings-article,,0,9,5,1,0
10.1145/3209108.3209127,True,,The Geometry of Computation-Graph Abstraction,ACM,proceedings-article,,0,18,2,1,0
10.1145/3209108.3209128,True,,Two complete axiomatisations of pure-state qubit quantum computing,ACM,proceedings-article,,0,23,38,1,0
10.1145/3209108.3209129,True,,Ribbon Tensorial Logic,ACM,proceedings-article,,0,19,5,1,0
10.1145/3209108.3209130,True,,Impredicative Encodings of (Higher) Inductive Types,ACM,proceedings-article,,0,38,12,1,0
10.1145/3209108.3209131,True,,A Complete Axiomatisation of the ZX-Calculus for Clifford+T Quantum Mechanics,ACM,proceedings-article,,0,30,74,1,0
10.1145/3209108.3209132,True,,Around Classical and Intuitionistic Linear Logics,ACM,proceedings-article,,0,23,2,1,0
10.1145/3209108.3209133,True,,Every λ-Term is Meaningful for the Infinitary Relational Model,ACM,proceedings-article,,0,18,1,1,0
10.1145/3209108.3209136,True,,Parameterized circuit complexity of model-checking on sparse structures,ACM,proceedings-article,,0,31,5,1,0
10.1145/3209108.3209138,True,,A Simple and Optimal Complementation Algorithm for Büchi Automata,ACM,proceedings-article,,0,17,12,1,0
10.1145/3209108.3209139,True,,Diagrammatic Reasoning beyond Clifford+T Quantum Mechanics,ACM,proceedings-article,,0,22,31,1,0
10.1145/3209108.3209140,True,,Classical realizability as a classifier for nondeterminism,ACM,proceedings-article,,0,18,3,1,0
10.1145/3209108.3209141,True,,A General Framework for Relational Parametricity,ACM,proceedings-article,,0,16,5,1,0
10.1145/3209108.3209142,True,,Polynomial Invariants for Affine Programs,ACM,proceedings-article,,0,42,35,1,0
10.1145/3209108.3209143,True,,Automaton-Based Criteria for Membership in CTL,ACM,proceedings-article,,0,34,2,1,0
10.1145/3209108.3209145,True,,Strong Sums in Focused Logic,ACM,proceedings-article,,0,28,1,1,0
10.1145/3209108.3209146,True,,Work Analysis with Resource-Aware Session Types,ACM,proceedings-article,,0,36,29,1,0
10.1145/3209108.3209147,True,,Differential Equation Axiomatization,ACM,proceedings-article,,0,19,22,1,0
10.1145/3209108.3209148,True,,A Generalized Modality for Recursion,ACM,proceedings-article,,0,28,14,1,0
10.1145/3209108.3209149,True,,Quantitative Behavioural Reasoning for Higher-order Effectful Programs,ACM,proceedings-article,,0,36,20,1,0
10.1145/3209108.3209151,True,,"A Hybrid, Dynamic Logic for Hybrid-Dynamic Information Flow",ACM,proceedings-article,,0,35,18,1,0
10.1145/3209108.3209153,True,,Guarded Computational Type Theory,ACM,proceedings-article,,0,32,6,1,0
10.1145/3209108.3209155,True,,"A parameterized halting problem, the linear time hierarchy, and the MRDP theorem",ACM,proceedings-article,,0,24,1,1,0
10.1145/3209108.3209156,True,,A universal-algebraic proof of the complexity dichotomy for Monotone Monadic SNP,ACM,proceedings-article,,0,26,12,1,0
10.1145/3209108.3209157,True,,"Species, Profunctors and Taylor Expansion Weighted by SMCC",ACM,proceedings-article,,0,33,11,1,0
10.1145/3209108.3209158,True,,Wreath Products of Distributive Forest Algebras,ACM,proceedings-article,,0,21,0,1,0
10.1145/3209108.3209160,True,,"Tree-depth, quantifier elimination, and quantifier rank",ACM,proceedings-article,,0,18,3,1,0
10.1145/3209108.3209162,True,,A pseudo-quasi-polynomial algorithm for mean-payoff parity games,ACM,proceedings-article,,0,25,9,1,0
10.1145/3209108.3209163,True,,Regular and First-Order List Functions,ACM,proceedings-article,,0,25,6,1,0
10.1145/3209108.3209164,True,,Rational Synthesis Under Imperfect Information,ACM,proceedings-article,,0,34,8,1,0
10.1145/3209108.3209166,True,,Syntax and Semantics for Operations with Scopes,ACM,proceedings-article,,0,27,22,1,0
10.1145/3209108.3209167,True,,The State Complexity of Alternating Automata,ACM,proceedings-article,,0,28,1,1,0
10.1145/3209108.3209168,True,,Weighted model counting beyond two-variable logic,ACM,proceedings-article,,0,15,5,1,0
10.1145/3209108.3209169,True,,Sound up-to techniques and Complete abstract domains,ACM,proceedings-article,,0,35,10,1,0
10.1145/3209108.3209173,True,,Satisfiability in multi-valued circuits,ACM,proceedings-article,,0,37,2,1,0
10.1145/3209108.3209175,True,,Boolean-Valued Semantics for the Stochastic λ-Calculus,ACM,proceedings-article,,0,22,5,1,0
10.1145/3209108.3209176,True,,Conditional Value-at-Risk for Reachability and Mean Payoff in Markov Decision Processes,ACM,proceedings-article,,0,34,6,1,0
10.1145/3209108.3209178,True,,On the number of types in sparse graphs,ACM,proceedings-article,,0,41,10,1,0
10.1145/3209108.3209179,True,,Model-Theoretic Characterization of Boolean and Arithmetic Circuit Classes of Small Depth,ACM,proceedings-article,,0,21,4,1,0
10.1145/3209108.3209180,True,,A van Benthem Theorem for Fuzzy Modal Logic,ACM,proceedings-article,,0,53,9,1,0
10.1145/3209108.3209181,True,,Logics for Word Transductions with Synthesis,ACM,proceedings-article,,0,33,1,1,0
10.1145/3209108.3209183,True,,Free Higher Groups in Homotopy Type Theory,ACM,proceedings-article,,0,23,4,1,0
10.1145/3209108.3209184,True,,Stochastic Shortest Paths and Weight-Bounded Properties in Markov Decision Processes,ACM,proceedings-article,,0,18,10,1,0
10.1145/3209108.3209185,True,,Distribution-based objectives for Markov Decision Processes,ACM,proceedings-article,,0,30,8,1,0
10.1145/3209108.3209186,True,,"Definable Ellipsoid Method, Sums-of-Squares Proofs, and the Isomorphism Problem",ACM,proceedings-article,,0,17,7,1,0
10.1145/3209108.3209187,True,,The concurrent game semantics of Probabilistic PCF,ACM,proceedings-article,,0,34,15,1,0
10.1145/3209108.3209189,True,,Syntax and Semantics of Quantitative Type Theory,ACM,proceedings-article,,0,34,72,1,0
10.1145/3209108.3209190,True,,On computability and tractability for infinite sets,ACM,proceedings-article,,0,19,2,1,0
10.1145/3209108.3209191,True,,Efficient Algorithms for Asymptotic Bounds on Termination Time in VASS,ACM,proceedings-article,,0,37,7,1,0
10.1145/3209108.3209193,True,,Computable decision making on the reals and other spaces,ACM,proceedings-article,,0,29,6,1,0
10.1145/3209108.3209194,True,,A Theory of Register Monitors,ACM,proceedings-article,,0,41,11,1,0
10.1145/3209108.3209197,True,,On Higher Inductive Types in Cubical Type Theory,ACM,proceedings-article,,0,27,34,1,0
10.1145/3209108.3209198,True,,Probabilistic Stable Functions on Discrete Cones are Power Series,ACM,proceedings-article,,0,20,6,1,0
10.1145/3209108.3209199,True,,A sequent calculus with dependent types for classical arithmetic,ACM,proceedings-article,,0,24,4,1,0
10.1145/3209108.3209200,True,,Computability Beyond Church-Turing via Choice Sequences,ACM,proceedings-article,,0,44,5,1,0
10.1145/3209108.3209201,True,,Separability by piecewise testable languages and downward closures beyond subwords,ACM,proceedings-article,,0,29,9,1,0
10.1145/3209108.3209204,True,,A Fixpoint Logic and Dependent Effects for Temporal Property Verification,ACM,proceedings-article,,0,32,21,1,0
10.1145/3209108.3209205,True,,Unary negation fragment with equivalence relations has the finite model property,ACM,proceedings-article,,0,20,1,1,0
10.1145/3209108.3209206,True,,Extensional and Intensional Semantic Universes,ACM,proceedings-article,,0,31,1,1,0
10.1145/3209108.3209207,True,,Dialectica models of type theory,ACM,proceedings-article,,0,30,7,1,0
10.1145/3286062.3286072,True,,Internet As a Source of Randomness,ACM,proceedings-article,,0,41,0,1,0
10.1145/3319535.3354216,True,,Insecure Until Proven Updated,ACM,proceedings-article,,0,37,43,1,0
10.1145/3338498.3358649,True,,Anatomy of Commercial IMSI Catchers and Detectors,ACM,proceedings-article,,0,100,31,1,0
10.1145/3339984,True,,Non-polynomial Worst-Case Analysis of Recursive Programs,Association for Computing Machinery (ACM),journal-article,,0,72,21,1,1
10.1145/3373718.3394732,True,,When Reachability Meets Grzegorczyk,ACM,proceedings-article,,0,41,1,1,0
10.1145/3373718.3394733,True,,A tale of intersection types,ACM,proceedings-article,,0,79,4,1,0
10.1145/3373718.3394735,True,,"Contextual Types, Explained",ACM,proceedings-article,,0,11,0,1,0
10.1145/3373718.3394738,True,,A Cellular Howe Theorem,ACM,proceedings-article,,0,35,7,1,0
10.1145/3373718.3394739,True,,Counting Bounded Tree Depth Homomorphisms,ACM,proceedings-article,,0,41,10,1,0
10.1145/3373718.3394740,True,,Russian Constructivism in a Prefascist Theory,ACM,proceedings-article,,0,46,7,1,0
10.1145/3373718.3394742,True,,A characterisation of ordered abstract probabilities,ACM,proceedings-article,,0,53,5,1,0
10.1145/3373718.3394743,True,,An Efficient Normalisation Procedure for Linear Temporal Logic and Very Weak Alternating Automata,ACM,proceedings-article,,0,23,10,1,0
10.1145/3373718.3394744,True,,A Complete Proof System for 1-Free Regular Expressions Modulo Bisimilarity,ACM,proceedings-article,,0,27,11,1,0
10.1145/3373718.3394746,True,,Universal equivalence and majority of probabilistic programs over finite fields,ACM,proceedings-article,,0,32,4,1,0
10.1145/3373718.3394747,True,,Space-efficient Query Evaluation over Probabilistic Event Streams,ACM,proceedings-article,,0,14,2,1,0
10.1145/3373718.3394750,True,,Temporal Constraint Satisfaction Problems in Fixed-Point Logic,ACM,proceedings-article,,0,42,5,1,0
10.1145/3373718.3394751,True,,Efficient Analysis of VASS Termination Complexity,ACM,proceedings-article,,0,19,2,1,0
10.1145/3373718.3394752,True,,Re-pairing brackets,ACM,proceedings-article,,0,51,1,1,0
10.1145/3373718.3394753,True,,Complexity of controlled bad sequences over finite sets of Nd,ACM,proceedings-article,,0,20,5,1,0
10.1145/3373718.3394754,True,,The Surprising Power of Constant Depth Algebraic Proofs,ACM,proceedings-article,,0,30,4,1,0
10.1145/3373718.3394755,True,,A Higher Structure Identity Principle,ACM,proceedings-article,,0,12,6,1,0
10.1145/3373718.3394756,True,,Lower Bounds for QBFs of Bounded Treewidth,ACM,proceedings-article,,0,56,11,1,0
10.1145/3373718.3394757,True,,Making Streett Determinization Tight,ACM,proceedings-article,,0,15,1,1,0
10.1145/3373718.3394758,True,,Cones as a model of intuitionistic linear logic,ACM,proceedings-article,,0,18,1,1,0
10.1145/3373718.3394759,True,,Partial Univalence in n-truncated Type Theory,ACM,proceedings-article,,0,27,1,1,0
10.1145/3373718.3394760,True,,The Integers as a Higher Inductive Type,ACM,proceedings-article,,0,18,3,1,0
10.1145/3373718.3394762,True,,Concurrent Separation Logic Meets Template Games,ACM,proceedings-article,,0,27,3,1,0
10.1145/3373718.3394764,True,,The Hidden Subgroup Problem for Universal Algebras,ACM,proceedings-article,,0,21,0,1,0
10.1145/3373718.3394765,True,,Linear Dependent Type Theory for Quantum Programming Languages,ACM,proceedings-article,,0,33,19,1,0
10.1145/3373718.3394766,True,,On Computability of Logical Approaches to Branching-Time Property Verification of Programs,ACM,proceedings-article,,0,25,5,1,0
10.1145/3373718.3394769,True,,Coherence and normalisation-by-evaluation for bicategorical cartesian closed structure,ACM,proceedings-article,,0,71,5,1,0
10.1145/3373718.3394771,True,,Algebraic models of simple type theories,ACM,proceedings-article,,0,27,7,1,0
10.1145/3373718.3394772,True,,One-Clock Priced Timed Games are PSPACE-hard,ACM,proceedings-article,,0,20,0,1,0
10.1145/3373718.3394773,True,,Descriptive complexity of real computation and probabilistic independence logic,ACM,proceedings-article,,0,28,13,1,0
10.1145/3373718.3394774,True,,Consuming and Persistent Types for Classical Logic,ACM,proceedings-article,,0,30,6,1,0
10.1145/3373718.3394776,True,,An Approach to Regular Separability in Vector Addition Systems,ACM,proceedings-article,,0,41,2,1,0
10.1145/3373718.3394778,True,,Reconciling noninterference and gradual typing,ACM,proceedings-article,,0,36,9,1,0
10.1145/3373718.3394780,True,,Intermediate problems in modular circuits satisfiability,ACM,proceedings-article,,0,28,4,1,0
10.1145/3373718.3394781,True,,On The Relational Width of First-Order Expansions of Finitely Bounded Homogeneous Binary Cores with Bounded Strict Width,ACM,proceedings-article,,0,24,2,1,0
10.1145/3373718.3394782,True,,Uniformisations of Regular Relations Over Bi-Infinite Words,ACM,proceedings-article,,0,11,1,1,0
10.1145/3373718.3394783,True,,The Complexity of Dynamic Data Race Prediction,ACM,proceedings-article,,0,44,23,1,0
10.1145/3373718.3394784,True,,A Hennessy-Milner Theorem for ATL with Imperfect Information,ACM,proceedings-article,,0,17,1,1,0
10.1145/3373718.3394785,True,,First-order tree-to-tree functions,ACM,proceedings-article,,0,30,1,1,0
10.1145/3373718.3394786,True,,On the Weisfeiler-Leman Dimension of Finite Groups,ACM,proceedings-article,,0,40,8,1,0
10.1145/3373718.3394787,True,,Modal Logics with Composition on Finite Forests,ACM,proceedings-article,,0,47,3,1,0
10.1145/3373718.3394792,True,,A calculus of expandable stores,ACM,proceedings-article,,0,32,0,1,0
10.1145/3373718.3394794,True,,A Constructive Model of Directed Univalence in Bicubical Sets,ACM,proceedings-article,,0,40,9,1,0
10.1145/3373718.3394795,True,,Combining probabilistic and non-deterministic choice via weak distributive laws,ACM,proceedings-article,,0,32,16,1,0
10.1145/3373718.3394796,True,,Deciding Differential Privacy for Programs with Finite Inputs and Outputs,ACM,proceedings-article,,0,34,19,1,0
10.1145/3373718.3394797,True,,A Fixed Point Theorem on Lexicographic Lattice Structures,ACM,proceedings-article,,0,22,0,1,0
10.1145/3373718.3394799,True,,Refinement-Based Game Semantics for Certified Abstraction Layers,ACM,proceedings-article,,0,46,14,1,0
10.1145/3373718.3394800,True,,Coherence via Well-Foundedness,ACM,proceedings-article,,0,28,3,1,0
10.1145/3373718.3394802,True,,Extended Kripke lemma and decidability for hypersequent substructural logics,ACM,proceedings-article,,0,30,3,1,0
10.1145/3373718.3394804,True,,Pebble Minimization of Polyregular Functions,ACM,proceedings-article,,0,8,3,1,0
10.1145/3373718.3394805,True,,Mixing Probabilistic and non-Probabilistic Objectives in Markov Decision Processes,ACM,proceedings-article,,0,21,4,1,0
10.1145/3373718.3394806,True,,The Benefit of Being Non-Lazy in Probabilistic λ-calculus,ACM,proceedings-article,,0,25,1,1,0
10.1145/3373718.3394807,True,,Modal Intuitionistic Logics as Dialgebraic Logics,ACM,proceedings-article,,0,84,3,1,0
10.1145/3373718.3394809,True,,Sparse Hashing for Scalable Approximate Model Counting,ACM,proceedings-article,,0,35,15,1,0
10.1145/3373718.3394827,True,,Bisimulation Finiteness of Pushdown Systems Is Elementary,ACM,proceedings-article,,0,34,0,1,0
10.1145/3485002,True,,Sequential Equilibrium in Games of Imperfect Recall,Association for Computing Machinery (ACM),journal-article,,0,25,0,1,1
10.1145/3531130.3532405,True,,Varieties of Quantitative Algebras and Their Monads,ACM,proceedings-article,,0,15,4,1,0
10.1145/3531130.3532410,True,,The amazing mixed polynomial closure and its applications to two-variable first-order logic,ACM,proceedings-article,,0,36,3,1,0
10.1145/3531130.3532419,True,,Partitions and Ewens Distributions in element-free Probability Theory,ACM,proceedings-article,,0,31,3,1,0
10.1145/3531130.3532439,True,,Stochastic Games with Synchronizing Objectives,ACM,proceedings-article,,0,35,0,1,0
10.1145/3531130.3532458,True,,A direct computational interpretation of second-order arithmetic via update recursion,ACM,proceedings-article,,0,14,1,1,0
10.1145/3531130.3532469,True,,Resource approximation for the λμ-calculus,ACM,proceedings-article,,0,29,0,1,0
10.1145/3531130.3532484,True,,A first-order completeness result about characteristic Boolean algebras in classical realizability,ACM,proceedings-article,,0,12,0,1,0
10.1145/3531130.3532488,True,,A Functorial Excursion Between Algebraic Geometry and Linear Logic,ACM,proceedings-article,,0,37,1,1,0
10.1145/3531130.3532498,True,,When Locality Meets Preservation,ACM,proceedings-article,,0,24,0,1,0
10.1145/3531130.3533326,True,,Transducers of polynomial growth,ACM,proceedings-article,,0,36,8,1,0
10.1145/3531130.3533328,True,,On the Skolem Problem and the Skolem Conjecture,ACM,proceedings-article,,0,31,5,1,0
10.1145/3531130.3533329,True,,On the Satisfiability of Context-free String Constraints with Subword-Ordering,ACM,proceedings-article,,0,33,1,1,0
10.1145/3531130.3533330,True,,Computable PAC Learning of Continuous Features,ACM,proceedings-article,,0,20,1,1,0
10.1145/3531130.3533332,True,,Quantum Expectation Transformers for Cost Analysis,ACM,proceedings-article,,0,29,10,1,0
10.1145/3531130.3533333,True,,Solvability of orbit-finite systems of linear equations,ACM,proceedings-article,,0,29,3,1,0
10.1145/3531130.3533336,True,,The boundedness and zero isolation problems for weighted automata over nonnegative rationals,ACM,proceedings-article,,0,39,2,1,0
10.1145/3531130.3533337,True,,Logical Foundations of Quantitative Equality,ACM,proceedings-article,,0,52,4,1,0
10.1145/3531130.3533338,True,,On Almost-Uniform Generation of SAT Solutions: The power of 3-wise independent hashing,ACM,proceedings-article,,0,21,1,1,0
10.1145/3531130.3533339,True,,Size measures and alphabetic equivalence in the μ-calculus,ACM,proceedings-article,,0,23,3,1,0
10.1145/3531130.3533342,True,,Active learning for sound negotiations✱,ACM,proceedings-article,,0,39,2,1,0
10.1145/3531130.3533343,True,,Abstractions for the local-time semantics of timed automata: a foundation for partial-order methods,ACM,proceedings-article,,0,40,7,1,0
10.1145/3531130.3533344,True,,On the strength of Sherali-Adams and Nullstellensatz as propositional proof systems,ACM,proceedings-article,,0,31,1,1,0
10.1145/3531130.3533345,True,,The Complexity of Bidirected Reachability in Valence Systems,ACM,proceedings-article,,0,49,7,1,0
10.1145/3531130.3533346,True,,Ramsey Quantifiers over Automatic Structures: Complexity and Applications to Verification,ACM,proceedings-article,,0,36,3,1,0
10.1145/3531130.3533347,True,,Syllepsis in Homotopy Type Theory,ACM,proceedings-article,,0,23,2,1,0
10.1145/3531130.3533349,True,,Treelike Decompositions for Transductions of Sparse Graphs,ACM,proceedings-article,,0,22,5,1,0
10.1145/3531130.3533351,True,,Probabilistic Verification Beyond Context-Freeness,ACM,proceedings-article,,0,29,0,1,0
10.1145/3531130.3533352,True,,Zigzag normalisation for associative n-categories,ACM,proceedings-article,,0,27,1,1,0
10.1145/3531130.3533353,True,,Smooth approximations and CSPs over finitely bounded homogeneous structures,ACM,proceedings-article,,0,64,4,1,0
10.1145/3531130.3533354,True,,Reasoning on Data Words over Numeric Domains,ACM,proceedings-article,,0,46,2,1,0
10.1145/3531130.3533355,True,,Probability monads with submonads of deterministic states,ACM,proceedings-article,,0,36,4,1,0
10.1145/3531130.3533356,True,,Stable graphs of bounded twin-width,ACM,proceedings-article,,0,37,9,1,0
10.1145/3531130.3533357,True,,Lower Bounds for the Reachability Problem in Fixed Dimensional VASSes,ACM,proceedings-article,,0,19,6,1,0
10.1145/3531130.3533358,True,,Zero-One Laws and Almost Sure Valuations of First-Order Logic in Semiring Semantics,ACM,proceedings-article,,0,19,5,1,0
10.1145/3531130.3533359,True,,Greatest HITs: Higher inductive types in coinductive definitions via induction under clocks,ACM,proceedings-article,,0,55,5,1,0
10.1145/3531130.3533361,True,,Curry and Howard Meet Borel,ACM,proceedings-article,,0,61,2,1,0
10.1145/3531130.3533363,True,,A Type Theory for Strictly Unital ∞-Categories,ACM,proceedings-article,,0,18,5,1,0
10.1145/3531130.3533364,True,,Efficient Construction of Reversible Transducers from Regular Transducer Expressions,ACM,proceedings-article,,0,12,2,1,0
10.1145/3531130.3533365,True,,Monoidal Streams for Dataflow Programming,ACM,proceedings-article,,0,86,9,1,0
10.1145/3531130.3533366,True,,Beyond Nonexpansive Operations in Quantitative Algebraic Reasoning,ACM,proceedings-article,,0,18,2,1,0
10.1145/3531130.3533367,True,,Model Checking on Interpretations of Classes of Bounded Local Cliquewidth,ACM,proceedings-article,,0,32,5,1,0
10.1145/3531130.3533368,True,,Separating LREC from LFP,ACM,proceedings-article,,0,15,1,1,0
10.1145/3531130.3533369,True,,Deciding Hyperproperties Combined with Functional Specifications,ACM,proceedings-article,,0,43,9,1,0
10.1145/3531130.3533370,True,,Concrete categories and higher-order recursion,ACM,proceedings-article,,0,55,3,1,0
10.1145/3531130.3533371,True,,The Regular Languages of First-Order Logic with One Alternation,ACM,proceedings-article,,0,35,0,1,0
10.1145/3531130.3533372,True,,Geometric decision procedures and the VC dimension of linear arithmetic theories,ACM,proceedings-article,,0,48,1,1,0
10.1145/3531130.3533373,True,,Linear-Algebraic Models of Linear Logic as Categories of Modules over Σ-Semirings✱,ACM,proceedings-article,,0,43,3,1,0
10.1145/3531130.3533374,True,,Graded Monads and Behavioural Equivalence Games,ACM,proceedings-article,,0,43,3,1,0
10.1145/3531130.3533375,True,,Bouncing Threads for Circular and Non-Wellfounded Proofs,ACM,proceedings-article,,0,41,14,1,0
10.1145/3661814.3662068,True,,Local consistency as a reduction between constraint satisfaction problems,ACM,proceedings-article,,0,53,11,1,0
10.1145/3661814.3662069,True,,1-in-3 vs. Not-All-Equal: Dichotomy of a broken promise,ACM,proceedings-article,,0,50,1,1,0
10.1145/3661814.3662071,True,,The Complexity of Resilience Problems via Valued Constraint Satisfaction Problems,ACM,proceedings-article,,0,44,4,1,0
10.1145/3661814.3662072,True,,Injective hardness condition for PCSPs,ACM,proceedings-article,,0,30,1,1,0
10.1145/3661814.3662073,True,,Determinisation and Unambiguisation of Polynomially-Ambiguous Rational Weighted Automata,ACM,proceedings-article,,0,32,2,1,0
10.1145/3661814.3662074,True,,Equivariant ideals of polynomials,ACM,proceedings-article,,0,26,1,1,0
10.1145/3661814.3662075,True,,Concurrent Games over Relational Structures: The Origin of Game Comonads,ACM,proceedings-article,,0,33,1,1,0
10.1145/3661814.3662077,True,,Delooping cyclic groups with lens spaces in homotopy type theory,ACM,proceedings-article,,0,27,0,1,0
10.1145/3661814.3662078,True,,Diagrammatic Algebra of First Order Logic,ACM,proceedings-article,,0,77,3,1,0
10.1145/3661814.3662080,True,,Deterministic Sub-exponential Algorithm for Discounted-sum Games with Unary Weights,ACM,proceedings-article,,0,35,0,1,0
10.1145/3661814.3662081,True,,Linear Termination is Undecidable,ACM,proceedings-article,,0,39,0,1,0
10.1145/3661814.3662082,True,,"Dot-depth three, return of the J-class",ACM,proceedings-article,,0,64,4,1,0
10.1145/3661814.3662083,True,,Rank-decreasing transductions,ACM,proceedings-article,,0,23,1,1,0
10.1145/3661814.3662084,True,,A Completeness Theorem for Probabilistic Regular Expressions,ACM,proceedings-article,,0,58,3,1,0
10.1145/3661814.3662085,True,,Separation and Encodability in Mixed Choice Multiparty Sessions,ACM,proceedings-article,,0,65,10,1,0
10.1145/3661814.3662088,True,,Minimal Equational Theories for Quantum Circuits,ACM,proceedings-article,,0,26,3,1,0
10.1145/3661814.3662089,True,,Model Checking Disjoint-Paths Logic on Topological-Minor-Free Graph Classes,ACM,proceedings-article,,0,45,3,1,0
10.1145/3661814.3662090,True,,Discounted-Sum Automata with Real-Valued Discount Factors,ACM,proceedings-article,,0,40,2,1,0
10.1145/3661814.3662092,True,,An Analysis of Symmetry in Quantitative Semantics,ACM,proceedings-article,,0,28,0,1,0
10.1145/3661814.3662093,True,,Are Targeted Messages More Effective?,ACM,proceedings-article,,0,35,0,1,0
10.1145/3661814.3662094,True,,Elementary first-order model checking for sparse graphs,ACM,proceedings-article,,0,31,1,1,0
10.1145/3661814.3662096,True,,Bounded-Memory Strategies in Partial-Information Games,ACM,proceedings-article,,0,40,1,1,0
10.1145/3661814.3662098,True,,"Braids, Twists, Trace and Duality in Combinatory Algebras",ACM,proceedings-article,,0,43,2,1,0
10.1145/3661814.3662099,True,,Bialgebraic Reasoning on Higher-order Program Equivalence,ACM,proceedings-article,,0,85,5,1,0
10.1145/3661814.3662100,True,,Declassification Policy for Program Complexity Analysis,ACM,proceedings-article,,0,35,0,1,0
10.1145/3661814.3662101,True,,Non-Elementary Compression of First-Order Proofs in Deep Inference Using Epsilon-Terms,ACM,proceedings-article,,0,34,0,1,0
10.1145/3661814.3662102,True,,A Syntax for Strictly Associative and Unital ∞-Categories,ACM,proceedings-article,,0,21,0,1,0
10.1145/3661814.3662103,True,,Pushdown Normal-Form Bisimulation: A Nominal Context-Free Approach to Program Equivalence,ACM,proceedings-article,,0,60,1,1,0
10.1145/3661814.3662105,True,,Initial Algebras Unchained - A Novel Initial Algebra Construction Formalized in Agda,ACM,proceedings-article,,0,26,0,1,0
10.1145/3661814.3662107,True,,A Characterisation Theorem for Two-Way Bisimulation-Invariant Monadic Least Fixpoint Logic Over Finite Structures,ACM,proceedings-article,,0,41,0,1,0
10.1145/3661814.3662108,True,,Combining fixpoint and differentiation theory,ACM,proceedings-article,,0,63,0,1,0
10.1145/3661814.3662109,True,,Contextual Equivalence for State and Control via Nested Data,ACM,proceedings-article,,0,24,0,1,0
10.1145/3661814.3662110,True,,An expressively complete local past propositional dynamic logic over Mazurkiewicz traces and its applications,ACM,proceedings-article,,0,21,3,1,0
10.1145/3661814.3662111,True,,Decidability of Quasi-Dense Modal Logics,ACM,proceedings-article,,0,16,0,1,0
10.1145/3661814.3662112,True,,On the Completeness of Interpolation Algorithms,ACM,proceedings-article,,0,28,0,1,0
10.1145/3661814.3662113,True,,Genericity Through Stratification,ACM,proceedings-article,,0,65,0,1,0
10.1145/3661814.3662114,True,,Uniformisation of Regular Relations in First-Order Logic with Two Variables,ACM,proceedings-article,,0,18,0,1,0
10.1145/3661814.3662115,True,,On symmetries of spheres in univalent foundations,ACM,proceedings-article,,0,34,0,1,0
10.1145/3661814.3662116,True,,On the Separability Problem of VASS Reachability Languages,ACM,proceedings-article,,0,30,0,1,0
10.1145/3661814.3662117,True,,First order distinguishability of sparse random graphs,ACM,proceedings-article,,0,23,0,1,0
10.1145/3661814.3662118,True,,Quantum advantage and CSP complexity,ACM,proceedings-article,,0,60,1,1,0
10.1145/3661814.3662119,True,,On the Decidability of Monadic Second-Order Logic with Arithmetic Predicates,ACM,proceedings-article,,0,37,2,1,0
10.1145/3661814.3662120,True,,Defining algorithmically presented structures in first order logic,ACM,proceedings-article,,0,71,1,1,0
10.1145/3661814.3662121,True,,Complete Game Logic with Sabotage,ACM,proceedings-article,,0,44,2,1,0
10.1145/3661814.3662122,True,,Bounding the Weisfeiler-Leman Dimension via a Depth Analysis of I/R-Trees,ACM,proceedings-article,,0,32,1,1,0
10.1145/3661814.3662123,True,,A Profunctorial Semantics for Quantum Supermaps,ACM,proceedings-article,,0,72,0,1,0
10.1145/3661814.3662124,True,,Decidability and Complexity of Decision Problems for Affine Continuous VASS,ACM,proceedings-article,,0,22,0,1,0
10.1145/3661814.3662125,True,,From Quantifier Depth to Quantifier Number: Separating Structures with k Variables,ACM,proceedings-article,,0,39,0,1,0
10.1145/3661814.3662126,True,,A Cartesian Closed Category for Random Variables,ACM,proceedings-article,,0,49,1,1,0
10.1145/3661814.3662127,True,,First order complexity of finite random structures,ACM,proceedings-article,,0,39,1,1,0
10.1145/3661814.3662128,True,,Relevant S is Undecidable,ACM,proceedings-article,,0,14,1,1,0
10.1145/3661814.3662130,True,,"Effectful semantics in bicategories: strong, commutative, and concurrent pseudomonads",ACM,proceedings-article,,0,84,3,1,0
10.1145/3661814.3662131,True,,Element-free probability distributions and random partitions,ACM,proceedings-article,,0,36,0,1,0
10.1145/3661814.3662132,True,,Equivalence and Conditional Independence in Atomic Sheaf Logic,ACM,proceedings-article,,0,27,5,1,0
10.1145/3661814.3662133,True,,Verifying Unboundedness via Amalgamation,ACM,proceedings-article,,0,68,4,1,0
10.1145/3661814.3662134,True,,Slice closures of indexed languages and word equations with counting constraints,ACM,proceedings-article,,0,76,2,1,0
10.1145/3661814.3662135,True,,A Nominal Approach to Probabilistic Separation Logic,ACM,proceedings-article,,0,51,8,1,0
10.1145/3661814.3662136,True,,Primitive Recursive Dependent Type Theory,ACM,proceedings-article,,0,35,0,1,0
10.1145/3661814.3662137,True,,No Go Theorems: Directed Containers That Do Not Distribute Over Distribution Monads,ACM,proceedings-article,,0,41,0,1,0
10.1145/3661814.3662138,True,,A proof theory of right-linear (ω-)grammars via cyclic proofs,ACM,proceedings-article,,0,48,1,1,0
10.1145/3661814.3662139,True,,Composing Codensity Bisimulations,ACM,proceedings-article,,0,37,3,1,0
10.1145/3728640,True,,Quantified Constraint Handling Rules,Association for Computing Machinery (ACM),journal-article,,0,52,1,0,1
10.1145/3734516,True,,Quantum Weakest Preconditions for Reasoning about Expected Runtimes of Quantum Programs,Association for Computing Machinery (ACM),journal-article,,0,46,1,0,1
10.1145/3779416,True,,An Abstract Fixed-Point Theorem for Horn Formula Equations,Association for Computing Machinery (ACM),journal-article,,0,65,0,0,1
10.1145/3793666,True,,Cyclic Implicit Complexity,Association for Computing Machinery (ACM),journal-article,,0,35,0,0,1
10.1609/aaai.v33i01.33012654,True,,Relaxing and Restraining Queries for OBDA,Association for the Advancement of Artificial Intelligence (AAAI),journal-article,,0,0,2,1,1
10.1609/aaai.v34i03.5672,True,,Structural Decompositions of Epistemic Logic Programs,Association for the Advancement of Artificial Intelligence (AAAI),journal-article,,0,0,5,1,1
10.1609/aaai.v37i5.25778,True,,Evaluating Epistemic Logic Programs via Answer Set Programming with Quantifiers,Association for the Advancement of Artificial Intelligence (AAAI),journal-article,,0,0,1,0,1
10.1609/aaai.v39i14.33628,True,,Situation Calculus Temporally Lifted Abstractions for Generalized Planning,Association for the Advancement of Artificial Intelligence (AAAI),journal-article,,0,0,0,0,1
10.1609/aaai.v40i48.42143,True,,"Flexible, Lifelong, Explainable, and Robust Solutions for Multi-Agent Path Finding Problems",Association for the Advancement of Artificial Intelligence (AAAI),journal-article,,0,0,0,0,1
10.1609/aaai.v40i48.42148,True,,Knowledge-Based Stable Roommates Problems,Association for the Advancement of Artificial Intelligence (AAAI),journal-article,,0,0,0,0,1
10.1613/jair.1.13530,True,,Admissibility in Probabilistic Argumentation,AI Access Foundation,journal-article,,0,0,1,0,1
10.1613/jair.1.17422,True,,Explainability via Short Formulas: the Case of Propositional Logic with Implementation,AI Access Foundation,journal-article,,0,0,1,0,1
10.1613/jair.1.18404,True,,Argumentative Reasoning in ASPIC+ under Incomplete Information,AI Access Foundation,journal-article,,0,0,1,0,1
10.1613/jair.5637,True,,Bisimulations on Data Graphs,AI Access Foundation,journal-article,,0,0,9,0,1
10.1615/plasmamed.2013006341,True,,On&amp;apos;mechanism&amp;apos;of&amp;apos;inactivation&amp;apos;of&amp;apos;bio-particles&amp;apos;by&amp;apos;the&amp;apos;plasma&amp;apos;exposure&amp;apos;and&amp;apos;evaluation&amp;apos;of&amp;apos;the&amp;apos;toxicity&amp;apos;using&amp;apos;single&amp;apos;DNA&amp;apos;molecules,Begell House,journal-article,,0,0,0,0,0
10.2139/ssrn.5385646,True,,Temporal Team Semantics Revisited,Elsevier BV,posted-content,,0,41,0,0,0
10.23638/lmcs-13(4:26)2017,True,,The Power of Arc Consistency for CSPs Defined by Partially-Ordered Forbidden Patterns,Centre pour la Communication Scientifique Directe (CCSD),journal-article,,0,0,0,3,1
10.23638/lmcs-15(3:16)2019,True,,Quantitative Automata under Probabilistic Semantics,Centre pour la Communication Scientifique Directe (CCSD),journal-article,,0,0,0,3,1
10.23638/lmcs-15(4:17)2019,True,,"Concurrency and Probability: Removing Confusion, Compositionally",Centre pour la Communication Scientifique Directe (CCSD),journal-article,,0,0,0,3,1
10.23638/lmcs-16(3:1)2020,True,,Playing with Repetitions in Data Words Using Energy Games,Centre pour la Communication Scientifique Directe (CCSD),journal-article,,0,0,0,3,1
10.23638/lmcs-17(2:8)2021,True,,Constructing Higher Inductive Types as Groupoid Quotients,Centre pour la Communication Scientifique Directe (CCSD),journal-article,,0,0,2,3,1
10.23919/fmcad.2018.8602996,True,,"Formal Design, Implementation and Verification of Blockchain Languages",IEEE,proceedings-article,,0,0,0,2,0
10.24963/kr.2020/10,True,,A Three-valued Approach to Strategic Abilities under Imperfect Information,International Joint Conferences on Artificial Intelligence Organization,proceedings-article,,0,0,5,0,1
10.24963/kr.2020/11,True,,Ordinal Polymatrix Games with Incomplete Information,International Joint Conferences on Artificial Intelligence Organization,proceedings-article,,0,0,0,0,1
10.24963/kr.2020/13,True,,An Optimization Approach to Robust Goal Obfuscation,International Joint Conferences on Artificial Intelligence Organization,proceedings-article,,0,0,3,0,1
10.24963/kr.2020/14,True,,Explanatory Diagnosis of Discrete-Event Systems with Temporal Information and Smart Knowledge-Compilation,International Joint Conferences on Artificial Intelligence Organization,proceedings-article,,0,0,2,0,1
10.24963/kr.2020/15,True,,Querying and Repairing Inconsistent Prioritized Knowledge Bases: Complexity Analysis and Links with Abstract Argumentation,International Joint Conferences on Artificial Intelligence Organization,proceedings-article,,0,0,10,0,1
10.24963/kr.2020/16,True,,High-level Programming via Generalized Planning and LTL Synthesis,International Joint Conferences on Artificial Intelligence Organization,proceedings-article,,0,0,0,0,1
10.24963/kr.2020/18,True,,Simultaneous Representation of Knowledge and Belief for Epistemic Planning with Belief Revision,International Joint Conferences on Artificial Intelligence Organization,proceedings-article,,0,0,5,0,1
10.24963/kr.2020/19,True,,Spatial Reasoning about String Loops and Holes in Temporal ASP,International Joint Conferences on Artificial Intelligence Organization,proceedings-article,,0,0,0,0,1
10.24963/kr.2020/2,True,,Reasoning with Contextual Knowledge and Influence Diagrams,International Joint Conferences on Artificial Intelligence Organization,proceedings-article,,0,0,0,0,1
10.24963/kr.2020/20,True,,A Uniform Treatment of Aggregates and Constraints in Hybrid ASP,International Joint Conferences on Artificial Intelligence Organization,proceedings-article,,0,0,3,0,1
10.24963/kr.2020/22,True,,Rational Defeasible Belief Change,International Joint Conferences on Artificial Intelligence Organization,proceedings-article,,0,0,0,0,1
10.24963/kr.2020/23,True,,Explanations for Negative Query Answers under Existential Rules,International Joint Conferences on Artificial Intelligence Organization,proceedings-article,,0,0,8,0,1
10.24963/kr.2020/24,True,,Revision by Conditionals: From Hook to Arrow,International Joint Conferences on Artificial Intelligence Organization,proceedings-article,,0,0,2,0,1
10.24963/kr.2020/25,True,,Non-Monotonic Ontology-based Abstractions of Data Services,International Joint Conferences on Artificial Intelligence Organization,proceedings-article,,0,0,4,0,1
10.24963/kr.2020/26,True,,Dyadic Obligations over Complex Actions as Deontic Constraints in the Situation Calculus,International Joint Conferences on Artificial Intelligence Organization,proceedings-article,,0,0,2,0,1
10.24963/kr.2020/27,True,,Reasoning about Measures of Unmeasurable Sets,International Joint Conferences on Artificial Intelligence Organization,proceedings-article,,0,0,0,0,1
10.24963/kr.2020/28,True,,Lightweight Parallel Multi-Agent Epistemic Planning,International Joint Conferences on Artificial Intelligence Organization,proceedings-article,,0,0,2,0,1
10.24963/kr.2020/29,True,,Fine-Grained Complexity of Temporal Problems,International Joint Conferences on Artificial Intelligence Organization,proceedings-article,,0,0,0,0,1
10.24963/kr.2020/3,True,,Verifying Strategic Abilities of Neural-symbolic Multi-agent Systems,International Joint Conferences on Artificial Intelligence Organization,proceedings-article,,0,0,3,0,1
10.24963/kr.2020/30,True,,Nondeterministic Strategies and their Refinement in Strategy Logic,International Joint Conferences on Artificial Intelligence Organization,proceedings-article,,0,0,0,0,1
10.24963/kr.2020/31,True,,Two-Stage Technique for LTLf Synthesis Under LTL Assumptions,International Joint Conferences on Artificial Intelligence Organization,proceedings-article,,0,0,3,0,1
10.24963/kr.2020/32,True,,Strategy Synthesis for Data-Aware Dynamic Systems with Multiple Actors,International Joint Conferences on Artificial Intelligence Organization,proceedings-article,,0,0,8,0,1
10.24963/kr.2020/33,True,,A Preference-Based Approach to Defeasible Deontic Inference,International Joint Conferences on Artificial Intelligence Organization,proceedings-article,,0,0,2,0,1
10.24963/kr.2020/34,True,,Jokes and Belief Revision,International Joint Conferences on Artificial Intelligence Organization,proceedings-article,,0,0,2,0,1
10.24963/kr.2020/35,True,,"Argumentation Semantics under a Claim-centric View: Properties, Expressiveness and Relation to SETAFs",International Joint Conferences on Artificial Intelligence Organization,proceedings-article,,0,0,4,0,1
10.24963/kr.2020/36,True,,Token-based Execution Semantics for Multi-Agent Epistemic Planning,International Joint Conferences on Artificial Intelligence Organization,proceedings-article,,0,0,0,0,1
10.24963/kr.2020/37,True,,On Sufficient and Necessary Conditions in Bounded CTL: A Forgetting Approach,International Joint Conferences on Artificial Intelligence Organization,proceedings-article,,0,0,3,0,1
10.24963/kr.2020/38,True,,Containment of Simple Conjunctive Regular Path Queries,International Joint Conferences on Artificial Intelligence Organization,proceedings-article,,0,0,8,0,1
10.24963/kr.2020/39,True,,Finite Controllability for Ontology-Mediated Query Answering of CRPQ,International Joint Conferences on Artificial Intelligence Organization,proceedings-article,,0,0,1,0,1
10.24963/kr.2020/40,True,,Fixed-Parameter Tractability of Dependency QBF with Structural Parameters,International Joint Conferences on Artificial Intelligence Organization,proceedings-article,,0,0,2,0,1
10.24963/kr.2020/41,True,,A Data Complexity and Rewritability Tetrachotomy of Ontology-Mediated Queries with a Covering Axiom,International Joint Conferences on Artificial Intelligence Organization,proceedings-article,,0,0,1,0,1
10.24963/kr.2020/43,True,,On Finite Entailment of Non-Local Queries in Description Logics,International Joint Conferences on Artificial Intelligence Organization,proceedings-article,,0,0,0,0,1
10.24963/kr.2020/44,True,,Datalog Rewritability and Data Complexity of ALCHOIF with Closed Predicates,International Joint Conferences on Artificial Intelligence Organization,proceedings-article,,0,0,0,0,1
10.24963/kr.2020/45,True,,Multi-head Guarded Existential Rules Over Fixed Signatures,International Joint Conferences on Artificial Intelligence Organization,proceedings-article,,0,0,2,0,1
10.24963/kr.2020/46,True,,Logics of Preference when There Is No Best,International Joint Conferences on Artificial Intelligence Organization,proceedings-article,,0,0,0,0,1
10.24963/kr.2020/47,True,,Syntax Splitting for Iterated Contractions,International Joint Conferences on Artificial Intelligence Organization,proceedings-article,,0,0,1,0,1
10.24963/kr.2020/5,True,,Answer Set Programming with Composed Predicate Names,International Joint Conferences on Artificial Intelligence Organization,proceedings-article,,0,0,0,0,1
10.24963/kr.2020/50,True,,Reasoning with Inconsistent Knowledge using the Epistemic Approach to Probabilistic Argumentation,International Joint Conferences on Artificial Intelligence Organization,proceedings-article,,0,0,0,0,1
10.24963/kr.2020/51,True,,Plausible Reasoning about EL-Ontologies using Concept Interpolation,International Joint Conferences on Artificial Intelligence Organization,proceedings-article,,0,0,1,0,1
10.24963/kr.2020/52,True,,Logical Separability of Incomplete Data under Ontologies,International Joint Conferences on Artificial Intelligence Organization,proceedings-article,,0,0,5,0,1
10.24963/kr.2020/53,True,,On the Decidability of Expressive Description Logics with Transitive Closure and Regular Role Expressions,International Joint Conferences on Artificial Intelligence Organization,proceedings-article,,0,0,0,0,1
10.24963/kr.2020/54,True,,SAT-Based ATL Satisfiability Checking,International Joint Conferences on Artificial Intelligence Organization,proceedings-article,,0,0,3,0,1
10.24963/kr.2020/55,True,,Reasoning About Plan Robustness Versus Plan Cost for Partially Informed Agents,International Joint Conferences on Artificial Intelligence Organization,proceedings-article,,0,0,0,0,1
10.24963/kr.2020/56,True,,Syntax Splitting = Relevance + Independence: New Postulates for Nonmonotonic Reasoning From Conditional Belief Bases,International Joint Conferences on Artificial Intelligence Organization,proceedings-article,,0,0,26,0,1
10.24963/kr.2020/57,True,,Changing Beliefs about Domain Dynamics in the Situation Calculus,International Joint Conferences on Artificial Intelligence Organization,proceedings-article,,0,0,0,0,1
10.24963/kr.2020/58,True,,Boolean Role Inclusions in DL-Lite With and Without Time,International Joint Conferences on Artificial Intelligence Organization,proceedings-article,,0,0,1,0,1
10.24963/kr.2020/59,True,,Signature-Based Abduction for Expressive Description Logics,International Joint Conferences on Artificial Intelligence Organization,proceedings-article,,0,0,10,0,1
10.24963/kr.2020/6,True,,Symbolic Solutions for Symbolic Constraint Satisfaction Problems,International Joint Conferences on Artificial Intelligence Organization,proceedings-article,,0,0,0,0,1
10.24963/kr.2020/60,True,,Computing Cores for Existential Rules with the Standard Chase and ASP,International Joint Conferences on Artificial Intelligence Organization,proceedings-article,,0,0,2,0,1
10.24963/kr.2020/61,True,,An ExpTime Upper Bound for ALC with Integers,International Joint Conferences on Artificial Intelligence Organization,proceedings-article,,0,0,5,0,1
10.24963/kr.2020/62,True,,A First-Order Logic of Limited Belief Based on Possible Worlds,International Joint Conferences on Artificial Intelligence Organization,proceedings-article,,0,0,3,0,1
10.24963/kr.2020/63,True,,An Answer Set Programming Approach to Argumentative Reasoning in the ASPIC+ Framework,International Joint Conferences on Artificial Intelligence Organization,proceedings-article,,0,0,3,0,1
10.24963/kr.2020/64,True,,"Argument, I Choose You! Preferences and Ranking Semantics in Abstract Argumentation",International Joint Conferences on Artificial Intelligence Organization,proceedings-article,,0,0,1,0,1
10.24963/kr.2020/65,True,,On the Reversibility of Actions in Planning,International Joint Conferences on Artificial Intelligence Organization,proceedings-article,,0,0,6,0,1
10.24963/kr.2020/66,True,,Explainable Planning Using Answer Set Programming,International Joint Conferences on Artificial Intelligence Organization,proceedings-article,,0,0,7,0,1
10.24963/kr.2020/67,True,,Smallest Explanations and Diagnoses of Rejection in Abstract Argumentation,International Joint Conferences on Artificial Intelligence Organization,proceedings-article,,0,0,4,0,1
10.24963/kr.2020/68,True,,Towards a Logic of Meta-Analysis,International Joint Conferences on Artificial Intelligence Organization,proceedings-article,,0,0,2,0,1
10.24963/kr.2020/69,True,,Bipolar Abstract Argumentation with Dual Attacks and Supports,International Joint Conferences on Artificial Intelligence Organization,proceedings-article,,0,0,2,0,1
10.24963/kr.2020/7,True,,Stable and Supported Semantics in Continuous Vector Spaces,International Joint Conferences on Artificial Intelligence Organization,proceedings-article,,0,0,7,0,1
10.24963/kr.2020/70,True,,Choosing What to Believe - New Results in Selective Revision,International Joint Conferences on Artificial Intelligence Organization,proceedings-article,,0,0,3,0,1
10.24963/kr.2020/71,True,,Designing Participatory Budgeting Mechanisms Grounded in Judgment Aggregation,International Joint Conferences on Artificial Intelligence Organization,proceedings-article,,0,0,9,0,1
10.24963/kr.2020/72,True,,Modelling the Polysemy of Spatial Prepositions in Referring Expressions,International Joint Conferences on Artificial Intelligence Organization,proceedings-article,,0,0,2,0,1
10.24963/kr.2020/73,True,,Independence and D-separation in Abstract Argumentation,International Joint Conferences on Artificial Intelligence Organization,proceedings-article,,0,0,1,0,1
10.24963/kr.2020/74,True,,Concept Contraction in the Description Logic EL,International Joint Conferences on Artificial Intelligence Organization,proceedings-article,,0,0,2,0,1
10.24963/kr.2020/75,True,,A Semantic Perspective on Omission Abstraction in ASP,International Joint Conferences on Artificial Intelligence Organization,proceedings-article,,0,0,0,0,1
10.24963/kr.2020/76,True,,Non-Prioritized Iterated Revision: Improvement via Incremental Belief Merging,International Joint Conferences on Artificial Intelligence Organization,proceedings-article,,0,0,4,0,1
10.24963/kr.2020/77,True,,Seq2KG: An End-to-End Neural Model for Domain Agnostic Knowledge Graph (not Text Graph) Construction from Text,International Joint Conferences on Artificial Intelligence Organization,proceedings-article,,0,0,13,0,1
10.24963/kr.2020/78,True,,Knowledge-Preserving Certain Answers for SQL-like Queries,International Joint Conferences on Artificial Intelligence Organization,proceedings-article,,0,0,1,0,1
10.24963/kr.2020/79,True,,DatalogMTL over the Integer Timeline,International Joint Conferences on Artificial Intelligence Organization,proceedings-article,,0,0,7,0,1
10.24963/kr.2020/81,True,,WOLED: A tool for Online Learning Weighted Answer Set Rules for Temporal Reasoning Under Uncertainty,International Joint Conferences on Artificial Intelligence Organization,proceedings-article,,0,0,5,0,1
10.24963/kr.2020/82,True,,µ-toksia: An Efficient Abstract Argumentation Reasoner,International Joint Conferences on Artificial Intelligence Organization,proceedings-article,,0,0,13,0,1
10.24963/kr.2020/83,True,,Argumentation as a Framework for Interactive Explanations for Recommendations,International Joint Conferences on Artificial Intelligence Organization,proceedings-article,,0,0,13,0,1
10.24963/kr.2020/85,True,,On the Approximability of Weighted Model Integration on DNF Structures,International Joint Conferences on Artificial Intelligence Organization,proceedings-article,,0,0,0,0,1
10.24963/kr.2020/86,True,,On Tractable XAI Queries based on Compiled Representations,International Joint Conferences on Artificial Intelligence Organization,proceedings-article,,0,0,26,0,1
10.24963/kr.2020/87,True,,Ontology-guided Semantic Composition for Zero-shot Learning,International Joint Conferences on Artificial Intelligence Organization,proceedings-article,,0,0,10,0,1
10.24963/kr.2020/88,True,,Towards an Inductive Logic Programming Approach for Explaining Black-Box Preference Learning Systems,International Joint Conferences on Artificial Intelligence Organization,proceedings-article,,0,0,4,0,1
10.24963/kr.2020/89,True,,Temporal Logic Monitoring Rewards via Transducers,International Joint Conferences on Artificial Intelligence Organization,proceedings-article,,0,0,6,0,1
10.24963/kr.2020/90,True,,Neuro-Symbolic Probabilistic Argumentation Machines,International Joint Conferences on Artificial Intelligence Organization,proceedings-article,,0,0,1,0,1
10.24963/kr.2020/91,True,,On Tractable Representations of Binary Neural Networks,International Joint Conferences on Artificial Intelligence Organization,proceedings-article,,0,0,27,0,1
10.24963/kr.2020/92,True,,Analyzing Differentiable Fuzzy Implications,International Joint Conferences on Artificial Intelligence Organization,proceedings-article,,0,0,10,0,1
10.24963/kr.2020/93,True,,Towards a Framework for Visual Intelligence in Service Robotics: Epistemic Requirements and Gap Analysis,International Joint Conferences on Artificial Intelligence Organization,proceedings-article,,0,0,3,0,1
10.24963/kr.2020/94,True,,Modeling Affordances and Functioning for Personalized Robotic Assistance,International Joint Conferences on Artificial Intelligence Organization,proceedings-article,,0,0,8,0,1
10.24963/kr.2021/10,True,,Correcting Hierarchical Plans by Action Deletion,International Joint Conferences on Artificial Intelligence Organization,proceedings-article,,0,0,1,0,1
10.24963/kr.2021/11,True,,Choices and their Consequences - Explaining Acceptable Sets in Abstract Argumentation Frameworks,International Joint Conferences on Artificial Intelligence Organization,proceedings-article,,0,0,7,0,1
10.24963/kr.2021/12,True,,DEL-based Epistemic Planning for Human-Robot Collaboration: Theory and Implementation,International Joint Conferences on Artificial Intelligence Organization,proceedings-article,,0,0,12,0,1
10.24963/kr.2021/13,True,,Enforcing Sets of Formulas in Structured Argumentation,International Joint Conferences on Artificial Intelligence Organization,proceedings-article,,0,0,3,0,1
10.24963/kr.2021/14,True,,Capturing Homomorphism-Closed Decidable Queries with Existential Rules,International Joint Conferences on Artificial Intelligence Organization,proceedings-article,,0,0,4,0,1
10.24963/kr.2021/15,True,,On the Identifiability of Hierarchical Decision Models,International Joint Conferences on Artificial Intelligence Organization,proceedings-article,,0,0,2,0,1
10.24963/kr.2021/16,True,,Parallelisable Existential Rules: a Story of Pieces,International Joint Conferences on Artificial Intelligence Organization,proceedings-article,,0,0,0,0,1
10.24963/kr.2021/17,True,,Closed- and Open-world Reasoning in DL-Lite for Cloud Infrastructure Security,International Joint Conferences on Artificial Intelligence Organization,proceedings-article,,0,0,1,0,1
10.24963/kr.2021/18,True,,On Eventual Applicability of Plans in Dynamic Environments with Cyclic Phenomena,International Joint Conferences on Artificial Intelligence Organization,proceedings-article,,0,0,0,0,1
10.24963/kr.2021/19,True,,"An Account of Intensional and Extensional Actions, and its Application to Belief, Nondeterministic Actions and Fallible Sensors",International Joint Conferences on Artificial Intelligence Organization,proceedings-article,,0,0,1,0,1
10.24963/kr.2021/2,True,,Reasoning about Explanations for Non-validation in SHACL,International Joint Conferences on Artificial Intelligence Organization,proceedings-article,,0,0,9,0,1
10.24963/kr.2021/20,True,,A Compilation of Succinctness Results for Arithmetic Circuits,International Joint Conferences on Artificial Intelligence Organization,proceedings-article,,0,0,0,0,1
10.24963/kr.2021/21,True,,The Nondeterministic Situation Calculus,International Joint Conferences on Artificial Intelligence Organization,proceedings-article,,0,0,2,0,1
10.24963/kr.2021/22,True,,Timed Trace Alignment with Metric Temporal Logic over Finite Traces,International Joint Conferences on Artificial Intelligence Organization,proceedings-article,,0,0,6,0,1
10.24963/kr.2021/23,True,,Synthesis with Mandatory Stop Actions,International Joint Conferences on Artificial Intelligence Organization,proceedings-article,,0,0,1,0,1
10.24963/kr.2021/24,True,,Beyond Simple Images: Human Knowledge-Guided GANs for Clinical Data Generation,International Joint Conferences on Artificial Intelligence Organization,proceedings-article,,0,0,5,0,1
10.24963/kr.2021/25,True,,Expressing and Exploiting the Common Subgoal Structure of Classical Planning Domains Using Sketches,International Joint Conferences on Artificial Intelligence Organization,proceedings-article,,0,0,0,0,1
10.24963/kr.2021/26,True,,Treewidth-Aware Cycle Breaking for Algebraic Answer Set Counting,International Joint Conferences on Artificial Intelligence Organization,proceedings-article,,0,0,10,0,1
10.24963/kr.2021/28,True,,"Borda, Cancellation and Belief Merging",International Joint Conferences on Artificial Intelligence Organization,proceedings-article,,0,0,0,0,1
10.24963/kr.2021/29,True,,Reasoning over Attack-incomplete AAFs in the Presence of Correlations,International Joint Conferences on Artificial Intelligence Organization,proceedings-article,,0,0,3,0,1
10.24963/kr.2021/3,True,,Generalized Temporal Inference via Planning,International Joint Conferences on Artificial Intelligence Organization,proceedings-article,,0,0,1,0,1
10.24963/kr.2021/30,True,,Rational Verification for Probabilistic Systems,International Joint Conferences on Artificial Intelligence Organization,proceedings-article,,0,0,2,0,1
10.24963/kr.2021/31,True,,How to Approximate Ontology-Mediated Queries,International Joint Conferences on Artificial Intelligence Organization,proceedings-article,,0,0,1,0,1
10.24963/kr.2021/32,True,,Approximation Fixpoint Theory for Non-Deterministic Operators and Its Application in Disjunctive Logic Programming,International Joint Conferences on Artificial Intelligence Organization,proceedings-article,,0,0,2,0,1
10.24963/kr.2021/33,True,,Revision and Conditional Inference for Abstract Dialectical Frameworks,International Joint Conferences on Artificial Intelligence Organization,proceedings-article,,0,0,0,0,1
10.24963/kr.2021/34,True,,On Efficiently Explaining Graph-Based Classifiers,International Joint Conferences on Artificial Intelligence Organization,proceedings-article,,0,0,16,0,1
10.24963/kr.2021/35,True,,Strategic Abilities of Asynchronous Agents: Semantic Side Effects and How to Tame Them,International Joint Conferences on Artificial Intelligence Organization,proceedings-article,,0,0,1,0,1
10.24963/kr.2021/36,True,,Safe Learning of Lifted Action Models,International Joint Conferences on Artificial Intelligence Organization,proceedings-article,,0,0,3,0,1
10.24963/kr.2021/37,True,,Separating Data Examples by Description Logic Concepts with Restricted Signatures,International Joint Conferences on Artificial Intelligence Organization,proceedings-article,,0,0,5,0,1
10.24963/kr.2021/38,True,,Satisfiability Checking of Strategy Logic with Simple Goals,International Joint Conferences on Artificial Intelligence Organization,proceedings-article,,0,0,3,0,1
10.24963/kr.2021/39,True,,Formalizing Statistical Beliefs in Hypothesis Testing Using Program Logic,International Joint Conferences on Artificial Intelligence Organization,proceedings-article,,0,0,2,0,1
10.24963/kr.2021/4,True,,Equivalence of Semantics in Argumentation,International Joint Conferences on Artificial Intelligence Organization,proceedings-article,,0,0,2,0,1
10.24963/kr.2021/40,True,,Semi-Stable Semantics for Abstract Dialectical Frameworks,International Joint Conferences on Artificial Intelligence Organization,proceedings-article,,0,0,1,0,1
10.24963/kr.2021/41,True,,Unfounded Sets for Disjunctive Hybrid MKNF Knowledge Bases,International Joint Conferences on Artificial Intelligence Organization,proceedings-article,,0,0,2,0,1
10.24963/kr.2021/42,True,,Diagnosis of Active Systems with Abstract Observations and Compiled Knowledge,International Joint Conferences on Artificial Intelligence Organization,proceedings-article,,0,0,0,0,1
10.24963/kr.2021/43,True,,Unsupervised Novelty Characterization in Physical Environments Using Qualitative Spatial Relations,International Joint Conferences on Artificial Intelligence Organization,proceedings-article,,0,0,2,0,1
10.24963/kr.2021/46,True,,Strategic Reasoning in Automated Mechanism Design,International Joint Conferences on Artificial Intelligence Organization,proceedings-article,,0,0,4,0,1
10.24963/kr.2021/47,True,,Properties of Module Notions and Atomic Decomposition,International Joint Conferences on Artificial Intelligence Organization,proceedings-article,,0,0,0,0,1
10.24963/kr.2021/48,True,,Monotonicity and Noise-Tolerance in Case-Based Reasoning with Abstract Argumentation,International Joint Conferences on Artificial Intelligence Organization,proceedings-article,,0,0,2,0,1
10.24963/kr.2021/49,True,,Representing and Reasoning with Event Models for Epistemic Planning,International Joint Conferences on Artificial Intelligence Organization,proceedings-article,,0,0,3,0,1
10.24963/kr.2021/5,True,,Synthesizing Best-effort Strategies under Multiple Environment Specifications,International Joint Conferences on Artificial Intelligence Organization,proceedings-article,,0,0,8,0,1
10.24963/kr.2021/50,True,,Consolidation via Tacit Culpability Measures: Between Explicit and Implicit Degrees of Culpability,International Joint Conferences on Artificial Intelligence Organization,proceedings-article,,0,0,1,0,1
10.24963/kr.2021/51,True,,Learning First-Order Representations for Planning from Black Box States: New Results,International Joint Conferences on Artificial Intelligence Organization,proceedings-article,,0,0,3,0,1
10.24963/kr.2021/52,True,,Existential Abstraction on Argumentation Frameworks via Clustering,International Joint Conferences on Artificial Intelligence Organization,proceedings-article,,0,0,3,0,1
10.24963/kr.2021/53,True,,Boolean Network Learning in Vector Spaces for Genome-wide Network Analysis,International Joint Conferences on Artificial Intelligence Organization,proceedings-article,,0,0,5,0,1
10.24963/kr.2021/54,True,,Decidability and Complexity of Some Finitely-valued Dynamic Logics,International Joint Conferences on Artificial Intelligence Organization,proceedings-article,,0,0,0,0,1
10.24963/kr.2021/55,True,,Gaussian Elimination Meets Maximum Satisfiability,International Joint Conferences on Artificial Intelligence Organization,proceedings-article,,0,0,1,0,1
10.24963/kr.2021/56,True,,Belief Contraction in Non-classical logics as Hyperintensional Belief Change,International Joint Conferences on Artificial Intelligence Organization,proceedings-article,,0,0,1,0,1
10.24963/kr.2021/58,True,,DatalogMTL with Negation Under Stable Models Semantics,International Joint Conferences on Artificial Intelligence Organization,proceedings-article,,0,0,6,0,1
10.24963/kr.2021/59,True,,Finitely Materialisable Datalog Programs with Metric Temporal Operators,International Joint Conferences on Artificial Intelligence Organization,proceedings-article,,0,0,4,0,1
10.24963/kr.2021/6,True,,Characterizations and Classifications of Argumentative Entailments,International Joint Conferences on Artificial Intelligence Organization,proceedings-article,,0,0,1,0,1
10.24963/kr.2021/61,True,,Making DL-Lite Planning Practical,International Joint Conferences on Artificial Intelligence Organization,proceedings-article,,0,0,0,0,1
10.24963/kr.2021/62,True,,A Many-valued Logic for Lexicographic Preference Representation,International Joint Conferences on Artificial Intelligence Organization,proceedings-article,,0,0,2,0,1
10.24963/kr.2021/63,True,,Universal and Uniform Action Reversibility,International Joint Conferences on Artificial Intelligence Organization,proceedings-article,,0,0,6,0,1
10.24963/kr.2021/64,True,,Measuring Inconsistency over Sequences of Business Rule Cases,International Joint Conferences on Artificial Intelligence Organization,proceedings-article,,0,0,1,0,1
10.24963/kr.2021/65,True,,Introducing k-lingo: a k-depth Bounded Version of ASP System Clingo,International Joint Conferences on Artificial Intelligence Organization,proceedings-article,,0,0,1,0,1
10.24963/kr.2021/66,True,,Combining Logic and Natural Language Processing to Support Investment Management,International Joint Conferences on Artificial Intelligence Organization,proceedings-article,,0,0,1,0,1
10.24963/kr.2021/67,True,,On the Complexity of Preferred Semantics in Argumentation Frameworks with Bounded Cycle Length,International Joint Conferences on Artificial Intelligence Organization,proceedings-article,,0,0,4,0,1
10.24963/kr.2021/69,True,,On the Epistemic Logic of Incomplete Argumentation Frameworks,International Joint Conferences on Artificial Intelligence Organization,proceedings-article,,0,0,2,0,1
10.24963/kr.2021/7,True,,On Free Description Logics with Definite Descriptions,International Joint Conferences on Artificial Intelligence Organization,proceedings-article,,0,0,7,0,1
10.24963/kr.2021/70,True,,Distinguishability in Abstract Argumentation,International Joint Conferences on Artificial Intelligence Organization,proceedings-article,,0,0,0,0,1
10.24963/kr.2021/71,True,,Sticky Existential Rules and Disjunction are Incompatible,International Joint Conferences on Artificial Intelligence Organization,proceedings-article,,0,0,0,0,1
10.24963/kr.2021/72,True,,Randomized Problem-Relaxation Solving for Over-Constrained Schedules,International Joint Conferences on Artificial Intelligence Organization,proceedings-article,,0,0,1,0,1
10.24963/kr.2021/73,True,,"Flexible Robotic Assembly Based on Ontological Representation of Tasks, Skills, and Resources",International Joint Conferences on Artificial Intelligence Organization,proceedings-article,,0,0,9,0,1
10.24963/kr.2021/74,True,,On the Maximal Number of Complete Extensions in Abstract Argumentation Frameworks,International Joint Conferences on Artificial Intelligence Organization,proceedings-article,,0,0,2,0,1
10.24963/kr.2021/75,True,,PATCHCOMM: Using Commonsense Knowledge to Guide Syntactic Parsers,International Joint Conferences on Artificial Intelligence Organization,proceedings-article,,0,0,1,0,1
10.24963/kr.2021/8,True,,On the Computational Intelligibility of Boolean Classifiers,International Joint Conferences on Artificial Intelligence Organization,proceedings-article,,0,0,16,0,1
10.24963/kr.2022/1,True,,A Gödel Calculus for Linear Temporal Logic,International Joint Conferences on Artificial Intelligence Organization,proceedings-article,,0,0,3,0,1
10.24963/kr.2022/10,True,,Revisiting Semiring Provenance for Datalog,International Joint Conferences on Artificial Intelligence Organization,proceedings-article,,0,0,3,0,1
10.24963/kr.2022/11,True,,Normalisations of Existential Rules: Not so Innocuous!,International Joint Conferences on Artificial Intelligence Organization,proceedings-article,,0,0,3,0,1
10.24963/kr.2022/12,True,,A General Framework for Modelling Conditional Reasoning - Preliminary Report,International Joint Conferences on Artificial Intelligence Organization,proceedings-article,,0,0,1,0,1
10.24963/kr.2022/13,True,,Rediscovering Argumentation Principles Utilizing Collective Attacks,International Joint Conferences on Artificial Intelligence Organization,proceedings-article,,0,0,4,0,1
10.24963/kr.2022/14,True,,Public and Private Affairs in Strategic Reasoning,International Joint Conferences on Artificial Intelligence Organization,proceedings-article,,0,0,2,0,1
10.24963/kr.2022/15,True,,Compound Conditionals as Random Quantities and Boolean Algebras,International Joint Conferences on Artificial Intelligence Organization,proceedings-article,,0,0,7,0,1
10.24963/kr.2022/17,True,,Unique Characterisability and Learnability of Temporal Instance Queries,International Joint Conferences on Artificial Intelligence Organization,proceedings-article,,0,0,2,0,1
10.24963/kr.2022/18,True,,On the Expressive Power of Intermediate and Conditional Effects in Temporal Planning,International Joint Conferences on Artificial Intelligence Organization,proceedings-article,,0,0,0,0,1
10.24963/kr.2022/2,True,,Automatic Synthesis of Dynamic Norms for Multi-Agent Systems,International Joint Conferences on Artificial Intelligence Organization,proceedings-article,,0,0,1,0,1
10.24963/kr.2022/20,True,,Conservative Extensions for Existential Rules,International Joint Conferences on Artificial Intelligence Organization,proceedings-article,,0,0,0,0,1
10.24963/kr.2022/21,True,,The More the Worst-Case-Merrier: A Generalized Condorcet Jury Theorem for Belief Fusion,International Joint Conferences on Artificial Intelligence Organization,proceedings-article,,0,0,2,0,1
10.24963/kr.2022/22,True,,Computing Stable Conclusions under the Weakest-Link Principle in the ASPIC+ Argumentation Formalism,International Joint Conferences on Artificial Intelligence Organization,proceedings-article,,0,0,1,0,1
10.24963/kr.2022/23,True,,Dynamic Deontic Logic for Permitted Announcements,International Joint Conferences on Artificial Intelligence Organization,proceedings-article,,0,0,0,0,1
10.24963/kr.2022/24,True,,Epistemic Actions: Comparing Multi-agent Belief Bases with Action Models,International Joint Conferences on Artificial Intelligence Organization,proceedings-article,,0,0,2,0,1
10.24963/kr.2022/25,True,,Ontology-Mediated Querying on Databases of Bounded Cliquewidth,International Joint Conferences on Artificial Intelligence Organization,proceedings-article,,0,0,0,0,1
10.24963/kr.2022/26,True,,Automating Reasoning with Standpoint Logic via Nested Sequents,International Joint Conferences on Artificial Intelligence Organization,proceedings-article,,0,0,2,0,1
10.24963/kr.2022/27,True,,Towards an Enthymeme-Based Communication Framework in Multi-Agent Systems,International Joint Conferences on Artificial Intelligence Organization,proceedings-article,,0,0,1,0,1
10.24963/kr.2022/28,True,,Verification and Realizability in Finite-Horizon Multiagent Systems,International Joint Conferences on Artificial Intelligence Organization,proceedings-article,,0,0,0,0,1
10.24963/kr.2022/30,True,,Kernel Contraction and the Order of Relevance,International Joint Conferences on Artificial Intelligence Organization,proceedings-article,,0,0,1,0,1
10.24963/kr.2022/31,True,,A Credal Least Undefined Stable Semantics for Probabilistic Logic Programs and Probabilistic Argumentation,International Joint Conferences on Artificial Intelligence Organization,proceedings-article,,0,0,7,0,1
10.24963/kr.2022/34,True,,Hyperintensional Partial Meet Contractions,International Joint Conferences on Artificial Intelligence Organization,proceedings-article,,0,0,1,0,1
10.24963/kr.2022/35,True,,A Minimal Deductive System for RDFS with Negative Statements,International Joint Conferences on Artificial Intelligence Organization,proceedings-article,,0,0,1,0,1
10.24963/kr.2022/36,True,,Discovering User-Interpretable Capabilities of Black-Box Planning Agents,International Joint Conferences on Artificial Intelligence Organization,proceedings-article,,0,0,2,0,1
10.24963/kr.2022/37,True,,Open Relation Extraction with Non-existent and Multi-span Relationships,International Joint Conferences on Artificial Intelligence Organization,proceedings-article,,0,0,1,0,1
10.24963/kr.2022/38,True,,Act for Your Duties but Maintain Your Rights,International Joint Conferences on Artificial Intelligence Organization,proceedings-article,,0,0,1,0,1
10.24963/kr.2022/39,True,,On the Relationship between Shy and Warded Datalog+/-,International Joint Conferences on Artificial Intelligence Organization,proceedings-article,,0,0,6,0,1
10.24963/kr.2022/40,True,,Projection of Belief in the Presence of Nondeterministic Actions and Fallible Sensing,International Joint Conferences on Artificial Intelligence Organization,proceedings-article,,0,0,0,0,1
10.24963/kr.2022/41,True,,Inference with System W Satisfies Syntax Splitting,International Joint Conferences on Artificial Intelligence Organization,proceedings-article,,0,0,9,0,1
10.24963/kr.2022/42,True,,"Iterated Belief Change, Computationally",International Joint Conferences on Artificial Intelligence Organization,proceedings-article,,0,0,2,0,1
10.24963/kr.2022/43,True,,Chasing Streams with Existential Rules,International Joint Conferences on Artificial Intelligence Organization,proceedings-article,,0,0,1,0,1
10.24963/kr.2022/44,True,,Embed2Sym - Scalable Neuro-Symbolic Reasoning via Clustered Embeddings,International Joint Conferences on Artificial Intelligence Organization,proceedings-article,,0,0,9,0,1
10.24963/kr.2022/45,True,,Looking Inside the Black-Box: Logic-based Explanations for Neural Networks,International Joint Conferences on Artificial Intelligence Organization,proceedings-article,,0,0,10,0,1
10.24963/kr.2022/46,True,,A Graph Neural Network Reasoner for Game Description Language,International Joint Conferences on Artificial Intelligence Organization,proceedings-article,,0,0,1,0,1
10.24963/kr.2022/47,True,,Sum-Product Loop Programming: From Probabilistic Circuits to Loop Programming,International Joint Conferences on Artificial Intelligence Organization,proceedings-article,,0,0,1,0,1
10.24963/kr.2022/49,True,,Learning Generalized Policies without Supervision Using GNNs,International Joint Conferences on Artificial Intelligence Organization,proceedings-article,,0,0,2,0,1
10.24963/kr.2022/5,True,,On Syntactic Forgetting with Strong Persistence,International Joint Conferences on Artificial Intelligence Organization,proceedings-article,,0,0,1,0,1
10.24963/kr.2022/50,True,,Faithful Approaches to Rule Learning,International Joint Conferences on Artificial Intelligence Organization,proceedings-article,,0,0,2,0,1
10.24963/kr.2022/51,True,,Learning Typed Rules over Knowledge Graphs,International Joint Conferences on Artificial Intelligence Organization,proceedings-article,,0,0,8,0,1
10.24963/kr.2022/52,True,,Explaining Causal Models with Argumentation: the Case of Bi-variate Reinforcement,International Joint Conferences on Artificial Intelligence Organization,proceedings-article,,0,0,0,0,1
10.24963/kr.2022/53,True,,Online Grounding of Symbolic Planning Domains in Unknown Environments,International Joint Conferences on Artificial Intelligence Organization,proceedings-article,,0,0,1,0,1
10.24963/kr.2022/54,True,,"Querying Inconsistent Prioritized Data with ORBITS: Algorithms, Implementation, and Experiments",International Joint Conferences on Artificial Intelligence Organization,proceedings-article,,0,0,1,0,1
10.24963/kr.2022/55,True,,Forecasting Argumentation Frameworks,International Joint Conferences on Artificial Intelligence Organization,proceedings-article,,0,0,3,0,1
10.24963/kr.2022/56,True,,Stream Reasoning with Cycles,International Joint Conferences on Artificial Intelligence Organization,proceedings-article,,0,0,0,0,1
10.24963/kr.2022/57,True,,Symbolic Knowledge Extraction from Opaque Machine Learning Predictors: GridREx &amp; PEDRO,International Joint Conferences on Artificial Intelligence Organization,proceedings-article,,0,0,8,0,1
10.24963/kr.2022/58,True,,ALASPO: An Adaptive Large-Neighbourhood ASP Optimiser,International Joint Conferences on Artificial Intelligence Organization,proceedings-article,,0,0,1,0,1
10.24963/kr.2022/6,True,,Counting Queries over ELHI⊥ Ontologies,International Joint Conferences on Artificial Intelligence Organization,proceedings-article,,0,0,0,0,1
10.24963/kr.2022/8,True,,Sticky Policies in OWL2: Extending PL with Fixpoints and Transitive Closure,International Joint Conferences on Artificial Intelligence Organization,proceedings-article,,0,0,0,0,1
10.24963/kr.2022/9,True,,Region-Based Merging of Open-Domain Terminological Knowledge,International Joint Conferences on Artificial Intelligence Organization,proceedings-article,,0,0,2,0,1
10.24963/kr.2023/1,True,,Counterfactual Reasoning via Grounded Distance,International Joint Conferences on Artificial Intelligence Organization,proceedings-article,,0,0,4,0,1
10.24963/kr.2023/10,True,,Inconsistency Handling in Prioritized Databases with Universal Constraints: Complexity Analysis and Links with Active Integrity Constraints,International Joint Conferences on Artificial Intelligence Organization,proceedings-article,,0,0,0,0,1
10.24963/kr.2023/11,True,,Approximating Weakly Preferred Semantics in Abstract Argumentation through Vacuous Reduct Semantics,International Joint Conferences on Artificial Intelligence Organization,proceedings-article,,0,0,0,0,1
10.24963/kr.2023/12,True,,Default Logic as a Species of Causal Reasoning,International Joint Conferences on Artificial Intelligence Organization,proceedings-article,,0,0,4,0,1
10.24963/kr.2023/13,True,,Tractable Explaining of Multivariate Decision Trees,International Joint Conferences on Artificial Intelligence Organization,proceedings-article,,0,0,3,0,1
10.24963/kr.2023/14,True,,On Simple Expectations and Observations of Intelligent Agents: A Complexity Study,International Joint Conferences on Artificial Intelligence Organization,proceedings-article,,0,0,0,0,1
10.24963/kr.2023/15,True,,Streamlining Input/Output Logics with Sequent Calculi,International Joint Conferences on Artificial Intelligence Organization,proceedings-article,,0,0,3,0,1
10.24963/kr.2023/16,True,,Property Directed Reachability for Planning Revisited,International Joint Conferences on Artificial Intelligence Organization,proceedings-article,,0,0,0,0,1
10.24963/kr.2023/17,True,,Mathematical Foundations for Joining Only Knowing and Common Knowledge,International Joint Conferences on Artificial Intelligence Organization,proceedings-article,,0,0,0,0,1
10.24963/kr.2023/18,True,,Run-Based Semantics for RPQs,International Joint Conferences on Artificial Intelligence Organization,proceedings-article,,0,0,1,0,1
10.24963/kr.2023/19,True,,How to Manage a Budget with ATL+,International Joint Conferences on Artificial Intelligence Organization,proceedings-article,,0,0,0,0,1
10.24963/kr.2023/2,True,,Revising Boolean Logical Models of Biological Regulatory Networks,International Joint Conferences on Artificial Intelligence Organization,proceedings-article,,0,0,2,0,1
10.24963/kr.2023/20,True,,"Synthesising Recursive Functions for First-Order Model Counting: Challenges, Progress, and Conjectures",International Joint Conferences on Artificial Intelligence Organization,proceedings-article,,0,0,0,0,1
10.24963/kr.2023/21,True,,Learning Hierarchical Policies by Iteratively Reducing the Width of Sketch Rules,International Joint Conferences on Artificial Intelligence Organization,proceedings-article,,0,0,0,0,1
10.24963/kr.2023/22,True,,Weighted Merging of Propositional Belief Bases,International Joint Conferences on Artificial Intelligence Organization,proceedings-article,,0,0,1,0,1
10.24963/kr.2023/23,True,,A Framework for Combining Entity Resolution and Query Answering in Knowledge Bases,International Joint Conferences on Artificial Intelligence Organization,proceedings-article,,0,0,3,0,1
10.24963/kr.2023/24,True,,Omega-Completeness of the Logic of Here-and-There and Strong Equivalence of Logic Programs,International Joint Conferences on Artificial Intelligence Organization,proceedings-article,,0,0,6,0,1
10.24963/kr.2023/25,True,,Credible Models of Belief Update,International Joint Conferences on Artificial Intelligence Organization,proceedings-article,,0,0,2,0,1
10.24963/kr.2023/26,True,,A Family of Decidable Bi-intuitionistic Modal Logics,International Joint Conferences on Artificial Intelligence Organization,proceedings-article,,0,0,0,0,1
10.24963/kr.2023/27,True,,Logic-based Composition of Business Process Models,International Joint Conferences on Artificial Intelligence Organization,proceedings-article,,0,0,2,0,1
10.24963/kr.2023/28,True,,Reasoning about Probability via Continuous Functions,International Joint Conferences on Artificial Intelligence Organization,proceedings-article,,0,0,0,0,1
10.24963/kr.2023/29,True,,Succinctness and Complexity of ALC with Counting Perceptrons,International Joint Conferences on Artificial Intelligence Organization,proceedings-article,,0,0,2,0,1
10.24963/kr.2023/3,True,,Diagnosis for Post Concept Drift Decision Trees Repair,International Joint Conferences on Artificial Intelligence Organization,proceedings-article,,0,0,1,0,1
10.24963/kr.2023/30,True,,Do Repeat Yourself: Understanding Sufficient Conditions for Restricted Chase Non-Termination,International Joint Conferences on Artificial Intelligence Organization,proceedings-article,,0,0,1,0,1
10.24963/kr.2023/31,True,,Standpoint Linear Temporal Logic,International Joint Conferences on Artificial Intelligence Organization,proceedings-article,,0,0,2,0,1
10.24963/kr.2023/32,True,,Group Responsibility for Exceeding Risk Threshold,International Joint Conferences on Artificial Intelligence Organization,proceedings-article,,0,0,1,0,1
10.24963/kr.2023/33,True,,Pushing the Boundaries of Tractable Multiperspective Reasoning: A Deduction Calculus for Standpoint EL+,International Joint Conferences on Artificial Intelligence Organization,proceedings-article,,0,0,2,0,1
10.24963/kr.2023/34,True,,The Impact of Structure in Answer Set Counting: Fighting Cycles and its Limits,International Joint Conferences on Artificial Intelligence Organization,proceedings-article,,0,0,1,0,1
10.24963/kr.2023/35,True,,Revising Typical Beliefs: One Revision to Rule Them All,International Joint Conferences on Artificial Intelligence Organization,proceedings-article,,0,0,0,0,1
10.24963/kr.2023/36,True,,Learning Interpretable Heuristics for WalkSAT,International Joint Conferences on Artificial Intelligence Organization,proceedings-article,,0,0,0,0,1
10.24963/kr.2023/37,True,,Leveraging Large Language Models to Generate Answer Set Programs,International Joint Conferences on Artificial Intelligence Organization,proceedings-article,,0,0,16,0,1
10.24963/kr.2023/38,True,,Practical Abstraction for Model Checking of Multi-Agent Systems,International Joint Conferences on Artificial Intelligence Organization,proceedings-article,,0,0,1,0,1
10.24963/kr.2023/39,True,,On Training Neurons with Bounded Compilations,International Joint Conferences on Artificial Intelligence Organization,proceedings-article,,0,0,2,0,1
10.24963/kr.2023/4,True,,Knowledge-Driven Robot Program Synthesis from Human VR Demonstrations,International Joint Conferences on Artificial Intelligence Organization,proceedings-article,,0,0,1,0,1
10.24963/kr.2023/40,True,,Knowledge Compilation and More with SharpSAT-TD,International Joint Conferences on Artificial Intelligence Organization,proceedings-article,,0,0,5,0,1
10.24963/kr.2023/41,True,,Definitions and (Uniform) Interpolants in First-Order Modal Logic,International Joint Conferences on Artificial Intelligence Organization,proceedings-article,,0,0,1,0,1
10.24963/kr.2023/42,True,,Query Rewriting with Disjunctive Existential Rules and Mappings,International Joint Conferences on Artificial Intelligence Organization,proceedings-article,,0,0,1,0,1
10.24963/kr.2023/43,True,,Argumentation Frameworks Induced by Assumption-based Argumentation: Relating Size and Complexity,International Joint Conferences on Artificial Intelligence Organization,proceedings-article,,0,0,1,0,1
10.24963/kr.2023/44,True,,Concerning Measures in a First-order Logic with Actions and Meta-beliefs,International Joint Conferences on Artificial Intelligence Organization,proceedings-article,,0,0,2,0,1
10.24963/kr.2023/45,True,,Revisiting Inferential Benchmarks for Knowledge Graph Completion,International Joint Conferences on Artificial Intelligence Organization,proceedings-article,,0,0,0,0,1
10.24963/kr.2023/47,True,,Querying Circumscribed Description Logic Knowledge Bases,International Joint Conferences on Artificial Intelligence Organization,proceedings-article,,0,0,0,0,1
10.24963/kr.2023/48,True,,Description Logics with Abstraction and Refinement,International Joint Conferences on Artificial Intelligence Organization,proceedings-article,,0,0,0,0,1
10.24963/kr.2023/49,True,,Complex Event Recognition with Allen Relations,International Joint Conferences on Artificial Intelligence Organization,proceedings-article,,0,0,1,0,1
10.24963/kr.2023/5,True,,From Vision to Execution: Enabling Knowledge Representation and Reasoning in Hybrid Intelligent Robots Playing Mobile Games,International Joint Conferences on Artificial Intelligence Organization,proceedings-article,,0,0,0,0,1
10.24963/kr.2023/50,True,,Active Disjunctive Constraint Acquisition,International Joint Conferences on Artificial Intelligence Organization,proceedings-article,,0,0,1,0,1
10.24963/kr.2023/51,True,,Weak-Ensconcement for Shielded Base Contraction,International Joint Conferences on Artificial Intelligence Organization,proceedings-article,,0,0,0,0,1
10.24963/kr.2023/53,True,,ORLA: Learning Explainable Argumentation Models,International Joint Conferences on Artificial Intelligence Organization,proceedings-article,,0,0,0,0,1
10.24963/kr.2023/54,True,,A Belief Model for Conflicting and Uncertain Evidence: Connecting Dempster-Shafer Theory and the Topology of Evidence,International Joint Conferences on Artificial Intelligence Organization,proceedings-article,,0,0,1,0,1
10.24963/kr.2023/55,True,,Relating Abstract and Structured Accounts of Argumentation Dynamics: the Case of Expansions,International Joint Conferences on Artificial Intelligence Organization,proceedings-article,,0,0,2,0,1
10.24963/kr.2023/56,True,,"Fuzzy Truth, Fuzzy Support and Fuzzy Information States for Inquisitive Semantics",International Joint Conferences on Artificial Intelligence Organization,proceedings-article,,0,0,0,0,1
10.24963/kr.2023/57,True,,Interactive Explanations by Conflict Resolution via Argumentative Exchanges,International Joint Conferences on Artificial Intelligence Organization,proceedings-article,,0,0,3,0,1
10.24963/kr.2023/58,True,,Explainable Clustering with CREAM,International Joint Conferences on Artificial Intelligence Organization,proceedings-article,,0,0,8,0,1
10.24963/kr.2023/59,True,,A Decomposition Framework for Inconsistency Handling in Qualitative Spatial and Temporal Reasoning,International Joint Conferences on Artificial Intelligence Organization,proceedings-article,,0,0,0,0,1
10.24963/kr.2023/6,True,,Simple Contrapositive Assumption-Based Argumentation with Partially-Ordered Preferences,International Joint Conferences on Artificial Intelligence Organization,proceedings-article,,0,0,0,0,1
10.24963/kr.2023/60,True,,Foundations for Projecting Away the Irrelevant in ASP Programs,International Joint Conferences on Artificial Intelligence Organization,proceedings-article,,0,0,2,0,1
10.24963/kr.2023/61,True,,Iteration of Iterated Belief Revision,International Joint Conferences on Artificial Intelligence Organization,proceedings-article,,0,0,2,0,1
10.24963/kr.2023/62,True,,Explainable Representations for Relation Prediction in Knowledge Graphs,International Joint Conferences on Artificial Intelligence Organization,proceedings-article,,0,0,2,0,1
10.24963/kr.2023/63,True,,Learning General Policies with Policy Gradient Methods,International Joint Conferences on Artificial Intelligence Organization,proceedings-article,,0,0,2,0,1
10.24963/kr.2023/64,True,,On the Correspondence Between Monotonic Max-Sum GNNs and Datalog,International Joint Conferences on Artificial Intelligence Organization,proceedings-article,,0,0,0,0,1
10.24963/kr.2023/65,True,,Grounding LTLf Specifications in Image Sequences,International Joint Conferences on Artificial Intelligence Organization,proceedings-article,,0,0,8,0,1
10.24963/kr.2023/66,True,,Computing All Facts Entailed By An LTL Specification,International Joint Conferences on Artificial Intelligence Organization,proceedings-article,,0,0,0,0,1
10.24963/kr.2023/67,True,,A²CoST: An ASP-based Avoidable Collision Scenario Testbench for Autonomous Vehicles,International Joint Conferences on Artificial Intelligence Organization,proceedings-article,,0,0,0,0,1
10.24963/kr.2023/68,True,,Integrating Linear Arithmetic Constraints Into Conditional Maximum Entropy Reasoning,International Joint Conferences on Artificial Intelligence Organization,proceedings-article,,0,0,1,0,1
10.24963/kr.2023/69,True,,General Game Playing With State-Independent Communication,International Joint Conferences on Artificial Intelligence Organization,proceedings-article,,0,0,0,0,1
10.24963/kr.2023/7,True,,"A Singly Exponential Transformation of LTL[X, F] into Pure Past LTL",International Joint Conferences on Artificial Intelligence Organization,proceedings-article,,0,0,1,0,1
10.24963/kr.2023/71,True,,Strategic Abilities of Forgetful Agents in Stochastic Environments,International Joint Conferences on Artificial Intelligence Organization,proceedings-article,,0,0,1,0,1
10.24963/kr.2023/72,True,,Towards Parallelising Extension Construction for Serialisable Semantics in Abstract Argumentation,International Joint Conferences on Artificial Intelligence Organization,proceedings-article,,0,0,0,0,1
10.24963/kr.2023/73,True,,From Qualitative Choice Logic to Abstract Argumentation,International Joint Conferences on Artificial Intelligence Organization,proceedings-article,,0,0,0,0,1
10.24963/kr.2023/74,True,,Combining Global and Local Merges in Logic-based Entity Resolution,International Joint Conferences on Artificial Intelligence Organization,proceedings-article,,0,0,0,0,1
10.24963/kr.2023/75,True,,Finest Syntax Splittings of Ranking Functions and Total Preorders on Worlds,International Joint Conferences on Artificial Intelligence Organization,proceedings-article,,0,0,0,0,1
10.24963/kr.2023/77,True,,Verification of Semantic Key Point Detection for Aircraft Pose Estimation,International Joint Conferences on Artificial Intelligence Organization,proceedings-article,,0,0,4,0,1
10.24963/kr.2023/78,True,,Counterfactual Explanations and Model Multiplicity: a Relational Verification View,International Joint Conferences on Artificial Intelligence Organization,proceedings-article,,0,0,4,0,1
10.24963/kr.2023/79,True,,Connecting Proof Theory and Knowledge Representation: Sequent Calculi and the Chase with Existential Rules,International Joint Conferences on Artificial Intelligence Organization,proceedings-article,,0,0,0,0,1
10.24963/kr.2023/8,True,,Unified Foundations of Team Semantics via Semirings,International Joint Conferences on Artificial Intelligence Organization,proceedings-article,,0,0,4,0,1
10.24963/kr.2023/80,True,,Eliminating Redundant Actions from Plans Using Classical Planning,International Joint Conferences on Artificial Intelligence Organization,proceedings-article,,0,0,0,0,1
10.24963/kr.2023/9,True,,Forgetting Aspects in Assumption-Based Argumentation,International Joint Conferences on Artificial Intelligence Organization,proceedings-article,,0,0,5,0,1
10.24963/kr.2024/1,True,,Consistent Query Answering over SHACL Constraints,International Joint Conferences on Artificial Intelligence Organization,proceedings-article,,0,0,0,0,1
10.24963/kr.2024/10,True,,Conditional Splittings of Belief Bases and Nonmonotonic Inference with c-Representations,International Joint Conferences on Artificial Intelligence Organization,proceedings-article,,0,0,4,0,1
10.24963/kr.2024/11,True,,"Monotone Rewritability and the Analysis of Queries, Views, and Rules",International Joint Conferences on Artificial Intelligence Organization,proceedings-article,,0,0,0,0,1
10.24963/kr.2024/12,True,,Capturing Non-flat Assumption-based Argumentation with Bipolar SETAFs,International Joint Conferences on Artificial Intelligence Organization,proceedings-article,,0,0,0,0,1
10.24963/kr.2024/13,True,,Abductive Reasoning in a Paraconsistent Framework,International Joint Conferences on Artificial Intelligence Organization,proceedings-article,,0,0,0,0,1
10.24963/kr.2024/16,True,,Cost-Based Semantics for Querying Inconsistent Weighted Knowledge Bases,International Joint Conferences on Artificial Intelligence Organization,proceedings-article,,0,0,0,0,1
10.24963/kr.2024/17,True,,Weak Admissibility for ABA via Abstract Set-Attacks,International Joint Conferences on Artificial Intelligence Organization,proceedings-article,,0,0,0,0,1
10.24963/kr.2024/18,True,,Lost in the Crowd: k-unmatchability in Anonymized Knowledge Graphs,International Joint Conferences on Artificial Intelligence Organization,proceedings-article,,0,0,0,0,1
10.24963/kr.2024/19,True,,Belief Change on Rational Rankings,International Joint Conferences on Artificial Intelligence Organization,proceedings-article,,0,0,0,0,1
10.24963/kr.2024/2,True,,"Counterfactual and Semifactual Explanations in Abstract Argumentation: Formal Foundations, Complexity and Computation",International Joint Conferences on Artificial Intelligence Organization,proceedings-article,,0,0,2,0,1
10.24963/kr.2024/20,True,,Action Language mA* with Higher-Order Action Observability,International Joint Conferences on Artificial Intelligence Organization,proceedings-article,,0,0,0,0,1
10.24963/kr.2024/21,True,,Contracted Temporal Equilibrium Logic,International Joint Conferences on Artificial Intelligence Organization,proceedings-article,,0,0,0,0,1
10.24963/kr.2024/22,True,,Ontology-Based Query Answering over Datalog-Expressible Rule Sets is Undecidable,International Joint Conferences on Artificial Intelligence Organization,proceedings-article,,0,0,0,0,1
10.24963/kr.2024/23,True,,Non-monotone Fixpoint Theory Based on the Structure of Weak Bilattices,International Joint Conferences on Artificial Intelligence Organization,proceedings-article,,0,0,0,0,1
10.24963/kr.2024/24,True,,ASP-QRAT: A Conditionally Optimal Dual Proof System for ASP,International Joint Conferences on Artificial Intelligence Organization,proceedings-article,,0,0,0,0,1
10.24963/kr.2024/25,True,,Explaining Image Classifiers,International Joint Conferences on Artificial Intelligence Organization,proceedings-article,,0,0,3,0,1
10.24963/kr.2024/26,True,,On Verifying and Generating Robust Plans for Planning Tasks with Exogenous Events,International Joint Conferences on Artificial Intelligence Organization,proceedings-article,,0,0,0,0,1
10.24963/kr.2024/27,True,,Strongly Analytic Calculi for KLM Logics with SMT-Based Prover,International Joint Conferences on Artificial Intelligence Organization,proceedings-article,,0,0,0,0,1
10.24963/kr.2024/29,True,,Equilibrium Description Logics: Results on Complexity and Relations to Circumscription,International Joint Conferences on Artificial Intelligence Organization,proceedings-article,,0,0,0,0,1
10.24963/kr.2024/3,True,,Probabilistic Synthesis and Verification for LTL on Finite Traces,International Joint Conferences on Artificial Intelligence Organization,proceedings-article,,0,0,0,0,1
10.24963/kr.2024/30,True,,Blending Grounding and Compilation for Efficient ASP Solving,International Joint Conferences on Artificial Intelligence Organization,proceedings-article,,0,0,9,0,1
10.24963/kr.2024/31,True,,"Weighted Merging Operators: Product, Utility-based Operators and Egalitarianism",International Joint Conferences on Artificial Intelligence Organization,proceedings-article,,0,0,0,0,1
10.24963/kr.2024/32,True,,Heuristic Strategies for Accelerating Multi-Agent Epistemic Planning,International Joint Conferences on Artificial Intelligence Organization,proceedings-article,,0,0,0,0,1
10.24963/kr.2024/33,True,,A Sound and Complete Axiomatisation for Intuitionistic Linear Temporal Logic,International Joint Conferences on Artificial Intelligence Organization,proceedings-article,,0,0,0,0,1
10.24963/kr.2024/34,True,,Boundedness for Unions of Conjunctive Regular Path Queries over Simple Regular Expressions,International Joint Conferences on Artificial Intelligence Organization,proceedings-article,,0,0,0,0,1
10.24963/kr.2024/35,True,,Possibility of Conditionals and Conditional Possibilities: From the Triviality Result to Possibilistic Imaging,International Joint Conferences on Artificial Intelligence Organization,proceedings-article,,0,0,1,0,1
10.24963/kr.2024/36,True,,Reasoning in SHIQ with Axiom- and Concept-Level Standpoint Modalities,International Joint Conferences on Artificial Intelligence Organization,proceedings-article,,0,0,0,0,1
10.24963/kr.2024/37,True,,Preference-Based Abstract Argumentation for Case-Based Reasoning,International Joint Conferences on Artificial Intelligence Organization,proceedings-article,,0,0,1,0,1
10.24963/kr.2024/38,True,,Axiomatization of Approximate Exclusion,International Joint Conferences on Artificial Intelligence Organization,proceedings-article,,0,0,2,0,1
10.24963/kr.2024/4,True,,Proper Linear-time Specifications of Environment Behaviors in Nondeterministic Planning and Reactive Synthesis,International Joint Conferences on Artificial Intelligence Organization,proceedings-article,,0,0,0,0,1
10.24963/kr.2024/40,True,,Verification of General Games with Imperfect Information Using Strategy Logic,International Joint Conferences on Artificial Intelligence Organization,proceedings-article,,0,0,0,0,1
10.24963/kr.2024/41,True,,From Acceptance to Rejection in Abstract Argumentation,International Joint Conferences on Artificial Intelligence Organization,proceedings-article,,0,0,0,0,1
10.24963/kr.2024/42,True,,Operator-Based Semantics for Choice Programs: Is Choosing Losing?,International Joint Conferences on Artificial Intelligence Organization,proceedings-article,,0,0,0,0,1
10.24963/kr.2024/44,True,,Incentive Design for Rational Agents,International Joint Conferences on Artificial Intelligence Organization,proceedings-article,,0,0,0,0,1
10.24963/kr.2024/45,True,,Distance-Restricted Explanations: Theoretical Underpinnings &amp; Efficient Implementation,International Joint Conferences on Artificial Intelligence Organization,proceedings-article,,0,0,4,0,1
10.24963/kr.2024/46,True,,Unique Characterisability and Learnability of Temporal Queries Mediated by an Ontology,International Joint Conferences on Artificial Intelligence Organization,proceedings-article,,0,0,0,0,1
10.24963/kr.2024/48,True,,Leveraging Decision-DNNF Compilation for Enumerating Disjoint Partial Models,International Joint Conferences on Artificial Intelligence Organization,proceedings-article,,0,0,3,0,1
10.24963/kr.2024/49,True,,Complexity Results and Algorithms for Preferential Argumentative Reasoning in ASPIC+,International Joint Conferences on Artificial Intelligence Organization,proceedings-article,,0,0,0,0,1
10.24963/kr.2024/5,True,,Abstraction in Assumption-based Argumentation,International Joint Conferences on Artificial Intelligence Organization,proceedings-article,,0,0,0,0,1
10.24963/kr.2024/50,True,,Adding Circumscription to Decidable Fragments of First-Order Logic: A Complexity Rollercoaster,International Joint Conferences on Artificial Intelligence Organization,proceedings-article,,0,0,0,0,1
10.24963/kr.2024/51,True,,Description Logics with Abstraction and Refinement: From ALC to EL,International Joint Conferences on Artificial Intelligence Organization,proceedings-article,,0,0,1,0,1
10.24963/kr.2024/52,True,,SHACL Validation under the Well-founded Semantics,International Joint Conferences on Artificial Intelligence Organization,proceedings-article,,0,0,1,0,1
10.24963/kr.2024/53,True,,Explaining Decisions in ML Models: A Parameterized Complexity Analysis,International Joint Conferences on Artificial Intelligence Organization,proceedings-article,,0,0,0,0,1
10.24963/kr.2024/54,True,,The Sticky Path to Expressive Querying: Decidability of Navigational Queries under Existential Rules,International Joint Conferences on Artificial Intelligence Organization,proceedings-article,,0,0,1,0,1
10.24963/kr.2024/55,True,,Advancing Algorithmic Approaches to Probabilistic Argumentation under the Constellation Approach,International Joint Conferences on Artificial Intelligence Organization,proceedings-article,,0,0,0,0,1
10.24963/kr.2024/56,True,,Balancing Open-Mindedness and Conservativeness in Quantitative Bipolar Argumentation (and How to Prove Semantical from Functional Properties),International Joint Conferences on Artificial Intelligence Organization,proceedings-article,,0,0,0,0,1
10.24963/kr.2024/57,True,,Repairing Assumption-Based Argumentation Frameworks,International Joint Conferences on Artificial Intelligence Organization,proceedings-article,,0,0,1,0,1
10.24963/kr.2024/58,True,,Semantic Constructions for Belief Base Contraction: Partial Meet vs Smooth Kernel,International Joint Conferences on Artificial Intelligence Organization,proceedings-article,,0,0,2,0,1
10.24963/kr.2024/59,True,,Collective Satisfaction Semantics for Opinion Based Argumentation,International Joint Conferences on Artificial Intelligence Organization,proceedings-article,,0,0,0,0,1
10.24963/kr.2024/6,True,,A Uniform Language to Explain Decision Trees,International Joint Conferences on Artificial Intelligence Organization,proceedings-article,,0,0,2,0,1
10.24963/kr.2024/60,True,,Navigating and Querying Answer Sets: How Hard Is It Really and Why?,International Joint Conferences on Artificial Intelligence Organization,proceedings-article,,0,0,0,0,1
10.24963/kr.2024/61,True,,On Abstracting over the Irrelevant in Answer Set Programming,International Joint Conferences on Artificial Intelligence Organization,proceedings-article,,0,0,2,0,1
10.24963/kr.2024/62,True,,The Realizability of Revision and Contraction Operators in Epistemic Spaces,International Joint Conferences on Artificial Intelligence Organization,proceedings-article,,0,0,3,0,1
10.24963/kr.2024/63,True,,Optimisation and Approximation in Abstract Argumentation: The Case of Admissibility,International Joint Conferences on Artificial Intelligence Organization,proceedings-article,,0,0,0,0,1
10.24963/kr.2024/64,True,,Complexity of Weighted First-Order Model Counting in the Two-Variable Fragment with Counting Quantifiers: A Bound to Beat,International Joint Conferences on Artificial Intelligence Organization,proceedings-article,,0,0,0,0,1
10.24963/kr.2024/65,True,,Expressive Power of Definite Descriptions in Modal Logics,International Joint Conferences on Artificial Intelligence Organization,proceedings-article,,0,0,0,0,1
10.24963/kr.2024/66,True,,CE-QArg: Counterfactual Explanations for Quantitative Bipolar Argumentation Frameworks,International Joint Conferences on Artificial Intelligence Organization,proceedings-article,,0,0,0,0,1
10.24963/kr.2024/67,True,,Explaining Reasoning Results for OWL Ontologies with Evee,International Joint Conferences on Artificial Intelligence Organization,proceedings-article,,0,0,0,0,1
10.24963/kr.2024/68,True,,ASP Chef: Draw and Expand,International Joint Conferences on Artificial Intelligence Organization,proceedings-article,,0,0,2,0,1
10.24963/kr.2024/69,True,,dPASP: A Probabilistic Logic Programming Environment For Neurosymbolic Learning and Reasoning,International Joint Conferences on Artificial Intelligence Organization,proceedings-article,,0,0,5,0,1
10.24963/kr.2024/7,True,,Deontic Reasoning Based on Inconsistency Measures,International Joint Conferences on Artificial Intelligence Organization,proceedings-article,,0,0,0,0,1
10.24963/kr.2024/70,True,,Nemo: Your Friendly and Versatile Rule Reasoning Toolkit,International Joint Conferences on Artificial Intelligence Organization,proceedings-article,,0,0,1,0,1
10.24963/kr.2024/71,True,,Model Counting in the Wild,International Joint Conferences on Artificial Intelligence Organization,proceedings-article,,0,0,0,0,1
10.24963/kr.2024/72,True,,Large Neighborhood Prioritized Search for Combinatorial Optimization with Answer Set Programming,International Joint Conferences on Artificial Intelligence Organization,proceedings-article,,0,0,3,0,1
10.24963/kr.2024/73,True,,Dialectical Reconciliation via Structured Argumentative Dialogues,International Joint Conferences on Artificial Intelligence Organization,proceedings-article,,0,0,0,0,1
10.24963/kr.2024/74,True,,ASPEN: ASP-Based System for Collective Entity Resolution,International Joint Conferences on Artificial Intelligence Organization,proceedings-article,,0,0,0,0,1
10.24963/kr.2024/75,True,,Action Model Learning with Guarantees,International Joint Conferences on Artificial Intelligence Organization,proceedings-article,,0,0,0,0,1
10.24963/kr.2024/76,True,,Planning Domain Model Acquisition from State Traces without Action Parameters,International Joint Conferences on Artificial Intelligence Organization,proceedings-article,,0,0,1,0,1
10.24963/kr.2024/77,True,,Knowledge Base Embeddings: Semantics and Theoretical Properties,International Joint Conferences on Artificial Intelligence Organization,proceedings-article,,0,0,2,0,1
10.24963/kr.2024/78,True,,LLASP: Fine-tuning Large Language Models for Answer Set Programming,International Joint Conferences on Artificial Intelligence Organization,proceedings-article,,0,0,2,0,1
10.24963/kr.2024/79,True,,Symmetries and Expressive Requirements for Learning General Policies,International Joint Conferences on Artificial Intelligence Organization,proceedings-article,,0,0,1,0,1
10.24963/kr.2024/8,True,,Non-Rigid Designators in Modal and Temporal Free Description Logics,International Joint Conferences on Artificial Intelligence Organization,proceedings-article,,0,0,0,0,1
10.24963/kr.2024/80,True,,Learning to Ground Existentially Quantified Goals,International Joint Conferences on Artificial Intelligence Organization,proceedings-article,,0,0,1,0,1
10.24963/kr.2024/81,True,,LAD-based Feature Selection for Optimal Decision Trees and Other Classifiers,International Joint Conferences on Artificial Intelligence Organization,proceedings-article,,0,0,0,0,1
10.24963/kr.2024/82,True,,On the Expressivity of Recurrent Neural Cascades with Identity,International Joint Conferences on Artificial Intelligence Organization,proceedings-article,,0,0,0,0,1
10.24963/kr.2024/83,True,,Contestable AI Needs Computational Argumentation,International Joint Conferences on Artificial Intelligence Organization,proceedings-article,,0,0,5,0,1
10.24963/kr.2024/84,True,,Relational Graph Convolutional Networks Do Not Learn Sound Rules,International Joint Conferences on Artificial Intelligence Organization,proceedings-article,,0,0,0,0,1
10.24963/kr.2024/85,True,,Learning Robust Reward Machines from Noisy Labels,International Joint Conferences on Artificial Intelligence Organization,proceedings-article,,0,0,1,0,1
10.24963/kr.2024/86,True,,Logical Distillation of Graph Neural Networks,International Joint Conferences on Artificial Intelligence Organization,proceedings-article,,0,0,3,0,1
10.24963/kr.2024/87,True,,Advancing Interactive Explainable AI via Belief Change Theory,International Joint Conferences on Artificial Intelligence Organization,proceedings-article,,0,0,1,0,1
10.24963/kr.2024/88,True,,Argumentative Causal Discovery,International Joint Conferences on Artificial Intelligence Organization,proceedings-article,,0,0,0,0,1
10.24963/kr.2024/89,True,,Bridging Max Graph Neural Networks and Datalog with Negation,International Joint Conferences on Artificial Intelligence Organization,proceedings-article,,0,0,1,0,1
10.24963/kr.2024/90,True,,MTLearn: Extracting Temporal Rules Using Datalog Rule Learners,International Joint Conferences on Artificial Intelligence Organization,proceedings-article,,0,0,0,0,1
10.24963/kr.2024/91,True,,Automated Reasoning in Systems Biology: A Necessity for Precision Medicine,International Joint Conferences on Artificial Intelligence Organization,proceedings-article,,0,0,0,0,1
10.24963/kr.2025/1,True,,Model Checking Linear Temporal Logic with Standpoint Modalities,International Joint Conferences on Artificial Intelligence Organization,proceedings-article,,0,0,0,0,1
10.24963/kr.2025/10,True,,FastFound: Easing the ASP Bottleneck via Predicate-Decoupled Grounding,International Joint Conferences on Artificial Intelligence Organization,proceedings-article,,0,0,0,0,1
10.24963/kr.2025/11,True,,An Axiomatic Study of a Modular Evaluation of Enthymeme Decoding in Weighted Structured Argumentation,International Joint Conferences on Artificial Intelligence Organization,proceedings-article,,0,0,0,0,1
10.24963/kr.2025/12,True,,Sequence Explanations for Acceptance in Abstract Argumentation,International Joint Conferences on Artificial Intelligence Organization,proceedings-article,,0,0,0,0,1
10.24963/kr.2025/13,True,,A Reduct-based Approach to Skeptical Preferred Reasoning in Abstract Argumentation,International Joint Conferences on Artificial Intelligence Organization,proceedings-article,,0,0,0,0,1
10.24963/kr.2025/14,True,,On Strong and Weak Admissibility in Non-Flat Assumption-Based Argumentation,International Joint Conferences on Artificial Intelligence Organization,proceedings-article,,0,0,0,0,1
10.24963/kr.2025/15,True,,"Strategy Logic, Imperfect Information, and Hyperproperties",International Joint Conferences on Artificial Intelligence Organization,proceedings-article,,0,0,0,0,1
10.24963/kr.2025/16,True,,Tractable Responsibility Measures for Ontology-Mediated Query Answering,International Joint Conferences on Artificial Intelligence Organization,proceedings-article,,0,0,0,0,1
10.24963/kr.2025/17,True,,A Rule-Based Approach to Specifying Preferences over Conflicting Facts and Querying Inconsistent Knowledge Bases,International Joint Conferences on Artificial Intelligence Organization,proceedings-article,,0,0,0,0,1
10.24963/kr.2025/18,True,,Halting Recurrent GNNs and the Graded mu-Calculus,International Joint Conferences on Artificial Intelligence Organization,proceedings-article,,0,0,0,0,1
10.24963/kr.2025/19,True,,An Intuitionistic Version of Alternating-Time Temporal Logic,International Joint Conferences on Artificial Intelligence Organization,proceedings-article,,0,0,1,0,1
10.24963/kr.2025/2,True,,Presburger Functional Synthesis: Complexity and Tractable Normal Forms,International Joint Conferences on Artificial Intelligence Organization,proceedings-article,,0,0,0,0,1
10.24963/kr.2025/20,True,,Finite Axiomatizability by Disjunctive Existential Rules,International Joint Conferences on Artificial Intelligence Organization,proceedings-article,,0,0,0,0,1
10.24963/kr.2025/21,True,,On the Complexity of Global Necessary Reasons to Explain Classification,International Joint Conferences on Artificial Intelligence Organization,proceedings-article,,0,0,0,0,1
10.24963/kr.2025/22,True,,Reasoning in Defeasible Description Logics with System W and Lexicographic Inference,International Joint Conferences on Artificial Intelligence Organization,proceedings-article,,0,0,1,0,1
10.24963/kr.2025/23,True,,How Lucky Are You to Know Your Way? A Probabilistic Approach to Knowing How Logics,International Joint Conferences on Artificial Intelligence Organization,proceedings-article,,0,0,1,0,1
10.24963/kr.2025/24,True,,Boolean Nearest Neighbor Language in the Knowledge Compilation Map,International Joint Conferences on Artificial Intelligence Organization,proceedings-article,,0,0,0,0,1
10.24963/kr.2025/26,True,,On the Effects of Adding Assignments in Linear-Time Temporal Logics Modulo Theories,International Joint Conferences on Artificial Intelligence Organization,proceedings-article,,0,0,0,0,1
10.24963/kr.2025/28,True,,Grounding Rule-Based Argumentation Using Datalog,International Joint Conferences on Artificial Intelligence Organization,proceedings-article,,0,0,0,0,1
10.24963/kr.2025/29,True,,An Information-Flow Perspective on Explainability Requirements: Specification and Verification,International Joint Conferences on Artificial Intelligence Organization,proceedings-article,,0,0,0,0,1
10.24963/kr.2025/3,True,,Extending Abstract Argumentation Frameworks with Knowledge Bases,International Joint Conferences on Artificial Intelligence Organization,proceedings-article,,0,0,0,0,1
10.24963/kr.2025/30,True,,Categorical Explaining Functors: Ensuring Coherence in Logical Explanations,International Joint Conferences on Artificial Intelligence Organization,proceedings-article,,0,0,0,0,1
10.24963/kr.2025/31,True,,Two-Variable Logic for Hierarchically Partitioned and Ordered Data,International Joint Conferences on Artificial Intelligence Organization,proceedings-article,,0,0,0,0,1
10.24963/kr.2025/32,True,,A Logic-Based Framework for Database Repairs,International Joint Conferences on Artificial Intelligence Organization,proceedings-article,,0,0,0,0,1
10.24963/kr.2025/33,True,,Fitting Description Logic Ontologies to ABox and Query Examples,International Joint Conferences on Artificial Intelligence Organization,proceedings-article,,0,0,0,0,1
10.24963/kr.2025/34,True,,About the Multi-Head Linear Restricted Chase Termination,International Joint Conferences on Artificial Intelligence Organization,proceedings-article,,0,0,0,0,1
10.24963/kr.2025/35,True,,Reasoning About Knowledge on Regular Expressions Is 2EXPTIME-Complete,International Joint Conferences on Artificial Intelligence Organization,proceedings-article,,0,0,0,0,1
10.24963/kr.2025/36,True,,Putting Perspective into OWL [Sic]: Complexity-Neutral Standpoint Reasoning for Ontology Languages via Monodic S5 over Counting Two-Variable First-Order Logic,International Joint Conferences on Artificial Intelligence Organization,proceedings-article,,0,0,0,0,1
10.24963/kr.2025/37,True,,A Framework for Inconsistency-tolerant Reasoning with Sets of Models,International Joint Conferences on Artificial Intelligence Organization,proceedings-article,,0,0,0,0,1
10.24963/kr.2025/38,True,,Repairing General Game Descriptions,International Joint Conferences on Artificial Intelligence Organization,proceedings-article,,0,0,0,0,1
10.24963/kr.2025/39,True,,An Analysis of the Role of Syntax in Inductive Inference,International Joint Conferences on Artificial Intelligence Organization,proceedings-article,,0,0,0,0,1
10.24963/kr.2025/4,True,,Axiomatic Characterisations of Argumentation Semantics,International Joint Conferences on Artificial Intelligence Organization,proceedings-article,,0,0,0,0,1
10.24963/kr.2025/40,True,,Fitting Ontologies and Constraints to Relational Structures,International Joint Conferences on Artificial Intelligence Organization,proceedings-article,,0,0,0,0,1
10.24963/kr.2025/41,True,,Complexity of Abduction in Łukasiewicz Logic,International Joint Conferences on Artificial Intelligence Organization,proceedings-article,,0,0,0,0,1
10.24963/kr.2025/42,True,,Effective AGM Belief Contraction: A Journey Beyond the Finitary Realm,International Joint Conferences on Artificial Intelligence Organization,proceedings-article,,0,0,0,0,1
10.24963/kr.2025/43,True,,Abstractions of Queries in Ontology-Based Data Access,International Joint Conferences on Artificial Intelligence Organization,proceedings-article,,0,0,0,0,1
10.24963/kr.2025/44,True,,An Epistemic Theory of Deductive Arguments,International Joint Conferences on Artificial Intelligence Organization,proceedings-article,,0,0,1,0,1
10.24963/kr.2025/45,True,,Non-deterministic Action Reversibility: Complexity Results,International Joint Conferences on Artificial Intelligence Organization,proceedings-article,,0,0,0,0,1
10.24963/kr.2025/47,True,,Logical Expressivity and Explanations for Monotonic GNNs with Scoring Functions,International Joint Conferences on Artificial Intelligence Organization,proceedings-article,,0,0,0,0,1
10.24963/kr.2025/48,True,,Faithful Differentiable Reasoning with Reshuffled Region-based Embeddings,International Joint Conferences on Artificial Intelligence Organization,proceedings-article,,0,0,0,0,1
10.24963/kr.2025/49,True,,A Methodology for Incompleteness-Tolerant and Modular Gradual Semantics for Argumentative Statement Graphs,International Joint Conferences on Artificial Intelligence Organization,proceedings-article,,0,0,0,0,1
10.24963/kr.2025/50,True,,On Gradual Semantics for Assumption-Based Argumentation,International Joint Conferences on Artificial Intelligence Organization,proceedings-article,,0,0,0,0,1
10.24963/kr.2025/51,True,,On the Complexity and Properties of Preferential Propositional Dependence Logic,International Joint Conferences on Artificial Intelligence Organization,proceedings-article,,0,0,0,0,1
10.24963/kr.2025/53,True,,Efficient Volume Computation for SMT Formulas,International Joint Conferences on Artificial Intelligence Organization,proceedings-article,,0,0,0,0,1
10.24963/kr.2025/54,True,,A Principle-based Framework for Analyzing Dialogue Game-based Semantics,International Joint Conferences on Artificial Intelligence Organization,proceedings-article,,0,0,0,0,1
10.24963/kr.2025/55,True,,Pushdown Reward Machines for Reinforcement Learning,International Joint Conferences on Artificial Intelligence Organization,proceedings-article,,0,0,0,0,1
10.24963/kr.2025/56,True,,Exploring Desirable Configurations in Global Logistics with Heuristic Search in Answer Set Programming,International Joint Conferences on Artificial Intelligence Organization,proceedings-article,,0,0,0,0,1
10.24963/kr.2025/57,True,,Model Checker for Recursive Aggregates,International Joint Conferences on Artificial Intelligence Organization,proceedings-article,,0,0,0,0,1
10.24963/kr.2025/59,True,,Reasoning About Actual Causality in Answer Set Programming,International Joint Conferences on Artificial Intelligence Organization,proceedings-article,,0,0,0,0,1
10.24963/kr.2025/6,True,,Reasoning with Restricted Statistical Statements in Probabilistic Answer Set Programming: Complexity and Algorithms,International Joint Conferences on Artificial Intelligence Organization,proceedings-article,,0,0,0,0,1
10.24963/kr.2025/60,True,,Can LLMs Solve ASP Problems? Insights from a Benchmarking Study,International Joint Conferences on Artificial Intelligence Organization,proceedings-article,,0,0,0,0,1
10.24963/kr.2025/61,True,,ASP-Driven Visual Commonsense: A General Framework for Reasoning About Embodied Interaction in the Wild,International Joint Conferences on Artificial Intelligence Organization,proceedings-article,,0,0,2,0,1
10.24963/kr.2025/62,True,,A Tensor-Based Probabilistic Event Calculus,International Joint Conferences on Artificial Intelligence Organization,proceedings-article,,0,0,0,0,1
10.24963/kr.2025/64,True,,Advances in Logic-Based Entity Resolution: Enhancing ASPEN with Local Merges and Optimality Criteria,International Joint Conferences on Artificial Intelligence Organization,proceedings-article,,0,0,0,0,1
10.24963/kr.2025/65,True,,An Embarrassingly Parallel Model Counter,International Joint Conferences on Artificial Intelligence Organization,proceedings-article,,0,0,0,0,1
10.24963/kr.2025/66,True,,Expressive Description Logics with Rich Yet Affordable Numeric Constraints,International Joint Conferences on Artificial Intelligence Organization,proceedings-article,,0,0,0,0,1
10.24963/kr.2025/67,True,,Counterexample-Guided Abstraction Refinement for Assumption-based Argumentation,International Joint Conferences on Artificial Intelligence Organization,proceedings-article,,0,0,0,0,1
10.24963/kr.2025/68,True,,Reasoning in Assumption-Based Argumentation via SAT,International Joint Conferences on Artificial Intelligence Organization,proceedings-article,,0,0,0,0,1
10.24963/kr.2025/69,True,,LTL Synthesis Under Multi-Agent Environment Assumptions,International Joint Conferences on Artificial Intelligence Organization,proceedings-article,,0,0,0,0,1
10.24963/kr.2025/7,True,,A Novel Framework for Reasoning over Optimization Problems in Probabilistic Answer Set Programming,International Joint Conferences on Artificial Intelligence Organization,proceedings-article,,0,0,0,0,1
10.24963/kr.2025/70,True,,Depth-Bounded Epistemic Planning,International Joint Conferences on Artificial Intelligence Organization,proceedings-article,,0,0,0,0,1
10.24963/kr.2025/71,True,,Learning General Policies from Examples,International Joint Conferences on Artificial Intelligence Organization,proceedings-article,,0,0,0,0,1
10.24963/kr.2025/72,True,,Automated Planning with Ontologies Under Coherence Update Semantics,International Joint Conferences on Artificial Intelligence Organization,proceedings-article,,0,0,0,0,1
10.24963/kr.2025/73,True,,Pushing the Envelope in Numeric Pattern Planning,International Joint Conferences on Artificial Intelligence Organization,proceedings-article,,0,0,0,0,1
10.24963/kr.2025/74,True,,Pruning with Belief Traps in Multi-agent Epistemic Planning,International Joint Conferences on Artificial Intelligence Organization,proceedings-article,,0,0,0,0,1
10.24963/kr.2025/75,True,,Cost-Optimal Delete-Free Classical Planning via Maximum Satisfiability,International Joint Conferences on Artificial Intelligence Organization,proceedings-article,,0,0,0,0,1
10.24963/kr.2025/76,True,,Counterfactual Scenarios for Automated Planning,International Joint Conferences on Artificial Intelligence Organization,proceedings-article,,0,0,0,0,1
10.24963/kr.2025/77,True,,Domain-Independent Instance Generation for Classical Planning,International Joint Conferences on Artificial Intelligence Organization,proceedings-article,,0,0,0,0,1
10.24963/kr.2025/78,True,,Emerson-Lei and Manna-Pnueli Games for LTLf+ and PPLTL+ Synthesis,International Joint Conferences on Artificial Intelligence Organization,proceedings-article,,0,0,0,0,1
10.24963/kr.2025/79,True,,Representing Perfect Saturated Cost Partitioning Heuristics in Classical Planning,International Joint Conferences on Artificial Intelligence Organization,proceedings-article,,0,0,0,0,1
10.24963/kr.2025/8,True,,Counting Solutions Under Cardinality Constraints: Structure Counts in Counting,International Joint Conferences on Artificial Intelligence Organization,proceedings-article,,0,0,0,0,1
10.24963/kr.2025/80,True,,Learning Lifted Action Models from Traces of Incomplete Actions and States,International Joint Conferences on Artificial Intelligence Organization,proceedings-article,,0,0,0,0,1
10.24963/kr.2025/81,True,,Generalizing Platform-Aware Mission Planning for Infinite-State Timed Transition Systems,International Joint Conferences on Artificial Intelligence Organization,proceedings-article,,0,0,0,0,1
10.24963/kr.2025/82,True,,A Planning Compilation to Reason About Goal Achievement at Planning Time,International Joint Conferences on Artificial Intelligence Organization,proceedings-article,,0,0,0,0,1
10.24963/kr.2025/83,True,,Explanations for Unrealizability of Infinite-State Safety Shields,International Joint Conferences on Artificial Intelligence Organization,proceedings-article,,0,0,0,0,1
10.24963/kr.2025/84,True,,Probabilistic HTN Planning: Formalization and Computational Complexity Analysis,International Joint Conferences on Artificial Intelligence Organization,proceedings-article,,0,0,0,0,1
10.24963/kr.2025/85,True,,Probabilistic Active Goal Recognition,International Joint Conferences on Artificial Intelligence Organization,proceedings-article,,0,0,0,0,1
10.24963/kr.2025/9,True,,Guarded Fragments Meet Dynamic Logic: The Story of Regular Guards,International Joint Conferences on Artificial Intelligence Organization,proceedings-article,,0,0,0,0,1
10.29007/1q69,True,,Prediction and Control of Stochastic Agents Using Formal Methods,EasyChair,proceedings-article,,0,0,1,0,1
10.29007/59w3,True,,Certified Private Inference on Neural Networks via Lipschitz-Guided Abstraction Refinement,EasyChair,proceedings-article,,0,0,2,0,1
10.29007/5pdh,True,,Supporting Standardization of Neural Networks Verification with VNNLIB and CoCoNet,EasyChair,proceedings-article,,0,0,9,0,1
10.29007/5s2x,True,,The Vehicle Tutorial: Neural Network Verification with Vehicle,EasyChair,proceedings-article,,0,0,3,0,1
10.29007/5t69,True,,Scalable Probabilistic Routes,EasyChair,proceedings-article,,0,0,0,0,1
10.29007/7r6j,True,,Scaling Model Checking for Neural Network Analysis via State-Space Reduction and Input Segmentation,EasyChair,proceedings-article,,0,0,0,0,1
10.29007/7wxb,True,,ANTONIO: Towards a Systematic Method of Generating NLP Benchmarks for Verification,EasyChair,proceedings-article,,0,0,2,0,1
10.29007/c25r,True,,Automated Theorem Proving for Prolog Verification,EasyChair,proceedings-article,,0,0,2,0,1
10.29007/pvtn,True,,Verifying Global Neural Network Specifications using Hyperproperties,EasyChair,proceedings-article,,0,0,0,0,1
10.29007/sclq,True,,Epistemic Logic Programs with World View Constraints,EasyChair,report-series,,0,0,5,0,1
10.3233/faia200438,True,,Reasoning with Justifiable Exceptions in Contextual Hierarchies,IOS Press,book-chapter,,0,0,0,0,0
10.4204/eptcs.229.10,True,,A High-Level LTL Synthesis Format: TLSF v1.1,Open Publishing Association,journal-article,,0,29,30,0,0
10.4204/eptcs.229.11,True,,The Reactive Synthesis Competition: SYNTCOMP 2016 and Beyond,Open Publishing Association,journal-article,,0,59,5,0,0
10.4204/eptcs.229.12,True,,"The 3rd Reactive Synthesis Competition (SYNTCOMP 2016): Benchmarks, Participants &amp; Results",Open Publishing Association,journal-article,,0,48,9,0,0
10.4204/eptcs.229.13,True,,SyGuS-Comp 2016: Results and Analysis,Open Publishing Association,journal-article,,0,28,17,0,0
10.4204/eptcs.229.3,True,,Using SyGuS to Synthesize Reactive Motion Plans,Open Publishing Association,journal-article,,0,21,5,0,0
10.4204/eptcs.229.4,True,,What You Really Need To Know About Your Neighbor,Open Publishing Association,journal-article,,0,29,1,0,0
10.4204/eptcs.229.5,True,,Symbolic BDD and ADD Algorithms for Energy Games,Open Publishing Association,journal-article,,0,20,7,0,0
10.4204/eptcs.229.6,True,,Approaching Symbolic Parallelization by Synthesis of Recurrence Decompositions,Open Publishing Association,journal-article,,0,26,1,0,0
10.4204/eptcs.229.7,True,,Leveraging Parallel Data Processing Frameworks with Verified Lifting,Open Publishing Association,journal-article,,0,13,8,0,0
10.4204/eptcs.229.8,True,,Developing a Practical Reactive Synthesis Tool: Experience and Lessons Learned,Open Publishing Association,journal-article,,0,65,13,0,0
10.4204/eptcs.229.9,True,,An Update on Deductive Synthesis and Repair in the Leon Tool,Open Publishing Association,journal-article,,0,27,6,0,0
10.4204/eptcs.260.10,True,,"The 4th Reactive Synthesis Competition (SYNTCOMP 2017): Benchmarks, Participants &amp; Results",Open Publishing Association,journal-article,,0,44,27,0,0
10.4204/eptcs.260.4,True,,CTL* synthesis via LTL synthesis,Open Publishing Association,journal-article,,0,20,7,0,0
10.4204/eptcs.260.5,True,,Symbolic vs. Bounded Synthesis for Petri Games,Open Publishing Association,journal-article,,0,18,5,0,0
10.4204/eptcs.260.6,True,,A Class of Control Certificates to Ensure Reach-While-Stay for Switched Systems,Open Publishing Association,journal-article,,0,36,1,0,0
10.4204/eptcs.260.8,True,,SyGuS Techniques in the Core of an SMT Solver,Open Publishing Association,journal-article,,0,38,8,0,0
10.4204/eptcs.260.9,True,,SyGuS-Comp 2017: Results and Analysis,Open Publishing Association,journal-article,,0,13,22,0,0
10.4204/eptcs.306.10,True,,A Three-Valued Semantics for Typed Logic Programming,Open Publishing Association,journal-article,,0,30,3,0,0
10.4204/eptcs.306.14,True,,Value of Information in Probabilistic Logic Programs,Open Publishing Association,journal-article,,0,27,0,0,0
10.4204/eptcs.306.17,True,,A Tractable Logic for Molecular Biology,Open Publishing Association,journal-article,,0,19,3,0,0
10.4204/eptcs.306.19,True,,RestKB: A Library of Commonsense Knowledge about Dining at a Restaurant,Open Publishing Association,journal-article,,0,30,2,0,0
10.4204/eptcs.306.20,True,,Mutex Graphs and Multicliques: Reducing Grounding Size for Planning,Open Publishing Association,journal-article,,0,18,0,0,0
10.4204/eptcs.306.21,True,,Most General Variant Unifiers,Open Publishing Association,journal-article,,0,33,2,0,0
10.4204/eptcs.306.22,True,,Generating Local Search Neighborhood with Synthesized Logic Programs,Open Publishing Association,journal-article,,0,19,0,0,0
10.4204/eptcs.306.23,True,,A Human-Centered Data-Driven Planner-Actor-Critic Architecture via Logic Programming,Open Publishing Association,journal-article,,0,41,1,0,0
10.4204/eptcs.306.24,True,,Strong Equivalence for LPMLN Programs,Open Publishing Association,journal-article,,0,19,0,0,0
10.4204/eptcs.306.26,True,,Lazy Stream Programming in Prolog,Open Publishing Association,journal-article,,0,20,1,0,0
10.4204/eptcs.306.28,True,,Extended Magic for Negation: Efficient Demand-Driven Evaluation of Stratified Datalog with Precise Complexity Guarantees,Open Publishing Association,journal-article,,0,30,3,0,0
10.4204/eptcs.306.30,True,,Google vs IBM: A Constraint Solving Challenge on the Job-Shop Scheduling Problem,Open Publishing Association,journal-article,,0,18,23,0,0
10.4204/eptcs.306.31,True,,A Rule-Based System for Explainable Donor-Patient Matching in Liver Transplantation,Open Publishing Association,journal-article,,0,10,0,0,0
10.4204/eptcs.306.32,True,,BigData Applications from Graph Analytics to Machine Learning by Aggregates in Recursion,Open Publishing Association,journal-article,,0,16,8,0,0
10.4204/eptcs.306.33,True,,Natural Language Generation for Non-Expert Users,Open Publishing Association,journal-article,,0,24,0,0,0
10.4204/eptcs.306.34,True,,An ASP-based Approach for Attractor Enumeration in Synchronous and Asynchronous Boolean Networks,Open Publishing Association,journal-article,,0,9,2,0,0
10.4204/eptcs.306.35,True,,Encoding Selection for Solving Hamiltonian Cycle Problems with ASP,Open Publishing Association,journal-article,,0,19,4,0,0
10.4204/eptcs.306.37,True,,An Implementation of a Non-monotonic Logic in an Embedded Computer for a Motor-glider,Open Publishing Association,journal-article,,0,11,0,0,0
10.4204/eptcs.306.39,True,,Towards Ethical Machines Via Logic Programming,Open Publishing Association,journal-article,,0,16,7,0,0
10.4204/eptcs.306.40,True,,A Temporal Module for Logical Frameworks,Open Publishing Association,journal-article,,0,8,3,0,0
10.4204/eptcs.306.41,True,,Solving a Flowshop Scheduling Problem with Answer Set Programming: Exploiting the Problem to Reduce the Number of Combinations,Open Publishing Association,journal-article,,0,11,2,0,0
10.4204/eptcs.306.50,True,,Reasoning about Qualitative Direction and Distance between Extended Objects using Answer Set Programming,Open Publishing Association,journal-article,,0,46,0,0,0
10.4204/eptcs.306.51,True,,Induction of Non-monotonic Logic Programs To Explain Statistical Learning Models,Open Publishing Association,journal-article,,0,18,0,0,0
10.4204/eptcs.306.53,True,,Conversational AI : Open Domain Question Answering and Commonsense Reasoning,Open Publishing Association,journal-article,,0,16,7,0,0
10.4204/eptcs.306.54,True,,Design of a Solver for Multi-Agent Epistemic Planning,Open Publishing Association,journal-article,,0,34,2,0,0
10.4204/eptcs.306.55,True,,Imperative Program Synthesis from Answer Set Programs,Open Publishing Association,journal-article,,0,14,0,0,0
10.4204/eptcs.306.57,True,,Reasoning in Highly Reactive Environments,Open Publishing Association,journal-article,,0,25,1,0,0
10.4204/eptcs.306.58,True,,Experimenting with Constraint Programming on GPU,Open Publishing Association,journal-article,,0,16,0,0,0
10.4204/eptcs.306.59,True,,Research Report on Automatic Synthesis of Local Search Neighborhood Operators,Open Publishing Association,journal-article,,0,29,0,0,0
10.4204/eptcs.306.60,True,,Distributed Answer Set Coloring: Stable Models Computation via Graph Coloring,Open Publishing Association,journal-article,,0,17,0,0,0
10.4204/eptcs.306.61,True,,Memory Management in Resource-Bounded Agents,Open Publishing Association,journal-article,,0,5,0,0,0
10.4204/eptcs.306.8,True,,Prolog Coding Guidelines: Status and Tool Support,Open Publishing Association,journal-article,,0,25,0,0,0
10.4204/eptcs.306.9,True,,Exploiting Partial Knowledge in Declarative Domain-Specific Heuristics for ASP,Open Publishing Association,journal-article,,0,46,0,0,0
10.4204/eptcs.307.3,True,,"A Definitional Implementation of the Lax Logical Framework LLFP in Coq, for Supporting Fast and Loose Reasoning",Open Publishing Association,journal-article,,0,16,0,0,0
10.4204/eptcs.307.5,True,,Rapid Prototyping Formal Systems in MMT: 5 Case Studies,Open Publishing Association,journal-article,,0,22,2,0,0
10.4204/eptcs.307.6,True,,A Weakly Initial Algebra for Higher-Order Abstract Syntax in Cedille,Open Publishing Association,journal-article,,0,37,0,0,0
10.4204/eptcs.325.10,True,,Variant-based Equational Unification under Constructor Symbols,Open Publishing Association,journal-article,,0,35,1,0,0
10.4204/eptcs.325.11,True,,Solving Gossip Problems using Answer Set Programming: An Epistemic Planning Approach,Open Publishing Association,journal-article,,0,11,1,0,0
10.4204/eptcs.325.12,True,,Justifications for Goal-Directed Constraint Answer Set Programming,Open Publishing Association,journal-article,,0,18,25,0,0
10.4204/eptcs.325.13,True,,SQuARE: Semantics-based Question Answering and Reasoning Engine,Open Publishing Association,journal-article,,0,24,3,0,0
10.4204/eptcs.325.17,True,,Automated Aggregator - Rewriting with the Counting Aggregate,Open Publishing Association,journal-article,,0,13,2,0,0
10.4204/eptcs.325.18,True,,"Deriving Theorems in Implicational Linear Logic, Declaratively",Open Publishing Association,journal-article,,0,33,1,0,0
10.4204/eptcs.325.19,True,,A System for Explainable Answer Set Programming,Open Publishing Association,journal-article,,0,15,21,0,0
10.4204/eptcs.325.20,True,,Tabling Optimization for Contextual Abduction,Open Publishing Association,journal-article,,0,19,0,0,0
10.4204/eptcs.325.22,True,,Continuous Reasoning for Managing Next-Gen Distributed Applications,Open Publishing Association,journal-article,,0,24,8,0,0
10.4204/eptcs.325.23,True,,Sequent-Type Calculi for Systems of Nonmonotonic Paraconsistent Logics,Open Publishing Association,journal-article,,0,28,4,0,0
10.4204/eptcs.325.25,True,,LP2PB: Translating Answer Set Programs into Pseudo-Boolean Theories,Open Publishing Association,journal-article,,0,75,1,0,0
10.4204/eptcs.325.27,True,,Dynamic Multi-Agent Path Finding based on Conflict Resolution using Answer Set Programming,Open Publishing Association,journal-article,,0,12,3,0,0
10.4204/eptcs.325.28,True,,An application of Answer Set Programming in Distributed Architectures: ASP Microservices,Open Publishing Association,journal-article,,0,34,0,0,0
10.4204/eptcs.325.29,True,,Less Manual Work for Safety Engineers: Towards an Automated Safety Reasoning with Safety Patterns,Open Publishing Association,journal-article,,0,18,1,0,0
10.4204/eptcs.325.31,True,,A Machine Learning guided Rewriting Approach for ASP Logic Programs,Open Publishing Association,journal-article,,0,15,4,0,0
10.4204/eptcs.325.32,True,,Logical Judges Challenge Human Judges on the Strange Case of B.C.-Valjean,Open Publishing Association,journal-article,,0,18,1,0,0
10.4204/eptcs.325.38,True,,Constraint Programming Algorithms for Route Planning Exploiting Geometrical Information,Open Publishing Association,journal-article,,0,28,1,0,0
10.4204/eptcs.325.39,True,,Research Summary on Implementing Functional Patterns by Synthesizing Inverse Functions,Open Publishing Association,journal-article,,0,21,0,0,0
10.4204/eptcs.325.40,True,,A Low-Level Index for Distributed Logic Programming,Open Publishing Association,journal-article,,0,39,0,0,0
10.4204/eptcs.325.41,True,,Extending Answer Set Programs with Neural Networks,Open Publishing Association,journal-article,,0,28,0,0,0
10.4204/eptcs.325.8,True,,Splitting a Hybrid ASP Program,Open Publishing Association,journal-article,,0,12,0,0,0
10.4204/eptcs.345.12,True,,Syntactic Requirements for Well-defined Hybrid Probabilistic Logic Programs,Open Publishing Association,journal-article,,0,25,1,0,0
10.4204/eptcs.345.13,True,,How to Split a Logic Program,Open Publishing Association,journal-article,,0,18,0,0,0
10.4204/eptcs.345.14,True,,Fixpoint Semantics for Recursive SHACL,Open Publishing Association,journal-article,,0,25,7,0,0
10.4204/eptcs.345.17,True,,A Note on Occur-Check,Open Publishing Association,journal-article,,0,15,1,0,0
10.4204/eptcs.345.23,True,,APIA: An Architecture for Policy-Aware Intentional Agents,Open Publishing Association,journal-article,,0,17,8,0,0
10.4204/eptcs.345.24,True,,DMAPF: A Decentralized and Distributed Solver for Multi-Agent Path Finding Problem with Obstacles,Open Publishing Association,journal-article,,0,13,6,0,0
10.4204/eptcs.345.25,True,,Refining the Semantics of Epistemic Specifications,Open Publishing Association,journal-article,,0,29,0,0,0
10.4204/eptcs.345.26,True,,Generating Explainable Rule Sets from Tree-Ensemble Learning Methods by Answer Set Programming,Open Publishing Association,journal-article,,0,31,4,0,0
10.4204/eptcs.345.27,True,,Natlog: a Lightweight Logic Programming Language with a Neuro-symbolic Touch,Open Publishing Association,journal-article,,0,19,7,0,0
10.4204/eptcs.345.28,True,,exp(ASPc) : Explaining ASP Programs with Choice Atoms and Constraint Rules,Open Publishing Association,journal-article,,0,9,4,0,0
10.4204/eptcs.345.30,True,,Modeling and Solving Graph Synthesis Problems Using SAT-Encoded Reachability Constraints in Picat,Open Publishing Association,journal-article,,0,24,3,0,0
10.4204/eptcs.345.32,True,,A Logic-based Multi-agent System for Ethical Monitoring and Evaluation of Dialogues,Open Publishing Association,journal-article,,0,7,4,0,0
10.4204/eptcs.345.34,True,,Geolog: Scalable Logic Programming on Spatial Data,Open Publishing Association,journal-article,,0,16,1,0,0
10.4204/eptcs.345.35,True,,DiscASP: A Graph-based ASP System for Finding Relevant Consistent Concepts with Applications to Conversational Socialbots,Open Publishing Association,journal-article,,0,21,5,0,0
10.4204/eptcs.345.36,True,,Generating Concurrent Programs From Sequential Data Structure Knowledge Using Answer Set Programming,Open Publishing Association,journal-article,,0,0,1,0,0
10.4204/eptcs.345.40,True,,Flexible and Explainable Solutions for Multi-Agent Path Finding Problems,Open Publishing Association,journal-article,,0,20,1,0,0
10.4204/eptcs.345.41,True,,Comprehensive Multi-Agent Epistemic Planning,Open Publishing Association,journal-article,,0,29,0,0,0
10.4204/eptcs.345.42,True,,Automata Techniques for Temporal Answer Set Programming,Open Publishing Association,journal-article,,0,0,0,0,0
10.4204/eptcs.345.43,True,,Quantitative and Stream Extensions of Answer Set Programming,Open Publishing Association,journal-article,,0,35,0,0,0
10.4204/eptcs.345.44,True,,Graph Based Answer Set Programming Solver Systems,Open Publishing Association,journal-article,,0,15,1,0,0
10.4204/eptcs.345.45,True,,Compilation of Aggregates in ASP,Open Publishing Association,journal-article,,0,26,0,0,0
10.4204/eptcs.345.46,True,,Product Configuration in Answer Set Programming,Open Publishing Association,journal-article,,0,25,2,0,0
10.4204/eptcs.345.47,True,,Formalisation of Action with Durations in Answer Set Programming,Open Publishing Association,journal-article,,0,19,0,0,0
10.4204/eptcs.364.1,True,,Tree-Like Justification Systems are Consistent,Open Publishing Association,journal-article,,0,15,0,0,0
10.4204/eptcs.364.10,True,,Knowledge Authoring with Factual English,Open Publishing Association,journal-article,,0,14,1,0,0
10.4204/eptcs.364.2,True,,A Preliminary Data-driven Analysis of Common Errors Encountered by Novice SPARC Programmers,Open Publishing Association,journal-article,,0,18,2,0,0
10.4204/eptcs.364.35,True,,A Model-Oriented Approach for Lifting Symmetries in Answer Set Programming,Open Publishing Association,journal-article,,0,24,0,0,0
10.4204/eptcs.364.36,True,,Tools and Methodologies for Verifying Answer Set Programs,Open Publishing Association,journal-article,,0,17,0,0,0
10.4204/eptcs.364.37,True,,An ASP Framework for Efficient Urban Traffic Optimization,Open Publishing Association,journal-article,,0,27,0,0,0
10.4204/eptcs.364.38,True,,Planning and Scheduling in Digital Health with Answer Set Programming,Open Publishing Association,journal-article,,0,25,0,0,0
10.4204/eptcs.364.39,True,,Decomposition Strategies for Solving Scheduling Problems in Industrial Applications,Open Publishing Association,journal-article,,0,21,0,0,0
10.4204/eptcs.364.6,True,,A Fixpoint Characterization of Three-Valued Disjunctive Hybrid MKNF Knowledge Bases,Open Publishing Association,journal-article,,0,18,0,0,0
10.4204/eptcs.364.7,True,,An Iterative Fixpoint Semantics for MKNF Hybrid Knowledge Bases with Function Symbols,Open Publishing Association,journal-article,,0,17,0,0,0
10.4204/eptcs.364.8,True,,Jumping Evaluation of Nested Regular Path Queries,Open Publishing Association,journal-article,,0,0,0,0,0
10.4204/eptcs.364.9,True,,"A Gaze into the Internal Logic of Graph Neural Networks, with Logic",Open Publishing Association,journal-article,,0,20,1,0,0
10.4204/eptcs.385.1,True,,ABA Learning via ASP,Open Publishing Association,journal-article,,0,18,1,0,0
10.4204/eptcs.385.10,True,,On the Potential of CLIP for Compositional Logical Reasoning,Open Publishing Association,journal-article,,0,13,2,0,0
10.4204/eptcs.385.11,True,,Bottom-Up Stratified Probabilistic Logic Programming with Fusemate,Open Publishing Association,journal-article,,0,0,0,0,0
10.4204/eptcs.385.12,True,,Generalizing Level Ranking Constraints for Monotone and Convex Aggregates,Open Publishing Association,journal-article,,0,31,0,0,0
10.4204/eptcs.385.13,True,,Sorting Strategies for Interactive Conflict Resolution in ASP,Open Publishing Association,journal-article,,0,9,0,0,0
10.4204/eptcs.385.14,True,,Inductive Learning of Declarative Domain-Specific Heuristics for ASP,Open Publishing Association,journal-article,,0,0,0,0,0
10.4204/eptcs.385.16,True,,"Solving Recurrence Relations using Machine Learning, with Application to Cost Analysis",Open Publishing Association,journal-article,,0,17,1,0,0
10.4204/eptcs.385.17,True,,On the Independencies Hidden in the Structure of a Probabilistic Logic Program,Open Publishing Association,journal-article,,0,0,0,0,0
10.4204/eptcs.385.18,True,,Understanding ProbLog as Probabilistic Argumentation,Open Publishing Association,journal-article,,0,23,0,0,0
10.4204/eptcs.385.20,True,,On Feasibility of Declarative Diagnosis,Open Publishing Association,journal-article,,0,20,1,0,0
10.4204/eptcs.385.21,True,,Explainable and Trustworthy Traffic Sign Detection for Safe Autonomous Driving: An Inductive Logic Programming Approach,Open Publishing Association,journal-article,,0,28,3,0,0
10.4204/eptcs.385.23,True,,A Logic Programming Approach to Global Logistics in a Co-Design Environment,Open Publishing Association,journal-article,,0,25,1,0,0
10.4204/eptcs.385.24,True,,The Janus System: Multi-paradigm Programming in Prolog and Python,Open Publishing Association,journal-article,,0,16,4,0,0
10.4204/eptcs.385.26,True,,Inferring Compensatory Kinase Networks in Yeast using Prolog,Open Publishing Association,journal-article,,0,12,0,0,0
10.4204/eptcs.385.27,True,,Reliable Natural Language Understanding with Large Language Models and Answer Set Programming,Open Publishing Association,journal-article,,0,0,16,0,0
10.4204/eptcs.385.28,True,,"Leasing the Cloud-Edge Continuum, à la Carte",Open Publishing Association,journal-article,,0,18,0,0,0
10.4204/eptcs.385.3,True,,Benchmarking for Integrating Logic Rules with Everything Else,Open Publishing Association,journal-article,,0,28,0,0,0
10.4204/eptcs.385.33,True,,"Demonstrating (Hybrid) Active Logic Documents and the Ciao Prolog Playground, and an Application to Verification Tutorials",Open Publishing Association,journal-article,,0,10,2,0,0
10.4204/eptcs.385.35,True,,Nemo: First Glimpse of a New Rule Engine,Open Publishing Association,journal-article,,0,13,3,0,0
10.4204/eptcs.385.38,True,,An xAI Approach for Data-to-Text Processing with ASP,Open Publishing Association,journal-article,,0,14,0,0,0
10.4204/eptcs.385.39,True,,Deontic Paradoxes in ASP with Weak Constraints,Open Publishing Association,journal-article,,0,27,5,0,0
10.4204/eptcs.385.5,True,,A Dataflow Analysis for Comparing and Reordering Predicate Arguments,Open Publishing Association,journal-article,,0,28,1,0,0
10.4204/eptcs.385.50,True,,Penalization Framework For Autonomous Agents Using Answer Set Programming,Open Publishing Association,journal-article,,0,10,0,0,0
10.4204/eptcs.385.51,True,,Beyond Traditional Neural Networks: Toward adding Reasoning and Learning Capabilities through Computational Logic Techniques,Open Publishing Association,journal-article,,0,30,1,0,0
10.4204/eptcs.385.52,True,,Explainable Answer-set Programming,Open Publishing Association,journal-article,,0,38,1,0,0
10.4204/eptcs.385.9,True,,Towards One-Shot Learning for Text Classification using Inductive Logic Programming,Open Publishing Association,journal-article,,0,23,0,0,0
10.4204/eptcs.416.1,True,,On LLM-generated Logic Programs and their Inference Execution Methods,Open Publishing Association,journal-article,,0,15,1,0,0
10.4204/eptcs.416.13,True,,Data2Concept2Text: An Explainable Multilingual Framework for Data Analysis Narration,Open Publishing Association,journal-article,,0,21,0,0,0
10.4204/eptcs.416.14,True,,Counterfactual Explanations as Plans,Open Publishing Association,journal-article,,0,43,0,0,0
10.4204/eptcs.416.15,True,,Abduction of Domain Relationships from Data for VQA,Open Publishing Association,journal-article,,0,7,0,0,0
10.4204/eptcs.416.16,True,,"Graphical Conditions for the Existence, Unicity and Number of Regular Models",Open Publishing Association,journal-article,,0,31,0,0,0
10.4204/eptcs.416.17,True,,Efficient OWL2QL Meta-reasoning Using ASP-based Hybrid Knowledge Bases,Open Publishing Association,journal-article,,0,15,1,0,0
10.4204/eptcs.416.19,True,,ASP-driven User-interaction with Clinguin,Open Publishing Association,journal-article,,0,16,3,0,0
10.4204/eptcs.416.2,True,,Visual Graph Question Answering with ASP and LLMs for Language Parsing,Open Publishing Association,journal-article,,0,30,1,0,0
10.4204/eptcs.416.20,True,,A Prolog Program for Bottom-up Evaluation,Open Publishing Association,journal-article,,0,5,0,0,0
10.4204/eptcs.416.21,True,,Regular Typed Unification,Open Publishing Association,journal-article,,0,26,0,0,0
10.4204/eptcs.416.22,True,,Order-Sorted Intensional Logic: Expressing Subtyping Polymorphism with Typing Assertions and Quantification over Concepts,Open Publishing Association,journal-article,,0,10,0,0,0
10.4204/eptcs.416.23,True,,A Coq Formalization of Unification Modulo Exclusive-Or,Open Publishing Association,journal-article,,0,24,0,0,0
10.4204/eptcs.416.24,True,,Geospatial Trajectory Generation via Efficient Abduction: Deployment for Independent Testing,Open Publishing Association,journal-article,,0,29,0,0,0
10.4204/eptcs.416.30,True,,Generating Causally Compliant Counterfactual Explanations using ASP,Open Publishing Association,journal-article,,0,12,2,0,0
10.4204/eptcs.416.32,True,,Computational methods for Dynamic Answer Set Programming,Open Publishing Association,journal-article,,0,49,0,0,0
10.4204/eptcs.416.33,True,,Relating Answer Set Programming and Many-sorted Logics for Formal Verification,Open Publishing Association,journal-article,,0,48,0,0,0
10.4204/eptcs.416.34,True,,Answer Set Counting and its Applications,Open Publishing Association,journal-article,,0,24,0,0,0
10.4204/eptcs.416.35,True,,Logical foundations of Smart Contracts,Open Publishing Association,journal-article,,0,33,0,0,0
10.4204/eptcs.416.36,True,,Commonsense Reasoning-Aided Autonomous Vehicle Systems,Open Publishing Association,journal-article,,0,17,0,0,0
10.4204/eptcs.416.37,True,,A Category-Theoretic Perspective on Approximation Fixpoint Theory,Open Publishing Association,journal-article,,0,32,0,0,0
10.4204/eptcs.416.38,True,,Hybrid Answer Set Programming: Foundations and Applications,Open Publishing Association,journal-article,,0,40,0,0,0
10.4204/eptcs.416.39,True,,Autonomous Task Completion Based on Goal-directed Answer Set Programming,Open Publishing Association,journal-article,,0,13,0,0,0
10.4204/eptcs.416.4,True,,Logical Lease Litigation: Prolog and LLMs for Rental Law Compliance in New York,Open Publishing Association,journal-article,,0,6,0,0,0
10.4204/eptcs.416.40,True,,Early Validation of High-level Requirements on Cyber-Physical Systems,Open Publishing Association,journal-article,,0,20,0,0,0
10.4204/eptcs.416.41,True,,Reliable Conversational Agents under ASP Control that Understand Natural Language,Open Publishing Association,journal-article,,0,16,0,0,0
10.4204/eptcs.416.5,True,,LP-LM: No Hallucinations in Question Answering with Logic Programming,Open Publishing Association,journal-article,,0,14,0,0,0
10.4204/eptcs.416.6,True,,Neuro-Symbolic Contrastive Learning for Cross-domain Inference,Open Publishing Association,journal-article,,0,53,0,0,0
10.4204/eptcs.416.7,True,,Architecture for Simulating Behavior Mode Changes in Norm-Aware Autonomous Agents,Open Publishing Association,journal-article,,0,15,0,0,0
10.4204/eptcs.416.9,True,,"Mind the Gaps: Logical English, Prolog, and Multi-agent Systems for Autonomous Vehicles",Open Publishing Association,journal-article,,0,18,1,0,0
10.4204/eptcs.434.4,True,,Semantic Properties of Computations Defined by Elementary Inference Systems,Open Publishing Association,journal-article,,0,46,0,0,0
10.4204/eptcs.434.5,True,,Theta as a Horn Solver,Open Publishing Association,journal-article,,0,26,0,0,0
10.4204/eptcs.434.6,True,,CHCVerif: A Portfolio-Based Solver for Constrained Horn Clauses,Open Publishing Association,journal-article,,0,29,0,0,0
10.4204/eptcs.439.10,True,,Correcting Autonomous Driving Object Detection Misclassifications with Automated Commonsense Reasoning,Open Publishing Association,journal-article,,0,25,0,0,0
10.4204/eptcs.439.13,True,,A framework for Conditional Reasoning in Answer Set Programming,Open Publishing Association,journal-article,,0,37,0,0,0
10.4204/eptcs.439.15,True,,Defeasible Conditionals using Answer Set Programming,Open Publishing Association,journal-article,,0,27,0,0,0
10.4204/eptcs.439.16,True,,Extracting Policies from Quantified Answer Set Programs,Open Publishing Association,journal-article,,0,22,0,0,0
10.4204/eptcs.439.17,True,,A Simple and Effective ASP-Based Tool for Enumerating Minimal Hitting Sets,Open Publishing Association,journal-article,,0,66,0,0,0
10.4204/eptcs.439.18,True,,Logic Programming with Extensible Types,Open Publishing Association,journal-article,,0,25,0,0,0
10.4204/eptcs.439.19,True,,Fixpoint Semantics for DatalogMTL with Negation,Open Publishing Association,journal-article,,0,31,0,0,0
10.4204/eptcs.439.2,True,,Propositional Abduction via Only-Knowing: A Non-Monotonic Approach,Open Publishing Association,journal-article,,0,22,0,0,0
10.4204/eptcs.439.21,True,,On the Trap Space Semantics of Normal Logic Programs,Open Publishing Association,journal-article,,0,43,0,0,0
10.4204/eptcs.439.22,True,,Reasoning about Medical Triage Optimization with Logic Programming,Open Publishing Association,journal-article,,0,21,0,0,0
10.4204/eptcs.439.23,True,,The ASP-based Nurse Scheduling System at the University of Yamanashi Hospital,Open Publishing Association,journal-article,,0,13,0,0,0
10.4204/eptcs.439.24,True,,Hybrid MKNF for Aeronautics Applications: Usage and Heuristics,Open Publishing Association,journal-article,,0,44,0,0,0
10.4204/eptcs.439.25,True,,An ASP-based Solution to the Medical Appointment Scheduling Problem,Open Publishing Association,journal-article,,0,25,0,0,0
10.4204/eptcs.439.28,True,,"XAI-LAW: A Logic Programming Tool for Modeling, Explaining, and Learning Legal Decisions",Open Publishing Association,journal-article,,0,21,0,0,0
10.4204/eptcs.439.29,True,,Formally Explaining Decision Tree Models with Answer Set Programming,Open Publishing Association,journal-article,,0,23,0,0,0
10.4204/eptcs.439.3,True,,An ASP-Based Framework for MUSes,Open Publishing Association,journal-article,,0,87,0,0,0
10.4204/eptcs.439.30,True,,xDNN(ASP): Explanation Generation System for Deep Neural Networks powered by Answer Set Programming,Open Publishing Association,journal-article,,0,30,0,0,0
10.4204/eptcs.439.31,True,,Implementing the First-Order Logic of Here and There,Open Publishing Association,journal-article,,0,32,0,0,0
10.4204/eptcs.439.33,True,,Investigating the Grounding Bottleneck for a Large-Scale Configuration Problem: Existing Tools and Constraint-Aware Guessing,Open Publishing Association,journal-article,,0,15,0,0,0
10.4204/eptcs.439.34,True,,On Zeno-like Behaviors in the Event Calculus with Goal-directed Answer Set Programming,Open Publishing Association,journal-article,,0,20,0,0,0
10.4204/eptcs.439.35,True,,Inductive First-Order Formula Synthesis by ASP: A Case Study in Invariant Inference,Open Publishing Association,journal-article,,0,28,0,0,0
10.4204/eptcs.439.36,True,,Picat Through the Lens of Advent of Code,Open Publishing Association,journal-article,,0,13,0,0,0
10.4204/eptcs.439.4,True,,Machine Learning Model Integration with Open World Temporal Logic for Process Automation,Open Publishing Association,journal-article,,0,10,1,0,0
10.4204/eptcs.439.5,True,,VERUS-LM: a Versatile Framework for Combining LLMs with Symbolic Reasoning,Open Publishing Association,journal-article,,0,28,2,0,0
10.4204/eptcs.439.6,True,,An LLM + ASP Workflow for Joint Entity-Relation Extraction,Open Publishing Association,journal-article,,0,25,0,0,0
10.4204/eptcs.439.7,True,,VECSR: Virtually Embodied Common Sense Reasoning System,Open Publishing Association,journal-article,,0,22,0,0,0
10.4204/eptcs.439.8,True,,Logic Tensor Network-Enhanced Generative Adversarial Network,Open Publishing Association,journal-article,,0,36,0,0,0
10.4204/eptcs.439.9,True,,Interpretable Hybrid Machine Learning Models Using FOLD-R++ and Answer Set Programming,Open Publishing Association,journal-article,,0,15,1,0,0
10.46298/lmcs-17(3:11)2021,True,,Multimodal Dependent Type Theory,Centre pour la Communication Scientifique Directe (CCSD),journal-article,,0,0,20,1,1
10.46298/lmcs-17(3:20)2021,True,,Successor-Invariant First-Order Logic on Classes of Bounded Degree,Centre pour la Communication Scientifique Directe (CCSD),journal-article,,0,0,1,1,1
10.46298/lmcs-17(3:3)2021,True,,The Complexity of Reachability in Affine Vector Addition Systems with States,Centre pour la Communication Scientifique Directe (CCSD),journal-article,,0,0,1,1,1
10.46298/lmcs-18(1:37)2022,True,,Sequential Relational Decomposition,Centre pour la Communication Scientifique Directe (CCSD),journal-article,,0,0,1,1,1
10.46298/lmcs-18(1:42)2022,True,,"Register Automata with Extrema Constraints, and an Application to Two-Variable Logic",Centre pour la Communication Scientifique Directe (CCSD),journal-article,,0,0,1,1,1
10.46298/lmcs-18(3:6)2022,True,,Fusible numbers and Peano Arithmetic,Centre pour la Communication Scientifique Directe (CCSD),journal-article,,0,0,0,1,1
10.46298/lmcs-20(2:9)2024,True,,The Pebble-Relation Comonad in Finite Model Theory,Centre pour la Communication Scientifique Directe (CCSD),journal-article,,0,0,0,0,1
10.46298/lmcs-21(1:10)2025,True,,Multi-Structural Games and Number of Quantifiers,Centre pour la Communication Scientifique Directe (CCSD),journal-article,,0,0,0,0,1
10.46298/lmcs-21(3:25)2025,True,,Extensional and Non-extensional Functions as Processes,Centre pour la Communication Scientifique Directe (CCSD),journal-article,,0,0,0,3,1
10.46298/lmcs-21(3:3)2025,True,,The Big-O Problem for Max-Plus Automata is Decidable (PSPACE-Complete),Centre pour la Communication Scientifique Directe (CCSD),journal-article,,0,0,0,0,1
10.46298/lmcs-21(4:18)2025,True,,Computational expressivity of (circular) proofs with fixed points,Centre pour la Communication Scientifique Directe (CCSD),journal-article,,0,0,0,0,1
10.46298/lmcs-21(4:2)2025,True,,MSO Queries on Trees: Enumerating Answers under Updates Using Forest Algebras,Centre pour la Communication Scientifique Directe (CCSD),journal-article,,0,0,0,0,1
10.46298/theoretics.23.3,True,,Characterizing Positionality in Games of Infinite Duration over Infinite Graphs,Centre pour la Communication Scientifique Directe (CCSD),journal-article,,0,0,1,1,1
10.46298/theoretics.24.25,True,,The Descriptive Complexity of Graph Neural Networks,Centre pour la Communication Scientifique Directe (CCSD),journal-article,,0,0,0,0,1
10.46298/theoretics.25.1,True,,Finite-valued Streaming String Transducers,Centre pour la Communication Scientifique Directe (CCSD),journal-article,,0,0,0,3,1
10.55245/energeia.2025.01,True,,Introduction,Energeia,journal-article,,0,0,0,1,0
