doi_norm,openalex_found,openalex_error,openalex_id,openalex_title,openalex_year,cited_by_count,referenced_works_count,fwci,is_retracted
10.1007/978-1-4757-3452-2_14,True,,https://openalex.org/W4247588691,Syllogistic Tableaux,2001.0,0.0,0.0,0.0,False
10.1007/978-3-030-20528-7_1,True,,https://openalex.org/W2946766242,Train Scheduling with Hybrid ASP,2019.0,32.0,15.0,7.7335,False
10.1007/978-3-030-20528-7_11,True,,https://openalex.org/W2915453592,Founded World Views with Autoepistemic Equilibrium Logic,2019.0,14.0,28.0,3.3052,False
10.1007/978-3-030-20528-7_13,True,,https://openalex.org/W2945669152,"A Sequent-Type Calculus for Three-Valued Default Logic, Or: Tweety Meets Quartum Non Datur",2019.0,1.0,34.0,0.2754,False
10.1007/978-3-030-20528-7_15,True,,https://openalex.org/W2944853547,Repair-Based Degrees of Database Inconsistency,2019.0,18.0,36.0,3.5805,False
10.1007/978-3-030-20528-7_2,True,,https://openalex.org/W2946419582,Telco Network Inventory Validation with NoHR,2019.0,3.0,21.0,1.3649,False
10.1007/978-3-030-20528-7_20,True,,https://openalex.org/W2945261847,Verifying Strong Equivalence of Programs in the Input Language of gringo,2019.0,20.0,11.0,2.7542,False
10.1007/978-3-030-20528-7_21,True,,https://openalex.org/W2945270526,The Return of xorro,2019.0,5.0,23.0,1.1017,False
10.1007/978-3-030-20528-7_22,True,,https://openalex.org/W3125507995,Degrees of Laziness in Grounding,2019.0,3.0,30.0,0.8263,False
10.1007/978-3-030-20528-7_25,True,,https://openalex.org/W2945315430,Declarative Local Search for Predicate Logic,2019.0,2.0,12.0,0.2756,False
10.1007/978-3-030-20528-7_3,True,,https://openalex.org/W2943538292,An ASP-Based Framework for the Manipulation of Articulated Objects Using Dual-Arm Robots,2019.0,3.0,34.0,0.8263,False
10.1007/978-3-030-20528-7_4,True,,https://openalex.org/W2945038147,C-ASP: Continuous ASP-Based Reasoning over RDF Streams,2019.0,7.0,9.0,0.8263,False
10.1007/978-3-030-20528-7_5,True,,https://openalex.org/W2945125502,Internet Routing and Non-monotonic Reasoning,2019.0,1.0,7.0,0.0,False
10.1007/978-3-030-20528-7_6,True,,https://openalex.org/W2946437219,Assessing Arguments with Schemes and Fallacies,2019.0,1.0,31.0,0.0,False
10.1007/978-3-030-20528-7_8,True,,https://openalex.org/W2945085690,Argumentation-Based Explanations for Answer Sets Using ADF,2019.0,4.0,16.0,0.8263,False
10.1007/978-3-030-20528-7_9,True,,https://openalex.org/W2924142368,Treewidth and Counting Projected Answer Sets,2019.0,18.0,23.0,3.8588,False
10.1007/978-3-030-25540-4_10,True,,https://openalex.org/W2913967299,Security-Aware Synthesis Using Delayed-Action Games,2019.0,0.0,33.0,0.0,False
10.1007/978-3-030-25540-4_11,True,,https://openalex.org/W2962297646,Automated Hypersafety Verification,2019.0,40.0,36.0,4.7287,False
10.1007/978-3-030-25540-4_12,True,,https://openalex.org/W2966157352,Automated Synthesis of Secure Platform Mappings,2019.0,6.0,46.0,0.5508,False
10.1007/978-3-030-25540-4_13,True,,https://openalex.org/W2961049340,Synthesizing Approximate Implementations for Unrealizable Specifications,2019.0,3.0,16.0,1.4673,False
10.1007/978-3-030-25540-4_14,True,,https://openalex.org/W2960656136,Quantified Invariants via Syntax-Guided Synthesis,2019.0,56.0,44.0,17.1143,False
10.1007/978-3-030-25540-4_16,True,,https://openalex.org/W2958210738,Membership-Based Synthesis of Linear Hybrid Automata,2019.0,20.0,23.0,7.8263,False
10.1007/978-3-030-25540-4_19,True,,https://openalex.org/W2956182160,BMC for Weak Memory Models: Relation Analysis for Compact SMT Encodings,2019.0,51.0,29.0,10.2697,False
10.1007/978-3-030-25540-4_21,True,,https://openalex.org/W2958068121,Extending nuXmv with Timed Transition Systems and Timed Temporal Properties,2019.0,28.0,27.0,7.8245,False
10.1007/978-3-030-25540-4_22,True,,https://openalex.org/W2959059456,Cerberus-BMC: A Principled Reference Semantics and Exploration Tool for Concurrent and Sequential C,2019.0,10.0,34.0,3.4698,False
10.1007/978-3-030-25540-4_23,True,,https://openalex.org/W2956449613,Multi-armed Bandits for Boolean Connectives in Hybrid System Falsification,2019.0,30.0,44.0,5.5085,False
10.1007/978-3-030-25540-4_24,True,,https://openalex.org/W2961558634,StreamLAB: Stream-based Monitoring of Cyber-Physical Systems,2019.0,77.0,23.0,23.4788,False
10.1007/978-3-030-25540-4_25,True,,https://openalex.org/W2965660219,VerifAI: A Toolkit for the Formal Design and Analysis of Artificial Intelligence-Based Systems,2019.0,189.0,24.0,26.7186,False
10.1007/978-3-030-25540-4_26,True,,https://openalex.org/W2957311447,The Marabou Framework for Verification and Analysis of Deep Neural Networks,2019.0,475.0,22.0,59.5005,False
10.1007/978-3-030-25540-4_27,True,,https://openalex.org/W2959774828,Probabilistic Bisimulation for Parameterized Systems,2019.0,11.0,56.0,2.9345,False
10.1007/978-3-030-25540-4_29,True,,https://openalex.org/W2943876157,PAC Statistical Model Checking for Markov Decision Processes and Stochastic Games,2019.0,50.0,80.0,12.7162,False
10.1007/978-3-030-25540-4_3,True,,https://openalex.org/W2965049185,Fast Algorithms for Handling Diagonal Constraints in Timed Automata,2019.0,12.0,33.0,3.9131,False
10.1007/978-3-030-25540-4_30,True,,https://openalex.org/W2957290330,Symbolic Monitoring Against Specifications Parametric in Time and Data,2019.0,9.0,40.0,3.1844,False
10.1007/978-3-030-25540-4_31,True,,https://openalex.org/W2965187938,STAMINA: STochastic Approximate Model-Checker for INfinite-State Analysis,2019.0,15.0,24.0,4.8898,False
10.1007/978-3-030-25540-4_33,True,,https://openalex.org/W2959401911,Robust Controller Synthesis in Timed Büchi Automata: A Symbolic Approach,2019.0,3.0,32.0,0.9782,False
10.1007/978-3-030-25540-4_34,True,,https://openalex.org/W2946709761,Flexible Computational Pipelines for Robust Abstraction-Based Control Synthesis,2019.0,0.0,24.0,0.0,False
10.1007/978-3-030-25540-4_35,True,,https://openalex.org/W2947784983,Temporal Stream Logic: Synthesis Beyond the Bools,2019.0,30.0,54.0,5.3794,False
10.1007/978-3-030-25540-4_36,True,,https://openalex.org/W2962295100,Run-Time Optimization for Learned Controllers Through Quantitative Games,2019.0,36.0,49.0,12.7162,False
10.1007/978-3-030-25540-4_37,True,,https://openalex.org/W2960231273,Taming Delays in Dynamical Systems,2019.0,14.0,49.0,2.9175,False
10.1007/978-3-030-25540-4_4,True,,https://openalex.org/W2962398095,Safety and Co-safety Comparator Automata for Discounted-Sum Inclusion,2019.0,7.0,42.0,2.4454,False
10.1007/978-3-030-25540-4_5,True,,https://openalex.org/W2961481235,Clock Bound Repair for Timed Systems,2019.0,13.0,31.0,5.8684,False
10.1007/978-3-030-25540-4_6,True,,https://openalex.org/W2965154247,Verifying Asynchronous Interactions via Communicating Session Automata,2019.0,34.0,68.0,5.5087,False
10.1007/978-3-030-25540-4_7,True,,https://openalex.org/W3024763028,Verifying Hyperliveness,2019.0,63.0,34.0,8.5384,False
10.1007/978-3-030-25540-4_8,True,,https://openalex.org/W2952304644,Quantitative Mitigation of Timing Side Channels,2019.0,4.0,46.0,0.8263,False
10.1007/978-3-030-25543-5_10,True,,https://openalex.org/W2956766610,Icing: Supporting Fast-Math Style Optimizations in a Verified Compiler,2019.0,3.0,44.0,1.468,False
10.1007/978-3-030-25543-5_11,True,,https://openalex.org/W2900910637,Sound Approximation of Programs with Elementary Functions,2019.0,0.0,32.0,0.0,False
10.1007/978-3-030-25543-5_13,True,,https://openalex.org/W2957876159,SecCSL: Security Concurrent Separation Logic,2019.0,29.0,50.0,4.729,False
10.1007/978-3-030-25543-5_15,True,,https://openalex.org/W2945417309,Verification of Threshold-Based Distributed Algorithms by Decomposition to Decidable Logics,2019.0,28.0,48.0,7.7335,False
10.1007/978-3-030-25543-5_17,True,,https://openalex.org/W2945152208,Checking Robustness Against Snapshot Isolation,2019.0,4.0,22.0,0.9099,False
10.1007/978-3-030-25543-5_18,True,,https://openalex.org/W2957285558,Efficient Verification of Network Fault Tolerance via Counterexample-Guided Refinement,2019.0,16.0,24.0,7.2801,False
10.1007/978-3-030-25543-5_19,True,,https://openalex.org/W2959051731,On the Complexity of Checking Consistency for Replicated Data Types,2019.0,3.0,38.0,0.4549,False
10.1007/978-3-030-25543-5_2,True,,https://openalex.org/W2959755401,High-Level Abstractions for Simplifying Extended String Constraints in SMT,2019.0,15.0,24.0,3.2108,False
10.1007/978-3-030-25543-5_22,True,,https://openalex.org/W2960694955,Verifying Asynchronous Event-Driven Programs Using Partial Abstract Transformers,2019.0,6.0,35.0,1.9561,False
10.1007/978-3-030-25543-5_23,True,,https://openalex.org/W2945694234,Inferring Inductive Invariants from Phase Structures,2019.0,0.0,62.0,0.0,False
10.1007/978-3-030-25543-5_24,True,,https://openalex.org/W2944829419,Termination of Triangular Integer Loops is Decidable,2019.0,0.0,15.0,0.0,False
10.1007/978-3-030-25543-5_25,True,,https://openalex.org/W2957284992,AliveInLean: A Verified LLVM Peephole Optimization Verifier,2019.0,6.0,26.0,1.1017,False
10.1007/978-3-030-25543-5_26,True,,https://openalex.org/W2946388133,Automated Parameterized Verification of CRDTs,2019.0,0.0,24.0,0.0,False
10.1007/978-3-030-25543-5_28,True,,https://openalex.org/W2959777056,Integrating Formal Schedulability Analysis into a Verified OS Kernel,2019.0,15.0,35.0,4.898,False
10.1007/978-3-030-25543-5_29,True,,https://openalex.org/W2957647215,Rely-Guarantee Reasoning About Concurrent Memory Management in Zephyr RTOS,2019.0,11.0,24.0,1.928,False
10.1007/978-3-030-25543-5_3,True,,https://openalex.org/W2956811947,Alternating Automata Modulo First Order Theories,2019.0,2.0,23.0,0.0,False
10.1007/978-3-030-25543-5_30,True,,https://openalex.org/W2962175388,Violat: Generating Tests of Observational Refinement for Concurrent Objects,2019.0,7.0,52.0,1.0182,False
10.1007/978-3-030-25543-5_4,True,,https://openalex.org/W2959756750,Q3B: An Efficient BDD-based SMT Solver for Quantified Bit-Vectors,2019.0,8.0,21.0,1.9561,False
10.1007/978-3-030-25543-5_5,True,,https://openalex.org/W2956992268,cvc4sy: Smart and Fast Term Enumeration for Syntax-Guided Synthesis,2019.0,66.0,18.0,23.1318,False
10.1007/978-3-030-25543-5_6,True,,https://openalex.org/W2947778039,Incremental Determinization for Quantifier Elimination and Functional Synthesis,2019.0,13.0,39.0,4.1733,False
10.1007/978-3-030-25543-5_7,True,,https://openalex.org/W2956274457,Loop Summarization with Rational Vector Addition Systems,2019.0,26.0,25.0,8.6744,False
10.1007/978-3-030-25543-5_8,True,,https://openalex.org/W2958011253,Invertibility Conditions for Floating-Point Formulas,2019.0,6.0,30.0,1.9559,False
10.1007/978-3-030-25543-5_9,True,,https://openalex.org/W2962017367,Numerically-Robust Inductive Proof Rules for Continuous Dynamical Systems,2019.0,17.0,35.0,4.8903,False
10.1007/978-3-030-28423-7_1,True,,https://openalex.org/W2965778484,"Trust, Resilience and Interpretability of AI Models",2019.0,7.0,60.0,1.3782,False
10.1007/978-3-030-28423-7_3,True,,https://openalex.org/W2966679149,An Evaluation of Monte-Carlo Tree Search for Property Falsification on Hybrid Flight Control Laws,2019.0,8.0,19.0,2.9432,False
10.1007/978-3-030-28423-7_4,True,,https://openalex.org/W2964507993,Rigorous Continuous Evolution of Uncertain Systems,2019.0,1.0,22.0,0.6934,False
10.1007/978-3-030-28423-7_5,True,,https://openalex.org/W2964850970,Stochastic Local Search for Solving Floating-Point Constraints,2019.0,2.0,12.0,0.9098,False
10.1007/978-3-030-28423-7_6,True,,https://openalex.org/W2966554145,Evaluating Branching Heuristics in Interval Constraint Propagation for Satisfiability,2019.0,3.0,21.0,0.9098,False
10.1007/978-3-030-28423-7_7,True,,https://openalex.org/W2966088204,Approximate Probabilistic Relations for Compositional Abstractions of Stochastic Systems,2019.0,4.0,25.0,0.9811,False
10.1007/978-3-030-28423-7_8,True,,https://openalex.org/W2966260136,Polytopic Trees for Verification of Learning-Based Controllers,2019.0,1.0,35.0,0.2756,False
10.1007/978-3-030-28423-7_9,True,,https://openalex.org/W2964374341,Mutant Accuracy Testing for Assessing the Implementation of Numerical Algorithms,2019.0,0.0,15.0,0.0,False
10.1007/978-3-030-34621-8_8,True,,https://openalex.org/W2978345276,Sponges Resist Leakage: The Case of Authenticated Encryption,2019.0,6.0,18.0,0.8269,False
10.1007/978-3-030-37446-4_1,True,,https://openalex.org/W2996849206,A Practical Exercise on Re-engineering Clinical Guideline Models Using Different Representation Languages,2019.0,1.0,14.0,1.5937,False
10.1007/978-3-030-37446-4_11,True,,https://openalex.org/W2998413740,A Computational Framework for Interpretable Anomaly Detection and Classification of Multivariate Time Series with Application to Human Gait Data Analysis,2019.0,16.0,36.0,3.5708,False
10.1007/978-3-030-37446-4_12,True,,https://openalex.org/W2996950813,Self-organizing Maps Using Acoustic Features for Prediction of State Change in Bipolar Disorder,2019.0,12.0,21.0,5.0044,False
10.1007/978-3-030-37446-4_13,True,,https://openalex.org/W2998090843,Explainable Machine Learning for Modeling of Early Postoperative Mortality in Lung Cancer,2019.0,5.0,15.0,0.8263,False
10.1007/978-3-030-37446-4_2,True,,https://openalex.org/W2998140609,A Method for Goal-Oriented Guideline Modeling in PROforma and Its Preliminary Evaluation,2019.0,4.0,8.0,1.9263,False
10.1007/978-3-030-37446-4_3,True,,https://openalex.org/W2998068652,Differential Diagnosis of Bacterial and Viral Meningitis Using Dominance-Based Rough Set Approach,2019.0,2.0,23.0,0.978,False
10.1007/978-3-030-37446-4_4,True,,https://openalex.org/W2998044238,Modelling ICU Patients to Improve Care Requirements and Outcome Prediction of Acute Respiratory Distress Syndrome: A Supervised Learning Approach,2019.0,2.0,21.0,2.0544,False
10.1007/978-3-030-37446-4_6,True,,https://openalex.org/W2997791542,Towards Understanding ICU Treatments Using Patient Health Trajectories,2019.0,0.0,34.0,0.0,False
10.1007/978-3-030-37446-4_7,True,,https://openalex.org/W2997978479,An Explainable Approach of Inferring Potential Medication Effects from Social Media Data,2019.0,1.0,14.0,0.0,False
10.1007/978-3-030-37446-4_8,True,,https://openalex.org/W2997268716,Exploring Antimicrobial Resistance Prediction Using Post-hoc Interpretable Methods,2019.0,4.0,30.0,0.5508,False
10.1007/978-3-030-37446-4_9,True,,https://openalex.org/W2996764908,Local vs. Global Interpretability of Machine Learning Models in Type 2 Diabetes Mellitus Screening,2019.0,32.0,33.0,5.2331,False
10.1007/978-3-030-53288-8_1,True,,https://openalex.org/W3015969399,NNV: The Neural Network Verification Tool for Deep Neural Networks and Learning-Enabled Cyber-Physical Systems,2020.0,30.0,65.0,7.6998,False
10.1007/978-3-030-53288-8_10,True,,https://openalex.org/W3042306937,Synthesis of Super-Optimized Smart Contracts Using Max-SMT,2020.0,29.0,19.0,7.8008,False
10.1007/978-3-030-53288-8_11,True,,https://openalex.org/W3022107419,Verification of Quantitative Hyperproperties Using Trace Enumeration Relations,2020.0,1.0,62.0,0.275,False
10.1007/978-3-030-53288-8_12,True,,https://openalex.org/W3021610183,Validation of Abstract Side-Channel Models for Computer Architectures,2020.0,2.0,39.0,0.275,False
10.1007/978-3-030-53288-8_13,True,,https://openalex.org/W3017394600,"Semantics, Specification, and Bounded Verification of Concurrent Libraries in Replicated Systems",2020.0,0.0,40.0,0.0,False
10.1007/978-3-030-53288-8_15,True,,https://openalex.org/W3043232031,Parameterized Verification of Systems with Global Synchronization and Guards,2020.0,11.0,65.0,4.8237,False
10.1007/978-3-030-53288-8_16,True,,https://openalex.org/W3042319093,Hampa: Solver-Aided Recency-Aware Replication,2020.0,6.0,65.0,1.7194,False
10.1007/978-3-030-53288-8_17,True,,https://openalex.org/W3043007004,Root Causing Linearizability Violations,2020.0,4.0,55.0,1.1463,False
10.1007/978-3-030-53288-8_18,True,,https://openalex.org/W3024549290,Symbolic Partial-Order Execution for Testing Multi-Threaded Programs,2020.0,12.0,43.0,3.3995,False
10.1007/978-3-030-53288-8_19,True,,https://openalex.org/W3035917248,fault: A Python Embedded Domain-Specific Language for Metaprogramming Portable Hardware Verification Components,2020.0,1.0,12.0,0.0,False
10.1007/978-3-030-53288-8_2,True,,https://openalex.org/W3015401978,Verification of Deep Convolutional Neural Networks Using ImageStars,2020.0,8.0,60.0,1.925,False
10.1007/978-3-030-53288-8_20,True,,https://openalex.org/W3046796804,Nonlinear Craig Interpolant Generation,2020.0,14.0,43.0,3.6188,False
10.1007/978-3-030-53288-8_22,True,,https://openalex.org/W3043665946,"Tinted, Detached, and Lazy CNF-XOR Solving and Its Applications to Counting and Sampling",2020.0,97.0,25.0,56.4135,False
10.1007/978-3-030-53288-8_23,True,,https://openalex.org/W3043296681,Automated and Scalable Verification of Integer Multipliers,2020.0,28.0,33.0,13.5478,False
10.1007/978-3-030-53288-8_24,True,,https://openalex.org/W3042349892,Interpolation-Based Semantic Gate Extraction and Its Applications to QBF Preprocessing,2020.0,10.0,53.0,5.4266,False
10.1007/978-3-030-53288-8_25,True,,https://openalex.org/W3046404672,TarTar: A Timed Automata Repair Tool,2020.0,7.0,16.0,1.9403,False
10.1007/978-3-030-53288-8_26,True,,https://openalex.org/W3046601586,SAW: A Tool for Safety Analysis of Weakly-Hard Systems,2020.0,17.0,33.0,10.7184,False
10.1007/978-3-030-53288-8_27,True,,https://openalex.org/W3003250229,PIRK: Scalable Interval Reachability Analysis for High-Dimensional Nonlinear Systems,2020.0,2.0,34.0,1.2059,False
10.1007/978-3-030-53288-8_28,True,,https://openalex.org/W3043749166,AEON: Attractor Bifurcation Analysis of Parametrised Boolean Networks,2020.0,27.0,40.0,6.7097,False
10.1007/978-3-030-53288-8_29,True,,https://openalex.org/W3042952022,A Novel Approach for Solving the BMI Problem in Barrier Certificates Generation,2020.0,8.0,38.0,1.8094,False
10.1007/978-3-030-53288-8_30,True,,https://openalex.org/W3042780501,Reachability Analysis Using Message Passing over Tree Decompositions,2020.0,6.0,44.0,1.1001,False
10.1007/978-3-030-53288-8_32,True,,https://openalex.org/W3043024808,SeQuaiA: A Scalable Tool for Semi-Quantitative Analysis of Chemical Reaction Networks,2020.0,4.0,38.0,0.7894,False
10.1007/978-3-030-53288-8_4,True,,https://openalex.org/W3043655933,Improved Geometric Path Enumeration for Verifying ReLU Neural Networks,2020.0,81.0,30.0,14.2997,False
10.1007/978-3-030-53288-8_5,True,,https://openalex.org/W3043641198,Systematic Generation of Diverse Benchmarks for DNN Verification,2020.0,10.0,61.0,1.0999,False
10.1007/978-3-030-53288-8_6,True,,https://openalex.org/W3025668533,Formal Analysis and Redesign of a Neural Network-Based Aircraft Taxiing System with VerifAI,2020.0,3.0,17.0,0.825,False
10.1007/978-3-030-53291-8_1,True,,https://openalex.org/W3023360888,Automata Tutor v3,2020.0,15.0,7.0,3.4401,False
10.1007/978-3-030-53291-8_10,True,,https://openalex.org/W3043762393,MetaVal: Witness Validation via Verification,2020.0,30.0,43.0,8.2462,False
10.1007/978-3-030-53291-8_12,True,,https://openalex.org/W3043774277,Ivy: A Multi-modal Verification Tool for Distributed Algorithms,2020.0,45.0,31.0,15.074,False
10.1007/978-3-030-53291-8_13,True,,https://openalex.org/W3043523855,Reasoning over Permissions Regions in Concurrent Separation Logic,2020.0,8.0,41.0,1.65,False
10.1007/978-3-030-53291-8_14,True,,https://openalex.org/W3043626952,Local Reasoning About the Presence of Bugs: Incorrectness Separation Logic,2020.0,69.0,54.0,19.4258,False
10.1007/978-3-030-53291-8_15,True,,https://openalex.org/W3025937242,Maximum Causal Entropy Specification Inference from Demonstrations,2020.0,2.0,34.0,0.55,False
10.1007/978-3-030-53291-8_16,True,,https://openalex.org/W3042912077,Certifying Certainty and Uncertainty in Approximate Membership Query Structures,2020.0,9.0,44.0,2.2923,False
10.1007/978-3-030-53291-8_18,True,,https://openalex.org/W3043808265,Unbounded-Time Safety Verification of Stochastic Differential Dynamics,2020.0,10.0,46.0,5.7895,False
10.1007/978-3-030-53291-8_19,True,,https://openalex.org/W3042786446,Widest Paths and Global Propagation in Bounded Value Iteration for Stochastic Games,2020.0,9.0,21.0,2.4118,False
10.1007/978-3-030-53291-8_2,True,,https://openalex.org/W3042859643,Seminator 2 Can Complement Generalized Büchi Automata via Improved Semi-determinization,2020.0,10.0,34.0,4.2214,False
10.1007/978-3-030-53291-8_20,True,,https://openalex.org/W3021019922,Checking Qualitative Liveness Properties of Replicated Systems with Stochastic Scheduling,2020.0,0.0,69.0,0.0,False
10.1007/978-3-030-53291-8_21,True,,https://openalex.org/W3021943918,Stochastic Games with Lexicographic Reachability-Safety Objectives,2020.0,1.0,50.0,0.603,False
10.1007/978-3-030-53291-8_23,True,,https://openalex.org/W3042752254,STMC: Statistical Model Checker with Stratified and Antithetic Sampling,2020.0,0.0,29.0,0.0,False
10.1007/978-3-030-53291-8_25,True,,https://openalex.org/W3042980517,"PRISM-games 3.0: Stochastic Game Verification with Concurrency, Equilibria and Time",2020.0,64.0,33.0,25.9346,False
10.1007/978-3-030-53291-8_27,True,,https://openalex.org/W3023167533,PrIC3: Property Directed Reachability for MDPs,2020.0,0.0,59.0,0.0,False
10.1007/978-3-030-53291-8_29,True,,https://openalex.org/W3042778520,Synthesizing JIT Compilers for In-Kernel DSLs,2020.0,24.0,41.0,4.1249,False
10.1007/978-3-030-53291-8_3,True,,https://openalex.org/W3016768049,RTLola Cleared for Take-Off: Monitoring Autonomous Aircraft,2020.0,3.0,23.0,1.2059,False
10.1007/978-3-030-53291-8_30,True,,https://openalex.org/W3043557120,Program Synthesis Using Deduction-Guided Reinforcement Learning,2020.0,30.0,67.0,8.2597,False
10.1007/978-3-030-53291-8_31,True,,https://openalex.org/W3024623690,Manthan: A Data-Driven Approach for Boolean Function Synthesis,2020.0,2.0,48.0,0.4589,False
10.1007/978-3-030-53291-8_32,True,,https://openalex.org/W2981812091,Decidable Synthesis of Programs with Uninterpreted Functions,2020.0,7.0,51.0,1.6499,False
10.1007/978-3-030-53291-8_33,True,,https://openalex.org/W3042730451,Must Fault Localization for Program Repair,2020.0,14.0,50.0,3.8806,False
10.1007/978-3-030-53291-8_5,True,,https://openalex.org/W3043546341,AdamMC: A Model Checker for Petri Nets with Transits against Flow-LTL,2020.0,16.0,30.0,9.1701,False
10.1007/978-3-030-53291-8_6,True,,https://openalex.org/W3042976276,"Action-Based Model Checking: Logic, Automata, and Reduction",2020.0,4.0,36.0,1.8089,False
10.1007/978-3-030-53291-8_8,True,,https://openalex.org/W3019524286,Towards Model Checking Real-World Software-Defined Networks,2020.0,1.0,41.0,0.5731,False
10.1007/978-3-030-53291-8_9,True,,https://openalex.org/W3042261571,Code2Inv: A Deep Learning Framework for Program Verification,2020.0,36.0,42.0,2.7499,False
10.1007/978-3-030-81685-8_10,True,,https://openalex.org/W3169913694,Scalable Polyhedral Verification of Recurrent Neural Networks,2021.0,4.0,52.0,1.0759,False
10.1007/978-3-030-81685-8_11,True,,https://openalex.org/W3184441520,Verisig 2.0: Verification of Neural Network Controllers Using Taylor Model Preconditioning,2021.0,56.0,32.0,15.7951,False
10.1007/978-3-030-81685-8_12,True,,https://openalex.org/W3186627997,Robustness Verification of Semantic Segmentation Neural Networks Using Relaxed Reachability,2021.0,37.0,39.0,10.0531,False
10.1007/978-3-030-81685-8_13,True,,https://openalex.org/W3153937568,PEREGRiNN: Penalized-Relaxation Greedy Neural Network Verifier,2021.0,3.0,38.0,1.0769,False
10.1007/978-3-030-81685-8_16,True,,https://openalex.org/W3163037750,Stateless Model Checking Under a Reads-Value-From Equivalence,2021.0,0.0,38.0,0.0,False
10.1007/978-3-030-81685-8_18,True,,https://openalex.org/W3184791836,Delay-Bounded Scheduling Without Delay!,2021.0,1.0,26.0,0.5451,False
10.1007/978-3-030-81685-8_19,True,,https://openalex.org/W3186710384,"Checking Data-Race Freedom of GPU Kernels, Compositionally",2021.0,16.0,43.0,6.6776,False
10.1007/978-3-030-81685-8_2,True,,https://openalex.org/W3186572156,Balancing Automation and Control for Formal Verification of Microprocessors,2021.0,5.0,30.0,1.5128,False
10.1007/978-3-030-81685-8_20,True,,https://openalex.org/W3186074728,GenMC: A Model Checker for Weak Memory Models,2021.0,44.0,43.0,21.5168,False
10.1007/978-3-030-81685-8_21,True,,https://openalex.org/W3185235159,Synthesizing Invariant Barrier Certificates via Difference-of-Convex Programming,2021.0,15.0,55.0,6.5423,False
10.1007/978-3-030-81685-8_22,True,,https://openalex.org/W3185438801,An Iterative Scheme of Safe Reinforcement Learning for Nonlinear Systems via Barrier Certificate Generation,2021.0,12.0,34.0,3.2314,False
10.1007/978-3-030-81685-8_24,True,,https://openalex.org/W3183793525,Computing Bottom SCCs Symbolically Using Transition Guided Reduction,2021.0,12.0,68.0,5.6267,False
10.1007/978-3-030-81685-8_25,True,,https://openalex.org/W3186194270,Implicit Semi-Algebraic Abstraction for Polynomial Dynamical Systems,2021.0,3.0,34.0,1.6354,False
10.1007/978-3-030-81685-8_26,True,,https://openalex.org/W3183267604,IMITATOR 3: Synthesis of Timing Parameters Beyond Decidability,2021.0,39.0,53.0,17.9914,False
10.1007/978-3-030-81685-8_27,True,,https://openalex.org/W3185891392,Formally Verified Switching Logic for Recoverability of Aircraft Controller,2021.0,1.0,44.0,0.359,False
10.1007/978-3-030-81685-8_29,True,,https://openalex.org/W3184919107,Effective Hybrid System Falsification Using Monte Carlo Tree Search Guided by QB-Robustness,2021.0,35.0,42.0,13.0834,False
10.1007/978-3-030-81685-8_30,True,,https://openalex.org/W3184529758,Fast Zone-Based Algorithms for Reachability in Pushdown Timed Automata,2021.0,7.0,31.0,3.2709,False
10.1007/978-3-030-81685-8_31,True,,https://openalex.org/W3174754599,Verified Cryptographic Code for Everybody,2021.0,7.0,15.0,2.7258,False
10.1007/978-3-030-81685-8_32,True,,https://openalex.org/W3187071876,"Not All Bugs Are Created Equal, But Robust Reachability Can Tell the Difference",2021.0,10.0,41.0,4.1576,False
10.1007/978-3-030-81685-8_33,True,,https://openalex.org/W3159133453,A Temporal Logic for Asynchronous Hyperproperties,2021.0,2.0,28.0,0.359,False
10.1007/978-3-030-81685-8_34,True,,https://openalex.org/W3184432289,Product Programs in the Wild: Retrofitting Program Verifiers to Check Information Flow Security,2021.0,6.0,51.0,1.4361,False
10.1007/978-3-030-81685-8_36,True,,https://openalex.org/W3184529109,Pre-deployment Security Assessment for Cloud Services Through Semantic Reasoning,2021.0,16.0,29.0,6.553,False
10.1007/978-3-030-81685-8_37,True,,https://openalex.org/W3186139944,Synthesis with Asymptotic Resource Bounds,2021.0,5.0,24.0,2.7257,False
10.1007/978-3-030-81685-8_38,True,,https://openalex.org/W3184758693,Program Sketching by Automatically Generating Mocks from Tests,2021.0,3.0,33.0,1.557,False
10.1007/978-3-030-81685-8_39,True,,https://openalex.org/W3185895498,Counterexample-Guided Partial Bounding for Recursive Function Synthesis,2021.0,13.0,38.0,5.0427,False
10.1007/978-3-030-81685-8_40,True,,https://openalex.org/W3185435504,PAYNT: A Tool for Inductive Synthesis of Probabilistic Programs,2021.0,18.0,46.0,6.5417,False
10.1007/978-3-030-81685-8_41,True,,https://openalex.org/W3184451432,Adapting Behaviors via Reactive Synthesis,2021.0,5.0,43.0,1.6354,False
10.1007/978-3-030-81685-8_5,True,,https://openalex.org/W3183258024,"Deductive Synthesis of Programs with Pointers: Techniques, Challenges, Opportunities",2021.0,5.0,118.0,1.6354,False
10.1007/978-3-030-81685-8_6,True,,https://openalex.org/W3165351503,DNNV: A Framework for Deep Neural Network Verification,2021.0,0.0,39.0,0.0,False
10.1007/978-3-030-81685-8_7,True,,https://openalex.org/W3169231649,Robustness Verification of Quantum Classifiers,2021.0,38.0,63.0,6.8217,False
10.1007/978-3-030-81685-8_8,True,,https://openalex.org/W3183549096,BDD4BNN: A BDD-Based Quantitative Analysis Framework for Binarized Neural Networks,2021.0,26.0,50.0,7.8989,False
10.1007/978-3-030-81685-8_9,True,,https://openalex.org/W3185700666,Automated Safety Verification of Programs Invoking Neural Networks,2021.0,10.0,73.0,3.5904,False
10.1007/978-3-030-81688-9_10,True,,https://openalex.org/W3186288550,Efficient SMT-Based Analysis of Failure Propagation,2021.0,4.0,16.0,3.1796,False
10.1007/978-3-030-81688-9_11,True,,https://openalex.org/W3183556021,ddSMT 2.0: Better Delta Debugging for the SMT-LIBv2 Language and Friends,2021.0,18.0,14.0,5.7091,False
10.1007/978-3-030-81688-9_12,True,,https://openalex.org/W3186357476,Learning Union of Integer Hypercubes with Queries,2021.0,1.0,31.0,0.359,False
10.1007/978-3-030-81688-9_13,True,,https://openalex.org/W3171882411,Interpolation and Model Checking for Nonlinear Arithmetic,2021.0,0.0,46.0,0.0,False
10.1007/978-3-030-81688-9_14,True,,https://openalex.org/W3161409247,An SMT Solver for Regular Expressions and Linear Arithmetic over String Length,2021.0,1.0,39.0,0.5458,False
10.1007/978-3-030-81688-9_16,True,,https://openalex.org/W3180354117,Sound Verification Procedures for Temporal Properties of Infinite-State Systems,2021.0,4.0,30.0,0.5451,False
10.1007/978-3-030-81688-9_17,True,,https://openalex.org/W3184346668,Progress in Certifying Hardware Model Checking Results,2021.0,13.0,33.0,3.8156,False
10.1007/978-3-030-81688-9_18,True,,https://openalex.org/W3185983707,Model-Checking Structured Context-Free Languages,2021.0,10.0,60.0,3.816,False
10.1007/978-3-030-81688-9_2,True,,https://openalex.org/W3094578571,Ghost Signals: Verifying Termination of Busy Waiting,2021.0,0.0,29.0,0.0,False
10.1007/978-3-030-81688-9_20,True,,https://openalex.org/W3185161534,AIGEN: Random Generation of Symbolic Transition Systems,2021.0,4.0,13.0,1.0901,False
10.1007/978-3-030-81688-9_21,True,,https://openalex.org/W3185917349,GPU Acceleration of Bounded Model Checking with ParaFROST,2021.0,10.0,43.0,4.9057,False
10.1007/978-3-030-81688-9_22,True,,https://openalex.org/W3186561113,Pono: A Flexible and Extensible SMT-Based Model Checker,2021.0,33.0,59.0,11.9931,False
10.1007/978-3-030-81688-9_23,True,,https://openalex.org/W3157277427,Towards a Trustworthy Semantics-Based Language Framework via Proof Generation,2021.0,18.0,21.0,5.0265,False
10.1007/978-3-030-81688-9_24,True,,https://openalex.org/W3185067521,Foundations of Fine-Grained Explainability,2021.0,5.0,50.0,4.5369,False
10.1007/978-3-030-81688-9_25,True,,https://openalex.org/W3170747208,Latticed k-Induction with an Application to Probabilistic Programs,2021.0,0.0,79.0,0.0,False
10.1007/978-3-030-81688-9_26,True,,https://openalex.org/W3184761245,Runtime Monitors for Markov Decision Processes,2021.0,22.0,62.0,8.1771,False
10.1007/978-3-030-81688-9_28,True,,https://openalex.org/W3039939986,Enforcing Almost-Sure Reachability in POMDPs,2021.0,8.0,55.0,4.3611,False
10.1007/978-3-030-81688-9_32,True,,https://openalex.org/W3185190327,LLMC: Verifying High-Performance Software,2021.0,2.0,18.0,1.0085,False
10.1007/978-3-030-81688-9_33,True,,https://openalex.org/W3185412097,Formally Validating a Practical Verification Condition Generator,2021.0,17.0,45.0,4.6675,False
10.1007/978-3-030-81688-9_34,True,,https://openalex.org/W3186771479,Automatic Generation and Validation of Instruction Encoders and Decoders,2021.0,3.0,21.0,1.0771,False
10.1007/978-3-030-81688-9_36,True,,https://openalex.org/W3183955556,Automatically Tailoring Abstract Interpretation to Custom Usage Scenarios,2021.0,5.0,60.0,1.557,False
10.1007/978-3-030-81688-9_38,True,,https://openalex.org/W3184673994,"Gillian, Part II: Real-World Verification for JavaScript and C",2021.0,17.0,41.0,3.5904,False
10.1007/978-3-030-81688-9_4,True,,https://openalex.org/W3184998915,Decision Tree Learning in CEGIS-Based Termination Analysis,2021.0,5.0,42.0,2.076,False
10.1007/978-3-030-81688-9_40,True,,https://openalex.org/W3183759032,Lower-Bound Synthesis Using Loop Specialization and Max-SMT,2021.0,7.0,31.0,1.7559,False
10.1007/978-3-030-81688-9_41,True,,https://openalex.org/W3096908876,Fast Computation of Strong Control Dependencies,2021.0,3.0,41.0,1.038,False
10.1007/978-3-030-81688-9_42,True,,https://openalex.org/W3171547912,Diffy: Inductive Reasoning of Array Programs Using Difference Invariants,2021.0,2.0,59.0,1.0904,False
10.1007/978-3-030-81688-9_5,True,,https://openalex.org/W3181653342,ATLAS: Automated Amortised Complexity Analysis of Self-adjusting Data Structures,2021.0,8.0,58.0,1.436,False
10.1007/978-3-030-81688-9_6,True,,https://openalex.org/W3083991646,Theory Exploration Powered by Deductive Synthesis,2021.0,1.0,52.0,0.359,False
10.1007/978-3-030-81688-9_7,True,,https://openalex.org/W3183490041,CoqQFBV: A Scalable Certified SMT Quantifier-Free Bit-Vector Solver,2021.0,8.0,25.0,3.2709,False
10.1007/978-3-030-86205-3_3,True,,https://openalex.org/W3198882140,Symbol Elimination and Applications to Parametric Entailment Problems,2021.0,5.0,45.0,2.1803,False
10.1007/978-3-031-13185-1_20,True,,https://openalex.org/W4290087450,Explaining Hyperproperty Violations,2022.0,14.0,68.0,7.9652,False
10.1007/978-3-031-13188-2_13,True,,https://openalex.org/W4289874398,Reasoning About Data Trees Using CHCs,2022.0,6.0,42.0,3.9826,False
10.1007/978-3-031-13188-2_21,True,,https://openalex.org/W4290052206,MoGym: Using Formal Models for Training and Verifying Decision-making Agents,2022.0,7.0,53.0,4.6464,False
10.1007/978-3-031-13188-2_22,True,,https://openalex.org/W4289874384,Synthesis and Analysis of Petri Nets from Causal Specifications,2022.0,1.0,33.0,0.0,False
10.1007/978-3-031-13188-2_23,True,,https://openalex.org/W4289922222,Verifying Generalised and Structural Soundness of Workflow Nets via Relaxations,2022.0,1.0,30.0,0.6594,False
10.1007/978-3-031-13188-2_24,True,,https://openalex.org/W4289874347,"Capture, Analyze, Diagnose: Realizability Checking Of Requirements in FRET",2022.0,14.0,38.0,4.4507,False
10.1007/978-3-031-13188-2_6,True,,https://openalex.org/W4289874422,FORQ-Based Language Inclusion Formal Testing,2022.0,7.0,25.0,3.996,False
10.1007/978-3-031-15707-3_12,True,,https://openalex.org/W4293179858,Deep Learning for the Generation of Heuristics in Answer Set Programming: A Case Study of Graph Coloring,2022.0,4.0,24.0,1.3694,False
10.1007/978-3-031-15707-3_27,True,,https://openalex.org/W4293180381,Towards Causality-Based Conflict Resolution in Answer Set Programs,2022.0,1.0,4.0,0.3424,False
10.1007/978-3-031-15707-3_29,True,,https://openalex.org/W4293180210,Solving Problems in the Polynomial Hierarchy with ASP(Q),2022.0,3.0,23.0,0.6858,False
10.1007/978-3-031-15707-3_33,True,,https://openalex.org/W4293180102,QMaxSATpb: A Certified MaxSAT Solver,2022.0,12.0,34.0,4.1083,False
10.1007/978-3-031-15707-3_38,True,,https://openalex.org/W4293180309,Optimising Business Process Discovery Using Answer Set Programming,2022.0,4.0,12.0,1.3692,False
10.1007/978-3-031-21222-2_10,True,,https://openalex.org/W4281683653,Neural Network Precision Tuning Using Stochastic Arithmetic,2022.0,6.0,31.0,3.9829,False
10.1007/978-3-031-21222-2_3,True,,https://openalex.org/W4312712537,CEG4N: Counter-Example Guided Neural Network Quantization Refinement,2022.0,1.0,23.0,0.1409,False
10.1007/978-3-031-21222-2_5,True,,https://openalex.org/W4312902104,Differentiable Logics for Neural Network Training and Verification,2022.0,2.0,8.0,0.6853,False
10.1007/978-3-031-37703-7_1,True,,https://openalex.org/W4384521894,Bitwuzla,2023.0,48.0,27.0,46.9715,False
10.1007/978-3-031-37703-7_3,True,,https://openalex.org/W4384573216,Exploiting Adjoints in Property Directed Reachability Analysis,2023.0,2.0,25.0,1.9571,False
10.1007/978-3-031-37703-7_6,True,,https://openalex.org/W4384573506,Partial Quantifier Elimination and Property Generation,2023.0,1.0,23.0,0.9632,False
10.1007/978-3-031-37706-8_12,True,,https://openalex.org/W4384471354,Unblocking Dynamic Partial Order Reduction,2023.0,7.0,26.0,1.1649,False
10.1007/978-3-031-37706-8_4,True,,https://openalex.org/W4384471438,Online Causation Monitoring of Signal Temporal Logic,2023.0,6.0,39.0,5.8714,False
10.1007/978-3-031-37706-8_9,True,,https://openalex.org/W4384471338,nekton: A Linearizability Proof Checker,2023.0,1.0,34.0,0.5202,False
10.1007/978-3-031-37709-9_10,True,,https://openalex.org/W4384471459,SR-SFLL: Structurally Robust Stripped Functionality Logic Locking,2023.0,4.0,32.0,0.6667,False
10.1007/978-3-031-37709-9_7,True,,https://openalex.org/W4384471464,AutoQ: An Automata-Based Quantum Circuit Verifier,2023.0,24.0,41.0,12.4857,False
10.1007/978-3-031-37709-9_9,True,,https://openalex.org/W4384471383,Formally Verified EVM Block-Optimizations,2023.0,5.0,16.0,2.6012,False
10.1007/978-3-031-65627-9_10,True,,https://openalex.org/W4400973194,The MoXI Model Exchange Tool Suite,2024.0,3.0,40.0,4.6447,False
10.1007/978-3-031-65627-9_11,True,,https://openalex.org/W4400973187,SMLP: Symbolic Machine Learning Prover,2024.0,1.0,20.0,1.2771,False
10.1007/978-3-031-65627-9_14,True,,https://openalex.org/W4400973090,Strided Difference Bound Matrices,2024.0,0.0,45.0,0.0,False
10.1007/978-3-031-65627-9_23,True,,https://openalex.org/W4400973222,SolTG: A CHC-Based Solidity Test Case Generator,2024.0,5.0,17.0,5.6142,False
10.1007/978-3-031-65627-9_24,True,,https://openalex.org/W4400973120,Interactive Theorem Proving Modulo Fuzzing,2024.0,2.0,21.0,1.498,False
10.1007/978-3-031-65627-9_6,True,,https://openalex.org/W4400973110,From Clauses to Klauses,2024.0,2.0,35.0,3.0688,False
10.1007/978-3-031-65627-9_7,True,,https://openalex.org/W4400973078,CaDiCaL 2.0,2024.0,36.0,89.0,55.2386,False
10.1007/978-3-031-65630-9_1,True,,https://openalex.org/W4400933635,The VerCors Verifier: A Progress Report,2024.0,9.0,48.0,6.7408,False
10.1007/978-3-031-65630-9_2,True,,https://openalex.org/W4400939550,Parsimonious Optimal Dynamic Partial Order Reduction,2024.0,3.0,46.0,4.6032,False
10.1007/978-3-031-65630-9_6,True,,https://openalex.org/W4400933644,"Verifying Cake-Cutting, Faster",2024.0,0.0,15.0,0.0,False
10.1007/978-3-031-65630-9_7,True,,https://openalex.org/W4400939144,General Anticipatory Runtime Verification,2024.0,0.0,31.0,0.0,False
10.1007/978-3-031-65630-9_8,True,,https://openalex.org/W4400939384,Proactive Real-Time First-Order Enforcement,2024.0,4.0,54.0,6.1929,False
10.1007/978-3-031-65633-0_2,True,,https://openalex.org/W4400995425,The SemGuS Toolkit,2024.0,6.0,24.0,6.783,False
10.1007/978-3-031-74209-5_1,True,,https://openalex.org/W4403316452,Deductive Systems for Logic Programs with Counting: Preliminary Report,2024.0,1.0,15.0,0.749,False
10.1007/978-3-031-74209-5_13,True,,https://openalex.org/W4403316422,Efficiently Grounding FOL Using Bit Vectors,2024.0,2.0,3.0,1.498,False
10.1007/978-3-031-74209-5_2,True,,https://openalex.org/W4403316486,Compiling Metric Temporal Answer Set Programming,2024.0,1.0,10.0,0.7277,False
10.1007/978-3-031-74209-5_20,True,,https://openalex.org/W4403316597,Towards Explainable Weather Forecasting Through FastLAS,2024.0,2.0,17.0,4.5309,False
10.1007/978-3-031-74209-5_21,True,,https://openalex.org/W4403316590,Semantic-Based Arguments Using Logic Programming Rewriting Systems,2024.0,0.0,17.0,0.0,False
10.1007/978-3-031-74209-5_29,True,,https://openalex.org/W4403316536,Integrating Structured Declarative Language (SDL) into ASP Chef,2024.0,1.0,9.0,0.749,False
10.1007/978-3-031-84924-4_7,True,,https://openalex.org/W4408503746,Automated Playing of Survival Video Games with Commonsense Reasoning,2025.0,0.0,9.0,0.0,False
10.1007/978-3-031-98668-0_4,True,,https://openalex.org/W4412578529,Raven: An SMT-Based Concurrency Verifier,2025.0,0.0,48.0,0.0,False
10.1007/978-3-031-98668-0_7,True,,https://openalex.org/W4412532885,Verifying PETSc Vector Components Using CIVL,2025.0,0.0,11.0,0.0,False
10.1007/978-3-031-98668-0_9,True,,https://openalex.org/W4412533104,The rIC3 Hardware Model Checker,2025.0,2.0,29.0,11.549,False
10.1007/978-3-031-98679-6_1,True,,https://openalex.org/W4412514950,Quantitative Supermartingale Certificates,2025.0,4.0,103.0,50.9953,False
10.1007/978-3-031-98679-6_11,True,,https://openalex.org/W4412514797,Assessing the Quality of Binomial Samplers: A Statistical Distance Framework,2025.0,0.0,36.0,0.0,False
10.1007/978-3-031-98679-6_13,True,,https://openalex.org/W4412514814,Accelerating Markov Chain Model Checking: Good-for-Games Meets Unambiguous Automata,2025.0,0.0,23.0,0.0,False
10.1007/978-3-031-98679-6_14,True,,https://openalex.org/W4412514800,Floating-Point Neural Networks are Provably Robust Universal Approximators,2025.0,0.0,57.0,0.0,False
10.1007/978-3-031-98682-6_1,True,,https://openalex.org/W4412543567,Polyregular Model Checking,2025.0,0.0,24.0,0.0,False
10.1007/978-3-031-98682-6_11,True,,https://openalex.org/W4412543529,lean-smt: An SMT Tactic for Discharging Proof Goals in Lean,2025.0,8.0,28.0,39.6141,False
10.1007/978-3-031-98682-6_18,True,,https://openalex.org/W4412543550,Counterexample-Guided Commutativity,2025.0,0.0,27.0,0.0,False
10.1007/978-3-031-98682-6_19,True,,https://openalex.org/W4412543516,Scaling Up Proactive Enforcement,2025.0,1.0,39.0,5.9072,False
10.1007/978-3-031-98682-6_5,True,,https://openalex.org/W4412543571,Engineering an Efficient Probabilistic Exact Model Counter,2025.0,0.0,28.0,0.0,False
10.1007/978-3-031-98682-6_6,True,,https://openalex.org/W4412543519,Panini: An Efficient and Flexible Knowledge Compiler,2025.0,2.0,24.0,11.6729,False
10.1007/978-3-031-98685-7_14,True,,https://openalex.org/W4412544306,Issy: A Comprehensive Tool for Specification and Synthesis of Infinite-State Reactive Systems,2025.0,2.0,26.0,11.6729,False
10.1007/978-3-031-98685-7_7,True,,https://openalex.org/W4412544495,LearnLib: 10 years later,2025.0,0.0,79.0,0.0,False
10.1007/978-3-319-41528-4_10,True,,https://openalex.org/W2497399989,"A Decision Procedure for Sets, Binary Relations and Partial Functions",2016.0,12.0,32.0,3.0476,False
10.1007/978-3-319-41528-4_11,True,,https://openalex.org/W2495572426,Precise and Complete Propagation Based Local Search for Satisfiability Modulo Theories,2016.0,16.0,42.0,2.5029,False
10.1007/978-3-319-41528-4_12,True,,https://openalex.org/W2482729551,Progressive Reasoning over Recursively-Defined Strings,2016.0,51.0,22.0,13.1298,False
10.1007/978-3-319-41528-4_13,True,,https://openalex.org/W2501292226,String Analysis via Automata Manipulation with Logic Circuit Representation,2016.0,39.0,39.0,7.8779,False
10.1007/978-3-319-41528-4_14,True,,https://openalex.org/W2486022212,Rahft: A Tool for Verifying Horn Clauses Using Abstract Interpretation and Finite Tree Automata,2016.0,40.0,39.0,8.9839,False
10.1007/978-3-319-41528-4_15,True,,https://openalex.org/W2505162282,Infinite-State Liveness-to-Safety via Implicit Abstraction and Well-Founded Relations,2016.0,32.0,51.0,3.9928,False
10.1007/978-3-319-41528-4_16,True,,https://openalex.org/W2490934795,Proving Parameterized Systems Safe by Generalizing Clausal Proofs of Small Instances,2016.0,8.0,25.0,1.5017,False
10.1007/978-3-319-41528-4_17,True,,https://openalex.org/W2491060331,Learning-Based Assume-Guarantee Regression Verification,2016.0,12.0,30.0,1.3545,False
10.1007/978-3-319-41528-4_18,True,,https://openalex.org/W2497515766,Automated Circular Assume-Guarantee Reasoning with N-way Decomposition and Alphabet Refinement,2016.0,13.0,27.0,3.0035,False
10.1007/978-3-319-41528-4_19,True,,https://openalex.org/W2483771058,JayHorn: A Framework for Verifying Java programs,2016.0,90.0,24.0,9.9821,False
10.1007/978-3-319-41528-4_20,True,,https://openalex.org/W2491721896,Trigger Selection Strategies to Stabilize Program Verifiers,2016.0,47.0,24.0,5.4159,False
10.1007/978-3-319-41528-4_21,True,,https://openalex.org/W2502150621,Satisfiability Modulo Heap-Based Programs,2016.0,33.0,49.0,9.4802,False
10.1007/978-3-319-41528-4_22,True,,https://openalex.org/W2289508092,Automatic Verification of Iterated Separating Conjunctions Using Symbolic Execution,2016.0,4.0,26.0,0.6773,False
10.1007/978-3-319-41528-4_23,True,,https://openalex.org/W2481795204,From Shape Analysis to Termination Analysis in Linear Time,2016.0,6.0,36.0,1.3545,False
10.1007/978-3-319-41528-4_24,True,,https://openalex.org/W2499469246,RV-Match: Practical Semantics-Based Program Analysis,2016.0,18.0,10.0,4.1731,False
10.1007/978-3-319-41528-4_25,True,,https://openalex.org/W2483544051,Under-Approximating Backward Reachable Sets by Polytopes,2016.0,44.0,38.0,9.0105,False
10.1007/978-3-319-41528-4_26,True,,https://openalex.org/W2501830452,"Parsimonious, Simulation Based Verification of Linear Systems",2016.0,74.0,26.0,10.5122,False
10.1007/978-3-319-41528-4_29,True,,https://openalex.org/W2492473950,Automatic Reachability Analysis for Nonlinear Hybrid Models with C2E2,2016.0,97.0,20.0,22.5261,False
10.1007/978-3-319-41528-4_4,True,,https://openalex.org/W2494200839,PSI: Exact Symbolic Inference for Probabilistic Programs,2016.0,161.0,45.0,18.2857,False
10.1007/978-3-319-41528-4_5,True,,https://openalex.org/W2485445286,PSCV: A Runtime Verification Tool for Probabilistic SystemC Models,2016.0,11.0,17.0,2.9953,False
10.1007/978-3-319-41528-4_6,True,,https://openalex.org/W2347006063,Structural Synthesis for GXW Specifications,2016.0,16.0,29.0,4.5052,False
10.1007/978-3-319-41528-4_8,True,,https://openalex.org/W2495534164,"Fast, Flexible, and Minimal CTL Synthesis via SMT",2016.0,9.0,20.0,1.5017,False
10.1007/978-3-319-41528-4_9,True,,https://openalex.org/W2479556144,Synthesis of Self-Stabilising and Byzantine-Resilient Distributed Systems,2016.0,22.0,64.0,8.7862,False
10.1007/978-3-319-41540-6_1,True,,https://openalex.org/W2493561771,Model Checking at Scale: Automated Air Traffic Control Design Space Exploration,2016.0,41.0,25.0,5.9893,False
10.1007/978-3-319-41540-6_10,True,,https://openalex.org/W2477664674,ParCoSS: Efficient Parallelized Compiled Symbolic Simulation,2016.0,10.0,17.0,2.706,False
10.1007/978-3-319-41540-6_11,True,,https://openalex.org/W2484725950,XSat: A Fast Floating-Point Satisfiability Solver,2016.0,37.0,33.0,7.4866,False
10.1007/978-3-319-41540-6_12,True,,https://openalex.org/W2476153809,Effectively Propositional Interpolants,2016.0,8.0,36.0,2.5029,False
10.1007/978-3-319-41540-6_16,True,,https://openalex.org/W2498607216,A Simple Algorithm for Solving Qualitative Probabilistic Parity Games,2016.0,13.0,40.0,4.0046,False
10.1007/978-3-319-41540-6_18,True,,https://openalex.org/W2476245236,Slugs: Extensible GR(1) Synthesis,2016.0,102.0,12.0,15.1592,False
10.1007/978-3-319-41540-6_19,True,,https://openalex.org/W2488210329,Synthesis of Fault-Attack Countermeasures for Cryptographic Circuits,2016.0,29.0,45.0,6.0953,False
10.1007/978-3-319-41540-6_2,True,,https://openalex.org/W2493296585,Investigating Safety of a Radiotherapy Machine Using System Models with Pluggable Checkers,2016.0,20.0,42.0,13.6667,False
10.1007/978-3-319-41540-6_20,True,,https://openalex.org/W2505969429,A SAT-Based Counterexample Guided Method for Unbounded Synthesis,2016.0,11.0,27.0,4.5052,False
10.1007/978-3-319-41540-6_21,True,,https://openalex.org/W2486590439,Qlose: Program Repair with Quantitative Objectives,2016.0,99.0,47.0,20.486,False
10.1007/978-3-319-41540-6_23,True,,https://openalex.org/W2493901872,Soufflé: On Synthesis of Program Analyzers,2016.0,123.0,21.0,11.3694,False
10.1007/978-3-319-41540-6_24,True,,https://openalex.org/W2498229092,Property Directed Equivalence via Abstract Simulation,2016.0,23.0,40.0,5.4902,False
10.1007/978-3-319-41540-6_25,True,,https://openalex.org/W2500302530,Combining Model Learning and Model Checking to Analyze TCP Implementations,2016.0,129.0,48.0,14.4161,False
10.1007/978-3-319-41540-6_26,True,,https://openalex.org/W2489673379,BFS-Based Model Checking of Linear-Time Properties with an Application on GPUs,2016.0,27.0,41.0,6.5075,False
10.1007/978-3-319-41540-6_27,True,,https://openalex.org/W2460834910,BigraphER: Rewriting and Analysis Engine for Bigraphs,2016.0,45.0,20.0,1.8969,False
10.1007/978-3-319-41540-6_28,True,,https://openalex.org/W2488873977,Verification-Aided Debugging: An Interactive Web-Service for Exploring Error Witnesses,2016.0,20.0,11.0,3.0318,False
10.1007/978-3-319-41540-6_4,True,,https://openalex.org/W2495962902,A Practical Verification Framework for Preemptive OS Kernels,2016.0,72.0,29.0,9.4815,False
10.1007/978-3-319-41540-6_5,True,,https://openalex.org/W2489690523,Probabilistic Automated Language Learning for Configuration Files,2016.0,26.0,12.0,5.0207,False
10.1007/978-3-319-41540-6_6,True,,https://openalex.org/W2345428211,The Commutativity Problem of the MapReduce Framework: A Transducer-Based Approach,2016.0,16.0,17.0,6.007,False
10.1007/978-3-319-41540-6_7,True,,https://openalex.org/W2478824155,Liveness of Randomised Parameterised Systems under Arbitrary Schedulers,2016.0,26.0,82.0,4.4919,False
10.1007/978-3-319-41540-6_9,True,,https://openalex.org/W2268325898,Hitting Families of Schedules for Asynchronous Programs,2016.0,7.0,24.0,1.5175,False
10.1007/978-3-319-54292-8_1,True,,https://openalex.org/W2587867620,Verification of Networks of Smart Energy Systems over the Cloud,2017.0,5.0,25.0,1.602,False
10.1007/978-3-319-54292-8_2,True,,https://openalex.org/W2589054106,Proving Properties on PWA Systems Using Copositive and Semidefinite Programming,2017.0,3.0,15.0,0.534,False
10.1007/978-3-319-54292-8_3,True,,https://openalex.org/W2587795339,Formal Analysis of Engineering Systems Based on Signal-Flow-Graph Theory,2017.0,2.0,22.0,1.0597,False
10.1007/978-3-319-54292-8_4,True,,https://openalex.org/W2589077354,Computing a Correct and Tight Rounding Error Bound Using Rounding-to-Nearest,2017.0,0.0,6.0,0.0,False
10.1007/978-3-319-54292-8_5,True,,https://openalex.org/W2532219978,Studying Sequences of Jumps in Hybrid Systems to Detect Zeno Phenomenon,2017.0,0.0,15.0,0.0,False
10.1007/978-3-319-54292-8_6,True,,https://openalex.org/W2588591308,Toward a Standard Benchmark Format and Suite for Floating-Point Analysis,2017.0,58.0,30.0,10.6246,False
10.1007/978-3-319-54292-8_8,True,,https://openalex.org/W2588910041,Model Based Automatic Code Generation for Nonlinear Model Predictive Control,2017.0,0.0,6.0,0.0,False
10.1007/978-3-319-54292-8_9,True,,https://openalex.org/W2587993011,Reduce the Complexity of the Polyhedron Minimization Using the Max Plus Pruning Method,2017.0,0.0,12.0,0.0,False
10.1007/978-3-319-55014-5_1,True,,https://openalex.org/W2594179898,Can Existing Biomedical Ontologies Be More Useful for EHR and CDS?,2017.0,4.0,42.0,1.3575,False
10.1007/978-3-319-55014-5_2,True,,https://openalex.org/W2592059386,Formalization and Computation of Diabetes Quality Indicators with Patient Data from a Chinese Hospital,2017.0,0.0,19.0,0.0,False
10.1007/978-3-319-55014-5_3,True,,https://openalex.org/W2593702025,Simulation-Based Episodes of Care Data Synthetization for Chronic Disease Patients,2017.0,4.0,18.0,0.0,False
10.1007/978-3-319-55014-5_4,True,,https://openalex.org/W2594522336,A Public Health Surveillance Platform Exploiting Free-Text Sources via Natural Language Processing and Linked Data: Application in Adverse Drug Reaction Signal Detection Using PubMed and Twitter,2017.0,14.0,31.0,2.2624,False
10.1007/978-3-319-55014-5_5,True,,https://openalex.org/W2592876551,Knowledge-Driven Paper Retrieval to Support Updating of Clinical Guidelines,2017.0,1.0,14.0,0.4525,False
10.1007/978-3-319-55014-5_6,True,,https://openalex.org/W2593888211,Applying SPARQL-Based Inference and Ontologies for Modelling and Execution of Clinical Practice Guidelines: A Case Study on Hypertension Management,2017.0,6.0,33.0,1.8099,False
10.1007/978-3-319-55014-5_7,True,,https://openalex.org/W2592085600,Generating Conflict-Free Treatments for Patients with Comorbidity Using Answer Set Programming,2017.0,4.0,16.0,0.8477,False
10.1007/978-3-319-61660-5_10,True,,https://openalex.org/W2732466044,A Monotonic View on Reflexive Autoepistemic Reasoning,2017.0,4.0,21.0,0.2826,False
10.1007/978-3-319-61660-5_11,True,,https://openalex.org/W2724239465,Minimal Inference Problem Over Finite Domains: The Landscape of Complexity,2017.0,1.0,22.0,0.2828,False
10.1007/978-3-319-61660-5_13,True,,https://openalex.org/W2591659253,Answer Set Solving with Bounded Treewidth Revisited,2017.0,34.0,14.0,6.2165,False
10.1007/978-3-319-61660-5_15,True,,https://openalex.org/W2727361336,Answer Set Programs with Queries over Subprograms,2017.0,0.0,16.0,0.0,False
10.1007/978-3-319-61660-5_16,True,,https://openalex.org/W2726633552,Explaining Inconsistency in Answer Set Programs and Extensions,2017.0,2.0,14.0,0.5652,False
10.1007/978-3-319-61660-5_17,True,,https://openalex.org/W2729610333,Blending Lazy-Grounding and CDNL Search for Answer-Set Solving,2017.0,43.0,17.0,7.0616,False
10.1007/978-3-319-61660-5_18,True,,https://openalex.org/W2731088549,Answer Set Programming with Graded Modality,2017.0,1.0,7.0,0.2826,False
10.1007/978-3-319-61660-5_19,True,,https://openalex.org/W2733732676,The ASP System DLV2,2017.0,76.0,17.0,11.5856,False
10.1007/978-3-319-61660-5_22,True,,https://openalex.org/W2732569415,NoHR: Integrating XSB Prolog with the OWL 2 Profiles and Beyond,2017.0,10.0,24.0,1.6955,False
10.1007/978-3-319-61660-5_23,True,,https://openalex.org/W2731875337,ArgueApply: A Mobile App for Argumentation,2017.0,12.0,20.0,2.5432,False
10.1007/978-3-319-61660-5_24,True,,https://openalex.org/W2731692319,catnap: Generating Test Suites of Constrained Combinatorial Testing with Answer Set Programming,2017.0,3.0,21.0,1.4746,False
10.1007/978-3-319-61660-5_25,True,,https://openalex.org/W2732697010,Automatic Synthesis of Optimal-Size Concentrators by Answer Set Programming,2017.0,2.0,16.0,0.5652,False
10.1007/978-3-319-61660-5_26,True,,https://openalex.org/W2732656279,plasp 3: Towards Effective ASP Planning,2017.0,11.0,14.0,2.2606,False
10.1007/978-3-319-61660-5_27,True,,https://openalex.org/W2728577422,Nurse Scheduling via Answer Set Programming,2017.0,39.0,20.0,6.1879,False
10.1007/978-3-319-61660-5_29,True,,https://openalex.org/W2617483370,Action Language Hybrid AL,2017.0,2.0,14.0,0.5652,False
10.1007/978-3-319-61660-5_3,True,,https://openalex.org/W2726363408,Answer Set Programming and Its Applications in Planning and Multi-agent Systems,2017.0,2.0,38.0,0.2826,False
10.1007/978-3-319-61660-5_30,True,,https://openalex.org/W2724940431,moviola: Interpreting Dynamic Logic Programs via Multi-shot Answer Set Programming,2017.0,1.0,14.0,0.2826,False
10.1007/978-3-319-61660-5_31,True,,https://openalex.org/W3003919343,Adjudication of Coreference Annotations via Answer Set Optimization,2017.0,4.0,20.0,1.1303,False
10.1007/978-3-319-61660-5_4,True,,https://openalex.org/W2729424109,From Logic Programming and Non-monotonic Reasoning to Computational Argumentation and Beyond,2017.0,0.0,21.0,0.0,False
10.1007/978-3-319-61660-5_5,True,,https://openalex.org/W2731768564,Modular Construction of Minimal Models,2017.0,0.0,2.0,0.0,False
10.1007/978-3-319-61660-5_6,True,,https://openalex.org/W2733791295,A Hasse Diagram for Weighted Sceptical Semantics with a Unique-Status Grounded Semantics,2017.0,11.0,12.0,2.5432,False
10.1007/978-3-319-61660-5_7,True,,https://openalex.org/W2604433188,Foundations for a Probabilistic Event Calculus,2017.0,16.0,14.0,3.108,False
10.1007/978-3-319-61660-5_8,True,,https://openalex.org/W2730222755,Contextual Reasoning: Usually Birds Can Abductively Fly,2017.0,6.0,23.0,1.4129,False
10.1007/978-3-319-63387-9_10,True,,https://openalex.org/W2612788245,Value Iteration for Long-Run Average Reward in Markov Decision Processes,2017.0,40.0,36.0,9.562,False
10.1007/978-3-319-63387-9_11,True,,https://openalex.org/W2735404318,STLInspector: STL Validation with Guarantees,2017.0,15.0,20.0,2.9649,False
10.1007/978-3-319-63387-9_14,True,,https://openalex.org/W2736213971,Data-Driven Synthesis of Full Probabilistic Programs,2017.0,18.0,38.0,5.4068,False
10.1007/978-3-319-63387-9_16,True,,https://openalex.org/W2400705866,Montre: A Tool for Monitoring Timed Regular Expressions,2017.0,31.0,25.0,11.1558,False
10.1007/978-3-319-63387-9_17,True,,https://openalex.org/W2734533983,Runtime Monitoring with Recovery of the SENT Communication Protocol,2017.0,36.0,36.0,9.6119,False
10.1007/978-3-319-63387-9_18,True,,https://openalex.org/W2735457986,Runtime Verification of Temporal Properties over Out-of-Order Data Streams,2017.0,19.0,24.0,5.341,False
10.1007/978-3-319-63387-9_19,True,,https://openalex.org/W3037031223,Lagrangian Reachabililty,2017.0,12.0,25.0,3.7025,False
10.1007/978-3-319-63387-9_2,True,,https://openalex.org/W2736297631,Program Verification Under Weak Memory Consistency Using Separation Logic,2017.0,9.0,34.0,2.2429,False
10.1007/978-3-319-63387-9_20,True,,https://openalex.org/W2734705105,Simulation-Equivalent Reachability of Large Linear Systems with Inputs,2017.0,85.0,19.0,16.5539,False
10.1007/978-3-319-63387-9_21,True,,https://openalex.org/W2734454381,MightyL: A Compositional Translation from MITL to Timed Automata,2017.0,37.0,40.0,7.9683,False
10.1007/978-3-319-63387-9_22,True,,https://openalex.org/W2590655739,DryVR: Data-Driven Verification and Compositional Reasoning for Automotive Systems,2017.0,110.0,39.0,17.0879,False
10.1007/978-3-319-63387-9_23,True,,https://openalex.org/W2611450296,Automated Formal Synthesis of Digital Controllers for State-Space Physical Plants,2017.0,41.0,37.0,7.9768,False
10.1007/978-3-319-63387-9_24,True,,https://openalex.org/W2735260746,Classification and Coverage-Based Falsification for Embedded Control Systems,2017.0,39.0,28.0,8.4005,False
10.1007/978-3-319-63387-9_25,True,,https://openalex.org/W2735225819,GPUDrano: Detecting Uncoalesced Accesses in GPU Programs,2017.0,14.0,23.0,2.6493,False
10.1007/978-3-319-63387-9_27,True,,https://openalex.org/W2736012496,Starling: Lightweight Concurrency Verification with Views,2017.0,14.0,31.0,2.2501,False
10.1007/978-3-319-63387-9_28,True,,https://openalex.org/W2736259393,Compositional Model Checking with Incremental Counter-Example Construction,2017.0,2.0,51.0,1.0633,False
10.1007/978-3-319-63387-9_29,True,,https://openalex.org/W2734345188,Pithya: A Parallel Tool for Parameter Synthesis of Piecewise Multi-affine Dynamical Systems,2017.0,8.0,32.0,3.6199,False
10.1007/978-3-319-63387-9_4,True,,https://openalex.org/W2736255687,Maximum Satisfiability in Software Analysis: Applications and Techniques,2017.0,12.0,77.0,3.1874,False
10.1007/978-3-319-63387-9_5,True,,https://openalex.org/W2594877703,Reluplex: An Efficient SMT Solver for Verifying Deep Neural Networks,2017.0,1639.0,38.0,178.6217,False
10.1007/978-3-319-63387-9_6,True,,https://openalex.org/W2611392580,Automated Recurrence Analysis for Almost-Linear Expected-Runtime Bounds,2017.0,7.0,54.0,3.709,False
10.1007/978-3-319-63387-9_8,True,,https://openalex.org/W2735021239,Ensuring the Reliability of Your Model Checker: Interval Iteration for Markov Decision Processes,2017.0,68.0,32.0,15.4056,False
10.1007/978-3-319-63390-9_1,True,,https://openalex.org/W2302430074,Verified Compilation of Space-Efficient Reversible Circuits,2017.0,46.0,59.0,5.9333,False
10.1007/978-3-319-63390-9_10,True,,https://openalex.org/W2611485926,Minimization of Symbolic Transducers,2017.0,3.0,41.0,0.8477,False
10.1007/978-3-319-63390-9_11,True,,https://openalex.org/W2610925731,Abstract Interpretation with Unfoldings,2017.0,13.0,27.0,4.9415,False
10.1007/978-3-319-63390-9_12,True,,https://openalex.org/W2735459691,Cutoff Bounds for Consensus Algorithms,2017.0,38.0,56.0,9.5631,False
10.1007/978-3-319-63390-9_15,True,,https://openalex.org/W2734461124,Verifying Equivalence of Spark Programs,2017.0,18.0,32.0,3.6735,False
10.1007/978-3-319-63390-9_16,True,,https://openalex.org/W2735148652,Synchronization Synthesis for Network Programs,2017.0,16.0,42.0,3.3752,False
10.1007/978-3-319-63390-9_17,True,,https://openalex.org/W2734817039,BoSy: An Experimentation Framework for Bounded Synthesis,2017.0,64.0,28.0,17.001,False
10.1007/978-3-319-63390-9_2,True,,https://openalex.org/W2761823169,Ascertaining Uncertainty for Efficient Exact Cache Analysis,2017.0,17.0,22.0,5.2985,False
10.1007/978-3-319-63390-9_20,True,,https://openalex.org/W2735699069,Syntax-Guided Optimal Synthesis for Chemical Reaction Networks,2017.0,24.0,66.0,6.7894,False
10.1007/978-3-319-63390-9_21,True,,https://openalex.org/W2735407609,Model Counting for Recursively-Defined Strings,2017.0,20.0,29.0,6.4239,False
10.1007/978-3-319-63390-9_22,True,,https://openalex.org/W2638593226,A Three-Tier Strategy for Reasoning About Floating-Point Numbers in SMT,2017.0,9.0,16.0,2.67,False
10.1007/978-3-319-63390-9_23,True,,https://openalex.org/W2735087338,A Correct-by-Decision Solution for Simultaneous Place and Route,2017.0,3.0,22.0,0.9883,False
10.1007/978-3-319-63390-9_24,True,,https://openalex.org/W2736027423,Scaling Up DPLL(T) String Solvers Using Context-Dependent Simplification,2017.0,40.0,31.0,7.2735,False
10.1007/978-3-319-63390-9_25,True,,https://openalex.org/W2734351583,On Expansion and Resolution in CEGAR Based QBF Solving,2017.0,20.0,29.0,8.5439,False
10.1007/978-3-319-63390-9_27,True,,https://openalex.org/W2736040965,Finding Fix Locations for CFL-Reachability Analyses via Minimum Cuts,2017.0,3.0,24.0,0.9872,False
10.1007/978-3-319-63390-9_28,True,,https://openalex.org/W2592567368,Proving Linearizability Using Forward Simulations,2017.0,27.0,31.0,7.2927,False
10.1007/978-3-319-63390-9_29,True,,https://openalex.org/W2734723004,"EAHyper: Satisfiability, Implication, and Equivalence Checking of Hyperproperties",2017.0,45.0,18.0,7.3548,False
10.1007/978-3-319-63390-9_30,True,,https://openalex.org/W2545358040,Automating Induction for Solving Horn Clauses,2017.0,47.0,72.0,5.3702,False
10.1007/978-3-319-63390-9_31,True,,https://openalex.org/W2593267253,A Storm is Coming: A Modern Probabilistic Model Checker,2017.0,400.0,43.0,98.276,False
10.1007/978-3-319-63390-9_4,True,,https://openalex.org/W2735409225,Automated Resource Analysis with Coq Proof Objects,2017.0,45.0,35.0,12.1652,False
10.1007/978-3-319-63390-9_5,True,,https://openalex.org/W2735416437,Look for the Proof to Find the Program: Decorated-Component-Based Program Synthesis,2017.0,9.0,37.0,2.3395,False
10.1007/978-3-319-63390-9_6,True,,https://openalex.org/W2735921621,E-QED: Electrical Bug Localization During Post-silicon Validation Enabled by Quick Error Detection and Formal Methods,2017.0,11.0,48.0,3.709,False
10.1007/978-3-319-63390-9_7,True,,https://openalex.org/W2735882127,SMTCoq: A Plug-In for Integrating SMT Solvers into Coq,2017.0,68.0,16.0,6.2159,False
10.1007/978-3-319-63390-9_8,True,,https://openalex.org/W2613278554,Efficient Parallel Strategy Improvement for Parity Games,2017.0,10.0,34.0,1.978,False
10.1007/978-3-319-63390-9_9,True,,https://openalex.org/W2734934908,Model-Checking Linear-Time Properties of Parametrized Asynchronous Shared-Memory Pushdown Systems,2017.0,12.0,40.0,2.2501,False
10.1007/978-3-319-63501-9_1,True,,https://openalex.org/W2735412729,Verified Computations Using Taylor Models and Their Applications,2017.0,14.0,9.0,4.272,False
10.1007/978-3-319-63501-9_2,True,,https://openalex.org/W2735656501,Introduction to the IEEE 1788-2015 Standard for Interval Arithmetic,2017.0,20.0,17.0,6.3754,False
10.1007/978-3-319-63501-9_3,True,,https://openalex.org/W2698432643,Formal Correctness of Comparison Algorithms Between Binary64 and Decimal64 Floating-Point Numbers,2017.0,1.0,7.0,0.534,False
10.1007/978-3-319-63501-9_4,True,,https://openalex.org/W2735413273,Sound Numerical Computations in Abstract Acceleration,2017.0,3.0,32.0,0.5313,False
10.1007/978-3-319-63501-9_5,True,,https://openalex.org/W2734471494,Studying the Numerical Quality of an Industrial Computing Code: A Case Study on Code_aster,2017.0,12.0,17.0,2.6564,False
10.1007/978-3-319-63501-9_6,True,,https://openalex.org/W2736118586,Challenges and Tool Implementation of Hybrid Rapidly-Exploring Random Trees,2017.0,3.0,14.0,0.534,False
10.1007/978-3-319-63501-9_7,True,,https://openalex.org/W2734983914,Rigorous Reachability Analysis and Domain Decomposition of Taylor Models,2017.0,9.0,26.0,2.67,False
10.1007/978-3-319-63501-9_8,True,,https://openalex.org/W2734868194,A Study of Model-Order Reduction Techniques for Verification,2017.0,8.0,25.0,2.67,False
10.1007/978-3-319-96142-2_1,True,,https://openalex.org/W2883188895,Let this Graph Be Your Witness!,2018.0,4.0,14.0,0.8343,False
10.1007/978-3-319-96142-2_11,True,,https://openalex.org/W2884937557,Lazy Self-composition for Security Verification,2018.0,19.0,40.0,2.4436,False
10.1007/978-3-319-96142-2_12,True,,https://openalex.org/W2883707793,SCInfer: Refinement-Based Verification of Software Countermeasures Against Side-Channel Attacks,2018.0,37.0,52.0,6.2446,False
10.1007/978-3-319-96142-2_13,True,,https://openalex.org/W2795914725,Symbolic Algorithms for Graphs and Markov Decision Processes with Fairness Objectives,2018.0,0.0,30.0,0.0,False
10.1007/978-3-319-96142-2_14,True,,https://openalex.org/W2796106051,Attracting Tangles to Solve Parity Games,2018.0,19.0,29.0,3.4637,False
10.1007/978-3-319-96142-2_15,True,,https://openalex.org/W2883422753,Delta-Decision Procedures for Exists-Forall Problems over the Reals,2018.0,18.0,30.0,6.4163,False
10.1007/978-3-319-96142-2_17,True,,https://openalex.org/W2883980996,Understanding and Extending Incremental Determinization for 2QBF,2018.0,23.0,39.0,7.6162,False
10.1007/978-3-319-96142-2_19,True,,https://openalex.org/W2787404413,Model Generation for Quantified Formulas: A Taint-Based Approach,2018.0,1.0,35.0,0.4178,False
10.1007/978-3-319-96142-2_2,True,,https://openalex.org/W2883903648,MaxSMT-Based Type Inference for Python 3,2018.0,42.0,19.0,7.4547,False
10.1007/978-3-319-96142-2_20,True,,https://openalex.org/W2884199446,Partial Order Aware Concurrency Sampling,2018.0,22.0,34.0,1.9005,False
10.1007/978-3-319-96142-2_21,True,,https://openalex.org/W2797969208,Reasoning About TSO Programs Using Reduction and Abstraction,2018.0,0.0,22.0,0.0,False
10.1007/978-3-319-96142-2_23,True,,https://openalex.org/W2797596189,On the Completeness of Verifying Message Passing Programs Under Bounded Asynchrony,2018.0,41.0,33.0,7.3304,False
10.1007/978-3-319-96142-2_25,True,,https://openalex.org/W2883286797,Formal Verification of a Vehicle-to-Vehicle (V2V) Messaging System,2018.0,13.0,8.0,3.5841,False
10.1007/978-3-319-96142-2_26,True,,https://openalex.org/W2884325678,Continuous Formal Verification of Amazon s2n,2018.0,52.0,18.0,7.8704,False
10.1007/978-3-319-96142-2_27,True,,https://openalex.org/W2883123122,Symbolic Liveness Analysis of Real-World Software,2018.0,5.0,49.0,1.6679,False
10.1007/978-3-319-96142-2_3,True,,https://openalex.org/W2775474291,The JKind Model Checker,2018.0,0.0,22.0,0.0,False
10.1007/978-3-319-96142-2_30,True,,https://openalex.org/W2884017946,Formally Verified Montgomery Multiplication,2018.0,6.0,14.0,0.4744,False
10.1007/978-3-319-96142-2_31,True,,https://openalex.org/W2884955533,Inner and Outer Approximating Flowpipes for Delay Differential Equations,2018.0,21.0,30.0,10.9597,False
10.1007/978-3-319-96142-2_4,True,,https://openalex.org/W2797615593,The DEEPSEC Prover,2018.0,14.0,25.0,3.6199,False
10.1007/978-3-319-96142-2_5,True,,https://openalex.org/W2884574904,SimpleCAR: An Efficient Bug-Finding Tool Based on Approximate Reachability,2018.0,17.0,20.0,2.4672,False
10.1007/978-3-319-96142-2_6,True,,https://openalex.org/W2883887424,StringFuzz: A Fuzzer for String Solvers,2018.0,53.0,9.0,12.7903,False
10.1007/978-3-319-96142-2_7,True,,https://openalex.org/W2796522192,Permission Inference for Array Programs,2018.0,1.0,43.0,0.2715,False
10.1007/978-3-319-96142-2_9,True,,https://openalex.org/W2884604380,Automata vs Linear-Programming Discounted-Sum Inclusion,2018.0,7.0,21.0,1.9737,False
10.1007/978-3-319-96145-3_10,True,,https://openalex.org/W2803369237,JBMC: A Bounded Model Checking Tool for Verifying Java Bytecode,2018.0,69.0,14.0,10.8555,False
10.1007/978-3-319-96145-3_12,True,,https://openalex.org/W2884243532,Fast Numerical Program Analysis with Reinforcement Learning,2018.0,24.0,27.0,9.0119,False
10.1007/978-3-319-96145-3_16,True,,https://openalex.org/W2882990014,Synthesizing Reactive Systems from Hyperproperties,2018.0,31.0,23.0,6.2444,False
10.1007/978-3-319-96145-3_18,True,,https://openalex.org/W2797085787,Constraint-Based Synthesis of Coupling Proofs,2018.0,5.0,36.0,0.4934,False
10.1007/978-3-319-96145-3_19,True,,https://openalex.org/W2883239200,Controller Synthesis Made Real: Reach-Avoid Specifications and Linear Dynamics,2018.0,38.0,42.0,8.3883,False
10.1007/978-3-319-96145-3_2,True,,https://openalex.org/W2883282789,From Programs to Interpretable Deep Models and Back,2018.0,11.0,13.0,2.6463,False
10.1007/978-3-319-96145-3_20,True,,https://openalex.org/W2883665545,Synthesis of Asynchronous Reactive Programs from Temporal Specifications,2018.0,9.0,36.0,2.9606,False
10.1007/978-3-319-96145-3_21,True,,https://openalex.org/W2884889320,Syntax-Guided Synthesis with Quantitative Syntactic Objectives,2018.0,23.0,24.0,4.7742,False
10.1007/978-3-319-96145-3_24,True,,https://openalex.org/W2883974304,Reachable Set Over-Approximation for Nonlinear Systems Using Piecewise Barrier Tubes,2018.0,12.0,41.0,5.7479,False
10.1007/978-3-319-96145-3_27,True,,https://openalex.org/W2884771291,Monitoring CTMCs by Multi-clock Timed Automata,2018.0,5.0,34.0,0.9869,False
10.1007/978-3-319-96145-3_28,True,,https://openalex.org/W2884909450,Start Pruning When Time Gets Urgent: Partial Order Reduction for Timed Systems,2018.0,13.0,40.0,2.9638,False
10.1007/978-3-319-96145-3_29,True,,https://openalex.org/W2797651859,A Counting Semantics for Monitoring LTL Specifications over Finite Traces,2018.0,1.0,19.0,0.4934,False
10.1007/978-3-319-96145-3_30,True,,https://openalex.org/W2884525686,Rabinizer 4: From LTL to Your Favourite Deterministic Automaton,2018.0,43.0,55.0,14.3095,False
10.1007/978-3-319-96145-3_31,True,,https://openalex.org/W2883465722,Strix: Explicit Reactive Synthesis Strikes Back!,2018.0,100.0,30.0,20.7241,False
10.1007/978-3-319-96145-3_33,True,,https://openalex.org/W2883459807,Nagini: A Static Verifier for Python,2018.0,40.0,21.0,8.3883,False
10.1007/978-3-319-96145-3_34,True,,https://openalex.org/W2883472767,Peregrine: A Tool for the Analysis of Population Protocols,2018.0,11.0,20.0,4.3334,False
10.1007/978-3-319-96145-3_35,True,,https://openalex.org/W2884578439,ADAC: Automated Design of Approximate Circuits,2018.0,10.0,25.0,4.6136,False
10.1007/978-3-319-96145-3_39,True,,https://openalex.org/W2883844381,Deciding Probabilistic Bisimilarity Distance One for Labelled Markov Chains,2018.0,6.0,32.0,1.344,False
10.1007/978-3-319-96145-3_9,True,,https://openalex.org/W2884840976,Exploiting Synchrony and Symmetry in Relational Verification,2018.0,25.0,34.0,4.344,False
10.1007/978-94-007-0008-6_3,True,,https://openalex.org/W4232668672,Probabilistic Argumentation,2010.0,7.0,13.0,0.2832,False
10.1016/j.entcs.2020.02.007,True,,https://openalex.org/W2751714750,Populational Announcement Logic (PPAL),2020.0,0.0,17.0,0.0,False
10.1016/j.tcs.2019.07.003,True,,https://openalex.org/W2784921327,Type-two polynomial-time and restricted lookahead,2019.0,2.0,52.0,0.4,False
10.1017/s1471068420000095,True,,https://openalex.org/W2898772359,Omission-Based Abstraction for Answer Set Programs,2020.0,8.0,62.0,0.6795,False
10.1017/s147106842400022x,True,,https://openalex.org/W4406400491,A Reliable Common-Sense Reasoning Socialbot Built Using LLMs and Goal-Directed ASP,2024.0,1.0,0.0,0.3311,False
10.1017/s1471068424000322,True,,https://openalex.org/W4406400595,A Neurosymbolic Framework for Bias Correction in Convolutional Neural Networks,2024.0,2.0,0.0,0.6623,False
10.1038/scientificamerican0398-20b,True,,https://openalex.org/W4229584150,Unsound Reasoning,1998.0,0.0,0.0,0.0,False
10.1109/cavs.2019.8887759,True,,https://openalex.org/W2952347771,Spatio-Temporal Dynamics of Cellular V2X Communication in Dense Vehicular Networks,2019.0,9.0,23.0,0.9683,False
10.1109/cavs.2019.8887763,True,,https://openalex.org/W2982651920,Alternative Intersection Designs with Connected and Automated Vehicle,2019.0,9.0,22.0,1.3305,False
10.1109/cavs.2019.8887764,True,,https://openalex.org/W2982496908,Meta-Deep Q-Learning for Eco-Routing,2019.0,8.0,32.0,0.3783,False
10.1109/cavs.2019.8887768,True,,https://openalex.org/W2964238955,Correct-by-Construction Advanced Driver Assistance Systems Based on a Cognitive Architecture,2019.0,5.0,33.0,0.1996,False
10.1109/cavs.2019.8887774,True,,https://openalex.org/W2982597264,Experimental Analysis of DSRC for Radio Signaling at Grade Crossings,2019.0,3.0,13.0,0.3577,False
10.1109/cavs.2019.8887778,True,,https://openalex.org/W2954910325,Location Anomalies Detection for Connected and Autonomous Vehicles,2019.0,1.0,20.0,0.0,False
10.1109/cavs.2019.8887781,True,,https://openalex.org/W2982664025,Latency Analysis of LTE Networks for Vehicular Communications Based on Experiments and Computer Simulation,2019.0,1.0,7.0,0.1192,False
10.1109/cavs.2019.8887782,True,,https://openalex.org/W2982503554,On Calendar-Based Scheduling for User-Friendly Charging of Plug-In Electric Vehicles,2019.0,7.0,19.0,0.4769,False
10.1109/cavs.2019.8887783,True,,https://openalex.org/W2982492323,A Probabilistic Framework for Trajectory Prediction in Traffic Utilizing Driver Characterization,2019.0,4.0,12.0,0.3783,False
10.1109/cavs.2019.8887784,True,,https://openalex.org/W2982300163,Clustering Strategies of Cooperative Adaptive Cruise Control: Impacts on Human-Driven Vehicles,2019.0,5.0,39.0,0.3326,False
10.1109/cavs.2019.8887787,True,,https://openalex.org/W2982480046,Coordinating AV Dispatch with Smart Remote Parking,2019.0,2.0,10.0,0.317,False
10.1109/cavs.2019.8887788,True,,https://openalex.org/W2982516959,Towards Bridging the Gap between Modern and Legacy Automotive ECUs: A Software-Based Security Framework for Legacy ECUs,2019.0,13.0,33.0,0.4843,False
10.1109/cavs.2019.8887791,True,,https://openalex.org/W2963065253,Investigating Value of Information in Future Vehicular Communications,2019.0,2.0,17.0,0.3706,False
10.1109/cavs.2019.8887792,True,,https://openalex.org/W2963938273,Path Loss Models for V2V mmWave Communication: Performance Evaluation and Open Challenges,2019.0,4.0,15.0,0.2412,False
10.1109/cavs.2019.8887793,True,,https://openalex.org/W2982693694,Modeling V2X Communications across Multiple Road Levels,2019.0,4.0,21.0,0.2422,False
10.1109/cavs.2019.8887797,True,,https://openalex.org/W2944821437,Real-Time Hardware-In-the-Loop Emulation Framework for DSRC-Based Connected Vehicle Applications,2019.0,8.0,18.0,0.8441,False
10.1109/cavs.2019.8887800,True,,https://openalex.org/W2982704109,Safety Planning Using Control Barrier Function: A Model Predictive Control Scheme,2019.0,11.0,16.0,0.5042,False
10.1109/cavs.2019.8887811,True,,https://openalex.org/W2982598208,Geometrical Modeling of Non-Stationary Polarimetric Vehicular Radio Channels,2019.0,4.0,16.0,0.242,False
10.1109/cavs.2019.8887827,True,,https://openalex.org/W2982432300,Analysis of the Effects of Communication Trust and Delay on Consensus of Multi-Agent Systems,2019.0,2.0,9.0,0.1768,False
10.1109/cavs.2019.8887832,True,,https://openalex.org/W2982702536,Cooperative Perception in Connected Vehicle Traffic under Field-of-View and Participation Variations,2019.0,6.0,33.0,0.9979,False
10.1109/cavs.2019.8887834,True,,https://openalex.org/W2963088949,VRLS: A Unified Reinforcement Learning Scheduler for Vehicle-to-Vehicle Communications,2019.0,0.0,10.0,0.0,False
10.1109/cavs.2019.8887840,True,,https://openalex.org/W2982397286,C-V2X Assisted mmWave V2V Scheduling,2019.0,17.0,8.0,0.484,False
10.1109/cavs.2019.8887848,True,,https://openalex.org/W2982668155,Path Loss Analysis and Modeling for Vehicle-to-Vehicle Communications in Convoys in Safety-Related Scenarios,2019.0,7.0,20.0,0.4769,False
10.1109/cavs51000.2020.9334558,True,,https://openalex.org/W3126791619,Cooperative Multi-Modal Localization in Connected and Autonomous Vehicles,2020.0,17.0,14.0,1.2445,False
10.1109/cavs51000.2020.9334559,True,,https://openalex.org/W3126970084,A Context Aware and Traffic Adaptive Privacy Scheme in VANETs,2020.0,7.0,24.0,0.411,False
10.1109/cavs51000.2020.9334562,True,,https://openalex.org/W3129131141,Machine Learning Techniques for Vehicle Matching with Non-Overlapping Visual Features,2020.0,6.0,27.0,0.5887,False
10.1109/cavs51000.2020.9334578,True,,https://openalex.org/W3129061113,Evaluation of Sensor Tolerances and Inevitability for Pre-Crash Safety Systems in Real Case Scenarios,2020.0,4.0,19.0,0.4026,False
10.1109/cavs51000.2020.9334579,True,,https://openalex.org/W3128333663,Cooperative Road Geometry Estimation via Sharing Processed Camera Data,2020.0,2.0,12.0,0.1007,False
10.1109/cavs51000.2020.9334587,True,,https://openalex.org/W3128134022,Validation and testing of the decentralized architecture for the occupancy grid filtering pipeline,2020.0,0.0,29.0,0.0,False
10.1109/cavs51000.2020.9334596,True,,https://openalex.org/W3129059695,Multi-Vehicle Coordination and Real-time Control of Connected and Automated Vehicles at Roundabouts,2020.0,3.0,18.0,0.4413,False
10.1109/cavs51000.2020.9334597,True,,https://openalex.org/W3097465396,Interaction-aware risk assessment: focus on the lateral intention,2020.0,6.0,30.0,0.5089,False
10.1109/cavs51000.2020.9334598,True,,https://openalex.org/W3127906584,Vehicle maneuver-based long-term trajectory prediction at intersection crossings,2020.0,8.0,16.0,0.7046,False
10.1109/cavs51000.2020.9334599,True,,https://openalex.org/W3038904154,Formalizing Traffic Rules for Machine Interpretability,2020.0,41.0,16.0,1.7275,False
10.1109/cavs51000.2020.9334603,True,,https://openalex.org/W3129105764,A Methodology to Determine Test Scenarios for Sensor Constellation Evaluations,2020.0,4.0,9.0,0.3019,False
10.1109/cavs51000.2020.9334605,True,,https://openalex.org/W3128584705,Performance Analysis of Cellular-V2X with Adaptive &amp; Selective Power Control,2020.0,20.0,25.0,1.4519,False
10.1109/cavs51000.2020.9334618,True,,https://openalex.org/W3093522948,Bandwidth-Adaptive Feature Sharing for Cooperative LIDAR Object Detection,2020.0,0.0,18.0,0.0,False
10.1109/cavs51000.2020.9334621,True,,https://openalex.org/W3126234449,Look-ahead Horizon based Energy Optimization for Connected Hybrid Electric Vehicles,2020.0,1.0,12.0,0.1007,False
10.1109/cavs51000.2020.9334622,True,,https://openalex.org/W3126238169,Pose-graph based Crowdsourced Mapping Framework,2020.0,8.0,22.0,0.3531,False
10.1109/cavs51000.2020.9334630,True,,https://openalex.org/W3128521232,Simulation Framework for Platooning based on Gazebo and SUMO,2020.0,2.0,33.0,0.2942,False
10.1109/cavs51000.2020.9334636,True,,https://openalex.org/W3126264610,A Probabilistic Model for Visual Driver Gaze Approximation from Head Pose Estimation,2020.0,10.0,27.0,0.816,False
10.1109/cavs51000.2020.9334640,True,,https://openalex.org/W3127217795,Utility of Traffic Information in Dynamic Routing: Is Sharing Information Always Useful?,2020.0,2.0,13.0,0.0,False
10.1109/cavs51000.2020.9334646,True,,https://openalex.org/W3126412791,Evaluation of Measurement Space Representations of Deep Multi-Modal Object Detection for Extended Object Tracking in Autonomous Driving,2020.0,5.0,17.0,0.4026,False
10.1109/cavs51000.2020.9334649,True,,https://openalex.org/W3126572132,Platoon String Stability: A Passivity Perspective,2020.0,3.0,18.0,0.2942,False
10.1109/cavs51000.2020.9334650,True,,https://openalex.org/W3087531718,A Data-Driven Minimal Approach for CAN Bus Reverse Engineering,2020.0,13.0,8.0,1.0646,False
10.1109/cavs51000.2020.9334658,True,,https://openalex.org/W3128911570,A MEC-assisted Vehicle Platooning Control through Docker Containers,2020.0,9.0,18.0,0.6165,False
10.1109/cavs51000.2020.9334661,True,,https://openalex.org/W3126541278,Collaborative Collision Avoidance for CAVs in Unpredictable Scenarios,2020.0,4.0,13.0,0.3908,False
10.1109/cavs51000.2020.9334665,True,,https://openalex.org/W3029792616,A Maneuver-based Urban Driving Dataset and Model for Cooperative Vehicle Applications,2020.0,6.0,16.0,0.6109,False
10.1109/cavs51000.2020.9334669,True,,https://openalex.org/W3127618031,Prototyping EcoCAR Connected Vehicle Testing System Using DigiCAV Development Platform,2020.0,2.0,14.0,0.2942,False
10.1109/cavs51000.2020.9334670,True,,https://openalex.org/W3127290180,Hybrid Model Based Pre-Crash Severity Estimation for Automated Driving,2020.0,2.0,23.0,0.0,False
10.1109/cavs51000.2020.9334679,True,,https://openalex.org/W3127484806,CORR: Collaborative On-Road Reputation,2020.0,4.0,14.0,0.411,False
10.1109/cavs51000.2020.9334683,True,,https://openalex.org/W3128314987,Sequence Prediction-based Proactive Caching in Vehicular Content Networks,2020.0,14.0,14.0,2.0043,False
10.1109/cavs51000.2020.9334684,True,,https://openalex.org/W3128117726,Location Information Verification in Future Vehicular Networks,2020.0,3.0,32.0,0.2055,False
10.1109/icacsis51025.2020.9263160,True,,https://openalex.org/W3097308036,Actual Causality in Contextual Abduction,2020.0,0.0,24.0,0.0,False
10.1109/icra57147.2024.10610800,True,,https://openalex.org/W4401416695,When Prolog Meets Generative Models: a New Approach for Managing Knowledge and Planning in Robotic Applications,2024.0,2.0,26.0,0.7088,False
10.1109/lics.2017.8005058,True,,https://openalex.org/W2743625806,LICS 2017 foreword,2017.0,0.0,0.0,0.0,False
10.1109/lics.2017.8005061,True,,https://openalex.org/W4241548587,Logic and regular cost functions,2017.0,1.0,49.0,0.2271,False
10.1109/lics.2017.8005062,True,,https://openalex.org/W4246964860,Symbolic execution and probabilistic reasoning,2017.0,0.0,0.0,0.0,False
10.1109/lics.2017.8005063,True,,https://openalex.org/W2790951394,Algorithms for some infinite-state MDPs and stochastic games,2017.0,0.0,0.0,0.0,False
10.1109/lics.2017.8005064,True,,https://openalex.org/W4235052724,Quantitative semantics of the lambda calculus: Some generalisations of the relational model,2017.0,14.0,77.0,0.5851,False
10.1109/lics.2017.8005065,True,,https://openalex.org/W2950259592,Linear combinations of unordered data vectors,2017.0,10.0,46.0,0.59185335,False
10.1109/lics.2017.8005066,True,,https://openalex.org/W2742607615,An interpretation of system F through bar recursion,2017.0,2.0,19.0,0.45835928,False
10.1109/lics.2017.8005067,True,,https://openalex.org/W2738940941,On the extension of computable real functions,2017.0,0.0,16.0,0.0,False
10.1109/lics.2017.8005068,True,,https://openalex.org/W4235482987,Logics for continuous reachability in Petri nets and vector addition systems with states,2017.0,15.0,27.0,0.2271,False
10.1109/lics.2017.8005069,True,,https://openalex.org/W2743687969,Foundation for a series of efficient simulation algorithms,2017.0,10.0,20.0,0.9428,False
10.1109/lics.2017.8005071,True,,https://openalex.org/W4239300366,Foundational nonuniform (Co)datatypes for higher-order logic,2017.0,7.0,38.0,0.8768,False
10.1109/lics.2017.8005072,True,,https://openalex.org/W4232321989,Common knowledge and multi-scale locality analysis in Cayley structures,2017.0,0.0,13.0,0.0,False
10.1109/lics.2017.8005073,True,,https://openalex.org/W4251307572,"Herbrand property, finite quasi-Herbrand models, and a Chandra-Merlin theorem for quantified conjunctive queries",2017.0,1.0,33.0,0.195,False
10.1109/lics.2017.8005074,True,,https://openalex.org/W4233380913,"Bar induction: The good, the bad, and the ugly",2017.0,9.0,74.0,1.2472,False
10.1109/lics.2017.8005075,True,,https://openalex.org/W4241592569,Constructive completeness for the linear-time μ-calculus,2017.0,12.0,10.0,0.7801,False
10.1109/lics.2017.8005077,True,,https://openalex.org/W4231853601,Higher-order parity automata,2017.0,4.0,31.0,0.4542,False
10.1109/lics.2017.8005078,True,,https://openalex.org/W3099918261,Large scale geometries of infinite strings,2017.0,1.0,12.0,0.4283,False
10.1109/lics.2017.8005080,True,,https://openalex.org/W2951908009,Learning first-order definable concepts over structures of small degree,2017.0,10.0,38.0,1.8334371,False
10.1109/lics.2017.8005081,True,,https://openalex.org/W4236447024,Descriptive complexity of linear equation systems and applications to propositional proof complexity,2017.0,5.0,40.0,0.6813,False
10.1109/lics.2017.8005082,True,,https://openalex.org/W4234274921,Definability of summation problems for Abelian groups and semigroups,2017.0,5.0,30.0,0.2271,False
10.1109/lics.2017.8005083,True,,https://openalex.org/W4230386512,Timed pushdown automata and branching vector addition systems,2017.0,4.0,24.0,0.4741,False
10.1109/lics.2017.8005084,True,,https://openalex.org/W2284580331,Fibred fibration categories,2017.0,4.0,37.0,1.1341,False
10.1109/lics.2017.8005085,True,,https://openalex.org/W2404691361,The logic of counting query answers,2017.0,3.0,31.0,0.3731,False
10.1109/lics.2017.8005086,True,,https://openalex.org/W2949905085,Enumeration reducibility in closure spaces with applications to logic and algebra,2017.0,4.0,39.0,0.0,False
10.1109/lics.2017.8005088,True,,https://openalex.org/W4232563889,Cut-free completeness for modal mu-calculus,2017.0,32.0,27.0,1.9502,False
10.1109/lics.2017.8005090,True,,https://openalex.org/W4230458283,Computing quantiles in Markov chains with multi-dimensional costs,2017.0,2.0,43.0,0.2271,False
10.1109/lics.2017.8005091,True,,https://openalex.org/W4236742574,Riesz Modal logic for Markov processes,2017.0,5.0,25.0,1.1837067,False
10.1109/lics.2017.8005092,True,,https://openalex.org/W2950091953,Succinct progress measures for solving parity games,2017.0,54.0,30.0,7.3463,False
10.1109/lics.2017.8005093,True,,https://openalex.org/W4244792815,Generalised species of rigid resource terms,2017.0,14.0,36.0,0.5851,False
10.1109/lics.2017.8005094,True,,https://openalex.org/W2952647121,A fine-grained hierarchy of hard problems in the separated fragment,2017.0,4.0,20.0,0.9564,False
10.1109/lics.2017.8005096,True,,https://openalex.org/W2953022118,On delay and regret determinization of max-plus automata,2017.0,10.0,36.0,0.7107,False
10.1109/lics.2017.8005097,True,,https://openalex.org/W2743482027,The clocks are ticking: No more delays!,2017.0,35.0,35.0,2.9044,False
10.1109/lics.2017.8005099,True,,https://openalex.org/W4245020129,"Uniform, integral and efficient proofs for the determinant identities",2017.0,0.0,17.0,0.0,False
10.1109/lics.2017.8005100,True,,https://openalex.org/W3136906194,,2017.0,8.0,21.0,,False
10.1109/lics.2017.8005101,True,,https://openalex.org/W4255971878,Polynomial automata: Zeroness and applications,2017.0,18.0,34.0,1.1837067,False
10.1109/lics.2017.8005102,True,,https://openalex.org/W2744496130,On the axiomatizability of quantitative algebras,2017.0,26.0,20.0,0.9482,False
10.1109/lics.2017.8005104,True,,https://openalex.org/W4238580417,Foundations of information integration under bag semantics,2017.0,9.0,31.0,1.2432,False
10.1109/lics.2017.8005105,True,,https://openalex.org/W2608760006,Perfect half space games,2017.0,13.0,16.0,2.1328,False
10.1109/lics.2017.8005106,True,,https://openalex.org/W4248948614,The homomorphism problem for regular graph patterns,2017.0,4.0,40.0,0.29592668,False
10.1109/lics.2017.8005108,True,,https://openalex.org/W4240656561,Definability of semidefinite programming and lasserre lower bounds for CSPs,2017.0,9.0,21.0,1.3627,False
10.1109/lics.2017.8005109,True,,https://openalex.org/W2952042032,A monad for full ground reference cells,2017.0,13.0,39.0,0.6236,False
10.1109/lics.2017.8005110,True,,https://openalex.org/W2585038784,Quotients in monadic programming: Projective algebras are equivalent to coalgebras,2017.0,1.0,40.0,0.2077,False
10.1109/lics.2017.8005111,True,,https://openalex.org/W2963214527,Register automata with linear arithmetic,2017.0,11.0,45.0,1.1837067,False
10.1109/lics.2017.8005112,True,,https://openalex.org/W2745032787,The geometry of concurrent interaction: Handling multiple ports by way of multiple tokens,2017.0,3.0,37.0,0.7173,False
10.1109/lics.2017.8005113,True,,https://openalex.org/W4230636828,An effectful way to eliminate addiction to dependence,2017.0,22.0,17.0,2.2899,False
10.1109/lics.2017.8005114,True,,https://openalex.org/W4252866964,Equivalence of inductive definitions and cyclic proofs under arithmetic,2017.0,15.0,10.0,1.1701,False
10.1109/lics.2017.8005115,True,,https://openalex.org/W2949904570,Model-checking for successor-invariant first-order formulas on graph classes of bounded expansion,2017.0,4.0,38.0,0.2391,False
10.1109/lics.2017.8005119,True,,https://openalex.org/W4242392412,The continuity of monadic stream functions,2017.0,1.0,25.0,0.195,False
10.1109/lics.2017.8005120,True,,https://openalex.org/W4237817328,A cartesian-closed category for higher-order model checking,2017.0,6.0,30.0,0.4163,False
10.1109/lics.2017.8005121,True,,https://openalex.org/W2951556079,Understanding the complexity of #SAT using knowledge compilation,2017.0,6.0,49.0,1.37507783,False
10.1109/lics.2017.8005122,True,,https://openalex.org/W4237079078,The primitivity of operators in the algebra of binary relations under conjunctions of containments,2017.0,3.0,21.0,0.70757605,False
10.1109/lics.2017.8005124,True,,https://openalex.org/W4244139543,A type-theoretical definition of weak ω-categories,2017.0,15.0,12.0,1.1188,False
10.1109/lics.2017.8005125,True,,https://openalex.org/W2577893161,Games with costs and delays,2017.0,4.0,30.0,0.88778003,False
10.1109/lics.2017.8005127,True,,https://openalex.org/W4237646746,Typability in bounded dimension,2017.0,3.0,19.0,0.39,False
10.1109/lics.2017.8005128,True,,https://openalex.org/W4242963547,The equivalence of two dichotomy conjectures for infinite domain constraint satisfaction problems,2017.0,17.0,28.0,3.3851,False
10.1109/lics.2017.8005129,True,,https://openalex.org/W2952430021,The pebbling comonad in Finite Model Theory,2017.0,35.0,45.0,0.6236,False
10.1109/lics.2017.8005130,True,,https://openalex.org/W2579485446,Stack semantics of type theory,2017.0,23.0,22.0,2.1452,False
10.1109/lics.2017.8005131,True,,https://openalex.org/W2950438263,MDPs with energy-parity objectives,2017.0,9.0,28.0,0.9565,False
10.1109/lics.2017.8005132,True,,https://openalex.org/W4239343974,Partial derivatives on graphs for Kleene allegories,2017.0,4.0,23.0,0.2371,False
10.1109/lics.2017.8005134,True,,https://openalex.org/W2607094846,On strong determinacy of countable stochastic games,2017.0,1.0,33.0,0.0,False
10.1109/lics.2017.8005135,True,,https://openalex.org/W2573697834,Domains and event structures for fusions,2017.0,4.0,35.0,0.91671855,False
10.1109/lics.2017.8005137,True,,https://openalex.org/W2949151551,A convenient category for higher-order probability theory,2017.0,93.0,45.0,6.6519,False
10.1109/lics.2017.8005138,True,,https://openalex.org/W2963308684,Untwisting two-way transducers in elementary time,2017.0,1.0,25.0,0.29592668,False
10.1109/lics.2017.8005139,True,,https://openalex.org/W2578816037,Bounded time computation on metric spaces and Banach spaces,2017.0,3.0,56.0,0.59185335,False
10.1109/lics.2017.8005140,True,,https://openalex.org/W2951816679,Quantifiers on languages and codensity monads,2017.0,10.0,33.0,1.47963338,False
10.1109/lics.2017.8005141,True,,https://openalex.org/W2961332145,"Decidability, complexity, and expressiveness of first-order logic over the subword ordering",2017.0,33.0,40.0,3.25519343,False
10.1109/lics.2017.8005142,True,,https://openalex.org/W2952451361,Lean and full congruence formats for recursion,2017.0,8.0,62.0,1.14589819,False
10.1109/lics.2017.8005143,True,,https://openalex.org/W4233687175,Differentiation in logical form,2017.0,3.0,32.0,0.8567,False
10.1109/lics.2017.8005144,True,,https://openalex.org/W2952681039,Static analysis of deterministic negotiations,2017.0,0.0,38.0,0.0,False
10.1109/lics.2017.8005145,True,,https://openalex.org/W4236572552,On shift-invariant maximal filters and hormonal cellular automata,2017.0,2.0,12.0,0.59185335,False
10.1109/lics.2017.8005146,True,,https://openalex.org/W2608452728,The real projective spaces in homotopy type theory,2017.0,17.0,12.0,3.7285,False
10.1109/lics.2017.8005147,True,,https://openalex.org/W2541184038,Data structures for quasistrict higher categories,2017.0,15.0,58.0,2.9861,False
10.1109/lics.2017.8005148,True,,https://openalex.org/W2956143764,A crevice on the Crane Beach: Finite-degree predicates,2017.0,1.0,29.0,0.0,False
10.1109/lics.2017.8005151,True,,https://openalex.org/W2950625645,Categorical liveness checking by corecursive algebras,2017.0,8.0,44.0,0.8327,False
10.1109/lics.2017.8005152,True,,https://openalex.org/W4212867720,Unrestricted stone duality for Markov processes,2017.0,5.0,36.0,0.6229,False
10.1109/lics.2017.8005153,True,,https://openalex.org/W2949292350,A weakest pre-expectation semantics for mixed-sign expectations,2017.0,20.0,22.0,1.77556005,False
10.1109/lics.2019.8785655,True,,https://openalex.org/W2911711699,Separation and covering for group based concatenation hierarchies,2019.0,1.0,44.0,0.0,False
10.1109/lics.2019.8785656,True,,https://openalex.org/W2966380268,Why Propositional Quantification Makes Modal Logics on Trees Robustly Hard?,2019.0,9.0,70.0,1.6169,False
10.1109/lics.2019.8785657,True,,https://openalex.org/W2965051683,Higher-Kinded Data Types: Syntax and Semantics,2019.0,16.0,13.0,1.7317,False
10.1109/lics.2019.8785658,True,,https://openalex.org/W2939365950,Model Comparison Games for Horn Description Logics,2019.0,2.0,76.0,0.2893,False
10.1109/lics.2019.8785659,True,,https://openalex.org/W2964405786,The Logic of Action Lattices is Undecidable,2019.0,10.0,41.0,1.7966,False
10.1109/lics.2019.8785660,True,,https://openalex.org/W2965115871,Point-width and Max-CSPs,2019.0,4.0,46.0,0.85677807,False
10.1109/lics.2019.8785661,True,,https://openalex.org/W2910300312,Path Spaces of Higher Inductive Types in Homotopy Type Theory,2019.0,2.0,30.0,0.7672,False
10.1109/lics.2019.8785664,True,,https://openalex.org/W2911859205,Categorical Semantics for Time Travel,2019.0,0.0,40.0,0.0,False
10.1109/lics.2019.8785665,True,,https://openalex.org/W2770981215,Backprop as Functor: A compositional perspective on supervised learning,2019.0,12.0,21.0,1.3969,False
10.1109/lics.2019.8785666,True,,https://openalex.org/W2914811296,Descriptive complexity for minimal time of cellular automata,2019.0,0.0,27.0,0.0,False
10.1109/lics.2019.8785667,True,,https://openalex.org/W2966628452,A Sequent Calculus for Opetopes,2019.0,3.0,18.0,0.3742441,False
10.1109/lics.2019.8785668,True,,https://openalex.org/W3098424123,Approximate Span Liftings: Compositional Semantics for Relaxations of Differential Privacy,2019.0,24.0,51.0,2.3123,False
10.1109/lics.2019.8785669,True,,https://openalex.org/W2964639963,Block products for algebras over countable words and applications to logic,2019.0,2.0,29.0,0.3992,False
10.1109/lics.2019.8785670,True,,https://openalex.org/W2965268424,Differentiable Causal Computations via Delayed Trace,2019.0,16.0,48.0,1.862,False
10.1109/lics.2019.8785671,True,,https://openalex.org/W2966704335,Promises Make Finite (Constraint Satisfaction) Problems Infinitary,2019.0,3.0,25.0,0.5987,False
10.1109/lics.2019.8785672,True,,https://openalex.org/W2965562740,Long-run Satisfaction of Path Properties,2019.0,3.0,43.0,0.4042,False
10.1109/lics.2019.8785674,True,,https://openalex.org/W2966569729,Lambda Y-Calculus With Priorities,2019.0,4.0,53.0,0.2886,False
10.1109/lics.2019.8785676,True,,https://openalex.org/W2966476010,Completeness for Game Logic,2019.0,13.0,32.0,1.5896,False
10.1109/lics.2019.8785677,True,,https://openalex.org/W2965181344,A comonadic view of simulation and quantum resources,2019.0,18.0,34.0,1.5015,False
10.1109/lics.2019.8785678,True,,https://openalex.org/W2964737300,A short story of the CSP dichotomy conjecture,2019.0,1.0,16.0,0.194,False
10.1109/lics.2019.8785680,True,,https://openalex.org/W2965387605,The convex hull of finitely generable subsets and its predicate transformer,2019.0,4.0,52.0,1.1659,False
10.1109/lics.2019.8785681,True,,https://openalex.org/W2966181201,On the Existential Theories of Büchi Arithmetic and Linear p-adic Fields,2019.0,10.0,31.0,0.9996,False
10.1109/lics.2019.8785682,True,,https://openalex.org/W2964662878,Canonisation and Definability for Graphs of Bounded Rank Width,2019.0,19.0,47.0,2.5218,False
10.1109/lics.2019.8785683,True,,https://openalex.org/W2944379287,A Type Theory for Defining Logics and Proofs,2019.0,0.0,21.0,0.0,False
10.1109/lics.2019.8785684,True,,https://openalex.org/W2964498318,Timed Systems through the Lens of Logic,2019.0,6.0,47.0,1.2127,False
10.1109/lics.2019.8785687,True,,https://openalex.org/W2965079939,Describing free $\omega$ -categories,2019.0,0.0,17.0,0.0,False
10.1109/lics.2019.8785694,True,,https://openalex.org/W2944363028,"Walk refinement, walk logic, and the iteration number of the Weisfeiler-Leman algorithm",2019.0,2.0,15.0,0.1996,False
10.1109/lics.2019.8785699,True,,https://openalex.org/W2909932931,Lambda Calculus and Probabilistic Computation,2019.0,2.0,37.0,0.289,False
10.1109/lics.2019.8785700,True,,https://openalex.org/W2964880323,Quantum channels as a categorical completion,2019.0,11.0,55.0,2.29,False
10.1109/lics.2019.8785708,True,,https://openalex.org/W2965374511,A type theory for cartesian closed bicategories (Extended Abstract),2019.0,13.0,67.0,0.7001,False
10.1109/lics.2019.8785713,True,,https://openalex.org/W2965215003,The Hierarchy of Hyperlogics,2019.0,35.0,22.0,2.7486,False
10.1109/lics.2019.8785715,True,,https://openalex.org/W2965219905,Probabilistic Relational Reasoning via Metrics,2019.0,28.0,42.0,2.4564,False
10.1109/lics.2019.8785725,True,,https://openalex.org/W2965839166,Type-Based Complexity Analysis of Probabilistic Functional Programs,2019.0,19.0,57.0,1.3066,False
10.1109/lics.2019.8785736,True,,https://openalex.org/W2965444251,History-Dependent Nominal μ-Calculus,2019.0,0.0,46.0,0.0,False
10.1109/lics.2019.8785748,True,,https://openalex.org/W2966280809,Local normal forms and their use in algorithmic meta theorems (Invited Talk),2019.0,1.0,28.0,0.38,False
10.1109/lics.2019.8785754,True,,https://openalex.org/W2800575014,A Generic Normal Form for ZX-Diagrams and Application to the Rational Angle Completeness,2019.0,1.0,33.0,0.1447,False
10.1109/lics.2019.8785762,True,,https://openalex.org/W2964538196,Algorithmic barriers to representing conditional independence,2019.0,2.0,29.0,0.2,False
10.1109/lics.2019.8785765,True,,https://openalex.org/W2966200829,A Near-Minimal Axiomatisation of ZX-Calculus for Pure Qubit Quantum Mechanics,2019.0,51.0,46.0,4.065,False
10.1109/lics.2019.8785779,True,,https://openalex.org/W2912352268,Quantum Hoare Logic with Ghost Variables,2019.0,32.0,34.0,2.8903,False
10.1109/lics.2019.8785784,True,,https://openalex.org/W2933925126,HoCHC: A Refutationally Complete and Semantically Invariant System of Higher-order Logic Modulo Theories,2019.0,8.0,35.0,1.0126,False
10.1109/lics.2019.8785792,True,,https://openalex.org/W2911917786,On the Power of Symmetric Linear Programs,2019.0,0.0,44.0,0.0,False
10.1109/lics.2019.8785796,True,,https://openalex.org/W2965199304,Reachability in Vector Addition Systems is Primitive-Recursive in Fixed Dimension,2019.0,59.0,46.0,6.7991,False
10.1109/lics.2019.8785809,True,,https://openalex.org/W2908429453,A Probabilistic and Non-Deterministic Call-by-Push-Value Language,2019.0,0.0,21.0,0.0,False
10.1109/lics.2019.8785811,True,,https://openalex.org/W2965343728,Learning Concepts Definable in First-Order Logic with Counting,2019.0,2.0,20.0,0.1444,False
10.1109/lics.2019.8785823,True,,https://openalex.org/W2947136671,When is Ontology-Mediated Querying Efficient?,2019.0,9.0,59.0,1.156,False
10.1109/lics.2019.8785827,True,,https://openalex.org/W2966315061,Intuitionistic proofs without syntax,2019.0,11.0,28.0,1.0163,False
10.1109/lics.2019.8785830,True,,https://openalex.org/W2965115827,Template games and differential linear logic,2019.0,13.0,21.0,1.1562,False
10.1109/lics.2019.8785834,True,,https://openalex.org/W2939512914,Realizability in the Unitary Sphere,2019.0,13.0,27.0,0.434,False
10.1109/lics.2019.8785848,True,,https://openalex.org/W2911917123,Bisimulation Equivalence of First-Order Grammars is ACKERMANN-Complete,2019.0,4.0,42.0,0.7983,False
10.1109/lics.2019.8785850,True,,https://openalex.org/W2965618079,"Presburger arithmetic with stars, rational subsets of graph groups, and nested zero tests",2019.0,11.0,68.0,1.3999,False
10.1109/lics.2019.8785877,True,,https://openalex.org/W2965266081,Graphical Affine Algebra,2019.0,41.0,36.0,4.8496,False
10.1109/lics.2019.8785883,True,,https://openalex.org/W2964575026,Topology is relevant (in a dichotomy conjecture for infinite-domain constraint satisfaction problems),2019.0,5.0,30.0,0.5987,False
10.1109/lics.2019.8785892,True,,https://openalex.org/W2965659827,MSO+∇ is undecidable,2019.0,2.0,32.0,0.388,False
10.1109/lics.2019.8785895,True,,https://openalex.org/W2914349548,High-level methods for homotopy construction in associative n-categories,2019.0,3.0,15.0,1.1437,False
10.1109/lics52264.2021.9470502,True,,https://openalex.org/W3182554853,Towards a more efficient approach for the satisfiability of two-variable logic,2021.0,4.0,42.0,0.5919,False
10.1109/lics52264.2021.9470508,True,,https://openalex.org/W3159201420,Gödel-McKinsey-Tarski and Blok-Esakia for Heyting-Lewis Implication,2021.0,0.0,121.0,0.0,False
10.1109/lics52264.2021.9470509,True,,https://openalex.org/W3161332586,Demonic Lattices and Semilattices in Relational Semigroups with Ordinary Composition,2021.0,0.0,15.0,0.0,False
10.1109/lics52264.2021.9470511,True,,https://openalex.org/W3159609930,On Logics and Homomorphism Closure,2021.0,1.0,32.0,0.14,False
10.1109/lics52264.2021.9470513,True,,https://openalex.org/W3165146722,Universal Skolem Sets,2021.0,2.0,21.0,0.148,False
10.1109/lics52264.2021.9470514,True,,https://openalex.org/W3175997608,Evidenced Frames: A Unifying Framework Broadening Realizability Models,2021.0,4.0,45.0,0.14110358,False
10.1109/lics52264.2021.9470517,True,,https://openalex.org/W3109376980,Behavioural Preorders via Graded Monads,2021.0,0.0,51.0,0.0,False
10.1109/lics52264.2021.9470520,True,,https://openalex.org/W3173826524,The Undecidability of System F Typability and Type Checking for Reductionists,2021.0,2.0,26.0,0.2719,False
10.1109/lics52264.2021.9470522,True,,https://openalex.org/W3179001516,Complexity Lower Bounds from Algorithm Design,2021.0,0.0,25.0,0.0,False
10.1109/lics52264.2021.9470523,True,,https://openalex.org/W3152838102,On the logical structure of choice and bar induction principles,2021.0,0.0,27.0,0.0,False
10.1109/lics52264.2021.9470524,True,,https://openalex.org/W3160295465,Compositional relational reasoning via operational game semantics,2021.0,7.0,36.0,0.5597,False
10.1109/lics52264.2021.9470526,True,,https://openalex.org/W3164734215,In search of lost time: Axiomatising parallel composition in process algebras,2021.0,0.0,66.0,0.0,False
10.1109/lics52264.2021.9470527,True,,https://openalex.org/W3175270088,,2021.0,4.0,32.0,,False
10.1109/lics52264.2021.9470531,True,,https://openalex.org/W3157135839,Assuming Just Enough Fairness to make Session Types Complete for Lock-freedom,2021.0,4.0,38.0,0.6371,False
10.1109/lics52264.2021.9470540,True,,https://openalex.org/W3176046636,Parameterized Complexity of Elimination Distance to First-Order Logic Properties,2021.0,8.0,36.0,1.2176,False
10.1109/lics52264.2021.9470541,True,,https://openalex.org/W3164799725,Types Are Internal ∞-Groupoids,2021.0,0.0,24.0,0.0,False
10.1109/lics52264.2021.9470543,True,,https://openalex.org/W3176983719,On the Expressive Power of Homomorphism Counts,2021.0,5.0,39.0,0.4544,False
10.1109/lics52264.2021.9470545,True,,https://openalex.org/W3163739104,Monomial size vs. Bit-complexity in Sums-of-Squares and Polynomial Calculus,2021.0,0.0,25.0,0.0,False
10.1109/lics52264.2021.9470547,True,,https://openalex.org/W3162156015,Quantitative and Approximate Monitoring,2021.0,0.0,52.0,0.0,False
10.1109/lics52264.2021.9470549,True,,https://openalex.org/W3174616239,Global Optimisation with Constructive Reals,2021.0,1.0,19.0,0.148,False
10.1109/lics52264.2021.9470550,True,,https://openalex.org/W3176738008,"Supermartingales, Ranking Functions and Probabilistic Lambda Calculus",2021.0,6.0,61.0,0.5439,False
10.1109/lics52264.2021.9470552,True,,https://openalex.org/W3173838504,Compositional Semantics for Probabilistic Programs with Exact Conditioning,2021.0,19.0,57.0,1.9036,False
10.1109/lics52264.2021.9470553,True,,https://openalex.org/W3177248497,Graphical Language with Delayed Trace: Picturing Quantum Computing with Finite Memory,2021.0,7.0,46.0,0.4079,False
10.1109/lics52264.2021.9470555,True,,https://openalex.org/W3177412342,Efficient Local Computation of Differential Bisimulations via Coupling and Up-to Methods,2021.0,9.0,89.0,0.4881,False
10.1109/lics52264.2021.9470557,True,,https://openalex.org/W3158310650,Minimal Taylor Algebras as a Common Framework for the Three Algebraic Approaches to the CSP,2021.0,1.0,63.0,0.16,False
10.1109/lics52264.2021.9470559,True,,https://openalex.org/W3173869545,On sequentiality and well-bracketing in the π-calculus,2021.0,3.0,41.0,0.4198,False
10.1109/lics52264.2021.9470560,True,,https://openalex.org/W3173611724,The Topological Mu-Calculus: completeness and decidability,2021.0,10.0,42.0,1.2586,False
10.1109/lics52264.2021.9470567,True,,https://openalex.org/W3181860444,A Compositional Cost Model for the λ-calculus,2021.0,0.0,50.0,0.0,False
10.1109/lics52264.2021.9470575,True,,https://openalex.org/W3121455679,The Smash Product of Monoidal Theories,2021.0,0.0,53.0,0.0,False
10.1109/lics52264.2021.9470579,True,,https://openalex.org/W3173957725,Combinatorial Proofs and Decomposition Theorems for First-order Logic,2021.0,3.0,53.0,0.42331073,False
10.1109/lics52264.2021.9470583,True,,https://openalex.org/W3159912674,Asynchronous Extensions of HyperLTL,2021.0,0.0,31.0,0.0,False
10.1109/lics52264.2021.9470585,True,,https://openalex.org/W3153729150,Living without Beth and Craig: Definitions and Interpolants in the Guarded and Two-Variable Fragments,2021.0,3.0,69.0,0.42,False
10.1109/lics52264.2021.9470594,True,,https://openalex.org/W3173471069,Comonadic semantics for guarded fragments,2021.0,17.0,31.0,2.0396,False
10.1109/lics52264.2021.9470597,True,,https://openalex.org/W3132551786,Responsibility and verification: Importance value in temporal logics,2021.0,1.0,74.0,0.1515,False
10.1109/lics52264.2021.9470598,True,,https://openalex.org/W3174826590,Separating Rank Logic from Polynomial Time,2021.0,5.0,42.0,0.7399,False
10.1109/lics52264.2021.9470602,True,,https://openalex.org/W3120033266,Positive First-order Logic on Words,2021.0,0.0,24.0,0.0,False
10.1109/lics52264.2021.9470608,True,,https://openalex.org/W3175673396,A Logic for Locally Complete Abstract Interpretations,2021.0,34.0,32.0,3.9375,False
10.1109/lics52264.2021.9470609,True,,https://openalex.org/W3173296734,Lovasz-type theorems and game comonads,2021.0,12.0,30.0,22.5258,False
10.1109/lics52264.2021.9470611,True,,https://openalex.org/W3127594476,Commutative Monads for Probabilistic Programming Languages,2021.0,17.0,74.0,1.9571,False
10.1109/lics52264.2021.9470615,True,,https://openalex.org/W3159182910,Axiomatizations and Computability of Weighted Monadic Second-Order Logic,2021.0,0.0,33.0,0.0,False
10.1109/lics52264.2021.9470616,True,,https://openalex.org/W3174868852,Perspective Multi-Player Games,2021.0,3.0,46.0,0.4079,False
10.1109/lics52264.2021.9470617,True,,https://openalex.org/W3005459083,Intersection Type Distributors,2021.0,2.0,71.0,0.0,False
10.1109/lics52264.2021.9470623,True,,https://openalex.org/W3175218081,A distributed operational view of Reversible Prime Event Structures,2021.0,9.0,31.0,1.44082908,False
10.1109/lics52264.2021.9470630,True,,https://openalex.org/W3133336796,"Strong Call-by-Value is Reasonable, Implosively",2021.0,2.0,62.0,0.2798,False
10.1109/lics52264.2021.9470632,True,,https://openalex.org/W3033293777,No-Rainbow Problem and the Surjective Constraint Satisfaction Problem,2021.0,4.0,40.0,0.4773,False
10.1109/lics52264.2021.9470633,True,,https://openalex.org/W3179983169,"A Relational Theory of Monadic Rewriting Systems, Part I",2021.0,3.0,70.0,0.4198,False
10.1109/lics52264.2021.9470643,True,,https://openalex.org/W3159242381,Some constructive variants of S4 with the finite model property,2021.0,7.0,21.0,0.9797,False
10.1109/lics52264.2021.9470647,True,,https://openalex.org/W3173634569,A Complete Axiomatisation for Divergence Preserving Branching Congruence of Finite-State Behaviours,2021.0,2.0,19.0,0.2959,False
10.1109/lics52264.2021.9470649,True,,https://openalex.org/W3176971483,A Constructive Logic with Classical Proofs and Refutations,2021.0,0.0,37.0,0.0,False
10.1109/lics52264.2021.9470654,True,,https://openalex.org/W3176096829,Session Logical Relations for Noninterference,2021.0,6.0,74.0,0.5599,False
10.1109/lics52264.2021.9470656,True,,https://openalex.org/W3165347444,Expressivity of Quantitative Modal Logics : Categorical Foundations via Codensity and Approximation,2021.0,0.0,41.0,0.0,False
10.1109/lics52264.2021.9470660,True,,https://openalex.org/W3162570699,An Algebraic Characterisation of First-Order Logic with Neighbour,2021.0,0.0,23.0,0.0,False
10.1109/lics52264.2021.9470662,True,,https://openalex.org/W3173620164,Fixed-Points for Quantitative Equational Logics,2021.0,0.0,22.0,0.0,False
10.1109/lics52264.2021.9470664,True,,https://openalex.org/W3107841165,Categorical models of Linear Logic with fixed points of formulas,2021.0,0.0,43.0,0.0,False
10.1109/lics52264.2021.9470666,True,,https://openalex.org/W3127097691,Zero-one laws for provability logic: Axiomatizing validity in almost all models and almost all frames,2021.0,0.0,50.0,0.0,False
10.1109/lics52264.2021.9470667,True,,https://openalex.org/W3174744436,Internal ∞-Categorical Models of Dependent Type Theory : Towards 2LTT Eating HoTT,2021.0,4.0,79.0,1.8252,False
10.1109/lics52264.2021.9470670,True,,https://openalex.org/W3127264540,Constraint Satisfaction Problems over Finite Structures,2021.0,1.0,38.0,0.1508,False
10.1109/lics52264.2021.9470673,True,,https://openalex.org/W3175664396,A Quantum Interpretation of Bunched Logic &amp; Quantum Separation Logic,2021.0,17.0,97.0,1.5399,False
10.1109/lics52264.2021.9470678,True,,https://openalex.org/W3160078691,From Multisets over Distributions to Distributions over Multisets,2021.0,1.0,32.0,0.0,False
10.1109/lics52264.2021.9470680,True,,https://openalex.org/W3156857236,Lacon- and Shrub-Decompositions: A New Characterization of First-Order Transductions of Bounded Expansion Classes,2021.0,0.0,46.0,0.0,False
10.1109/lics52264.2021.9470683,True,,https://openalex.org/W3080361162,Canonical Polymorphisms of Ramsey Structures and the Unique Interpolation Property,2021.0,0.0,48.0,0.0,False
10.1109/lics52264.2021.9470688,True,,https://openalex.org/W3174967760,From Finite-Valued Nondeterministic Transducers to Deterministic Two-Tape Automata,2021.0,0.0,25.0,0.0,False
10.1109/lics52264.2021.9470690,True,,https://openalex.org/W3123098204,Alignment Completeness for Relational Hoare Logics,2021.0,0.0,42.0,0.0,False
10.1109/lics52264.2021.9470691,True,,https://openalex.org/W3173557304,Verifying higher-order concurrency with data automata,2021.0,2.0,33.0,0.28220715,False
10.1109/lics52264.2021.9470696,True,,https://openalex.org/W3176607658,On Generalized Metric Spaces for the Simply Typed Lambda-Calculus,2021.0,8.0,89.0,1.1194,False
10.1109/lics52264.2021.9470706,True,,https://openalex.org/W3174938715,Inapproximability of Unique Games in Fixed-Point Logic with Counting,2021.0,1.0,28.0,0.148,False
10.1109/lics52264.2021.9470708,True,,https://openalex.org/W3157563489,On Linear Time Decidability of Differential Privacy for Programs with Unbounded Inputs,2021.0,0.0,27.0,0.0,False
10.1109/lics52264.2021.9470712,True,,https://openalex.org/W3173741849,A Bunched Logic for Conditional Independence,2021.0,16.0,60.0,1.6317,False
10.1109/lics52264.2021.9470717,True,,https://openalex.org/W3176572529,"Combining Nondeterminism, Probability, and Termination: Equational and Metric Reasoning",2021.0,11.0,66.0,1.2599,False
10.1109/lics52264.2021.9470718,True,,https://openalex.org/W3163527149,The Laplace Mechanism has optimal utility for differential privacy over continuous queries,2021.0,0.0,35.0,0.0,False
10.1109/lics52264.2021.9470719,True,,https://openalex.org/W3124250728,Normalization for Cubical Type Theory,2021.0,3.0,70.0,0.42,False
10.1109/lics52264.2021.9470728,True,,https://openalex.org/W3160621291,Parametricity and Semi-Cubical Types,2021.0,0.0,36.0,0.0,False
10.1109/lics52264.2021.9470733,True,,https://openalex.org/W3174674689,Decidability and Complexity in Weakening and Contraction Hypersequent Substructural Logics,2021.0,3.0,36.0,0.2959,False
10.1109/lics52264.2021.9470734,True,,https://openalex.org/W3122656008,Finite Model Theory of the Triguarded Fragment and Related Logics,2021.0,1.0,16.0,0.1399,False
10.1109/lics52264.2021.9470738,True,,https://openalex.org/W3121255827,SD-Regular Transducer Expressions for Aperiodic Transformations,2021.0,0.0,29.0,0.0,False
10.1109/lics52264.2021.9470739,True,,https://openalex.org/W3152667664,Symbolic Time and Space Tradeoffs for Probabilistic Verification,2021.0,0.0,47.0,0.0,False
10.1109/lics52264.2021.9470741,True,,https://openalex.org/W3158810920,A Normal Form Characterization for Efficient Boolean Skolem Function Synthesis,2021.0,0.0,34.0,0.0,False
10.1109/lics52264.2021.9470747,True,,https://openalex.org/W3182369688,Universal Semantics for the Stochastic λ-Calculus,2021.0,6.0,31.0,0.56,False
10.1109/lics52264.2021.9470758,True,,https://openalex.org/W3178711512,Asynchronous Template Games and the Gray Tensor Product of 2-Categories,2021.0,3.0,35.0,0.42,False
10.1109/lics56636.2023.10175672,True,,https://openalex.org/W4384344711,"Completeness for arbitrary finite dimensions of ZXW-calculus, a unifying calculus",2023.0,13.0,89.0,2.2728,False
10.1109/lics56636.2023.10175675,True,,https://openalex.org/W4384344721,Structure-Aware Lower Bounds and Broadening the Horizon of Tractability for QBF,2023.0,4.0,72.0,0.8068,False
10.1109/lics56636.2023.10175683,True,,https://openalex.org/W4384302152,Group Separation Strikes Back,2023.0,5.0,39.0,1.0101,False
10.1109/lics56636.2023.10175684,True,,https://openalex.org/W4384344717,Intuitionistic S4 is decidable,2023.0,7.0,29.0,1.1769,False
10.1109/lics56636.2023.10175687,True,,https://openalex.org/W4384297636,"Central Submonads and Notions of Computation: Soundness, Completeness and Internal Languages",2023.0,2.0,29.0,0.3363,False
10.1109/lics56636.2023.10175688,True,,https://openalex.org/W4384344699,Fixpoint operators for 2-categorical structures,2023.0,0.0,42.0,0.0,False
10.1109/lics56636.2023.10175691,True,,https://openalex.org/W4384344719,Computing the linear hull: Deciding Deterministic? and Unambiguous? for weighted automata over fields,2023.0,4.0,39.0,0.8058,False
10.1109/lics56636.2023.10175694,True,,https://openalex.org/W4384344691,Pseudorandom Finite Models,2023.0,1.0,29.0,0.2017,False
10.1109/lics56636.2023.10175697,True,,https://openalex.org/W4384344715,Minimization of Dynamical Systems over Monoids,2023.0,2.0,64.0,0.374,False
10.1109/lics56636.2023.10175706,True,,https://openalex.org/W4384344698,Weak Similarity in Higher-Order Mathematical Operational Semantics,2023.0,10.0,43.0,1.7514,False
10.1109/lics56636.2023.10175707,True,,https://openalex.org/W4384297687,Multiplicity Problems on Algebraic Series and Context-Free Grammars,2023.0,1.0,34.0,0.1929,False
10.1109/lics56636.2023.10175712,True,,https://openalex.org/W4376982953,Complete Graphical Language for Hermiticity-Preserving Superoperators,2023.0,1.0,58.0,0.1681,False
10.1109/lics56636.2023.10175714,True,,https://openalex.org/W4384344688,"On Certificates, Expected Runtimes, and Termination in Probabilistic Pushdown Automata",2023.0,6.0,41.0,1.0072,False
10.1109/lics56636.2023.10175717,True,,https://openalex.org/W4384302133,Cartesian Coherent Differential Categories,2023.0,3.0,29.0,0.3435,False
10.1109/lics56636.2023.10175719,True,,https://openalex.org/W4384337892,Distal Combinatorial Tools for Graphs of Bounded Twin-Width,2023.0,3.0,29.0,0.6051,False
10.1109/lics56636.2023.10175720,True,,https://openalex.org/W4384344705,Automatic Amortized Resource Analysis with Regular Recursive Types,2023.0,5.0,68.0,0.8496,False
10.1109/lics56636.2023.10175721,True,,https://openalex.org/W4384302170,Verifying linear temporal specifications of constant-rate multi-mode systems,2023.0,0.0,22.0,0.0,False
10.1109/lics56636.2023.10175722,True,,https://openalex.org/W4384302160,Revisiting Membership Problems in Subclasses of Rational Relations,2023.0,2.0,45.0,0.3952,False
10.1109/lics56636.2023.10175723,True,,https://openalex.org/W4384344682,Reachability in Injective Piecewise Affine Maps,2023.0,1.0,18.0,0.5478,False
10.1109/lics56636.2023.10175726,True,,https://openalex.org/W4384297624,Higher-Dimensional Subdiagram Matching,2023.0,3.0,21.0,0.6043,False
10.1109/lics56636.2023.10175727,True,,https://openalex.org/W4384297640,Making Concurrency Functional,2023.0,3.0,59.0,0.3503,False
10.1109/lics56636.2023.10175732,True,,https://openalex.org/W4384344720,Symmetries of Graphs and Structures that Fail to Interpret a Finite Thing,2023.0,5.0,40.0,0.9981,False
10.1109/lics56636.2023.10175734,True,,https://openalex.org/W4384387929,Commutativity in Automated Verification,2023.0,6.0,27.0,1.2102,False
10.1109/lics56636.2023.10175737,True,,https://openalex.org/W4384297700,Semi-Simplicial Set Models for Distributed Knowledge,2023.0,7.0,38.0,1.2581,False
10.1109/lics56636.2023.10175739,True,,https://openalex.org/W4384344677,"ωPAP Spaces: Reasoning Denotationally About Higher-Order, Recursive Probabilistic and Differentiable Programs",2023.0,4.0,61.0,0.6983,False
10.1109/lics56636.2023.10175741,True,,https://openalex.org/W4384388105,The Iteration Number of the Weisfeiler-Leman Algorithm,2023.0,6.0,28.0,1.2087,False
10.1109/lics56636.2023.10175742,True,,https://openalex.org/W4384344685,On Exact Sampling in the Two-Variable Fragment of First-Order Logic,2023.0,3.0,36.0,0.5245,False
10.1109/lics56636.2023.10175746,True,,https://openalex.org/W4384344714,Boolean symmetric vs. functional PCSP dichotomy,2023.0,6.0,33.0,1.1547,False
10.1109/lics56636.2023.10175747,True,,https://openalex.org/W4384302139,Stochastic Best-Effort Strategies for Borel Goals,2023.0,2.0,30.0,0.3952,False
10.1109/lics56636.2023.10175751,True,,https://openalex.org/W4384344730,A categorical account of composition methods in logic,2023.0,4.0,53.0,0.5315,False
10.1109/lics56636.2023.10175753,True,,https://openalex.org/W4319212680,Taylor Expansion as a Monad in Models of DiLL,2023.0,0.0,51.0,0.0,False
10.1109/lics56636.2023.10175754,True,,https://openalex.org/W4384344670,The Cartesian Closed Bicategory of Thin Spans of Groupoids,2023.0,2.0,46.0,0.3347,False
10.1109/lics56636.2023.10175757,True,,https://openalex.org/W4384344726,Logic for Explainable AI,2023.0,13.0,78.0,2.2111,False
10.1109/lics56636.2023.10175762,True,,https://openalex.org/W4384344713,Set-Theoretic and Type-Theoretic Ordinals Coincide,2023.0,4.0,30.0,2.1159,False
10.1109/lics56636.2023.10175769,True,,https://openalex.org/W4384344690,Applications of Information Inequalities to Database Theory Problems,2023.0,2.0,67.0,0.4034,False
10.1109/lics56636.2023.10175771,True,,https://openalex.org/W4384344687,Stopping Criteria for Value Iteration on Stochastic Games with Quantitative Objectives,2023.0,9.0,58.0,1.7299,False
10.1109/lics56636.2023.10175773,True,,https://openalex.org/W4384344764,Deterministic stream-sampling for probabilistic programming: semantics and verification,2023.0,4.0,44.0,0.8081,False
10.1109/lics56636.2023.10175776,True,,https://openalex.org/W4384297654,Evidential Decision Theory via Partial Markov Categories,2023.0,7.0,65.0,1.222,False
10.1109/lics56636.2023.10175777,True,,https://openalex.org/W4384337844,A Metalanguage for Cost-Aware Denotational Semantics,2023.0,4.0,32.0,0.6907,False
10.1109/lics56636.2023.10175781,True,,https://openalex.org/W4327627540,A Higher-Order Indistinguishability Logic for Cryptographic Reasoning,2023.0,6.0,38.0,1.1681,False
10.1109/lics56636.2023.10175784,True,,https://openalex.org/W4366740785,Fixed Point Logics on Hemimetric Spaces,2023.0,1.0,25.0,0.1737,False
10.1109/lics56636.2023.10175785,True,,https://openalex.org/W4384302162,Cut-Restriction: From Cuts to Analytic Cuts,2023.0,3.0,21.0,0.6011,False
10.1109/lics56636.2023.10175791,True,,https://openalex.org/W4384344735,Operational Algorithmic Game Semantics,2023.0,1.0,28.0,0.1737,False
10.1109/lics56636.2023.10175796,True,,https://openalex.org/W4384302143,Folding interpretations,2023.0,2.0,31.0,0.4029,False
10.1109/lics56636.2023.10175801,True,,https://openalex.org/W4283323927,A Complete Equational Theory for Quantum Circuits,2023.0,10.0,35.0,1.6733,False
10.1109/lics56636.2023.10175804,True,,https://openalex.org/W4384302144,Embedded Finite Models beyond Restricted Quantifier Collapse,2023.0,1.0,30.0,0.2017,False
10.1109/lics56636.2023.10175807,True,,https://openalex.org/W4384344697,Allegories of Symbolic Manipulations,2023.0,0.0,126.0,0.0,False
10.1109/lics56636.2023.10175808,True,,https://openalex.org/W4384344728,On the Growth Rates of Polyregular Functions,2023.0,4.0,25.0,0.8081,False
10.1109/lics56636.2023.10175811,True,,https://openalex.org/W4384337867,Existential Calculi of Relations with Transitive Closure: Complexity and Edge Saturations,2023.0,4.0,41.0,0.6861,False
10.1109/lics56636.2023.10175813,True,,https://openalex.org/W4384344674,PDL on Steroids: on Expressive Extensions of PDL with Intersection and Converse,2023.0,1.0,27.0,0.1727,False
10.1109/lics56636.2023.10175818,True,,https://openalex.org/W4384344700,Simulating Logspace-Recursion with Logarithmic Quantifier Depth,2023.0,1.0,42.0,0.1929,False
10.1109/lics56636.2023.10175827,True,,https://openalex.org/W4384302167,A system of inference based on proof search: an extended abstract,2023.0,0.0,25.0,0.0,False
10.1109/lics56636.2023.10175828,True,,https://openalex.org/W4384344706,Expressive Completeness of Two-Variable First-Order Logic with Counting for First-Order Logic Queries on Rooted Unranked Trees,2023.0,0.0,20.0,0.0,False
10.1109/lics56636.2023.10175832,True,,https://openalex.org/W4384337870,Quantifying Over Trees in Monadic Second-Order Logic,2023.0,1.0,59.0,0.202,False
10.1109/lics65433.2025.00009,True,,https://openalex.org/W4415003449,Syntactic Effectful Realizability in Higher-Order Logic,2025.0,0.0,54.0,0.0,False
10.1109/lics65433.2025.00010,True,,https://openalex.org/W4415003786,#P is Sandwiched by One and Two #2DNF Calls: Is Subtraction Stronger Than We Thought?,2025.0,0.0,44.0,0.0,False
10.1109/lics65433.2025.00011,True,,https://openalex.org/W4415003641,Quantifier Elimination for Regular Integer Linear-Exponential Programming,2025.0,0.0,23.0,0.0,False
10.1109/lics65433.2025.00012,True,,https://openalex.org/W4415003870,Alternating Nominal Automata with Name Allocation,2025.0,1.0,32.0,1.42,False
10.1109/lics65433.2025.00013,True,,https://openalex.org/W4415003776,Initial Algebra Correspondence under Reachability Conditions,2025.0,0.0,0.0,0.0,False
10.1109/lics65433.2025.00014,True,,https://openalex.org/W4414839325,On the denotation of circular and non-wellfounded proofs in linear logic with fixed points,2025.0,0.0,46.0,0.0,False
10.1109/lics65433.2025.00015,True,,https://openalex.org/W4415004133,Closure and Complexity of Temporal Causality,2025.0,1.0,28.0,1.4822,False
10.1109/lics65433.2025.00016,True,,https://openalex.org/W4415004135,The internal languages of univalent categories,2025.0,0.0,0.0,0.0,False
10.1109/lics65433.2025.00017,True,,https://openalex.org/W4415003730,The Yoneda embedding in simplicial type theory,2025.0,0.0,0.0,0.0,False
10.1109/lics65433.2025.00018,True,,https://openalex.org/W4415004508,Hofmann-Streicher lifting of fibred categories : Dedicated to the memory of Thomas Streicher (1958-2025),2025.0,0.0,17.0,0.0,False
10.1109/lics65433.2025.00019,True,,https://openalex.org/W4415004388,Interpolation for the two-way modal μ-calculus,2025.0,0.0,32.0,0.0,False
10.1109/lics65433.2025.00020,True,,https://openalex.org/W4415003441,Semantical Analysis of Intuitionistic Modal Logics between CK and IK,2025.0,0.0,47.0,0.0,False
10.1109/lics65433.2025.00021,True,,https://openalex.org/W4415003887,Proof Compression via Subatomic Logic and Guarded Substitutions,2025.0,0.0,17.0,0.0,False
10.1109/lics65433.2025.00022,True,,https://openalex.org/W4415004117,Substructural Abstract Syntax with Variable Binding and Single-Variable Substitution,2025.0,0.0,25.0,0.0,False
10.1109/lics65433.2025.00023,True,,https://openalex.org/W4415003879,Equivalence Hypergraphs: DPO Rewriting for Monoidal E-Graphs,2025.0,0.0,0.0,0.0,False
10.1109/lics65433.2025.00024,True,,https://openalex.org/W4415003454,Homological Invariants of Higher-Order Equational Theories,2025.0,1.0,0.0,3.6246,False
10.1109/lics65433.2025.00025,True,,https://openalex.org/W4415004477,Group Order Logic,2025.0,0.0,16.0,0.0,False
10.1109/lics65433.2025.00026,True,,https://openalex.org/W4415003705,The Identity Problem in virtually solvable matrix groups over algebraic numbers,2025.0,1.0,22.0,4.1252,False
10.1109/lics65433.2025.00027,True,,https://openalex.org/W4415003442,Ordinal Exponentiation in Homotopy Type Theory,2025.0,1.0,22.0,3.5343,False
10.1109/lics65433.2025.00028,True,,https://openalex.org/W4415003755,Naturality for higher-dimensional path types,2025.0,1.0,20.0,3.8722,False
10.1109/lics65433.2025.00029,True,,https://openalex.org/W4415003647,The Steenrod squares via unordered joins,2025.0,0.0,9.0,0.0,False
10.1109/lics65433.2025.00030,True,,https://openalex.org/W4415003754,Model Enumeration of Two-Variable Logic with Quadratic Delay Complexity,2025.0,0.0,0.0,0.0,False
10.1109/lics65433.2025.00031,True,,https://openalex.org/W4415004151,Navigational hierarchies of regular languages,2025.0,1.0,40.0,1.2701,False
10.1109/lics65433.2025.00032,True,,https://openalex.org/W4415004512,Separation and Definability in Fragments of Two-Variable First-Order Logic with Counting,2025.0,1.0,38.0,1.4546,False
10.1109/lics65433.2025.00033,True,,https://openalex.org/W4415003876,Characterization and Decidability of FC-Definable Regular Languages,2025.0,0.0,26.0,0.0,False
10.1109/lics65433.2025.00034,True,,https://openalex.org/W4415003444,Algebraic and algorithmic synergies between promise and infinite-domain CSPs,2025.0,1.0,0.0,1.6666,False
10.1109/lics65433.2025.00035,True,,https://openalex.org/W4415004147,Classical Simulation of Quantum CSP Strategies,2025.0,0.0,0.0,0.0,False
10.1109/lics65433.2025.00036,True,,https://openalex.org/W4415003630,Binary symmetries of tractable non-rigid structures,2025.0,0.0,42.0,0.0,False
10.1109/lics65433.2025.00037,True,,https://openalex.org/W4415004486,The sorrows of a smooth digraph: the first hardness criterion for infinite directed graph-colouring problems,2025.0,0.0,0.0,0.0,False
10.1109/lics65433.2025.00038,True,,https://openalex.org/W4414936259,"Learning Weighted Automata over Number Rings, Concretely and Categorically",2025.0,1.0,44.0,2.0327,False
10.1109/lics65433.2025.00039,True,,https://openalex.org/W4415003623,Minimal History-Deterministic Co-Büchi Automata: Congruences and Passive Learning,2025.0,1.0,28.0,1.2701,False
10.1109/lics65433.2025.00040,True,,https://openalex.org/W4415003451,Learning Deterministic One-Counter Automata in Polynomial Time,2025.0,1.0,8.0,2.8331,False
10.1109/lics65433.2025.00041,True,,https://openalex.org/W4415003778,Risk-aware Markov Decision Processes Using Cumulative Prospect Theory,2025.0,1.0,46.0,2.0068,False
10.1109/lics65433.2025.00042,True,,https://openalex.org/W4415004480,"Random Variables, Conditional Independence and Categories of Abstract Sample Spaces",2025.0,1.0,0.0,1.6914,False
10.1109/lics65433.2025.00043,True,,https://openalex.org/W4415003872,Probabilistic Strategies: Definability and the Tensor Completeness Problem,2025.0,0.0,0.0,0.0,False
10.1109/lics65433.2025.00044,True,,https://openalex.org/W4415004476,Multiplicative Rewards in Markovian Models,2025.0,0.0,21.0,0.0,False
10.1109/lics65433.2025.00045,True,,https://openalex.org/W4415003868,The Qualitative Collapse of Concurrent Games,2025.0,0.0,35.0,0.0,False
10.1109/lics65433.2025.00046,True,,https://openalex.org/W4415003781,"Reachability Types, Traces and Full Abstraction",2025.0,0.0,19.0,0.0,False
10.1109/lics65433.2025.00047,True,,https://openalex.org/W4415003998,Effectful Mealy Machines: Bisimulation and Trace,2025.0,1.0,66.0,1.4277,False
10.1109/lics65433.2025.00048,True,,https://openalex.org/W4415003749,Conformance Games for Graded Semantics,2025.0,0.0,25.0,0.0,False
10.1109/lics65433.2025.00049,True,,https://openalex.org/W4415004467,Stopping Criteria for Value Iteration on Concurrent Stochastic Reachability and Safety Games,2025.0,1.0,35.0,1.4612,False
10.1109/lics65433.2025.00050,True,,https://openalex.org/W4415003734,Reachability and Related Problems in Vector Addition Systems with Nested Zero Tests,2025.0,0.0,21.0,0.0,False
10.1109/lics65433.2025.00051,True,,https://openalex.org/W4415004162,A Complexity Dichotomy for Semilinear Target Sets in Automata with One Counter,2025.0,0.0,0.0,0.0,False
10.1109/lics65433.2025.00052,True,,https://openalex.org/W4415003462,Functional Stream Semantics for a Synchronous Block-Diagram Compiler,2025.0,0.0,30.0,0.0,False
10.1109/lics65433.2025.00053,True,,https://openalex.org/W4415003783,Pushdown Model Checking above the Cubic Bottleneck,2025.0,0.0,32.0,0.0,False
10.1109/lics65433.2025.00055,True,,https://openalex.org/W4415003446,Multiple Reachability in Linear Dynamical Systems,2025.0,0.0,14.0,0.0,False
10.1109/lics65433.2025.00056,True,,https://openalex.org/W4415003637,Approximate Evaluation of Quantitative Second Order Queries,2025.0,0.0,37.0,0.0,False
10.1109/lics65433.2025.00057,True,,https://openalex.org/W4415003459,Recognisability Equals Definability for Finitely Representable Matroids of Bounded Path-Width,2025.0,0.0,22.0,0.0,False
10.1109/lics65433.2025.00058,True,,https://openalex.org/W4415003448,Graphs of unbounded linear cliquewidth must transduce all trees,2025.0,0.0,24.0,0.0,False
10.1109/lics65433.2025.00059,True,,https://openalex.org/W4415004095,Regular Grammars for Sets of Graphs of Tree-Width 2,2025.0,0.0,10.0,0.0,False
10.1109/lics65433.2025.00060,True,,https://openalex.org/W4415003475,When is the partial map classifier a Sierpiński cone?,2025.0,0.0,21.0,0.0,False
10.1109/lics65433.2025.00061,True,,https://openalex.org/W4415003684,"Logical relations for call-by-push-value models, via internal fibrations in a 2-category",2025.0,0.0,44.0,0.0,False
10.1109/lics65433.2025.00062,True,,https://openalex.org/W4407443454,Compositional Taylor expansion in cartesian differential categories,2025.0,0.0,0.0,0.0,False
10.1109/lics65433.2025.00063,True,,https://openalex.org/W4415003875,Thin Coalgebraic Behaviours Are Inductive,2025.0,0.0,0.0,0.0,False
10.1109/lics65433.2025.00064,True,,https://openalex.org/W4415004474,Relators and Notions of Simulation Revisited,2025.0,1.0,0.0,1.9475,False
10.1109/lics65433.2025.00065,True,,https://openalex.org/W4415003455,Behavioural Conformances based on Lax Couplings,2025.0,1.0,37.0,2.3568,False
10.1109/lics65433.2025.00066,True,,https://openalex.org/W4415003867,"The commutativity problem for effective varieties of formal series, and applications",2025.0,1.0,50.0,6.0903,False
10.1109/lics65433.2025.00067,True,,https://openalex.org/W4415003764,Convergence Laws for Extensions of First-Order Logic with Averaging,2025.0,1.0,27.0,1.6914,False
10.1109/lics65433.2025.00068,True,,https://openalex.org/W4415004470,3D-grids are not transducible from planar graphs,2025.0,2.0,26.0,6.6991,False
10.1109/lics65433.2025.00069,True,,https://openalex.org/W4415003447,Transductions of Graph Classes Admitting Product Structure,2025.0,1.0,21.0,2.8331,False
10.1109/lics65433.2025.00070,True,,https://openalex.org/W4415003645,Flipping and Forking,2025.0,0.0,21.0,0.0,False
10.1109/lics65433.2025.00071,True,,https://openalex.org/W4415003616,"Operator Spaces, Linear Logic and the Heisenberg-Schrödinger Duality of Quantum Theory",2025.0,3.0,32.0,3.164,False
10.1109/lics65433.2025.00072,True,,https://openalex.org/W4415004488,Complete Quantum Relational Hoare Logics from Optimal Transport Duality,2025.0,0.0,39.0,0.0,False
10.1109/lics65433.2025.00073,True,,https://openalex.org/W4415004160,The Blurred Drinker Paradox: Constructive Reverse Mathematics of the Downward Löwenheim-Skolem Theorem,2025.0,0.0,0.0,0.0,False
10.1109/pimrcw.2019.8880831,True,,https://openalex.org/W2982227075,Intelligent Clustering as a Means to Improve K-means Based Horizontal Attacks,2019.0,1.0,15.0,0.1447,False
10.1111/j.0824-7935.2004.00241.x,True,,https://openalex.org/W2083424831,Logic Programs with Ordered Disjunction,2004.0,77.0,33.0,6.9319,False
10.1145/2933575.2933577,True,,https://openalex.org/W2271542264,Reachability in Two-Dimensional Unary Vector Addition Systems with States is NL-Complete,2016.0,21.0,9.0,1.8264,False
10.1145/2933575.2933578,True,,https://openalex.org/W2500426491,Minimization of Symbolic Tree Automata,2016.0,9.0,37.0,1.0454,False
10.1145/2933575.2933579,True,,https://openalex.org/W1903463847,Invisible Pushdown Languages,2016.0,13.0,10.0,3.1363,False
10.1145/2933575.2933580,True,,https://openalex.org/W2531240070,Semantically Acyclic Conjunctive Queries under Functional Dependencies,2016.0,14.0,26.0,2.39617418,False
10.1145/2933575.2933581,True,,https://openalex.org/W2530278950,"Unified Semantics and Proof System for Classical, Intuitionistic and Affine Logics",2016.0,1.0,24.0,0.445,False
10.1145/2933575.2933582,True,,https://openalex.org/W2531241255,A constructive function-theoretic approach to topological compactness,2016.0,8.0,30.0,0.6969,False
10.1145/2933575.2933586,True,,https://openalex.org/W2467476450,Constructions with Non-Recursive Higher Inductive Types,2016.0,20.0,16.0,7.5668,False
10.1145/2933575.2933589,True,,https://openalex.org/W2267864028,Winning Cores in Parity Games,2016.0,1.0,31.0,0.4285,False
10.1145/2933575.2933590,True,,https://openalex.org/W2343655549,Divide and Congruence II,2016.0,8.0,27.0,3.4278,False
10.1145/2933575.2933592,True,,https://openalex.org/W2530320023,A Step Up in Expressiveness of Decidable Fixpoint Logics,2016.0,15.0,36.0,4.3259,False
10.1145/2933575.2933594,True,,https://openalex.org/W2335953814,Order-Invariance of Two-Variable Logic is Decidable,2016.0,29.0,31.0,1.7424,False
10.1145/2933575.2933597,True,,https://openalex.org/W2339728308,Understanding Gentzen and Frege Systems for QBF,2016.0,42.0,37.0,14.1126,False
10.1145/2933575.2933598,True,,https://openalex.org/W2529880865,Towards Completeness via Proof Search in the Linear Time μ-calculus,2016.0,9.0,29.0,1.3939,False
10.1145/2933575.2933604,True,,https://openalex.org/W2531021157,Graphs of relational structures,2016.0,16.0,37.0,2.8954,False
10.1145/2933575.2933608,True,,https://openalex.org/W847813199,Distinguishing Hidden Markov Chains,2016.0,1.0,33.0,0.1743,False
10.1145/2933575.2933609,True,,https://openalex.org/W2347084971,Monadic second order logic as the model companion of temporal logic,2016.0,1.0,28.0,0.3613,False
10.1145/2933575.2933610,True,,https://openalex.org/W2284153224,"Kolmogorov Extension, Martingale Convergence, and Compositionality of Processes",2016.0,9.0,33.0,3.5337,False
10.1145/2933575.2934502,True,,https://openalex.org/W2531063045,Games with bound guess actions,2016.0,3.0,15.0,0.6969,False
10.1145/2933575.2934503,True,,https://openalex.org/W2239495252,Towards Compositional Feedback in Non-Deterministic and Non-Input-Receptive Systems,2016.0,17.0,31.0,4.3129,False
10.1145/2933575.2934504,True,,https://openalex.org/W2530218450,Automata on Infinite Trees with Equality and Disequality Constraints Between Siblings,2016.0,2.0,25.0,0.3605,False
10.1145/2933575.2934505,True,,https://openalex.org/W2531157181,Infinitary Lambda Calculi from a Linear Perspective,2016.0,2.0,37.0,0.0,False
10.1145/2933575.2934506,True,,https://openalex.org/W2530648415,Program Equivalence is Coinductive,2016.0,3.0,24.0,0.0,False
10.1145/2933575.2934508,True,,https://openalex.org/W2373301726,Definability equals recognizability for graphs of bounded treewidth,2016.0,5.0,11.0,0.59904354,False
10.1145/2933575.2934509,True,,https://openalex.org/W2275729681,Trace semantics for polymorphic references,2016.0,10.0,33.0,2.2086,False
10.1145/2933575.2934510,True,,https://openalex.org/W2346597746,Weak consistency notions for all the CSPs of bounded width,2016.0,17.0,20.0,3.5941,False
10.1145/2933575.2934511,True,,https://openalex.org/W2531070608,Hybrid realizability for intuitionistic and classical choice,2016.0,3.0,26.0,1.3252,False
10.1145/2933575.2934513,True,,https://openalex.org/W2341066496,Perfect-Information Stochastic Games with Generalized Mean-Payoff Objectives,2016.0,22.0,55.0,2.9223,False
10.1145/2933575.2934514,True,,https://openalex.org/W2384122606,Type Theory based on Dependent Inductive and Coinductive Types,2016.0,5.0,21.0,1.3252,False
10.1145/2933575.2934515,True,,https://openalex.org/W2296309901,"Reducts of finitely bounded homogeneous structures, and lifting tractability from finite-domain constraint satisfaction",2016.0,18.0,45.0,2.3163,False
10.1145/2933575.2934516,True,,https://openalex.org/W2530147817,Denotational semantics of recursive types in synthetic guarded domain theory,2016.0,13.0,23.0,2.2093,False
10.1145/2933575.2934517,True,,https://openalex.org/W2475308370,Order Invariance on Decomposable Structures,2016.0,7.0,28.0,0.6969,False
10.1145/2933575.2934520,True,,https://openalex.org/W2531193976,First-order definability of rational transductions,2016.0,7.0,39.0,1.8024,False
10.1145/2933575.2934526,True,,https://openalex.org/W2531137472,On the Satisfiability of Some Simple Probabilistic Logics,2016.0,20.0,21.0,3.2514,False
10.1145/2933575.2934527,True,,https://openalex.org/W2346985033,The Diagonal Problem for Higher-Order Recursion Schemes is Decidable,2016.0,23.0,30.0,2.156,False
10.1145/2933575.2934532,True,,https://openalex.org/W2276652507,Deciding First-Order Satisfiability when Universal and Existential Variables are Separated,2016.0,6.0,21.0,1.3253,False
10.1145/2933575.2934535,True,,https://openalex.org/W2530081660,Data Communicating Processes with Unreliable Channels,2016.0,4.0,29.0,0.0,False
10.1145/2933575.2934537,True,,https://openalex.org/W2466928235,Stochastic mechanics of graph rewriting,2016.0,35.0,20.0,1.5992429,False
10.1145/2933575.2934538,True,,https://openalex.org/W2290727773,Solvability of Matrix-Exponential Equations,2016.0,2.0,47.0,0.3613,False
10.1145/2933575.2934541,True,,https://openalex.org/W2530571331,Church Meets Cook and Levin,2016.0,1.0,27.0,0.0,False
10.1145/2933575.2934544,True,,https://openalex.org/W2276690803,The algebraic dichotomy conjecture for infinite domain Constraint Satisfaction Problems,2016.0,48.0,30.0,14.9368,False
10.1145/2933575.2934545,True,,https://openalex.org/W2963228298,A Mechanization of the Blakers-Massey Connectivity Theorem in Homotopy Type Theory,2016.0,21.0,29.0,5.0582,False
10.1145/2933575.2934548,True,,https://openalex.org/W2386123026,On Recurrent Reachability for Continuous Linear Dynamical Systems,2016.0,12.0,27.0,1.8063,False
10.1145/2933575.2934549,True,,https://openalex.org/W2530095326,A Generalised Twinning Property for Minimisation of Cost Register Automata,2016.0,19.0,18.0,5.0318,False
10.1145/2933575.2934552,True,,https://openalex.org/W2530935015,First-order logic with reachability for infinite-state systems,2016.0,8.0,29.0,1.3939,False
10.1145/2933575.2934553,True,,https://openalex.org/W2530365470,Plays as Resource Terms via Non-idempotent Intersection Types,2016.0,9.0,37.0,2.6605,False
10.1145/2933575.2934554,True,,https://openalex.org/W2295961883,Proving Differential Privacy via Probabilistic Couplings,2016.0,98.0,48.0,16.7857,False
10.1145/2933575.2934555,True,,https://openalex.org/W2531670358,Differential Refinement Logic,2016.0,30.0,28.0,2.4393,False
10.1145/2933575.2934556,True,,https://openalex.org/W2208563212,A categorical approach to open and interconnected dynamical systems,2016.0,15.0,14.0,2.7298,False
10.1145/2933575.2934561,True,,https://openalex.org/W2258615751,The complexity of regular abstractions of one-counter languages,2016.0,9.0,45.0,1.7424,False
10.1145/2933575.2934564,True,,https://openalex.org/W2530227870,Coinduction All the Way Up,2016.0,40.0,44.0,5.3006,False
10.1145/2933575.2934567,True,,https://openalex.org/W2531598787,Ability to Count Messages Is Worth Θ(Δ) Rounds in Distributed Computing,2016.0,1.0,23.0,0.4285,False
10.1145/2933575.2934569,True,,https://openalex.org/W2513421427,Fixed Points In Quantitative Semantics,2016.0,11.0,20.0,2.2086,False
10.1145/2933575.2934570,True,,https://openalex.org/W2530146152,From positive and intuitionistic bounded arithmetic to monotone proof complexity,2016.0,0.0,31.0,0.0,False
10.1145/2933575.2934571,True,,https://openalex.org/W2530085392,Hanf normal form for first-order logic with unary counting quantifiers,2016.0,6.0,27.0,1.7424,False
10.1145/2933575.2934572,True,,https://openalex.org/W2531606346,Quantifier Free Definability on Infinite Algebras,2016.0,2.0,30.0,0.3485,False
10.1145/2933575.2934574,True,,https://openalex.org/W2527393991,The Probabilistic Model Checking Landscape,2016.0,152.0,199.0,14.7363,False
10.1145/2933575.2934579,True,,https://openalex.org/W2531314315,Blockchains and the Logic of Accountability,2016.0,11.0,19.0,1.9904,False
10.1145/2933575.2935304,True,,https://openalex.org/W2256738662,Model and Objective Separation with Conditional Lower Bounds,2016.0,7.0,55.0,0.3653,False
10.1145/2933575.2935306,True,,https://openalex.org/W2531470661,Querying Visible and Invisible Information,2016.0,17.0,31.0,4.8594,False
10.1145/2933575.2935308,True,,https://openalex.org/W2531234554,Two-variable Logic with a Between Relation,2016.0,13.0,26.0,1.7424,False
10.1145/2933575.2935310,True,,https://openalex.org/W2376727710,Proving Liveness of Parameterized Programs,2016.0,3.0,37.0,0.9599,False
10.1145/2933575.2935311,True,,https://openalex.org/W2531200539,Complexity Theory of (Functions on) Compact Metric Spaces,2016.0,12.0,48.0,1.7424,False
10.1145/2933575.2935314,True,,https://openalex.org/W2531248283,A New Perspective on FO Model Checking of Dense Graph Classes,2016.0,21.0,19.0,2.4393,False
10.1145/2933575.2935315,True,,https://openalex.org/W2417968307,Two-Way Visibly Pushdown Automata and Transducers,2016.0,6.0,30.0,1.0781,False
10.1145/2933575.2935316,True,,https://openalex.org/W2279876460,Rewriting modulo symmetric monoidal structure,2016.0,23.0,35.0,3.9755,False
10.1145/2933575.2935317,True,,https://openalex.org/W2294463722,Reasoning about Recursive Probabilistic Programs,2016.0,85.0,32.0,13.0056,False
10.1145/2933575.2935319,True,,https://openalex.org/W2347010600,Healthiness from Duality,2016.0,17.0,40.0,4.8589,False
10.1145/2933575.2935320,True,,https://openalex.org/W2411119043,The Definitional Side of the Forcing,2016.0,19.0,17.0,4.7132,False
10.1145/3209108.3209112,True,,https://openalex.org/W2810205615,Inner Models of Univalence,2018.0,0.0,3.0,0.0,False
10.1145/3209108.3209115,True,,https://openalex.org/W2799045007,A modal μ perspective on solving parity games in quasi-polynomial time,2018.0,24.0,20.0,3.231,False
10.1145/3209108.3209116,True,,https://openalex.org/W2798452697,An Asynchronous Soundness Theorem for Concurrent Separation Logic,2018.0,5.0,20.0,0.79424984,False
10.1145/3209108.3209117,True,,https://openalex.org/W2798585808,An answer to the Gamma question,2018.0,4.0,29.0,0.6058,False
10.1145/3209108.3209118,True,,https://openalex.org/W2798414849,Riesz Modal Logic with Threshold Operators,2018.0,7.0,12.0,0.9910637,False
10.1145/3209108.3209120,True,,https://openalex.org/W2962877328,Can One Escape Red Chains?,2018.0,2.0,28.0,0.1651,False
10.1145/3209108.3209121,True,,https://openalex.org/W2798480443,A theory of linear typings as flows on 3-valent graphs,2018.0,0.0,49.0,0.0,False
10.1145/3209108.3209123,True,,https://openalex.org/W2750616201,Logical paradoxes in quantum computation,2018.0,1.0,66.0,0.0,False
10.1145/3209108.3209125,True,,https://openalex.org/W2798939849,Quasi-Open Bisimilarity with Mismatch is Intuitionistic,2018.0,14.0,20.0,1.8614,False
10.1145/3209108.3209126,True,,https://openalex.org/W2798427740,Probabilistic Böhm Trees and Probabilistic Separation,2018.0,8.0,7.0,1.3845,False
10.1145/3209108.3209127,True,,https://openalex.org/W2798553563,The Geometry of Computation-Graph Abstraction,2018.0,7.0,18.0,0.6515,False
10.1145/3209108.3209128,True,,https://openalex.org/W2798910219,Two complete axiomatisations of pure-state qubit quantum computing,2018.0,76.0,32.0,7.2366,False
10.1145/3209108.3209129,True,,https://openalex.org/W2798754626,Ribbon Tensorial Logic,2018.0,7.0,20.0,0.59568738,False
10.1145/3209108.3209130,True,,https://openalex.org/W2963511234,Impredicative Encodings of (Higher) Inductive Types,2018.0,17.0,28.0,1.8614,False
10.1145/3209108.3209131,True,,https://openalex.org/W2618835066,A Complete Axiomatisation of the ZX-Calculus for Clifford+T Quantum Mechanics,2018.0,9.0,18.0,1.0153,False
10.1145/3209108.3209132,True,,https://openalex.org/W2799245014,Around Classical and Intuitionistic Linear Logics,2018.0,5.0,18.0,0.59568738,False
10.1145/3209108.3209133,True,,https://openalex.org/W2799073568,Every λ-Term is Meaningful for the Infinitary Relational Model,2018.0,1.0,13.0,0.0,False
10.1145/3209108.3209136,True,,https://openalex.org/W2799268901,Parameterized circuit complexity of model-checking on sparse structures,2018.0,12.0,34.0,1.7099,False
10.1145/3209108.3209138,True,,https://openalex.org/W2798623107,A Simple and Optimal Complementation Algorithm for Büchi Automata,2018.0,15.0,16.0,1.6155,False
10.1145/3209108.3209139,True,,https://openalex.org/W2785945678,Diagrammatic Reasoning beyond Clifford+T Quantum Mechanics,2018.0,1.0,18.0,0.1692,False
10.1145/3209108.3209140,True,,https://openalex.org/W2798724293,Classical realizability as a classifier for nondeterminism,2018.0,3.0,6.0,0.3385,False
10.1145/3209108.3209141,True,,https://openalex.org/W2798689386,A General Framework for Relational Parametricity,2018.0,0.0,16.0,0.0,False
10.1145/3209108.3209142,True,,https://openalex.org/W2786192668,Polynomial Invariants for Affine Programs,2018.0,1.0,22.0,0.0,False
10.1145/3209108.3209143,True,,https://openalex.org/W2798742893,Automaton-Based Criteria for Membership in CTL,2018.0,4.0,32.0,0.4039,False
10.1145/3209108.3209145,True,,https://openalex.org/W2798868568,Strong Sums in Focused Logic,2018.0,1.0,29.0,0.1692,False
10.1145/3209108.3209146,True,,https://openalex.org/W2781134094,Work Analysis with Resource-Aware Session Types,2018.0,3.0,37.0,0.39712492,False
10.1145/3209108.3209147,True,,https://openalex.org/W4289761034,Differential Equation Axiomatization,2018.0,26.0,15.0,3.2152,False
10.1145/3209108.3209148,True,,https://openalex.org/W2798556801,A Generalized Modality for Recursion,2018.0,19.0,29.0,1.7039,False
10.1145/3209108.3209149,True,,https://openalex.org/W2798712453,Quantitative Behavioural Reasoning for Higher-order Effectful Programs,2018.0,35.0,40.0,2.8776,False
10.1145/3209108.3209151,True,,https://openalex.org/W2798427558,"A Hybrid, Dynamic Logic for Hybrid-Dynamic Information Flow",2018.0,21.0,45.0,2.8768,False
10.1145/3209108.3209153,True,,https://openalex.org/W2798786901,Guarded Computational Type Theory,2018.0,6.0,13.0,0.5077,False
10.1145/3209108.3209155,True,,https://openalex.org/W2798907744,"A parameterized halting problem, the linear time hierarchy, and the MRDP theorem",2018.0,4.0,24.0,0.6411,False
10.1145/3209108.3209156,True,,https://openalex.org/W2786962850,A universal-algebraic proof of the complexity dichotomy for Monotone Monadic SNP,2018.0,6.0,46.0,1.8992,False
10.1145/3209108.3209157,True,,https://openalex.org/W2798871919,"Species, Profunctors and Taylor Expansion Weighted by SMCC",2018.0,16.0,34.0,0.6515,False
10.1145/3209108.3209158,True,,https://openalex.org/W2799052387,Wreath Products of Distributive Forest Algebras,2018.0,1.0,26.0,0.24776592,False
10.1145/3209108.3209160,True,,https://openalex.org/W2798639752,"Tree-depth, quantifier elimination, and quantifier rank",2018.0,7.0,23.0,1.2117,False
10.1145/3209108.3209162,True,,https://openalex.org/W2791939657,A pseudo-quasi-polynomial algorithm for mean-payoff parity games,2018.0,10.0,22.0,1.3538,False
10.1145/3209108.3209163,True,,https://openalex.org/W2791260364,Regular and First-Order List Functions,2018.0,5.0,15.0,0.6448,False
10.1145/3209108.3209164,True,,https://openalex.org/W2798519469,Rational Synthesis Under Imperfect Information,2018.0,17.0,41.0,2.1174,False
10.1145/3209108.3209166,True,,https://openalex.org/W2798715557,Syntax and Semantics for Operations with Scopes,2018.0,26.0,29.0,1.8616,False
10.1145/3209108.3209167,True,,https://openalex.org/W2798603509,The State Complexity of Alternating Automata,2018.0,3.0,29.0,0.74329777,False
10.1145/3209108.3209168,True,,https://openalex.org/W2798674957,Weighted model counting beyond two-variable logic,2018.0,6.0,8.0,0.39712492,False
10.1145/3209108.3209169,True,,https://openalex.org/W2799247498,Sound up-to techniques and Complete abstract domains,2018.0,0.0,30.0,0.0,False
10.1145/3209108.3209173,True,,https://openalex.org/W2963612844,Satisfiability in multi-valued circuits,2018.0,8.0,33.0,1.0683,False
10.1145/3209108.3209175,True,,https://openalex.org/W2809754822,Boolean-Valued Semantics for the Stochastic λ-Calculus,2018.0,13.0,26.0,1.5231,False
10.1145/3209108.3209176,True,,https://openalex.org/W2798650967,Conditional Value-at-Risk for Reachability and Mean Payoff in Markov Decision Processes,2018.0,3.0,28.0,0.0,False
10.1145/3209108.3209178,True,,https://openalex.org/W2798339057,On the number of types in sparse graphs,2018.0,22.0,42.0,2.5649,False
10.1145/3209108.3209179,True,,https://openalex.org/W2963145533,Model-Theoretic Characterization of Boolean and Arithmetic Circuit Classes of Small Depth,2018.0,6.0,24.0,0.6058,False
10.1145/3209108.3209180,True,,https://openalex.org/W2786452952,A van Benthem Theorem for Fuzzy Modal Logic,2018.0,1.0,44.0,0.19856246,False
10.1145/3209108.3209181,True,,https://openalex.org/W2798570354,Logics for Word Transductions with Synthesis,2018.0,4.0,37.0,0.6448,False
10.1145/3209108.3209183,True,,https://openalex.org/W2799090976,Free Higher Groups in Homotopy Type Theory,2018.0,4.0,11.0,1.4592,False
10.1145/3209108.3209184,True,,https://openalex.org/W2798650598,Stochastic Shortest Paths and Weight-Bounded Properties in Markov Decision Processes,2018.0,1.0,21.0,0.0,False
10.1145/3209108.3209185,True,,https://openalex.org/W2964314311,Distribution-based objectives for Markov Decision Processes,2018.0,9.0,31.0,0.2149,False
10.1145/3209108.3209186,True,,https://openalex.org/W2787041440,"Definable Ellipsoid Method, Sums-of-Squares Proofs, and the Isomorphism Problem",2018.0,2.0,16.0,0.2149,False
10.1145/3209108.3209187,True,,https://openalex.org/W2798278864,The concurrent game semantics of Probabilistic PCF,2018.0,30.0,39.0,3.5537,False
10.1145/3209108.3209189,True,,https://openalex.org/W2799182172,Syntax and Semantics of Quantitative Type Theory,2018.0,93.0,37.0,4.7396,False
10.1145/3209108.3209190,True,,https://openalex.org/W2798653279,On computability and tractability for infinite sets,2018.0,4.0,20.0,0.2019,False
10.1145/3209108.3209191,True,,https://openalex.org/W2799151151,Efficient Algorithms for Asymptotic Bounds on Termination Time in VASS,2018.0,0.0,38.0,0.0,False
10.1145/3209108.3209193,True,,https://openalex.org/W2964225009,Computable decision making on the reals and other spaces,2018.0,6.0,31.0,0.6412,False
10.1145/3209108.3209194,True,,https://openalex.org/W2798942084,A Theory of Register Monitors,2018.0,14.0,42.0,1.7096,False
10.1145/3209108.3209197,True,,https://openalex.org/W2787765784,On Higher Inductive Types in Cubical Type Theory,2018.0,1.0,21.0,0.3683,False
10.1145/3209108.3209198,True,,https://openalex.org/W2799180001,Probabilistic Stable Functions on Discrete Cones are Power Series,2018.0,18.0,24.0,1.7917,False
10.1145/3209108.3209199,True,,https://openalex.org/W2786132250,A sequent calculus with dependent types for classical arithmetic,2018.0,7.0,26.0,1.1846,False
10.1145/3209108.3209200,True,,https://openalex.org/W2798735574,Computability Beyond Church-Turing via Choice Sequences,2018.0,9.0,46.0,1.4959,False
10.1145/3209108.3209201,True,,https://openalex.org/W2810848820,Separability by piecewise testable languages and downward closures beyond subwords,2018.0,12.0,29.0,0.8548,False
10.1145/3209108.3209204,True,,https://openalex.org/W2811195459,A Fixpoint Logic and Dependent Effects for Temporal Property Verification,2018.0,26.0,37.0,2.7785,False
10.1145/3209108.3209205,True,,https://openalex.org/W2786057894,Unary negation fragment with equivalence relations has the finite model property,2018.0,0.0,11.0,0.0,False
10.1145/3209108.3209206,True,,https://openalex.org/W2798011798,Extensional and Intensional Semantic Universes,2018.0,2.0,32.0,0.0,False
10.1145/3209108.3209207,True,,https://openalex.org/W2799148948,Dialectica models of type theory,2018.0,11.0,42.0,1.0153,False
10.1145/3286062.3286072,True,,https://openalex.org/W2900611698,Internet As a Source of Randomness,2018.0,0.0,43.0,0.0,False
10.1145/3319535.3354216,True,,https://openalex.org/W2971247463,Insecure Until Proven Updated,2019.0,1.0,18.0,0.15361775,False
10.1145/3338498.3358649,True,,https://openalex.org/W2983195505,Anatomy of Commercial IMSI Catchers and Detectors,2019.0,38.0,45.0,4.5794,False
10.1145/3339984,False,"404: <!doctype html>
<html lang=en>
<title>404 Not Found</title>
<h1>Not Found</h1>
<p>The requested URL was not found on the server. If you entered the URL manually",,,,,,,
10.1145/3373718.3394732,True,,https://openalex.org/W3028690307,When Reachability Meets Grzegorczyk,2020.0,1.0,41.0,0.14708811,False
10.1145/3373718.3394733,True,,https://openalex.org/W3030375490,A tale of intersection types,2020.0,8.0,80.0,0.5302,False
10.1145/3373718.3394735,True,,https://openalex.org/W3031344110,"Contextual Types, Explained",2020.0,0.0,9.0,0.0,False
10.1145/3373718.3394738,True,,https://openalex.org/W3029105310,A Cellular Howe Theorem,2020.0,10.0,32.0,0.9599,False
10.1145/3373718.3394739,True,,https://openalex.org/W3011217690,Counting Bounded Tree Depth Homomorphisms,2020.0,1.0,47.0,0.1443,False
10.1145/3373718.3394740,True,,https://openalex.org/W3019110569,Russian Constructivism in a Prefascist Theory,2020.0,7.0,38.0,0.0,False
10.1145/3373718.3394742,True,,https://openalex.org/W3030890936,A characterisation of ordered abstract probabilities,2020.0,5.0,32.0,0.7225,False
10.1145/3373718.3394743,True,,https://openalex.org/W3023211140,An Efficient Normalisation Procedure for Linear Temporal Logic and Very Weak Alternating Automata,2020.0,11.0,34.0,1.0197,False
10.1145/3373718.3394744,True,,https://openalex.org/W3022119532,A Complete Proof System for 1-Free Regular Expressions Modulo Bisimilarity,2020.0,16.0,28.0,1.5479,False
10.1145/3373718.3394746,True,,https://openalex.org/W3029800901,Universal equivalence and majority of probabilistic programs over finite fields,2020.0,4.0,22.0,0.5438,False
10.1145/3373718.3394747,True,,https://openalex.org/W3032036488,Space-efficient Query Evaluation over Probabilistic Event Streams,2020.0,2.0,18.0,0.1542,False
10.1145/3373718.3394750,True,,https://openalex.org/W3007918591,Temporal Constraint Satisfaction Problems in Fixed-Point Logic,2020.0,1.0,25.0,0.1359,False
10.1145/3373718.3394751,True,,https://openalex.org/W3029036723,Efficient Analysis of VASS Termination Complexity,2020.0,3.0,6.0,0.44126432,False
10.1145/3373718.3394752,True,,https://openalex.org/W2936611841,Re-pairing brackets,2020.0,1.0,49.0,0.0,False
10.1145/3373718.3394753,True,,https://openalex.org/W2978576973,Complexity of controlled bad sequences over finite sets of Nd,2020.0,8.0,18.0,0.9279,False
10.1145/3373718.3394754,True,,https://openalex.org/W3028950990,The Surprising Power of Constant Depth Algebraic Proofs,2020.0,9.0,27.0,0.985,False
10.1145/3373718.3394755,True,,https://openalex.org/W2592155257,A Higher Structure Identity Principle,2020.0,6.0,5.0,0.2718,False
10.1145/3373718.3394756,True,,https://openalex.org/W3030023697,Lower Bounds for QBFs of Bounded Treewidth,2020.0,18.0,50.0,2.1108,False
10.1145/3373718.3394757,True,,https://openalex.org/W3030566755,Making Streett Determinization Tight,2020.0,1.0,11.0,0.0,False
10.1145/3373718.3394758,True,,https://openalex.org/W3031132030,Cones as a model of intuitionistic linear logic,2020.0,4.0,18.0,0.44057865,False
10.1145/3373718.3394759,True,,https://openalex.org/W3022319210,Partial Univalence in n-truncated Type Theory,2020.0,0.0,25.0,0.0,False
10.1145/3373718.3394760,True,,https://openalex.org/W3032285962,The Integers as a Higher Inductive Type,2020.0,11.0,17.0,12.1067,False
10.1145/3373718.3394762,True,,https://openalex.org/W3022539921,Concurrent Separation Logic Meets Template Games,2020.0,1.0,23.0,0.1371,False
10.1145/3373718.3394764,True,,https://openalex.org/W3003989734,The Hidden Subgroup Problem for Universal Algebras,2020.0,0.0,8.0,0.0,False
10.1145/3373718.3394765,True,,https://openalex.org/W3032363873,Linear Dependent Type Theory for Quantum Programming Languages,2020.0,21.0,29.0,1.631,False
10.1145/3373718.3394766,True,,https://openalex.org/W3029393106,On Computability of Logical Approaches to Branching-Time Property Verification of Programs,2020.0,6.0,25.0,0.7036,False
10.1145/3373718.3394769,True,,https://openalex.org/W3029012198,Coherence and normalisation-by-evaluation for bicategorical cartesian closed structure,2020.0,6.0,82.0,0.7954,False
10.1145/3373718.3394771,True,,https://openalex.org/W3104417499,Algebraic models of simple type theories,2020.0,1.0,29.0,0.1326,False
10.1145/3373718.3394772,True,,https://openalex.org/W2999654147,One-Clock Priced Timed Games are PSPACE-hard,2020.0,0.0,22.0,0.0,False
10.1145/3373718.3394773,True,,https://openalex.org/W3008834762,Descriptive complexity of real computation and probabilistic independence logic,2020.0,13.0,19.0,1.0116,False
10.1145/3373718.3394774,True,,https://openalex.org/W3031314371,Consuming and Persistent Types for Classical Logic,2020.0,10.0,27.0,1.2239,False
10.1145/3373718.3394776,True,,https://openalex.org/W3032460468,An Approach to Regular Separability in Vector Addition Systems,2020.0,4.0,45.0,0.1457,False
10.1145/3373718.3394778,True,,https://openalex.org/W3032336757,Reconciling noninterference and gradual typing,2020.0,11.0,36.0,1.0872,False
10.1145/3373718.3394780,True,,https://openalex.org/W3006836106,Intermediate problems in modular circuits satisfiability,2020.0,1.0,21.0,0.1457,False
10.1145/3373718.3394781,True,,https://openalex.org/W3020942026,On The Relational Width of First-Order Expansions of Finitely Bounded Homogeneous Binary Cores with Bounded Strict Width,2020.0,0.0,25.0,0.0,False
10.1145/3373718.3394782,True,,https://openalex.org/W3032742863,Uniformisations of Regular Relations Over Bi-Infinite Words,2020.0,1.0,10.0,0.0,False
10.1145/3373718.3394783,True,,https://openalex.org/W3021109941,The Complexity of Dynamic Data Race Prediction,2020.0,1.0,47.0,0.2357,False
10.1145/3373718.3394784,True,,https://openalex.org/W3028910507,A Hennessy-Milner Theorem for ATL with Imperfect Information,2020.0,1.0,17.0,0.0,False
10.1145/3373718.3394785,True,,https://openalex.org/W3006962660,First-order tree-to-tree functions,2020.0,0.0,31.0,0.0,False
10.1145/3373718.3394786,True,,https://openalex.org/W3014491703,On the Weisfeiler-Leman Dimension of Finite Groups,2020.0,0.0,33.0,0.0,False
10.1145/3373718.3394787,True,,https://openalex.org/W3031017737,Modal Logics with Composition on Finite Forests,2020.0,5.0,59.0,0.6796,False
10.1145/3373718.3394792,True,,https://openalex.org/W3022366942,A calculus of expandable stores,2020.0,1.0,36.0,0.14685955,False
10.1145/3373718.3394794,True,,https://openalex.org/W3031494424,A Constructive Model of Directed Univalence in Bicubical Sets,2020.0,15.0,33.0,4.342,False
10.1145/3373718.3394795,True,,https://openalex.org/W3024760727,Combining probabilistic and non-deterministic choice via weak distributive laws,2020.0,26.0,32.0,2.4569,False
10.1145/3373718.3394796,True,,https://openalex.org/W3029173733,Deciding Differential Privacy for Programs with Finite Inputs and Outputs,2020.0,23.0,30.0,2.3861,False
10.1145/3373718.3394797,True,,https://openalex.org/W3031008428,A Fixed Point Theorem on Lexicographic Lattice Structures,2020.0,0.0,16.0,0.0,False
10.1145/3373718.3394799,True,,https://openalex.org/W3031613435,Refinement-Based Game Semantics for Certified Abstraction Layers,2020.0,16.0,52.0,1.4582,False
10.1145/3373718.3394800,True,,https://openalex.org/W3003079417,Coherence via Well-Foundedness,2020.0,0.0,9.0,0.0,False
10.1145/3373718.3394802,True,,https://openalex.org/W3030674370,Extended Kripke lemma and decidability for hypersequent substructural logics,2020.0,6.0,22.0,0.8229,False
10.1145/3373718.3394804,True,,https://openalex.org/W3032416319,Pebble Minimization of Polyregular Functions,2020.0,7.0,8.0,1.0107,False
10.1145/3373718.3394805,True,,https://openalex.org/W3022693679,Mixing Probabilistic and non-Probabilistic Objectives in Markov Decision Processes,2020.0,1.0,19.0,0.1445,False
10.1145/3373718.3394806,True,,https://openalex.org/W3017566448,The Benefit of Being Non-Lazy in Probabilistic λ-calculus,2020.0,1.0,26.0,0.1359,False
10.1145/3373718.3394807,True,,https://openalex.org/W3031573046,Modal Intuitionistic Logics as Dialgebraic Logics,2020.0,7.0,93.0,0.8228,False
10.1145/3373718.3394809,True,,https://openalex.org/W3028996067,Sparse Hashing for Scalable Approximate Model Counting,2020.0,20.0,20.0,2.7752,False
10.1145/3373718.3394827,True,,https://openalex.org/W3025108182,Bisimulation Finiteness of Pushdown Systems Is Elementary,2020.0,1.0,33.0,0.1445,False
10.1145/3485002,True,,https://openalex.org/W2573672522,Sequential Equilibrium in Games of Imperfect Recall,2021.0,5.0,25.0,0.0,False
10.1145/3531130.3532405,True,,https://openalex.org/W4289793241,Varieties of Quantitative Algebras and Their Monads,2022.0,6.0,6.0,1.2056,False
10.1145/3531130.3532410,True,,https://openalex.org/W4289800061,The amazing mixed polynomial closure and its applications to two-variable first-order logic,2022.0,3.0,21.0,0.4382,False
10.1145/3531130.3532419,True,,https://openalex.org/W4289800052,Partitions and Ewens Distributions in element-free Probability Theory,2022.0,4.0,19.0,0.552,False
10.1145/3531130.3532439,True,,https://openalex.org/W4289855885,Stochastic Games with Synchronizing Objectives,2022.0,2.0,20.0,0.3273,False
10.1145/3531130.3532458,True,,https://openalex.org/W4283212415,A direct computational interpretation of second-order arithmetic via update recursion,2022.0,2.0,8.0,0.39159764,False
10.1145/3531130.3532469,True,,https://openalex.org/W4289800065,Resource approximation for the λμ-calculus,2022.0,0.0,19.0,0.0,False
10.1145/3531130.3532484,True,,https://openalex.org/W4289793251,A first-order completeness result about characteristic Boolean algebras in classical realizability,2022.0,0.0,12.0,0.0,False
10.1145/3531130.3532488,True,,https://openalex.org/W4289793073,A Functorial Excursion Between Algebraic Geometry and Linear Logic,2022.0,1.0,21.0,0.19579882,False
10.1145/3531130.3532498,True,,https://openalex.org/W4289800094,When Locality Meets Preservation,2022.0,0.0,21.0,0.0,False
10.1145/3531130.3533326,True,,https://openalex.org/W4289856124,Transducers of polynomial growth,2022.0,10.0,21.0,1.4606,False
10.1145/3531130.3533328,True,,https://openalex.org/W4289856130,On the Skolem Problem and the Skolem Conjecture,2022.0,5.0,19.0,0.7543,False
10.1145/3531130.3533329,True,,https://openalex.org/W4289855886,On the Satisfiability of Context-free String Constraints with Subword-Ordering,2022.0,1.0,25.0,0.3031,False
10.1145/3531130.3533330,True,,https://openalex.org/W4289793292,Computable PAC Learning of Continuous Features,2022.0,1.0,17.0,0.1388,False
10.1145/3531130.3533332,True,,https://openalex.org/W4285783048,Quantum Expectation Transformers for Cost Analysis,2022.0,10.0,27.0,1.9579882,False
10.1145/3531130.3533333,True,,https://openalex.org/W4289793588,Solvability of orbit-finite systems of linear equations,2022.0,6.0,19.0,0.6035,False
10.1145/3531130.3533336,True,,https://openalex.org/W4289793610,The boundedness and zero isolation problems for weighted automata over nonnegative rationals,2022.0,2.0,31.0,0.2921,False
10.1145/3531130.3533337,True,,https://openalex.org/W4289793575,Logical Foundations of Quantitative Equality,2022.0,8.0,42.0,0.928,False
10.1145/3531130.3533338,True,,https://openalex.org/W4289794021,On Almost-Uniform Generation of SAT Solutions: The power of 3-wise independent hashing,2022.0,2.0,19.0,0.2776,False
10.1145/3531130.3533339,True,,https://openalex.org/W4289793617,Size measures and alphabetic equivalence in the μ-calculus,2022.0,3.0,11.0,0.4512,False
10.1145/3531130.3533342,True,,https://openalex.org/W3203701065,Active learning for sound negotiations✱,2022.0,3.0,44.0,0.4165,False
10.1145/3531130.3533343,True,,https://openalex.org/W4289443290,Abstractions for the local-time semantics of timed automata: a foundation for partial-order methods,2022.0,16.0,32.0,2.1322,False
10.1145/3531130.3533344,True,,https://openalex.org/W4289800080,On the strength of Sherali-Adams and Nullstellensatz as propositional proof systems,2022.0,3.0,23.0,0.3979,False
10.1145/3531130.3533345,True,,https://openalex.org/W3201907283,The Complexity of Bidirected Reachability in Valence Systems,2022.0,7.0,42.0,1.056,False
10.1145/3531130.3533346,True,,https://openalex.org/W4289800030,Ramsey Quantifiers over Automatic Structures: Complexity and Applications to Verification,2022.0,3.0,34.0,0.4382,False
10.1145/3531130.3533347,True,,https://openalex.org/W3189390853,Syllepsis in Homotopy Type Theory,2022.0,3.0,16.0,1.1721,False
10.1145/3531130.3533349,True,,https://openalex.org/W4289800084,Treelike Decompositions for Transductions of Sparse Graphs,2022.0,7.0,17.0,1.0224,False
10.1145/3531130.3533351,True,,https://openalex.org/W4289800026,Probabilistic Verification Beyond Context-Freeness,2022.0,0.0,22.0,0.0,False
10.1145/3531130.3533352,True,,https://openalex.org/W4280488577,Zigzag normalisation for associative n-categories,2022.0,1.0,27.0,0.3997,False
10.1145/3531130.3533353,True,,https://openalex.org/W3105175762,Smooth approximations and CSPs over finitely bounded homogeneous structures,2022.0,5.0,75.0,0.6033,False
10.1145/3531130.3533354,True,,https://openalex.org/W4283073178,Reasoning on Data Words over Numeric Domains,2022.0,3.0,35.0,0.4164,False
10.1145/3531130.3533355,True,,https://openalex.org/W4289800069,Probability monads with submonads of deterministic states,2022.0,6.0,30.0,7.4064496,False
10.1145/3531130.3533356,True,,https://openalex.org/W3178718674,Stable graphs of bounded twin-width,2022.0,15.0,38.0,2.0451,False
10.1145/3531130.3533357,True,,https://openalex.org/W4289800071,Lower Bounds for the Reachability Problem in Fixed Dimensional VASSes,2022.0,6.0,16.0,0.8765,False
10.1145/3531130.3533358,True,,https://openalex.org/W4289800075,Zero-One Laws and Almost Sure Valuations of First-Order Logic in Semiring Semantics,2022.0,6.0,17.0,0.6631,False
10.1145/3531130.3533359,True,,https://openalex.org/W3191632648,Greatest HITs: Higher inductive types in coinductive definitions via induction under clocks,2022.0,8.0,62.0,0.928,False
10.1145/3531130.3533361,True,,https://openalex.org/W4289794046,Curry and Howard Meet Borel,2022.0,3.0,37.0,0.4166,False
10.1145/3531130.3533363,True,,https://openalex.org/W3046586342,A Type Theory for Strictly Unital ∞-Categories,2022.0,1.0,13.0,0.0,False
10.1145/3531130.3533364,True,,https://openalex.org/W4289855882,Efficient Construction of Reversible Transducers from Regular Transducer Expressions,2022.0,2.0,9.0,0.52669553,False
10.1145/3531130.3533365,True,,https://openalex.org/W4289856129,Monoidal Streams for Dataflow Programming,2022.0,10.0,65.0,1.3147,False
10.1145/3531130.3533366,True,,https://openalex.org/W4289833833,Beyond Nonexpansive Operations in Quantitative Algebraic Reasoning,2022.0,3.0,15.0,0.58739646,False
10.1145/3531130.3533367,True,,https://openalex.org/W4289793619,Model Checking on Interpretations of Classes of Bounded Local Cliquewidth,2022.0,7.0,26.0,1.84343435,False
10.1145/3531130.3533368,True,,https://openalex.org/W3182241943,Separating LREC from LFP,2022.0,0.0,14.0,0.0,False
10.1145/3531130.3533369,True,,https://openalex.org/W4281769808,Deciding Hyperproperties Combined with Functional Specifications,2022.0,13.0,27.0,1.8042,False
10.1145/3531130.3533370,True,,https://openalex.org/W4281862103,Concrete categories and higher-order recursion,2022.0,3.0,39.0,0.276,False
10.1145/3531130.3533371,True,,https://openalex.org/W4226346869,The Regular Languages of First-Order Logic with One Alternation,2022.0,0.0,28.0,0.0,False
10.1145/3531130.3533372,True,,https://openalex.org/W4289794060,Geometric decision procedures and the VC dimension of linear arithmetic theories,2022.0,1.0,38.0,0.1508,False
10.1145/3531130.3533373,True,,https://openalex.org/W4289793388,Linear-Algebraic Models of Linear Logic as Categories of Modules over Σ-Semirings✱,2022.0,4.0,36.0,0.5303,False
10.1145/3531130.3533374,True,,https://openalex.org/W4289793631,Graded Monads and Behavioural Equivalence Games,2022.0,6.0,32.0,0.7957,False
10.1145/3531130.3533375,True,,https://openalex.org/W4286832929,Bouncing threads for circular and non-wellfounded proofs -- Towards compositionality with circular proofs (Extended version),2022.0,0.0,0.0,0.0,False
10.1145/3661814.3662068,True,,https://openalex.org/W4399889319,Local consistency as a reduction between constraint satisfaction problems,2024.0,14.0,49.0,4.0749,False
10.1145/3661814.3662069,True,,https://openalex.org/W4399889428,1-in-3 vs. Not-All-Equal: Dichotomy of a broken promise,2024.0,2.0,48.0,0.6914,False
10.1145/3661814.3662071,True,,https://openalex.org/W4399889847,The Complexity of Resilience Problems via Valued Constraint Satisfaction Problems,2024.0,5.0,39.0,1.3456,False
10.1145/3661814.3662072,True,,https://openalex.org/W4398157329,Injective hardness condition for PCSPs,2024.0,1.0,30.0,0.3399,False
10.1145/3661814.3662073,True,,https://openalex.org/W4399889066,Determinisation and Unambiguisation of Polynomially-Ambiguous Rational Weighted Automata,2024.0,2.0,31.0,0.6914,False
10.1145/3661814.3662074,True,,https://openalex.org/W4399889340,Equivariant ideals of polynomials,2024.0,1.0,16.0,1.2285,False
10.1145/3661814.3662075,True,,https://openalex.org/W4399909257,Concurrent Games over Relational Structures: The Origin of Game Comonads,2024.0,1.0,25.0,0.4693,False
10.1145/3661814.3662077,True,,https://openalex.org/W4399889179,Delooping cyclic groups with lens spaces in homotopy type theory,2024.0,0.0,14.0,0.0,False
10.1145/3661814.3662078,True,,https://openalex.org/W4399889354,Diagrammatic Algebra of First Order Logic,2024.0,3.0,60.0,0.9934,False
10.1145/3661814.3662080,True,,https://openalex.org/W4399889397,Deterministic Sub-exponential Algorithm for Discounted-sum Games with Unary Weights,2024.0,1.0,30.0,1.3661,False
10.1145/3661814.3662081,True,,https://openalex.org/W4399889143,Linear Termination is Undecidable,2024.0,0.0,29.0,0.0,False
10.1145/3661814.3662082,True,,https://openalex.org/W4399909376,"Dot-depth three, return of the J-class",2024.0,3.0,50.0,1.0371,False
10.1145/3661814.3662083,True,,https://openalex.org/W4399909388,Rank-decreasing transductions,2024.0,1.0,18.0,0.3416,False
10.1145/3661814.3662084,True,,https://openalex.org/W4399889406,A Completeness Theorem for Probabilistic Regular Expressions,2024.0,3.0,50.0,1.0371,False
10.1145/3661814.3662085,True,,https://openalex.org/W4399889423,Separation and Encodability in Mixed Choice Multiparty Sessions,2024.0,9.0,64.0,2.9802,False
10.1145/3661814.3662088,True,,https://openalex.org/W4399889461,Minimal Equational Theories for Quantum Circuits,2024.0,1.0,26.0,0.324,False
10.1145/3661814.3662089,True,,https://openalex.org/W4399889778,Model Checking Disjoint-Paths Logic on Topological-Minor-Free Graph Classes,2024.0,3.0,32.0,0.6833,False
10.1145/3661814.3662090,True,,https://openalex.org/W4399889335,Discounted-Sum Automata with Real-Valued Discount Factors,2024.0,3.0,39.0,1.0371,False
10.1145/3661814.3662092,True,,https://openalex.org/W4399889898,An Analysis of Symmetry in Quantitative Semantics,2024.0,0.0,25.0,0.0,False
10.1145/3661814.3662093,True,,https://openalex.org/W4399889272,Are Targeted Messages More Effective?,2024.0,0.0,31.0,0.0,False
10.1145/3661814.3662094,True,,https://openalex.org/W4399889290,Elementary first-order model checking for sparse graphs,2024.0,1.0,29.0,0.3457,False
10.1145/3661814.3662096,True,,https://openalex.org/W4399889085,Bounded-Memory Strategies in Partial-Information Games,2024.0,1.0,36.0,0.3364,False
10.1145/3661814.3662098,True,,https://openalex.org/W4397028522,"Braids, Twists, Trace and Duality in Combinatory Algebras",2024.0,2.0,42.0,0.6623,False
10.1145/3661814.3662099,True,,https://openalex.org/W4391506091,Bialgebraic Reasoning on Higher-order Program Equivalence,2024.0,4.0,71.0,1.3245,False
10.1145/3661814.3662100,True,,https://openalex.org/W4399889523,Declassification Policy for Program Complexity Analysis,2024.0,0.0,35.0,0.0,False
10.1145/3661814.3662101,True,,https://openalex.org/W4399889938,Non-Elementary Compression of First-Order Proofs in Deep Inference Using Epsilon-Terms,2024.0,0.0,31.0,0.0,False
10.1145/3661814.3662102,True,,https://openalex.org/W4399889353,A Syntax for Strictly Associative and Unital ∞-Categories,2024.0,0.0,12.0,0.0,False
10.1145/3661814.3662103,True,,https://openalex.org/W4399889863,Pushdown Normal-Form Bisimulation: A Nominal Context-Free Approach to Program Equivalence,2024.0,1.0,58.0,0.3311,False
10.1145/3661814.3662105,True,,https://openalex.org/W4399889133,Initial Algebras Unchained - A Novel Initial Algebra Construction Formalized in Agda,2024.0,0.0,25.0,0.0,False
10.1145/3661814.3662107,True,,https://openalex.org/W4399889150,A Characterisation Theorem for Two-Way Bisimulation-Invariant Monadic Least Fixpoint Logic Over Finite Structures,2024.0,0.0,21.0,0.0,False
10.1145/3661814.3662108,True,,https://openalex.org/W4399909267,Combining fixpoint and differentiation theory,2024.0,0.0,43.0,0.0,False
10.1145/3661814.3662109,True,,https://openalex.org/W4399889434,Contextual Equivalence for State and Control via Nested Data,2024.0,0.0,21.0,0.0,False
10.1145/3661814.3662110,True,,https://openalex.org/W4398229202,An expressively complete local past propositional dynamic logic over Mazurkiewicz traces and its applications,2024.0,3.0,20.0,0.9656,False
10.1145/3661814.3662111,True,,https://openalex.org/W4399889110,Decidability of Quasi-Dense Modal Logics,2024.0,0.0,11.0,0.0,False
10.1145/3661814.3662112,True,,https://openalex.org/W4399889208,On the Completeness of Interpolation Algorithms,2024.0,0.0,28.0,0.0,False
10.1145/3661814.3662113,True,,https://openalex.org/W4399889144,Genericity Through Stratification,2024.0,1.0,57.0,0.3311,False
10.1145/3661814.3662114,True,,https://openalex.org/W4399889099,Uniformisation of Regular Relations in First-Order Logic with Two Variables,2024.0,0.0,15.0,0.0,False
10.1145/3661814.3662115,True,,https://openalex.org/W4399889519,On symmetries of spheres in univalent foundations,2024.0,1.0,23.0,0.2496,False
10.1145/3661814.3662116,True,,https://openalex.org/W4399889172,On the Separability Problem of VASS Reachability Languages,2024.0,0.0,29.0,0.0,False
10.1145/3661814.3662117,True,,https://openalex.org/W4399889109,First order distinguishability of sparse random graphs,2024.0,0.0,15.0,0.0,False
10.1145/3661814.3662118,True,,https://openalex.org/W4399889074,Quantum advantage and CSP complexity,2024.0,0.0,56.0,0.0,False
10.1145/3661814.3662119,True,,https://openalex.org/W4399889117,On the Decidability of Monadic Second-Order Logic with Arithmetic Predicates,2024.0,2.0,27.0,0.6833,False
10.1145/3661814.3662120,True,,https://openalex.org/W4399889534,Defining algorithmically presented structures in first order logic,2024.0,1.0,55.0,0.3457,False
10.1145/3661814.3662121,True,,https://openalex.org/W4394868170,Complete Game Logic with Sabotage,2024.0,2.0,40.0,0.6586,False
10.1145/3661814.3662122,True,,https://openalex.org/W4399909698,Bounding the Weisfeiler-Leman Dimension via a Depth Analysis of I/R-Trees,2024.0,1.0,28.0,0.3457,False
10.1145/3661814.3662123,True,,https://openalex.org/W4391621449,A Profunctorial Semantics for Quantum Supermaps,2024.0,0.0,70.0,0.0,False
10.1145/3661814.3662124,True,,https://openalex.org/W4399889753,Decidability and Complexity of Decision Problems for Affine Continuous VASS,2024.0,0.0,17.0,0.0,False
10.1145/3661814.3662125,True,,https://openalex.org/W4399889888,From Quantifier Depth to Quantifier Number: Separating Structures with k Variables,2024.0,0.0,37.0,0.0,False
10.1145/3661814.3662126,True,,https://openalex.org/W4399889326,A Cartesian Closed Category for Random Variables,2024.0,1.0,38.0,0.3311,False
10.1145/3661814.3662127,True,,https://openalex.org/W4399889270,First order complexity of finite random structures,2024.0,1.0,30.0,1.2852,False
10.1145/3661814.3662128,True,,https://openalex.org/W4399924151,Relevant S is Undecidable,2024.0,1.0,8.0,0.3457,False
10.1145/3661814.3662130,True,,https://openalex.org/W4399889141,"Effectful semantics in bicategories: strong, commutative, and concurrent pseudomonads",2024.0,2.0,76.0,0.6623,False
10.1145/3661814.3662131,True,,https://openalex.org/W4399908444,Element-free probability distributions and random partitions,2024.0,0.0,23.0,0.0,False
10.1145/3661814.3662132,True,,https://openalex.org/W4398191624,Equivalence and Conditional Independence in Atomic Sheaf Logic,2024.0,3.0,23.0,0.9649,False
10.1145/3661814.3662133,True,,https://openalex.org/W4399910979,Verifying Unboundedness via Amalgamation,2024.0,4.0,69.0,1.3666,False
10.1145/3661814.3662134,True,,https://openalex.org/W4399889780,Slice closures of indexed languages and word equations with counting constraints,2024.0,2.0,69.0,0.6914,False
10.1145/3661814.3662135,True,,https://openalex.org/W4399889558,A Nominal Approach to Probabilistic Separation Logic,2024.0,5.0,32.0,1.6557,False
10.1145/3661814.3662136,True,,https://openalex.org/W4399909286,Primitive Recursive Dependent Type Theory,2024.0,0.0,28.0,0.0,False
10.1145/3661814.3662137,True,,https://openalex.org/W4399889779,No Go Theorems: Directed Containers That Do Not Distribute Over Distribution Monads,2024.0,0.0,36.0,0.0,False
10.1145/3661814.3662138,True,,https://openalex.org/W4399889600,A proof theory of right-linear (ω-)grammars via cyclic proofs,2024.0,1.0,40.0,0.3457,False
10.1145/3661814.3662139,True,,https://openalex.org/W4399889535,Composing Codensity Bisimulations,2024.0,2.0,22.0,0.6623,False
10.1145/3728640,True,,https://openalex.org/W4409257271,Quantified Constraint Handling Rules,2025.0,1.0,25.0,1.2634,False
10.1145/3734516,True,,https://openalex.org/W4410125068,Quantum Weakest Preconditions for Reasoning about Expected Runtimes of Quantum Programs,2025.0,1.0,35.0,2.1733,False
10.1145/3779416,True,,https://openalex.org/W4417339646,An Abstract Fixed-Point Theorem for Horn Formula Equations,2025.0,0.0,44.0,0.0,False
10.1145/3793666,True,,https://openalex.org/W7126424374,Cyclic Implicit Complexity,2026.0,0.0,26.0,0.0,False
10.1609/aaai.v33i01.33012654,True,,https://openalex.org/W2885592213,Relaxing and Restraining Queries for OBDA,2019.0,0.0,39.0,0.0,False
10.1609/aaai.v34i03.5672,True,,https://openalex.org/W2996917877,Structural Decompositions of Epistemic Logic Programs,2020.0,13.0,61.0,1.2279,False
10.1609/aaai.v37i5.25778,True,,https://openalex.org/W4382239441,Evaluating Epistemic Logic Programs via Answer Set Programming with Quantifiers,2023.0,1.0,48.0,0.113,False
10.1609/aaai.v39i14.33628,True,,https://openalex.org/W4409365358,Situation Calculus Temporally Lifted Abstractions for Generalized Planning,2025.0,1.0,0.0,0.9574,False
10.1609/aaai.v40i48.42143,True,,https://openalex.org/W7138964997,"Flexible, Lifelong, Explainable, and Robust Solutions for Multi-Agent Path Finding Problems",2026.0,0.0,0.0,0.0,False
10.1609/aaai.v40i48.42148,True,,https://openalex.org/W7138851587,Knowledge-Based Stable Roommates Problems,2026.0,0.0,0.0,0.0,False
10.1613/jair.1.13530,True,,https://openalex.org/W4283579494,Admissibility in Probabilistic Argumentation,2022.0,4.0,49.0,0.5549,False
10.1613/jair.1.17422,True,,https://openalex.org/W4412063508,Explainability via Short Formulas: the Case of Propositional Logic with Implementation,2025.0,1.0,12.0,2.1733,False
10.1613/jair.1.18404,True,,https://openalex.org/W4413121366,Argumentative Reasoning in ASPIC+ under Incomplete Information,2025.0,1.0,0.0,2.1733,False
10.1613/jair.5637,True,,https://openalex.org/W2578213352,Bisimulations on Data Graphs,2018.0,15.0,98.0,1.0162,False
10.1615/plasmamed.2013006341,True,,https://openalex.org/W2123057000,On&amp;apos;mechanism&amp;apos;of&amp;apos;inactivation&amp;apos;of&amp;apos;bio-particles&amp;apos;by&amp;apos;the&amp;apos;plasma&amp;apos;exposure&amp;apos;and&amp;apos;evaluation&amp;apos;of&amp;apos;the&amp;apos;toxicity&amp;apos;using&amp;apos;single&amp;apos;DNA&amp;apos;molecules,2013.0,0.0,2.0,0.0,False
10.2139/ssrn.5385646,True,,https://openalex.org/W4413235606,Temporal Team Semantics Revisited,2025.0,0.0,55.0,,False
10.23638/lmcs-13(4:26)2017,False,"404: <!doctype html>
<html lang=en>
<title>404 Not Found</title>
<h1>Not Found</h1>
<p>The requested URL was not found on the server. If you entered the URL manually",,,,,,,
10.23638/lmcs-15(3:16)2019,True,,https://openalex.org/W2951530774,Quantitative Automata under Probabilistic Semantics,2019.0,1.0,33.0,0.2,False
10.23638/lmcs-15(4:17)2019,True,,https://openalex.org/W3003327474,"Concurrency and probability: removing confusion, compositionally",2019.0,4.0,27.0,0.2021,False
10.23638/lmcs-16(3:1)2020,True,,https://openalex.org/W4389821594,Playing with Repetitions in Data Words Using Energy Games,2020.0,3.0,0.0,0.4335,False
10.23638/lmcs-17(2:8)2021,True,,https://openalex.org/W3006760284,Constructing Higher Inductive Types as Groupoid Quotients,2021.0,4.0,76.0,1.3657,False
10.23919/fmcad.2018.8602996,True,,https://openalex.org/W4243317484,"Formal Design, Implementation and Verification of Blockchain Languages",2018.0,1.0,0.0,0.3927,False
10.24963/kr.2020/10,True,,https://openalex.org/W3080391573,A Three-valued Approach to Strategic Abilities under Imperfect Information,2020.0,8.0,53.0,0.8155,False
10.24963/kr.2020/11,True,,https://openalex.org/W3080176691,Ordinal Polymatrix Games with Incomplete Information,2020.0,0.0,44.0,0.0,False
10.24963/kr.2020/13,True,,https://openalex.org/W3080775493,An Optimization Approach to Robust Goal Obfuscation,2020.0,6.0,22.0,0.4854,False
10.24963/kr.2020/14,True,,https://openalex.org/W3080484932,Explanatory Diagnosis of Discrete-Event Systems with Temporal Information and Smart Knowledge-Compilation,2020.0,5.0,42.0,0.5781,False
10.24963/kr.2020/15,True,,https://openalex.org/W3011104734,Querying and Repairing Inconsistent Prioritized Knowledge Bases: Complexity Analysis and Links with Abstract Argumentation,2020.0,4.0,59.0,0.5437,False
10.24963/kr.2020/16,True,,https://openalex.org/W3080293060,High-level Programming via Generalized Planning and LTL Synthesis,2020.0,9.0,48.0,1.0605,False
10.24963/kr.2020/18,True,,https://openalex.org/W3080782563,Simultaneous Representation of Knowledge and Belief for Epistemic Planning with Belief Revision,2020.0,8.0,18.0,1.0875,False
10.24963/kr.2020/19,True,,https://openalex.org/W3081326849,Spatial Reasoning about String Loops and Holes in Temporal ASP,2020.0,1.0,40.0,0.0,False
10.24963/kr.2020/2,True,,https://openalex.org/W3040403594,Reasoning with Contextual Knowledge and Influence Diagrams,2020.0,0.0,30.0,0.0,False
10.24963/kr.2020/20,True,,https://openalex.org/W3009463690,A Uniform Treatment of Aggregates and Constraints in Hybrid ASP,2020.0,0.0,14.0,0.0,False
10.24963/kr.2020/22,True,,https://openalex.org/W3081150839,Rational Defeasible Belief Change,2020.0,0.0,43.0,0.0,False
10.24963/kr.2020/23,True,,https://openalex.org/W3049359216,Explanations for Negative Query Answers under Existential Rules,2020.0,20.0,44.0,2.311,False
10.24963/kr.2020/24,True,,https://openalex.org/W3037378061,Revision by Conditionals: From Hook to Arrow,2020.0,1.0,42.0,0.14685955,False
10.24963/kr.2020/25,True,,https://openalex.org/W3080937756,Non-Monotonic Ontology-based Abstractions of Data Services,2020.0,6.0,39.0,0.816,False
10.24963/kr.2020/26,True,,https://openalex.org/W3081416561,Dyadic Obligations over Complex Actions as Deontic Constraints in the Situation Calculus,2020.0,2.0,57.0,0.1359,False
10.24963/kr.2020/27,True,,https://openalex.org/W3081266237,Reasoning about Measures of Unmeasurable Sets,2020.0,0.0,41.0,0.0,False
10.24963/kr.2020/28,True,,https://openalex.org/W3080305882,Lightweight Parallel Multi-Agent Epistemic Planning,2020.0,5.0,30.0,0.58743819,False
10.24963/kr.2020/29,True,,https://openalex.org/W3042708252,Fine-Grained Complexity of Temporal Problems,2020.0,6.0,40.0,0.8093,False
10.24963/kr.2020/3,True,,https://openalex.org/W3081486036,Verifying Strategic Abilities of Neural-symbolic Multi-agent Systems,2020.0,10.0,60.0,1.2234,False
10.24963/kr.2020/30,True,,https://openalex.org/W3080969629,Nondeterministic Strategies and their Refinement in Strategy Logic,2020.0,2.0,45.0,0.2651,False
10.24963/kr.2020/31,True,,https://openalex.org/W3081445187,Two-Stage Technique for LTLf Synthesis Under LTL Assumptions,2020.0,10.0,76.0,1.1653,False
10.24963/kr.2020/32,True,,https://openalex.org/W3081237514,Strategy Synthesis for Data-Aware Dynamic Systems with Multiple Actors,2020.0,15.0,27.0,1.877,False
10.24963/kr.2020/33,True,,https://openalex.org/W3081168039,A Preference-Based Approach to Defeasible Deontic Inference,2020.0,3.0,49.0,0.1359,False
10.24963/kr.2020/34,True,,https://openalex.org/W3080202193,Jokes and Belief Revision,2020.0,2.0,30.0,0.2937191,False
10.24963/kr.2020/35,True,,https://openalex.org/W3080695512,"Argumentation Semantics under a Claim-centric View: Properties, Expressiveness and Relation to SETAFs",2020.0,19.0,19.0,1.9029,False
10.24963/kr.2020/36,True,,https://openalex.org/W3080576334,Token-based Execution Semantics for Multi-Agent Epistemic Planning,2020.0,0.0,19.0,0.0,False
10.24963/kr.2020/37,True,,https://openalex.org/W3081349526,On Sufficient and Necessary Conditions in Bounded CTL: A Forgetting Approach,2020.0,6.0,42.0,0.5437,False
10.24963/kr.2020/38,True,,https://openalex.org/W3080697168,Containment of Simple Conjunctive Regular Path Queries,2020.0,10.0,39.0,0.8156,False
10.24963/kr.2020/39,True,,https://openalex.org/W3013256188,Finite Controllability for Ontology-Mediated Query Answering of CRPQ,2020.0,3.0,47.0,0.4078,False
10.24963/kr.2020/40,True,,https://openalex.org/W3081310136,Fixed-Parameter Tractability of Dependency QBF with Structural Parameters,2020.0,4.0,74.0,0.578,False
10.24963/kr.2020/41,True,,https://openalex.org/W3033823979,A Data Complexity and Rewritability Tetrachotomy of Ontology-Mediated Queries with a Covering Axiom,2020.0,3.0,27.0,0.4078,False
10.24963/kr.2020/43,True,,https://openalex.org/W3039939528,On Finite Entailment of Non-Local Queries in Description Logics,2020.0,2.0,25.0,0.2937191,False
10.24963/kr.2020/44,True,,https://openalex.org/W3081466422,Datalog Rewritability and Data Complexity of ALCHOIF with Closed Predicates,2020.0,2.0,34.0,0.2719,False
10.24963/kr.2020/45,True,,https://openalex.org/W3081215660,Multi-head Guarded Existential Rules Over Fixed Signatures,2020.0,3.0,17.0,0.2718,False
10.24963/kr.2020/46,True,,https://openalex.org/W3080543488,Logics of Preference when There Is No Best,2020.0,0.0,41.0,0.0,False
10.24963/kr.2020/47,True,,https://openalex.org/W3080528803,Syntax Splitting for Iterated Contractions,2020.0,7.0,25.0,0.9516,False
10.24963/kr.2020/5,True,,https://openalex.org/W3080922372,Answer Set Programming with Composed Predicate Names,2020.0,0.0,29.0,0.0,False
10.24963/kr.2020/50,True,,https://openalex.org/W3080191219,Reasoning with Inconsistent Knowledge using the Epistemic Approach to Probabilistic Argumentation,2020.0,1.0,50.0,0.1359,False
10.24963/kr.2020/51,True,,https://openalex.org/W3037953068,Plausible Reasoning about EL-Ontologies using Concept Interpolation,2020.0,3.0,83.0,0.2937191,False
10.24963/kr.2020/52,True,,https://openalex.org/W3038935076,Logical Separability of Incomplete Data under Ontologies,2020.0,6.0,77.0,0.6797,False
10.24963/kr.2020/53,True,,https://openalex.org/W3081196159,On the Decidability of Expressive Description Logics with Transitive Closure and Regular Role Expressions,2020.0,3.0,44.0,0.3977,False
10.24963/kr.2020/54,True,,https://openalex.org/W3005235294,SAT-Based ATL Satisfiability Checking,2020.0,1.0,59.0,0.14708811,False
10.24963/kr.2020/55,True,,https://openalex.org/W3080658064,Reasoning About Plan Robustness Versus Plan Cost for Partially Informed Agents,2020.0,1.0,24.0,0.1359,False
10.24963/kr.2020/56,True,,https://openalex.org/W3080439228,Syntax Splitting = Relevance + Independence: New Postulates for Nonmonotonic Reasoning From Conditional Belief Bases,2020.0,47.0,36.0,4.2158,False
10.24963/kr.2020/57,True,,https://openalex.org/W3080556762,Changing Beliefs about Domain Dynamics in the Situation Calculus,2020.0,2.0,44.0,0.2718,False
10.24963/kr.2020/58,True,,https://openalex.org/W3081469361,Boolean Role Inclusions in DL-Lite With and Without Time,2020.0,2.0,55.0,0.2719,False
10.24963/kr.2020/59,True,,https://openalex.org/W3081444138,Signature-Based Abduction for Expressive Description Logics,2020.0,17.0,45.0,1.4959,False
10.24963/kr.2020/6,True,,https://openalex.org/W3081288140,Symbolic Solutions for Symbolic Constraint Satisfaction Problems,2020.0,1.0,29.0,0.1445,False
10.24963/kr.2020/60,True,,https://openalex.org/W3080543765,Computing Cores for Existential Rules with the Standard Chase and ASP,2020.0,6.0,42.0,0.8155,False
10.24963/kr.2020/61,True,,https://openalex.org/W3080160234,An ExpTime Upper Bound for ALC with Integers,2020.0,7.0,34.0,0.8156,False
10.24963/kr.2020/62,True,,https://openalex.org/W3080880417,A First-Order Logic of Limited Belief Based on Possible Worlds,2020.0,4.0,30.0,0.272,False
10.24963/kr.2020/63,True,,https://openalex.org/W3049638391,An Answer Set Programming Approach to Argumentative Reasoning in the ASPIC+ Framework,2020.0,6.0,31.0,0.544,False
10.24963/kr.2020/64,True,,https://openalex.org/W3080948094,"Argument, I Choose You! Preferences and Ranking Semantics in Abstract Argumentation",2020.0,4.0,35.0,0.2718,False
10.24963/kr.2020/65,True,,https://openalex.org/W3080226136,On the Reversibility of Actions in Planning,2020.0,13.0,26.0,1.3594,False
10.24963/kr.2020/66,True,,https://openalex.org/W3080380397,Explainable Planning Using Answer Set Programming,2020.0,12.0,15.0,1.4953,False
10.24963/kr.2020/67,True,,https://openalex.org/W3080499538,Smallest Explanations and Diagnoses of Rejection in Abstract Argumentation,2020.0,9.0,34.0,0.9516,False
10.24963/kr.2020/68,True,,https://openalex.org/W3080649229,Towards a Logic of Meta-Analysis,2020.0,3.0,19.0,0.2651,False
10.24963/kr.2020/69,True,,https://openalex.org/W3080392290,Bipolar Abstract Argumentation with Dual Attacks and Supports,2020.0,8.0,32.0,0.6628,False
10.24963/kr.2020/7,True,,https://openalex.org/W3080497637,Stable and Supported Semantics in Continuous Vector Spaces,2020.0,8.0,45.0,0.5438,False
10.24963/kr.2020/70,True,,https://openalex.org/W3080526825,Choosing What to Believe - New Results in Selective Revision,2020.0,3.0,12.0,0.1359,False
10.24963/kr.2020/71,True,,https://openalex.org/W3081089738,Designing Participatory Budgeting Mechanisms Grounded in Judgment Aggregation,2020.0,14.0,70.0,3.6478,False
10.24963/kr.2020/72,True,,https://openalex.org/W3080789389,Modelling the Polysemy of Spatial Prepositions in Referring Expressions,2020.0,5.0,39.0,0.6796,False
10.24963/kr.2020/73,True,,https://openalex.org/W3080997139,Independence and D-separation in Abstract Argumentation,2020.0,3.0,26.0,0.1359,False
10.24963/kr.2020/74,True,,https://openalex.org/W3042113782,Concept Contraction in the Description Logic EL,2020.0,3.0,35.0,0.1359,False
10.24963/kr.2020/75,True,,https://openalex.org/W3081330088,A Semantic Perspective on Omission Abstraction in ASP,2020.0,2.0,17.0,0.1326,False
10.24963/kr.2020/76,True,,https://openalex.org/W3081183908,Non-Prioritized Iterated Revision: Improvement via Incremental Belief Merging,2020.0,11.0,46.0,1.2233,False
10.24963/kr.2020/77,True,,https://openalex.org/W3080254470,Seq2KG: An End-to-End Neural Model for Domain Agnostic Knowledge Graph (not Text Graph) Construction from Text,2020.0,14.0,36.0,1.4582,False
10.24963/kr.2020/78,True,,https://openalex.org/W3080917084,Knowledge-Preserving Certain Answers for SQL-like Queries,2020.0,2.0,35.0,0.2718,False
10.24963/kr.2020/79,True,,https://openalex.org/W3081083544,DatalogMTL over the Integer Timeline,2020.0,19.0,29.0,2.0388,False
10.24963/kr.2020/81,True,,https://openalex.org/W3080846488,WOLED: A tool for Online Learning Weighted Answer Set Rules for Temporal Reasoning Under Uncertainty,2020.0,6.0,40.0,0.68,False
10.24963/kr.2020/82,True,,https://openalex.org/W3049353778,µ-toksia: An Efficient Abstract Argumentation Reasoner,2020.0,17.0,32.0,1.4953,False
10.24963/kr.2020/83,True,,https://openalex.org/W3080190649,Argumentation as a Framework for Interactive Explanations for Recommendations,2020.0,28.0,54.0,3.1261,False
10.24963/kr.2020/85,True,,https://openalex.org/W3006359542,On the Approximability of Weighted Model Integration on DNF Structures,2020.0,1.0,47.0,0.14685955,False
10.24963/kr.2020/86,True,,https://openalex.org/W3080169062,On Tractable XAI Queries based on Compiled Representations,2020.0,63.0,76.0,6.9942,False
10.24963/kr.2020/87,True,,https://openalex.org/W3080269789,Ontology-guided Semantic Composition for Zero-shot Learning,2020.0,12.0,42.0,1.2233,False
10.24963/kr.2020/88,True,,https://openalex.org/W3081111626,Towards an Inductive Logic Programming Approach for Explaining Black-Box Preference Learning Systems,2020.0,8.0,24.0,0.68,False
10.24963/kr.2020/89,True,,https://openalex.org/W3080730120,Temporal Logic Monitoring Rewards via Transducers,2020.0,14.0,59.0,1.1653,False
10.24963/kr.2020/90,True,,https://openalex.org/W3080304291,Neuro-Symbolic Probabilistic Argumentation Machines,2020.0,4.0,63.0,0.3977,False
10.24963/kr.2020/91,True,,https://openalex.org/W3081335478,On Tractable Representations of Binary Neural Networks,2020.0,49.0,61.0,5.2999,False
10.24963/kr.2020/92,True,,https://openalex.org/W3033172867,Analyzing Differentiable Fuzzy Implications,2020.0,7.0,48.0,0.8156,False
10.24963/kr.2020/93,True,,https://openalex.org/W3011324456,Towards a Framework for Visual Intelligence in Service Robotics: Epistemic Requirements and Gap Analysis,2020.0,3.0,52.0,0.2944,False
10.24963/kr.2020/94,True,,https://openalex.org/W3080497108,Modeling Affordances and Functioning for Personalized Robotic Assistance,2020.0,8.0,49.0,0.4971,False
10.24963/kr.2021/10,True,,https://openalex.org/W3207101903,Correcting Hierarchical Plans by Action Deletion,2021.0,8.0,47.0,0.9797,False
10.24963/kr.2021/11,True,,https://openalex.org/W3206985264,Choices and their Consequences - Explaining Acceptable Sets in Abstract Argumentation Frameworks,2021.0,7.0,36.0,0.42,False
10.24963/kr.2021/12,True,,https://openalex.org/W3206447457,DEL-based Epistemic Planning for Human-Robot Collaboration: Theory and Implementation,2021.0,14.0,29.0,1.5391,False
10.24963/kr.2021/13,True,,https://openalex.org/W3205518993,Enforcing Sets of Formulas in Structured Argumentation,2021.0,8.0,60.0,1.0877,False
10.24963/kr.2021/14,True,,https://openalex.org/W3183994043,Capturing Homomorphism-Closed Decidable Queries with Existential Rules,2021.0,2.0,19.0,0.3202,False
10.24963/kr.2021/15,True,,https://openalex.org/W3207439338,On the Identifiability of Hierarchical Decision Models,2021.0,3.0,32.0,0.4198,False
10.24963/kr.2021/16,True,,https://openalex.org/W3178305457,Parallelisable Existential Rules: a Story of Pieces,2021.0,0.0,45.0,0.0,False
10.24963/kr.2021/17,True,,https://openalex.org/W3206347645,Closed- and Open-world Reasoning in DL-Lite for Cloud Infrastructure Security,2021.0,1.0,19.0,0.136,False
10.24963/kr.2021/18,True,,https://openalex.org/W3206517884,On Eventual Applicability of Plans in Dynamic Environments with Cyclic Phenomena,2021.0,1.0,36.0,0.14,False
10.24963/kr.2021/19,True,,https://openalex.org/W3206122379,"An Account of Intensional and Extensional Actions, and its Application to Belief, Nondeterministic Actions and Fallible Sensors",2021.0,3.0,27.0,0.4079,False
10.24963/kr.2021/2,True,,https://openalex.org/W3205044998,Reasoning about Explanations for Non-validation in SHACL,2021.0,11.0,26.0,1.2594,False
10.24963/kr.2021/20,True,,https://openalex.org/W3207351631,A Compilation of Succinctness Results for Arithmetic Circuits,2021.0,4.0,56.0,0.2799,False
10.24963/kr.2021/21,True,,https://openalex.org/W3207585702,The Nondeterministic Situation Calculus,2021.0,7.0,40.0,0.6798,False
10.24963/kr.2021/22,True,,https://openalex.org/W3207522343,Timed Trace Alignment with Metric Temporal Logic over Finite Traces,2021.0,7.0,20.0,0.8577,False
10.24963/kr.2021/23,True,,https://openalex.org/W3207179668,Synthesis with Mandatory Stop Actions,2021.0,2.0,37.0,0.2959,False
10.24963/kr.2021/24,True,,https://openalex.org/W3206537207,Beyond Simple Images: Human Knowledge-Guided GANs for Clinical Data Generation,2021.0,5.0,102.0,0.3843,False
10.24963/kr.2021/25,True,,https://openalex.org/W3199180040,Expressing and Exploiting the Common Subgoal Structure of Classical Planning Domains Using Sketches,2021.0,8.0,46.0,1.1199,False
10.24963/kr.2021/26,True,,https://openalex.org/W3206345580,Treewidth-Aware Cycle Breaking for Algebraic Answer Set Counting,2021.0,20.0,43.0,2.5193,False
10.24963/kr.2021/28,True,,https://openalex.org/W3207394256,"Borda, Cancellation and Belief Merging",2021.0,0.0,40.0,0.0,False
10.24963/kr.2021/29,True,,https://openalex.org/W3206225697,Reasoning over Attack-incomplete AAFs in the Presence of Correlations,2021.0,6.0,45.0,0.6998,False
10.24963/kr.2021/3,True,,https://openalex.org/W3206921089,Generalized Temporal Inference via Planning,2021.0,2.0,38.0,0.2719,False
10.24963/kr.2021/30,True,,https://openalex.org/W3186762629,Rational Verification for Probabilistic Systems,2021.0,3.0,45.0,0.4521,False
10.24963/kr.2021/31,True,,https://openalex.org/W3205779144,How to Approximate Ontology-Mediated Queries,2021.0,3.0,43.0,0.4199,False
10.24963/kr.2021/32,True,,https://openalex.org/W3206311903,Approximation Fixpoint Theory for Non-Deterministic Operators and Its Application in Disjunctive Logic Programming,2021.0,3.0,53.0,0.4079,False
10.24963/kr.2021/33,True,,https://openalex.org/W3206917381,Revision and Conditional Inference for Abstract Dialectical Frameworks,2021.0,0.0,69.0,0.0,False
10.24963/kr.2021/34,True,,https://openalex.org/W3205094558,On Efficiently Explaining Graph-Based Classifiers,2021.0,30.0,113.0,3.4997,False
10.24963/kr.2021/35,True,,https://openalex.org/W3132226927,Strategic Abilities of Asynchronous Agents: Semantic Side Effects and How to Tame Them,2021.0,0.0,66.0,0.0,False
10.24963/kr.2021/36,True,,https://openalex.org/W3177796250,Safe Learning of Lifted Action Models,2021.0,0.0,25.0,0.0,False
10.24963/kr.2021/37,True,,https://openalex.org/W3181521217,Separating Data Examples by Description Logic Concepts with Restricted Signatures,2021.0,0.0,49.0,0.0,False
10.24963/kr.2021/38,True,,https://openalex.org/W3207424717,Satisfiability Checking of Strategy Logic with Simple Goals,2021.0,3.0,44.0,0.42,False
10.24963/kr.2021/39,True,,https://openalex.org/W3206600291,Formalizing Statistical Beliefs in Hypothesis Testing Using Program Logic,2021.0,3.0,33.0,0.28,False
10.24963/kr.2021/4,True,,https://openalex.org/W3173610592,Equivalence of Semantics in Argumentation,2021.0,3.0,26.0,0.42331073,False
10.24963/kr.2021/40,True,,https://openalex.org/W3206458685,Semi-Stable Semantics for Abstract Dialectical Frameworks,2021.0,4.0,34.0,0.5439,False
10.24963/kr.2021/41,True,,https://openalex.org/W3205917349,Unfounded Sets for Disjunctive Hybrid MKNF Knowledge Bases,2021.0,4.0,15.0,0.4079,False
10.24963/kr.2021/42,True,,https://openalex.org/W3205595351,Diagnosis of Active Systems with Abstract Observations and Compiled Knowledge,2021.0,0.0,51.0,0.0,False
10.24963/kr.2021/43,True,,https://openalex.org/W3207078737,Unsupervised Novelty Characterization in Physical Environments Using Qualitative Spatial Relations,2021.0,5.0,50.0,0.6998,False
10.24963/kr.2021/46,True,,https://openalex.org/W3207400398,Strategic Reasoning in Automated Mechanism Design,2021.0,9.0,50.0,1.2597,False
10.24963/kr.2021/47,True,,https://openalex.org/W3207849194,Properties of Module Notions and Atomic Decomposition,2021.0,0.0,61.0,0.0,False
10.24963/kr.2021/48,True,,https://openalex.org/W3206831098,Monotonicity and Noise-Tolerance in Case-Based Reasoning with Abstract Argumentation,2021.0,3.0,49.0,0.2719,False
10.24963/kr.2021/49,True,,https://openalex.org/W3207279093,Representing and Reasoning with Event Models for Epistemic Planning,2021.0,3.0,33.0,0.4079,False
10.24963/kr.2021/5,True,,https://openalex.org/W3207652373,Synthesizing Best-effort Strategies under Multiple Environment Specifications,2021.0,11.0,43.0,1.3632,False
10.24963/kr.2021/50,True,,https://openalex.org/W3205082971,Consolidation via Tacit Culpability Measures: Between Explicit and Implicit Degrees of Culpability,2021.0,5.0,36.0,0.5599,False
10.24963/kr.2021/51,True,,https://openalex.org/W3165317800,Learning First-Order Representations for Planning from Black Box States: New Results,2021.0,7.0,62.0,0.9799,False
10.24963/kr.2021/52,True,,https://openalex.org/W3205682889,Existential Abstraction on Argumentation Frameworks via Clustering,2021.0,3.0,49.0,0.2799,False
10.24963/kr.2021/53,True,,https://openalex.org/W3206706611,Boolean Network Learning in Vector Spaces for Genome-wide Network Analysis,2021.0,5.0,35.0,0.244,False
10.24963/kr.2021/54,True,,https://openalex.org/W3206669351,Decidability and Complexity of Some Finitely-valued Dynamic Logics,2021.0,0.0,50.0,0.0,False
10.24963/kr.2021/55,True,,https://openalex.org/W3205864852,Gaussian Elimination Meets Maximum Satisfiability,2021.0,1.0,31.0,0.0,False
10.24963/kr.2021/56,True,,https://openalex.org/W3205071939,Belief Contraction in Non-classical logics as Hyperintensional Belief Change,2021.0,3.0,62.0,0.4079,False
10.24963/kr.2021/58,True,,https://openalex.org/W3202242498,DatalogMTL with Negation Under Stable Models Semantics,2021.0,11.0,41.0,1.1197,False
10.24963/kr.2021/59,True,,https://openalex.org/W3197907147,Finitely Materialisable Datalog Programs with Metric Temporal Operators,2021.0,10.0,32.0,1.3996,False
10.24963/kr.2021/6,True,,https://openalex.org/W3206997692,Characterizations and Classifications of Argumentative Entailments,2021.0,4.0,74.0,0.56,False
10.24963/kr.2021/61,True,,https://openalex.org/W3207566902,Making DL-Lite Planning Practical,2021.0,1.0,26.0,0.14,False
10.24963/kr.2021/62,True,,https://openalex.org/W3207594871,A Many-valued Logic for Lexicographic Preference Representation,2021.0,3.0,25.0,0.4571,False
10.24963/kr.2021/63,True,,https://openalex.org/W3207334359,Universal and Uniform Action Reversibility,2021.0,7.0,21.0,0.8398,False
10.24963/kr.2021/64,True,,https://openalex.org/W3133698191,Measuring Inconsistency over Sequences of Business Rule Cases,2021.0,0.0,16.0,0.0,False
10.24963/kr.2021/65,True,,https://openalex.org/W3206981559,Introducing k-lingo: a k-depth Bounded Version of ASP System Clingo,2021.0,2.0,13.0,0.1399,False
10.24963/kr.2021/66,True,,https://openalex.org/W3207062843,Combining Logic and Natural Language Processing to Support Investment Management,2021.0,1.0,10.0,0.14,False
10.24963/kr.2021/67,True,,https://openalex.org/W3207308124,On the Complexity of Preferred Semantics in Argumentation Frameworks with Bounded Cycle Length,2021.0,9.0,17.0,0.9797,False
10.24963/kr.2021/69,True,,https://openalex.org/W3205768126,On the Epistemic Logic of Incomplete Argumentation Frameworks,2021.0,5.0,24.0,0.5644143,False
10.24963/kr.2021/7,True,,https://openalex.org/W3089356431,On Free Description Logics with Definite Descriptions,2021.0,10.0,67.0,1.1199,False
10.24963/kr.2021/70,True,,https://openalex.org/W3205626777,Distinguishability in Abstract Argumentation,2021.0,0.0,16.0,0.0,False
10.24963/kr.2021/71,True,,https://openalex.org/W3205518617,Sticky Existential Rules and Disjunction are Incompatible,2021.0,1.0,14.0,0.136,False
10.24963/kr.2021/72,True,,https://openalex.org/W3207140648,Randomized Problem-Relaxation Solving for Over-Constrained Schedules,2021.0,6.0,38.0,0.7413,False
10.24963/kr.2021/73,True,,https://openalex.org/W3207683434,"Flexible Robotic Assembly Based on Ontological Representation of Tasks, Skills, and Resources",2021.0,12.0,18.0,1.3996,False
10.24963/kr.2021/74,True,,https://openalex.org/W3205544612,On the Maximal Number of Complete Extensions in Abstract Argumentation Frameworks,2021.0,4.0,30.0,0.56,False
10.24963/kr.2021/75,True,,https://openalex.org/W3207880339,PATCHCOMM: Using Commonsense Knowledge to Guide Syntactic Parsers,2021.0,1.0,34.0,0.136,False
10.24963/kr.2021/8,True,,https://openalex.org/W3155960466,On the Computational Intelligibility of Boolean Classifiers,2021.0,16.0,78.0,2.2394,False
10.24963/kr.2022/1,True,,https://openalex.org/W4288046099,A Gödel Calculus for Linear Temporal Logic,2022.0,3.0,25.0,0.4166,False
10.24963/kr.2022/10,True,,https://openalex.org/W4288046459,Revisiting Semiring Provenance for Datalog,2022.0,4.0,33.0,1.3937,False
10.24963/kr.2022/11,True,,https://openalex.org/W4288046788,Normalisations of Existential Rules: Not so Innocuous!,2022.0,4.0,29.0,0.5552,False
10.24963/kr.2022/12,True,,https://openalex.org/W4288047071,A General Framework for Modelling Conditional Reasoning - Preliminary Report,2022.0,1.0,26.0,0.0,False
10.24963/kr.2022/13,True,,https://openalex.org/W4229447057,Rediscovering Argumentation Principles Utilizing Collective Attacks,2022.0,9.0,28.0,2.8682,False
10.24963/kr.2022/14,True,,https://openalex.org/W4288046534,Public and Private Affairs in Strategic Reasoning,2022.0,2.0,31.0,0.39159764,False
10.24963/kr.2022/15,True,,https://openalex.org/W4288046251,Compound Conditionals as Random Quantities and Boolean Algebras,2022.0,9.0,48.0,1.2492,False
10.24963/kr.2022/17,True,,https://openalex.org/W4288046561,Unique Characterisability and Learnability of Temporal Instance Queries,2022.0,6.0,51.0,0.8327,False
10.24963/kr.2022/18,True,,https://openalex.org/W4288046861,On the Expressive Power of Intermediate and Conditional Effects in Temporal Planning,2022.0,0.0,27.0,0.0,False
10.24963/kr.2022/2,True,,https://openalex.org/W4288046885,Automatic Synthesis of Dynamic Norms for Multi-Agent Systems,2022.0,2.0,38.0,0.2651,False
10.24963/kr.2022/20,True,,https://openalex.org/W4288046570,Conservative Extensions for Existential Rules,2022.0,1.0,39.0,0.1388,False
10.24963/kr.2022/21,True,,https://openalex.org/W4288046408,The More the Worst-Case-Merrier: A Generalized Condorcet Jury Theorem for Belief Fusion,2022.0,2.0,30.0,0.548,False
10.24963/kr.2022/22,True,,https://openalex.org/W4288046380,Computing Stable Conclusions under the Weakest-Link Principle in the ASPIC+ Argumentation Formalism,2022.0,4.0,51.0,0.5303,False
10.24963/kr.2022/23,True,,https://openalex.org/W4288046357,Dynamic Deontic Logic for Permitted Announcements,2022.0,0.0,39.0,0.0,False
10.24963/kr.2022/24,True,,https://openalex.org/W4288046399,Epistemic Actions: Comparing Multi-agent Belief Bases with Action Models,2022.0,3.0,55.0,0.58739646,False
10.24963/kr.2022/25,True,,https://openalex.org/W4288046514,Description Logics with Abstraction and Refinement,2023.0,0.0,24.0,0.0,False
10.24963/kr.2022/26,True,,https://openalex.org/W4288046583,Automating Reasoning with Standpoint Logic via Nested Sequents,2022.0,4.0,33.0,0.5551,False
10.24963/kr.2022/27,True,,https://openalex.org/W4288046771,Towards an Enthymeme-Based Communication Framework in Multi-Agent Systems,2022.0,1.0,61.0,0.1389,False
10.24963/kr.2022/28,True,,https://openalex.org/W4288046782,Verification and Realizability in Finite-Horizon Multiagent Systems,2022.0,3.0,34.0,0.4526,False
10.24963/kr.2022/30,True,,https://openalex.org/W4288046177,Kernel Contraction and the Order of Relevance,2022.0,2.0,35.0,0.1388,False
10.24963/kr.2022/31,True,,https://openalex.org/W4288046197,A Credal Least Undefined Stable Semantics for Probabilistic Logic Programs and Probabilistic Argumentation,2022.0,9.0,67.0,1.2492,False
10.24963/kr.2022/34,True,,https://openalex.org/W4288046325,Hyperintensional Partial Meet Contractions,2022.0,3.0,51.0,0.4164,False
10.24963/kr.2022/35,True,,https://openalex.org/W4288046258,A Minimal Deductive System for RDFS with Negative Statements,2022.0,1.0,49.0,0.1387,False
10.24963/kr.2022/36,True,,https://openalex.org/W4288047114,Discovering User-Interpretable Capabilities of Black-Box Planning Agents,2022.0,6.0,77.0,0.8328,False
10.24963/kr.2022/37,True,,https://openalex.org/W4288046253,Open Relation Extraction with Non-existent and Multi-span Relationships,2022.0,2.0,40.0,0.2776,False
10.24963/kr.2022/38,True,,https://openalex.org/W4288046298,Act for Your Duties but Maintain Your Rights,2022.0,2.0,39.0,0.2922,False
10.24963/kr.2022/39,True,,https://openalex.org/W4288046192,On the Relationship between Shy and Warded Datalog+/-,2022.0,7.0,29.0,0.9716,False
10.24963/kr.2022/40,True,,https://openalex.org/W4288046400,Projection of Belief in the Presence of Nondeterministic Actions and Fallible Sensing,2022.0,0.0,18.0,0.0,False
10.24963/kr.2022/41,True,,https://openalex.org/W4288047170,Inference with System W Satisfies Syntax Splitting,2022.0,13.0,23.0,1.8044,False
10.24963/kr.2022/42,True,,https://openalex.org/W4225834323,"Iterated Belief Change, Computationally",2022.0,2.0,15.0,0.2776,False
10.24963/kr.2022/43,True,,https://openalex.org/W4288046794,Chasing Streams with Existential Rules,2022.0,4.0,35.0,0.4164,False
10.24963/kr.2022/44,True,,https://openalex.org/W4288046540,Embed2Sym - Scalable Neuro-Symbolic Reasoning via Clustered Embeddings,2022.0,14.0,23.0,1.9319,False
10.24963/kr.2022/45,True,,https://openalex.org/W4288046801,Looking Inside the Black-Box: Logic-based Explanations for Neural Networks,2022.0,14.0,81.0,1.9432,False
10.24963/kr.2022/46,True,,https://openalex.org/W4288046241,A Graph Neural Network Reasoner for Game Description Language,2022.0,2.0,35.0,0.2652,False
10.24963/kr.2022/47,True,,https://openalex.org/W4288046178,Sum-Product Loop Programming: From Probabilistic Circuits to Loop Programming,2022.0,2.0,31.0,0.2652,False
10.24963/kr.2022/49,True,,https://openalex.org/W4288046092,Learning Generalized Policies without Supervision Using GNNs,2022.0,14.0,75.0,1.943,False
10.24963/kr.2022/5,True,,https://openalex.org/W4288046544,On Syntactic Forgetting with Strong Persistence,2022.0,5.0,30.0,0.6939,False
10.24963/kr.2022/50,True,,https://openalex.org/W4288046512,Faithful Approaches to Rule Learning,2022.0,5.0,40.0,0.6939,False
10.24963/kr.2022/51,True,,https://openalex.org/W4288046160,Learning Typed Rules over Knowledge Graphs,2022.0,8.0,36.0,1.1103,False
10.24963/kr.2022/52,True,,https://openalex.org/W4288046786,Explaining Causal Models with Argumentation: the Case of Bi-variate Reinforcement,2022.0,1.0,46.0,0.1388,False
10.24963/kr.2022/53,True,,https://openalex.org/W4288046543,Online Grounding of Symbolic Planning Domains in Unknown Environments,2022.0,3.0,43.0,0.4164,False
10.24963/kr.2022/54,True,,https://openalex.org/W4288047167,"Querying Inconsistent Prioritized Data with ORBITS: Algorithms, Implementation, and Experiments",2022.0,5.0,32.0,0.694,False
10.24963/kr.2022/55,True,,https://openalex.org/W4288046495,Forecasting Argumentation Frameworks,2022.0,3.0,64.0,0.5246,False
10.24963/kr.2022/56,True,,https://openalex.org/W4288046702,Stream Reasoning with Cycles,2022.0,2.0,44.0,0.2776,False
10.24963/kr.2022/57,True,,https://openalex.org/W4288046195,Symbolic Knowledge Extraction from Opaque Machine Learning Predictors: GridREx &amp; PEDRO,2022.0,8.0,28.0,0.9717,False
10.24963/kr.2022/58,True,,https://openalex.org/W4288046883,ALASPO: An Adaptive Large-Neighbourhood ASP Optimiser,2022.0,3.0,34.0,0.3979,False
10.24963/kr.2022/6,True,,https://openalex.org/W3203600176,Counting Queries over ELHI⊥ Ontologies,2022.0,2.0,33.0,0.1388,False
10.24963/kr.2022/8,True,,https://openalex.org/W4288046659,Sticky Policies in OWL2: Extending PL with Fixpoints and Transitive Closure,2022.0,0.0,21.0,0.0,False
10.24963/kr.2022/9,True,,https://openalex.org/W4288046296,Region-Based Merging of Open-Domain Terminological Knowledge,2022.0,2.0,48.0,0.2776,False
10.24963/kr.2023/1,True,,https://openalex.org/W4385438768,Counterfactual Reasoning via Grounded Distance,2023.0,4.0,40.0,0.6725,False
10.24963/kr.2023/10,True,,https://openalex.org/W4385438841,Inconsistency Handling in Prioritized Databases with Universal Constraints: Complexity Analysis and Links with Active Integrity Constraints,2023.0,3.0,34.0,0.5044,False
10.24963/kr.2023/11,True,,https://openalex.org/W4385437993,Approximating Weakly Preferred Semantics in Abstract Argumentation through Vacuous Reduct Semantics,2023.0,0.0,28.0,0.0,False
10.24963/kr.2023/12,True,,https://openalex.org/W4385439281,Default Logic as a Species of Causal Reasoning,2023.0,4.0,48.0,0.6983,False
10.24963/kr.2023/13,True,,https://openalex.org/W4385438179,Tractable Explaining of Multivariate Decision Trees,2023.0,4.0,52.0,0.7865,False
10.24963/kr.2023/14,True,,https://openalex.org/W4385438582,On Simple Expectations and Observations of Intelligent Agents: A Complexity Study,2023.0,1.0,32.0,0.1751,False
10.24963/kr.2023/15,True,,https://openalex.org/W4385438679,Streamlining Input/Output Logics with Sequent Calculi,2023.0,4.0,29.0,0.6699,False
10.24963/kr.2023/16,True,,https://openalex.org/W4385438826,Property Directed Reachability for Planning Revisited,2023.0,0.0,49.0,0.0,False
10.24963/kr.2023/17,True,,https://openalex.org/W4385438728,Mathematical Foundations for Joining Only Knowing and Common Knowledge,2023.0,0.0,45.0,0.0,False
10.24963/kr.2023/18,True,,https://openalex.org/W4310626372,Run-Based Semantics for RPQs,2023.0,1.0,28.0,0.1194,False
10.24963/kr.2023/19,True,,https://openalex.org/W4385437533,How to Manage a Budget with ATL+,2023.0,0.0,49.0,0.0,False
10.24963/kr.2023/2,True,,https://openalex.org/W4385439373,Revising Boolean Logical Models of Biological Regulatory Networks,2023.0,2.0,39.0,0.301,False
10.24963/kr.2023/20,True,,https://openalex.org/W4385437965,"Synthesising Recursive Functions for First-Order Model Counting: Challenges, Progress, and Conjectures",2023.0,1.0,39.0,0.1946,False
10.24963/kr.2023/21,True,,https://openalex.org/W4385439232,Learning Hierarchical Policies by Iteratively Reducing the Width of Sketch Rules,2023.0,6.0,55.0,1.0278,False
10.24963/kr.2023/22,True,,https://openalex.org/W4385437325,Weighted Merging of Propositional Belief Bases,2023.0,1.0,24.0,0.1728,False
10.24963/kr.2023/23,True,,https://openalex.org/W4385437976,A Framework for Combining Entity Resolution and Query Answering in Knowledge Bases,2023.0,3.0,43.0,0.7285,False
10.24963/kr.2023/24,True,,https://openalex.org/W4385513669,Omega-Completeness of the Logic of Here-and-There and Strong Equivalence of Logic Programs,2023.0,6.0,26.0,1.0474,False
10.24963/kr.2023/25,True,,https://openalex.org/W4385438024,Credible Models of Belief Update,2023.0,2.0,32.0,0.3411,False
10.24963/kr.2023/26,True,,https://openalex.org/W4385439213,A Family of Decidable Bi-intuitionistic Modal Logics,2023.0,1.0,27.0,0.1728,False
10.24963/kr.2023/27,True,,https://openalex.org/W4385438973,Logic-based Composition of Business Process Models,2023.0,2.0,34.0,0.6556,False
10.24963/kr.2023/28,True,,https://openalex.org/W4385437879,Reasoning about Probability via Continuous Functions,2023.0,0.0,24.0,0.0,False
10.24963/kr.2023/29,True,,https://openalex.org/W4385438426,Succinctness and Complexity of ALC with Counting Perceptrons,2023.0,2.0,25.0,0.3579,False
10.24963/kr.2023/3,True,,https://openalex.org/W4385439244,Diagnosis for Post Concept Drift Decision Trees Repair,2023.0,1.0,61.0,0.1728,False
10.24963/kr.2023/30,True,,https://openalex.org/W4385437801,Do Repeat Yourself: Understanding Sufficient Conditions for Restricted Chase Non-Termination,2023.0,2.0,19.0,0.3363,False
10.24963/kr.2023/31,True,,https://openalex.org/W4385437624,Standpoint Linear Temporal Logic,2023.0,2.0,47.0,0.3457,False
10.24963/kr.2023/32,True,,https://openalex.org/W4385438915,Group Responsibility for Exceeding Risk Threshold,2023.0,3.0,65.0,0.5211,False
10.24963/kr.2023/33,True,,https://openalex.org/W4385439293,Pushing the Boundaries of Tractable Multiperspective Reasoning: A Deduction Calculus for Standpoint EL+,2023.0,4.0,35.0,0.6852,False
10.24963/kr.2023/34,True,,https://openalex.org/W4385438527,The Impact of Structure in Answer Set Counting: Fighting Cycles and its Limits,2023.0,1.0,55.0,0.1728,False
10.24963/kr.2023/35,True,,https://openalex.org/W4385438997,Revising Typical Beliefs: One Revision to Rule Them All,2023.0,0.0,18.0,0.0,False
10.24963/kr.2023/36,True,,https://openalex.org/W4385438094,Learning Interpretable Heuristics for WalkSAT,2023.0,0.0,34.0,0.0,False
10.24963/kr.2023/37,True,,https://openalex.org/W4385437684,Leveraging Large Language Models to Generate Answer Set Programs,2023.0,14.0,17.0,2.3982,False
10.24963/kr.2023/38,True,,https://openalex.org/W4385437822,Practical Abstraction for Model Checking of Multi-Agent Systems,2023.0,2.0,65.0,0.3932,False
10.24963/kr.2023/39,True,,https://openalex.org/W4385437396,On Training Neurons with Bounded Compilations,2023.0,2.0,33.0,0.3474,False
10.24963/kr.2023/4,True,,https://openalex.org/W4385437407,Knowledge-Driven Robot Program Synthesis from Human VR Demonstrations,2023.0,1.0,32.0,0.1814,False
10.24963/kr.2023/40,True,,https://openalex.org/W4385437241,Knowledge Compilation and More with SharpSAT-TD,2023.0,5.0,35.0,0.8641,False
10.24963/kr.2023/41,True,,https://openalex.org/W4385437701,Definitions and (Uniform) Interpolants in First-Order Modal Logic,2023.0,2.0,87.0,0.3426,False
10.24963/kr.2023/42,True,,https://openalex.org/W4385438551,Query Rewriting with Disjunctive Existential Rules and Mappings,2023.0,2.0,45.0,0.3894,False
10.24963/kr.2023/43,True,,https://openalex.org/W4385438808,Argumentation Frameworks Induced by Assumption-based Argumentation: Relating Size and Complexity,2023.0,4.0,32.0,0.6852,False
10.24963/kr.2023/44,True,,https://openalex.org/W4385437675,Concerning Measures in a First-order Logic with Actions and Meta-beliefs,2023.0,2.0,42.0,0.3347,False
10.24963/kr.2023/45,True,,https://openalex.org/W4385439062,Revisiting Inferential Benchmarks for Knowledge Graph Completion,2023.0,0.0,41.0,0.0,False
10.24963/kr.2023/47,True,,https://openalex.org/W4385437137,Querying Circumscribed Description Logic Knowledge Bases,2023.0,1.0,32.0,0.1713,False
10.24963/kr.2023/48,True,,https://openalex.org/W4385439110,Description Logics with Abstraction and Refinement,2023.0,1.0,30.0,0.1713,False
10.24963/kr.2023/49,True,,https://openalex.org/W4385438773,Complex Event Recognition with Allen Relations,2023.0,2.0,46.0,0.3924,False
10.24963/kr.2023/5,True,,https://openalex.org/W4385439010,From Vision to Execution: Enabling Knowledge Representation and Reasoning in Hybrid Intelligent Robots Playing Mobile Games,2023.0,0.0,65.0,0.0,False
10.24963/kr.2023/50,True,,https://openalex.org/W4385439173,Active Disjunctive Constraint Acquisition,2023.0,1.0,48.0,0.1675,False
10.24963/kr.2023/51,True,,https://openalex.org/W4385439374,Weak-Ensconcement for Shielded Base Contraction,2023.0,0.0,18.0,0.0,False
10.24963/kr.2023/53,True,,https://openalex.org/W4385438434,ORLA: Learning Explainable Argumentation Models,2023.0,0.0,37.0,0.0,False
10.24963/kr.2023/54,True,,https://openalex.org/W4385437167,A Belief Model for Conflicting and Uncertain Evidence: Connecting Dempster-Shafer Theory and the Topology of Evidence,2023.0,1.0,23.0,0.1758,False
10.24963/kr.2023/55,True,,https://openalex.org/W4385439053,Relating Abstract and Structured Accounts of Argumentation Dynamics: the Case of Expansions,2023.0,2.0,36.0,0.3429,False
10.24963/kr.2023/56,True,,https://openalex.org/W4385437835,"Fuzzy Truth, Fuzzy Support and Fuzzy Information States for Inquisitive Semantics",2023.0,0.0,29.0,0.0,False
10.24963/kr.2023/57,True,,https://openalex.org/W4385438932,Interactive Explanations by Conflict Resolution via Argumentative Exchanges,2023.0,3.0,72.0,0.5237,False
10.24963/kr.2023/58,True,,https://openalex.org/W4385437883,Explainable Clustering with CREAM,2023.0,10.0,40.0,2.0145,False
10.24963/kr.2023/59,True,,https://openalex.org/W4385437487,A Decomposition Framework for Inconsistency Handling in Qualitative Spatial and Temporal Reasoning,2023.0,2.0,57.0,0.87910458,False
10.24963/kr.2023/6,True,,https://openalex.org/W4385438926,Simple Contrapositive Assumption-Based Argumentation with Partially-Ordered Preferences,2023.0,2.0,38.0,0.3457,False
10.24963/kr.2023/60,True,,https://openalex.org/W4385439065,Foundations for Projecting Away the Irrelevant in ASP Programs,2023.0,3.0,40.0,0.5185,False
10.24963/kr.2023/61,True,,https://openalex.org/W4385438424,Iteration of Iterated Belief Revision,2023.0,3.0,30.0,0.5139,False
10.24963/kr.2023/62,True,,https://openalex.org/W4385438848,Explainable Representations for Relation Prediction in Knowledge Graphs,2023.0,3.0,59.0,0.5024,False
10.24963/kr.2023/63,True,,https://openalex.org/W4385438429,Learning General Policies with Policy Gradient Methods,2023.0,9.0,94.0,1.5417,False
10.24963/kr.2023/64,True,,https://openalex.org/W4385437719,On the Correspondence Between Monotonic Max-Sum GNNs and Datalog,2023.0,1.0,39.0,0.1713,False
10.24963/kr.2023/65,True,,https://openalex.org/W4385438706,Grounding LTLf Specifications in Image Sequences,2023.0,8.0,64.0,1.3897,False
10.24963/kr.2023/66,True,,https://openalex.org/W4385438891,Computing All Facts Entailed By An LTL Specification,2023.0,0.0,50.0,0.0,False
10.24963/kr.2023/67,True,,https://openalex.org/W4385438737,A²CoST: An ASP-based Avoidable Collision Scenario Testbench for Autonomous Vehicles,2023.0,0.0,48.0,0.0,False
10.24963/kr.2023/68,True,,https://openalex.org/W4385439133,Integrating Linear Arithmetic Constraints Into Conditional Maximum Entropy Reasoning,2023.0,1.0,24.0,0.1728,False
10.24963/kr.2023/69,True,,https://openalex.org/W4385437181,General Game Playing With State-Independent Communication,2023.0,0.0,17.0,0.0,False
10.24963/kr.2023/7,True,,https://openalex.org/W4385438084,"A Singly Exponential Transformation of LTL[X, F] into Pure Past LTL",2023.0,4.0,22.0,0.7865,False
10.24963/kr.2023/71,True,,https://openalex.org/W4385437205,Strategic Abilities of Forgetful Agents in Stochastic Environments,2023.0,3.0,69.0,0.5044,False
10.24963/kr.2023/72,True,,https://openalex.org/W4385439079,Towards Parallelising Extension Construction for Serialisable Semantics in Abstract Argumentation,2023.0,0.0,18.0,0.0,False
10.24963/kr.2023/73,True,,https://openalex.org/W4385437499,From Qualitative Choice Logic to Abstract Argumentation,2023.0,0.0,35.0,0.0,False
10.24963/kr.2023/74,True,,https://openalex.org/W4385437362,Combining Global and Local Merges in Logic-based Entity Resolution,2023.0,2.0,25.0,0.4874,False
10.24963/kr.2023/75,True,,https://openalex.org/W4385437897,Finest Syntax Splittings of Ranking Functions and Total Preorders on Worlds,2023.0,0.0,13.0,0.0,False
10.24963/kr.2023/77,True,,https://openalex.org/W4385437618,Verification of Semantic Key Point Detection for Aircraft Pose Estimation,2023.0,5.0,43.0,0.8565,False
10.24963/kr.2023/78,True,,https://openalex.org/W4385437649,Counterfactual Explanations and Model Multiplicity: a Relational Verification View,2023.0,5.0,43.0,0.8565,False
10.24963/kr.2023/79,True,,https://openalex.org/W4385438961,Connecting Proof Theory and Knowledge Representation: Sequent Calculi and the Chase with Existential Rules,2023.0,1.0,27.0,0.1772,False
10.24963/kr.2023/8,True,,https://openalex.org/W4385437392,Unified Foundations of Team Semantics via Semirings,2023.0,2.0,45.0,0.3426,False
10.24963/kr.2023/80,True,,https://openalex.org/W4385437614,Eliminating Redundant Actions from Plans Using Classical Planning,2023.0,0.0,35.0,0.0,False
10.24963/kr.2023/9,True,,https://openalex.org/W4385439218,Forgetting Aspects in Assumption-Based Argumentation,2023.0,6.0,47.0,1.0278,False
10.24963/kr.2024/1,True,,https://openalex.org/W4403792979,Consistent Query Answering over SHACL Constraints,2024.0,0.0,0.0,0.0,False
10.24963/kr.2024/10,True,,https://openalex.org/W4403792997,Conditional Splittings of Belief Bases and Nonmonotonic Inference with c-Representations,2024.0,4.0,0.0,1.2917,False
10.24963/kr.2024/11,True,,https://openalex.org/W4403793006,"Monotone Rewritability and the Analysis of Queries, Views, and Rules",2024.0,0.0,0.0,0.0,False
10.24963/kr.2024/12,True,,https://openalex.org/W4403792969,Capturing Non-flat Assumption-based Argumentation with Bipolar SETAFs,2024.0,1.0,0.0,0.7251,False
10.24963/kr.2024/13,True,,https://openalex.org/W4403792980,Abductive Reasoning in a Paraconsistent Framework,2024.0,1.0,31.0,0.324,False
10.24963/kr.2024/16,True,,https://openalex.org/W4401306271,Cost-Based Semantics for Querying Inconsistent Weighted Knowledge Bases,2024.0,0.0,0.0,0.0,False
10.24963/kr.2024/17,True,,https://openalex.org/W4403792855,Weak Admissibility for ABA via Abstract Set-Attacks,2024.0,0.0,0.0,0.0,False
10.24963/kr.2024/18,True,,https://openalex.org/W4403792788,Lost in the Crowd: k-unmatchability in Anonymized Knowledge Graphs,2024.0,0.0,0.0,0.0,False
10.24963/kr.2024/19,True,,https://openalex.org/W4403792795,Belief Change on Rational Rankings,2024.0,0.0,0.0,0.0,False
10.24963/kr.2024/2,True,,https://openalex.org/W4403792774,"Counterfactual and Semifactual Explanations in Abstract Argumentation: Formal Foundations, Complexity and Computation",2024.0,2.0,0.0,0.7232,False
10.24963/kr.2024/20,True,,https://openalex.org/W4403792973,Action Language mA* with Higher-Order Action Observability,2024.0,0.0,0.0,0.0,False
10.24963/kr.2024/21,True,,https://openalex.org/W4403792844,Contracted Temporal Equilibrium Logic,2024.0,0.0,0.0,0.0,False
10.24963/kr.2024/22,True,,https://openalex.org/W4402953426,Ontology-Based Query Answering over Datalog-Expressible Rule Sets is Undecidable,2024.0,0.0,0.0,0.0,False
10.24963/kr.2024/23,True,,https://openalex.org/W4403792805,Non-monotone Fixpoint Theory Based on the Structure of Weak Bilattices,2024.0,0.0,0.0,0.0,False
10.24963/kr.2024/24,True,,https://openalex.org/W4403792829,ASP-QRAT: A Conditionally Optimal Dual Proof System for ASP,2024.0,0.0,0.0,0.0,False
10.24963/kr.2024/25,True,,https://openalex.org/W4403792989,Explaining Image Classifiers,2024.0,3.0,0.0,0.9797,False
10.24963/kr.2024/26,True,,https://openalex.org/W4403792963,On Verifying and Generating Robust Plans for Planning Tasks with Exogenous Events,2024.0,0.0,0.0,0.0,False
10.24963/kr.2024/27,False,"ConnectionError(ProtocolError('Connection aborted.', ConnectionResetError(10054, 'An existing connection was forcibly closed by the remote host', None, 10054, None)))",,,,,,,
10.24963/kr.2024/29,True,,https://openalex.org/W4403792847,Equilibrium Description Logics: Results on Complexity and Relations to Circumscription,2024.0,0.0,0.0,0.0,False
10.24963/kr.2024/3,True,,https://openalex.org/W4403792804,Probabilistic Synthesis and Verification for LTL on Finite Traces,2024.0,0.0,0.0,0.0,False
10.24963/kr.2024/30,True,,https://openalex.org/W4403792815,Blending Grounding and Compilation for Efficient ASP Solving,2024.0,8.0,0.0,2.8928,False
10.24963/kr.2024/31,True,,https://openalex.org/W4403792787,"Weighted Merging Operators: Product, Utility-based Operators and Egalitarianism",2024.0,0.0,0.0,0.0,False
10.24963/kr.2024/32,True,,https://openalex.org/W4403792766,Heuristic Strategies for Accelerating Multi-Agent Epistemic Planning,2024.0,0.0,0.0,0.0,False
10.24963/kr.2024/33,True,,https://openalex.org/W4403792790,A Sound and Complete Axiomatisation for Intuitionistic Linear Temporal Logic,2024.0,0.0,0.0,0.0,False
10.24963/kr.2024/34,True,,https://openalex.org/W4403792990,Boundedness for Unions of Conjunctive Regular Path Queries over Simple Regular Expressions,2024.0,0.0,0.0,0.0,False
10.24963/kr.2024/35,True,,https://openalex.org/W4403792768,Possibility of Conditionals and Conditional Possibilities: From the Triviality Result to Possibilistic Imaging,2024.0,2.0,0.0,11.8188,False
10.24963/kr.2024/36,True,,https://openalex.org/W4403792967,Reasoning in SHIQ with Axiom- and Concept-Level Standpoint Modalities,2024.0,0.0,0.0,0.0,False
10.24963/kr.2024/37,True,,https://openalex.org/W4403792781,Preference-Based Abstract Argumentation for Case-Based Reasoning,2024.0,1.0,0.0,0.3345,False
10.24963/kr.2024/38,True,,https://openalex.org/W4403792972,Axiomatization of Approximate Exclusion,2024.0,2.0,0.0,0.6792,False
10.24963/kr.2024/4,True,,https://openalex.org/W4403792830,Proper Linear-time Specifications of Environment Behaviors in Nondeterministic Planning and Reactive Synthesis,2024.0,0.0,0.0,0.0,False
10.24963/kr.2024/40,True,,https://openalex.org/W4403792966,Verification of General Games with Imperfect Information Using Strategy Logic,2024.0,0.0,0.0,0.0,False
10.24963/kr.2024/41,True,,https://openalex.org/W4403792977,From Acceptance to Rejection in Abstract Argumentation,2024.0,0.0,0.0,0.0,False
10.24963/kr.2024/42,True,,https://openalex.org/W4403792971,Operator-Based Semantics for Choice Programs: Is Choosing Losing?,2024.0,0.0,0.0,0.0,False
10.24963/kr.2024/44,True,,https://openalex.org/W4403792801,Incentive Design for Rational Agents,2024.0,0.0,0.0,0.0,False
10.24963/kr.2024/45,True,,https://openalex.org/W4403792807,Distance-Restricted Explanations: Theoretical Underpinnings &amp; Efficient Implementation,2024.0,3.0,0.0,3.0601,False
10.24963/kr.2024/46,True,,https://openalex.org/W4403792995,Unique Characterisability and Learnability of Temporal Queries Mediated by an Ontology,2024.0,0.0,0.0,0.0,False
10.24963/kr.2024/48,True,,https://openalex.org/W4400842337,Leveraging Decision-DNNF Compilation for Enumerating Disjoint Partial Models,2024.0,4.0,0.0,1.8375,False
10.24963/kr.2024/49,True,,https://openalex.org/W4403792853,Complexity Results and Algorithms for Preferential Argumentative Reasoning in ASPIC+,2024.0,0.0,0.0,0.0,False
10.24963/kr.2024/5,True,,https://openalex.org/W4403792851,Abstraction in Assumption-based Argumentation,2024.0,1.0,0.0,0.3544,False
10.24963/kr.2024/50,True,,https://openalex.org/W4403792986,Adding Circumscription to Decidable Fragments of First-Order Logic: A Complexity Rollercoaster,2024.0,0.0,0.0,0.0,False
10.24963/kr.2024/51,True,,https://openalex.org/W4403792848,Description Logics with Abstraction and Refinement: From ALC to EL,2024.0,1.0,0.0,0.3345,False
10.24963/kr.2024/52,True,,https://openalex.org/W4403792996,SHACL Validation under the Well-founded Semantics,2024.0,1.0,0.0,0.3345,False
10.24963/kr.2024/53,True,,https://openalex.org/W4403792841,Explaining Decisions in ML Models: A Parameterized Complexity Analysis,2024.0,0.0,0.0,0.0,False
10.24963/kr.2024/54,True,,https://openalex.org/W4403792814,The Sticky Path to Expressive Querying: Decidability of Navigational Queries under Existential Rules,2024.0,1.0,0.0,0.3616,False
10.24963/kr.2024/55,True,,https://openalex.org/W4403792818,Advancing Algorithmic Approaches to Probabilistic Argumentation under the Constellation Approach,2024.0,0.0,0.0,0.0,False
10.24963/kr.2024/56,True,,https://openalex.org/W4403792773,Balancing Open-Mindedness and Conservativeness in Quantitative Bipolar Argumentation (and How to Prove Semantical from Functional Properties),2024.0,0.0,0.0,0.0,False
10.24963/kr.2024/57,True,,https://openalex.org/W4403792782,Repairing Assumption-Based Argumentation Frameworks,2024.0,1.0,0.0,0.3345,False
10.24963/kr.2024/58,True,,https://openalex.org/W4403792819,Semantic Constructions for Belief Base Contraction: Partial Meet vs Smooth Kernel,2024.0,2.0,0.0,0.7088,False
10.24963/kr.2024/59,True,,https://openalex.org/W4403792821,Collective Satisfaction Semantics for Opinion Based Argumentation,2024.0,0.0,20.0,0.0,False
10.24963/kr.2024/6,True,,https://openalex.org/W4403792991,A Uniform Language to Explain Decision Trees,2024.0,2.0,0.0,1.4718,False
10.24963/kr.2024/60,True,,https://openalex.org/W4403792823,Navigating and Querying Answer Sets: How Hard Is It Really and Why?,2024.0,2.0,0.0,0.669,False
10.24963/kr.2024/61,True,,https://openalex.org/W4403792835,On Abstracting over the Irrelevant in Answer Set Programming,2024.0,2.0,0.0,0.669,False
10.24963/kr.2024/62,True,,https://openalex.org/W4403792777,The Realizability of Revision and Contraction Operators in Epistemic Spaces,2024.0,3.0,0.0,2.6229,False
10.24963/kr.2024/63,True,,https://openalex.org/W4403792783,Optimisation and Approximation in Abstract Argumentation: The Case of Admissibility,2024.0,0.0,0.0,0.0,False
10.24963/kr.2024/64,True,,https://openalex.org/W4403793000,Complexity of Weighted First-Order Model Counting in the Two-Variable Fragment with Counting Quantifiers: A Bound to Beat,2024.0,0.0,0.0,0.0,False
10.24963/kr.2024/65,True,,https://openalex.org/W4403792836,Expressive Power of Definite Descriptions in Modal Logics,2024.0,0.0,0.0,0.0,False
10.24963/kr.2024/66,True,,https://openalex.org/W4403792987,CE-QArg: Counterfactual Explanations for Quantitative Bipolar Argumentation Frameworks,2024.0,0.0,0.0,0.0,False
10.24963/kr.2024/67,True,,https://openalex.org/W4403792799,Explaining Reasoning Results for OWL Ontologies with Evee,2024.0,1.0,0.0,0.3351,False
10.24963/kr.2024/68,True,,https://openalex.org/W4403792803,ASP Chef: Draw and Expand,2024.0,1.0,0.0,0.3404,False
10.24963/kr.2024/69,True,,https://openalex.org/W4403792806,dPASP: A Probabilistic Logic Programming Environment For Neurosymbolic Learning and Reasoning,2024.0,5.0,0.0,1.6724,False
10.24963/kr.2024/7,True,,https://openalex.org/W4403792968,Deontic Reasoning Based on Inconsistency Measures,2024.0,0.0,0.0,0.0,False
10.24963/kr.2024/70,True,,https://openalex.org/W4403792812,Nemo: Your Friendly and Versatile Rule Reasoning Toolkit,2024.0,2.0,0.0,0.648,False
10.24963/kr.2024/71,True,,https://openalex.org/W4403792970,Model Counting in the Wild,2024.0,0.0,0.0,0.0,False
10.24963/kr.2024/72,True,,https://openalex.org/W4403792808,Large Neighborhood Prioritized Search for Combinatorial Optimization with Answer Set Programming,2024.0,2.0,0.0,0.669,False
10.24963/kr.2024/73,True,,https://openalex.org/W4403792810,Dialectical Reconciliation via Structured Argumentative Dialogues,2024.0,1.0,0.0,1.0824,False
10.24963/kr.2024/74,True,,https://openalex.org/W4403792824,ASPEN: ASP-Based System for Collective Entity Resolution,2024.0,0.0,0.0,0.0,False
10.24963/kr.2024/75,True,,https://openalex.org/W4403793005,Action Model Learning with Guarantees,2024.0,0.0,0.0,0.0,False
10.24963/kr.2024/76,True,,https://openalex.org/W4403792769,Planning Domain Model Acquisition from State Traces without Action Parameters,2024.0,1.0,0.0,0.3591,False
10.24963/kr.2024/77,True,,https://openalex.org/W4403322361,Knowledge Base Embeddings: Semantics and Theoretical Properties,2024.0,2.0,0.0,0.648,False
10.24963/kr.2024/78,True,,https://openalex.org/W4403792827,LLASP: Fine-tuning Large Language Models for Answer Set Programming,2024.0,1.0,0.0,0.3544,False
10.24963/kr.2024/79,True,,https://openalex.org/W4403792826,Symmetries and Expressive Requirements for Learning General Policies,2024.0,1.0,0.0,0.4719,False
10.24963/kr.2024/8,True,,https://openalex.org/W4403792982,Non-Rigid Designators in Modal and Temporal Free Description Logics,2024.0,0.0,0.0,0.0,False
10.24963/kr.2024/80,True,,https://openalex.org/W4403792785,Learning to Ground Existentially Quantified Goals,2024.0,1.0,0.0,0.4719,False
10.24963/kr.2024/81,True,,https://openalex.org/W4403792817,LAD-based Feature Selection for Optimal Decision Trees and Other Classifiers,2024.0,0.0,0.0,0.0,False
10.24963/kr.2024/82,True,,https://openalex.org/W4403792965,On the Expressivity of Recurrent Neural Cascades with Identity,2024.0,0.0,0.0,0.0,False
10.24963/kr.2024/83,True,,https://openalex.org/W4403792822,Contestable AI Needs Computational Argumentation,2024.0,4.0,0.0,1.3379,False
10.24963/kr.2024/84,True,,https://openalex.org/W4403792791,Relational Graph Convolutional Networks Do Not Learn Sound Rules,2024.0,0.0,0.0,0.0,False
10.24963/kr.2024/85,True,,https://openalex.org/W4403792985,Learning Robust Reward Machines from Noisy Labels,2024.0,1.0,0.0,0.3407,False
10.24963/kr.2024/86,True,,https://openalex.org/W4403792779,Logical Distillation of Graph Neural Networks,2024.0,3.0,0.0,1.022,False
10.24963/kr.2024/87,True,,https://openalex.org/W4403792951,Advancing Interactive Explainable AI via Belief Change Theory,2024.0,1.0,0.0,0.3407,False
10.24963/kr.2024/88,True,,https://openalex.org/W4403792947,Argumentative Causal Discovery,2024.0,0.0,0.0,0.0,False
10.24963/kr.2024/89,True,,https://openalex.org/W4403792816,Bridging Max Graph Neural Networks and Datalog with Negation,2024.0,1.0,0.0,0.3345,False
10.24963/kr.2024/90,True,,https://openalex.org/W4403792953,MTLearn: Extracting Temporal Rules Using Datalog Rule Learners,2024.0,0.0,0.0,0.0,False
10.24963/kr.2024/91,True,,https://openalex.org/W4403792940,Automated Reasoning in Systems Biology: A Necessity for Precision Medicine,2024.0,0.0,0.0,0.0,False
10.24963/kr.2025/1,True,,https://openalex.org/W4415903250,Model Checking Linear Temporal Logic with Standpoint Modalities,2025.0,0.0,0.0,0.0,False
10.24963/kr.2025/10,True,,https://openalex.org/W4415903225,FastFound: Easing the ASP Bottleneck via Predicate-Decoupled Grounding,2025.0,0.0,0.0,0.0,False
10.24963/kr.2025/11,True,,https://openalex.org/W4415903220,An Axiomatic Study of a Modular Evaluation of Enthymeme Decoding in Weighted Structured Argumentation,2025.0,0.0,0.0,0.0,False
10.24963/kr.2025/12,True,,https://openalex.org/W4415903213,Sequence Explanations for Acceptance in Abstract Argumentation,2025.0,0.0,0.0,0.0,False
10.24963/kr.2025/13,True,,https://openalex.org/W4415903217,A Reduct-based Approach to Skeptical Preferred Reasoning in Abstract Argumentation,2025.0,0.0,0.0,0.0,False
10.24963/kr.2025/14,True,,https://openalex.org/W4415903215,On Strong and Weak Admissibility in Non-Flat Assumption-Based Argumentation,2025.0,0.0,0.0,0.0,False
10.24963/kr.2025/15,True,,https://openalex.org/W4415903223,"Strategy Logic, Imperfect Information, and Hyperproperties",2025.0,0.0,0.0,0.0,False
10.24963/kr.2025/16,True,,https://openalex.org/W4415903224,Tractable Responsibility Measures for Ontology-Mediated Query Answering,2025.0,0.0,0.0,0.0,False
10.24963/kr.2025/17,True,,https://openalex.org/W4415319267,A Rule-Based Approach to Specifying Preferences over Conflicting Facts and Querying Inconsistent Knowledge Bases,2025.0,0.0,0.0,0.0,False
10.24963/kr.2025/18,True,,https://openalex.org/W4415903205,Halting Recurrent GNNs and the Graded mu-Calculus,2025.0,0.0,0.0,0.0,False
10.24963/kr.2025/19,True,,https://openalex.org/W4415903226,An Intuitionistic Version of Alternating-Time Temporal Logic,2025.0,0.0,0.0,0.0,False
10.24963/kr.2025/2,True,,https://openalex.org/W4415903235,Presburger Functional Synthesis: Complexity and Tractable Normal Forms,2025.0,0.0,0.0,0.0,False
10.24963/kr.2025/20,True,,https://openalex.org/W4415903228,Finite Axiomatizability by Disjunctive Existential Rules,2025.0,0.0,0.0,0.0,False
10.24963/kr.2025/21,True,,https://openalex.org/W4415903214,On the Complexity of Global Necessary Reasons to Explain Classification,2025.0,0.0,0.0,0.0,False
10.24963/kr.2025/22,True,,https://openalex.org/W4415903222,Reasoning in Defeasible Description Logics with System W and Lexicographic Inference,2025.0,1.0,0.0,2.3431,False
10.24963/kr.2025/23,True,,https://openalex.org/W4415903219,How Lucky Are You to Know Your Way? A Probabilistic Approach to Knowing How Logics,2025.0,1.0,0.0,2.0231,False
10.24963/kr.2025/24,True,,https://openalex.org/W4415903212,Boolean Nearest Neighbor Language in the Knowledge Compilation Map,2025.0,0.0,0.0,0.0,False
10.24963/kr.2025/26,True,,https://openalex.org/W4415903206,On the Effects of Adding Assignments in Linear-Time Temporal Logics Modulo Theories,2025.0,0.0,0.0,0.0,False
10.24963/kr.2025/28,True,,https://openalex.org/W4415903180,Grounding Rule-Based Argumentation Using Datalog,2025.0,0.0,0.0,0.0,False
10.24963/kr.2025/29,True,,https://openalex.org/W4415903192,An Information-Flow Perspective on Explainability Requirements: Specification and Verification,2025.0,0.0,0.0,0.0,False
10.24963/kr.2025/3,True,,https://openalex.org/W4415903248,Extending Abstract Argumentation Frameworks with Knowledge Bases,2025.0,0.0,0.0,0.0,False
10.24963/kr.2025/30,True,,https://openalex.org/W4415903185,Categorical Explaining Functors: Ensuring Coherence in Logical Explanations,2025.0,0.0,0.0,0.0,False
10.24963/kr.2025/31,True,,https://openalex.org/W4415903200,Two-Variable Logic for Hierarchically Partitioned and Ordered Data,2025.0,0.0,0.0,0.0,False
10.24963/kr.2025/32,True,,https://openalex.org/W4415903199,A Logic-Based Framework for Database Repairs,2025.0,0.0,0.0,0.0,False
10.24963/kr.2025/33,True,,https://openalex.org/W4415903188,Fitting Description Logic Ontologies to ABox and Query Examples,2025.0,0.0,0.0,0.0,False
10.24963/kr.2025/34,True,,https://openalex.org/W4415903201,About the Multi-Head Linear Restricted Chase Termination,2025.0,0.0,0.0,0.0,False
10.24963/kr.2025/35,True,,https://openalex.org/W4415903197,Reasoning About Knowledge on Regular Expressions Is 2EXPTIME-Complete,2025.0,0.0,0.0,0.0,False
10.24963/kr.2025/36,True,,https://openalex.org/W4415903194,Putting Perspective into OWL [Sic]: Complexity-Neutral Standpoint Reasoning for Ontology Languages via Monodic S5 over Counting Two-Variable First-Order Logic,2025.0,0.0,0.0,0.0,False
10.24963/kr.2025/37,True,,https://openalex.org/W4415903189,A Framework for Inconsistency-tolerant Reasoning with Sets of Models,2025.0,0.0,0.0,0.0,False
10.24963/kr.2025/38,True,,https://openalex.org/W4415903187,Repairing General Game Descriptions,2025.0,0.0,0.0,0.0,False
10.24963/kr.2025/39,True,,https://openalex.org/W4415903193,An Analysis of the Role of Syntax in Inductive Inference,2025.0,0.0,0.0,0.0,False
10.24963/kr.2025/4,True,,https://openalex.org/W4415903237,Axiomatic Characterisations of Argumentation Semantics,2025.0,0.0,0.0,0.0,False
10.24963/kr.2025/40,True,,https://openalex.org/W4415903181,Fitting Ontologies and Constraints to Relational Structures,2025.0,0.0,0.0,0.0,False
10.24963/kr.2025/41,True,,https://openalex.org/W4415903190,Complexity of Abduction in Łukasiewicz Logic,2025.0,0.0,0.0,0.0,False
10.24963/kr.2025/42,True,,https://openalex.org/W4415903204,Effective AGM Belief Contraction: A Journey Beyond the Finitary Realm,2025.0,0.0,0.0,0.0,False
10.24963/kr.2025/43,True,,https://openalex.org/W4415903196,Abstractions of Queries in Ontology-Based Data Access,2025.0,0.0,0.0,0.0,False
10.24963/kr.2025/44,True,,https://openalex.org/W4415903191,An Epistemic Theory of Deductive Arguments,2025.0,1.0,0.0,2.057,False
10.24963/kr.2025/45,True,,https://openalex.org/W4415903186,Non-deterministic Action Reversibility: Complexity Results,2025.0,0.0,0.0,0.0,False
10.24963/kr.2025/47,True,,https://openalex.org/W4415903202,Logical Expressivity and Explanations for Monotonic GNNs with Scoring Functions,2025.0,0.0,0.0,0.0,False
10.24963/kr.2025/48,True,,https://openalex.org/W4415903198,Faithful Differentiable Reasoning with Reshuffled Region-based Embeddings,2025.0,0.0,0.0,0.0,False
10.24963/kr.2025/49,True,,https://openalex.org/W4415903182,A Methodology for Incompleteness-Tolerant and Modular Gradual Semantics for Argumentative Statement Graphs,2025.0,0.0,0.0,0.0,False
10.24963/kr.2025/50,True,,https://openalex.org/W4415903163,On Gradual Semantics for Assumption-Based Argumentation,2025.0,0.0,0.0,0.0,False
10.24963/kr.2025/51,True,,https://openalex.org/W4415903177,On the Complexity and Properties of Preferential Propositional Dependence Logic,2025.0,0.0,0.0,0.0,False
10.24963/kr.2025/53,True,,https://openalex.org/W4415903173,Efficient Volume Computation for SMT Formulas,2025.0,0.0,0.0,0.0,False
10.24963/kr.2025/54,True,,https://openalex.org/W4415903167,A Principle-based Framework for Analyzing Dialogue Game-based Semantics,2025.0,0.0,0.0,0.0,False
10.24963/kr.2025/55,True,,https://openalex.org/W4415903164,Pushdown Reward Machines for Reinforcement Learning,2025.0,0.0,0.0,0.0,False
10.24963/kr.2025/56,True,,https://openalex.org/W4415903165,Exploring Desirable Configurations in Global Logistics with Heuristic Search in Answer Set Programming,2025.0,0.0,0.0,0.0,False
10.24963/kr.2025/57,True,,https://openalex.org/W4415903168,Model Checker for Recursive Aggregates,2025.0,0.0,0.0,0.0,False
10.24963/kr.2025/59,True,,https://openalex.org/W4415903156,Reasoning About Actual Causality in Answer Set Programming,2025.0,0.0,0.0,0.0,False
10.24963/kr.2025/6,True,,https://openalex.org/W4415903227,Reasoning with Restricted Statistical Statements in Probabilistic Answer Set Programming: Complexity and Algorithms,2025.0,0.0,0.0,0.0,False
10.24963/kr.2025/60,True,,https://openalex.org/W4415903162,Can LLMs Solve ASP Problems? Insights from a Benchmarking Study,2025.0,0.0,0.0,0.0,False
10.24963/kr.2025/61,True,,https://openalex.org/W4415904748,ASP-Driven Visual Commonsense: A General Framework for Reasoning About Embodied Interaction in the Wild,2025.0,1.0,0.0,1.163,False
10.24963/kr.2025/62,True,,https://openalex.org/W4415903158,A Tensor-Based Probabilistic Event Calculus,2025.0,0.0,0.0,0.0,False
10.24963/kr.2025/64,True,,https://openalex.org/W4415904753,Advances in Logic-Based Entity Resolution: Enhancing ASPEN with Local Merges and Optimality Criteria,2025.0,0.0,0.0,0.0,False
10.24963/kr.2025/65,True,,https://openalex.org/W4415904746,An Embarrassingly Parallel Model Counter,2025.0,0.0,0.0,0.0,False
10.24963/kr.2025/66,True,,https://openalex.org/W4415903155,Expressive Description Logics with Rich Yet Affordable Numeric Constraints,2025.0,0.0,0.0,0.0,False
10.24963/kr.2025/67,True,,https://openalex.org/W4415903170,Counterexample-Guided Abstraction Refinement for Assumption-based Argumentation,2025.0,0.0,0.0,0.0,False
10.24963/kr.2025/68,True,,https://openalex.org/W4415903178,Reasoning in Assumption-Based Argumentation via SAT,2025.0,0.0,0.0,0.0,False
10.24963/kr.2025/69,True,,https://openalex.org/W4415903166,LTL Synthesis Under Multi-Agent Environment Assumptions,2025.0,0.0,0.0,0.0,False
10.24963/kr.2025/7,True,,https://openalex.org/W4415903229,A Novel Framework for Reasoning over Optimization Problems in Probabilistic Answer Set Programming,2025.0,0.0,0.0,0.0,False
10.24963/kr.2025/70,True,,https://openalex.org/W4415903171,Depth-Bounded Epistemic Planning,2025.0,0.0,0.0,0.0,False
10.24963/kr.2025/71,True,,https://openalex.org/W4415904742,Learning General Policies from Examples,2025.0,0.0,0.0,0.0,False
10.24963/kr.2025/72,True,,https://openalex.org/W4415903174,Automated Planning with Ontologies Under Coherence Update Semantics,2025.0,0.0,0.0,0.0,False
10.24963/kr.2025/73,True,,https://openalex.org/W4415903161,Pushing the Envelope in Numeric Pattern Planning,2025.0,0.0,0.0,0.0,False
10.24963/kr.2025/74,True,,https://openalex.org/W4415903157,Pruning with Belief Traps in Multi-agent Epistemic Planning,2025.0,0.0,0.0,0.0,False
10.24963/kr.2025/75,True,,https://openalex.org/W4415904757,Cost-Optimal Delete-Free Classical Planning via Maximum Satisfiability,2025.0,0.0,0.0,0.0,False
10.24963/kr.2025/76,True,,https://openalex.org/W4415903175,Counterfactual Scenarios for Automated Planning,2025.0,0.0,0.0,0.0,False
10.24963/kr.2025/77,True,,https://openalex.org/W4415904743,Domain-Independent Instance Generation for Classical Planning,2025.0,0.0,0.0,0.0,False
10.24963/kr.2025/78,True,,https://openalex.org/W4415904754,Emerson-Lei and Manna-Pnueli Games for LTLf+ and PPLTL+ Synthesis,2025.0,0.0,0.0,0.0,False
10.24963/kr.2025/79,True,,https://openalex.org/W4415904750,Representing Perfect Saturated Cost Partitioning Heuristics in Classical Planning,2025.0,0.0,0.0,0.0,False
10.24963/kr.2025/8,True,,https://openalex.org/W4415903218,Counting Solutions Under Cardinality Constraints: Structure Counts in Counting,2025.0,0.0,0.0,0.0,False
10.24963/kr.2025/80,True,,https://openalex.org/W4415904755,Learning Lifted Action Models from Traces of Incomplete Actions and States,2025.0,0.0,0.0,0.0,False
10.24963/kr.2025/81,True,,https://openalex.org/W4415904762,Generalizing Platform-Aware Mission Planning for Infinite-State Timed Transition Systems,2025.0,0.0,0.0,0.0,False
10.24963/kr.2025/82,True,,https://openalex.org/W4415904763,A Planning Compilation to Reason About Goal Achievement at Planning Time,2025.0,0.0,0.0,0.0,False
10.24963/kr.2025/83,True,,https://openalex.org/W4415903169,Explanations for Unrealizability of Infinite-State Safety Shields,2025.0,0.0,0.0,0.0,False
10.24963/kr.2025/84,True,,https://openalex.org/W4415904760,Probabilistic HTN Planning: Formalization and Computational Complexity Analysis,2025.0,0.0,0.0,0.0,False
10.24963/kr.2025/85,True,,https://openalex.org/W4415904745,Probabilistic Active Goal Recognition,2025.0,0.0,0.0,0.0,False
10.24963/kr.2025/9,True,,https://openalex.org/W4415903207,Guarded Fragments Meet Dynamic Logic: The Story of Regular Guards,2025.0,0.0,0.0,0.0,False
10.29007/1q69,True,,https://openalex.org/W4387868677,Prediction and Control of Stochastic Agents Using Formal Methods,2023.0,1.0,16.0,0.1946,False
10.29007/59w3,True,,https://openalex.org/W4387868700,Certified Private Inference on Neural Networks via Lipschitz-Guided Abstraction Refinement,2023.0,3.0,37.0,0.5185,False
10.29007/5pdh,True,,https://openalex.org/W4387868746,Supporting Standardization of Neural Networks Verification with VNNLIB and CoCoNet,2023.0,11.0,36.0,1.8446,False
10.29007/5s2x,True,,https://openalex.org/W4387868663,The Vehicle Tutorial: Neural Network Verification with Vehicle,2023.0,4.0,8.0,0.6913,False
10.29007/5t69,True,,https://openalex.org/W4379193102,Scalable Probabilistic Routes,2023.0,0.0,35.0,0.0,False
10.29007/7r6j,True,,https://openalex.org/W4387868669,Scaling Model Checking for Neural Network Analysis via State-Space Reduction and Input Segmentation,2023.0,0.0,47.0,0.0,False
10.29007/7wxb,True,,https://openalex.org/W4387868744,ANTONIO: Towards a Systematic Method of Generating NLP Benchmarks for Verification,2023.0,3.0,39.0,0.5185,False
10.29007/c25r,True,,https://openalex.org/W4399056052,Automated Theorem Proving for Prolog Verification,2024.0,1.0,28.0,0.3626,False
10.29007/pvtn,True,,https://openalex.org/W4387868703,Verifying Global Neural Network Specifications using Hyperproperties,2023.0,0.0,42.0,0.0,False
10.29007/sclq,True,,https://openalex.org/W3215072216,Epistemic Logic Programs with World View Constraints,2018.0,8.0,35.0,,False
10.3233/faia200438,True,,https://openalex.org/W3089492075,Reasoning with Justifiable Exceptions in Contextual Hierarchies,2020.0,0.0,0.0,0.0,False
10.4204/eptcs.229.10,True,,https://openalex.org/W2281503498,A High-Level LTL Synthesis Format: TLSF v1.1,2016.0,1.0,24.0,0.4315,False
10.4204/eptcs.229.11,True,,https://openalex.org/W2972381269,The Reactive Synthesis Competition: SYNTCOMP 2016 and Beyond,2016.0,8.0,74.0,1.0815,False
10.4204/eptcs.229.12,True,,https://openalex.org/W2516749794,"The 3rd Reactive Synthesis Competition (SYNTCOMP 2016): Benchmarks, Participants &amp; Results",2016.0,12.0,68.0,3.9654,False
10.4204/eptcs.229.13,True,,https://openalex.org/W2554492429,SyGuS-Comp 2016: Results and Analysis,2016.0,29.0,35.0,6.4721,False
10.4204/eptcs.229.3,True,,https://openalex.org/W2552689336,Using SyGuS to Synthesize Reactive Motion Plans,2016.0,7.0,30.0,0.3605,False
10.4204/eptcs.229.4,True,,https://openalex.org/W2556077188,What You Really Need To Know About Your Neighbor,2016.0,3.0,31.0,1.0815,False
10.4204/eptcs.229.5,True,,https://openalex.org/W2551704252,Symbolic BDD and ADD Algorithms for Energy Games,2016.0,9.0,21.0,1.4418,False
10.4204/eptcs.229.6,True,,https://openalex.org/W2549303446,Approaching Symbolic Parallelization by Synthesis of Recurrence Decompositions,2016.0,0.0,24.0,0.0,False
10.4204/eptcs.229.7,True,,https://openalex.org/W2556618900,Leveraging Parallel Data Processing Frameworks with Verified Lifting,2016.0,14.0,18.0,2.2415,False
10.4204/eptcs.229.8,True,,https://openalex.org/W2552403574,Developing a Practical Reactive Synthesis Tool: Experience and Lessons Learned,2016.0,15.0,82.0,2.0702,False
10.4204/eptcs.229.9,True,,https://openalex.org/W2549523399,An Update on Deductive Synthesis and Repair in the Leon Tool,2016.0,6.0,25.0,0.8836,False
10.4204/eptcs.260.10,True,,https://openalex.org/W2770931253,"The 4th Reactive Synthesis Competition (SYNTCOMP 2017): Benchmarks, Participants &amp; Results",2017.0,30.0,41.0,1.9641,False
10.4204/eptcs.260.4,True,,https://openalex.org/W2769098312,CTL* synthesis via LTL synthesis,2017.0,7.0,18.0,0.2391,False
10.4204/eptcs.260.5,True,,https://openalex.org/W2769970004,Symbolic vs. Bounded Synthesis for Petri Games,2017.0,10.0,19.0,1.4346,False
10.4204/eptcs.260.6,True,,https://openalex.org/W2769310020,A Class of Control Certificates to Ensure Reach-While-Stay for Switched Systems,2017.0,4.0,36.0,0.7173,False
10.4204/eptcs.260.8,True,,https://openalex.org/W2770128704,SyGuS Techniques in the Core of an SMT Solver,2017.0,12.0,46.0,1.4346,False
10.4204/eptcs.260.9,True,,https://openalex.org/W2768805914,SyGuS-Comp 2017: Results and Analysis,2017.0,30.0,20.0,4.5973,False
10.4204/eptcs.306.10,True,,https://openalex.org/W2974067888,A Three-Valued Semantics for Typed Logic Programming,2019.0,3.0,27.0,0.2904,False
10.4204/eptcs.306.14,True,,https://openalex.org/W2974051815,Value of Information in Probabilistic Logic Programs,2019.0,1.0,39.0,0.1452,False
10.4204/eptcs.306.17,True,,https://openalex.org/W2974915826,A Tractable Logic for Molecular Biology,2019.0,3.0,19.0,0.0,False
10.4204/eptcs.306.19,True,,https://openalex.org/W2973724258,RestKB: A Library of Commonsense Knowledge about Dining at a Restaurant,2019.0,4.0,23.0,0.1452,False
10.4204/eptcs.306.20,True,,https://openalex.org/W2973918868,Mutex Graphs and Multicliques: Reducing Grounding Size for Planning,2019.0,0.0,15.0,0.0,False
10.4204/eptcs.306.21,True,,https://openalex.org/W2974409734,Most General Variant Unifiers,2019.0,2.0,31.0,0.2904,False
10.4204/eptcs.306.22,True,,https://openalex.org/W2973907226,Generating Local Search Neighborhood with Synthesized Logic Programs,2019.0,1.0,18.0,0.1452,False
10.4204/eptcs.306.23,True,,https://openalex.org/W2973517119,A Human-Centered Data-Driven Planner-Actor-Critic Architecture via Logic Programming,2019.0,2.0,66.0,0.2904,False
10.4204/eptcs.306.24,True,,https://openalex.org/W2945632386,Strong Equivalence for LPMLN Programs,2019.0,0.0,19.0,0.0,False
10.4204/eptcs.306.26,True,,https://openalex.org/W2965954311,Lazy Stream Programming in Prolog,2019.0,1.0,18.0,0.1452,False
10.4204/eptcs.306.28,True,,https://openalex.org/W2974194793,Extended Magic for Negation: Efficient Demand-Driven Evaluation of Stratified Datalog with Precise Complexity Guarantees,2019.0,3.0,29.0,0.1452,False
10.4204/eptcs.306.30,True,,https://openalex.org/W2973930420,Google vs IBM: A Constraint Solving Challenge on the Job-Shop Scheduling Problem,2019.0,24.0,14.0,1.6725,False
10.4204/eptcs.306.31,True,,https://openalex.org/W2973953699,A Rule-Based System for Explainable Donor-Patient Matching in Liver Transplantation,2019.0,1.0,10.0,0.0,False
10.4204/eptcs.306.32,True,,https://openalex.org/W2973251466,BigData Applications from Graph Analytics to Machine Learning by Aggregates in Recursion,2019.0,9.0,21.0,1.4867,False
10.4204/eptcs.306.33,True,,https://openalex.org/W2974599917,Natural Language Generation for Non-Expert Users,2019.0,0.0,37.0,0.0,False
10.4204/eptcs.306.34,True,,https://openalex.org/W2974737910,An ASP-based Approach for Attractor Enumeration in Synchronous and Asynchronous Boolean Networks,2019.0,3.0,9.0,0.1709,False
10.4204/eptcs.306.35,True,,https://openalex.org/W2973494521,Encoding Selection for Solving Hamiltonian Cycle Problems with ASP,2019.0,4.0,19.0,0.3717,False
10.4204/eptcs.306.37,True,,https://openalex.org/W2964604382,An Implementation of a Non-monotonic Logic in an Embedded Computer for a Motor-glider,2019.0,0.0,14.0,0.0,False
10.4204/eptcs.306.39,True,,https://openalex.org/W2974904423,Towards Ethical Machines Via Logic Programming,2019.0,7.0,16.0,0.8711,False
10.4204/eptcs.306.40,True,,https://openalex.org/W2974733000,A Temporal Module for Logical Frameworks,2019.0,3.0,7.0,0.4355,False
10.4204/eptcs.306.41,True,,https://openalex.org/W2966596596,Solving a Flowshop Scheduling Problem with Answer Set Programming: Exploiting the Problem to Reduce the Number of Combinations,2019.0,2.0,11.0,0.2904,False
10.4204/eptcs.306.50,True,,https://openalex.org/W2974340004,Reasoning about Qualitative Direction and Distance between Extended Objects using Answer Set Programming,2019.0,0.0,38.0,0.0,False
10.4204/eptcs.306.51,True,,https://openalex.org/W2973899447,Induction of Non-monotonic Logic Programs To Explain Statistical Learning Models,2019.0,0.0,15.0,0.0,False
10.4204/eptcs.306.53,True,,https://openalex.org/W2973435145,Conversational AI : Open Domain Question Answering and Commonsense Reasoning,2019.0,7.0,16.0,0.2904,False
10.4204/eptcs.306.54,True,,https://openalex.org/W2973921451,Design of a Solver for Multi-Agent Epistemic Planning,2019.0,2.0,29.0,0.1452,False
10.4204/eptcs.306.55,True,,https://openalex.org/W2974503183,Imperative Program Synthesis from Answer Set Programs,2019.0,0.0,14.0,0.0,False
10.4204/eptcs.306.57,True,,https://openalex.org/W2973648715,Reasoning in Highly Reactive Environments,2019.0,1.0,32.0,0.0,False
10.4204/eptcs.306.58,True,,https://openalex.org/W2973371733,Experimenting with Constraint Programming on GPU,2019.0,0.0,18.0,0.0,False
10.4204/eptcs.306.59,True,,https://openalex.org/W2974416123,Research Report on Automatic Synthesis of Local Search Neighborhood Operators,2019.0,0.0,33.0,0.0,False
10.4204/eptcs.306.60,True,,https://openalex.org/W2973402405,Distributed Answer Set Coloring: Stable Models Computation via Graph Coloring,2019.0,0.0,19.0,0.0,False
10.4204/eptcs.306.61,True,,https://openalex.org/W2974748060,Memory Management in Resource-Bounded Agents,2019.0,0.0,7.0,0.0,False
10.4204/eptcs.306.8,True,,https://openalex.org/W2974293287,Prolog Coding Guidelines: Status and Tool Support,2019.0,1.0,24.0,0.3525,False
10.4204/eptcs.306.9,True,,https://openalex.org/W2973702636,Exploiting Partial Knowledge in Declarative Domain-Specific Heuristics for ASP,2019.0,2.0,54.0,0.1452,False
10.4204/eptcs.307.3,True,,https://openalex.org/W2981642253,"A Definitional Implementation of the Lax Logical Framework LLFP in Coq, for Supporting Fast and Loose Reasoning",2019.0,0.0,14.0,0.0,False
10.4204/eptcs.307.5,True,,https://openalex.org/W2981699879,Rapid Prototyping Formal Systems in MMT: 5 Case Studies,2019.0,7.0,35.0,0.7259,False
10.4204/eptcs.307.6,True,,https://openalex.org/W2981600573,A Weakly Initial Algebra for Higher-Order Abstract Syntax in Cedille,2019.0,0.0,37.0,0.0,False
10.4204/eptcs.325.10,True,,https://openalex.org/W3088418580,Variant-based Equational Unification under Constructor Symbols,2020.0,2.0,39.0,0.272,False
10.4204/eptcs.325.11,True,,https://openalex.org/W3089079470,Solving Gossip Problems using Answer Set Programming: An Epistemic Planning Approach,2020.0,1.0,11.0,0.137,False
10.4204/eptcs.325.12,True,,https://openalex.org/W3089031584,Justifications for Goal-Directed Constraint Answer Set Programming,2020.0,30.0,26.0,2.3106,False
10.4204/eptcs.325.13,True,,https://openalex.org/W3089025074,SQuARE: Semantics-based Question Answering and Reasoning Engine,2020.0,4.0,34.0,0.5486,False
10.4204/eptcs.325.17,True,,https://openalex.org/W3088884827,Automated Aggregator - Rewriting with the Counting Aggregate,2020.0,2.0,19.0,0.2718,False
10.4204/eptcs.325.18,True,,https://openalex.org/W3088664422,"Deriving Theorems in Implicational Linear Logic, Declaratively",2020.0,1.0,50.0,0.1371,False
10.4204/eptcs.325.19,True,,https://openalex.org/W3088333893,A System for Explainable Answer Set Programming,2020.0,23.0,16.0,2.1747,False
10.4204/eptcs.325.20,True,,https://openalex.org/W3088656722,Tabling Optimization for Contextual Abduction,2020.0,0.0,22.0,0.0,False
10.4204/eptcs.325.22,True,,https://openalex.org/W3087916853,Continuous Reasoning for Managing Next-Gen Distributed Applications,2020.0,9.0,25.0,1.1325,False
10.4204/eptcs.325.23,True,,https://openalex.org/W3088982927,Sequent-Type Calculi for Systems of Nonmonotonic Paraconsistent Logics,2020.0,5.0,31.0,0.5485,False
10.4204/eptcs.325.25,True,,https://openalex.org/W3088505583,LP2PB: Translating Answer Set Programs into Pseudo-Boolean Theories,2020.0,1.0,71.0,0.0,False
10.4204/eptcs.325.27,True,,https://openalex.org/W3088577583,Dynamic Multi-Agent Path Finding based on Conflict Resolution using Answer Set Programming,2020.0,3.0,13.0,0.1372,False
10.4204/eptcs.325.28,True,,https://openalex.org/W3088838185,An application of Answer Set Programming in Distributed Architectures: ASP Microservices,2020.0,0.0,48.0,0.0,False
10.4204/eptcs.325.29,True,,https://openalex.org/W3087769921,Less Manual Work for Safety Engineers: Towards an Automated Safety Reasoning with Safety Patterns,2020.0,0.0,24.0,0.0,False
10.4204/eptcs.325.31,True,,https://openalex.org/W3088074035,A Machine Learning guided Rewriting Approach for ASP Logic Programs,2020.0,5.0,16.0,0.408,False
10.4204/eptcs.325.32,True,,https://openalex.org/W3093231909,Logical Judges Challenge Human Judges on the Strange Case of B.C.-Valjean,2020.0,2.0,18.0,0.8639,False
10.4204/eptcs.325.38,True,,https://openalex.org/W3088818322,Constraint Programming Algorithms for Route Planning Exploiting Geometrical Information,2020.0,1.0,31.0,0.0,False
10.4204/eptcs.325.39,True,,https://openalex.org/W3087918608,Research Summary on Implementing Functional Patterns by Synthesizing Inverse Functions,2020.0,0.0,24.0,0.0,False
10.4204/eptcs.325.40,True,,https://openalex.org/W3087967790,A Low-Level Index for Distributed Logic Programming,2020.0,0.0,48.0,0.0,False
10.4204/eptcs.325.41,True,,https://openalex.org/W3088365364,Extending Answer Set Programs with Neural Networks,2020.0,0.0,51.0,0.0,False
10.4204/eptcs.325.8,True,,https://openalex.org/W3088290324,Splitting a Hybrid ASP Program,2020.0,0.0,14.0,0.0,False
10.4204/eptcs.345.12,True,,https://openalex.org/W3199295391,Syntactic Requirements for Well-defined Hybrid Probabilistic Logic Programs,2021.0,1.0,31.0,0.14,False
10.4204/eptcs.345.13,True,,https://openalex.org/W3199073325,How to Split a Logic Program,2021.0,0.0,25.0,0.0,False
10.4204/eptcs.345.14,True,,https://openalex.org/W3199257618,Fixpoint Semantics for Recursive SHACL,2021.0,6.0,23.0,0.6998,False
10.4204/eptcs.345.17,True,,https://openalex.org/W3198924021,A Note on Occur-Check,2021.0,1.0,11.0,0.1593,False
10.4204/eptcs.345.23,True,,https://openalex.org/W3199615917,APIA: An Architecture for Policy-Aware Intentional Agents,2021.0,8.0,21.0,0.6999,False
10.4204/eptcs.345.24,True,,https://openalex.org/W3199662701,DMAPF: A Decentralized and Distributed Solver for Multi-Agent Path Finding Problem with Obstacles,2021.0,6.0,22.0,0.6999,False
10.4204/eptcs.345.25,True,,https://openalex.org/W3199691744,Refining the Semantics of Epistemic Specifications,2021.0,3.0,32.0,0.28,False
10.4204/eptcs.345.26,True,,https://openalex.org/W3199207316,Generating Explainable Rule Sets from Tree-Ensemble Learning Methods by Answer Set Programming,2021.0,4.0,28.0,0.56,False
10.4204/eptcs.345.27,True,,https://openalex.org/W3199556294,Natlog: a Lightweight Logic Programming Language with a Neuro-symbolic Touch,2021.0,9.0,32.0,1.1199,False
10.4204/eptcs.345.28,True,,https://openalex.org/W3199761854,exp(ASPc) : Explaining ASP Programs with Choice Atoms and Constraint Rules,2021.0,5.0,19.0,0.5599,False
10.4204/eptcs.345.30,True,,https://openalex.org/W3199888975,Modeling and Solving Graph Synthesis Problems Using SAT-Encoded Reachability Constraints in Picat,2021.0,3.0,27.0,0.3202,False
10.4204/eptcs.345.32,True,,https://openalex.org/W3199681680,A Logic-based Multi-agent System for Ethical Monitoring and Evaluation of Dialogues,2021.0,4.0,12.0,0.28,False
10.4204/eptcs.345.34,True,,https://openalex.org/W3198930512,Geolog: Scalable Logic Programming on Spatial Data,2021.0,1.0,14.0,0.0,False
10.4204/eptcs.345.35,True,,https://openalex.org/W3199108768,DiscASP: A Graph-based ASP System for Finding Relevant Consistent Concepts with Applications to Conversational Socialbots,2021.0,7.0,36.0,0.6998,False
10.4204/eptcs.345.36,True,,https://openalex.org/W3199853656,Generating Concurrent Programs From Sequential Data Structure Knowledge Using Answer Set Programming,2021.0,1.0,13.0,0.14,False
10.4204/eptcs.345.40,True,,https://openalex.org/W3200387569,Flexible and Explainable Solutions for Multi-Agent Path Finding Problems,2021.0,1.0,18.0,0.0,False
10.4204/eptcs.345.41,True,,https://openalex.org/W3199694019,Comprehensive Multi-Agent Epistemic Planning,2021.0,0.0,27.0,0.0,False
10.4204/eptcs.345.42,True,,https://openalex.org/W3198963286,Automata Techniques for Temporal Answer Set Programming,2021.0,0.0,56.0,0.0,False
10.4204/eptcs.345.43,True,,https://openalex.org/W3200306105,Quantitative and Stream Extensions of Answer Set Programming,2021.0,0.0,51.0,0.0,False
10.4204/eptcs.345.44,True,,https://openalex.org/W3200411040,Graph Based Answer Set Programming Solver Systems,2021.0,2.0,25.0,0.28,False
10.4204/eptcs.345.45,True,,https://openalex.org/W3198966284,Compilation of Aggregates in ASP,2021.0,0.0,26.0,0.0,False
10.4204/eptcs.345.46,True,,https://openalex.org/W3200443802,Product Configuration in Answer Set Programming,2021.0,4.0,37.0,0.42,False
10.4204/eptcs.345.47,True,,https://openalex.org/W3200850997,Formalisation of Action with Durations in Answer Set Programming,2021.0,0.0,31.0,0.0,False
10.4204/eptcs.364.1,True,,https://openalex.org/W4289766669,Tree-Like Justification Systems are Consistent,2022.0,0.0,16.0,0.0,False
10.4204/eptcs.364.10,True,,https://openalex.org/W4289766980,Knowledge Authoring with Factual English,2022.0,1.0,14.0,0.1388,False
10.4204/eptcs.364.2,True,,https://openalex.org/W4289766528,A Preliminary Data-driven Analysis of Common Errors Encountered by Novice SPARC Programmers,2022.0,2.0,20.0,0.2776,False
10.4204/eptcs.364.35,True,,https://openalex.org/W4289767052,A Model-Oriented Approach for Lifting Symmetries in Answer Set Programming,2022.0,0.0,32.0,0.0,False
10.4204/eptcs.364.36,True,,https://openalex.org/W4289766963,Tools and Methodologies for Verifying Answer Set Programs,2022.0,0.0,14.0,0.0,False
10.4204/eptcs.364.37,True,,https://openalex.org/W4289767131,An ASP Framework for Efficient Urban Traffic Optimization,2022.0,0.0,33.0,0.0,False
10.4204/eptcs.364.38,True,,https://openalex.org/W4289766943,Planning and Scheduling in Digital Health with Answer Set Programming,2022.0,0.0,27.0,0.0,False
10.4204/eptcs.364.39,True,,https://openalex.org/W4289766984,Decomposition Strategies for Solving Scheduling Problems in Industrial Applications,2022.0,1.0,20.0,0.1353,False
10.4204/eptcs.364.6,True,,https://openalex.org/W4289766832,A Fixpoint Characterization of Three-Valued Disjunctive Hybrid MKNF Knowledge Bases,2022.0,0.0,25.0,0.0,False
10.4204/eptcs.364.7,True,,https://openalex.org/W4289767033,An Iterative Fixpoint Semantics for MKNF Hybrid Knowledge Bases with Function Symbols,2022.0,1.0,20.0,0.138,False
10.4204/eptcs.364.8,True,,https://openalex.org/W3009911237,Jumping Evaluation of Nested Regular Path Queries,2022.0,0.0,13.0,0.0,False
10.4204/eptcs.364.9,True,,https://openalex.org/W4289766521,"A Gaze into the Internal Logic of Graph Neural Networks, with Logic",2022.0,1.0,30.0,0.138,False
10.4204/eptcs.385.1,True,,https://openalex.org/W4386211500,ABA Learning via ASP,2023.0,1.0,19.0,0.1713,False
10.4204/eptcs.385.10,True,,https://openalex.org/W4386211497,On the Potential of CLIP for Compositional Logical Reasoning,2023.0,1.0,14.0,0.1758,False
10.4204/eptcs.385.11,True,,https://openalex.org/W4386211517,Bottom-Up Stratified Probabilistic Logic Programming with Fusemate,2023.0,3.0,23.0,0.5274,False
10.4204/eptcs.385.12,True,,https://openalex.org/W4386211240,Generalizing Level Ranking Constraints for Monotone and Convex Aggregates,2023.0,1.0,36.0,0.1728,False
10.4204/eptcs.385.13,True,,https://openalex.org/W4386213017,Sorting Strategies for Interactive Conflict Resolution in ASP,2023.0,0.0,12.0,0.0,False
10.4204/eptcs.385.14,True,,https://openalex.org/W4386211109,Inductive Learning of Declarative Domain-Specific Heuristics for ASP,2023.0,0.0,21.0,0.0,False
10.4204/eptcs.385.16,True,,https://openalex.org/W4386211223,"Solving Recurrence Relations using Machine Learning, with Application to Cost Analysis",2023.0,1.0,18.0,0.1966,False
10.4204/eptcs.385.17,True,,https://openalex.org/W4386211080,On the Independencies Hidden in the Structure of a Probabilistic Logic Program,2023.0,0.0,14.0,0.0,False
10.4204/eptcs.385.18,True,,https://openalex.org/W4386211097,Understanding ProbLog as Probabilistic Argumentation,2023.0,0.0,28.0,0.0,False
10.4204/eptcs.385.20,True,,https://openalex.org/W4386211070,On Feasibility of Declarative Diagnosis,2023.0,1.0,20.0,0.1758,False
10.4204/eptcs.385.21,True,,https://openalex.org/W4386211095,Explainable and Trustworthy Traffic Sign Detection for Safe Autonomous Driving: An Inductive Logic Programming Approach,2023.0,3.0,44.0,0.5392,False
10.4204/eptcs.385.23,True,,https://openalex.org/W4386211494,A Logic Programming Approach to Global Logistics in a Co-Design Environment,2023.0,1.0,18.0,0.1758,False
10.4204/eptcs.385.24,True,,https://openalex.org/W4386211486,The Janus System: Multi-paradigm Programming in Prolog and Python,2023.0,4.0,16.0,1.8425,False
10.4204/eptcs.385.26,True,,https://openalex.org/W4386211069,Inferring Compensatory Kinase Networks in Yeast using Prolog,2023.0,0.0,12.0,0.0,False
10.4204/eptcs.385.27,True,,https://openalex.org/W4386211255,Reliable Natural Language Understanding with Large Language Models and Answer Set Programming,2023.0,17.0,31.0,2.9381,False
10.4204/eptcs.385.28,True,,https://openalex.org/W4386211104,"Leasing the Cloud-Edge Continuum, à la Carte",2023.0,0.0,18.0,0.0,False
10.4204/eptcs.385.3,True,,https://openalex.org/W4386211259,Benchmarking for Integrating Logic Rules with Everything Else,2023.0,2.0,24.0,0.3426,False
10.4204/eptcs.385.33,True,,https://openalex.org/W4386211451,"Demonstrating (Hybrid) Active Logic Documents and the Ciao Prolog Playground, and an Application to Verification Tutorials",2023.0,2.0,11.0,0.3516,False
10.4204/eptcs.385.35,True,,https://openalex.org/W4386211526,Nemo: First Glimpse of a New Rule Engine,2023.0,4.0,13.0,0.6852,False
10.4204/eptcs.385.38,True,,https://openalex.org/W4386211087,An xAI Approach for Data-to-Text Processing with ASP,2023.0,1.0,16.0,0.1728,False
10.4204/eptcs.385.39,True,,https://openalex.org/W4386211076,Deontic Paradoxes in ASP with Weak Constraints,2023.0,6.0,25.0,1.0548,False
10.4204/eptcs.385.5,True,,https://openalex.org/W4386211111,A Dataflow Analysis for Comparing and Reordering Predicate Arguments,2023.0,1.0,29.0,0.4606,False
10.4204/eptcs.385.50,True,,https://openalex.org/W4386211474,Penalization Framework For Autonomous Agents Using Answer Set Programming,2023.0,0.0,11.0,0.0,False
10.4204/eptcs.385.51,True,,https://openalex.org/W4386212956,Beyond Traditional Neural Networks: Toward adding Reasoning and Learning Capabilities through Computational Logic Techniques,2023.0,1.0,39.0,0.1737,False
10.4204/eptcs.385.52,True,,https://openalex.org/W4386211066,Explainable Answer-set Programming,2023.0,1.0,41.0,0.1758,False
10.4204/eptcs.385.9,True,,https://openalex.org/W4386211654,Towards One-Shot Learning for Text Classification using Inductive Logic Programming,2023.0,0.0,22.0,0.0,False
10.4204/eptcs.416.1,True,,https://openalex.org/W4407349612,On LLM-generated Logic Programs and their Inference Execution Methods,2025.0,1.0,15.0,2.2456,False
10.4204/eptcs.416.13,True,,https://openalex.org/W4407349580,Data2Concept2Text: An Explainable Multilingual Framework for Data Analysis Narration,2025.0,0.0,18.0,0.0,False
10.4204/eptcs.416.14,True,,https://openalex.org/W4407349622,Counterfactual Explanations as Plans,2025.0,0.0,42.0,0.0,False
10.4204/eptcs.416.15,True,,https://openalex.org/W4407349583,Abduction of Domain Relationships from Data for VQA,2025.0,0.0,7.0,0.0,False
10.4204/eptcs.416.16,True,,https://openalex.org/W4404680516,"Graphical Conditions for the Existence, Unicity and Number of Regular Models",2025.0,0.0,30.0,0.0,False
10.4204/eptcs.416.17,True,,https://openalex.org/W4407349591,Efficient OWL2QL Meta-reasoning Using ASP-based Hybrid Knowledge Bases,2025.0,1.0,14.0,2.6124,False
10.4204/eptcs.416.19,True,,https://openalex.org/W4407349564,ASP-driven User-interaction with Clinguin,2025.0,3.0,13.0,6.0693,False
10.4204/eptcs.416.2,True,,https://openalex.org/W4407349574,Visual Graph Question Answering with ASP and LLMs for Language Parsing,2025.0,1.0,30.0,1.163,False
10.4204/eptcs.416.20,True,,https://openalex.org/W4407349586,A Prolog Program for Bottom-up Evaluation,2025.0,0.0,4.0,0.0,False
10.4204/eptcs.416.21,True,,https://openalex.org/W4407349566,Regular Typed Unification,2025.0,0.0,25.0,0.0,False
10.4204/eptcs.416.22,True,,https://openalex.org/W4407349608,Order-Sorted Intensional Logic: Expressing Subtyping Polymorphism with Typing Assertions and Quantification over Concepts,2025.0,0.0,9.0,0.0,False
10.4204/eptcs.416.23,True,,https://openalex.org/W4407349669,A Coq Formalization of Unification Modulo Exclusive-Or,2025.0,0.0,19.0,0.0,False
10.4204/eptcs.416.24,True,,https://openalex.org/W4407349689,Geospatial Trajectory Generation via Efficient Abduction: Deployment for Independent Testing,2025.0,0.0,28.0,0.0,False
10.4204/eptcs.416.30,True,,https://openalex.org/W4407349716,Generating Causally Compliant Counterfactual Explanations using ASP,2025.0,2.0,12.0,4.3079,False
10.4204/eptcs.416.32,True,,https://openalex.org/W4407349691,Computational methods for Dynamic Answer Set Programming,2025.0,0.0,46.0,0.0,False
10.4204/eptcs.416.33,True,,https://openalex.org/W4407349692,Relating Answer Set Programming and Many-sorted Logics for Formal Verification,2025.0,0.0,46.0,0.0,False
10.4204/eptcs.416.34,True,,https://openalex.org/W4407349678,Answer Set Counting and its Applications,2025.0,0.0,24.0,0.0,False
10.4204/eptcs.416.35,True,,https://openalex.org/W4407349698,Logical foundations of Smart Contracts,2025.0,0.0,31.0,0.0,False
10.4204/eptcs.416.36,True,,https://openalex.org/W4407349709,Commonsense Reasoning-Aided Autonomous Vehicle Systems,2025.0,0.0,15.0,0.0,False
10.4204/eptcs.416.37,True,,https://openalex.org/W4407349701,A Category-Theoretic Perspective on Approximation Fixpoint Theory,2025.0,0.0,29.0,0.0,False
10.4204/eptcs.416.38,True,,https://openalex.org/W4407349670,Hybrid Answer Set Programming: Foundations and Applications,2025.0,0.0,38.0,0.0,False
10.4204/eptcs.416.39,True,,https://openalex.org/W4407349683,Autonomous Task Completion Based on Goal-directed Answer Set Programming,2025.0,0.0,13.0,0.0,False
10.4204/eptcs.416.4,True,,https://openalex.org/W4407349573,Logical Lease Litigation: Prolog and LLMs for Rental Law Compliance in New York,2025.0,0.0,5.0,0.0,False
10.4204/eptcs.416.40,True,,https://openalex.org/W4407349696,Early Validation of High-level Requirements on Cyber-Physical Systems,2025.0,0.0,19.0,0.0,False
10.4204/eptcs.416.41,True,,https://openalex.org/W4407349680,Reliable Conversational Agents under ASP Control that Understand Natural Language,2025.0,0.0,16.0,0.0,False
10.4204/eptcs.416.5,True,,https://openalex.org/W4407349603,LP-LM: No Hallucinations in Question Answering with Logic Programming,2025.0,0.0,10.0,0.0,False
10.4204/eptcs.416.6,True,,https://openalex.org/W4407349644,Neuro-Symbolic Contrastive Learning for Cross-domain Inference,2025.0,0.0,51.0,0.0,False
10.4204/eptcs.416.7,True,,https://openalex.org/W4407349651,Architecture for Simulating Behavior Mode Changes in Norm-Aware Autonomous Agents,2025.0,0.0,15.0,0.0,False
10.4204/eptcs.416.9,True,,https://openalex.org/W4407349601,"Mind the Gaps: Logical English, Prolog, and Multi-agent Systems for Autonomous Vehicles",2025.0,1.0,15.0,2.6124,False
10.4204/eptcs.434.4,True,,https://openalex.org/W4415659371,Semantic Properties of Computations Defined by Elementary Inference Systems,2025.0,0.0,0.0,0.0,False
10.4204/eptcs.434.5,True,,https://openalex.org/W4415659391,Theta as a Horn Solver,2025.0,0.0,0.0,0.0,False
10.4204/eptcs.434.6,True,,https://openalex.org/W4415659263,CHCVerif: A Portfolio-Based Solver for Constrained Horn Clauses,2025.0,0.0,0.0,0.0,False
10.4204/eptcs.439.10,True,,https://openalex.org/W7119988318,Correcting Autonomous Driving Object Detection Misclassifications with Automated Commonsense Reasoning,2026.0,0.0,0.0,0.0,False
10.4204/eptcs.439.13,True,,https://openalex.org/W4416131195,A framework for Conditional Reasoning in Answer Set Programming,2026.0,0.0,0.0,0.0,False
10.4204/eptcs.439.15,True,,https://openalex.org/W7119511346,Defeasible Conditionals using Answer Set Programming,2026.0,0.0,0.0,0.0,False
10.4204/eptcs.439.16,True,,https://openalex.org/W7119479195,Extracting Policies from Quantified Answer Set Programs,2026.0,0.0,0.0,0.0,False
10.4204/eptcs.439.17,True,,https://openalex.org/W4417423260,A Simple and Effective ASP-Based Tool for Enumerating Minimal Hitting Sets,2026.0,0.0,0.0,0.0,False
10.4204/eptcs.439.18,True,,https://openalex.org/W7119470183,Logic Programming with Extensible Types,2026.0,0.0,0.0,0.0,False
10.4204/eptcs.439.19,True,,https://openalex.org/W7119502076,Fixpoint Semantics for DatalogMTL with Negation,2026.0,0.0,0.0,0.0,False
10.4204/eptcs.439.2,True,,https://openalex.org/W7119683204,Propositional Abduction via Only-Knowing: A Non-Monotonic Approach,2026.0,0.0,0.0,0.0,False
10.4204/eptcs.439.21,True,,https://openalex.org/W4415033560,On the Trap Space Semantics of Normal Logic Programs,2026.0,0.0,0.0,0.0,False
10.4204/eptcs.439.22,True,,https://openalex.org/W4414943507,Reasoning about Medical Triage Optimization with Logic Programming,2026.0,0.0,0.0,0.0,False
10.4204/eptcs.439.23,True,,https://openalex.org/W4415109222,The ASP-based Nurse Scheduling System at the University of Yamanashi Hospital,2026.0,0.0,0.0,0.0,False
10.4204/eptcs.439.24,True,,https://openalex.org/W7119695462,Hybrid MKNF for Aeronautics Applications: Usage and Heuristics,2026.0,0.0,0.0,0.0,False
10.4204/eptcs.439.25,True,,https://openalex.org/W7120084704,An ASP-based Solution to the Medical Appointment Scheduling Problem,2026.0,0.0,0.0,0.0,False
10.4204/eptcs.439.28,True,,https://openalex.org/W7119499598,"XAI-LAW: A Logic Programming Tool for Modeling, Explaining, and Learning Legal Decisions",2026.0,0.0,0.0,0.0,False
10.4204/eptcs.439.29,True,,https://openalex.org/W7119526154,Formally Explaining Decision Tree Models with Answer Set Programming,2026.0,0.0,0.0,0.0,False
10.4204/eptcs.439.3,True,,https://openalex.org/W4415345332,An ASP-Based Framework for MUSes,2026.0,0.0,0.0,0.0,False
10.4204/eptcs.439.30,True,,https://openalex.org/W7119473922,xDNN(ASP): Explanation Generation System for Deep Neural Networks powered by Answer Set Programming,2026.0,0.0,0.0,0.0,False
10.4204/eptcs.439.31,True,,https://openalex.org/W7119493703,Implementing the First-Order Logic of Here and There,2026.0,0.0,0.0,0.0,False
10.4204/eptcs.439.33,True,,https://openalex.org/W7119526250,Investigating the Grounding Bottleneck for a Large-Scale Configuration Problem: Existing Tools and Constraint-Aware Guessing,2026.0,0.0,0.0,0.0,False
10.4204/eptcs.439.34,True,,https://openalex.org/W7119513109,On Zeno-like Behaviors in the Event Calculus with Goal-directed Answer Set Programming,2026.0,0.0,0.0,0.0,False
10.4204/eptcs.439.35,True,,https://openalex.org/W7119533616,Inductive First-Order Formula Synthesis by ASP: A Case Study in Invariant Inference,2026.0,0.0,0.0,0.0,False
10.4204/eptcs.439.36,True,,https://openalex.org/W4415139386,Picat Through the Lens of Advent of Code,2026.0,0.0,0.0,0.0,False
10.4204/eptcs.439.4,True,,https://openalex.org/W7119526246,Machine Learning Model Integration with Open World Temporal Logic for Process Automation,2026.0,0.0,0.0,0.0,False
10.4204/eptcs.439.5,True,,https://openalex.org/W4406841238,VERUS-LM: a Versatile Framework for Combining LLMs with Symbolic Reasoning,2026.0,3.0,0.0,28.8566,False
10.4204/eptcs.439.6,True,,https://openalex.org/W4414489713,An LLM + ASP Workflow for Joint Entity-Relation Extraction,2026.0,0.0,0.0,0.0,False
10.4204/eptcs.439.7,True,,https://openalex.org/W4415030911,VECSR: Virtually Embodied Common Sense Reasoning System,2026.0,0.0,0.0,0.0,False
10.4204/eptcs.439.8,True,,https://openalex.org/W7119521607,Logic Tensor Network-Enhanced Generative Adversarial Network,2026.0,0.0,0.0,0.0,False
10.4204/eptcs.439.9,True,,https://openalex.org/W4414684487,Interpretable Hybrid Machine Learning Models Using FOLD-R++ and Answer Set Programming,2026.0,1.0,0.0,31.4596,False
10.46298/lmcs-17(3:11)2021,True,,https://openalex.org/W3109831021,Multimodal Dependent Type Theory,2021.0,0.0,68.0,0.0,False
10.46298/lmcs-17(3:20)2021,True,,https://openalex.org/W3195955301,Successor-Invariant First-Order Logic on Classes of Bounded Degree,2021.0,2.0,15.0,0.3044,False
10.46298/lmcs-17(3:3)2021,True,,https://openalex.org/W2972042414,The Complexity of Reachability in Affine Vector Addition Systems with States,2021.0,1.0,27.0,0.1522,False
10.46298/lmcs-18(1:37)2022,True,,https://openalex.org/W2952669161,Sequential Relational Decomposition,2022.0,0.0,43.0,0.0,False
10.46298/lmcs-18(1:42)2022,True,,https://openalex.org/W3118946947,"Register Automata with Extrema Constraints, and an Application to Two-Variable Logic",2022.0,2.0,30.0,0.3047,False
10.46298/lmcs-18(3:6)2022,True,,https://openalex.org/W3014513545,Fusible numbers and Peano Arithmetic,2022.0,1.0,34.0,0.1524,False
10.46298/lmcs-20(2:9)2024,True,,https://openalex.org/W4397009053,The Pebble-Relation Comonad in Finite Model Theory,2024.0,1.0,23.0,1.0804,False
10.46298/lmcs-21(1:10)2025,True,,https://openalex.org/W3157558637,Multi-Structural Games and Number of Quantifiers,2025.0,0.0,13.0,0.0,False
10.46298/lmcs-21(3:25)2025,True,,https://openalex.org/W4414110363,Extensional and Non-extensional Functions as Processes,2025.0,0.0,0.0,0.0,False
10.46298/lmcs-21(3:3)2025,True,,https://openalex.org/W4412419876,The Big-O Problem for Max-Plus Automata is Decidable (PSPACE-Complete),2025.0,0.0,0.0,0.0,False
10.46298/lmcs-21(4:18)2025,True,,https://openalex.org/W4415850035,Computational expressivity of (circular) proofs with fixed points,2025.0,0.0,0.0,0.0,False
10.46298/lmcs-21(4:2)2025,True,,https://openalex.org/W4414847994,MSO Queries on Trees: Enumerating Answers under Updates Using Forest Algebras,2025.0,0.0,0.0,0.0,False
10.46298/theoretics.23.3,True,,https://openalex.org/W4319318612,Characterizing Positionality in Games of Infinite Duration over Infinite Graphs,2023.0,5.0,34.0,0.7714,False
10.46298/theoretics.24.25,True,,https://openalex.org/W4405009143,The Descriptive Complexity of Graph Neural Networks,2024.0,2.0,0.0,0.6508,False
10.46298/theoretics.25.1,True,,https://openalex.org/W4396945362,Finite-valued Streaming String Transducers,2025.0,2.0,26.0,4.1139,False
10.55245/energeia.2025.01,True,,https://openalex.org/W4415729696,Introduction,2025.0,0.0,0.0,,False
