lookup_id,lookup_type,lookup_value,s2_found,s2_error,s2_paper_id,s2_title,s2_venue,s2_year,s2_reference_count,s2_citation_count,s2_influential_citation_count,s2_publication_types,s2_fields_of_study,s2_is_open_access
DOI:10.1007/978-1-4757-3452-2_14,doi,10.1007/978-1-4757-3452-2_14,False,,,,,,,,,,,
DOI:10.1007/978-3-030-20528-7_1,doi,10.1007/978-3-030-20528-7_1,True,,cb516fb27001d1d8837e19b316ae0d3e385a4b9a,Train Scheduling with Hybrid ASP,International Conference on Logic Programming and Non-Monotonic Reasoning,2019.0,18.0,37.0,4.0,JournalArticle,Computer Science,False
DOI:10.1007/978-3-030-20528-7_11,doi,10.1007/978-3-030-20528-7_11,True,,7e045a4300688e27844c82c1d00d63c573637ed8,Founded World Views with Autoepistemic Equilibrium Logic,International Conference on Logic Programming and Non-Monotonic Reasoning,2019.0,28.0,16.0,3.0,JournalArticle,Computer Science,False
DOI:10.1007/978-3-030-20528-7_13,doi,10.1007/978-3-030-20528-7_13,True,,3b432c27759ddc934714ab4ee022cd94517a4608,"A Sequent-Type Calculus for Three-Valued Default Logic, Or: Tweety Meets Quartum Non Datur",International Conference on Logic Programming and Non-Monotonic Reasoning,2019.0,32.0,1.0,0.0,JournalArticle,Computer Science,False
DOI:10.1007/978-3-030-20528-7_15,doi,10.1007/978-3-030-20528-7_15,True,,c49c54377a7f4d1eb72ee86f848f47c7c1645fb6,Repair-Based Degrees of Database Inconsistency: Computation and Complexity,International Conference on Logic Programming and Non-Monotonic Reasoning,2018.0,63.0,29.0,2.0,JournalArticle,Computer Science,False
DOI:10.1007/978-3-030-20528-7_2,doi,10.1007/978-3-030-20528-7_2,True,,93b4285daf2a42d80d0981f4e3b38fab50b06f0e,Telco Network Inventory Validation with NoHR,International Conference on Logic Programming and Non-Monotonic Reasoning,2019.0,25.0,3.0,0.0,JournalArticle,Computer Science,False
DOI:10.1007/978-3-030-20528-7_20,doi,10.1007/978-3-030-20528-7_20,True,,e4cb2967cc82b3d7905255a43c29112d37ffd45b,Verifying Strong Equivalence of Programs in the Input Language of gringo,International Conference on Logic Programming and Non-Monotonic Reasoning,2019.0,13.0,25.0,8.0,JournalArticle,Computer Science,False
DOI:10.1007/978-3-030-20528-7_21,doi,10.1007/978-3-030-20528-7_21,True,,ac702a95bf16426c88798dd92344c6c9a4fae0c0,The Return of xorro,International Conference on Logic Programming and Non-Monotonic Reasoning,2019.0,28.0,6.0,0.0,JournalArticle,Computer Science,False
DOI:10.1007/978-3-030-20528-7_22,doi,10.1007/978-3-030-20528-7_22,True,,d6b7d0945cbc24837854ba18c71d56d3c350e4b9,Degrees of Laziness in Grounding: Effects of Lazy-Grounding Strategies on ASP Solving,International Conference on Logic Programming and Non-Monotonic Reasoning,2019.0,30.0,11.0,0.0,JournalArticle,Computer Science,True
DOI:10.1007/978-3-030-20528-7_25,doi,10.1007/978-3-030-20528-7_25,True,,2ae95bcc92fa658a28978c471257bd23ae1c8c03,Declarative Local Search for Predicate Logic,International Conference on Logic Programming and Non-Monotonic Reasoning,2019.0,9.0,2.0,0.0,JournalArticle,Computer Science,False
DOI:10.1007/978-3-030-20528-7_3,doi,10.1007/978-3-030-20528-7_3,True,,33f320de750dfd8003dfe9332363266735ff8caf,An ASP-Based Framework for the Manipulation of Articulated Objects Using Dual-Arm Robots,International Conference on Logic Programming and Non-Monotonic Reasoning,2019.0,35.0,6.0,0.0,JournalArticle,Computer Science,True
DOI:10.1007/978-3-030-20528-7_4,doi,10.1007/978-3-030-20528-7_4,True,,1fce308b73ab1aa436507c54ffb94d7eee6dcbba,C-ASP: Continuous ASP-Based Reasoning over RDF Streams,International Conference on Logic Programming and Non-Monotonic Reasoning,2019.0,9.0,10.0,3.0,JournalArticle,Computer Science,False
DOI:10.1007/978-3-030-20528-7_5,doi,10.1007/978-3-030-20528-7_5,True,,a0d8e0a9f7e694821b346eab3065312447a97ef0,Internet Routing and Non-monotonic Reasoning,International Conference on Logic Programming and Non-Monotonic Reasoning,2019.0,8.0,1.0,0.0,JournalArticle,Computer Science,False
DOI:10.1007/978-3-030-20528-7_6,doi,10.1007/978-3-030-20528-7_6,True,,9b804dd5ee23f61f532772616be5fd5c14906e4e,Assessing Arguments with Schemes and Fallacies,International Conference on Logic Programming and Non-Monotonic Reasoning,2019.0,48.0,2.0,0.0,JournalArticle,Computer Science,True
DOI:10.1007/978-3-030-20528-7_8,doi,10.1007/978-3-030-20528-7_8,True,,b1c5daa4309391ebaed6cdcc70bac6fdf0534ed5,Argumentation-Based Explanations for Answer Sets Using ADF,International Conference on Logic Programming and Non-Monotonic Reasoning,2019.0,17.0,1.0,0.0,JournalArticle,Computer Science,False
DOI:10.1007/978-3-030-20528-7_9,doi,10.1007/978-3-030-20528-7_9,True,,f9bd0f5dac59fe5a087c3f762ca128e7054280f1,Treewidth and Counting Projected Answer Sets,International Conference on Logic Programming and Non-Monotonic Reasoning,2019.0,53.0,20.0,0.0,JournalArticle,Mathematics|Computer Science,True
DOI:10.1007/978-3-030-25540-4_10,doi,10.1007/978-3-030-25540-4_10,True,,81ce4c6ef5c27d95cb2f01feab32e117f6fbf4d7,Security-Aware Synthesis Using Delayed-Action Games,International Conference on Computer Aided Verification,2019.0,33.0,5.0,0.0,JournalArticle|Conference,Computer Science,True
DOI:10.1007/978-3-030-25540-4_11,doi,10.1007/978-3-030-25540-4_11,True,,61e1b20a205c2dfb68643c519adb5b634da66533,Automated Hypersafety Verification,International Conference on Computer Aided Verification,2019.0,28.0,42.0,6.0,JournalArticle|Conference,Computer Science,True
DOI:10.1007/978-3-030-25540-4_12,doi,10.1007/978-3-030-25540-4_12,True,,f994a89cbee3d3e943e2372fdbd434debc0815ae,Automated Synthesis of Secure Platform Mappings,International Conference on Computer Aided Verification,2017.0,42.0,8.0,0.0,JournalArticle|Conference,Computer Science,True
DOI:10.1007/978-3-030-25540-4_13,doi,10.1007/978-3-030-25540-4_13,True,,e52902e632c5685e101d9fc2712a8a2b176624ee,Synthesizing Approximate Implementations for Unrealizable Specifications,International Conference on Computer Aided Verification,2019.0,16.0,4.0,0.0,JournalArticle|Conference,Computer Science,True
DOI:10.1007/978-3-030-25540-4_14,doi,10.1007/978-3-030-25540-4_14,True,,b1cbadc7e50cad1560977c5f030287db77167aef,Quantified Invariants via Syntax-Guided Synthesis,International Conference on Computer Aided Verification,2019.0,37.0,50.0,5.0,JournalArticle|Conference,Computer Science,True
DOI:10.1007/978-3-030-25540-4_16,doi,10.1007/978-3-030-25540-4_16,True,,0f1d854960950faad987ee043743fb7350b74fa2,Membership-Based Synthesis of Linear Hybrid Automata,International Conference on Computer Aided Verification,2019.0,22.0,16.0,2.0,JournalArticle|Conference,Computer Science,True
DOI:10.1007/978-3-030-25540-4_19,doi,10.1007/978-3-030-25540-4_19,True,,e3a0886cc77e1560e764e124986ab5ec1e927097,BMC for Weak Memory Models: Relation Analysis for Compact SMT Encodings,International Conference on Computer Aided Verification,2019.0,27.0,53.0,5.0,JournalArticle|Conference,Computer Science,True
DOI:10.1007/978-3-030-25540-4_21,doi,10.1007/978-3-030-25540-4_21,True,,b77e69c3336f244f256a4b357e9b661e4203fae2,Extending nuXmv with Timed Transition Systems and Timed Temporal Properties,International Conference on Computer Aided Verification,2019.0,30.0,28.0,2.0,JournalArticle|Conference,Computer Science,True
DOI:10.1007/978-3-030-25540-4_22,doi,10.1007/978-3-030-25540-4_22,True,,8eab98f99aef30b0f299689ca4c0e66c80fbf19f,Cerberus-BMC: A Principled Reference Semantics and Exploration Tool for Concurrent and Sequential C,International Conference on Computer Aided Verification,2019.0,35.0,11.0,0.0,JournalArticle|Conference,Computer Science,True
DOI:10.1007/978-3-030-25540-4_23,doi,10.1007/978-3-030-25540-4_23,True,,047ee8fe5d29e0cc76d48286130fc1b927df4f1d,Multi-Armed Bandits for Boolean Connectives in Hybrid System Falsification (Extended Version),International Conference on Computer Aided Verification,2019.0,39.0,27.0,0.0,JournalArticle|Conference,Computer Science,True
DOI:10.1007/978-3-030-25540-4_24,doi,10.1007/978-3-030-25540-4_24,True,,41a1730ac71cbfafda7c2c2e7205ad499fe92ac3,StreamLAB: Stream-based Monitoring of Cyber-Physical Systems,International Conference on Computer Aided Verification,2019.0,24.0,66.0,4.0,JournalArticle|Conference,Computer Science,True
DOI:10.1007/978-3-030-25540-4_25,doi,10.1007/978-3-030-25540-4_25,True,,70529da5e31152548d7b9baa8eb6d1e1cc88b075,VerifAI: A Toolkit for the Formal Design and Analysis of Artificial Intelligence-Based Systems,International Conference on Computer Aided Verification,2019.0,24.0,223.0,8.0,JournalArticle|Conference,Computer Science,True
DOI:10.1007/978-3-030-25540-4_26,doi,10.1007/978-3-030-25540-4_26,True,,3c742ebff7df12e3fd0194023975e2211e4ba67a,The Marabou Framework for Verification and Analysis of Deep Neural Networks,International Conference on Computer Aided Verification,2019.0,31.0,596.0,56.0,JournalArticle|Conference,Computer Science,True
DOI:10.1007/978-3-030-25540-4_27,doi,10.1007/978-3-030-25540-4_27,True,,719e64cd6bffb05d169e8daeb04cfe5663f2e74f,Probabilistic Bisimulation for Parameterized Systems - (with Applications to Verifying Anonymous Protocols),International Conference on Computer Aided Verification,2019.0,53.0,6.0,0.0,JournalArticle|Conference,Computer Science,True
DOI:10.1007/978-3-030-25540-4_29,doi,10.1007/978-3-030-25540-4_29,True,,9d52891359ae8e7b327b4df0ab4c0b701f33aa9f,PAC Statistical Model Checking for Markov Decision Processes and Stochastic Games,International Conference on Computer Aided Verification,2019.0,62.0,55.0,8.0,JournalArticle|Conference,Computer Science,True
DOI:10.1007/978-3-030-25540-4_3,doi,10.1007/978-3-030-25540-4_3,True,,20d0cd020f3f2caf3b947f9ee1a313a46f9cee97,Fast algorithms for handling diagonal constraints in timed automata,International Conference on Computer Aided Verification,2019.0,36.0,13.0,0.0,JournalArticle|Conference,Computer Science,True
DOI:10.1007/978-3-030-25540-4_30,doi,10.1007/978-3-030-25540-4_30,True,,6eab0c28656bade3626f744ec7c188049325dfaf,Symbolic Monitoring against Specifications Parametric in Time and Data,International Conference on Computer Aided Verification,2019.0,53.0,12.0,1.0,JournalArticle|Conference,Computer Science|Mathematics,True
DOI:10.1007/978-3-030-25540-4_31,doi,10.1007/978-3-030-25540-4_31,True,,72e0ff6118a9d7515884b95544665a458ec18d2f,STAMINA: STochastic Approximate Model-checker for INfinite-state Analysis,International Conference on Computer Aided Verification,2019.0,23.0,6.0,0.0,JournalArticle|Conference,Computer Science,True
DOI:10.1007/978-3-030-25540-4_33,doi,10.1007/978-3-030-25540-4_33,True,,d4095797cc10414130ec96ff6ae2747e9ad1647a,Robust Controller Synthesis in Timed Büchi Automata: A Symbolic Approach,International Conference on Computer Aided Verification,2019.0,34.0,7.0,0.0,JournalArticle|Conference,Computer Science,True
DOI:10.1007/978-3-030-25540-4_34,doi,10.1007/978-3-030-25540-4_34,True,,5bcf757793c57a46e31d4173de09c68b82bc6b21,Flexible Computational Pipelines for Robust Abstraction-Based Control Synthesis,International Conference on Computer Aided Verification,2019.0,22.0,1.0,0.0,JournalArticle|Conference,Computer Science,True
DOI:10.1007/978-3-030-25540-4_35,doi,10.1007/978-3-030-25540-4_35,True,,408d1b2f5d4518f5fc5d0a5fbba0b17eab47bd30,Temporal Stream Logic: Synthesis beyond the Bools,International Conference on Computer Aided Verification,2017.0,74.0,48.0,4.0,JournalArticle|Conference,Computer Science,True
DOI:10.1007/978-3-030-25540-4_36,doi,10.1007/978-3-030-25540-4_36,True,,e0882157bb6a6a026ffc5e3643abe2f523f2e6b8,Run-Time Optimization for Learned Controllers Through Quantitative Games,International Conference on Computer Aided Verification,2019.0,50.0,45.0,2.0,JournalArticle|Conference,Computer Science,True
DOI:10.1007/978-3-030-25540-4_37,doi,10.1007/978-3-030-25540-4_37,True,,58abcade94a2be7d4f86b11b95c5e4f192e4326d,Taming Delays in Dynamical Systems - Unbounded Verification of Delay Differential Equations,International Conference on Computer Aided Verification,2019.0,48.0,13.0,0.0,JournalArticle|Conference,Computer Science,True
DOI:10.1007/978-3-030-25540-4_4,doi,10.1007/978-3-030-25540-4_4,True,,ba9801eb1af2b62ed55aa279a2e7b769b102b6b4,Safety and Co-safety Comparator Automata for Discounted-Sum Inclusion,International Conference on Computer Aided Verification,2019.0,42.0,8.0,0.0,JournalArticle|Conference,Computer Science,True
DOI:10.1007/978-3-030-25540-4_5,doi,10.1007/978-3-030-25540-4_5,True,,407ac14f1f2a7157535686c25b7eb9c9189e2320,Clock Bound Repair for Timed Systems,International Conference on Computer Aided Verification,2019.0,30.0,13.0,2.0,JournalArticle|Conference,Computer Science,True
DOI:10.1007/978-3-030-25540-4_6,doi,10.1007/978-3-030-25540-4_6,True,,2006e89f153b0e497cf62ca7b901da39be25b7be,Verifying Asynchronous Interactions via Communicating Session Automata,International Conference on Computer Aided Verification,2019.0,90.0,47.0,3.0,JournalArticle|Conference,Computer Science,True
DOI:10.1007/978-3-030-25540-4_7,doi,10.1007/978-3-030-25540-4_7,True,,7685a090436df8c87f813ca2b7a584d344297973,Verifying Hyperliveness,International Conference on Computer Aided Verification,2020.0,32.0,76.0,7.0,JournalArticle|Conference,Computer Science,True
DOI:10.1007/978-3-030-25540-4_8,doi,10.1007/978-3-030-25540-4_8,True,,4f7038a63e7ab7a3cfd7de7d3b11a28631af9bb5,Quantitative Mitigation of Timing Side Channels,International Conference on Computer Aided Verification,2019.0,55.0,16.0,0.0,JournalArticle|Conference,Computer Science,False
DOI:10.1007/978-3-030-25543-5_10,doi,10.1007/978-3-030-25543-5_10,True,,7bc8abc6150b575b5e8698d018905df800726456,Icing: Supporting Fast-Math Style Optimizations in a Verified Compiler,International Conference on Computer Aided Verification,2019.0,43.0,5.0,0.0,JournalArticle|Conference,Computer Science,False
DOI:10.1007/978-3-030-25543-5_11,doi,10.1007/978-3-030-25543-5_11,True,,7f98578c03e6ad89c1f9a3962b0a43321d1b19aa,Sound Approximation of Programs with Elementary Functions,International Conference on Computer Aided Verification,2018.0,46.0,14.0,0.0,JournalArticle|Conference,Computer Science,False
DOI:10.1007/978-3-030-25543-5_13,doi,10.1007/978-3-030-25543-5_13,True,,1c771b56c7e11adf01f50bd653878bf31f7fbe63,SecCSL: Security Concurrent Separation Logic,International Conference on Computer Aided Verification,2019.0,51.0,27.0,5.0,JournalArticle|Conference,Computer Science,True
DOI:10.1007/978-3-030-25543-5_15,doi,10.1007/978-3-030-25543-5_15,True,,7c7bf02d4261f4d8c8102e4691f7d389d3fb4f6b,Verification of Threshold-Based Distributed Algorithms by Decomposition to Decidable Logics,International Conference on Computer Aided Verification,2019.0,48.0,44.0,0.0,JournalArticle|Conference,Computer Science,False
DOI:10.1007/978-3-030-25543-5_17,doi,10.1007/978-3-030-25543-5_17,True,,dcaaa4a12f8d276b4d09c769bcdb0027ee25a5af,Checking Robustness Against Snapshot Isolation,International Conference on Computer Aided Verification,2019.0,26.0,21.0,1.0,JournalArticle|Conference,Computer Science,False
DOI:10.1007/978-3-030-25543-5_18,doi,10.1007/978-3-030-25543-5_18,True,,e99fa7caaaa6e1b345886ff83dac5dc2dd3e12d5,Efficient Verification of Network Fault Tolerance via Counterexample-Guided Refinement,International Conference on Computer Aided Verification,2019.0,26.0,20.0,0.0,JournalArticle|Conference,Computer Science,True
DOI:10.1007/978-3-030-25543-5_19,doi,10.1007/978-3-030-25543-5_19,True,,13c63ae838634a767abb0cf260164cce9e46ab76,On the Complexity of Checking Consistency for Replicated Data Types,International Conference on Computer Aided Verification,2019.0,39.0,7.0,1.0,JournalArticle|Conference,Computer Science,True
DOI:10.1007/978-3-030-25543-5_2,doi,10.1007/978-3-030-25543-5_2,True,,1a7f0a5f2f3c7bc40edc028c25d098f6357c60fd,High-Level Abstractions for Simplifying Extended String Constraints in SMT,International Conference on Computer Aided Verification,2019.0,23.0,22.0,3.0,JournalArticle|Conference,Computer Science,True
DOI:10.1007/978-3-030-25543-5_22,doi,10.1007/978-3-030-25543-5_22,True,,2ac826becb978915a2004ff2a866ad044d534639,Verifying Asynchronous Event-Driven Programs Using Partial Abstract Transformers (Extended Manuscript),International Conference on Computer Aided Verification,2019.0,32.0,5.0,1.0,JournalArticle|Conference,Computer Science,True
DOI:10.1007/978-3-030-25543-5_23,doi,10.1007/978-3-030-25543-5_23,True,,f51c2bba7505a8369617bb243843ab607613b7f8,Inferring Inductive Invariants from Phase Structures,International Conference on Computer Aided Verification,2019.0,70.0,35.0,2.0,JournalArticle|Conference,Computer Science,True
DOI:10.1007/978-3-030-25543-5_24,doi,10.1007/978-3-030-25543-5_24,True,,d3b864ce72de82ec2ae22dcbe29e759befb1675c,Termination of Triangular Integer Loops is Decidable,International Conference on Computer Aided Verification,2019.0,17.0,17.0,0.0,JournalArticle|Conference,Mathematics|Computer Science,True
DOI:10.1007/978-3-030-25543-5_25,doi,10.1007/978-3-030-25543-5_25,True,,e0996473d2a81c1390060d3e53cc1c353a91ffc9,AliveInLean: A Verified LLVM Peephole Optimization Verifier,International Conference on Computer Aided Verification,2019.0,28.0,8.0,0.0,JournalArticle|Conference,Computer Science,True
DOI:10.1007/978-3-030-25543-5_26,doi,10.1007/978-3-030-25543-5_26,True,,05f564acbc6ebb69398874e924dd9d13bfbb9f2e,Automated Parameterized Verification of CRDTs,International Conference on Computer Aided Verification,2019.0,28.0,21.0,3.0,JournalArticle|Conference,Computer Science,False
DOI:10.1007/978-3-030-25543-5_28,doi,10.1007/978-3-030-25543-5_28,True,,99f31297cedf4cbbf50c2dd2312c38bc005fd1b0,Integrating Formal Schedulability Analysis into a Verified OS Kernel,International Conference on Computer Aided Verification,2019.0,37.0,18.0,0.0,JournalArticle|Conference,Computer Science,True
DOI:10.1007/978-3-030-25543-5_29,doi,10.1007/978-3-030-25543-5_29,True,,2bde2743e0ee396d5475006cda0415ab3f67905e,Rely-Guarantee Reasoning About Concurrent Memory Management in Zephyr RTOS,International Conference on Computer Aided Verification,2019.0,24.0,11.0,0.0,JournalArticle|Conference,Computer Science,True
DOI:10.1007/978-3-030-25543-5_3,doi,10.1007/978-3-030-25543-5_3,True,,e88835f030835d147c16fe73425490bbbdaaa3d2,Alternating Automata Modulo First Order Theories,International Conference on Computer Aided Verification,2019.0,24.0,3.0,1.0,JournalArticle|Conference,Computer Science,True
DOI:10.1007/978-3-030-25543-5_30,doi,10.1007/978-3-030-25543-5_30,True,,aeb04a842013aab07b1e3a3a482777d5d98729ad,Violat: Generating Tests of Observational Refinement for Concurrent Objects,International Conference on Computer Aided Verification,2019.0,48.0,6.0,0.0,JournalArticle|Conference,Computer Science,True
DOI:10.1007/978-3-030-25543-5_4,doi,10.1007/978-3-030-25543-5_4,True,,e4b0b74c43171562c45289d3e4b66c071b9f13f4,Q3B: An Efficient BDD-based SMT Solver for Quantified Bit-Vectors,International Conference on Computer Aided Verification,2019.0,23.0,5.0,0.0,JournalArticle|Conference,Computer Science,True
DOI:10.1007/978-3-030-25543-5_5,doi,10.1007/978-3-030-25543-5_5,True,,2468805760a0f6ad3b93297f1cf80a70840c154f,cvc4sy: Smart and Fast Term Enumeration for Syntax-Guided Synthesis,International Conference on Computer Aided Verification,2019.0,15.0,77.0,11.0,JournalArticle|Conference,Computer Science,True
DOI:10.1007/978-3-030-25543-5_6,doi,10.1007/978-3-030-25543-5_6,True,,0f7581737247e47c6eb287aae803d37b2747db09,Incremental Determinization for Quantifier Elimination and Functional Synthesis,International Conference on Computer Aided Verification,2019.0,37.0,16.0,4.0,JournalArticle|Conference,Computer Science,True
DOI:10.1007/978-3-030-25543-5_7,doi,10.1007/978-3-030-25543-5_7,True,,839326e54e9031a9f6bc78d1555341949703a3ce,Loop Summarization with Rational Vector Addition Systems (extended version),International Conference on Computer Aided Verification,2019.0,25.0,22.0,1.0,JournalArticle|Conference,Computer Science,True
DOI:10.1007/978-3-030-25543-5_8,doi,10.1007/978-3-030-25543-5_8,True,,2f6815bead6d8953b55e1dc5a82ae0daebe65792,Invertibility Conditions for Floating-Point Formulas,International Conference on Computer Aided Verification,2019.0,32.0,6.0,0.0,JournalArticle|Conference,Computer Science,True
DOI:10.1007/978-3-030-25543-5_9,doi,10.1007/978-3-030-25543-5_9,True,,4dffbf611cd6fc2f595f670c8192808ae4462656,Numerically-Robust Inductive Proof Rules for Continuous Dynamical Systems,International Conference on Computer Aided Verification,2019.0,35.0,21.0,2.0,JournalArticle|Conference,Computer Science,False
DOI:10.1007/978-3-030-28423-7_1,doi,10.1007/978-3-030-28423-7_1,True,,166912d3bf68748bfd7da5df6ffd0b76662d0173,"Trust, Resilience and Interpretability of AI Models",NSV@CAV,2019.0,55.0,6.0,0.0,JournalArticle|Review,Computer Science,False
DOI:10.1007/978-3-030-28423-7_3,doi,10.1007/978-3-030-28423-7_3,True,,b64832fc99faa614483aa8ae2f53dd70599a9b8e,An Evaluation of Monte-Carlo Tree Search for Property Falsification on Hybrid Flight Control Laws,NSV@CAV,2019.0,16.0,8.0,1.0,JournalArticle,Computer Science,False
DOI:10.1007/978-3-030-28423-7_4,doi,10.1007/978-3-030-28423-7_4,True,,efb1dd99f13e6d1b22d160a172b9bc51f102f990,Rigorous Continuous Evolution of Uncertain Systems,NSV@CAV,2019.0,23.0,5.0,0.0,JournalArticle,Computer Science,False
DOI:10.1007/978-3-030-28423-7_5,doi,10.1007/978-3-030-28423-7_5,True,,f8088b8eaa1ee68bb38d2237717685b5222b6271,Stochastic Local Search for Solving Floating-Point Constraints,NSV@CAV,2019.0,13.0,2.0,0.0,JournalArticle,Computer Science,False
DOI:10.1007/978-3-030-28423-7_6,doi,10.1007/978-3-030-28423-7_6,True,,a75df51a98345a0ddbd90c16ee2c0b8c3e333b5d,Evaluating Branching Heuristics in Interval Constraint Propagation for Satisfiability,NSV@CAV,2019.0,18.0,1.0,0.0,JournalArticle,Computer Science,False
DOI:10.1007/978-3-030-28423-7_7,doi,10.1007/978-3-030-28423-7_7,True,,17a3c960bceca7c1e3addefd9aa2caec97fca2ac,Approximate Probabilistic Relations for Compositional Abstractions of Stochastic Systems,NSV@CAV,2019.0,25.0,0.0,0.0,JournalArticle,Computer Science,False
DOI:10.1007/978-3-030-28423-7_8,doi,10.1007/978-3-030-28423-7_8,True,,f4d8a843ed7502ca3e59c41549234f8b1c2b699f,Polytopic Trees for Verification of Learning-Based Controllers,NSV@CAV,2019.0,42.0,1.0,0.0,JournalArticle,Computer Science,False
DOI:10.1007/978-3-030-28423-7_9,doi,10.1007/978-3-030-28423-7_9,True,,3cd5d5a544a3b861655b80511d721ac8e4eb410d,Mutant Accuracy Testing for Assessing the Implementation of Numerical Algorithms,NSV@CAV,2019.0,14.0,0.0,0.0,JournalArticle,Computer Science,False
DOI:10.1007/978-3-030-34621-8_8,doi,10.1007/978-3-030-34621-8_8,True,,5470699c68d9bbb99e7e122a3ce1cd3e90c3e225,Sponges Resist Leakage: The Case of Authenticated Encryption,IACR Cryptology ePrint Archive,2019.0,26.0,30.0,2.0,JournalArticle,Computer Science,False
DOI:10.1007/978-3-030-37446-4_1,doi,10.1007/978-3-030-37446-4_1,True,,2db940e5930f27dd2de5f742a4f881d3121e5bb3,A Practical Exercise on Re-engineering Clinical Guideline Models Using Different Representation Languages,KR4HC/ProHealth/TEAAM@AIME,2019.0,12.0,3.0,0.0,JournalArticle,Computer Science,False
DOI:10.1007/978-3-030-37446-4_11,doi,10.1007/978-3-030-37446-4_11,True,,61fbeb19a1fb567199570e9ea4ad4c8629b3d2ea,A Computational Framework for Interpretable Anomaly Detection and Classification of Multivariate Time Series with Application to Human Gait Data Analysis,KR4HC/ProHealth/TEAAM@AIME,2019.0,33.0,15.0,1.0,JournalArticle,Computer Science,False
DOI:10.1007/978-3-030-37446-4_12,doi,10.1007/978-3-030-37446-4_12,True,,6025ae05a14c944d92cfd8eacbeb5b9906b8bd50,Self-organizing Maps Using Acoustic Features for Prediction of State Change in Bipolar Disorder,KR4HC/ProHealth/TEAAM@AIME,2019.0,20.0,10.0,0.0,JournalArticle,Computer Science|Psychology,False
DOI:10.1007/978-3-030-37446-4_13,doi,10.1007/978-3-030-37446-4_13,True,,1ddeba06aef65e1f4982b3e80e2893a35478a641,Explainable Machine Learning for Modeling of Early Postoperative Mortality in Lung Cancer,KR4HC/ProHealth/TEAAM@AIME,2019.0,14.0,5.0,0.0,JournalArticle,Computer Science,False
DOI:10.1007/978-3-030-37446-4_2,doi,10.1007/978-3-030-37446-4_2,True,,5470856edd388a325b1467837c62f3f013fc4262,A Method for Goal-Oriented Guideline Modeling in PROforma and Its Preliminary Evaluation,KR4HC/ProHealth/TEAAM@AIME,2019.0,9.0,1.0,0.0,JournalArticle,Computer Science,False
DOI:10.1007/978-3-030-37446-4_3,doi,10.1007/978-3-030-37446-4_3,True,,657a53988f514a15092da0c5b8c5b5ff89e79a84,Differential Diagnosis of Bacterial and Viral Meningitis Using Dominance-Based Rough Set Approach,KR4HC/ProHealth/TEAAM@AIME,2019.0,22.0,0.0,0.0,JournalArticle,Computer Science,False
DOI:10.1007/978-3-030-37446-4_4,doi,10.1007/978-3-030-37446-4_4,True,,b8d796b5275e0c0b93c86224a4ecea54eacd0b52,Modelling ICU Patients to Improve Care Requirements and Outcome Prediction of Acute Respiratory Distress Syndrome: A Supervised Learning Approach,KR4HC/ProHealth/TEAAM@AIME,2019.0,19.0,1.0,0.0,JournalArticle,Computer Science|Medicine,False
DOI:10.1007/978-3-030-37446-4_6,doi,10.1007/978-3-030-37446-4_6,True,,411e97510aed275f5fc3c346e03867b8487da7f2,Towards Understanding ICU Treatments Using Patient Health Trajectories,KR4HC/ProHealth/TEAAM@AIME,2019.0,31.0,0.0,0.0,JournalArticle,Computer Science,False
DOI:10.1007/978-3-030-37446-4_7,doi,10.1007/978-3-030-37446-4_7,True,,7f622c2a7d9ce815ebfa34d3bcc0a1beda54dfda,An Explainable Approach of Inferring Potential Medication Effects from Social Media Data,KR4HC/ProHealth/TEAAM@AIME,2019.0,16.0,2.0,0.0,JournalArticle,Computer Science,False
DOI:10.1007/978-3-030-37446-4_8,doi,10.1007/978-3-030-37446-4_8,True,,c3961d22f15b22d373b585301c06c20ec71bf4d7,Exploring Antimicrobial Resistance Prediction Using Post-hoc Interpretable Methods,KR4HC/ProHealth/TEAAM@AIME,2019.0,24.0,3.0,0.0,JournalArticle,Computer Science,False
DOI:10.1007/978-3-030-37446-4_9,doi,10.1007/978-3-030-37446-4_9,True,,4eeb688d5cb3a288dfd9a6e15daa8c7eda92c253,Local vs. Global Interpretability of Machine Learning Models in Type 2 Diabetes Mellitus Screening,KR4HC/ProHealth/TEAAM@AIME,2019.0,30.0,37.0,0.0,JournalArticle,Computer Science,False
DOI:10.1007/978-3-030-53288-8_1,doi,10.1007/978-3-030-53288-8_1,True,,f1946e781c17ea711e2681174f4959a7c9616950,NNV: The Neural Network Verification Tool for Deep Neural Networks and Learning-Enabled Cyber-Physical Systems,International Conference on Computer Aided Verification,2020.0,60.0,275.0,28.0,JournalArticle|Conference,Computer Science|Engineering,True
DOI:10.1007/978-3-030-53288-8_10,doi,10.1007/978-3-030-53288-8_10,True,,844e10e3f2d4dcfccaee00bb429f9dc0dd74be66,Synthesis of Super-Optimized Smart Contracts Using Max-SMT,International Conference on Computer Aided Verification,2020.0,26.0,37.0,5.0,JournalArticle|Conference,Computer Science,True
DOI:10.1007/978-3-030-53288-8_11,doi,10.1007/978-3-030-53288-8_11,True,,b68324227f78158489285b7ad4c79fb78f3147ba,Verification of Quantitative Hyperproperties Using Trace Enumeration Relations,International Conference on Computer Aided Verification,2020.0,65.0,10.0,2.0,JournalArticle|Conference,Computer Science,True
DOI:10.1007/978-3-030-53288-8_12,doi,10.1007/978-3-030-53288-8_12,True,,352aefb1defc92fb6e55159839baffb12b1b1162,Validation of Abstract Side-Channel Models for Computer Architectures,International Conference on Computer Aided Verification,2020.0,51.0,29.0,2.0,JournalArticle|Conference,Computer Science,True
DOI:10.1007/978-3-030-53288-8_13,doi,10.1007/978-3-030-53288-8_13,True,,816143ec4d589f42e12e8fbf99d347c47500f0df,"Semantics, Specification, and Bounded Verification of Concurrent Libraries in Replicated Systems",International Conference on Computer Aided Verification,2020.0,49.0,5.0,0.0,JournalArticle|Conference,Computer Science,True
DOI:10.1007/978-3-030-53288-8_15,doi,10.1007/978-3-030-53288-8_15,True,,ffc80ce9ff098eb820963d48d46ff2202949c4c6,Parameterized Verification of Systems with Global Synchronization and Guards,International Conference on Computer Aided Verification,2020.0,60.0,24.0,1.0,JournalArticle|Conference,Computer Science|Mathematics,False
DOI:10.1007/978-3-030-53288-8_16,doi,10.1007/978-3-030-53288-8_16,True,,1e5fc1eca83fda9313003fd5f5961330e55e5f06,Hampa: Solver-Aided Recency-Aware Replication,International Conference on Computer Aided Verification,2020.0,73.0,13.0,1.0,JournalArticle|Conference,Computer Science,True
DOI:10.1007/978-3-030-53288-8_17,doi,10.1007/978-3-030-53288-8_17,True,,82d903b531799895261cb9a7b2e47df4caa07d32,Root Causing Linearizability Violations,International Conference on Computer Aided Verification,2020.0,57.0,5.0,0.0,JournalArticle|Conference,Computer Science,True
DOI:10.1007/978-3-030-53288-8_18,doi,10.1007/978-3-030-53288-8_18,True,,c0da0b8ae1194d7af8decc3abdd4ff02180280fe,Symbolic Partial-Order Execution for Testing Multi-Threaded Programs,International Conference on Computer Aided Verification,2020.0,53.0,17.0,2.0,JournalArticle|Conference,Computer Science,True
DOI:10.1007/978-3-030-53288-8_19,doi,10.1007/978-3-030-53288-8_19,True,,d1e4500d3eaa6329b290b448cc90e42043d33557,fault: A Python Embedded Domain-Specific Language for Metaprogramming Portable Hardware Verification Components,International Conference on Computer Aided Verification,2020.0,24.0,19.0,0.0,JournalArticle|Conference,Computer Science,True
DOI:10.1007/978-3-030-53288-8_2,doi,10.1007/978-3-030-53288-8_2,True,,b76167da2efd9d86dbd8f638f7ece63c8ea70535,Verification of Deep Convolutional Neural Networks Using ImageStars,International Conference on Computer Aided Verification,2020.0,51.0,144.0,8.0,JournalArticle|Conference,Computer Science,True
DOI:10.1007/978-3-030-53288-8_20,doi,10.1007/978-3-030-53288-8_20,True,,dd6e06f448c8f923af8e289d555fbb2b22c8cea5,Nonlinear Craig Interpolant Generation,International Conference on Computer Aided Verification,2020.0,43.0,18.0,3.0,JournalArticle|Conference,Computer Science,True
DOI:10.1007/978-3-030-53288-8_22,doi,10.1007/978-3-030-53288-8_22,True,,585ad2d3625c60272736f9205d3bd46926cc9be4,"Tinted, Detached, and Lazy CNF-XOR Solving and Its Applications to Counting and Sampling",International Conference on Computer Aided Verification,2020.0,24.0,100.0,10.0,JournalArticle|Conference,Computer Science,True
DOI:10.1007/978-3-030-53288-8_23,doi,10.1007/978-3-030-53288-8_23,True,,91bd9a55eb3fc721b9eee185a383f2b82ccac39e,Automated and Scalable Verification of Integer Multipliers,International Conference on Computer Aided Verification,2020.0,41.0,24.0,2.0,JournalArticle|Conference,Computer Science,True
DOI:10.1007/978-3-030-53288-8_24,doi,10.1007/978-3-030-53288-8_24,True,,49df6956adb0021c9760a92a70a1234946a4107e,Interpolation-Based Semantic Gate Extraction and Its Applications to QBF Preprocessing,International Conference on Computer Aided Verification,2020.0,54.0,17.0,1.0,JournalArticle|Conference,Computer Science,True
DOI:10.1007/978-3-030-53288-8_25,doi,10.1007/978-3-030-53288-8_25,True,,9b90b7d9ad6936f9374acabdaa73156b1b0b8332,TarTar: A Timed Automata Repair Tool,International Conference on Computer Aided Verification,2020.0,20.0,9.0,0.0,JournalArticle|Conference,Computer Science,False
DOI:10.1007/978-3-030-53288-8_26,doi,10.1007/978-3-030-53288-8_26,True,,7d3b54d8ac04497a87e35415179e76eeb8246dd6,SAW: A Tool for Safety Analysis of Weakly-Hard Systems,International Conference on Computer Aided Verification,2020.0,32.0,16.0,0.0,JournalArticle|Conference,Computer Science|Engineering,True
DOI:10.1007/978-3-030-53288-8_27,doi,10.1007/978-3-030-53288-8_27,True,,0ad12924dc75762be4b3434fc400d02576faed58,PIRK: Scalable Interval Reachability Analysis for High-Dimensional Nonlinear Systems,International Conference on Computer Aided Verification,2020.0,39.0,10.0,0.0,JournalArticle|Conference,Computer Science|Engineering,True
DOI:10.1007/978-3-030-53288-8_28,doi,10.1007/978-3-030-53288-8_28,True,,74927d24a52b0768c614bbef37e1f73f875494d4,AEON: Attractor Bifurcation Analysis of Parametrised Boolean Networks,International Conference on Computer Aided Verification,2020.0,41.0,26.0,3.0,JournalArticle|Conference,Computer Science,True
DOI:10.1007/978-3-030-53288-8_29,doi,10.1007/978-3-030-53288-8_29,True,,e0c21a2dce03289cf1a2530ed8edd7e3e2b8df54,A Novel Approach for Solving the BMI Problem in Barrier Certificates Generation,International Conference on Computer Aided Verification,2020.0,42.0,7.0,2.0,JournalArticle|Conference,Computer Science,True
DOI:10.1007/978-3-030-53288-8_30,doi,10.1007/978-3-030-53288-8_30,True,,e2be65b28fe2df360ca36dcac939b32d53d5d2a2,Reachability Analysis Using Message Passing over Tree Decompositions,International Conference on Computer Aided Verification,2020.0,49.0,5.0,0.0,JournalArticle|Conference,Computer Science,True
DOI:10.1007/978-3-030-53288-8_32,doi,10.1007/978-3-030-53288-8_32,True,,93e4800dfa15afc0d11e5a0abad6c9be8ae8af69,SeQuaiA: A Scalable Tool for Semi-Quantitative Analysis of Chemical Reaction Networks,International Conference on Computer Aided Verification,2020.0,52.0,3.0,0.0,JournalArticle|Conference,Computer Science,True
DOI:10.1007/978-3-030-53288-8_4,doi,10.1007/978-3-030-53288-8_4,True,,c8e142066a7431d278ea4be72f46c62454466bf1,Improved Geometric Path Enumeration for Verifying ReLU Neural Networks,International Conference on Computer Aided Verification,2020.0,33.0,114.0,15.0,JournalArticle|Conference,Computer Science,True
DOI:10.1007/978-3-030-53288-8_5,doi,10.1007/978-3-030-53288-8_5,True,,924e4f59d9d1002869105dca33daec38fd2e0076,Systematic Generation of Diverse Benchmarks for DNN Verification,International Conference on Computer Aided Verification,2020.0,64.0,8.0,0.0,JournalArticle|Conference,Computer Science,True
DOI:10.1007/978-3-030-53288-8_6,doi,10.1007/978-3-030-53288-8_6,True,,18caa091827c63eb0ccac7e52c045affc2669bd0,Formal Analysis and Redesign of a Neural Network-Based Aircraft Taxiing System with VerifAI,International Conference on Computer Aided Verification,2020.0,21.0,59.0,1.0,JournalArticle|Conference,Computer Science|Engineering|Mathematics,True
DOI:10.1007/978-3-030-53291-8_1,doi,10.1007/978-3-030-53291-8_1,True,,a39131d2284873f4338a0ec83e99eaff8deacdbc,Automata Tutor v3,International Conference on Computer Aided Verification,2020.0,48.0,23.0,2.0,JournalArticle|Conference|Review,Computer Science,True
DOI:10.1007/978-3-030-53291-8_10,doi,10.1007/978-3-030-53291-8_10,True,,f7598c9401140e07ab531e4b42c9e54dc96d24e6,MetaVal: Witness Validation via Verification,International Conference on Computer Aided Verification,2020.0,41.0,19.0,3.0,JournalArticle|Conference,Computer Science,True
DOI:10.1007/978-3-030-53291-8_12,doi,10.1007/978-3-030-53291-8_12,True,,44befc47d39531e2d85fce5293f8de778ae79ac0,Ivy: A Multi-modal Verification Tool for Distributed Algorithms,International Conference on Computer Aided Verification,2020.0,33.0,62.0,1.0,JournalArticle|Conference,Computer Science,True
DOI:10.1007/978-3-030-53291-8_13,doi,10.1007/978-3-030-53291-8_13,True,,0ee65e7a9f9292518db34080c06e00a5c90930bf,Reasoning over Permissions Regions in Concurrent Separation Logic,International Conference on Computer Aided Verification,2020.0,33.0,8.0,4.0,JournalArticle|Conference,Computer Science,True
DOI:10.1007/978-3-030-53291-8_14,doi,10.1007/978-3-030-53291-8_14,True,,11cc8b8712a6ffb3bde561b543fef77c67ffff4b,Local Reasoning About the Presence of Bugs: Incorrectness Separation Logic,International Conference on Computer Aided Verification,2020.0,49.0,74.0,14.0,JournalArticle|Conference,Computer Science,True
DOI:10.1007/978-3-030-53291-8_15,doi,10.1007/978-3-030-53291-8_15,True,,fd71863fc5db9ce94b4967a2cd856e3a55a08606,Maximum Causal Entropy Specification Inference from Demonstrations,International Conference on Computer Aided Verification,2019.0,36.0,15.0,0.0,JournalArticle|Conference,Computer Science|Mathematics,True
DOI:10.1007/978-3-030-53291-8_16,doi,10.1007/978-3-030-53291-8_16,True,,3c0d66fc2bf56f43d92d6914a195d8da8ec183f7,Certifying Certainty and Uncertainty in Approximate Membership Query Structures,International Conference on Computer Aided Verification,2020.0,56.0,13.0,0.0,JournalArticle|Conference,Computer Science,True
DOI:10.1007/978-3-030-53291-8_18,doi,10.1007/978-3-030-53291-8_18,True,,ec1e0b7b6cbd65897dbc8692520745c80b54a86f,Unbounded-Time Safety Verification of Stochastic Differential Dynamics,International Conference on Computer Aided Verification,2020.0,46.0,14.0,0.0,JournalArticle|Conference,Mathematics|Computer Science,False
DOI:10.1007/978-3-030-53291-8_19,doi,10.1007/978-3-030-53291-8_19,True,,0c0e2a474bf3b448966421ce69f68de8750247a2,Widest Paths and Global Propagation in Bounded Value Iteration for Stochastic Games,International Conference on Computer Aided Verification,2020.0,28.0,9.0,1.0,JournalArticle|Conference,Computer Science,True
DOI:10.1007/978-3-030-53291-8_2,doi,10.1007/978-3-030-53291-8_2,True,,a1f71b0f7a886f6a06abc893c1fef48b0df1e2ff,Seminator 2 Can Complement Generalized Büchi Automata via Improved Semi-determinization,International Conference on Computer Aided Verification,2020.0,38.0,13.0,3.0,JournalArticle|Conference,Computer Science,True
DOI:10.1007/978-3-030-53291-8_20,doi,10.1007/978-3-030-53291-8_20,True,,a91f290a62dbc874a55e5686683d6c5b733159f2,Checking Qualitative Liveness Properties of Replicated Systems with Stochastic Scheduling,International Conference on Computer Aided Verification,2020.0,71.0,6.0,0.0,JournalArticle|Conference,Computer Science,True
DOI:10.1007/978-3-030-53291-8_21,doi,10.1007/978-3-030-53291-8_21,True,,9dfb4c7c6259aaf025081b7567dfc56736dde009,Stochastic Games with Lexicographic Reachability-Safety Objectives,International Conference on Computer Aided Verification,2020.0,53.0,16.0,0.0,JournalArticle|Conference,Computer Science,True
DOI:10.1007/978-3-030-53291-8_23,doi,10.1007/978-3-030-53291-8_23,True,,f3541b713703bd57261a865d24e88234e8ce39f6,STMC: Statistical Model Checker with Stratified and Antithetic Sampling,International Conference on Computer Aided Verification,2020.0,33.0,0.0,0.0,JournalArticle|Conference,Computer Science,True
DOI:10.1007/978-3-030-53291-8_25,doi,10.1007/978-3-030-53291-8_25,True,,eb0cac61b375bbebdeab047edf2fed621a4c3bf7,"PRISM-games 3.0: Stochastic Game Verification with Concurrency, Equilibria and Time",International Conference on Computer Aided Verification,2020.0,35.0,74.0,15.0,JournalArticle|Conference,Computer Science,True
DOI:10.1007/978-3-030-53291-8_27,doi,10.1007/978-3-030-53291-8_27,True,,8ac547f67b8b071bbfc79287c836c3efef99cefc,PrIC3: Property Directed Reachability for MDPs,International Conference on Computer Aided Verification,2020.0,57.0,15.0,1.0,JournalArticle|Conference,Computer Science,True
DOI:10.1007/978-3-030-53291-8_29,doi,10.1007/978-3-030-53291-8_29,True,,604aef6daa23996ad03047f2083ab785c262cb75,Synthesizing JIT Compilers for In-Kernel DSLs,International Conference on Computer Aided Verification,2020.0,51.0,28.0,0.0,JournalArticle|Conference,Computer Science,True
DOI:10.1007/978-3-030-53291-8_3,doi,10.1007/978-3-030-53291-8_3,True,,1eb55c29e33e190a87c1b7cee7246e06875c0ab8,RTLola Cleared for Take-Off: Monitoring Autonomous Aircraft,International Conference on Computer Aided Verification,2020.0,24.0,33.0,0.0,JournalArticle|Conference,Computer Science|Engineering,False
DOI:10.1007/978-3-030-53291-8_30,doi,10.1007/978-3-030-53291-8_30,True,,2301754b1a28e680f7453ffa2b34b504310236ba,Program Synthesis Using Deduction-Guided Reinforcement Learning,International Conference on Computer Aided Verification,2020.0,59.0,45.0,4.0,JournalArticle|Conference,Computer Science,True
DOI:10.1007/978-3-030-53291-8_31,doi,10.1007/978-3-030-53291-8_31,True,,ea0e40da386d0bce3eda45859c260bc95d1a8340,Manthan: A Data-Driven Approach for Boolean Function Synthesis,International Conference on Computer Aided Verification,2020.0,50.0,40.0,4.0,JournalArticle|Conference,Computer Science,True
DOI:10.1007/978-3-030-53291-8_32,doi,10.1007/978-3-030-53291-8_32,True,,54d76a5166477be52c724b68e621deff7d0ca236,Decidable Synthesis of Programs with Uninterpreted Functions,International Conference on Computer Aided Verification,2019.0,65.0,14.0,0.0,JournalArticle|Conference,Computer Science,True
DOI:10.1007/978-3-030-53291-8_33,doi,10.1007/978-3-030-53291-8_33,True,,d3ce1cb78d31d983746be399632e1b77fa0b3392,Must Fault Localization for Program Repair,International Conference on Computer Aided Verification,2020.0,65.0,16.0,2.0,JournalArticle|Conference,Computer Science,True
DOI:10.1007/978-3-030-53291-8_5,doi,10.1007/978-3-030-53291-8_5,True,,eb05d1925dd9b4c9947672f3a43f2986a8fe0157,AdamMC: A Model Checker for Petri Nets with Transits against Flow-LTL,International Conference on Computer Aided Verification,2020.0,32.0,11.0,0.0,JournalArticle|Conference,Computer Science,True
DOI:10.1007/978-3-030-53291-8_6,doi,10.1007/978-3-030-53291-8_6,True,,38d9700325fbf1bbd170dd6ce5440a5f6239956f,"Action-Based Model Checking: Logic, Automata, and Reduction",International Conference on Computer Aided Verification,2020.0,43.0,2.0,0.0,JournalArticle|Conference,Computer Science,True
DOI:10.1007/978-3-030-53291-8_8,doi,10.1007/978-3-030-53291-8_8,True,,39ff2d7cc1d4834fc7d523d6fdaf7f9ae3d9b8e9,Towards Model Checking Real-World Software-Defined Networks,International Conference on Computer Aided Verification,2020.0,62.0,3.0,0.0,JournalArticle|Conference,Computer Science,True
DOI:10.1007/978-3-030-53291-8_9,doi,10.1007/978-3-030-53291-8_9,True,,d958d9fc4d660513d8e1854ef487c83045804631,Code2Inv: A Deep Learning Framework for Program Verification,International Conference on Computer Aided Verification,2020.0,39.0,69.0,8.0,JournalArticle|Conference,Computer Science,True
DOI:10.1007/978-3-030-81685-8_10,doi,10.1007/978-3-030-81685-8_10,True,,05a97b7215d65ed0a7c5aa513d73960f94d74646,Scalable Polyhedral Verification of Recurrent Neural Networks,International Conference on Computer Aided Verification,2020.0,46.0,37.0,5.0,JournalArticle|Conference,Computer Science|Engineering|Mathematics,True
DOI:10.1007/978-3-030-81685-8_11,doi,10.1007/978-3-030-81685-8_11,True,,ec70a4f8457c291f74c63b25caa8dbce9aaed450,Verisig 2.0: Verification of Neural Network Controllers Using Taylor Model Preconditioning,International Conference on Computer Aided Verification,2021.0,35.0,79.0,10.0,JournalArticle|Conference,Computer Science,True
DOI:10.1007/978-3-030-81685-8_12,doi,10.1007/978-3-030-81685-8_12,True,,43ba3e55d295d0312126c34bccfa70c5fa62d556,Robustness Verification of Semantic Segmentation Neural Networks Using Relaxed Reachability,International Conference on Computer Aided Verification,2021.0,49.0,41.0,1.0,JournalArticle|Conference,Computer Science,True
DOI:10.1007/978-3-030-81685-8_13,doi,10.1007/978-3-030-81685-8_13,True,,44a2e26d4008251ad9eb556f5675a7821cda31df,PEREGRiNN: Penalized-Relaxation Greedy Neural Network Verifier,International Conference on Computer Aided Verification,2020.0,37.0,24.0,1.0,JournalArticle|Conference,Computer Science,True
DOI:10.1007/978-3-030-81685-8_16,doi,10.1007/978-3-030-81685-8_16,True,,03fdb350c02fff2dcb431a644959ddf870e0ce48,Stateless Model Checking under a Reads-Value-From Equivalence,International Conference on Computer Aided Verification,2021.0,54.0,28.0,0.0,JournalArticle|Conference,Computer Science,True
DOI:10.1007/978-3-030-81685-8_18,doi,10.1007/978-3-030-81685-8_18,True,,f313168cfd85dce27185fee9a8955cedb0aec948,Delay-Bounded Scheduling Without Delay!,International Conference on Computer Aided Verification,2021.0,4.0,1.0,0.0,JournalArticle|Conference,Computer Science,True
DOI:10.1007/978-3-030-81685-8_19,doi,10.1007/978-3-030-81685-8_19,True,,07563462d4609541723c93bfdc068a80b538eec2,"Checking Data-Race Freedom of GPU Kernels, Compositionally",International Conference on Computer Aided Verification,2021.0,39.0,17.0,1.0,JournalArticle|Conference,Computer Science,True
DOI:10.1007/978-3-030-81685-8_2,doi,10.1007/978-3-030-81685-8_2,True,,5a9a5ad2e2300bcc9414641c93cc517f97cdc7cf,Balancing Automation and Control for Formal Verification of Microprocessors,International Conference on Computer Aided Verification,2021.0,41.0,3.0,0.0,JournalArticle|Conference,Computer Science,True
DOI:10.1007/978-3-030-81685-8_20,doi,10.1007/978-3-030-81685-8_20,True,,81cb80c19bf5760d585c92cf46d928526c9bb27e,GenMC: A Model Checker for Weak Memory Models,International Conference on Computer Aided Verification,2021.0,50.0,54.0,1.0,JournalArticle|Conference,Computer Science,True
DOI:10.1007/978-3-030-81685-8_21,doi,10.1007/978-3-030-81685-8_21,True,,476c3509fe4900d8a4c218e51ee8151697568805,Synthesizing Invariant Barrier Certificates via Difference-of-Convex Programming,International Conference on Computer Aided Verification,2021.0,68.0,19.0,0.0,JournalArticle|Conference,Computer Science,True
DOI:10.1007/978-3-030-81685-8_22,doi,10.1007/978-3-030-81685-8_22,True,,74765eee03d66a8a4a5bbc850fa688bbcc36a0ab,An Iterative Scheme of Safe Reinforcement Learning for Nonlinear Systems via Barrier Certificate Generation,International Conference on Computer Aided Verification,2021.0,8.0,8.0,1.0,JournalArticle|Conference,Computer Science,True
DOI:10.1007/978-3-030-81685-8_24,doi,10.1007/978-3-030-81685-8_24,True,,b870bd84ac090b67ea1d17e23a62007e2ef4cb79,Computing Bottom SCCs Symbolically Using Transition Guided Reduction,International Conference on Computer Aided Verification,2021.0,39.0,14.0,4.0,JournalArticle|Conference,Computer Science,True
DOI:10.1007/978-3-030-81685-8_25,doi,10.1007/978-3-030-81685-8_25,True,,8232e1bb7285730ea12af5cfcfaf433b40b322bd,Implicit Semi-Algebraic Abstraction for Polynomial Dynamical Systems,International Conference on Computer Aided Verification,2021.0,9.0,5.0,0.0,JournalArticle|Conference,Computer Science,True
DOI:10.1007/978-3-030-81685-8_26,doi,10.1007/978-3-030-81685-8_26,True,,e79dd5412a4131c8c7812ee9630466e6f3e21964,IMITATOR 3: Synthesis of Timing Parameters Beyond Decidability,International Conference on Computer Aided Verification,2021.0,52.0,36.0,0.0,JournalArticle|Conference,Computer Science,True
DOI:10.1007/978-3-030-81685-8_27,doi,10.1007/978-3-030-81685-8_27,True,,fcac594def2e48afc4dd13ff00e0e19045f221a5,Formally Verified Switching Logic for Recoverability of Aircraft Controller,International Conference on Computer Aided Verification,2021.0,12.0,0.0,0.0,JournalArticle|Conference,Computer Science,True
DOI:10.1007/978-3-030-81685-8_29,doi,10.1007/978-3-030-81685-8_29,True,,534f0eef38e996a3d05785f9887b29b68d7ca188,Effective Hybrid System Falsification Using Monte Carlo Tree Search Guided by QB-Robustness,International Conference on Computer Aided Verification,2021.0,23.0,37.0,4.0,JournalArticle|Conference,Computer Science,True
DOI:10.1007/978-3-030-81685-8_30,doi,10.1007/978-3-030-81685-8_30,True,,b56b4ac7adb19ef866db3b44e39316642f4f58ba,Fast zone-based algorithms for reachability in pushdown timed automata,International Conference on Computer Aided Verification,2021.0,27.0,5.0,0.0,JournalArticle|Conference,Computer Science,True
DOI:10.1007/978-3-030-81685-8_31,doi,10.1007/978-3-030-81685-8_31,True,,3747ba14e581a5e513bc05a5245a578aa46b52a9,Verified Cryptographic Code for Everybody,International Conference on Computer Aided Verification,2021.0,31.0,12.0,0.0,JournalArticle|Conference,Computer Science,True
DOI:10.1007/978-3-030-81685-8_32,doi,10.1007/978-3-030-81685-8_32,True,,1fd5dd7dcaa6ab2e5c4f7afe2820fc4e8a104de3,"Not All Bugs Are Created Equal, But Robust Reachability Can Tell the Difference",International Conference on Computer Aided Verification,2021.0,53.0,17.0,3.0,JournalArticle|Conference,Computer Science,True
DOI:10.1007/978-3-030-81685-8_33,doi,10.1007/978-3-030-81685-8_33,True,,edda5677ff3d88466a228640f4fd3dab545bbf9f,A Temporal Logic for Asynchronous Hyperproperties,International Conference on Computer Aided Verification,2021.0,31.0,51.0,3.0,JournalArticle|Conference,Computer Science,True
DOI:10.1007/978-3-030-81685-8_34,doi,10.1007/978-3-030-81685-8_34,True,,dd1279417deb58d80b875165a07a415ef4b46c70,Product Programs in the Wild: Retrofitting Program Verifiers to Check Information Flow Security,International Conference on Computer Aided Verification,2021.0,53.0,5.0,0.0,JournalArticle|Conference,Computer Science,True
DOI:10.1007/978-3-030-81685-8_36,doi,10.1007/978-3-030-81685-8_36,True,,2bb345a25d0715a07645e13e8eca537241e075fa,Pre-Deployment Security Assessment for Cloud Services through Semantic Reasoning (Extended Abstract),Description Logics,2021.0,40.0,12.0,0.0,JournalArticle|Review,Computer Science,True
DOI:10.1007/978-3-030-81685-8_37,doi,10.1007/978-3-030-81685-8_37,True,,2b97b4436775d2aa620859ecc89dfa428a366941,Synthesis with Asymptotic Resource Bounds,International Conference on Computer Aided Verification,2021.0,20.0,8.0,0.0,JournalArticle|Conference,Computer Science,True
DOI:10.1007/978-3-030-81685-8_38,doi,10.1007/978-3-030-81685-8_38,True,,e6ee637808527b223600d6014d88e447cb652990,Program Sketching by Automatically Generating Mocks from Tests,International Conference on Computer Aided Verification,2021.0,32.0,2.0,0.0,JournalArticle|Conference,Computer Science,True
DOI:10.1007/978-3-030-81685-8_39,doi,10.1007/978-3-030-81685-8_39,True,,add6fc9149458d4142ca91707b6dcdfa06dc073a,Counterexample-Guided Partial Bounding for Recursive Function Synthesis,International Conference on Computer Aided Verification,2021.0,32.0,14.0,0.0,JournalArticle|Conference,Computer Science,True
DOI:10.1007/978-3-030-81685-8_40,doi,10.1007/978-3-030-81685-8_40,True,,80b9eb13b9fb9a9588bef7b3d1c33271ccbbf25c,PAYNT: A Tool for Inductive Synthesis of Probabilistic Programs,International Conference on Computer Aided Verification,2021.0,30.0,20.0,1.0,JournalArticle|Conference,Computer Science,True
DOI:10.1007/978-3-030-81685-8_41,doi,10.1007/978-3-030-81685-8_41,True,,0638556de3f72ea8f191ca3139a216dde7a21e7e,Adapting Behaviors via Reactive Synthesis,International Conference on Computer Aided Verification,2021.0,70.0,7.0,1.0,JournalArticle|Conference,Computer Science,True
DOI:10.1007/978-3-030-81685-8_5,doi,10.1007/978-3-030-81685-8_5,True,,c680ae6a38cedf61f7404ee2c55c4453df784143,"Deductive Synthesis of Programs with Pointers: Techniques, Challenges, Opportunities - (Invited Paper)",International Conference on Computer Aided Verification,2021.0,100.0,5.0,2.0,JournalArticle|Conference,Computer Science,True
DOI:10.1007/978-3-030-81685-8_6,doi,10.1007/978-3-030-81685-8_6,True,,02893e9d6ef902180e04c48900de664998c3fa61,DNNV: A Framework for Deep Neural Network Verification,International Conference on Computer Aided Verification,2021.0,41.0,38.0,3.0,JournalArticle|Conference,Computer Science,True
DOI:10.1007/978-3-030-81685-8_7,doi,10.1007/978-3-030-81685-8_7,True,,056aa78c1030056d14566b2fead25de515033c3b,Robustness Verification of Quantum Classifiers,International Conference on Computer Aided Verification,2020.0,48.0,32.0,0.0,JournalArticle|Conference,Computer Science|Physics,True
DOI:10.1007/978-3-030-81685-8_8,doi,10.1007/978-3-030-81685-8_8,True,,b3b796f69c9a5d5216c969e771ca62323ccf9646,BDD4BNN: A BDD-based Quantitative Analysis Framework for Binarized Neural Networks,International Conference on Computer Aided Verification,2021.0,80.0,29.0,3.0,JournalArticle|Conference,Computer Science,True
DOI:10.1007/978-3-030-81685-8_9,doi,10.1007/978-3-030-81685-8_9,True,,88648d38fa7a728dd7d32b4d1df2bba5e3d8d130,Automated Safety Verification of Programs Invoking Neural Networks,International Conference on Computer Aided Verification,2021.0,74.0,11.0,1.0,JournalArticle|Conference,Computer Science,True
DOI:10.1007/978-3-030-81688-9_10,doi,10.1007/978-3-030-81688-9_10,True,,72d2ac59aede4f38b1bbf4450d3e3ee80615eab3,Efficient SMT-Based Analysis of Failure Propagation,International Conference on Computer Aided Verification,2021.0,23.0,0.0,0.0,JournalArticle|Conference,Computer Science,True
DOI:10.1007/978-3-030-81688-9_11,doi,10.1007/978-3-030-81688-9_11,True,,c4866ae5e6ebaf23475447c69e0068002fcd05ee,ddSMT 2.0: Better Delta Debugging for the SMT-LIBv2 Language and Friends,International Conference on Computer Aided Verification,2021.0,23.0,18.0,2.0,JournalArticle|Conference,Computer Science,True
DOI:10.1007/978-3-030-81688-9_12,doi,10.1007/978-3-030-81688-9_12,True,,2f616aeb3639bbe4a0ee16c790faf454c97fa05a,Learning Union of Integer Hypercubes with Queries (Technical Report),International Conference on Computer Aided Verification,2021.0,35.0,1.0,1.0,JournalArticle|Conference,Computer Science,True
DOI:10.1007/978-3-030-81688-9_13,doi,10.1007/978-3-030-81688-9_13,True,,dd429029a3c42dae2c4be9299188b5b1fe1416de,Interpolation and Model Checking for Nonlinear Arithmetic,International Conference on Computer Aided Verification,2021.0,45.0,4.0,1.0,JournalArticle|Conference,Computer Science,True
DOI:10.1007/978-3-030-81688-9_14,doi,10.1007/978-3-030-81688-9_14,True,,45c48dec6ba8433bb6c070ec339b7759e1a901d4,An SMT Solver for Regular Expressions and Linear Arithmetic over String Length,International Conference on Computer Aided Verification,2020.0,42.0,34.0,4.0,JournalArticle|Conference,Computer Science,True
DOI:10.1007/978-3-030-81688-9_16,doi,10.1007/978-3-030-81688-9_16,True,,c2b4ebd2e86ae6356605cb438199b5339866beb9,Sound Verification Procedures for Temporal Properties of Infinite-State Systems,International Conference on Computer Aided Verification,2021.0,32.0,1.0,0.0,JournalArticle|Conference,Computer Science,True
DOI:10.1007/978-3-030-81688-9_17,doi,10.1007/978-3-030-81688-9_17,True,,d3700015d7cb92cb66aaf4622176a0f769642945,Progress in Certifying Hardware Model Checking Results,International Conference on Computer Aided Verification,2021.0,40.0,14.0,1.0,JournalArticle|Conference,Computer Science,True
DOI:10.1007/978-3-030-81688-9_18,doi,10.1007/978-3-030-81688-9_18,True,,52794ebbb5187cb07ec3e8e690e14ed37ef41ee6,Model-Checking Structured Context-Free Languages,International Conference on Computer Aided Verification,2021.0,30.0,7.0,0.0,JournalArticle|Conference,Computer Science,True
DOI:10.1007/978-3-030-81688-9_2,doi,10.1007/978-3-030-81688-9_2,True,,742043b919ff277615dd8e7d26a8ce5179236d60,Ghost Signals: Verifying Termination of Busy Waiting - Verifying Termination of Busy Waiting,International Conference on Computer Aided Verification,2021.0,11.0,1.0,0.0,JournalArticle|Conference,Computer Science,True
DOI:10.1007/978-3-030-81688-9_20,doi,10.1007/978-3-030-81688-9_20,True,,356ceda2e538c0a508ef438623347cd1d64261fc,AIGEN: Random Generation of Symbolic Transition Systems,International Conference on Computer Aided Verification,2021.0,15.0,6.0,1.0,JournalArticle|Conference,Computer Science,True
DOI:10.1007/978-3-030-81688-9_21,doi,10.1007/978-3-030-81688-9_21,True,,769d3533611b9bb2535cd29c912bfbbc9ca3062d,GPU Acceleration of Bounded Model Checking with ParaFROST,International Conference on Computer Aided Verification,2021.0,16.0,9.0,0.0,JournalArticle|Conference,Computer Science,True
DOI:10.1007/978-3-030-81688-9_22,doi,10.1007/978-3-030-81688-9_22,True,,6b2a8e83b10388a929181001916a12e741339ff6,Pono: A Flexible and Extensible SMT-Based Model Checker,International Conference on Computer Aided Verification,2021.0,57.0,39.0,0.0,JournalArticle|Conference,Computer Science,True
DOI:10.1007/978-3-030-81688-9_23,doi,10.1007/978-3-030-81688-9_23,True,,d9d1536d21a3c820f3d4abb9f2b1cabe0ae90f7f,Towards a Trustworthy Semantics-Based Language Framework via Proof Generation,International Conference on Computer Aided Verification,2021.0,30.0,16.0,2.0,JournalArticle|Conference,Computer Science,True
DOI:10.1007/978-3-030-81688-9_24,doi,10.1007/978-3-030-81688-9_24,True,,6da08b05f32f2302a8b58de06a0af6021a823600,Foundations of Fine-Grained Explainability,International Conference on Computer Aided Verification,2021.0,24.0,2.0,0.0,JournalArticle|Conference,Computer Science,True
DOI:10.1007/978-3-030-81688-9_25,doi,10.1007/978-3-030-81688-9_25,True,,6e832f2c3f70e57aac24e30ab8aeac54175cc642,Latticed k-Induction with an Application to Probabilistic Programs,International Conference on Computer Aided Verification,2021.0,72.0,25.0,1.0,JournalArticle|Conference,Computer Science,True
DOI:10.1007/978-3-030-81688-9_26,doi,10.1007/978-3-030-81688-9_26,True,,b2c53fd713063af7d2840a189d2c608b92700a40,Runtime Monitoring for Markov Decision Processes,International Conference on Computer Aided Verification,2021.0,60.0,5.0,0.0,JournalArticle|Conference,Computer Science,True
DOI:10.1007/978-3-030-81688-9_28,doi,10.1007/978-3-030-81688-9_28,True,,878bbc50f1a388e628ed7485736ae2248160aa5d,Enforcing Almost-Sure Reachability in POMDPs,International Conference on Computer Aided Verification,2020.0,61.0,31.0,4.0,JournalArticle|Conference,Computer Science|Engineering,True
DOI:10.1007/978-3-030-81688-9_32,doi,10.1007/978-3-030-81688-9_32,True,,980e4bd23c3c6d2c3a223db5f2ba02fc2e700a54,LLMC: Verifying High-Performance Software,International Conference on Computer Aided Verification,2021.0,10.0,0.0,0.0,JournalArticle|Conference,Computer Science,True
DOI:10.1007/978-3-030-81688-9_33,doi,10.1007/978-3-030-81688-9_33,True,,18c65516a29f7b07048d0cf786eddf0e142643a8,Formally Validating a Practical Verification Condition Generator (extended version),International Conference on Computer Aided Verification,2021.0,49.0,22.0,2.0,JournalArticle|Conference,Computer Science,True
DOI:10.1007/978-3-030-81688-9_34,doi,10.1007/978-3-030-81688-9_34,True,,34e600bb69ebfbeb9998fb0b571fa2662d5174e6,Automatic Generation and Validation of Instruction Encoders and Decoders,International Conference on Computer Aided Verification,2021.0,3.0,1.0,0.0,JournalArticle|Conference,Computer Science,True
DOI:10.1007/978-3-030-81688-9_36,doi,10.1007/978-3-030-81688-9_36,True,,07e3e81975b87a8a9f41534e06199b727f23d5fe,Automatically Tailoring Abstract Interpretation to Custom Usage Scenarios,International Conference on Computer Aided Verification,2021.0,55.0,10.0,1.0,JournalArticle|Conference,Computer Science,True
DOI:10.1007/978-3-030-81688-9_38,doi,10.1007/978-3-030-81688-9_38,True,,095da4003f3d609a67b9b02bd380bb47354074aa,"Gillian, Part II: Real-World Verification for JavaScript and C",International Conference on Computer Aided Verification,2021.0,52.0,28.0,2.0,JournalArticle|Conference,Computer Science,True
DOI:10.1007/978-3-030-81688-9_4,doi,10.1007/978-3-030-81688-9_4,True,,1c6d7d2ce0027d3797f521f48dd086c3ccc60471,Decision Tree Learning in CEGIS-Based Termination Analysis,International Conference on Computer Aided Verification,2021.0,35.0,13.0,1.0,JournalArticle|Conference,Computer Science,True
DOI:10.1007/978-3-030-81688-9_40,doi,10.1007/978-3-030-81688-9_40,True,,820a24f318031702301f19f81338a579bfeb2a8c,Lower-Bound Synthesis Using Loop Specialization and Max-SMT,International Conference on Computer Aided Verification,2021.0,17.0,7.0,0.0,JournalArticle|Conference,Computer Science,True
DOI:10.1007/978-3-030-81688-9_41,doi,10.1007/978-3-030-81688-9_41,True,,3225ef8368196e2bff2674e5f4d7a0e8ae4f601b,Fast Computation of Strong Control Dependencies,International Conference on Computer Aided Verification,2020.0,35.0,4.0,0.0,JournalArticle|Conference,Computer Science,True
DOI:10.1007/978-3-030-81688-9_42,doi,10.1007/978-3-030-81688-9_42,True,,26c315aa32bcdcb3e861482bdce5a1d61208c1e0,Diffy: Inductive Reasoning of Array Programs using Difference Invariants,International Conference on Computer Aided Verification,2021.0,53.0,14.0,1.0,JournalArticle|Conference,Computer Science,True
DOI:10.1007/978-3-030-81688-9_5,doi,10.1007/978-3-030-81688-9_5,True,,83af6eda980c0fbf0b030513c9bbe08bda2fe581,ATLAS: Automated Amortised Complexity Analysis of Self-adjusting Data Structures,International Conference on Computer Aided Verification,2021.0,76.0,8.0,0.0,JournalArticle|Conference,Computer Science,True
DOI:10.1007/978-3-030-81688-9_6,doi,10.1007/978-3-030-81688-9_6,True,,24f745f2849e2f54e54ee4dc8447377bf071ba48,Theory Exploration Powered By Deductive Synthesis,International Conference on Computer Aided Verification,2020.0,67.0,24.0,2.0,JournalArticle|Conference,Computer Science,True
DOI:10.1007/978-3-030-81688-9_7,doi,10.1007/978-3-030-81688-9_7,True,,32f02f401ed04a76aff653f7e15ddaabcade9725,CoqQFBV: A Scalable Certified SMT Quantifier-Free Bit-Vector Solver,International Conference on Computer Aided Verification,2021.0,35.0,10.0,0.0,JournalArticle|Conference,Computer Science,True
DOI:10.1007/978-3-030-86205-3_3,doi,10.1007/978-3-030-86205-3_3,True,,42e3d68c02238b8963a6e22e21a56706485f0a28,Symbol Elimination and Applications to Parametric Entailment Problems (Abstract),SOQE@KR,2021.0,40.0,4.0,0.0,JournalArticle,Computer Science,False
DOI:10.1007/978-3-031-13185-1_20,doi,10.1007/978-3-031-13185-1_20,False,,,,,,,,,,,
DOI:10.1007/978-3-031-13188-2_13,doi,10.1007/978-3-031-13188-2_13,True,,2603a847df14978de6f44fcebb2fc388466b9358,Reasoning About Data Trees Using CHCs,International Conference on Computer Aided Verification,2022.0,0.0,8.0,0.0,JournalArticle|Conference,Computer Science,True
DOI:10.1007/978-3-031-13188-2_21,doi,10.1007/978-3-031-13188-2_21,True,,e6d6fefae25d6dbcdce54fa23cf261b02a9a180a,MoGym: Using Formal Models for Training and Verifying Decision-making Agents,International Conference on Computer Aided Verification,2022.0,69.0,14.0,1.0,JournalArticle|Conference,Computer Science,True
DOI:10.1007/978-3-031-13188-2_22,doi,10.1007/978-3-031-13188-2_22,True,,7b161d1c415302dbc259feb5118015994b324843,Synthesis and Analysis of Petri Nets from Causal Specifications,International Conference on Computer Aided Verification,2022.0,0.0,0.0,0.0,JournalArticle|Conference,Computer Science,True
DOI:10.1007/978-3-031-13188-2_23,doi,10.1007/978-3-031-13188-2_23,False,,,,,,,,,,,
DOI:10.1007/978-3-031-13188-2_24,doi,10.1007/978-3-031-13188-2_24,True,,8676b1092dc63bba60b1f067d2e0c205c9f32dd6,"Capture, Analyze, Diagnose: Realizability Checking Of Requirements in FRET",International Conference on Computer Aided Verification,2022.0,0.0,9.0,1.0,JournalArticle|Conference,Computer Science,True
DOI:10.1007/978-3-031-13188-2_6,doi,10.1007/978-3-031-13188-2_6,False,,,,,,,,,,,
DOI:10.1007/978-3-031-15707-3_12,doi,10.1007/978-3-031-15707-3_12,True,,51aaab49283d492a27fb2fca82a4b022ab4d689a,Deep Learning for the Generation of Heuristics in Answer Set Programming: A Case Study of Graph Coloring,International Conference on Logic Programming and Non-Monotonic Reasoning,2022.0,26.0,7.0,0.0,JournalArticle,Computer Science,False
DOI:10.1007/978-3-031-15707-3_27,doi,10.1007/978-3-031-15707-3_27,True,,88537c4413c915432111a4aae33c03b38dd184ad,Towards Causality-Based Conflict Resolution in Answer Set Programs,International Conference on Logic Programming and Non-Monotonic Reasoning,2022.0,0.0,1.0,0.0,JournalArticle,Computer Science,False
DOI:10.1007/978-3-031-15707-3_29,doi,10.1007/978-3-031-15707-3_29,True,,b65e7d78b092d7c5b584f1bef263e856a897ceef,Solving Problems in the Polynomial Hierarchy with ASP(Q),International Conference on Logic Programming and Non-Monotonic Reasoning,2022.0,0.0,7.0,0.0,JournalArticle,Computer Science,False
DOI:10.1007/978-3-031-15707-3_33,doi,10.1007/978-3-031-15707-3_33,True,,8763fd5ebfc883df02fceda569e9be9f50eec617,QMaxSATpb: A Certified MaxSAT Solver,International Conference on Logic Programming and Non-Monotonic Reasoning,2022.0,44.0,17.0,2.0,JournalArticle,Computer Science,True
DOI:10.1007/978-3-031-15707-3_38,doi,10.1007/978-3-031-15707-3_38,True,,b55289941249d164aa014a42e1c790373d2904da,Optimising Business Process Discovery Using Answer Set Programming,International Conference on Logic Programming and Non-Monotonic Reasoning,2022.0,0.0,1.0,1.0,JournalArticle,Computer Science,False
DOI:10.1007/978-3-031-21222-2_10,doi,10.1007/978-3-031-21222-2_10,True,,0d53537dfb936a43113cb56008fc9a955430e3ca,Neural Network Precision Tuning Using Stochastic Arithmetic,NSV/FoMLAS@CAV,2022.0,46.0,7.0,0.0,JournalArticle,Computer Science,True
DOI:10.1007/978-3-031-21222-2_3,doi,10.1007/978-3-031-21222-2_3,False,,,,,,,,,,,
DOI:10.1007/978-3-031-21222-2_5,doi,10.1007/978-3-031-21222-2_5,False,,,,,,,,,,,
DOI:10.1007/978-3-031-37703-7_1,doi,10.1007/978-3-031-37703-7_1,True,,f0a0c7527c5d0f84a26810e10bf8d2382b174bcd,Bitwuzla,International Conference on Computer Aided Verification,2023.0,0.0,64.0,13.0,JournalArticle|Conference,Computer Science,True
DOI:10.1007/978-3-031-37703-7_3,doi,10.1007/978-3-031-37703-7_3,False,,,,,,,,,,,
DOI:10.1007/978-3-031-37703-7_6,doi,10.1007/978-3-031-37703-7_6,False,,,,,,,,,,,
DOI:10.1007/978-3-031-37706-8_12,doi,10.1007/978-3-031-37706-8_12,True,,19ca1d0f9f9b0546914a9be4766f57388cc80f07,Unblocking Dynamic Partial Order Reduction,International Conference on Computer Aided Verification,2023.0,31.0,9.0,0.0,JournalArticle|Conference,Computer Science,True
DOI:10.1007/978-3-031-37706-8_4,doi,10.1007/978-3-031-37706-8_4,False,,,,,,,,,,,
DOI:10.1007/978-3-031-37706-8_9,doi,10.1007/978-3-031-37706-8_9,True,,d4d5c10d630356f7dd36c230a946ed66661f83ae,nekton: A Linearizability Proof Checker,International Conference on Computer Aided Verification,2023.0,34.0,2.0,0.0,JournalArticle|Conference,Computer Science,True
DOI:10.1007/978-3-031-37709-9_10,doi,10.1007/978-3-031-37709-9_10,True,,887acec7a9d88913c1f1b00a6e772bec94ea9568,SR-SFLL: Structurally Robust Stripped Functionality Logic Locking,International Conference on Computer Aided Verification,2023.0,0.0,5.0,0.0,JournalArticle|Conference,Computer Science,True
DOI:10.1007/978-3-031-37709-9_7,doi,10.1007/978-3-031-37709-9_7,True,,b930acc97db6fbd18bee493910a9e1bc66714e61,AutoQ: An Automata-Based Quantum Circuit Verifier,International Conference on Computer Aided Verification,2023.0,41.0,23.0,1.0,JournalArticle|Conference,Computer Science,True
DOI:10.1007/978-3-031-37709-9_9,doi,10.1007/978-3-031-37709-9_9,True,,141f8e120dd0a4a63fbcdf3791c28c289bab7ec2,Formally Verified EVM Block-Optimizations,International Conference on Computer Aided Verification,2023.0,0.0,3.0,0.0,JournalArticle|Conference,Computer Science,True
DOI:10.1007/978-3-031-65627-9_10,doi,10.1007/978-3-031-65627-9_10,True,,457dec79a2c6c7992fbb6a50ef84a6fdf660d402,The MoXI Model Exchange Tool Suite,International Conference on Computer Aided Verification,2024.0,0.0,4.0,0.0,JournalArticle|Conference,Computer Science,False
DOI:10.1007/978-3-031-65627-9_11,doi,10.1007/978-3-031-65627-9_11,False,,,,,,,,,,,
DOI:10.1007/978-3-031-65627-9_14,doi,10.1007/978-3-031-65627-9_14,False,,,,,,,,,,,
DOI:10.1007/978-3-031-65627-9_23,doi,10.1007/978-3-031-65627-9_23,True,,f8fb1bfb4f4134c40d4e336d2e83050e64924d9f,SolTG: A CHC-Based Solidity Test Case Generator,International Conference on Computer Aided Verification,2024.0,19.0,6.0,0.0,JournalArticle|Conference,Computer Science,False
DOI:10.1007/978-3-031-65627-9_24,doi,10.1007/978-3-031-65627-9_24,True,,8c86b6a172e0aac3ed817dc7614a1706b5972ce8,Interactive Theorem Proving Modulo Fuzzing,International Conference on Computer Aided Verification,2024.0,0.0,0.0,0.0,JournalArticle|Conference,Computer Science,False
DOI:10.1007/978-3-031-65627-9_6,doi,10.1007/978-3-031-65627-9_6,True,,e03286deaf44c3400a125eba31c8a15fff890146,From Clauses to Klauses,International Conference on Computer Aided Verification,2024.0,0.0,4.0,1.0,JournalArticle|Conference,Computer Science,False
DOI:10.1007/978-3-031-65627-9_7,doi,10.1007/978-3-031-65627-9_7,True,,c0e4581f9af5680b764797c6e5e57ca0c6c3078e,CaDiCaL 2.0,International Conference on Computer Aided Verification,2024.0,110.0,93.0,18.0,JournalArticle|Conference,Computer Science,False
DOI:10.1007/978-3-031-65630-9_1,doi,10.1007/978-3-031-65630-9_1,True,,4e85327c43d2cfdab4b4a77946eade7b38d04de2,The VerCors Verifier: A Progress Report,International Conference on Computer Aided Verification,2024.0,0.0,6.0,0.0,JournalArticle|Conference,Computer Science,True
DOI:10.1007/978-3-031-65630-9_2,doi,10.1007/978-3-031-65630-9_2,False,,,,,,,,,,,
DOI:10.1007/978-3-031-65630-9_6,doi,10.1007/978-3-031-65630-9_6,False,,,,,,,,,,,
DOI:10.1007/978-3-031-65630-9_7,doi,10.1007/978-3-031-65630-9_7,True,,2a099cf5694f72d36b63184d918345c1adb2f6aa,General Anticipatory Runtime Verification,International Conference on Computer Aided Verification,2024.0,35.0,4.0,0.0,JournalArticle|Conference,Computer Science,True
DOI:10.1007/978-3-031-65630-9_8,doi,10.1007/978-3-031-65630-9_8,True,,e9cfc79bba8fcfac78317538b11de3a9b2bc8a53,Proactive Real-Time First-Order Enforcement,International Conference on Computer Aided Verification,2024.0,0.0,6.0,1.0,JournalArticle|Conference,Computer Science,True
DOI:10.1007/978-3-031-65633-0_2,doi,10.1007/978-3-031-65633-0_2,False,,,,,,,,,,,
DOI:10.1007/978-3-031-74209-5_1,doi,10.1007/978-3-031-74209-5_1,False,,,,,,,,,,,
DOI:10.1007/978-3-031-74209-5_13,doi,10.1007/978-3-031-74209-5_13,False,,,,,,,,,,,
DOI:10.1007/978-3-031-74209-5_2,doi,10.1007/978-3-031-74209-5_2,True,,13f9aa19f3bbef252f183f758d2b2f7fa1d789cf,Compiling Metric Temporal Answer Set Programming,International Conference on Logic Programming and Non-Monotonic Reasoning,2024.0,0.0,1.0,0.0,JournalArticle,Computer Science,False
DOI:10.1007/978-3-031-74209-5_20,doi,10.1007/978-3-031-74209-5_20,True,,b9e4fee033826b851997d856e9310baa110a2040,Towards Explainable Weather Forecasting Through FastLAS,International Conference on Logic Programming and Non-Monotonic Reasoning,2024.0,0.0,4.0,0.0,JournalArticle,Computer Science,False
DOI:10.1007/978-3-031-74209-5_21,doi,10.1007/978-3-031-74209-5_21,True,,3b0a80234dcd7fd55f9a6aeaa1af245904fdb7bf,Semantic-Based Arguments Using Logic Programming Rewriting Systems,International Conference on Logic Programming and Non-Monotonic Reasoning,2024.0,0.0,0.0,0.0,JournalArticle,Computer Science,False
DOI:10.1007/978-3-031-74209-5_29,doi,10.1007/978-3-031-74209-5_29,True,,e6a18018814defc11a17b31543eb492028506287,Integrating Structured Declarative Language (SDL) into ASP Chef,International Conference on Logic Programming and Non-Monotonic Reasoning,2024.0,0.0,2.0,0.0,JournalArticle,Computer Science,False
DOI:10.1007/978-3-031-84924-4_7,doi,10.1007/978-3-031-84924-4_7,True,,164eef7062a2d0e73b6e8e05367e272058dbb6af,Automated Playing of Survival Video Games with Commonsense Reasoning,ICLP Workshops,2024.0,10.0,0.0,0.0,JournalArticle,Computer Science,False
DOI:10.1007/978-3-031-98668-0_4,doi,10.1007/978-3-031-98668-0_4,True,,e83352a2e998f4bb51d7d975bc2af198a87942cb,Raven: An SMT-Based Concurrency Verifier,International Conference on Computer Aided Verification,2025.0,49.0,1.0,0.0,JournalArticle|Conference|Review,Computer Science,False
DOI:10.1007/978-3-031-98668-0_7,doi,10.1007/978-3-031-98668-0_7,True,,86c6194dfdb9204f2c51923fd15c3eaf46858b5c,Verifying PETSc Vector Components Using CIVL,International Conference on Computer Aided Verification,2025.0,0.0,1.0,0.0,JournalArticle|Conference,Computer Science,False
DOI:10.1007/978-3-031-98668-0_9,doi,10.1007/978-3-031-98668-0_9,False,,,,,,,,,,,
DOI:10.1007/978-3-031-98679-6_1,doi,10.1007/978-3-031-98679-6_1,False,,,,,,,,,,,
DOI:10.1007/978-3-031-98679-6_11,doi,10.1007/978-3-031-98679-6_11,False,,,,,,,,,,,
DOI:10.1007/978-3-031-98679-6_13,doi,10.1007/978-3-031-98679-6_13,True,,087aba2138cd6a485a17ce547592b5f835b7512c,Accelerating Markov Chain Model Checking: Good-for-Games Meets Unambiguous Automata,International Conference on Computer Aided Verification,2025.0,0.0,2.0,0.0,JournalArticle|Conference,Computer Science,False
DOI:10.1007/978-3-031-98679-6_14,doi,10.1007/978-3-031-98679-6_14,True,,194f667b64edd3c0164de289bdef5770d9877ff8,Floating-Point Neural Networks Are Provably Robust Universal Approximators,International Conference on Computer Aided Verification,2025.0,0.0,4.0,0.0,JournalArticle|Conference,Computer Science,False
DOI:10.1007/978-3-031-98682-6_1,doi,10.1007/978-3-031-98682-6_1,False,,,,,,,,,,,
DOI:10.1007/978-3-031-98682-6_11,doi,10.1007/978-3-031-98682-6_11,False,,,,,,,,,,,
DOI:10.1007/978-3-031-98682-6_18,doi,10.1007/978-3-031-98682-6_18,True,,51f90956794df6872200625efddbf57fe557ea0d,Counterexample-Guided Commutativity,International Conference on Computer Aided Verification,2025.0,0.0,0.0,0.0,JournalArticle|Conference,Computer Science,False
DOI:10.1007/978-3-031-98682-6_19,doi,10.1007/978-3-031-98682-6_19,True,,3abf64430daf258dc99eb13a87379f4feb0d3b91,Scaling Up Proactive Enforcement,International Conference on Computer Aided Verification,2025.0,0.0,0.0,0.0,JournalArticle|Conference,Computer Science,False
DOI:10.1007/978-3-031-98682-6_5,doi,10.1007/978-3-031-98682-6_5,True,,b07131f00ef10244c655ce883b9e5054ff8c2769,Engineering an Efficient Probabilistic Exact Model Counter,International Conference on Computer Aided Verification,2025.0,37.0,3.0,0.0,JournalArticle|Conference,Computer Science,False
DOI:10.1007/978-3-031-98682-6_6,doi,10.1007/978-3-031-98682-6_6,True,,8f11779c7a9211c4caa939a6604fbd10a93143db,Panini: An Efficient and Flexible Knowledge Compiler,International Conference on Computer Aided Verification,2025.0,0.0,2.0,0.0,JournalArticle|Conference,Computer Science,False
DOI:10.1007/978-3-031-98685-7_14,doi,10.1007/978-3-031-98685-7_14,False,,,,,,,,,,,
DOI:10.1007/978-3-031-98685-7_7,doi,10.1007/978-3-031-98685-7_7,True,,09190e31fb2a35ff1fedd17c28089f4b0c690f53,LearnLib: 10 years later,International Conference on Computer Aided Verification,2025.0,0.0,0.0,0.0,JournalArticle|Conference,Computer Science,False
DOI:10.1007/978-3-319-41528-4_10,doi,10.1007/978-3-319-41528-4_10,True,,d0735bdc1e34cfb23af7df53a2938456bcc2ea1b,"A Decision Procedure for Sets, Binary Relations and Partial Functions",International Conference on Computer Aided Verification,2016.0,33.0,12.0,0.0,JournalArticle|Conference,Computer Science,False
DOI:10.1007/978-3-319-41528-4_11,doi,10.1007/978-3-319-41528-4_11,True,,ae7c8ad6d07aa18274008ce23503a3c0d34cbf1e,Precise and Complete Propagation Based Local Search for Satisfiability Modulo Theories,International Conference on Computer Aided Verification,2016.0,43.0,19.0,1.0,JournalArticle|Conference,Computer Science,True
DOI:10.1007/978-3-319-41528-4_12,doi,10.1007/978-3-319-41528-4_12,True,,afd8d56e1030e156d26a999559188f46f4deaef2,Progressive Reasoning over Recursively-Defined Strings,International Conference on Computer Aided Verification,2016.0,23.0,69.0,12.0,JournalArticle|Conference,Computer Science,False
DOI:10.1007/978-3-319-41528-4_13,doi,10.1007/978-3-319-41528-4_13,True,,63e659c8e85e50b09003a28f6e892db129aa8fc4,String Analysis via Automata Manipulation with Logic Circuit Representation,International Conference on Computer Aided Verification,2016.0,32.0,45.0,9.0,JournalArticle|Conference,Computer Science,False
DOI:10.1007/978-3-319-41528-4_14,doi,10.1007/978-3-319-41528-4_14,True,,175b63e16273e25e773aadb34c968c40d736b660,Rahft: A Tool for Verifying Horn Clauses Using Abstract Interpretation and Finite Tree Automata,International Conference on Computer Aided Verification,2016.0,36.0,38.0,0.0,JournalArticle|Conference,Computer Science,False
DOI:10.1007/978-3-319-41528-4_15,doi,10.1007/978-3-319-41528-4_15,True,,2d88de446aff7e578de4675ee420aeed986d10f0,Infinite-State Liveness-to-Safety via Implicit Abstraction and Well-Founded Relations,International Conference on Computer Aided Verification,2016.0,45.0,23.0,0.0,JournalArticle|Conference,Computer Science,False
DOI:10.1007/978-3-319-41528-4_16,doi,10.1007/978-3-319-41528-4_16,True,,361103c67d986cf44ec7fb06e2ca554a3dd9e1eb,Proving Parameterized Systems Safe by Generalizing Clausal Proofs of Small Instances,International Conference on Computer Aided Verification,2016.0,23.0,6.0,0.0,JournalArticle|Conference,Computer Science,True
DOI:10.1007/978-3-319-41528-4_17,doi,10.1007/978-3-319-41528-4_17,True,,5fb921455141d02786141df464c1765d3eaf3687,Learning-Based Assume-Guarantee Regression Verification,International Conference on Computer Aided Verification,2016.0,0.0,11.0,0.0,JournalArticle|Conference,Computer Science,False
DOI:10.1007/978-3-319-41528-4_18,doi,10.1007/978-3-319-41528-4_18,True,,c4d0c114576c5758132c352c9ec4c67a23da1b9c,Automated Circular Assume-Guarantee Reasoning with N-way Decomposition and Alphabet Refinement,International Conference on Computer Aided Verification,2016.0,25.0,13.0,1.0,JournalArticle|Conference,Computer Science,False
DOI:10.1007/978-3-319-41528-4_19,doi,10.1007/978-3-319-41528-4_19,True,,2f83cdec8f8e62055f7f45a314c73435e71b9a52,JayHorn: A Framework for Verifying Java programs,International Conference on Computer Aided Verification,2016.0,23.0,85.0,7.0,JournalArticle|Conference,Computer Science,False
DOI:10.1007/978-3-319-41528-4_20,doi,10.1007/978-3-319-41528-4_20,True,,f4a3316722e66f91c951d5ff4bcd526bfc8289b3,Trigger Selection Strategies to Stabilize Program Verifiers,International Conference on Computer Aided Verification,2016.0,31.0,62.0,6.0,JournalArticle|Conference,Computer Science,False
DOI:10.1007/978-3-319-41528-4_21,doi,10.1007/978-3-319-41528-4_21,True,,ef02afe498e175cdc2ea870ad7d967dbd65aa126,Satisfiability Modulo Heap-Based Programs,International Conference on Computer Aided Verification,2016.0,45.0,36.0,1.0,JournalArticle|Conference,Computer Science,True
DOI:10.1007/978-3-319-41528-4_22,doi,10.1007/978-3-319-41528-4_22,True,,5fc1c0affa503e566cce90dcc848b2df1a002cde,Automatic Verification of Iterated Separating Conjunctions Using Symbolic Execution,International Conference on Computer Aided Verification,2016.0,26.0,41.0,5.0,JournalArticle|Conference,Computer Science,True
DOI:10.1007/978-3-319-41528-4_23,doi,10.1007/978-3-319-41528-4_23,True,,1b697372d83421d2d6fab90fae17c956b8a4c727,From Shape Analysis to Termination Analysis in Linear Time,International Conference on Computer Aided Verification,2016.0,29.0,6.0,0.0,JournalArticle|Conference,Computer Science,False
DOI:10.1007/978-3-319-41528-4_24,doi,10.1007/978-3-319-41528-4_24,True,,3bfbc26dca3c4780c43ff2d267de52a0df9f9522,RV-Match: Practical Semantics-Based Program Analysis,International Conference on Computer Aided Verification,2016.0,17.0,23.0,4.0,JournalArticle|Conference,Computer Science,True
DOI:10.1007/978-3-319-41528-4_25,doi,10.1007/978-3-319-41528-4_25,True,,6490303c13ff48c1b946792b4e7b1f163049c675,Under-Approximating Backward Reachable Sets by Polytopes,International Conference on Computer Aided Verification,2016.0,36.0,43.0,3.0,JournalArticle|Conference,Computer Science,False
DOI:10.1007/978-3-319-41528-4_26,doi,10.1007/978-3-319-41528-4_26,True,,887390a3c9e31abf124ee05b03ef0e6b13bf8068,"Parsimonious, Simulation Based Verification of Linear Systems",International Conference on Computer Aided Verification,2016.0,26.0,67.0,1.0,JournalArticle|Conference,Computer Science,True
DOI:10.1007/978-3-319-41528-4_29,doi,10.1007/978-3-319-41528-4_29,True,,8f404f39c33949c9a2dfcdb6dacf062c19007cfb,Automatic Reachability Analysis for Nonlinear Hybrid Models with C2E2,International Conference on Computer Aided Verification,2016.0,21.0,82.0,2.0,JournalArticle|Conference,Computer Science,True
DOI:10.1007/978-3-319-41528-4_4,doi,10.1007/978-3-319-41528-4_4,True,,9b09341d63284351e80c95d3a80c4c241a3d8ed5,PSI: Exact Symbolic Inference for Probabilistic Programs,International Conference on Computer Aided Verification,2016.0,42.0,192.0,28.0,JournalArticle|Conference,Computer Science,False
DOI:10.1007/978-3-319-41528-4_5,doi,10.1007/978-3-319-41528-4_5,True,,8fb57ae981b55212486b45ca1144ae009a68b922,PSCV: A Runtime Verification Tool for Probabilistic SystemC Models,International Conference on Computer Aided Verification,2016.0,17.0,8.0,0.0,JournalArticle|Conference,Computer Science,True
DOI:10.1007/978-3-319-41528-4_6,doi,10.1007/978-3-319-41528-4_6,True,,9fba6ad7ebc7f8d33fb63a4c58cca0f970efb290,Structural Synthesis for GXW Specifications,International Conference on Computer Aided Verification,2016.0,41.0,17.0,1.0,JournalArticle|Conference,Computer Science,True
DOI:10.1007/978-3-319-41528-4_8,doi,10.1007/978-3-319-41528-4_8,True,,220282a819c3b45ea3d9e5be161f0aa53e544199,"Fast, Flexible, and Minimal CTL Synthesis via SMT",International Conference on Computer Aided Verification,2016.0,17.0,12.0,1.0,JournalArticle|Conference,Computer Science,False
DOI:10.1007/978-3-319-41528-4_9,doi,10.1007/978-3-319-41528-4_9,True,,ed465a6c352d40b5793624f52c5b6433272e2c41,Synthesis of Self-Stabilising and Byzantine-Resilient Distributed Systems,International Conference on Computer Aided Verification,2016.0,54.0,29.0,0.0,JournalArticle|Conference,Computer Science,False
DOI:10.1007/978-3-319-41540-6_1,doi,10.1007/978-3-319-41540-6_1,True,,78dc5a5f631b08ad573747e0d157857175dbc27e,Model Checking at Scale: Automated Air Traffic Control Design Space Exploration,International Conference on Computer Aided Verification,2016.0,34.0,49.0,2.0,JournalArticle|Conference,Computer Science,True
DOI:10.1007/978-3-319-41540-6_10,doi,10.1007/978-3-319-41540-6_10,True,,fa9260b43accc4455b91988b864c576a7b2ce680,ParCoSS: Efficient Parallelized Compiled Symbolic Simulation,International Conference on Computer Aided Verification,2016.0,16.0,8.0,0.0,JournalArticle|Conference,Computer Science,False
DOI:10.1007/978-3-319-41540-6_11,doi,10.1007/978-3-319-41540-6_11,True,,502736496a6e1cccf54a349cce0d9efd78eb734b,XSat: A Fast Floating-Point Satisfiability Solver,International Conference on Computer Aided Verification,2016.0,37.0,40.0,3.0,JournalArticle|Conference,Computer Science,False
DOI:10.1007/978-3-319-41540-6_12,doi,10.1007/978-3-319-41540-6_12,True,,fe0782b341c4d15b3b6fb7a4a3470635bf597f46,Effectively Propositional Interpolants,International Conference on Computer Aided Verification,2016.0,30.0,9.0,2.0,JournalArticle|Conference,Computer Science,True
DOI:10.1007/978-3-319-41540-6_16,doi,10.1007/978-3-319-41540-6_16,True,,e94883fe85b7235ea5f51625c903b7a8ffa2ad5a,A Simple Algorithm for Solving Qualitative Probabilistic Parity Games,International Conference on Computer Aided Verification,2016.0,39.0,11.0,0.0,JournalArticle|Conference,Computer Science,False
DOI:10.1007/978-3-319-41540-6_18,doi,10.1007/978-3-319-41540-6_18,True,,ba8832a89b2d4773f43787e73cfa16816a4c859d,Slugs: Extensible GR(1) Synthesis,International Conference on Computer Aided Verification,2016.0,12.0,103.0,11.0,JournalArticle|Conference,Computer Science,False
DOI:10.1007/978-3-319-41540-6_19,doi,10.1007/978-3-319-41540-6_19,True,,0f4b80784ab736dda51464d2895cb348cdc34c08,Synthesis of Fault-Attack Countermeasures for Cryptographic Circuits,International Conference on Computer Aided Verification,2016.0,46.0,36.0,3.0,JournalArticle|Conference,Computer Science,False
DOI:10.1007/978-3-319-41540-6_2,doi,10.1007/978-3-319-41540-6_2,False,,,,,,,,,,,
DOI:10.1007/978-3-319-41540-6_20,doi,10.1007/978-3-319-41540-6_20,True,,eaf6027644f61a85acb8fd589fc28277eef0c715,A SAT-Based Counterexample Guided Method for Unbounded Synthesis,International Conference on Computer Aided Verification,2016.0,21.0,9.0,1.0,JournalArticle|Conference,Computer Science,False
DOI:10.1007/978-3-319-41540-6_21,doi,10.1007/978-3-319-41540-6_21,True,,33c65aace24e26979cc9ba6242310d06710ad8d2,Qlose: Program Repair with Quantitative Objectives,International Conference on Computer Aided Verification,2016.0,46.0,115.0,8.0,JournalArticle|Conference,Computer Science,True
DOI:10.1007/978-3-319-41540-6_23,doi,10.1007/978-3-319-41540-6_23,True,,430dfdd722baeb92c9c178c6d314f6bc08b17186,Soufflé: On Synthesis of Program Analyzers,International Conference on Computer Aided Verification,2016.0,19.0,212.0,25.0,JournalArticle|Conference,Computer Science,False
DOI:10.1007/978-3-319-41540-6_24,doi,10.1007/978-3-319-41540-6_24,True,,569a01f3506a46f2df1a1db1fc5fa638ed01334f,Property Directed Equivalence via Abstract Simulation,International Conference on Computer Aided Verification,2016.0,34.0,28.0,0.0,JournalArticle|Conference,Computer Science,False
DOI:10.1007/978-3-319-41540-6_25,doi,10.1007/978-3-319-41540-6_25,True,,8ac991d058787c1c11d1fb0cac2e4c22a2e8823f,Combining Model Learning and Model Checking to Analyze TCP Implementations,International Conference on Computer Aided Verification,2016.0,48.0,152.0,16.0,JournalArticle|Conference,Computer Science,False
DOI:10.1007/978-3-319-41540-6_26,doi,10.1007/978-3-319-41540-6_26,True,,c392237435c02437797e594e2e227981b1736d0e,BFS-Based Model Checking of Linear-Time Properties with an Application on GPUs,International Conference on Computer Aided Verification,2016.0,39.0,23.0,1.0,JournalArticle|Conference,Computer Science,False
DOI:10.1007/978-3-319-41540-6_27,doi,10.1007/978-3-319-41540-6_27,True,,27c7f709513923b69736eca5783e9fd2b2f48c02,BigraphER: Rewriting and Analysis Engine for Bigraphs,International Conference on Computer Aided Verification,2016.0,19.0,48.0,4.0,JournalArticle|Conference,Computer Science,False
DOI:10.1007/978-3-319-41540-6_28,doi,10.1007/978-3-319-41540-6_28,True,,693a04d0998d503626a29c066c3e3077306ddb4b,Verification-Aided Debugging: An Interactive Web-Service for Exploring Error Witnesses,International Conference on Computer Aided Verification,2016.0,11.0,21.0,0.0,JournalArticle|Conference,Computer Science,False
DOI:10.1007/978-3-319-41540-6_4,doi,10.1007/978-3-319-41540-6_4,True,,7c9b628a100af0e0214da6bb85dc061abf63f0b5,A Practical Verification Framework for Preemptive OS Kernels,International Conference on Computer Aided Verification,2016.0,26.0,74.0,9.0,JournalArticle|Conference,Computer Science,False
DOI:10.1007/978-3-319-41540-6_5,doi,10.1007/978-3-319-41540-6_5,True,,aa9c42f9791d959ac014051a39d50b0c0ee262f8,Probabilistic Automated Language Learning for Configuration Files,International Conference on Computer Aided Verification,2016.0,11.0,38.0,1.0,JournalArticle|Conference,Computer Science,False
DOI:10.1007/978-3-319-41540-6_6,doi,10.1007/978-3-319-41540-6_6,True,,d3564ef1ec79ce7722305495a8ac70a1a7d8b0ec,The Commutativity Problem of the MapReduce Framework: A Transducer-Based Approach,International Conference on Computer Aided Verification,2016.0,19.0,13.0,3.0,JournalArticle|Conference,Computer Science,False
DOI:10.1007/978-3-319-41540-6_7,doi,10.1007/978-3-319-41540-6_7,True,,6fb35fbae995f36693adad3702da9ced1ad6e360,Liveness of Randomised Parameterised Systems under Arbitrary Schedulers,International Conference on Computer Aided Verification,2016.0,83.0,25.0,2.0,JournalArticle|Conference,Computer Science,False
DOI:10.1007/978-3-319-41540-6_9,doi,10.1007/978-3-319-41540-6_9,True,,24a17efc8def148be03d27506d3885bb9c942480,Hitting Families of Schedules for Asynchronous Programs,International Conference on Computer Aided Verification,2016.0,26.0,13.0,2.0,JournalArticle|Conference,Computer Science|Mathematics,False
DOI:10.1007/978-3-319-54292-8_1,doi,10.1007/978-3-319-54292-8_1,True,,95411b3b20f1c3185130f05e9f74eae299dfb597,Verification of Networks of Smart Energy Systems over the Cloud,NSV@CAV,2016.0,23.0,5.0,0.0,JournalArticle,Computer Science,False
DOI:10.1007/978-3-319-54292-8_2,doi,10.1007/978-3-319-54292-8_2,True,,b0b2f733f02bd028b2318e1f510f7024a491fbe8,Proving Properties on PWA Systems Using Copositive and Semidefinite Programming,NSV@CAV,2016.0,13.0,5.0,0.0,JournalArticle,Mathematics|Computer Science,False
DOI:10.1007/978-3-319-54292-8_3,doi,10.1007/978-3-319-54292-8_3,True,,e1f9cad6b484886a506a6365fdfe2106664f4a4b,Formal Analysis of Engineering Systems Based on Signal-Flow-Graph Theory,NSV@CAV,2016.0,20.0,4.0,0.0,JournalArticle,Computer Science,False
DOI:10.1007/978-3-319-54292-8_4,doi,10.1007/978-3-319-54292-8_4,True,,0c2715bbff259db102136fcefeda97e49446e57e,Computing a Correct and Tight Rounding Error Bound Using Rounding-to-Nearest,NSV@CAV,2016.0,10.0,0.0,0.0,JournalArticle,Mathematics|Computer Science,False
DOI:10.1007/978-3-319-54292-8_5,doi,10.1007/978-3-319-54292-8_5,True,,280168660a7cf442456fe745aedb356a231cfcea,Studying Sequences of Jumps in Hybrid Systems to Detect Zeno Phenomenon,NSV@CAV,2016.0,13.0,0.0,0.0,JournalArticle,Computer Science|Mathematics,False
DOI:10.1007/978-3-319-54292-8_6,doi,10.1007/978-3-319-54292-8_6,True,,fa1100d78cec729b1e99689020397d0f45ac79e1,Toward a Standard Benchmark Format and Suite for Floating-Point Analysis,NSV@CAV,2016.0,27.0,80.0,12.0,JournalArticle,Computer Science,False
DOI:10.1007/978-3-319-54292-8_8,doi,10.1007/978-3-319-54292-8_8,True,,7b606ac2d08617e2a216838a2997bf0cc22b64b4,Model Based Automatic Code Generation for Nonlinear Model Predictive Control,NSV@CAV,2016.0,5.0,0.0,0.0,JournalArticle|Review,Computer Science,False
DOI:10.1007/978-3-319-54292-8_9,doi,10.1007/978-3-319-54292-8_9,True,,d9553b722c547cd47d9fcbc6c1c68d5ee6878fa8,Reduce the Complexity of the Polyhedron Minimization Using the Max Plus Pruning Method,NSV@CAV,2016.0,12.0,0.0,0.0,JournalArticle,Computer Science,False
DOI:10.1007/978-3-319-55014-5_1,doi,10.1007/978-3-319-55014-5_1,True,,d01bee620e83b6caad59aff5a83135dc578d67fa,Can Existing Biomedical Ontologies Be More Useful for EHR and CDS?,KR4HC/ProHealth@HEC,2016.0,38.0,7.0,1.0,JournalArticle,Computer Science,False
DOI:10.1007/978-3-319-55014-5_2,doi,10.1007/978-3-319-55014-5_2,True,,6a1d50c861a10839de2bd5d702e7c6755d12e97f,Formalization and Computation of Diabetes Quality Indicators with Patient Data from a Chinese Hospital,KR4HC/ProHealth@HEC,2016.0,17.0,0.0,0.0,JournalArticle,Computer Science|Medicine,False
DOI:10.1007/978-3-319-55014-5_3,doi,10.1007/978-3-319-55014-5_3,True,,d64d50c6396b5efe949ba052da280e2dd0703922,Simulation-Based Episodes of Care Data Synthetization for Chronic Disease Patients,KR4HC/ProHealth@HEC,2016.0,18.0,7.0,0.0,JournalArticle,Computer Science|Medicine,False
DOI:10.1007/978-3-319-55014-5_4,doi,10.1007/978-3-319-55014-5_4,True,,d8a3c1c81007a9f6dbb3ec83913138f29174e24e,A Public Health Surveillance Platform Exploiting Free-Text Sources via Natural Language Processing and Linked Data: Application in Adverse Drug Reaction Signal Detection Using PubMed and Twitter,KR4HC/ProHealth@HEC,2016.0,31.0,11.0,0.0,JournalArticle,Engineering|Computer Science,False
DOI:10.1007/978-3-319-55014-5_5,doi,10.1007/978-3-319-55014-5_5,True,,a4de8e1ccac222e69d57f15c71114d980447a835,Knowledge-Driven Paper Retrieval to Support Updating of Clinical Guidelines - A Use Case on PubMed,KR4HC/ProHealth@HEC,2016.0,17.0,7.0,0.0,JournalArticle,Computer Science,False
DOI:10.1007/978-3-319-55014-5_6,doi,10.1007/978-3-319-55014-5_6,True,,043243e6f0e79ab4781c3b1acd59ab973d7074dc,Applying SPARQL-Based Inference and Ontologies for Modelling and Execution of Clinical Practice Guidelines: A Case Study on Hypertension Management,KR4HC/ProHealth@HEC,2016.0,32.0,8.0,1.0,JournalArticle,Computer Science,False
DOI:10.1007/978-3-319-55014-5_7,doi,10.1007/978-3-319-55014-5_7,True,,75d3f12ca15457c5cc92e8943fa8c8d9b6b130ff,Generating Conflict-Free Treatments for Patients with Comorbidity Using Answer Set Programming,KR4HC/ProHealth@HEC,2016.0,15.0,3.0,1.0,JournalArticle,Computer Science,False
DOI:10.1007/978-3-319-61660-5_10,doi,10.1007/978-3-319-61660-5_10,True,,120a850b5e34c2fa55a2a3a07dd4f98b188faddd,A Monotonic View on Reflexive Autoepistemic Reasoning,International Conference on Logic Programming and Non-Monotonic Reasoning,2017.0,17.0,7.0,1.0,JournalArticle,Computer Science,False
DOI:10.1007/978-3-319-61660-5_11,doi,10.1007/978-3-319-61660-5_11,True,,badf549a6bd66df8a09c1eceeeb8a8243d8cfde8,Minimal Inference Problem Over Finite Domains: The Landscape of Complexity,International Conference on Logic Programming and Non-Monotonic Reasoning,2017.0,20.0,1.0,0.0,JournalArticle,Computer Science,False
DOI:10.1007/978-3-319-61660-5_13,doi,10.1007/978-3-319-61660-5_13,True,,1f0d43c4b919e32b6dca2d436573a0ad9e38ac3d,Answer Set Solving with Bounded Treewidth Revisited,International Conference on Logic Programming and Non-Monotonic Reasoning,2017.0,31.0,46.0,3.0,JournalArticle,Computer Science,False
DOI:10.1007/978-3-319-61660-5_15,doi,10.1007/978-3-319-61660-5_15,True,,8a1760ed09d3a7fd950bdcd2a53377948df5a0ed,Answer Set Programs with Queries over Subprograms,International Conference on Logic Programming and Non-Monotonic Reasoning,2017.0,15.0,2.0,0.0,JournalArticle,Computer Science,False
DOI:10.1007/978-3-319-61660-5_16,doi,10.1007/978-3-319-61660-5_16,True,,fb303640ffe8c2a68c090e85f6387d53db3e6dca,Explaining Inconsistency in Answer Set Programs and Extensions,International Conference on Logic Programming and Non-Monotonic Reasoning,2017.0,13.0,5.0,1.0,JournalArticle,Computer Science,False
DOI:10.1007/978-3-319-61660-5_17,doi,10.1007/978-3-319-61660-5_17,True,,ed256551f70c265b5899d7d5f3478acf2f2f8394,Blending Lazy-Grounding and CDNL Search for Answer-Set Solving,International Conference on Logic Programming and Non-Monotonic Reasoning,2017.0,20.0,55.0,6.0,JournalArticle,Computer Science,False
DOI:10.1007/978-3-319-61660-5_18,doi,10.1007/978-3-319-61660-5_18,True,,3f92e72a90bfb25dda86f569e2dff6977a4a7e66,Answer Set Programming with Graded Modality,International Conference on Logic Programming and Non-Monotonic Reasoning,2017.0,7.0,2.0,0.0,JournalArticle,Computer Science|Mathematics,False
DOI:10.1007/978-3-319-61660-5_19,doi,10.1007/978-3-319-61660-5_19,True,,f4ef841d1e81c50dd3257d220893dd30e792ab58,The ASP System DLV2,International Conference on Logic Programming and Non-Monotonic Reasoning,2017.0,15.0,113.0,12.0,JournalArticle,Computer Science,False
DOI:10.1007/978-3-319-61660-5_22,doi,10.1007/978-3-319-61660-5_22,True,,e9c9e7a0167db4948ba58abe0d2b118002cb8eda,NoHR: Integrating XSB Prolog with the OWL 2 Profiles and Beyond,International Conference on Logic Programming and Non-Monotonic Reasoning,2017.0,27.0,11.0,0.0,JournalArticle,Computer Science,False
DOI:10.1007/978-3-319-61660-5_23,doi,10.1007/978-3-319-61660-5_23,True,,3197b3caee4c39d180a273775ba7ae0a2b4db3f7,ArgueApply: A Mobile App for Argumentation,International Conference on Logic Programming and Non-Monotonic Reasoning,2017.0,18.0,14.0,0.0,JournalArticle,Computer Science,False
DOI:10.1007/978-3-319-61660-5_24,doi,10.1007/978-3-319-61660-5_24,True,,e08176829ab0adaffad7655cbe30e48d3b92e9d8,catnap: Generating Test Suites of Constrained Combinatorial Testing with Answer Set Programming,International Conference on Logic Programming and Non-Monotonic Reasoning,2017.0,22.0,3.0,0.0,JournalArticle,Computer Science,False
DOI:10.1007/978-3-319-61660-5_25,doi,10.1007/978-3-319-61660-5_25,True,,a4b3b9558170f687a3f705e8586c18a8f9f3ec9d,Automatic Synthesis of Optimal-Size Concentrators by Answer Set Programming,International Conference on Logic Programming and Non-Monotonic Reasoning,2017.0,19.0,2.0,0.0,JournalArticle,Computer Science,False
DOI:10.1007/978-3-319-61660-5_26,doi,10.1007/978-3-319-61660-5_26,False,,,,,,,,,,,
DOI:10.1007/978-3-319-61660-5_27,doi,10.1007/978-3-319-61660-5_27,True,,6756b003f1fc666c75febf3e1bf26d3af9e86747,Nurse Scheduling via Answer Set Programming,International Conference on Logic Programming and Non-Monotonic Reasoning,2017.0,19.0,57.0,0.0,JournalArticle,Computer Science,False
DOI:10.1007/978-3-319-61660-5_29,doi,10.1007/978-3-319-61660-5_29,True,,1f69438f4819e29ea3171c8beb4e60bd1a52999c,Action Language Hybrid AL,International Conference on Logic Programming and Non-Monotonic Reasoning,2017.0,12.0,2.0,0.0,JournalArticle,Mathematics|Computer Science,False
DOI:10.1007/978-3-319-61660-5_3,doi,10.1007/978-3-319-61660-5_3,True,,e1676731856659b98d5e5da8d7208945c9f15170,Answer Set Programming and Its Applications in Planning and Multi-agent Systems,International Conference on Logic Programming and Non-Monotonic Reasoning,2017.0,34.0,3.0,0.0,JournalArticle,Computer Science,False
DOI:10.1007/978-3-319-61660-5_30,doi,10.1007/978-3-319-61660-5_30,True,,41e76aef6285dbed6a0d3442b43635fe1c58755d,moviola: Interpreting Dynamic Logic Programs via Multi-shot Answer Set Programming,International Conference on Logic Programming and Non-Monotonic Reasoning,2017.0,14.0,1.0,0.0,JournalArticle,Computer Science,False
DOI:10.1007/978-3-319-61660-5_31,doi,10.1007/978-3-319-61660-5_31,True,,501766963ac768463a571c8905f997bc96ffddcc,Adjudication of Coreference Annotations via Answer Set Optimization,International Conference on Logic Programming and Non-Monotonic Reasoning,2017.0,65.0,2.0,0.0,JournalArticle,Computer Science,False
DOI:10.1007/978-3-319-61660-5_4,doi,10.1007/978-3-319-61660-5_4,True,,a313862b0bc7175b3ab710cf64bfdbc7a49d99e4,From Logic Programming and Non-monotonic Reasoning to Computational Argumentation and Beyond,International Conference on Logic Programming and Non-Monotonic Reasoning,2017.0,20.0,0.0,0.0,JournalArticle,Computer Science,False
DOI:10.1007/978-3-319-61660-5_5,doi,10.1007/978-3-319-61660-5_5,True,,7854e32ac29f336bdeca7fb4a6cfe8abae8fd0c6,Modular Construction of Minimal Models,International Conference on Logic Programming and Non-Monotonic Reasoning,2017.0,2.0,4.0,0.0,JournalArticle,Computer Science,False
DOI:10.1007/978-3-319-61660-5_6,doi,10.1007/978-3-319-61660-5_6,True,,95878bdbc85f16e1e5ab1040246ca71d253c306a,A Hasse Diagram for Weighted Sceptical Semantics with a Unique-Status Grounded Semantics,International Conference on Logic Programming and Non-Monotonic Reasoning,2017.0,12.0,12.0,0.0,JournalArticle,Computer Science,False
DOI:10.1007/978-3-319-61660-5_7,doi,10.1007/978-3-319-61660-5_7,True,,cb84fb9df276ac8c058139ca44a5d2ff3a54752c,Foundations for a Probabilistic Event Calculus,International Conference on Logic Programming and Non-Monotonic Reasoning,2017.0,29.0,18.0,1.0,JournalArticle,Computer Science,False
DOI:10.1007/978-3-319-61660-5_8,doi,10.1007/978-3-319-61660-5_8,True,,29077f68c575725f126426754ea6a17d8ebe2d81,Contextual Reasoning: Usually Birds Can Abductively Fly,International Conference on Logic Programming and Non-Monotonic Reasoning,2017.0,22.0,13.0,1.0,JournalArticle,Computer Science,False
DOI:10.1007/978-3-319-63387-9_10,doi,10.1007/978-3-319-63387-9_10,True,,821dcee17990f53b99ef7bbbd7875ac94418f2d6,Value Iteration for Long-Run Average Reward in Markov Decision Processes,International Conference on Computer Aided Verification,2017.0,36.0,42.0,2.0,JournalArticle|Conference,Computer Science,False
DOI:10.1007/978-3-319-63387-9_11,doi,10.1007/978-3-319-63387-9_11,True,,5e5177d54c2311493826b9f435768948be2cbfed,STLInspector: STL Validation with Guarantees,International Conference on Computer Aided Verification,2017.0,19.0,16.0,0.0,JournalArticle|Conference,Computer Science,False
DOI:10.1007/978-3-319-63387-9_14,doi,10.1007/978-3-319-63387-9_14,True,,2f139e8b5ad633c7b03780d35d96bc52b16c56a3,Data-Driven Synthesis of Full Probabilistic Programs,International Conference on Computer Aided Verification,2017.0,39.0,16.0,1.0,JournalArticle|Conference,Computer Science,False
DOI:10.1007/978-3-319-63387-9_16,doi,10.1007/978-3-319-63387-9_16,True,,79e698d8235d642277fb9f332bb73ce38f829777,Montre: A Tool for Monitoring Timed Regular Expressions,International Conference on Computer Aided Verification,2016.0,28.0,36.0,5.0,JournalArticle|Conference,Mathematics|Computer Science,False
DOI:10.1007/978-3-319-63387-9_17,doi,10.1007/978-3-319-63387-9_17,True,,427466f344bb1e0c74d239bf2b3bed937ff5012d,Runtime Monitoring with Recovery of the SENT Communication Protocol,International Conference on Computer Aided Verification,2017.0,36.0,39.0,5.0,JournalArticle|Conference,Computer Science,False
DOI:10.1007/978-3-319-63387-9_18,doi,10.1007/978-3-319-63387-9_18,True,,6fea8835ccb496d004888f330a85194c1c5fa244,Runtime Verification of Temporal Properties over Out-of-Order Data Streams,International Conference on Computer Aided Verification,2017.0,24.0,22.0,0.0,JournalArticle|Conference,Computer Science,False
DOI:10.1007/978-3-319-63387-9_19,doi,10.1007/978-3-319-63387-9_19,True,,98bfd40f1d7aea6a8e45f6357c228f8ba105dec1,Lagrangian Reachabililty,International Conference on Computer Aided Verification,2017.0,35.0,11.0,0.0,JournalArticle|Conference,Computer Science|Mathematics,False
DOI:10.1007/978-3-319-63387-9_2,doi,10.1007/978-3-319-63387-9_2,True,,da60333caaed5bd194257945e6b4947533f3f685,Program Verification Under Weak Memory Consistency Using Separation Logic,International Conference on Computer Aided Verification,2017.0,27.0,11.0,1.0,JournalArticle|Conference,Computer Science,False
DOI:10.1007/978-3-319-63387-9_20,doi,10.1007/978-3-319-63387-9_20,True,,b8847f97e45d2146848b135eb9f779d49803ec2d,Simulation-Equivalent Reachability of Large Linear Systems with Inputs,International Conference on Computer Aided Verification,2017.0,22.0,81.0,8.0,JournalArticle|Conference,Computer Science,False
DOI:10.1007/978-3-319-63387-9_21,doi,10.1007/978-3-319-63387-9_21,True,,422fea95638c52157b83e4f198648803b2201d77,MightyL: A Compositional Translation from MITL to Timed Automata,International Conference on Computer Aided Verification,2017.0,42.0,38.0,5.0,JournalArticle|Conference,Computer Science,True
DOI:10.1007/978-3-319-63387-9_22,doi,10.1007/978-3-319-63387-9_22,True,,f3e988925e4e3abc5533d42063663155f7fbeb0b,DryVR: Data-Driven Verification and Compositional Reasoning for Automotive Systems,International Conference on Computer Aided Verification,2017.0,61.0,106.0,8.0,JournalArticle|Conference,Computer Science,False
DOI:10.1007/978-3-319-63387-9_23,doi,10.1007/978-3-319-63387-9_23,True,,8047defb83cba6df906b5756d9094da7232e1526,Automated Formal Synthesis of Digital Controllers for State-Space Physical Plants,International Conference on Computer Aided Verification,2017.0,43.0,34.0,2.0,JournalArticle|Conference,Computer Science,False
DOI:10.1007/978-3-319-63387-9_24,doi,10.1007/978-3-319-63387-9_24,True,,b33d4931cbd8245157f50090b0322ab19242fada,Classification and Coverage-Based Falsification for Embedded Control Systems,International Conference on Computer Aided Verification,2017.0,26.0,38.0,5.0,JournalArticle|Conference,Computer Science,False
DOI:10.1007/978-3-319-63387-9_25,doi,10.1007/978-3-319-63387-9_25,True,,d9d925185c827f3cc4fb2f16ed98c88c9a868053,GPUDrano: Detecting Uncoalesced Accesses in GPU Programs,International Conference on Computer Aided Verification,2017.0,21.0,19.0,0.0,JournalArticle|Conference,Computer Science,False
DOI:10.1007/978-3-319-63387-9_27,doi,10.1007/978-3-319-63387-9_27,True,,a0ee840b060693e065a6aa65617831695b242111,Starling: Lightweight Concurrency Verification with Views,International Conference on Computer Aided Verification,2017.0,25.0,15.0,1.0,JournalArticle|Conference,Computer Science,False
DOI:10.1007/978-3-319-63387-9_28,doi,10.1007/978-3-319-63387-9_28,True,,ec7ac0d195ded3d06f58e24fe193e651b86dd83d,Compositional Model Checking with Incremental Counter-Example Construction,International Conference on Computer Aided Verification,2017.0,51.0,3.0,0.0,JournalArticle|Conference,Computer Science,False
DOI:10.1007/978-3-319-63387-9_29,doi,10.1007/978-3-319-63387-9_29,True,,7a76ff8b61961d69345308b25f826dc5b45f62e8,Pithya: A Parallel Tool for Parameter Synthesis of Piecewise Multi-affine Dynamical Systems,International Conference on Computer Aided Verification,2017.0,30.0,9.0,0.0,JournalArticle|Conference,Computer Science,False
DOI:10.1007/978-3-319-63387-9_4,doi,10.1007/978-3-319-63387-9_4,True,,a3ad54e1e33353b4e22b422f2b128766d1440203,Maximum Satisfiability in Software Analysis: Applications and Techniques,International Conference on Computer Aided Verification,2017.0,74.0,22.0,0.0,JournalArticle|Conference,Computer Science,True
DOI:10.1007/978-3-319-63387-9_5,doi,10.1007/978-3-319-63387-9_5,True,,b0dc598adda48acab590f95a5985fcc7abf2aca9,Reluplex: An Efficient SMT Solver for Verifying Deep Neural Networks,International Conference on Computer Aided Verification,2017.0,40.0,2088.0,292.0,JournalArticle|Conference,Computer Science,False
DOI:10.1007/978-3-319-63387-9_6,doi,10.1007/978-3-319-63387-9_6,True,,3f7a1019dfa65fe1f8fd34fd51f2fd599a0e4dee,Automated Recurrence Analysis for Almost-Linear Expected-Runtime Bounds,International Conference on Computer Aided Verification,2017.0,54.0,28.0,0.0,JournalArticle|Conference,Computer Science,False
DOI:10.1007/978-3-319-63387-9_8,doi,10.1007/978-3-319-63387-9_8,True,,b83aa57aa5a62bb669207184a748eb9eb3b7fc91,Ensuring the Reliability of Your Model Checker: Interval Iteration for Markov Decision Processes,International Conference on Computer Aided Verification,2017.0,32.0,75.0,13.0,JournalArticle|Conference,Computer Science,False
DOI:10.1007/978-3-319-63390-9_1,doi,10.1007/978-3-319-63390-9_1,True,,f3560c3eaf1986675880256be73bd91977782c4d,Verified Compilation of Space-Efficient Reversible Circuits,International Conference on Computer Aided Verification,2016.0,63.0,49.0,6.0,JournalArticle|Conference,Computer Science|Physics|Mathematics,True
DOI:10.1007/978-3-319-63390-9_10,doi,10.1007/978-3-319-63390-9_10,True,,f85d528e57f2b8813b7750b601509d0d6421d32a,Minimization of Symbolic Transducers,International Conference on Computer Aided Verification,2017.0,40.0,7.0,0.0,JournalArticle|Conference,Computer Science,False
DOI:10.1007/978-3-319-63390-9_11,doi,10.1007/978-3-319-63390-9_11,True,,69834af01df048c22affbfc2c7fda1d0843b8514,Abstract Interpretation with Unfoldings,International Conference on Computer Aided Verification,2017.0,34.0,9.0,1.0,JournalArticle|Conference,Computer Science,False
DOI:10.1007/978-3-319-63390-9_12,doi,10.1007/978-3-319-63390-9_12,True,,10f322da42f137bee240e19ac56dbfb2719c0dbf,Cutoff Bounds for Consensus Algorithms,International Conference on Computer Aided Verification,2017.0,55.0,69.0,6.0,JournalArticle|Conference,Computer Science,False
DOI:10.1007/978-3-319-63390-9_15,doi,10.1007/978-3-319-63390-9_15,True,,30f6316d7863fd3e3c7a3ef831faf438dcc45dfa,Verifying Equivalence of Spark Programs,International Conference on Computer Aided Verification,2017.0,35.0,20.0,0.0,JournalArticle|Conference,Computer Science,False
DOI:10.1007/978-3-319-63390-9_16,doi,10.1007/978-3-319-63390-9_16,True,,f46f9ec69f03a284d75d3888aa88f30921c6f93b,Synchronization Synthesis for Network Programs,International Conference on Computer Aided Verification,2017.0,40.0,17.0,0.0,JournalArticle|Conference,Computer Science,False
DOI:10.1007/978-3-319-63390-9_17,doi,10.1007/978-3-319-63390-9_17,True,,5f81426b41362c9fe11b7bacb874ba8181a4e994,BoSy: An Experimentation Framework for Bounded Synthesis,International Conference on Computer Aided Verification,2017.0,25.0,66.0,4.0,JournalArticle|Conference,Computer Science,False
DOI:10.1007/978-3-319-63390-9_2,doi,10.1007/978-3-319-63390-9_2,True,,b434af9d2702080136f2ed42457c7866abb0f280,Ascertaining Uncertainty for Efficient Exact Cache Analysis,International Conference on Computer Aided Verification,2017.0,22.0,806.0,24.0,JournalArticle|Conference,Computer Science,True
DOI:10.1007/978-3-319-63390-9_20,doi,10.1007/978-3-319-63390-9_20,True,,46586887b9f97fead9e009357b4f0c339128de46,Syntax-Guided Optimal Synthesis for Chemical Reaction Networks,International Conference on Computer Aided Verification,2017.0,57.0,30.0,2.0,JournalArticle|Conference,Computer Science,True
DOI:10.1007/978-3-319-63390-9_21,doi,10.1007/978-3-319-63390-9_21,True,,d63c3b617f705e84d60ce3e0d8c0f75eb3e30470,Model Counting for Recursively-Defined Strings,International Conference on Computer Aided Verification,2017.0,30.0,23.0,4.0,JournalArticle|Conference,Computer Science,False
DOI:10.1007/978-3-319-63390-9_22,doi,10.1007/978-3-319-63390-9_22,True,,aa65542d6c52554862447a501f3394534aec5eff,A Three-Tier Strategy for Reasoning About Floating-Point Numbers in SMT,International Conference on Computer Aided Verification,2017.0,19.0,17.0,0.0,JournalArticle|Conference,Computer Science,False
DOI:10.1007/978-3-319-63390-9_23,doi,10.1007/978-3-319-63390-9_23,True,,650f4bb5d47dd40ba8434d643eca4b6b88971455,A Correct-by-Decision Solution for Simultaneous Place and Route,International Conference on Computer Aided Verification,2017.0,20.0,5.0,1.0,JournalArticle|Conference,Computer Science,False
DOI:10.1007/978-3-319-63390-9_24,doi,10.1007/978-3-319-63390-9_24,True,,8a7a23104378a8c4b3f165f70f8d2f45dab58005,Scaling Up DPLL(T) String Solvers Using Context-Dependent Simplification,International Conference on Computer Aided Verification,2017.0,30.0,50.0,8.0,JournalArticle|Conference,Computer Science,False
DOI:10.1007/978-3-319-63390-9_25,doi,10.1007/978-3-319-63390-9_25,True,,8a1672c068764f9fa8d96487e8c8fb48e61b4687,On Expansion and Resolution in CEGAR Based QBF Solving,International Conference on Computer Aided Verification,2017.0,27.0,24.0,0.0,JournalArticle|Conference,Computer Science,True
DOI:10.1007/978-3-319-63390-9_27,doi,10.1007/978-3-319-63390-9_27,True,,f14515cd0e13a84160e86c660915b4742fd1fab3,Finding Fix Locations for CFL-Reachability Analyses via Minimum Cuts,International Conference on Computer Aided Verification,2017.0,23.0,3.0,0.0,JournalArticle|Conference,Computer Science,False
DOI:10.1007/978-3-319-63390-9_28,doi,10.1007/978-3-319-63390-9_28,True,,3324a211eceac4cef21527433f57c2efe1d0c0d9,Proving Linearizability Using Forward Simulations,International Conference on Computer Aided Verification,2017.0,43.0,35.0,2.0,JournalArticle|Conference,Computer Science,False
DOI:10.1007/978-3-319-63390-9_29,doi,10.1007/978-3-319-63390-9_29,True,,f6b9696a7c92129dc5e992a50f593cb8e0449af7,"EAHyper: Satisfiability, Implication, and Equivalence Checking of Hyperproperties",International Conference on Computer Aided Verification,2017.0,17.0,46.0,2.0,JournalArticle|Conference,Computer Science,False
DOI:10.1007/978-3-319-63390-9_30,doi,10.1007/978-3-319-63390-9_30,True,,9137dd66bdc93f14084531f903fbbee911fd26f7,Automating Induction for Solving Horn Clauses,International Conference on Computer Aided Verification,2016.0,72.0,43.0,8.0,JournalArticle|Conference,Computer Science,True
DOI:10.1007/978-3-319-63390-9_31,doi,10.1007/978-3-319-63390-9_31,True,,19e04ed2d7df1a8eaad707e19cff081cbe495d7c,A Storm is Coming: A Modern Probabilistic Model Checker,International Conference on Computer Aided Verification,2017.0,51.0,433.0,43.0,JournalArticle|Conference,Computer Science,False
DOI:10.1007/978-3-319-63390-9_4,doi,10.1007/978-3-319-63390-9_4,True,,758720470fcea62254f5f4374b3a51c3e8a1ccf8,Automated Resource Analysis with Coq Proof Objects,International Conference on Computer Aided Verification,2017.0,32.0,39.0,2.0,JournalArticle|Conference,Computer Science,False
DOI:10.1007/978-3-319-63390-9_5,doi,10.1007/978-3-319-63390-9_5,True,,149ef788ef6a7fbaad69450012b2ef2bc24564df,Look for the Proof to Find the Program: Decorated-Component-Based Program Synthesis,International Conference on Computer Aided Verification,2017.0,36.0,9.0,0.0,JournalArticle|Conference,Computer Science,False
DOI:10.1007/978-3-319-63390-9_6,doi,10.1007/978-3-319-63390-9_6,True,,5da74b4330f1dbe43327d5328401f367cf3905e5,E-QED: Electrical Bug Localization During Post-silicon Validation Enabled by Quick Error Detection and Formal Methods,International Conference on Computer Aided Verification,2017.0,43.0,11.0,2.0,JournalArticle|Conference,Computer Science,False
DOI:10.1007/978-3-319-63390-9_7,doi,10.1007/978-3-319-63390-9_7,True,,0a977b239999f3c1e956dbecc933f434426c2a82,SMTCoq: A Plug-In for Integrating SMT Solvers into Coq,International Conference on Computer Aided Verification,2017.0,15.0,97.0,2.0,JournalArticle|Conference,Computer Science,False
DOI:10.1007/978-3-319-63390-9_8,doi,10.1007/978-3-319-63390-9_8,True,,41bfd55ff7f311072cc9ea121bd0abbc3636b37c,Efficient Parallel Strategy Improvement for Parity Games,International Conference on Computer Aided Verification,2017.0,37.0,14.0,2.0,JournalArticle|Conference,Computer Science,False
DOI:10.1007/978-3-319-63390-9_9,doi,10.1007/978-3-319-63390-9_9,True,,82881754fcd4743dd97d149caeee7d205340d72b,Model-Checking Linear-Time Properties of Parametrized Asynchronous Shared-Memory Pushdown Systems,International Conference on Computer Aided Verification,2017.0,38.0,12.0,0.0,JournalArticle|Conference,Computer Science,True
DOI:10.1007/978-3-319-63501-9_1,doi,10.1007/978-3-319-63501-9_1,True,,759087e9d210c7618d01f7d51a7280afb579b5ac,Verified Computations Using Taylor Models and Their Applications,NSV@CAV,2017.0,9.0,15.0,0.0,JournalArticle|Review,Mathematics|Computer Science,False
DOI:10.1007/978-3-319-63501-9_2,doi,10.1007/978-3-319-63501-9_2,True,,32213885a6c99116776b270807890dde9105998c,Introduction to the IEEE 1788-2015 Standard for Interval Arithmetic,NSV@CAV,2017.0,21.0,22.0,1.0,JournalArticle,Computer Science,False
DOI:10.1007/978-3-319-63501-9_3,doi,10.1007/978-3-319-63501-9_3,True,,6c50ef550d2b833cc2cd33380e0e9202db89aa3b,Formal Correctness of Comparison Algorithms Between Binary64 and Decimal64 Floating-Point Numbers,NSV@CAV,2017.0,12.0,2.0,0.0,JournalArticle,Computer Science,False
DOI:10.1007/978-3-319-63501-9_4,doi,10.1007/978-3-319-63501-9_4,True,,1719be9afa87dcc230e3624045eeb39aab0db52e,Sound Numerical Computations in Abstract Acceleration,NSV@CAV,2017.0,45.0,4.0,0.0,JournalArticle,Computer Science,False
DOI:10.1007/978-3-319-63501-9_5,doi,10.1007/978-3-319-63501-9_5,True,,9d8ba605f70b75d2c5182256fff198c4ceeab2e1,Studying the Numerical Quality of an Industrial Computing Code: A Case Study on Code_aster,NSV@CAV,2017.0,20.0,16.0,1.0,JournalArticle,Computer Science,False
DOI:10.1007/978-3-319-63501-9_6,doi,10.1007/978-3-319-63501-9_6,True,,d5d0544222f9560a71e95cd6cc9dcbbf6e235368,Challenges and Tool Implementation of Hybrid Rapidly-Exploring Random Trees,NSV@CAV,2017.0,14.0,3.0,0.0,JournalArticle,Computer Science,False
DOI:10.1007/978-3-319-63501-9_7,doi,10.1007/978-3-319-63501-9_7,True,,4714af24aae47a7c16922e86b5602f9b5a33443c,Rigorous Reachability Analysis and Domain Decomposition of Taylor Models,NSV@CAV,2017.0,23.0,10.0,0.0,JournalArticle,Mathematics|Computer Science,False
DOI:10.1007/978-3-319-63501-9_8,doi,10.1007/978-3-319-63501-9_8,True,,5bcefde107b359dbbb1e480f419d9875a9c8c21e,A Study of Model-Order Reduction Techniques for Verification,NSV@CAV,2017.0,23.0,8.0,1.0,JournalArticle,Computer Science,False
DOI:10.1007/978-3-319-96142-2_1,doi,10.1007/978-3-319-96142-2_1,True,,9f9157b08de05ac2cf70e13e27f88a3acd9a5047,Let this Graph Be Your Witness! - An Attestor for Verifying Java Pointer Programs,International Conference on Computer Aided Verification,2018.0,16.0,3.0,0.0,JournalArticle|Conference,Computer Science,True
DOI:10.1007/978-3-319-96142-2_11,doi,10.1007/978-3-319-96142-2_11,True,,d23952f1b34946d378af2618ae2560ba54669a60,Lazy Self-composition for Security Verification,International Conference on Computer Aided Verification,2018.0,37.0,26.0,2.0,JournalArticle|Conference,Computer Science,True
DOI:10.1007/978-3-319-96142-2_12,doi,10.1007/978-3-319-96142-2_12,True,,3e38dab5adc1634a6733734c4b6764b5297b2a67,SCInfer: Refinement-Based Verification of Software Countermeasures Against Side-Channel Attacks,International Conference on Computer Aided Verification,2018.0,56.0,34.0,1.0,JournalArticle|Conference,Computer Science,True
DOI:10.1007/978-3-319-96142-2_13,doi,10.1007/978-3-319-96142-2_13,True,,8a224636af30db4eacd18cb3a324c47df64bbf9b,Symbolic Algorithms for Graphs and Markov Decision Processes with Fairness Objectives,International Conference on Computer Aided Verification,2018.0,35.0,6.0,2.0,JournalArticle|Conference,Computer Science|Mathematics,True
DOI:10.1007/978-3-319-96142-2_14,doi,10.1007/978-3-319-96142-2_14,True,,b0b88c39bdb8bc9b0ecaeeba818d23f8e6284031,Attracting Tangles to Solve Parity Games,International Conference on Computer Aided Verification,2018.0,25.0,18.0,0.0,JournalArticle|Conference,Computer Science,True
DOI:10.1007/978-3-319-96142-2_15,doi,10.1007/978-3-319-96142-2_15,True,,cb58805dbdc1bebae5666276246da3acdf728a12,Delta-Decision Procedures for Exists-Forall Problems over the Reals,International Conference on Computer Aided Verification,2018.0,36.0,22.0,1.0,JournalArticle|Conference,Computer Science,True
DOI:10.1007/978-3-319-96142-2_17,doi,10.1007/978-3-319-96142-2_17,True,,fbbdddaead25c59bfcc87a6dd5babe599848a79c,Understanding and Extending Incremental Determinization for 2QBF,International Conference on Computer Aided Verification,2018.0,42.0,28.0,2.0,JournalArticle|Conference,Computer Science,False
DOI:10.1007/978-3-319-96142-2_19,doi,10.1007/978-3-319-96142-2_19,True,,5f1f34b4594db7a1a347c350d0c219dfcd176065,Model Generation for Quantified Formulas: A Taint-Based Approach,International Conference on Computer Aided Verification,2018.0,39.0,7.0,0.0,JournalArticle|Conference,Computer Science|Mathematics,True
DOI:10.1007/978-3-319-96142-2_2,doi,10.1007/978-3-319-96142-2_2,True,,d250dd92ff0737f0801cc483775257904b8827ff,MaxSMT-Based Type Inference for Python 3,International Conference on Computer Aided Verification,2018.0,18.0,54.0,6.0,JournalArticle|Conference,Computer Science,False
DOI:10.1007/978-3-319-96142-2_20,doi,10.1007/978-3-319-96142-2_20,True,,4ded8d96a248a19c67c48974fab7b60cef340451,Partial Order Aware Concurrency Sampling,International Conference on Computer Aided Verification,2018.0,33.0,35.0,6.0,JournalArticle|Conference,Computer Science,True
DOI:10.1007/978-3-319-96142-2_21,doi,10.1007/978-3-319-96142-2_21,True,,107ae77e9b6b528dbf87035134626001ff0e0733,Reasoning About TSO Programs Using Reduction and Abstraction,International Conference on Computer Aided Verification,2018.0,21.0,16.0,1.0,JournalArticle|Conference,Computer Science|Mathematics,False
DOI:10.1007/978-3-319-96142-2_23,doi,10.1007/978-3-319-96142-2_23,True,,b756930164401e83473e2dc822cc779431f5f00f,On the Completeness of Verifying Message Passing Programs under Bounded Asynchrony,International Conference on Computer Aided Verification,2018.0,33.0,51.0,9.0,JournalArticle|Conference,Computer Science,False
DOI:10.1007/978-3-319-96142-2_25,doi,10.1007/978-3-319-96142-2_25,True,,5bf03bb258b1e9c0ca11f5a9bc6a1b9d9b0969b0,Formal Verification of a Vehicle-to-Vehicle (V2V) Messaging System,International Conference on Computer Aided Verification,2018.0,13.0,16.0,0.0,JournalArticle|Conference,Computer Science,True
DOI:10.1007/978-3-319-96142-2_26,doi,10.1007/978-3-319-96142-2_26,True,,7fde98770508c18087a70b8dbabe2917638cd149,Continuous Formal Verification of Amazon s2n,International Conference on Computer Aided Verification,2018.0,21.0,66.0,2.0,JournalArticle|Conference,Computer Science,True
DOI:10.1007/978-3-319-96142-2_27,doi,10.1007/978-3-319-96142-2_27,True,,e5696f05308018dabd5da991171a0cc0cf3d153a,Symbolic Liveness Analysis of Real-World Software,International Conference on Computer Aided Verification,2018.0,46.0,6.0,1.0,JournalArticle|Conference,Computer Science,True
DOI:10.1007/978-3-319-96142-2_3,doi,10.1007/978-3-319-96142-2_3,True,,919faf9493aece2b43b4ebc5a0ac3412d7ecb87d,The JKind Model Checker,International Conference on Computer Aided Verification,2017.0,26.0,51.0,2.0,JournalArticle|Conference,Mathematics|Computer Science,True
DOI:10.1007/978-3-319-96142-2_30,doi,10.1007/978-3-319-96142-2_30,True,,141e403356e8edabac0e10a382082b5be93ffe03,Formally Verified Montgomery Multiplication,International Conference on Computer Aided Verification,2018.0,12.0,5.0,0.0,JournalArticle|Conference|Review,Computer Science,True
DOI:10.1007/978-3-319-96142-2_31,doi,10.1007/978-3-319-96142-2_31,True,,86af42aedeefd808d33f5a2140431469ae8c4845,Inner and Outer Approximating Flowpipes for Delay Differential Equations,International Conference on Computer Aided Verification,2018.0,36.0,19.0,1.0,JournalArticle|Conference,Computer Science,True
DOI:10.1007/978-3-319-96142-2_4,doi,10.1007/978-3-319-96142-2_4,True,,1768abb30a48c7cfda674f5a9928aaf01c1d5e61,The DEEPSEC Prover,International Conference on Computer Aided Verification,2018.0,25.0,21.0,2.0,JournalArticle|Conference,Computer Science,True
DOI:10.1007/978-3-319-96142-2_5,doi,10.1007/978-3-319-96142-2_5,True,,681e6ab596218cc19ba046ae919d544d48bbee97,SimpleCAR: An Efficient Bug-Finding Tool Based on Approximate Reachability,International Conference on Computer Aided Verification,2018.0,16.0,16.0,0.0,JournalArticle|Conference,Computer Science,True
DOI:10.1007/978-3-319-96142-2_6,doi,10.1007/978-3-319-96142-2_6,True,,fc0ba9b51c5e7d6a76db723470e5780541e6ae55,StringFuzz: A Fuzzer for String Solvers,International Conference on Computer Aided Verification,2018.0,12.0,59.0,7.0,JournalArticle|Conference,Computer Science,True
DOI:10.1007/978-3-319-96142-2_7,doi,10.1007/978-3-319-96142-2_7,True,,0f189b99c52be596b77181e5825481c83a143c18,Permission Inference for Array Programs,International Conference on Computer Aided Verification,2018.0,48.0,15.0,0.0,JournalArticle|Conference,Computer Science,True
DOI:10.1007/978-3-319-96142-2_9,doi,10.1007/978-3-319-96142-2_9,True,,7e193d3a7367f4ef7106d154aba77e2f93467efb,Automata vs Linear-Programming Discounted-Sum Inclusion,International Conference on Computer Aided Verification,2018.0,21.0,6.0,0.0,JournalArticle|Conference,Computer Science,True
DOI:10.1007/978-3-319-96145-3_10,doi,10.1007/978-3-319-96145-3_10,True,,5717edbf7e579def9fc29380157fe3ca6421a12d,JBMC: A Bounded Model Checking Tool for Verifying Java Bytecode,International Conference on Computer Aided Verification,2018.0,16.0,69.0,6.0,JournalArticle|Conference,Computer Science,True
DOI:10.1007/978-3-319-96145-3_12,doi,10.1007/978-3-319-96145-3_12,True,,f234d3ac9fe35c703880a1d4e7445e28743ba228,Fast Numerical Program Analysis with Reinforcement Learning,International Conference on Computer Aided Verification,2018.0,25.0,31.0,1.0,JournalArticle|Conference,Computer Science,True
DOI:10.1007/978-3-319-96145-3_16,doi,10.1007/978-3-319-96145-3_16,True,,1e048ca69348adf546643f0eeba66fff3103ed99,Synthesizing Reactive Systems from Hyperproperties,International Conference on Computer Aided Verification,2018.0,25.0,31.0,3.0,JournalArticle|Conference,Computer Science,False
DOI:10.1007/978-3-319-96145-3_18,doi,10.1007/978-3-319-96145-3_18,True,,97df7ca06a506e5936f1ac44ff1c22287874a308,Constraint-Based Synthesis of Coupling Proofs,International Conference on Computer Aided Verification,2018.0,33.0,9.0,1.0,JournalArticle|Conference,Computer Science,False
DOI:10.1007/978-3-319-96145-3_19,doi,10.1007/978-3-319-96145-3_19,True,,286d055905817bac7a39a933a7b04e4e57206eb8,Controller Synthesis Made Real: Reach-Avoid Specifications and Linear Dynamics,International Conference on Computer Aided Verification,2018.0,40.0,29.0,0.0,JournalArticle|Conference,Computer Science,True
DOI:10.1007/978-3-319-96145-3_2,doi,10.1007/978-3-319-96145-3_2,True,,b7d904d5e8b974471701668509fc336b7b8d879d,From Programs to Interpretable Deep Models and Back,International Conference on Computer Aided Verification,2018.0,14.0,10.0,0.0,JournalArticle|Conference,Computer Science,True
DOI:10.1007/978-3-319-96145-3_20,doi,10.1007/978-3-319-96145-3_20,True,,182dafcfd02dc77ecfde0e79febb690136bcbdf6,Synthesis of Asynchronous Reactive Programs from Temporal Specifications,International Conference on Computer Aided Verification,2018.0,32.0,8.0,0.0,JournalArticle|Conference,Computer Science,True
DOI:10.1007/978-3-319-96145-3_21,doi,10.1007/978-3-319-96145-3_21,True,,b5f6c6fdba2c79c2c35d11271a560809c7b763d8,Syntax-Guided Synthesis with Quantitative Syntactic Objectives,International Conference on Computer Aided Verification,2018.0,23.0,27.0,2.0,JournalArticle|Conference,Computer Science,False
DOI:10.1007/978-3-319-96145-3_24,doi,10.1007/978-3-319-96145-3_24,True,,ee5f288cf924ab1a3239615b6ad5f5a70f73845e,Reachable Set Over-Approximation for Nonlinear Systems Using Piecewise Barrier Tubes,International Conference on Computer Aided Verification,2018.0,40.0,13.0,0.0,JournalArticle|Conference,Computer Science,True
DOI:10.1007/978-3-319-96145-3_27,doi,10.1007/978-3-319-96145-3_27,True,,e81e69fb01c276edb1b9d4feb37331111a67a3fe,Monitoring CTMCs by Multi-clock Timed Automata,International Conference on Computer Aided Verification,2018.0,28.0,5.0,0.0,JournalArticle|Conference,Computer Science,True
DOI:10.1007/978-3-319-96145-3_28,doi,10.1007/978-3-319-96145-3_28,True,,fb26bd7318c8451b14461fa9cd6b53a53ad7980c,Start Pruning When Time Gets Urgent: Partial Order Reduction for Timed Systems,International Conference on Computer Aided Verification,2018.0,45.0,12.0,0.0,JournalArticle|Conference,Computer Science,False
DOI:10.1007/978-3-319-96145-3_29,doi,10.1007/978-3-319-96145-3_29,True,,4ac0241b7c38bcb921bb16017eb0e5dbae6983ce,A Counting Semantics for Monitoring LTL Specifications over Finite Traces,International Conference on Computer Aided Verification,2018.0,15.0,17.0,1.0,JournalArticle|Conference,Computer Science|Mathematics,True
DOI:10.1007/978-3-319-96145-3_30,doi,10.1007/978-3-319-96145-3_30,True,,914d71c8598df8b911934d44783a4141cf8393b3,Rabinizer 4: From LTL to Your Favourite Deterministic Automaton,International Conference on Computer Aided Verification,2018.0,55.0,47.0,5.0,JournalArticle|Conference,Computer Science,True
DOI:10.1007/978-3-319-96145-3_31,doi,10.1007/978-3-319-96145-3_31,True,,73a8707a61b1df990627f45e16a948511e9c5c48,Strix: Explicit Reactive Synthesis Strikes Back!,International Conference on Computer Aided Verification,2018.0,26.0,104.0,14.0,JournalArticle|Conference,Computer Science,True
DOI:10.1007/978-3-319-96145-3_33,doi,10.1007/978-3-319-96145-3_33,True,,3078e6ffbca748317f4b4448f4576d703fd643b9,Nagini: A Static Verifier for Python,International Conference on Computer Aided Verification,2018.0,25.0,51.0,1.0,JournalArticle|Conference,Computer Science,True
DOI:10.1007/978-3-319-96145-3_34,doi,10.1007/978-3-319-96145-3_34,True,,a0ac4376efeff7b180a56dd159b62ac2ce00dad9,Peregrine: A Tool for the Analysis of Population Protocols,International Conference on Computer Aided Verification,2018.0,19.0,15.0,1.0,JournalArticle|Conference,Computer Science,True
DOI:10.1007/978-3-319-96145-3_35,doi,10.1007/978-3-319-96145-3_35,True,,546eae3689923556650fb77d0d391c731753d8f2,ADAC: Automated Design of Approximate Circuits,International Conference on Computer Aided Verification,2018.0,25.0,10.0,1.0,JournalArticle|Conference,Computer Science,True
DOI:10.1007/978-3-319-96145-3_39,doi,10.1007/978-3-319-96145-3_39,True,,19f7cfa66d91e14d82c8f365575305560fb28129,Deciding Probabilistic Bisimilarity Distance One for Labelled Markov Chains,International Conference on Computer Aided Verification,2018.0,35.0,11.0,0.0,JournalArticle|Conference,Computer Science,True
DOI:10.1007/978-3-319-96145-3_9,doi,10.1007/978-3-319-96145-3_9,True,,4916ba8b482075ea6ea7005d563eac1ad9cbebe2,Exploiting Synchrony and Symmetry in Relational Verification,International Conference on Computer Aided Verification,2018.0,35.0,26.0,3.0,JournalArticle|Conference,Computer Science,True
DOI:10.1007/978-94-007-0008-6_3,doi,10.1007/978-94-007-0008-6_3,False,,,,,,,,,,,
DOI:10.1016/j.entcs.2020.02.007,doi,10.1016/j.entcs.2020.02.007,True,,1eebe3ffa1487527d64941028a807d0565efb3e6,Populational Announcement Logic (PPAL),DARe@LPNMR,2020.0,47.0,0.0,0.0,JournalArticle,Computer Science,True
DOI:10.1016/j.tcs.2019.07.003,doi,10.1016/j.tcs.2019.07.003,False,,,,,,,,,,,
DOI:10.1017/s1471068420000095,doi,10.1017/s1471068420000095,True,,e9434967a63f894946dc7b91baa7bf999779e6a6,Omission-Based Abstraction for Answer Set Programs,Theory and Practice of Logic Programming,2020.0,72.0,28.0,0.0,JournalArticle,Computer Science,True
DOI:10.1017/s147106842400022x,doi,10.1017/s147106842400022x,True,,066badff574c02272f89394df9f92c1d010f5510,A Reliable Common-Sense Reasoning Socialbot Built Using LLMs and Goal-Directed ASP,Theory and Practice of Logic Programming,2024.0,40.0,8.0,0.0,JournalArticle,Computer Science,False
DOI:10.1017/s1471068424000322,doi,10.1017/s1471068424000322,True,,f6e21906a64a81a93b9bd06b6f76751f6ebc7bfc,A Neurosymbolic Framework for Bias Correction in Convolutional Neural Networks,Theory and Practice of Logic Programming,2024.0,44.0,0.0,0.0,JournalArticle,Computer Science,True
DOI:10.1038/scientificamerican0398-20b,doi,10.1038/scientificamerican0398-20b,False,,,,,,,,,,,
DOI:10.1109/cavs.2019.8887759,doi,10.1109/cavs.2019.8887759,True,,ace3521df2f0b857b6a224825e7d57fcf8b5f8ce,Spatio-Temporal Dynamics of Cellular V2X Communication in Dense Vehicular Networks,Connected and Automated Vehicles Symposium,2019.0,26.0,24.0,0.0,JournalArticle,Computer Science|Engineering,True
DOI:10.1109/cavs.2019.8887763,doi,10.1109/cavs.2019.8887763,True,,23f96c7fe94566005db269219cae37fe8600b11f,Alternative Intersection Designs with Connected and Automated Vehicle,Connected and Automated Vehicles Symposium,2019.0,23.0,10.0,0.0,JournalArticle,Computer Science|Engineering,True
DOI:10.1109/cavs.2019.8887764,doi,10.1109/cavs.2019.8887764,True,,59eb6e01d20b22c7454cbb9de4d63524d44a70c5,Meta-Deep Q-Learning for Eco-Routing,Connected and Automated Vehicles Symposium,2019.0,22.0,5.0,0.0,JournalArticle,Computer Science,False
DOI:10.1109/cavs.2019.8887768,doi,10.1109/cavs.2019.8887768,True,,5bd12de030a43dadc072074db0cc8b4413058a44,Correct-by-Construction Advanced Driver Assistance Systems Based on a Cognitive Architecture,Connected and Automated Vehicles Symposium,2019.0,30.0,3.0,0.0,JournalArticle,Computer Science,True
DOI:10.1109/cavs.2019.8887774,doi,10.1109/cavs.2019.8887774,True,,70b483bc14b9f8261c4d1375d4a07441ee96344b,Experimental Analysis of DSRC for Radio Signaling at Grade Crossings,Connected and Automated Vehicles Symposium,2019.0,14.0,3.0,0.0,JournalArticle,Computer Science,False
DOI:10.1109/cavs.2019.8887778,doi,10.1109/cavs.2019.8887778,True,,b52c337d2bc3f9d245cb02a7e0792e0dc11978ca,Location Anomalies Detection for Connected and Autonomous Vehicles,Connected and Automated Vehicles Symposium,2019.0,18.0,10.0,0.0,JournalArticle,Computer Science|Engineering|Mathematics,True
DOI:10.1109/cavs.2019.8887781,doi,10.1109/cavs.2019.8887781,True,,a42a0f15fa96aaef7f45152196bb7c8ea8a4b81c,Latency Analysis of LTE Networks for Vehicular Communications Based on Experiments and Computer Simulation,Connected and Automated Vehicles Symposium,2019.0,10.0,1.0,0.0,JournalArticle,Computer Science,False
DOI:10.1109/cavs.2019.8887782,doi,10.1109/cavs.2019.8887782,True,,51e94af3d133d45deb1bc7ff84a15b769e564d7c,On Calendar-Based Scheduling for User-Friendly Charging of Plug-In Electric Vehicles,Connected and Automated Vehicles Symposium,2019.0,21.0,5.0,0.0,JournalArticle,Computer Science,False
DOI:10.1109/cavs.2019.8887783,doi,10.1109/cavs.2019.8887783,True,,df4905991f21bf668a19d0c16a8a9b2bbd1a7b4a,A Probabilistic Framework for Trajectory Prediction in Traffic Utilizing Driver Characterization,Connected and Automated Vehicles Symposium,2019.0,8.0,4.0,1.0,JournalArticle,Computer Science,False
DOI:10.1109/cavs.2019.8887784,doi,10.1109/cavs.2019.8887784,True,,efcf6b3574201a54077fddd610fd009f244d8c4d,Clustering Strategies of Cooperative Adaptive Cruise Control: Impacts on Human-Driven Vehicles,Connected and Automated Vehicles Symposium,2019.0,36.0,4.0,0.0,JournalArticle,Computer Science,True
DOI:10.1109/cavs.2019.8887787,doi,10.1109/cavs.2019.8887787,True,,1d9d753f8322329bb1af13fe9b9162064baa9b42,Coordinating AV Dispatch with Smart Remote Parking,Connected and Automated Vehicles Symposium,2019.0,12.0,1.0,0.0,JournalArticle,Computer Science,False
DOI:10.1109/cavs.2019.8887788,doi,10.1109/cavs.2019.8887788,True,,0dc00f8a4c0ed0585fc6bc1a306ca442f06efb5b,Towards Bridging the Gap between Modern and Legacy Automotive ECUs: A Software-Based Security Framework for Legacy ECUs,Connected and Automated Vehicles Symposium,2019.0,29.0,3.0,0.0,JournalArticle,Computer Science,True
DOI:10.1109/cavs.2019.8887791,doi,10.1109/cavs.2019.8887791,True,,96a5867de591362c58e0e11c00c87f9f1f16340b,Investigating Value of Information in Future Vehicular Communications,Connected and Automated Vehicles Symposium,2019.0,16.0,21.0,1.0,JournalArticle,Computer Science,True
DOI:10.1109/cavs.2019.8887792,doi,10.1109/cavs.2019.8887792,True,,c462b29e80d3b6f38fa05e6a98ecb90afa7c9826,Path Loss Models for V2V mmWave Communication: Performance Evaluation and Open Challenges,Connected and Automated Vehicles Symposium,2019.0,18.0,38.0,6.0,JournalArticle,Computer Science|Engineering,True
DOI:10.1109/cavs.2019.8887793,doi,10.1109/cavs.2019.8887793,True,,91299d6ceee685440464af6c3a657e644858d9f8,Modeling V2X Communications across Multiple Road Levels,Connected and Automated Vehicles Symposium,2019.0,17.0,6.0,0.0,JournalArticle,Computer Science,False
DOI:10.1109/cavs.2019.8887797,doi,10.1109/cavs.2019.8887797,True,,ca0340d61d1bd88b2a49b316068e887aa710af25,Real-Time Hardware-In-the-Loop Emulation Framework for DSRC-Based Connected Vehicle Applications,Connected and Automated Vehicles Symposium,2019.0,18.0,33.0,2.0,JournalArticle,Computer Science,True
DOI:10.1109/cavs.2019.8887800,doi,10.1109/cavs.2019.8887800,True,,51cb751332f1856708eb227ffae3b03b49e2885d,Safety Planning Using Control Barrier Function: A Model Predictive Control Scheme,Connected and Automated Vehicles Symposium,2019.0,14.0,14.0,0.0,JournalArticle,Computer Science,False
DOI:10.1109/cavs.2019.8887811,doi,10.1109/cavs.2019.8887811,True,,e82e3135ecf4dfed376d0aab682ef2374c578677,Geometrical Modeling of Non-Stationary Polarimetric Vehicular Radio Channels,Connected and Automated Vehicles Symposium,2019.0,15.0,3.0,0.0,JournalArticle,Computer Science|Physics,True
DOI:10.1109/cavs.2019.8887827,doi,10.1109/cavs.2019.8887827,True,,73cfff7120b0835aef00ac050e6b6a48ebb73fac,Analysis of the Effects of Communication Trust and Delay on Consensus of Multi-Agent Systems,Connected and Automated Vehicles Symposium,2019.0,10.0,4.0,1.0,JournalArticle,Computer Science,False
DOI:10.1109/cavs.2019.8887832,doi,10.1109/cavs.2019.8887832,True,,b03d479ee0e5661ca47fb1fbe02af9ec2e285c4b,Cooperative Perception in Connected Vehicle Traffic under Field-of-View and Participation Variations,Connected and Automated Vehicles Symposium,2019.0,31.0,4.0,0.0,JournalArticle,Computer Science,False
DOI:10.1109/cavs.2019.8887834,doi,10.1109/cavs.2019.8887834,True,,8dfa2ec2b44cf957ea370cb15de18cb9e1e854c6,VRLS: A Unified Reinforcement Learning Scheduler for Vehicle-to-Vehicle Communications,Connected and Automated Vehicles Symposium,2019.0,15.0,8.0,0.0,JournalArticle,Computer Science|Mathematics,True
DOI:10.1109/cavs.2019.8887840,doi,10.1109/cavs.2019.8887840,True,,f7ab3a7ae436d9cc6cbb9f203a15f03548274265,C-V2X Assisted mmWave V2V Scheduling,Connected and Automated Vehicles Symposium,2019.0,8.0,15.0,1.0,JournalArticle,Computer Science,False
DOI:10.1109/cavs.2019.8887848,doi,10.1109/cavs.2019.8887848,True,,bba68b11ee9b458303bdc7dd43c3e433e90e1a22,Path Loss Analysis and Modeling for Vehicle-to-Vehicle Communications in Convoys in Safety-Related Scenarios,Connected and Automated Vehicles Symposium,2019.0,19.0,7.0,2.0,JournalArticle,Computer Science,False
DOI:10.1109/cavs51000.2020.9334558,doi,10.1109/cavs51000.2020.9334558,True,,23a32464e1fca5cdc9a52d4a140a1a0497069ad3,Cooperative Multi-Modal Localization in Connected and Autonomous Vehicles,Connected and Automated Vehicles Symposium,2020.0,13.0,17.0,0.0,JournalArticle,Engineering|Computer Science,True
DOI:10.1109/cavs51000.2020.9334559,doi,10.1109/cavs51000.2020.9334559,True,,68448148b9d1a632a7f242cea2fcbd677e0348f6,A Context Aware and Traffic Adaptive Privacy Scheme in VANETs,Connected and Automated Vehicles Symposium,2020.0,23.0,5.0,0.0,JournalArticle,Computer Science,False
DOI:10.1109/cavs51000.2020.9334562,doi,10.1109/cavs51000.2020.9334562,True,,bc3dfa000d360aedce57bb8f75aa5d05e1f23fbb,Machine Learning Techniques for Vehicle Matching with Non-Overlapping Visual Features,Connected and Automated Vehicles Symposium,2020.0,21.0,5.0,0.0,JournalArticle,Computer Science,False
DOI:10.1109/cavs51000.2020.9334578,doi,10.1109/cavs51000.2020.9334578,True,,c9eb8a7b445e47b1571cc9ad5ac5de7becdf8488,Evaluation of Sensor Tolerances and Inevitability for Pre-Crash Safety Systems in Real Case Scenarios,Connected and Automated Vehicles Symposium,2020.0,24.0,4.0,0.0,JournalArticle,Computer Science,False
DOI:10.1109/cavs51000.2020.9334579,doi,10.1109/cavs51000.2020.9334579,True,,eec2d211e534cea40374cdac9bcef435e9d62cbb,Cooperative Road Geometry Estimation via Sharing Processed Camera Data,Connected and Automated Vehicles Symposium,2020.0,12.0,2.0,0.0,JournalArticle,Computer Science,False
DOI:10.1109/cavs51000.2020.9334587,doi,10.1109/cavs51000.2020.9334587,True,,d5cb5f10ce00d9df4e376c90e6a17ac1abc006bc,Validation and testing of the decentralized architecture for the occupancy grid filtering pipeline,Connected and Automated Vehicles Symposium,2020.0,25.0,0.0,0.0,JournalArticle,Computer Science,False
DOI:10.1109/cavs51000.2020.9334596,doi,10.1109/cavs51000.2020.9334596,True,,291da048797072a47e456623007d5b1a3f8b5208,Multi-Vehicle Coordination and Real-time Control of Connected and Automated Vehicles at Roundabouts,Connected and Automated Vehicles Symposium,2020.0,16.0,6.0,0.0,JournalArticle,Computer Science,False
DOI:10.1109/cavs51000.2020.9334597,doi,10.1109/cavs51000.2020.9334597,True,,f824b4969530751a397564c9ae0ceac8d85797ed,Interaction-aware risk assessment: focus on the lateral intention,Connected and Automated Vehicles Symposium,2020.0,28.0,4.0,0.0,JournalArticle,Computer Science,True
DOI:10.1109/cavs51000.2020.9334598,doi,10.1109/cavs51000.2020.9334598,True,,141d151532700dec94519aaa6bf05dc71084ca88,Vehicle maneuver-based long-term trajectory prediction at intersection crossings,Connected and Automated Vehicles Symposium,2020.0,16.0,10.0,1.0,JournalArticle,Computer Science,False
DOI:10.1109/cavs51000.2020.9334599,doi,10.1109/cavs51000.2020.9334599,True,,1d41275262bb49027b6582b151390cb34cea1a99,Formalizing Traffic Rules for Machine Interpretability,Connected and Automated Vehicles Symposium,2020.0,27.0,65.0,3.0,JournalArticle,Computer Science,True
DOI:10.1109/cavs51000.2020.9334603,doi,10.1109/cavs51000.2020.9334603,True,,d83d857a1fd59fd5062e8267fcf13d685ee5e5e9,A Methodology to Determine Test Scenarios for Sensor Constellation Evaluations,Connected and Automated Vehicles Symposium,2020.0,11.0,3.0,0.0,JournalArticle,Computer Science,False
DOI:10.1109/cavs51000.2020.9334605,doi,10.1109/cavs51000.2020.9334605,True,,7eb8ce2d147896271c768e7c7024b4f139bb8b4b,Performance Analysis of Cellular-V2X with Adaptive & Selective Power Control,Connected and Automated Vehicles Symposium,2020.0,33.0,25.0,2.0,JournalArticle,Computer Science,False
DOI:10.1109/cavs51000.2020.9334618,doi,10.1109/cavs51000.2020.9334618,True,,271f5e3e91b2b9c7458a09d9f5b0f045b35a3625,Bandwidth-Adaptive Feature Sharing for Cooperative LIDAR Object Detection,Connected and Automated Vehicles Symposium,2020.0,19.0,12.0,1.0,JournalArticle,Computer Science,True
DOI:10.1109/cavs51000.2020.9334621,doi,10.1109/cavs51000.2020.9334621,True,,e5cf68e65fd75aa7339e919050b576c46cbaf39b,Look-ahead Horizon based Energy Optimization for Connected Hybrid Electric Vehicles,Connected and Automated Vehicles Symposium,2020.0,12.0,1.0,0.0,JournalArticle,Computer Science,False
DOI:10.1109/cavs51000.2020.9334622,doi,10.1109/cavs51000.2020.9334622,True,,095b764b4a7d2ebe14a3e5698d7dd49aed27c81e,Pose-graph based Crowdsourced Mapping Framework,Connected and Automated Vehicles Symposium,2020.0,22.0,6.0,0.0,JournalArticle,Computer Science,False
DOI:10.1109/cavs51000.2020.9334630,doi,10.1109/cavs51000.2020.9334630,True,,393fadcccd3e507cfaef21385c7f2d25d5471226,Simulation Framework for Platooning based on Gazebo and SUMO,Connected and Automated Vehicles Symposium,2020.0,29.0,0.0,0.0,JournalArticle,Computer Science,False
DOI:10.1109/cavs51000.2020.9334636,doi,10.1109/cavs51000.2020.9334636,True,,c53d10a2050556ece922ae7359764a610d82f3b6,A Probabilistic Model for Visual Driver Gaze Approximation from Head Pose Estimation,Connected and Automated Vehicles Symposium,2020.0,24.0,13.0,2.0,JournalArticle,Computer Science,False
DOI:10.1109/cavs51000.2020.9334640,doi,10.1109/cavs51000.2020.9334640,True,,3c64af5c180d64a5d53762e32ec6edf3f59c9a41,Utility of Traffic Information in Dynamic Routing: Is Sharing Information Always Useful?,Connected and Automated Vehicles Symposium,2020.0,16.0,2.0,0.0,JournalArticle,Computer Science,True
DOI:10.1109/cavs51000.2020.9334646,doi,10.1109/cavs51000.2020.9334646,True,,f7992fee96fda86c91f3badd266aa499473cf325,Evaluation of Measurement Space Representations of Deep Multi-Modal Object Detection for Extended Object Tracking in Autonomous Driving,Connected and Automated Vehicles Symposium,2020.0,13.0,3.0,0.0,JournalArticle,Computer Science,False
DOI:10.1109/cavs51000.2020.9334649,doi,10.1109/cavs51000.2020.9334649,True,,e4232a0460529b9255c191225a28b95a45ab2edd,Platoon String Stability: A Passivity Perspective,Connected and Automated Vehicles Symposium,2020.0,19.0,3.0,0.0,JournalArticle,Computer Science,False
DOI:10.1109/cavs51000.2020.9334650,doi,10.1109/cavs51000.2020.9334650,True,,50454ff2c7d41ba94d9cd2589c40682e7066dc2e,A Data-Driven Minimal Approach for CAN Bus Reverse Engineering,Connected and Automated Vehicles Symposium,2020.0,11.0,13.0,2.0,JournalArticle,Computer Science,False
DOI:10.1109/cavs51000.2020.9334658,doi,10.1109/cavs51000.2020.9334658,True,,db9b5a2aaed9619c7dbf53a15ba925b1b204ff66,A MEC-assisted Vehicle Platooning Control through Docker Containers,Connected and Automated Vehicles Symposium,2020.0,25.0,10.0,1.0,JournalArticle,Computer Science,False
DOI:10.1109/cavs51000.2020.9334661,doi,10.1109/cavs51000.2020.9334661,True,,5c4b7650706cd6bff3d8c68c486b39dd9c0ada7c,Collaborative Collision Avoidance for CAVs in Unpredictable Scenarios,Connected and Automated Vehicles Symposium,2020.0,11.0,4.0,0.0,JournalArticle,Computer Science,False
DOI:10.1109/cavs51000.2020.9334665,doi,10.1109/cavs51000.2020.9334665,True,,7bb85cd9e83bbd4e264c46c51b2177c06c5f912a,A Maneuver-based Urban Driving Dataset and Model for Cooperative Vehicle Applications,Connected and Automated Vehicles Symposium,2020.0,21.0,28.0,2.0,JournalArticle,Computer Science|Engineering,True
DOI:10.1109/cavs51000.2020.9334669,doi,10.1109/cavs51000.2020.9334669,True,,a473ae08520ae6afbf5d65137b8ea6c958268f84,Prototyping EcoCAR Connected Vehicle Testing System Using DigiCAV Development Platform,Connected and Automated Vehicles Symposium,2020.0,15.0,1.0,0.0,JournalArticle,Computer Science,False
DOI:10.1109/cavs51000.2020.9334670,doi,10.1109/cavs51000.2020.9334670,True,,83b83cab0baf583c07f3e59b13920e17f8c600b0,Hybrid Model Based Pre-Crash Severity Estimation for Automated Driving,Connected and Automated Vehicles Symposium,2020.0,26.0,2.0,0.0,JournalArticle,Computer Science,False
DOI:10.1109/cavs51000.2020.9334679,doi,10.1109/cavs51000.2020.9334679,True,,2dfad32b72379b82ff571099d87e031d4f8aea4e,CORR: Collaborative On-Road Reputation,Connected and Automated Vehicles Symposium,2020.0,16.0,4.0,0.0,JournalArticle,Computer Science,False
DOI:10.1109/cavs51000.2020.9334683,doi,10.1109/cavs51000.2020.9334683,True,,e6b5a9ac898fd754e56d8b6279c1956ec56930ec,Sequence Prediction-based Proactive Caching in Vehicular Content Networks,Connected and Automated Vehicles Symposium,2020.0,15.0,6.0,0.0,JournalArticle,Computer Science,False
DOI:10.1109/cavs51000.2020.9334684,doi,10.1109/cavs51000.2020.9334684,True,,8c5cc94ac2fe24b28c375ee99442c26495aacb07,Location Information Verification in Future Vehicular Networks,Connected and Automated Vehicles Symposium,2020.0,26.0,3.0,0.0,JournalArticle,Computer Science,False
DOI:10.1109/icacsis51025.2020.9263160,doi,10.1109/icacsis51025.2020.9263160,True,,e49d5fb73341a47f051b1994e4ab128c5d43068c,Actual Causality in Contextual Abduction,International Conference on Advanced Computer Science and Information System,2020.0,28.0,0.0,0.0,JournalArticle|Conference,Computer Science,False
DOI:10.1109/icra57147.2024.10610800,doi,10.1109/icra57147.2024.10610800,True,,662f6eb7579a5e27f385023596becc9c21b0ad96,When Prolog Meets Generative Models: a New Approach for Managing Knowledge and Planning in Robotic Applications,IEEE International Conference on Robotics and Automation,2023.0,33.0,6.0,0.0,JournalArticle|Conference,Computer Science,False
DOI:10.1109/lics.2017.8005058,doi,10.1109/lics.2017.8005058,True,,b3627a704781e8baf3abd58d9356765b4023c64d,LICS 2017 foreword,Logic in Computer Science,2017.0,0.0,0.0,0.0,JournalArticle|Conference,Computer Science,False
DOI:10.1109/lics.2017.8005061,doi,10.1109/lics.2017.8005061,True,,5af58f14eb62c99827da3b2f5d1cbef2a97f9116,Logic and regular cost functions,Logic in Computer Science,2017.0,49.0,5.0,0.0,JournalArticle,Computer Science,False
DOI:10.1109/lics.2017.8005062,doi,10.1109/lics.2017.8005062,True,,3e33afb4b27542477e7f77ca68adaec1e5caf2b3,Symbolic execution and probabilistic reasoning,Logic in Computer Science,2017.0,0.0,0.0,0.0,JournalArticle|Review,Computer Science,False
DOI:10.1109/lics.2017.8005063,doi,10.1109/lics.2017.8005063,True,,a1e6c1174157d15bd4568cae40a37e9672290098,Algorithms for some infinite-state MDPs and stochastic games,Logic in Computer Science,2017.0,0.0,4.0,1.0,JournalArticle|Review,Computer Science|Mathematics,True
DOI:10.1109/lics.2017.8005064,doi,10.1109/lics.2017.8005064,True,,bd235e44c6909f4286cb451d0702de9e1c2e1e28,Quantitative semantics of the lambda calculus: Some generalisations of the relational model,Logic in Computer Science,2017.0,79.0,30.0,2.0,JournalArticle|Review,Computer Science|Mathematics,True
DOI:10.1109/lics.2017.8005065,doi,10.1109/lics.2017.8005065,True,,ac297bad3306b0eb2dd81b104f08bcdb3b2bba1f,Linear combinations of unordered data vectors,Logic in Computer Science,2016.0,47.0,11.0,1.0,JournalArticle,Computer Science|Mathematics,True
DOI:10.1109/lics.2017.8005066,doi,10.1109/lics.2017.8005066,True,,0771228459c8990ffa39a9b949bc6bf805d6b97d,An interpretation of system F through bar recursion,Logic in Computer Science,2017.0,19.0,5.0,0.0,JournalArticle,Computer Science|Mathematics,True
DOI:10.1109/lics.2017.8005067,doi,10.1109/lics.2017.8005067,True,,4d77317f737dc5ea9c18a6ee6c4f5a08a2b5b938,On the extension of computable real functions,Logic in Computer Science,2017.0,13.0,1.0,0.0,JournalArticle,Computer Science|Mathematics,True
DOI:10.1109/lics.2017.8005068,doi,10.1109/lics.2017.8005068,True,,198bd4d1842db06f8b93e2f52b9759b4a38d5332,Logics for continuous reachability in Petri nets and vector addition systems with states,Logic in Computer Science,2017.0,22.0,22.0,4.0,JournalArticle,Computer Science|Mathematics,True
DOI:10.1109/lics.2017.8005069,doi,10.1109/lics.2017.8005069,True,,22ebef4565c1ff0c881a49b8ff286154f9c514e4,Foundation for a series of efficient simulation algorithms,Logic in Computer Science,2017.0,17.0,12.0,1.0,JournalArticle,Mathematics|Computer Science,True
DOI:10.1109/lics.2017.8005071,doi,10.1109/lics.2017.8005071,True,,723f6df5889d912b91932ca1cb94bd80cbb00eae,Foundational nonuniform (Co)datatypes for higher-order logic,Logic in Computer Science,2017.0,48.0,18.0,2.0,JournalArticle,Computer Science,True
DOI:10.1109/lics.2017.8005072,doi,10.1109/lics.2017.8005072,True,,37e84f22e97633882bfca68fd0200e7b06b09e15,Common knowledge and multi-scale locality analysis in Cayley structures,Logic in Computer Science,2017.0,17.0,5.0,0.0,JournalArticle,Computer Science,False
DOI:10.1109/lics.2017.8005073,doi,10.1109/lics.2017.8005073,True,,e9ffd1ff0f56a72a86edd4c41b8c354505ab3ec0,"Herbrand property, finite quasi-Herbrand models, and a Chandra-Merlin theorem for quantified conjunctive queries",Logic in Computer Science,2017.0,32.0,6.0,0.0,JournalArticle,Computer Science|Mathematics,False
DOI:10.1109/lics.2017.8005074,doi,10.1109/lics.2017.8005074,True,,d938357a2b3ae4910a7ae0f40628a4ee1d1c585e,"Bar induction: The good, the bad, and the ugly",Logic in Computer Science,2017.0,95.0,12.0,0.0,JournalArticle,Computer Science|Mathematics,True
DOI:10.1109/lics.2017.8005075,doi,10.1109/lics.2017.8005075,True,,ff38802a01bede89f74eb729a478d254479fe243,Constructive completeness for the linear-time μ-calculus,Logic in Computer Science,2017.0,16.0,28.0,2.0,JournalArticle,Computer Science|Mathematics,False
DOI:10.1109/lics.2017.8005077,doi,10.1109/lics.2017.8005077,True,,c3db71de7146de239f3cc091191ff2efedcd363f,Higher-order parity automata,Logic in Computer Science,2017.0,24.0,19.0,3.0,JournalArticle,Computer Science|Mathematics,False
DOI:10.1109/lics.2017.8005078,doi,10.1109/lics.2017.8005078,True,,675b9fc57b1458b40564566556a10d25b05a7b97,Large scale geometries of infinite strings,Logic in Computer Science,2017.0,17.0,4.0,1.0,JournalArticle,Computer Science,True
DOI:10.1109/lics.2017.8005080,doi,10.1109/lics.2017.8005080,True,,29cfcafca8e4116ac7091729264d767541bef055,Learning first-order definable concepts over structures of small degree,Logic in Computer Science,2017.0,38.0,25.0,2.0,JournalArticle,Computer Science,True
DOI:10.1109/lics.2017.8005081,doi,10.1109/lics.2017.8005081,True,,520e193b590ab43e1103d2c427c91546cca38d75,Descriptive complexity of linear equation systems and applications to propositional proof complexity,Logic in Computer Science,2017.0,36.0,12.0,1.0,JournalArticle,Computer Science,False
DOI:10.1109/lics.2017.8005082,doi,10.1109/lics.2017.8005082,True,,11a9cc681914d2871de1126acbaa75f80566356d,Definability of summation problems for Abelian groups and semigroups,Logic in Computer Science,2017.0,27.0,4.0,1.0,JournalArticle,Computer Science|Mathematics,False
DOI:10.1109/lics.2017.8005083,doi,10.1109/lics.2017.8005083,True,,98b2e9a23399b502b343459aebb6adc2ead3cecd,Timed pushdown automata and branching vector addition systems,Logic in Computer Science,2017.0,19.0,10.0,0.0,JournalArticle,Computer Science|Mathematics,True
DOI:10.1109/lics.2017.8005084,doi,10.1109/lics.2017.8005084,True,,122680f0ab07eef4fb387addb7ee736fb3af5ec2,Fibred fibration categories,Logic in Computer Science,2016.0,37.0,9.0,1.0,JournalArticle,Computer Science|Mathematics,True
DOI:10.1109/lics.2017.8005085,doi,10.1109/lics.2017.8005085,True,,85d412323598348b5ff94e75a1d00ef63cdccecc,The logic of counting query answers,Logic in Computer Science,2015.0,31.0,7.0,0.0,JournalArticle,Computer Science|Mathematics,True
DOI:10.1109/lics.2017.8005086,doi,10.1109/lics.2017.8005086,True,,fe1de6dfd9f55f6a1986e0c59120a38b47e55293,Enumeration reducibility in closure spaces with applications to logic and algebra,Logic in Computer Science,2015.0,46.0,6.0,1.0,JournalArticle,Computer Science|Mathematics,True
DOI:10.1109/lics.2017.8005088,doi,10.1109/lics.2017.8005088,True,,23075d24c6f5a1574d0b7a40bda7eda5d1b867c5,Cut-free completeness for modal mu-calculus,Logic in Computer Science,2017.0,26.0,81.0,6.0,JournalArticle,Computer Science|Mathematics,False
DOI:10.1109/lics.2017.8005090,doi,10.1109/lics.2017.8005090,True,,05747501beba337f5767a7a01dd1dce5971b596e,Computing quantiles in Markov chains with multi-dimensional costs,Logic in Computer Science,2017.0,39.0,7.0,0.0,JournalArticle,Computer Science|Mathematics,True
DOI:10.1109/lics.2017.8005091,doi,10.1109/lics.2017.8005091,True,,490ac6a32a625fe2a8ba05c0903e865398fbe35d,Riesz Modal logic for Markov processes,Logic in Computer Science,2017.0,26.0,7.0,0.0,JournalArticle,Computer Science|Mathematics,False
DOI:10.1109/lics.2017.8005092,doi,10.1109/lics.2017.8005092,True,,f21ceb98fd05bd5ce3764458e9c04767e5dd591f,Succinct progress measures for solving parity games,Logic in Computer Science,2017.0,34.0,102.0,17.0,JournalArticle,Computer Science,True
DOI:10.1109/lics.2017.8005093,doi,10.1109/lics.2017.8005093,True,,1683e956b4c517e01698fd926b0fcb691930a14c,Generalised species of rigid resource terms,Logic in Computer Science,2017.0,40.0,31.0,5.0,JournalArticle,Computer Science|Mathematics,True
DOI:10.1109/lics.2017.8005094,doi,10.1109/lics.2017.8005094,True,,dbbb9ba487f2e485c0d968580c85513946ce83d6,A fine-grained hierarchy of hard problems in the separated fragment,Logic in Computer Science,2017.0,28.0,12.0,0.0,JournalArticle,Computer Science|Mathematics,True
DOI:10.1109/lics.2017.8005096,doi,10.1109/lics.2017.8005096,True,,806811aaee124e115e86f08b2947bc3b2651253a,On delay and regret determinization of max-plus automata,Logic in Computer Science,2017.0,27.0,15.0,1.0,JournalArticle,Mathematics|Computer Science,True
DOI:10.1109/lics.2017.8005097,doi,10.1109/lics.2017.8005097,True,,f9190a120e51b2c73b0de6fab0352a3de15a7318,The clocks are ticking: No more delays!,Logic in Computer Science,2017.0,31.0,43.0,6.0,JournalArticle,Computer Science,True
DOI:10.1109/lics.2017.8005099,doi,10.1109/lics.2017.8005099,True,,f6dfbf746bfe5a4bc91fac888045e7f9ca653a3a,"Uniform, integral and efficient proofs for the determinant identities",Logic in Computer Science,2017.0,64.0,4.0,0.0,JournalArticle,Computer Science|Mathematics,False
DOI:10.1109/lics.2017.8005100,doi,10.1109/lics.2017.8005100,True,,885e5694257127a5acb0c1e5a2bd031ee82d5873,Parity objectives in countable MDPs,Logic in Computer Science,2017.0,28.0,22.0,2.0,JournalArticle,Computer Science|Mathematics,True
DOI:10.1109/lics.2017.8005101,doi,10.1109/lics.2017.8005101,True,,7f8c61ccf0f18f8da0f50f610e5805124a2130e2,Polynomial automata: Zeroness and applications,Logic in Computer Science,2017.0,43.0,32.0,13.0,JournalArticle,Computer Science|Mathematics,True
DOI:10.1109/lics.2017.8005102,doi,10.1109/lics.2017.8005102,True,,55689c09e111a641b1ddbe55cadbcfd4114f25b1,On the axiomatizability of quantitative algebras,Logic in Computer Science,2017.0,28.0,45.0,12.0,JournalArticle,Mathematics|Computer Science,True
DOI:10.1109/lics.2017.8005104,doi,10.1109/lics.2017.8005104,True,,4043c1badfd1671a3cd8c2badd1781cbd88d6583,Foundations of information integration under bag semantics,Logic in Computer Science,2017.0,30.0,30.0,1.0,JournalArticle,Computer Science,False
DOI:10.1109/lics.2017.8005105,doi,10.1109/lics.2017.8005105,True,,bc541439386e71106561df231e4f1d63fd175831,Perfect half space games,Logic in Computer Science,2017.0,19.0,18.0,4.0,JournalArticle,Computer Science|Mathematics,True
DOI:10.1109/lics.2017.8005106,doi,10.1109/lics.2017.8005106,True,,38e1c4be24e72f57d42433fbd580d9f1762e1e2a,The homomorphism problem for regular graph patterns,Logic in Computer Science,2017.0,35.0,11.0,3.0,JournalArticle,Computer Science|Mathematics,False
DOI:10.1109/lics.2017.8005108,doi,10.1109/lics.2017.8005108,True,,8b14c6273507ec29c58a383c512cd9680585d3dd,Definability of semidefinite programming and lasserre lower bounds for CSPs,Logic in Computer Science,2017.0,21.0,18.0,4.0,JournalArticle,Computer Science|Mathematics,True
DOI:10.1109/lics.2017.8005109,doi,10.1109/lics.2017.8005109,True,,7725baf3419cc65fc35d3f4fc2f483d02c1b6258,A monad for full ground reference cells,Logic in Computer Science,2017.0,45.0,21.0,1.0,JournalArticle,Computer Science|Mathematics,True
DOI:10.1109/lics.2017.8005110,doi,10.1109/lics.2017.8005110,True,,a7e4d67c8879005e9e7f4dc8c63aca4eb7304d41,Quotients in monadic programming: Projective algebras are equivalent to coalgebras,Logic in Computer Science,2017.0,50.0,4.0,1.0,JournalArticle,Computer Science|Mathematics,True
DOI:10.1109/lics.2017.8005111,doi,10.1109/lics.2017.8005111,True,,b3d0c1bae8223c847fa3a07747b0bdbf7af95829,Register automata with linear arithmetic,Logic in Computer Science,2017.0,50.0,14.0,0.0,JournalArticle,Computer Science|Mathematics,True
DOI:10.1109/lics.2017.8005112,doi,10.1109/lics.2017.8005112,True,,c932a812d22331b43b3f3f8bf501e6b778da663b,The geometry of concurrent interaction: Handling multiple ports by way of multiple tokens,Logic in Computer Science,2017.0,38.0,16.0,0.0,JournalArticle,Computer Science,True
DOI:10.1109/lics.2017.8005113,doi,10.1109/lics.2017.8005113,True,,21bd8712c2f3aec9242618597c7154f4ba93a979,An effectful way to eliminate addiction to dependence,Logic in Computer Science,2017.0,22.0,37.0,1.0,JournalArticle,Computer Science,True
DOI:10.1109/lics.2017.8005114,doi,10.1109/lics.2017.8005114,True,,62bb34c989529fabeb78ad287250cc1fb881ba65,Equivalence of inductive definitions and cyclic proofs under arithmetic,Logic in Computer Science,2017.0,12.0,45.0,2.0,JournalArticle,Computer Science|Mathematics,False
DOI:10.1109/lics.2017.8005115,doi,10.1109/lics.2017.8005115,True,,14ac3fb76f1e7556219de6955076ef39eeee0c2a,Model-checking for successor-invariant first-order formulas on graph classes of bounded expansion,Logic in Computer Science,2017.0,42.0,10.0,1.0,JournalArticle,Mathematics|Computer Science,True
DOI:10.1109/lics.2017.8005119,doi,10.1109/lics.2017.8005119,True,,d31a5781203ffd2a75ff84b38dbd4ff4259516ab,The continuity of monadic stream functions,Logic in Computer Science,2017.0,29.0,4.0,0.0,JournalArticle,Computer Science|Mathematics,True
DOI:10.1109/lics.2017.8005120,doi,10.1109/lics.2017.8005120,True,,aa2d796441a0c70956a368da4303145698d8730d,A cartesian-closed category for higher-order model checking,Logic in Computer Science,2017.0,26.0,11.0,0.0,JournalArticle,Computer Science|Mathematics,False
DOI:10.1109/lics.2017.8005121,doi,10.1109/lics.2017.8005121,True,,30b92fada17268e7d8ae313c6c75940cdd9363c9,Understanding the complexity of #SAT using knowledge compilation,Logic in Computer Science,2017.0,38.0,20.0,6.0,JournalArticle,Computer Science|Mathematics,True
DOI:10.1109/lics.2017.8005122,doi,10.1109/lics.2017.8005122,True,,696ec40317b9ccca0269c8a51c25b3dfff06dda9,The primitivity of operators in the algebra of binary relations under conjunctions of containments,Logic in Computer Science,2017.0,17.0,5.0,0.0,JournalArticle,Computer Science|Mathematics,False
DOI:10.1109/lics.2017.8005124,doi,10.1109/lics.2017.8005124,True,,a8643c46a36bf3cf27a06041a49374527bed6482,A type-theoretical definition of weak ω-categories,Logic in Computer Science,2017.0,20.0,26.0,2.0,JournalArticle,Computer Science|Mathematics,True
DOI:10.1109/lics.2017.8005125,doi,10.1109/lics.2017.8005125,True,,f1523e4f6056a61ca87c8837662fbbdbbf2de207,Games with costs and delays,Logic in Computer Science,2017.0,24.0,5.0,0.0,JournalArticle,Computer Science|Mathematics,False
DOI:10.1109/lics.2017.8005127,doi,10.1109/lics.2017.8005127,True,,335da88b25afaa9314c0db9438d7267dca28c8ae,Typability in bounded dimension,Logic in Computer Science,2017.0,18.0,11.0,0.0,JournalArticle,Computer Science|Mathematics,False
DOI:10.1109/lics.2017.8005128,doi,10.1109/lics.2017.8005128,True,,00fa97b71c59d67cb4d9d26d115069b9bae86db5,The equivalence of two dichotomy conjectures for infinite domain constraint satisfaction problems,Logic in Computer Science,2017.0,32.0,50.0,4.0,JournalArticle,Computer Science|Mathematics,False
DOI:10.1109/lics.2017.8005129,doi,10.1109/lics.2017.8005129,True,,e8bbe3041b2af56a26b1a974c6c8767068a530d1,The pebbling comonad in Finite Model Theory,Logic in Computer Science,2017.0,39.0,62.0,6.0,JournalArticle,Computer Science|Mathematics,True
DOI:10.1109/lics.2017.8005130,doi,10.1109/lics.2017.8005130,True,,e85c844aa8367258826a9c644030cd25f90219e0,Stack semantics of type theory,Logic in Computer Science,2017.0,24.0,30.0,3.0,JournalArticle,Computer Science|Mathematics,True
DOI:10.1109/lics.2017.8005131,doi,10.1109/lics.2017.8005131,True,,f30868249940b234a23fcf466f40f7077bd4ae27,MDPs with energy-parity objectives,Logic in Computer Science,2017.0,28.0,14.0,3.0,JournalArticle,Mathematics|Computer Science,True
DOI:10.1109/lics.2017.8005132,doi,10.1109/lics.2017.8005132,True,,e375ec18ae26bbf013eeff353fd5895b7efe5f3e,Partial derivatives on graphs for Kleene allegories,Logic in Computer Science,2017.0,23.0,17.0,1.0,JournalArticle,Computer Science|Mathematics,False
DOI:10.1109/lics.2017.8005134,doi,10.1109/lics.2017.8005134,True,,c67646aa89d212fff6a643e8f6ce778d47bbee32,On strong determinacy of countable stochastic games,Logic in Computer Science,2017.0,35.0,7.0,0.0,JournalArticle,Mathematics|Computer Science,True
DOI:10.1109/lics.2017.8005135,doi,10.1109/lics.2017.8005135,True,,955644ecfa7433a5e6f79349ce22c708987904ef,Domains and event structures for fusions,Logic in Computer Science,2017.0,45.0,8.0,0.0,JournalArticle,Computer Science|Mathematics,True
DOI:10.1109/lics.2017.8005137,doi,10.1109/lics.2017.8005137,True,,ae2e59e71749f37f42500e52efc78f90b3434605,A convenient category for higher-order probability theory,Logic in Computer Science,2017.0,43.0,178.0,19.0,JournalArticle,Computer Science|Mathematics,True
DOI:10.1109/lics.2017.8005138,doi,10.1109/lics.2017.8005138,True,,90a8fb3f57b9cc997bf1ae1e977f49dad20106a8,Untwisting two-way transducers in elementary time,Logic in Computer Science,2017.0,29.0,10.0,0.0,JournalArticle,Computer Science|Mathematics,True
DOI:10.1109/lics.2017.8005139,doi,10.1109/lics.2017.8005139,True,,f75ca2b93d455c63b3f075e6b9d9d10d182fe206,Bounded time computation on metric spaces and Banach spaces,Logic in Computer Science,2017.0,61.0,8.0,0.0,JournalArticle,Computer Science|Mathematics,True
DOI:10.1109/lics.2017.8005140,doi,10.1109/lics.2017.8005140,False,,,,,,,,,,,
DOI:10.1109/lics.2017.8005141,doi,10.1109/lics.2017.8005141,True,,9695cbc869ee5b74c7f507b4e851f1f70d46b14e,"Decidability, complexity, and expressiveness of first-order logic over the subword ordering",Logic in Computer Science,2017.0,44.0,58.0,3.0,JournalArticle,Computer Science|Mathematics,True
DOI:10.1109/lics.2017.8005142,doi,10.1109/lics.2017.8005142,True,,09025871eb3e06260795460b493bf87f3ae3a4e2,Lean and full congruence formats for recursion,Logic in Computer Science,2017.0,55.0,12.0,0.0,JournalArticle,Computer Science|Mathematics,True
DOI:10.1109/lics.2017.8005143,doi,10.1109/lics.2017.8005143,True,,1c7007652ad77da6f73822d3af7610980e37fb59,Differentiation in logical form,Logic in Computer Science,2017.0,33.0,3.0,0.0,JournalArticle,Mathematics|Computer Science,False
DOI:10.1109/lics.2017.8005144,doi,10.1109/lics.2017.8005144,True,,08cef896f4c7d2a641d775ec9674cdd6ddd05127,Static analysis of deterministic negotiations,Logic in Computer Science,2017.0,34.0,6.0,1.0,JournalArticle,Computer Science,True
DOI:10.1109/lics.2017.8005145,doi,10.1109/lics.2017.8005145,True,,0b4fd211dcf06bc891d90fb9ce456402b0c24447,On shift-invariant maximal filters and hormonal cellular automata,Logic in Computer Science,2017.0,15.0,3.0,0.0,JournalArticle,Computer Science|Mathematics,False
DOI:10.1109/lics.2017.8005146,doi,10.1109/lics.2017.8005146,True,,6d2a2335333be86e3a0b851df11d9ba13a33f6b3,The real projective spaces in homotopy type theory,Logic in Computer Science,2017.0,13.0,17.0,2.0,JournalArticle,Computer Science|Mathematics,True
DOI:10.1109/lics.2017.8005147,doi,10.1109/lics.2017.8005147,True,,b9e7371682be9beb53b5e6083751f0cea43780ea,Data structures for quasistrict higher categories,Logic in Computer Science,2016.0,75.0,25.0,7.0,JournalArticle,Computer Science|Mathematics,True
DOI:10.1109/lics.2017.8005148,doi,10.1109/lics.2017.8005148,True,,2df909f19cc230e9aaa05e45f3459d359c8c8073,A crevice on the Crane Beach: Finite-degree predicates,Logic in Computer Science,2017.0,24.0,2.0,0.0,JournalArticle,Computer Science|Mathematics,True
DOI:10.1109/lics.2017.8005151,doi,10.1109/lics.2017.8005151,True,,69750127b0d28d725678400c62050393d70826f3,Categorical liveness checking by corecursive algebras,Logic in Computer Science,2017.0,44.0,11.0,0.0,JournalArticle,Computer Science|Mathematics,True
DOI:10.1109/lics.2017.8005152,doi,10.1109/lics.2017.8005152,True,,695570e19e6c15308b160f16dc4f9aa7d85de41b,Unrestricted stone duality for Markov processes,Logic in Computer Science,2017.0,44.0,8.0,0.0,JournalArticle,Computer Science|Mathematics,True
DOI:10.1109/lics.2017.8005153,doi,10.1109/lics.2017.8005153,True,,7c75f1beaf9cbf99b6f32b3bc22c3fad653886d3,A weakest pre-expectation semantics for mixed-sign expectations,Logic in Computer Science,2017.0,23.0,29.0,0.0,JournalArticle,Computer Science|Mathematics,True
DOI:10.1109/lics.2019.8785655,doi,10.1109/lics.2019.8785655,True,,2fe9f8ba5073d38f0905f5f5acb6ac2aae9ab5d7,Separation and covering for group based concatenation hierarchies,Logic in Computer Science,2019.0,55.0,15.0,0.0,JournalArticle,Computer Science,True
DOI:10.1109/lics.2019.8785656,doi,10.1109/lics.2019.8785656,True,,80e7622be9dc840f0a94bffb22a70adb9f91e900,Why Propositional Quantification Makes Modal Logics on Trees Robustly Hard?,Logic in Computer Science,2019.0,63.0,10.0,1.0,JournalArticle,Mathematics|Computer Science,True
DOI:10.1109/lics.2019.8785657,doi,10.1109/lics.2019.8785657,True,,f32a5c0e6f3ab668efbdba1e01bf41ae1e0ee07b,Higher-Kinded Data Types: Syntax and Semantics,Logic in Computer Science,2019.0,10.0,17.0,2.0,JournalArticle,Computer Science,True
DOI:10.1109/lics.2019.8785658,doi,10.1109/lics.2019.8785658,True,,e0c988d323c3c773750731d1e07e272aab6fffad,Model Comparison Games for Horn Description Logics,Logic in Computer Science,2019.0,72.0,12.0,0.0,JournalArticle,Computer Science|Mathematics,True
DOI:10.1109/lics.2019.8785659,doi,10.1109/lics.2019.8785659,True,,0d87daeabe99e4c627be1988081045a879193200,The Logic of Action Lattices is Undecidable,Logic in Computer Science,2019.0,31.0,13.0,0.0,JournalArticle,Computer Science,False
DOI:10.1109/lics.2019.8785660,doi,10.1109/lics.2019.8785660,True,,9b3cccc976428bbc40e699bbc2b13a67aa56ac95,Point-width and Max-CSPs,Logic in Computer Science,2019.0,61.0,5.0,0.0,JournalArticle,Computer Science|Mathematics,True
DOI:10.1109/lics.2019.8785661,doi,10.1109/lics.2019.8785661,True,,343ee062f01f553be4f4b2d623446661e647c46d,Path Spaces of Higher Inductive Types in Homotopy Type Theory,Logic in Computer Science,2019.0,43.0,19.0,1.0,JournalArticle,Mathematics|Computer Science,True
DOI:10.1109/lics.2019.8785664,doi,10.1109/lics.2019.8785664,True,,24fc191b1e7eea8ab64b69348fa9437004ba06c5,Categorical Semantics for Time Travel,Logic in Computer Science,2019.0,42.0,15.0,0.0,JournalArticle,Computer Science|Mathematics|Physics,True
DOI:10.1109/lics.2019.8785665,doi,10.1109/lics.2019.8785665,True,,a54512c6f7669837b042ce913e44d5b5863d655b,Backprop as Functor: A compositional perspective on supervised learning,Logic in Computer Science,2017.0,20.0,125.0,17.0,JournalArticle,Computer Science|Mathematics,True
DOI:10.1109/lics.2019.8785666,doi,10.1109/lics.2019.8785666,True,,c9a61678403fdb25a307c8171fcd211773a08bef,Descriptive complexity for minimal time of cellular automata,Logic in Computer Science,2019.0,35.0,2.0,0.0,JournalArticle,Computer Science,True
DOI:10.1109/lics.2019.8785667,doi,10.1109/lics.2019.8785667,True,,25130fb2993cdc39a28c01c1f5f71f16adffc68a,A Sequent Calculus for Opetopes,Logic in Computer Science,2019.0,19.0,5.0,0.0,JournalArticle,Computer Science|Mathematics,True
DOI:10.1109/lics.2019.8785668,doi,10.1109/lics.2019.8785668,True,,04c962bab7934b294bf4447b4606d30188038a45,Reasoning about Divergences for Relaxations of Differential Privacy,arXiv.org,2017.0,39.0,2.0,0.0,JournalArticle,Computer Science,True
DOI:10.1109/lics.2019.8785669,doi,10.1109/lics.2019.8785669,True,,30613dd8611111fc58c09b721d96d27ff98b9f42,Block products for algebras over countable words and applications to logic,Logic in Computer Science,2019.0,26.0,2.0,0.0,JournalArticle,Computer Science|Mathematics,False
DOI:10.1109/lics.2019.8785670,doi,10.1109/lics.2019.8785670,True,,ac6657dec735d561d9bb7a7cb6a2d69e1ce0a457,Differentiable Causal Computations via Delayed Trace,Logic in Computer Science,2019.0,37.0,23.0,5.0,JournalArticle,Computer Science|Mathematics,True
DOI:10.1109/lics.2019.8785671,doi,10.1109/lics.2019.8785671,True,,5c6dbf62c91fdf49cc1daf5232536dd635023281,Promises Make Finite (Constraint Satisfaction) Problems Infinitary,Logic in Computer Science,2019.0,26.0,14.0,3.0,JournalArticle,Computer Science|Mathematics,True
DOI:10.1109/lics.2019.8785672,doi,10.1109/lics.2019.8785672,True,,9148c0f569537c0b33f51b4c00495eb20c7b94ca,Long-run Satisfaction of Path Properties,Logic in Computer Science,2019.0,37.0,2.0,0.0,JournalArticle,Computer Science,True
DOI:10.1109/lics.2019.8785674,doi,10.1109/lics.2019.8785674,True,,cbc5d6ebed65711f2a1ac54e6abd4f268cc00e01,Lambda Y-Calculus With Priorities,Logic in Computer Science,2019.0,36.0,3.0,1.0,JournalArticle,Computer Science|Mathematics,True
DOI:10.1109/lics.2019.8785676,doi,10.1109/lics.2019.8785676,True,,a76d27bd72cd59bd1ce01fad3fe577facca11856,Completeness for Game Logic,Logic in Computer Science,2019.0,32.0,14.0,1.0,JournalArticle,Computer Science|Mathematics,True
DOI:10.1109/lics.2019.8785677,doi,10.1109/lics.2019.8785677,True,,08ff43afa09a46382c592a0b63e1ec4071d6b853,A comonadic view of simulation and quantum resources,Logic in Computer Science,2019.0,27.0,18.0,1.0,JournalArticle,Computer Science|Physics|Mathematics,True
DOI:10.1109/lics.2019.8785678,doi,10.1109/lics.2019.8785678,True,,062d69cf1f01e964cda85bc1ebdba69a48033aa5,A short story of the CSP dichotomy conjecture,Logic in Computer Science,2019.0,12.0,2.0,0.0,JournalArticle|Conference,Computer Science|Mathematics,True
DOI:10.1109/lics.2019.8785680,doi,10.1109/lics.2019.8785680,True,,80e5bc99d6e8166dfd5a411e02ff6d7d3be8b02b,The convex hull of finitely generable subsets and its predicate transformer,Logic in Computer Science,2019.0,51.0,2.0,0.0,JournalArticle,Mathematics|Computer Science,True
DOI:10.1109/lics.2019.8785681,doi,10.1109/lics.2019.8785681,True,,ea29d793020c9323fc7d78e02dd02d15a6aa6d7d,On the Existential Theories of Büchi Arithmetic and Linear p-adic Fields,Logic in Computer Science,2019.0,28.0,15.0,3.0,JournalArticle,Computer Science|Mathematics,True
DOI:10.1109/lics.2019.8785682,doi,10.1109/lics.2019.8785682,True,,bd7df2f508c0d1f96c1688e0f9c7f1c66bc64302,Canonisation and Definability for Graphs of Bounded Rank Width,Logic in Computer Science,2019.0,56.0,40.0,2.0,JournalArticle,Computer Science|Mathematics,True
DOI:10.1109/lics.2019.8785683,doi,10.1109/lics.2019.8785683,True,,6230f6039ab5da3011b829690414ad125be5b9ae,A Type Theory for Defining Logics and Proofs,Logic in Computer Science,2019.0,22.0,19.0,1.0,JournalArticle,Computer Science,True
DOI:10.1109/lics.2019.8785684,doi,10.1109/lics.2019.8785684,True,,7bc6f1660aff2782d1b31ed5d2503788d894b399,Timed Systems through the Lens of Logic,Logic in Computer Science,2019.0,31.0,5.0,0.0,JournalArticle,Computer Science,True
DOI:10.1109/lics.2019.8785687,doi,10.1109/lics.2019.8785687,True,,a3a52efe3c505ebdac5dafb58b3d12e1c5cb27e8,Describing free $\omega$ -categories,Logic in Computer Science,2019.0,13.0,1.0,0.0,JournalArticle,Mathematics|Computer Science,False
DOI:10.1109/lics.2019.8785694,doi,10.1109/lics.2019.8785694,True,,09c57dcccca24377eceab47808c103661733ff7d,"Walk refinement, walk logic, and the iteration number of the Weisfeiler-Leman algorithm",Logic in Computer Science,2019.0,22.0,26.0,4.0,JournalArticle,Mathematics|Computer Science,True
DOI:10.1109/lics.2019.8785699,doi,10.1109/lics.2019.8785699,True,,3f73419593df5e6733d013d2057f20f730caeca1,Lambda Calculus and Probabilistic Computation,Logic in Computer Science,2019.0,38.0,33.0,0.0,JournalArticle,Mathematics|Computer Science,True
DOI:10.1109/lics.2019.8785700,doi,10.1109/lics.2019.8785700,True,,9d234392faafd4b8194b8a72021b4d8fe0c9eb9a,Quantum channels as a categorical completion,Logic in Computer Science,2019.0,79.0,14.0,4.0,JournalArticle,Mathematics|Computer Science|Physics,True
DOI:10.1109/lics.2019.8785708,doi,10.1109/lics.2019.8785708,True,,833e87dd81ea878f1dd8cf217a845f1ed15f7433,A type theory for cartesian closed bicategories (Extended Abstract),Logic in Computer Science,2019.0,48.0,10.0,1.0,JournalArticle,Computer Science,True
DOI:10.1109/lics.2019.8785713,doi,10.1109/lics.2019.8785713,True,,e940508d1e03a2eeebbb48f26b9e62edaea7c10c,The Hierarchy of Hyperlogics,Logic in Computer Science,2019.0,39.0,58.0,5.0,JournalArticle,Computer Science|Mathematics,True
DOI:10.1109/lics.2019.8785715,doi,10.1109/lics.2019.8785715,True,,c01873fdde15b9d2869689cd56a1e38daab848b6,Probabilistic Relational Reasoning via Metrics,Logic in Computer Science,2018.0,38.0,30.0,4.0,JournalArticle,Computer Science,True
DOI:10.1109/lics.2019.8785725,doi,10.1109/lics.2019.8785725,True,,b949cde414bf85d17e3efaad40a104d89b9ab40e,Type-Based Complexity Analysis of Probabilistic Functional Programs,Logic in Computer Science,2019.0,44.0,22.0,2.0,JournalArticle,Computer Science,True
DOI:10.1109/lics.2019.8785736,doi,10.1109/lics.2019.8785736,True,,4f16f3d0a43923f12fb77275f90ac5719306cecb,History-Dependent Nominal μ-Calculus,Logic in Computer Science,2019.0,36.0,1.0,1.0,JournalArticle,Computer Science,False
DOI:10.1109/lics.2019.8785748,doi,10.1109/lics.2019.8785748,True,,c2e5c4a570eaf7ea50ccff1f28bb732b470df797,Local normal forms and their use in algorithmic meta theorems (Invited Talk),Logic in Computer Science,2019.0,22.0,1.0,0.0,JournalArticle|Conference,Computer Science,True
DOI:10.1109/lics.2019.8785754,doi,10.1109/lics.2019.8785754,True,,b78aa636e6773dc8ce0a7b930b1e0b688159c03e,A Generic Normal Form for ZX-Diagrams and Application to the Rational Angle Completeness,Logic in Computer Science,2018.0,30.0,25.0,1.0,JournalArticle,Computer Science|Physics|Mathematics,True
DOI:10.1109/lics.2019.8785762,doi,10.1109/lics.2019.8785762,True,,7f3e4c84b6b715c622d1d37c09c7963627fbe8c5,Algorithmic barriers to representing conditional independence,Logic in Computer Science,2019.0,20.0,4.0,0.0,JournalArticle,Mathematics|Computer Science,False
DOI:10.1109/lics.2019.8785765,doi,10.1109/lics.2019.8785765,True,,5407ed291fee53909b33da17ac7011a333cd96cb,A Near-Minimal Axiomatisation of ZX-Calculus for Pure Qubit Quantum Mechanics,Logic in Computer Science,2019.0,26.0,40.0,2.0,JournalArticle,Computer Science,True
DOI:10.1109/lics.2019.8785779,doi,10.1109/lics.2019.8785779,True,,efe883594c7789e4bbc9fa5535216cb96240e938,Quantum Hoare Logic with Ghost Variables,Logic in Computer Science,2019.0,31.0,49.0,7.0,JournalArticle,Computer Science|Physics,True
DOI:10.1109/lics.2019.8785784,doi,10.1109/lics.2019.8785784,True,,df75a59246ac7ace201cd91f2a34474792fb5d99,HoCHC: A Refutationally Complete and Semantically Invariant System of Higher-order Logic Modulo Theories,Logic in Computer Science,2019.0,70.0,7.0,0.0,JournalArticle,Mathematics|Computer Science,True
DOI:10.1109/lics.2019.8785792,doi,10.1109/lics.2019.8785792,True,,5f355a056904815f12f1775648ebd2b89d40b116,On the Power of Symmetric Linear Programs,Logic in Computer Science,2019.0,47.0,11.0,0.0,JournalArticle,Computer Science|Mathematics,True
DOI:10.1109/lics.2019.8785796,doi,10.1109/lics.2019.8785796,True,,db6a5a40cf7c6e7bc33175f15686671aa4b9d654,Reachability in Vector Addition Systems is Primitive-Recursive in Fixed Dimension,Logic in Computer Science,2019.0,33.0,106.0,17.0,JournalArticle,Computer Science|Mathematics,True
DOI:10.1109/lics.2019.8785809,doi,10.1109/lics.2019.8785809,True,,52d21e5ff3e9e089ab3d71a16be6cb546a2e42fd,A Probabilistic and Non-Deterministic Call-by-Push-Value Language,Logic in Computer Science,2018.0,31.0,12.0,0.0,JournalArticle,Computer Science,True
DOI:10.1109/lics.2019.8785811,doi,10.1109/lics.2019.8785811,True,,fa8ce3a6467f3ccffc1c330906330fe02f537e21,Learning Concepts Definable in First-Order Logic with Counting,Logic in Computer Science,2019.0,82.0,11.0,0.0,JournalArticle,Computer Science|Mathematics,True
DOI:10.1109/lics.2019.8785823,doi,10.1109/lics.2019.8785823,True,,2cfe690237d4a7b6c65417ef629025808888364a,When is Ontology-Mediated Querying Efficient?,Logic in Computer Science,2019.0,63.0,13.0,0.0,JournalArticle,Computer Science,True
DOI:10.1109/lics.2019.8785827,doi,10.1109/lics.2019.8785827,True,,aee2961a0fe7d466c27b51c28e32f3c63bfc31b8,Intuitionistic proofs without syntax,Logic in Computer Science,2019.0,26.0,18.0,2.0,JournalArticle,Computer Science,True
DOI:10.1109/lics.2019.8785830,doi,10.1109/lics.2019.8785830,True,,864d6714e0fb48b4875a153d19d3babae46d8f23,Template games and differential linear logic,Logic in Computer Science,2019.0,21.0,14.0,2.0,JournalArticle,Mathematics|Computer Science,True
DOI:10.1109/lics.2019.8785834,doi,10.1109/lics.2019.8785834,True,,143e127d0e379c4cfb0263fea52dfe4745b5b3bb,Realizability in the Unitary Sphere,Logic in Computer Science,2019.0,35.0,34.0,1.0,JournalArticle,Computer Science|Mathematics,True
DOI:10.1109/lics.2019.8785848,doi,10.1109/lics.2019.8785848,True,,5a3f79e817ebae79e021611d6f8dfb5c42bc8060,Bisimulation Equivalence of First-Order Grammars is ACKERMANN-Complete,Logic in Computer Science,2019.0,40.0,7.0,0.0,JournalArticle,Computer Science|Mathematics,True
DOI:10.1109/lics.2019.8785850,doi,10.1109/lics.2019.8785850,True,,4f474b7f2b391b834e9f443ef9e6a5cdc1d93a74,"Presburger arithmetic with stars, rational subsets of graph groups, and nested zero tests",Logic in Computer Science,2019.0,58.0,16.0,3.0,JournalArticle,Computer Science|Mathematics,True
DOI:10.1109/lics.2019.8785877,doi,10.1109/lics.2019.8785877,True,,931d5d71177daa74d998a4aa9e569838b2cff941,Graphical Affine Algebra,Logic in Computer Science,2019.0,37.0,50.0,2.0,JournalArticle,Computer Science,True
DOI:10.1109/lics.2019.8785883,doi,10.1109/lics.2019.8785883,True,,947bd048ab087e2e54b4ba01c4d5ed3f94d9feee,Topology is relevant (in a dichotomy conjecture for infinite-domain constraint satisfaction problems),Logic in Computer Science,2019.0,53.0,8.0,0.0,JournalArticle,Mathematics|Computer Science,True
DOI:10.1109/lics.2019.8785892,doi,10.1109/lics.2019.8785892,True,,301ce80baa35d791bb9d0bfdb7533c959de22f48,MSO+∇ is undecidable,Logic in Computer Science,2019.0,24.0,5.0,1.0,JournalArticle,Computer Science|Mathematics,False
DOI:10.1109/lics.2019.8785895,doi,10.1109/lics.2019.8785895,True,,253405ff26c2d557be9a31a5d21f7e93b80dd6c9,High-level methods for homotopy construction in associative n-categories,Logic in Computer Science,2019.0,24.0,31.0,2.0,JournalArticle,Computer Science|Mathematics,True
DOI:10.1109/lics52264.2021.9470502,doi,10.1109/lics52264.2021.9470502,True,,e159fbb24c53fa5df6b3b960f28d9354a59ae7b3,Towards a more efficient approach for the satisfiability of two-variable logic,Logic in Computer Science,2021.0,48.0,5.0,0.0,JournalArticle|Book,Computer Science,True
DOI:10.1109/lics52264.2021.9470508,doi,10.1109/lics52264.2021.9470508,False,,,,,,,,,,,
DOI:10.1109/lics52264.2021.9470509,doi,10.1109/lics52264.2021.9470509,True,,f1901d195d82dbd11824db1c8251b17c1355f46c,Demonic Lattices and Semilattices in Relational Semigroups with Ordinary Composition,Logic in Computer Science,2021.0,16.0,3.0,0.0,Book|JournalArticle,Computer Science|Mathematics,True
DOI:10.1109/lics52264.2021.9470511,doi,10.1109/lics52264.2021.9470511,True,,5c502649a1bb157b6bcb852883d782c5d75e7b0d,On Logics and Homomorphism Closure,Logic in Computer Science,2021.0,36.0,3.0,1.0,JournalArticle|Book,Computer Science|Mathematics,True
DOI:10.1109/lics52264.2021.9470513,doi,10.1109/lics52264.2021.9470513,True,,a388540d928dbce85bca01cbb5b532c38860e5f7,Universal Skolem Sets,Logic in Computer Science,2021.0,17.0,9.0,0.0,JournalArticle|Book,Computer Science,False
DOI:10.1109/lics52264.2021.9470514,doi,10.1109/lics52264.2021.9470514,True,,f43b167e3c86b9e9b6b7a05247050423e5dc1285,Evidenced Frames: A Unifying Framework Broadening Realizability Models,Logic in Computer Science,2021.0,38.0,9.0,3.0,JournalArticle|Book,Computer Science,True
DOI:10.1109/lics52264.2021.9470517,doi,10.1109/lics52264.2021.9470517,True,,dd0bd38c57dcc6cf4a8247ef23176a85b90318d2,Behavioural Preorders via Graded Monads,Logic in Computer Science,2020.0,45.0,13.0,1.0,JournalArticle|Book,Computer Science|Mathematics,True
DOI:10.1109/lics52264.2021.9470520,doi,10.1109/lics52264.2021.9470520,True,,cc0e6e2708be43859c84ee962c0a4598acb3c4a3,The Undecidability of System F Typability and Type Checking for Reductionists,Logic in Computer Science,2021.0,26.0,2.0,0.0,JournalArticle|Book|Review,Computer Science,False
DOI:10.1109/lics52264.2021.9470522,doi,10.1109/lics52264.2021.9470522,True,,37ada493c94366131762054edcde5a6d71cf8590,Complexity Lower Bounds from Algorithm Design,Logic in Computer Science,2021.0,22.0,0.0,0.0,Book|JournalArticle,Computer Science,False
DOI:10.1109/lics52264.2021.9470523,doi,10.1109/lics52264.2021.9470523,True,,5ae9ddb20bd503dfc4a92a534ebe55c20426a09d,On the logical structure of choice and bar induction principles,Logic in Computer Science,2021.0,31.0,11.0,2.0,JournalArticle|Book,Computer Science,True
DOI:10.1109/lics52264.2021.9470524,doi,10.1109/lics52264.2021.9470524,True,,5dbd6da2b8846d410ee78c1429f5bd7f9cf60591,Compositional relational reasoning via operational game semantics,Logic in Computer Science,2021.0,28.0,9.0,1.0,Book|JournalArticle,Computer Science,True
DOI:10.1109/lics52264.2021.9470526,doi,10.1109/lics52264.2021.9470526,True,,2b1923d6c811d051d6cfbd79455a4dec51b498b3,In search of lost time: Axiomatising parallel composition in process algebras,Logic in Computer Science,2021.0,74.0,4.0,0.0,JournalArticle|Book|Review,Computer Science,True
DOI:10.1109/lics52264.2021.9470527,doi,10.1109/lics52264.2021.9470527,True,,6ebf3fe4ab5021360cd5171b7339519f74dfbf96,Initial Limit Datalog: a New Extensible Class of Decidable Constrained Horn Clauses,Logic in Computer Science,2021.0,34.0,3.0,0.0,JournalArticle|Book,Computer Science|Mathematics,True
DOI:10.1109/lics52264.2021.9470531,doi,10.1109/lics52264.2021.9470531,True,,9989530a5cb7a0b4bf829a7e0a390c7f57979ad3,Assuming Just Enough Fairness to make Session Types Complete for Lock-freedom,Logic in Computer Science,2021.0,40.0,23.0,3.0,JournalArticle|Book,Computer Science,True
DOI:10.1109/lics52264.2021.9470540,doi,10.1109/lics52264.2021.9470540,True,,024d2fd43047aaaa8eb7ec6b3097c238e444d50b,Parameterized Complexity of Elimination Distance to First-Order Logic Properties,Logic in Computer Science,2021.0,38.0,15.0,2.0,JournalArticle|Book,Computer Science,True
DOI:10.1109/lics52264.2021.9470541,doi,10.1109/lics52264.2021.9470541,True,,93838a0e46acc424f8c1b45f0b663f8df3c13892,Types Are Internal ∞-Groupoids,Logic in Computer Science,2021.0,19.0,5.0,0.0,JournalArticle|Book,Computer Science,True
DOI:10.1109/lics52264.2021.9470543,doi,10.1109/lics52264.2021.9470543,True,,b8077fc9e30885237ba559d75f816e824806da6a,On the Expressive Power of Homomorphism Counts,Logic in Computer Science,2021.0,39.0,15.0,1.0,JournalArticle|Book,Computer Science|Mathematics,True
DOI:10.1109/lics52264.2021.9470545,doi,10.1109/lics52264.2021.9470545,True,,0f6977c2035e752021d51e1183a2146be3d310d8,Monomial size vs. Bit-complexity in Sums-of-Squares and Polynomial Calculus,Logic in Computer Science,2021.0,21.0,7.0,1.0,Book|JournalArticle,Computer Science,True
DOI:10.1109/lics52264.2021.9470547,doi,10.1109/lics52264.2021.9470547,True,,7361e67f587cb92750663782136ace638c4312a6,Quantitative and Approximate Monitoring,Logic in Computer Science,2021.0,51.0,13.0,0.0,JournalArticle|Book,Computer Science,True
DOI:10.1109/lics52264.2021.9470549,doi,10.1109/lics52264.2021.9470549,True,,c28624a5a19bccf15f07825871819212c55243a1,Global Optimisation with Constructive Reals,Logic in Computer Science,2021.0,23.0,1.0,0.0,Book|JournalArticle,Computer Science,False
DOI:10.1109/lics52264.2021.9470550,doi,10.1109/lics52264.2021.9470550,True,,4cae2b66f9057577c097ee689b40a2b63ac1236b,"Supermartingales, Ranking Functions and Probabilistic Lambda Calculus",Logic in Computer Science,2021.0,51.0,13.0,0.0,JournalArticle|Book,Computer Science,True
DOI:10.1109/lics52264.2021.9470552,doi,10.1109/lics52264.2021.9470552,True,,54bddca55b638bd2170107a919d246c3e30644d4,Compositional Semantics for Probabilistic Programs with Exact Conditioning,Logic in Computer Science,2021.0,41.0,30.0,2.0,JournalArticle|Book,Computer Science|Mathematics,True
DOI:10.1109/lics52264.2021.9470553,doi,10.1109/lics52264.2021.9470553,True,,8b4d079d0a1b6320a33f9f166b8f71994b3f27d0,Graphical Language with Delayed Trace: Picturing Quantum Computing with Finite Memory,Logic in Computer Science,2021.0,33.0,8.0,1.0,Book|JournalArticle,Computer Science|Physics,True
DOI:10.1109/lics52264.2021.9470555,doi,10.1109/lics52264.2021.9470555,True,,2f2f3ef43eedd4369f1c8ef4625350c5cee181f2,Efficient Local Computation of Differential Bisimulations via Coupling and Up-to Methods,Logic in Computer Science,2021.0,81.0,5.0,0.0,JournalArticle|Book,Computer Science,True
DOI:10.1109/lics52264.2021.9470557,doi,10.1109/lics52264.2021.9470557,True,,05008aa0cc9813725a8b985d18419f7b8013c779,Minimal Taylor Algebras as a Common Framework for the Three Algebraic Approaches to the CSP,Logic in Computer Science,2021.0,65.0,9.0,0.0,Book|JournalArticle,Computer Science,False
DOI:10.1109/lics52264.2021.9470559,doi,10.1109/lics52264.2021.9470559,True,,0217a4019f7dc5638e19ed7a05dfcb9ad4bfc732,On sequentiality and well-bracketing in the π-calculus,Logic in Computer Science,2021.0,41.0,4.0,0.0,JournalArticle|Book,Computer Science,True
DOI:10.1109/lics52264.2021.9470560,doi,10.1109/lics52264.2021.9470560,True,,9f652d15593afdff2529818c5dbe98bdafe81d58,The Topological Mu-Calculus: completeness and decidability,Logic in Computer Science,2021.0,41.0,14.0,3.0,Book|JournalArticle,Computer Science,True
DOI:10.1109/lics52264.2021.9470567,doi,10.1109/lics52264.2021.9470567,True,,6527e15aee971c7a42075164fb192c7e33ad082f,A Compositional Cost Model for the λ-calculus,Logic in Computer Science,2021.0,43.0,0.0,0.0,Book|JournalArticle,Computer Science,True
DOI:10.1109/lics52264.2021.9470575,doi,10.1109/lics52264.2021.9470575,True,,e1256fa01280069878f60209a704d35218f79226,The Smash Product of Monoidal Theories,Logic in Computer Science,2021.0,52.0,5.0,0.0,Book|JournalArticle,Computer Science|Mathematics,True
DOI:10.1109/lics52264.2021.9470579,doi,10.1109/lics52264.2021.9470579,True,,7f534d36b1ade484dd3f1570966def8eda831c5c,Combinatorial Proofs and Decomposition Theorems for First-order Logic,Logic in Computer Science,2021.0,49.0,7.0,1.0,JournalArticle|Book,Computer Science,True
DOI:10.1109/lics52264.2021.9470583,doi,10.1109/lics52264.2021.9470583,True,,e479a3d36cada7e0d3d249d9179570c036761a6c,Asynchronous Extensions of HyperLTL,Logic in Computer Science,2021.0,27.0,36.0,2.0,JournalArticle|Book,Computer Science,True
DOI:10.1109/lics52264.2021.9470585,doi,10.1109/lics52264.2021.9470585,True,,b5d6ddeb34b2c35938a71d4d819cf7f27b058763,Living without Beth and Craig: Definitions and Interpolants in the Guarded and Two-Variable Fragments,Logic in Computer Science,2021.0,63.0,24.0,3.0,JournalArticle|Book,Computer Science,True
DOI:10.1109/lics52264.2021.9470594,doi,10.1109/lics52264.2021.9470594,True,,1135e5c4e7b6ee8e1eefe00f15da00f094f7d164,Comonadic semantics for guarded fragments,Logic in Computer Science,2020.0,28.0,24.0,2.0,JournalArticle|Book,Computer Science|Mathematics,True
DOI:10.1109/lics52264.2021.9470597,doi,10.1109/lics52264.2021.9470597,True,,b22d15f4dcacaa8e32bc7ec059ac9dbf79d94cb8,Responsibility and verification: Importance value in temporal logics,Logic in Computer Science,2021.0,64.0,9.0,2.0,JournalArticle|Book,Computer Science,True
DOI:10.1109/lics52264.2021.9470598,doi,10.1109/lics52264.2021.9470598,True,,26bcbb11af4a5ea222a63dffba4f55cae8a2e9d9,Separating Rank Logic from Polynomial Time,Logic in Computer Science,2021.0,32.0,24.0,1.0,JournalArticle|Book,Computer Science|Mathematics,True
DOI:10.1109/lics52264.2021.9470602,doi,10.1109/lics52264.2021.9470602,True,,11011af5ddd41d7054045505138ba2fe19ce3973,Positive First-order Logic on Words,Logic in Computer Science,2021.0,27.0,6.0,1.0,JournalArticle|Book,Computer Science|Mathematics,True
DOI:10.1109/lics52264.2021.9470608,doi,10.1109/lics52264.2021.9470608,True,,758a6d4d8078bef9c172032a3e95d4197709c2d3,A Logic for Locally Complete Abstract Interpretations,Logic in Computer Science,2021.0,31.0,45.0,2.0,JournalArticle|Book,Computer Science,True
DOI:10.1109/lics52264.2021.9470609,doi,10.1109/lics52264.2021.9470609,True,,846617cec0e9b9e18f4d7940dcec15e47361b84b,Lovász-Type Theorems and Game Comonads,Logic in Computer Science,2021.0,32.0,45.0,8.0,JournalArticle|Book,Computer Science|Mathematics,True
DOI:10.1109/lics52264.2021.9470611,doi,10.1109/lics52264.2021.9470611,True,,9789385c1b673615d2e4b1c53719455b475170fb,Commutative Monads for Probabilistic Programming Languages,Logic in Computer Science,2021.0,74.0,20.0,0.0,Book|JournalArticle,Computer Science|Mathematics,True
DOI:10.1109/lics52264.2021.9470615,doi,10.1109/lics52264.2021.9470615,True,,ec1507415755ae37412ec772382ddfae8c98f0ac,Axiomatizations and Computability of Weighted Monadic Second-Order Logic,Logic in Computer Science,2021.0,32.0,1.0,0.0,Book|JournalArticle,Computer Science,True
DOI:10.1109/lics52264.2021.9470616,doi,10.1109/lics52264.2021.9470616,True,,34c03f40641c8d0af7fff7ed61018b0df80da56e,Perspective Multi-Player Games,Logic in Computer Science,2021.0,43.0,2.0,0.0,JournalArticle|Book,Computer Science,False
DOI:10.1109/lics52264.2021.9470617,doi,10.1109/lics52264.2021.9470617,True,,cdcd0a550737f2a234f214e5b545ef73ea05651d,Intersection Type Distributors,Logic in Computer Science,2020.0,61.0,18.0,1.0,JournalArticle|Book,Computer Science,True
DOI:10.1109/lics52264.2021.9470623,doi,10.1109/lics52264.2021.9470623,True,,41f8f6d98bc6c785cbabf3d6bcc400cf80906f47,A distributed operational view of Reversible Prime Event Structures,Logic in Computer Science,2021.0,27.0,9.0,0.0,JournalArticle|Book,Computer Science,True
DOI:10.1109/lics52264.2021.9470630,doi,10.1109/lics52264.2021.9470630,True,,d749307ce7e8325e1c666642f592c2f3a1464aec,"Strong Call-by-Value is Reasonable, Implosively",Logic in Computer Science,2021.0,50.0,25.0,2.0,JournalArticle|Book,Computer Science,True
DOI:10.1109/lics52264.2021.9470632,doi,10.1109/lics52264.2021.9470632,True,,3d74cfac178c0b5640c355e3f6f5fe2ec21c64cd,No-Rainbow Problem and the Surjective Constraint Satisfaction Problem,Logic in Computer Science,2020.0,33.0,7.0,1.0,Book|JournalArticle,Mathematics|Computer Science,True
DOI:10.1109/lics52264.2021.9470633,doi,10.1109/lics52264.2021.9470633,True,,692c8c53bad94b8d6f44afa5d52470df60f0d833,"A Relational Theory of Monadic Rewriting Systems, Part I",Logic in Computer Science,2021.0,70.0,9.0,1.0,JournalArticle|Book,Computer Science,True
DOI:10.1109/lics52264.2021.9470643,doi,10.1109/lics52264.2021.9470643,True,,79b4b41d0c83367c0337363b1c7fcf4efc200f38,Some constructive variants of S4 with the finite model property,Logic in Computer Science,2021.0,18.0,16.0,1.0,JournalArticle|Book,Computer Science,True
DOI:10.1109/lics52264.2021.9470647,doi,10.1109/lics52264.2021.9470647,True,,b2a13f0061d50f63a95a9c8b2deecbf28d523856,A Complete Axiomatisation for Divergence Preserving Branching Congruence of Finite-State Behaviours,Logic in Computer Science,2021.0,21.0,1.0,0.0,JournalArticle|Book,Computer Science,True
DOI:10.1109/lics52264.2021.9470649,doi,10.1109/lics52264.2021.9470649,True,,c0e9bf873a750f4bdcb9ecaf50ba42f284dc5b9d,A Constructive Logic with Classical Proofs and Refutations,Logic in Computer Science,2021.0,60.0,1.0,0.0,JournalArticle|Book,Computer Science,False
DOI:10.1109/lics52264.2021.9470654,doi,10.1109/lics52264.2021.9470654,True,,7ec36c801c019cf6d99d578b6092a986a68f5a3a,Session Logical Relations for Noninterference,Logic in Computer Science,2021.0,62.0,11.0,0.0,JournalArticle|Book,Computer Science,True
DOI:10.1109/lics52264.2021.9470656,doi,10.1109/lics52264.2021.9470656,True,,881867c84ef25cd4eeb8091536f79e6c13b18ead,Expressivity of Quantitative Modal Logics : Categorical Foundations via Codensity and Approximation,Logic in Computer Science,2021.0,42.0,21.0,1.0,JournalArticle|Book,Computer Science,True
DOI:10.1109/lics52264.2021.9470660,doi,10.1109/lics52264.2021.9470660,True,,cc7abc05e408469bdde1a46069361536f59fd1ac,An Algebraic Characterisation of First-Order Logic with Neighbour,Logic in Computer Science,2021.0,27.0,0.0,0.0,JournalArticle|Book,Computer Science,True
DOI:10.1109/lics52264.2021.9470662,doi,10.1109/lics52264.2021.9470662,True,,08e1bced0e57c3dcae6661d1aa930bbd603ad6fe,Fixed-Points for Quantitative Equational Logics,Logic in Computer Science,2021.0,21.0,14.0,0.0,JournalArticle|Book,Computer Science,True
DOI:10.1109/lics52264.2021.9470664,doi,10.1109/lics52264.2021.9470664,True,,8b1bd1239ec372eed03cc9701ffae64be480bffc,Categorical models of Linear Logic with fixed points of formulas,Logic in Computer Science,2020.0,50.0,15.0,2.0,JournalArticle|Book,Computer Science|Mathematics,True
DOI:10.1109/lics52264.2021.9470666,doi,10.1109/lics52264.2021.9470666,True,,e45cd69f31927dc52752e0b1710d9cda6f84adb4,Zero-one laws for provability logic: Axiomatizing validity in almost all models and almost all frames,Logic in Computer Science,2021.0,49.0,3.0,0.0,JournalArticle|Book,Computer Science,True
DOI:10.1109/lics52264.2021.9470667,doi,10.1109/lics52264.2021.9470667,True,,e35197f81ccfb7392927e6b2812f2e4a4c01105b,Internal ∞-Categorical Models of Dependent Type Theory : Towards 2LTT Eating HoTT,Logic in Computer Science,2020.0,74.0,12.0,1.0,JournalArticle|Book,Computer Science|Mathematics,True
DOI:10.1109/lics52264.2021.9470670,doi,10.1109/lics52264.2021.9470670,True,,634df6afd19f51a486277876aea6b6ad34a81f57,Constraint Satisfaction Problems over Finite Structures,Logic in Computer Science,2020.0,32.0,4.0,0.0,Book|JournalArticle,Computer Science|Mathematics,True
DOI:10.1109/lics52264.2021.9470673,doi,10.1109/lics52264.2021.9470673,True,,9db409fd2a17be393e61d243c47435a4367ed152,A Quantum Interpretation of Bunched Logic & Quantum Separation Logic,Logic in Computer Science,2021.0,69.0,25.0,1.0,JournalArticle|Book|Review,Computer Science|Physics,False
DOI:10.1109/lics52264.2021.9470678,doi,10.1109/lics52264.2021.9470678,True,,8834260f1a13f462a170d8241469086d17863667,From Multisets over Distributions to Distributions over Multisets,Logic in Computer Science,2021.0,28.0,31.0,6.0,Book|JournalArticle,Computer Science,True
DOI:10.1109/lics52264.2021.9470680,doi,10.1109/lics52264.2021.9470680,True,,d219619443d8af44446e5b5af648eb672c9b8f42,Lacon- and Shrub-Decompositions: A New Characterization of First-Order Transductions of Bounded Expansion Classes,Logic in Computer Science,2021.0,61.0,9.0,0.0,JournalArticle|Book,Computer Science,False
DOI:10.1109/lics52264.2021.9470683,doi,10.1109/lics52264.2021.9470683,True,,0d75337d68e5ce737eb67941be2c438356cf7c3b,Canonical Polymorphisms of Ramsey Structures and the Unique Interpolation Property,Logic in Computer Science,2020.0,49.0,15.0,2.0,JournalArticle|Book,Computer Science|Mathematics,False
DOI:10.1109/lics52264.2021.9470688,doi,10.1109/lics52264.2021.9470688,True,,492cba119356cabd50d3cb456ac6b8f6a656150f,From Finite-Valued Nondeterministic Transducers to Deterministic Two-Tape Automata,Logic in Computer Science,2021.0,24.0,0.0,0.0,JournalArticle|Book,Computer Science,True
DOI:10.1109/lics52264.2021.9470690,doi,10.1109/lics52264.2021.9470690,True,,ff5965f6567d6c89562f6fe83d59a4d48a4a0c92,Alignment Completeness for Relational Hoare Logics,Logic in Computer Science,2021.0,42.0,11.0,1.0,JournalArticle|Book,Computer Science,True
DOI:10.1109/lics52264.2021.9470691,doi,10.1109/lics52264.2021.9470691,True,,70217f836d283ac8da3a42dd9ae2af103f341d38,Verifying higher-order concurrency with data automata,Logic in Computer Science,2021.0,27.0,1.0,0.0,Book|JournalArticle,Computer Science,True
DOI:10.1109/lics52264.2021.9470696,doi,10.1109/lics52264.2021.9470696,True,,4340edec6a8795e4b618dc795128550931deb605,On Generalized Metric Spaces for the Simply Typed Lambda-Calculus,Logic in Computer Science,2021.0,76.0,13.0,0.0,JournalArticle|Book,Computer Science|Mathematics,True
DOI:10.1109/lics52264.2021.9470706,doi,10.1109/lics52264.2021.9470706,True,,f237d6e602654b1d3c13d9a18ceed9c2d42cbf74,Inapproximability of Unique Games in Fixed-Point Logic with Counting,Logic in Computer Science,2021.0,33.0,9.0,4.0,JournalArticle|Book,Computer Science,True
DOI:10.1109/lics52264.2021.9470708,doi,10.1109/lics52264.2021.9470708,True,,dbefecfad10d35d155dfd2390052651fbfbc8f4c,On Linear Time Decidability of Differential Privacy for Programs with Unbounded Inputs,Logic in Computer Science,2021.0,30.0,7.0,1.0,JournalArticle|Book,Computer Science,True
DOI:10.1109/lics52264.2021.9470712,doi,10.1109/lics52264.2021.9470712,True,,662510a289ae17886bac2ab3a61bc330271f92da,A Bunched Logic for Conditional Independence,Logic in Computer Science,2020.0,51.0,19.0,2.0,JournalArticle|Book,Computer Science,True
DOI:10.1109/lics52264.2021.9470717,doi,10.1109/lics52264.2021.9470717,True,,790a09e4207d1553bf3376c64787b721e96f407c,"Combining Nondeterminism, Probability, and Termination: Equational and Metric Reasoning",Logic in Computer Science,2020.0,58.0,27.0,2.0,JournalArticle|Book,Computer Science,True
DOI:10.1109/lics52264.2021.9470718,doi,10.1109/lics52264.2021.9470718,True,,378df02c52351108cd0901d2f9b9fd70aac79a63,The Laplace Mechanism has optimal utility for differential privacy over continuous queries,Logic in Computer Science,2021.0,32.0,29.0,0.0,JournalArticle|Book,Computer Science,True
DOI:10.1109/lics52264.2021.9470719,doi,10.1109/lics52264.2021.9470719,True,,f11d54452ebba2536cbbc61b77a58af5aeac311e,Normalization for Cubical Type Theory,Logic in Computer Science,2021.0,76.0,46.0,4.0,Book|JournalArticle,Computer Science|Mathematics,True
DOI:10.1109/lics52264.2021.9470728,doi,10.1109/lics52264.2021.9470728,True,,9f28c066c35926bbef744886e60c442ba6bd9744,Parametricity and Semi-Cubical Types,Logic in Computer Science,2021.0,27.0,5.0,0.0,JournalArticle|Book,Mathematics|Computer Science,True
DOI:10.1109/lics52264.2021.9470733,doi,10.1109/lics52264.2021.9470733,True,,12789212195ce6dde51d683a625d29d4d30b99c9,Decidability and Complexity in Weakening and Contraction Hypersequent Substructural Logics,Logic in Computer Science,2021.0,38.0,7.0,0.0,Book|JournalArticle,Computer Science,True
DOI:10.1109/lics52264.2021.9470734,doi,10.1109/lics52264.2021.9470734,True,,bece50cc60b4d2daa48aeb536298ac2e176ccdb8,Finite Model Theory of the Triguarded Fragment and Related Logics,Logic in Computer Science,2021.0,22.0,12.0,0.0,Book|JournalArticle,Mathematics|Computer Science,True
DOI:10.1109/lics52264.2021.9470738,doi,10.1109/lics52264.2021.9470738,True,,140a37d72dfd726c574b7dbc657398c3c97d20e4,SD-Regular Transducer Expressions for Aperiodic Transformations,Logic in Computer Science,2021.0,25.0,8.0,0.0,JournalArticle|Book,Computer Science,True
DOI:10.1109/lics52264.2021.9470739,doi,10.1109/lics52264.2021.9470739,True,,def46040fde46726157fe774de8189ce7c768d37,Symbolic Time and Space Tradeoffs for Probabilistic Verification,Logic in Computer Science,2021.0,42.0,2.0,0.0,JournalArticle|Book,Computer Science,True
DOI:10.1109/lics52264.2021.9470741,doi,10.1109/lics52264.2021.9470741,True,,09fab2fae6bded60e7f9726addcc63d0173af096,A Normal Form Characterization for Efficient Boolean Skolem Function Synthesis,Logic in Computer Science,2021.0,29.0,10.0,0.0,JournalArticle|Book,Computer Science,True
DOI:10.1109/lics52264.2021.9470747,doi,10.1109/lics52264.2021.9470747,True,,03bc67f88648cad2319de4f10ce8d657d0cee04f,Universal Semantics for the Stochastic λ-Calculus,Logic in Computer Science,2020.0,25.0,7.0,0.0,Book|JournalArticle,Computer Science,True
DOI:10.1109/lics52264.2021.9470758,doi,10.1109/lics52264.2021.9470758,True,,e43ebea61be80fdc0b3e8646ed81a2021e164418,Asynchronous Template Games and the Gray Tensor Product of 2-Categories,Logic in Computer Science,2021.0,28.0,5.0,0.0,Book|JournalArticle,Computer Science|Mathematics,True
DOI:10.1109/lics56636.2023.10175672,doi,10.1109/lics56636.2023.10175672,True,,a7a884cd198b539cc763cc6c7df96fdb1c1c0ca8,"Completeness for arbitrary finite dimensions of ZXW-calculus, a unifying calculus",Logic in Computer Science,2023.0,70.0,26.0,3.0,JournalArticle,Physics|Computer Science,True
DOI:10.1109/lics56636.2023.10175675,doi,10.1109/lics56636.2023.10175675,True,,50cb1650c2980f1da62c5b51ed13e237ffe7396c,Structure-Aware Lower Bounds and Broadening the Horizon of Tractability for QBF,Logic in Computer Science,2023.0,67.0,10.0,0.0,JournalArticle,Computer Science|Mathematics,True
DOI:10.1109/lics56636.2023.10175683,doi,10.1109/lics56636.2023.10175683,True,,86e9b8df06ca93a6bf2261078adf5c51222ac34a,Group Separation Strikes Back,Logic in Computer Science,2022.0,46.0,5.0,0.0,JournalArticle,Computer Science,True
DOI:10.1109/lics56636.2023.10175684,doi,10.1109/lics56636.2023.10175684,True,,847108f8a7fb574a4775c9de11839cf1e7c87743,Intuitionistic S4 is decidable,Logic in Computer Science,2023.0,42.0,14.0,0.0,JournalArticle,Computer Science,True
DOI:10.1109/lics56636.2023.10175687,doi,10.1109/lics56636.2023.10175687,True,,38cdbca34962270618eca7ae173642ad5d9c0627,"Central Submonads and Notions of Computation: Soundness, Completeness and Internal Languages",Logic in Computer Science,2022.0,40.0,5.0,0.0,JournalArticle,Computer Science|Mathematics,True
DOI:10.1109/lics56636.2023.10175688,doi,10.1109/lics56636.2023.10175688,True,,98852b809b597c46b23afe45ca7497e28c77a1d9,Fixpoint operators for 2-categorical structures,Logic in Computer Science,2023.0,45.0,1.0,0.0,JournalArticle,Computer Science|Mathematics,True
DOI:10.1109/lics56636.2023.10175691,doi,10.1109/lics56636.2023.10175691,True,,e27de65139365cdac2220075355cdd2064d84551,Computing the linear hull: Deciding Deterministic? and Unambiguous? for weighted automata over fields,Logic in Computer Science,2022.0,48.0,11.0,2.0,JournalArticle|Review,Computer Science|Mathematics,True
DOI:10.1109/lics56636.2023.10175694,doi,10.1109/lics56636.2023.10175694,True,,77b52f37b1ed291d58c8f94a8ee3790b2079a9e4,Pseudorandom Finite Models,Logic in Computer Science,2023.0,35.0,1.0,0.0,JournalArticle,Computer Science,True
DOI:10.1109/lics56636.2023.10175697,doi,10.1109/lics56636.2023.10175697,True,,8d27370c2fb2490cfb86743a8fe8c2b39380b1b4,Minimization of Dynamical Systems over Monoids,Logic in Computer Science,2022.0,66.0,1.0,0.0,JournalArticle,Computer Science|Biology,True
DOI:10.1109/lics56636.2023.10175706,doi,10.1109/lics56636.2023.10175706,True,,830c268cf039ba63580734ebf9c08ff97d9615c7,Weak Similarity in Higher-Order Mathematical Operational Semantics,Logic in Computer Science,2023.0,46.0,9.0,0.0,JournalArticle,Computer Science,True
DOI:10.1109/lics56636.2023.10175707,doi,10.1109/lics56636.2023.10175707,True,,062c266027b1ea2b86a2e5d43e60c4db32347951,Multiplicity Problems on Algebraic Series and Context-Free Grammars,Logic in Computer Science,2023.0,35.0,1.0,0.0,JournalArticle,Computer Science,True
DOI:10.1109/lics56636.2023.10175712,doi,10.1109/lics56636.2023.10175712,True,,cbaa870e3dea81582f8bbaa7621989e91d850dff,Complete Graphical Language for Hermiticity-Preserving Superoperators,Logic in Computer Science,2023.0,56.0,1.0,0.0,JournalArticle,Computer Science|Physics,True
DOI:10.1109/lics56636.2023.10175714,doi,10.1109/lics56636.2023.10175714,True,,c927d2c47da5915c098ce15f790f5367814cff1c,"On Certificates, Expected Runtimes, and Termination in Probabilistic Pushdown Automata",Logic in Computer Science,2023.0,40.0,2.0,0.0,JournalArticle,Computer Science,True
DOI:10.1109/lics56636.2023.10175717,doi,10.1109/lics56636.2023.10175717,True,,5579a59582c67750aaea8b8dc50cf01924325f54,Cartesian Coherent Differential Categories,Logic in Computer Science,2023.0,30.0,4.0,0.0,JournalArticle,Computer Science,True
DOI:10.1109/lics56636.2023.10175719,doi,10.1109/lics56636.2023.10175719,True,,1ec0bdef099af88a2f348d1003bd6d1ca126cda1,Distal Combinatorial Tools for Graphs of Bounded Twin-Width,Logic in Computer Science,2022.0,37.0,7.0,0.0,JournalArticle,Computer Science,True
DOI:10.1109/lics56636.2023.10175720,doi,10.1109/lics56636.2023.10175720,True,,0566e26387612dac68b74b678efcb486720ca173,Automatic Amortized Resource Analysis with Regular Recursive Types,Logic in Computer Science,2023.0,64.0,6.0,0.0,JournalArticle,Computer Science,True
DOI:10.1109/lics56636.2023.10175721,doi,10.1109/lics56636.2023.10175721,True,,a4610fa9cf8d4810464b2ad4fa750045ebe15d49,Verifying linear temporal specifications of constant-rate multi-mode systems,Logic in Computer Science,2023.0,31.0,1.0,0.0,JournalArticle,Computer Science,True
DOI:10.1109/lics56636.2023.10175722,doi,10.1109/lics56636.2023.10175722,True,,ad38b8c9cf50f8b840699d1984b8f6a2bf9304f1,Revisiting Membership Problems in Subclasses of Rational Relations,Logic in Computer Science,2023.0,52.0,3.0,0.0,JournalArticle,Computer Science,True
DOI:10.1109/lics56636.2023.10175723,doi,10.1109/lics56636.2023.10175723,True,,818bc4b0ead10bd0d74eb2c8aa5ed840d90d95ba,Reachability in Injective Piecewise Affine Maps,Logic in Computer Science,2023.0,20.0,1.0,0.0,JournalArticle,Computer Science|Mathematics,True
DOI:10.1109/lics56636.2023.10175726,doi,10.1109/lics56636.2023.10175726,True,,18247ce89743f7aa53043c5c1d6eef50e9fc6646,Higher-Dimensional Subdiagram Matching,Logic in Computer Science,2023.0,28.0,7.0,0.0,JournalArticle,Computer Science|Mathematics,True
DOI:10.1109/lics56636.2023.10175727,doi,10.1109/lics56636.2023.10175727,True,,6260f5a84b8401aa887f73fbabd415b6ed9f94e5,Making Concurrency Functional,Logic in Computer Science,2022.0,73.0,4.0,0.0,JournalArticle,Computer Science,True
DOI:10.1109/lics56636.2023.10175732,doi,10.1109/lics56636.2023.10175732,True,,92bb6a85735aeea41c02744edcda12a50e2fe0b5,Symmetries of Graphs and Structures that Fail to Interpret a Finite Thing,Logic in Computer Science,2023.0,36.0,11.0,4.0,JournalArticle,Computer Science,False
DOI:10.1109/lics56636.2023.10175734,doi,10.1109/lics56636.2023.10175734,True,,4005ed9802933aeaac8bf45182de2259b2c93ebd,Commutativity in Automated Verification,Logic in Computer Science,2023.0,28.0,8.0,0.0,JournalArticle|Review,Computer Science,False
DOI:10.1109/lics56636.2023.10175737,doi,10.1109/lics56636.2023.10175737,True,,b783e7bef9407fb66b0f09997341d282e40d550a,Semi-Simplicial Set Models for Distributed Knowledge,Logic in Computer Science,2023.0,32.0,16.0,2.0,JournalArticle,Computer Science,True
DOI:10.1109/lics56636.2023.10175739,doi,10.1109/lics56636.2023.10175739,True,,31747eafcfca1376611e9c34d63a88bbd6b46d89,"ωPAP Spaces: Reasoning Denotationally About Higher-Order, Recursive Probabilistic and Differentiable Programs",Logic in Computer Science,2023.0,60.0,9.0,0.0,JournalArticle,Computer Science,False
DOI:10.1109/lics56636.2023.10175741,doi,10.1109/lics56636.2023.10175741,True,,8501918af25e6fd73cc7fe9574b453ad39647c90,The Iteration Number of the Weisfeiler-Leman Algorithm,Logic in Computer Science,2023.0,33.0,22.0,2.0,JournalArticle,Computer Science,True
DOI:10.1109/lics56636.2023.10175742,doi,10.1109/lics56636.2023.10175742,True,,0217024237779d22a7392c1db90fbb8b145f4a9e,On Exact Sampling in the Two-Variable Fragment of First-Order Logic,Logic in Computer Science,2023.0,36.0,5.0,0.0,JournalArticle,Computer Science,True
DOI:10.1109/lics56636.2023.10175746,doi,10.1109/lics56636.2023.10175746,True,,3dc4afa9d40381726da7c6b036ce6660b6a50a77,Boolean symmetric vs. functional PCSP dichotomy,Logic in Computer Science,2023.0,41.0,6.0,0.0,JournalArticle,Computer Science,True
DOI:10.1109/lics56636.2023.10175747,doi,10.1109/lics56636.2023.10175747,True,,27608b6dae58610ea7ab12f93295a1570aea705d,Stochastic Best-Effort Strategies for Borel Goals,Logic in Computer Science,2023.0,30.0,8.0,0.0,JournalArticle,Computer Science,True
DOI:10.1109/lics56636.2023.10175751,doi,10.1109/lics56636.2023.10175751,True,,dd89c1d6c45d1ee04a3e351b115df2dc3b540140,A categorical account of composition methods in logic,Logic in Computer Science,2023.0,78.0,2.0,0.0,JournalArticle,Computer Science|Mathematics,True
DOI:10.1109/lics56636.2023.10175753,doi,10.1109/lics56636.2023.10175753,True,,c5f88ead144edfb11fef17ba34c7c424ec4e3a67,Taylor Expansion as a Monad in Models of DiLL,Logic in Computer Science,2023.0,56.0,11.0,1.0,JournalArticle,Computer Science,True
DOI:10.1109/lics56636.2023.10175754,doi,10.1109/lics56636.2023.10175754,True,,c60292ffa2c153d7565caa4677e8d7d5470b5b76,The Cartesian Closed Bicategory of Thin Spans of Groupoids,Logic in Computer Science,2023.0,43.0,6.0,0.0,JournalArticle,Computer Science|Mathematics,True
DOI:10.1109/lics56636.2023.10175757,doi,10.1109/lics56636.2023.10175757,True,,66659606205695b5f9069e1eb99efaeb25f19983,Logic for Explainable AI,Logic in Computer Science,2023.0,60.0,27.0,2.0,JournalArticle|Review,Computer Science,False
DOI:10.1109/lics56636.2023.10175762,doi,10.1109/lics56636.2023.10175762,True,,b5f7e887339e29bb53705bfa61d17587e1d72895,Set-Theoretic and Type-Theoretic Ordinals Coincide,Logic in Computer Science,2023.0,45.0,8.0,0.0,JournalArticle,Computer Science|Mathematics,True
DOI:10.1109/lics56636.2023.10175769,doi,10.1109/lics56636.2023.10175769,True,,6bbf628abd562a86480d07dec09a774a8ba71238,Applications of Information Inequalities to Database Theory Problems,Logic in Computer Science,2023.0,76.0,16.0,2.0,JournalArticle,Computer Science|Mathematics,True
DOI:10.1109/lics56636.2023.10175771,doi,10.1109/lics56636.2023.10175771,True,,b767641d62116852bcb5e283b910243bd545e5d6,Stopping Criteria for Value Iteration on Stochastic Games with Quantitative Objectives,Logic in Computer Science,2023.0,51.0,9.0,0.0,JournalArticle,Computer Science|Engineering,True
DOI:10.1109/lics56636.2023.10175773,doi,10.1109/lics56636.2023.10175773,True,,e68c89f1ca91aad0435d8bd9c56dcda66b17d3ef,Deterministic stream-sampling for probabilistic programming: semantics and verification,Logic in Computer Science,2023.0,48.0,4.0,0.0,JournalArticle,Computer Science,True
DOI:10.1109/lics56636.2023.10175776,doi,10.1109/lics56636.2023.10175776,True,,79692bcceb5244058489737c734e85c33ef32c43,Evidential Decision Theory via Partial Markov Categories,Logic in Computer Science,2023.0,94.0,18.0,1.0,JournalArticle,Computer Science|Mathematics,True
DOI:10.1109/lics56636.2023.10175777,doi,10.1109/lics56636.2023.10175777,True,,181b104255d8a152656f81c1d3dd69255e75e42d,A Metalanguage for Cost-Aware Denotational Semantics,Logic in Computer Science,2022.0,35.0,5.0,1.0,JournalArticle,Computer Science,True
DOI:10.1109/lics56636.2023.10175781,doi,10.1109/lics56636.2023.10175781,True,,87a6d37a400638c5faefe3284a5b2d08007c720f,A Higher-Order Indistinguishability Logic for Cryptographic Reasoning,Logic in Computer Science,2023.0,45.0,8.0,3.0,JournalArticle,Computer Science,True
DOI:10.1109/lics56636.2023.10175784,doi,10.1109/lics56636.2023.10175784,True,,42fc5f111e3e1b21591b34ec98b2f3fe7e0b9e2a,Fixed Point Logics on Hemimetric Spaces,Logic in Computer Science,2023.0,30.0,1.0,0.0,JournalArticle,Computer Science,True
DOI:10.1109/lics56636.2023.10175785,doi,10.1109/lics56636.2023.10175785,True,,b7697f9c805651d2c39f0563d5af4390b1be8aaa,Cut-Restriction: From Cuts to Analytic Cuts,Logic in Computer Science,2023.0,26.0,2.0,1.0,JournalArticle,Computer Science,True
DOI:10.1109/lics56636.2023.10175791,doi,10.1109/lics56636.2023.10175791,True,,c709315ff50efa6c4a9dd61d9b35c79fd28555b5,Operational Algorithmic Game Semantics,Logic in Computer Science,2023.0,29.0,1.0,0.0,JournalArticle,Computer Science,True
DOI:10.1109/lics56636.2023.10175796,doi,10.1109/lics56636.2023.10175796,True,,df8673c3a5129c6cdf81b98eaa73426dcaabdcd0,Folding interpretations,Logic in Computer Science,2023.0,39.0,2.0,0.0,JournalArticle,Computer Science,True
DOI:10.1109/lics56636.2023.10175801,doi,10.1109/lics56636.2023.10175801,True,,a76ecadd2271a4d1eb17298d53201e49d5a89d20,A Complete Equational Theory for Quantum Circuits,Logic in Computer Science,2022.0,38.0,29.0,1.0,JournalArticle,Computer Science|Physics,True
DOI:10.1109/lics56636.2023.10175804,doi,10.1109/lics56636.2023.10175804,True,,60582bf42c6ba9f761a81cf991a49c98bea082f7,Embedded Finite Models beyond Restricted Quantifier Collapse,Logic in Computer Science,2023.0,49.0,1.0,0.0,JournalArticle,Computer Science|Mathematics,True
DOI:10.1109/lics56636.2023.10175807,doi,10.1109/lics56636.2023.10175807,True,,033fea666c1da3ad35efa9f3bc54f5d5a996ee5f,Allegories of Symbolic Manipulations,Logic in Computer Science,2023.0,137.0,0.0,0.0,JournalArticle,Computer Science,True
DOI:10.1109/lics56636.2023.10175808,doi,10.1109/lics56636.2023.10175808,True,,16f564c3d5fb67e1a340e1eb334722f27aa04d5d,On the Growth Rates of Polyregular Functions,Logic in Computer Science,2022.0,26.0,9.0,2.0,JournalArticle,Computer Science,False
DOI:10.1109/lics56636.2023.10175811,doi,10.1109/lics56636.2023.10175811,True,,ba2e9d784c3d66b658708a2ccadbd5397e06c744,Existential Calculi of Relations with Transitive Closure: Complexity and Edge Saturations,Logic in Computer Science,2023.0,42.0,6.0,3.0,JournalArticle,Computer Science,True
DOI:10.1109/lics56636.2023.10175813,doi,10.1109/lics56636.2023.10175813,True,,4788ecd92eeefe3b9ce23d8c27a4ec78e04c809c,PDL on Steroids: on Expressive Extensions of PDL with Intersection and Converse,Logic in Computer Science,2023.0,26.0,1.0,0.0,JournalArticle,Computer Science,True
DOI:10.1109/lics56636.2023.10175818,doi,10.1109/lics56636.2023.10175818,True,,0f3b33befea0097da26f1fa54e8b3f424eab181d,Simulating Logspace-Recursion with Logarithmic Quantifier Depth,Logic in Computer Science,2023.0,49.0,2.0,0.0,JournalArticle,Computer Science|Mathematics,True
DOI:10.1109/lics56636.2023.10175827,doi,10.1109/lics56636.2023.10175827,True,,d7719b184082da732f2a194b3b8782619bf8de42,A system of inference based on proof search: an extended abstract,Logic in Computer Science,2023.0,25.0,0.0,0.0,JournalArticle,Computer Science,True
DOI:10.1109/lics56636.2023.10175828,doi,10.1109/lics56636.2023.10175828,True,,1d4529666ace85ba53f439d77fd3a150cb1f45a0,Expressive Completeness of Two-Variable First-Order Logic with Counting for First-Order Logic Queries on Rooted Unranked Trees,Logic in Computer Science,2023.0,28.0,2.0,1.0,JournalArticle,Computer Science,False
DOI:10.1109/lics56636.2023.10175832,doi,10.1109/lics56636.2023.10175832,True,,42fe97307351b55103bffc1c684c558db7225f89,Quantifying Over Trees in Monadic Second-Order Logic,Logic in Computer Science,2023.0,47.0,3.0,0.0,JournalArticle,Computer Science|Mathematics,True
DOI:10.1109/lics65433.2025.00009,doi,10.1109/lics65433.2025.00009,True,,068520ace95b69d824963d1f17113af5772814e6,Syntactic Effectful Realizability in Higher-Order Logic,Logic in Computer Science,2025.0,71.0,0.0,0.0,JournalArticle,Computer Science,False
DOI:10.1109/lics65433.2025.00010,doi,10.1109/lics65433.2025.00010,True,,1b4ad8e4fda2a6208b16a10f489addddcbaf852f,#P is Sandwiched by One and Two #2DNF Calls: Is Subtraction Stronger Than We Thought?,Logic in Computer Science,2025.0,51.0,2.0,0.0,JournalArticle,Computer Science|Mathematics,False
DOI:10.1109/lics65433.2025.00011,doi,10.1109/lics65433.2025.00011,True,,7c0bdc24eaa57b848c9ae5848c88a5d7b07ebbfe,Quantifier Elimination for Regular Integer Linear-Exponential Programming,Logic in Computer Science,2025.0,31.0,0.0,0.0,JournalArticle,Computer Science,False
DOI:10.1109/lics65433.2025.00012,doi,10.1109/lics65433.2025.00012,True,,fcf984ee7d3ea134563100724eb7147566f9dd7a,Alternating Nominal Automata with Name Allocation,Logic in Computer Science,2024.0,39.0,3.0,0.0,JournalArticle,Computer Science,False
DOI:10.1109/lics65433.2025.00013,doi,10.1109/lics65433.2025.00013,True,,2dab34a31e80c375bc1c96f9e70e377070020d66,Initial Algebra Correspondence under Reachability Conditions,Logic in Computer Science,2025.0,49.0,0.0,0.0,JournalArticle,Computer Science,False
DOI:10.1109/lics65433.2025.00014,doi,10.1109/lics65433.2025.00014,True,,da95f8505a911fbc6a22d1840b3631bc46041245,On the denotation of circular and non-wellfounded proofs in linear logic with fixed points,Logic in Computer Science,2025.0,64.0,1.0,0.0,JournalArticle,Computer Science,False
DOI:10.1109/lics65433.2025.00015,doi,10.1109/lics65433.2025.00015,True,,7e1032a06fab5515c528c7c327f5e0618b7688a9,Closure and Complexity of Temporal Causality,Logic in Computer Science,2025.0,52.0,2.0,0.0,JournalArticle,Computer Science,False
DOI:10.1109/lics65433.2025.00016,doi,10.1109/lics65433.2025.00016,True,,49250601491e283d13c2ed381cf46c23a9835167,The internal languages of univalent categories,Logic in Computer Science,2024.0,78.0,4.0,0.0,JournalArticle,Computer Science|Mathematics,False
DOI:10.1109/lics65433.2025.00017,doi,10.1109/lics65433.2025.00017,True,,d150910e737a511cc4357a63e312182e984568ca,The Yoneda embedding in simplicial type theory,Logic in Computer Science,2025.0,56.0,7.0,2.0,JournalArticle,Computer Science|Mathematics,False
DOI:10.1109/lics65433.2025.00018,doi,10.1109/lics65433.2025.00018,True,,a618959ceb805b8e3b96810f0b995032406945d3,Hofmann-Streicher lifting of fibred categories : Dedicated to the memory of Thomas Streicher (1958-2025),Logic in Computer Science,2025.0,38.0,0.0,0.0,JournalArticle,Computer Science|Mathematics,False
DOI:10.1109/lics65433.2025.00019,doi,10.1109/lics65433.2025.00019,True,,bda0002805b783574cfab3fc7a1a563249ae5791,Interpolation for the two-way modal μ-calculus,Logic in Computer Science,2025.0,61.0,1.0,0.0,JournalArticle,Computer Science|Mathematics,False
DOI:10.1109/lics65433.2025.00020,doi,10.1109/lics65433.2025.00020,True,,4f79f6991991dcff47981fc6812debcc34ea8e61,Semantical Analysis of Intuitionistic Modal Logics between CK and IK,Logic in Computer Science,2024.0,72.0,10.0,2.0,JournalArticle,Computer Science|Mathematics,False
DOI:10.1109/lics65433.2025.00021,doi,10.1109/lics65433.2025.00021,True,,54a4f318cb3a11c25fb55f9bbf89c070606aba96,Proof Compression via Subatomic Logic and Guarded Substitutions,Logic in Computer Science,2025.0,32.0,0.0,0.0,JournalArticle,Computer Science,False
DOI:10.1109/lics65433.2025.00022,doi,10.1109/lics65433.2025.00022,True,,09675fa961c354f18559d0e02a7c0026513cfb85,Substructural Abstract Syntax with Variable Binding and Single-Variable Substitution,Logic in Computer Science,2025.0,35.0,2.0,0.0,JournalArticle,Computer Science|Mathematics,False
DOI:10.1109/lics65433.2025.00023,doi,10.1109/lics65433.2025.00023,True,,530a2153f599b603f2ac51874bfed62a7042c2a0,Equivalence Hypergraphs: DPO Rewriting for Monoidal E-Graphs,Logic in Computer Science,2024.0,56.0,1.0,0.0,JournalArticle,Computer Science|Mathematics,False
DOI:10.1109/lics65433.2025.00024,doi,10.1109/lics65433.2025.00024,True,,84e7e72251afb963780933e67aef7a5b5133fde4,Homological Invariants of Higher-Order Equational Theories,Logic in Computer Science,2025.0,23.0,1.0,0.0,JournalArticle,Computer Science|Mathematics,False
DOI:10.1109/lics65433.2025.00025,doi,10.1109/lics65433.2025.00025,True,,9c56660b142c87eb602e48b67755de9f21b2ecda,Group Order Logic,Logic in Computer Science,2025.0,34.0,0.0,0.0,JournalArticle,Computer Science|Mathematics,False
DOI:10.1109/lics65433.2025.00026,doi,10.1109/lics65433.2025.00026,True,,f9a3d8306b4c8dcfc7ef5a5274bf6e67fab572c7,The Identity Problem in virtually solvable matrix groups over algebraic numbers,Logic in Computer Science,2024.0,42.0,2.0,0.0,JournalArticle,Computer Science|Mathematics,False
DOI:10.1109/lics65433.2025.00027,doi,10.1109/lics65433.2025.00027,True,,99ab9033dad0205f2d94138277ce958c8f39ed7e,Ordinal Exponentiation in Homotopy Type Theory,Logic in Computer Science,2025.0,31.0,0.0,0.0,JournalArticle,Computer Science,False
DOI:10.1109/lics65433.2025.00028,doi,10.1109/lics65433.2025.00028,True,,86584ec152fd37864c8e8a4263f23a1fc37634b3,Naturality for higher-dimensional path types,Logic in Computer Science,2025.0,36.0,3.0,1.0,JournalArticle,Computer Science|Mathematics,False
DOI:10.1109/lics65433.2025.00029,doi,10.1109/lics65433.2025.00029,True,,05fd821ccbc86f857d10517ebb9e0a1ddfa8a9c5,The Steenrod squares via unordered joins,Logic in Computer Science,2025.0,16.0,1.0,0.0,JournalArticle,Mathematics|Computer Science,False
DOI:10.1109/lics65433.2025.00030,doi,10.1109/lics65433.2025.00030,True,,4cdea756ffb7e50366f78d4f0b26c88826c054f8,Model Enumeration of Two-Variable Logic with Quadratic Delay Complexity,Logic in Computer Science,2025.0,31.0,1.0,0.0,JournalArticle,Computer Science,False
DOI:10.1109/lics65433.2025.00031,doi,10.1109/lics65433.2025.00031,True,,1d81c35d1ef89e12c662a2b10b7bad9b55c8e91a,Navigational hierarchies of regular languages,Logic in Computer Science,2024.0,53.0,1.0,0.0,JournalArticle,Computer Science,False
DOI:10.1109/lics65433.2025.00032,doi,10.1109/lics65433.2025.00032,True,,0a1e302530958f6608fc27fd1a12ba729e85f822,Separation and Definability in Fragments of Two-Variable First-Order Logic with Counting,Logic in Computer Science,2025.0,63.0,4.0,0.0,JournalArticle,Computer Science,False
DOI:10.1109/lics65433.2025.00033,doi,10.1109/lics65433.2025.00033,True,,87097beaec97115320c600fd04e6c39fdd7e9403,Characterization and Decidability of FC-Definable Regular Languages,Logic in Computer Science,2025.0,40.0,0.0,0.0,JournalArticle,Computer Science,False
DOI:10.1109/lics65433.2025.00034,doi,10.1109/lics65433.2025.00034,True,,77998812295071891b71fd7f6edf0702d3955c08,Algebraic and algorithmic synergies between promise and infinite-domain CSPs,Logic in Computer Science,2025.0,49.0,7.0,2.0,JournalArticle,Computer Science,False
DOI:10.1109/lics65433.2025.00035,doi,10.1109/lics65433.2025.00035,True,,63b91852cf44703a10166050aa58c873bda24af0,Classical Simulation of Quantum CSP Strategies,Logic in Computer Science,2025.0,55.0,1.0,0.0,JournalArticle,Physics|Computer Science|Mathematics,False
DOI:10.1109/lics65433.2025.00036,doi,10.1109/lics65433.2025.00036,True,,bcbb72368a06154d3714818887a7833942a9af14,Binary symmetries of tractable non-rigid structures,Logic in Computer Science,2025.0,56.0,3.0,1.0,JournalArticle,Computer Science,False
DOI:10.1109/lics65433.2025.00037,doi,10.1109/lics65433.2025.00037,True,,9fe1e72ad3f0fdd301f24c3ac1bf52b5b06f377e,The sorrows of a smooth digraph: the first hardness criterion for infinite directed graph-colouring problems,Logic in Computer Science,2025.0,62.0,4.0,0.0,JournalArticle,Computer Science,False
DOI:10.1109/lics65433.2025.00038,doi,10.1109/lics65433.2025.00038,True,,90aeebe428f61a2dff16e6df4dba6b5d96bfc571,"Learning Weighted Automata over Number Rings, Concretely and Categorically",Logic in Computer Science,2025.0,74.0,1.0,0.0,JournalArticle,Computer Science,False
DOI:10.1109/lics65433.2025.00039,doi,10.1109/lics65433.2025.00039,True,,ecc121ddf4e43cd13d289ba44106078cbfbdff1d,Minimal History-Deterministic Co-Büchi Automata: Congruences and Passive Learning,Logic in Computer Science,2025.0,36.0,2.0,0.0,JournalArticle,Computer Science,False
DOI:10.1109/lics65433.2025.00040,doi,10.1109/lics65433.2025.00040,True,,138f69adfa93fc34748c643924e427141ec0e73e,Learning Deterministic One-Counter Automata in Polynomial Time,Logic in Computer Science,2025.0,22.0,2.0,0.0,JournalArticle,Computer Science,False
DOI:10.1109/lics65433.2025.00041,doi,10.1109/lics65433.2025.00041,True,,2753bef139f856bd82eafb3d9ab66d98802bb2c8,Risk-aware Markov Decision Processes Using Cumulative Prospect Theory,Logic in Computer Science,2025.0,55.0,0.0,0.0,JournalArticle,Computer Science,False
DOI:10.1109/lics65433.2025.00042,doi,10.1109/lics65433.2025.00042,True,,6380ec3e2b59e63de840b1a16b638b29ac5c8d26,"Random Variables, Conditional Independence and Categories of Abstract Sample Spaces",Logic in Computer Science,2025.0,42.0,2.0,0.0,JournalArticle,Computer Science|Mathematics,False
DOI:10.1109/lics65433.2025.00043,doi,10.1109/lics65433.2025.00043,True,,c7aba977184e3e3c2b753736ca7d8a58b0275e87,Probabilistic Strategies: Definability and the Tensor Completeness Problem,Logic in Computer Science,2025.0,38.0,0.0,0.0,JournalArticle,Computer Science,False
DOI:10.1109/lics65433.2025.00044,doi,10.1109/lics65433.2025.00044,True,,331b4cd36682ff02e85408942a243bc4d4a15f67,Multiplicative Rewards in Markovian Models,Logic in Computer Science,2025.0,43.0,1.0,1.0,JournalArticle,Computer Science,False
DOI:10.1109/lics65433.2025.00045,doi,10.1109/lics65433.2025.00045,True,,46b01a493b36342a4beef4b922b4d89c766ebb3b,The Qualitative Collapse of Concurrent Games,Logic in Computer Science,2025.0,24.0,0.0,0.0,JournalArticle,Computer Science,False
DOI:10.1109/lics65433.2025.00046,doi,10.1109/lics65433.2025.00046,True,,7465b653d36e8420d39dc61baedcc139a7163a2c,"Reachability Types, Traces and Full Abstraction",Logic in Computer Science,2025.0,21.0,2.0,0.0,JournalArticle,Computer Science,False
DOI:10.1109/lics65433.2025.00047,doi,10.1109/lics65433.2025.00047,True,,f6d34bc394e29c83a7c1bc7182b390b4c7d6d00b,Effectful Mealy Machines: Bisimulation and Trace,Logic in Computer Science,2024.0,93.0,3.0,1.0,JournalArticle,Computer Science|Mathematics,False
DOI:10.1109/lics65433.2025.00048,doi,10.1109/lics65433.2025.00048,True,,e261824eb30a60cb75cbeee0a1ec62268b35ac82,Conformance Games for Graded Semantics,Logic in Computer Science,2024.0,40.0,3.0,0.0,JournalArticle,Computer Science,False
DOI:10.1109/lics65433.2025.00049,doi,10.1109/lics65433.2025.00049,True,,ebb23521f10f9bfe391a92492d4f2cf44fea59a5,Stopping Criteria for Value Iteration on Concurrent Stochastic Reachability and Safety Games,Logic in Computer Science,2025.0,52.0,0.0,0.0,JournalArticle,Computer Science,False
DOI:10.1109/lics65433.2025.00050,doi,10.1109/lics65433.2025.00050,True,,833bb32287d9677f22c0d059d680a30c5cbcd057,Reachability and Related Problems in Vector Addition Systems with Nested Zero Tests,Logic in Computer Science,2025.0,49.0,5.0,1.0,JournalArticle,Computer Science,False
DOI:10.1109/lics65433.2025.00051,doi,10.1109/lics65433.2025.00051,True,,fc95f1de117eb9506c3891bcc5286c876007b09a,A Complexity Dichotomy for Semilinear Target Sets in Automata with One Counter,Logic in Computer Science,2025.0,35.0,2.0,0.0,JournalArticle,Computer Science,False
DOI:10.1109/lics65433.2025.00052,doi,10.1109/lics65433.2025.00052,True,,237b63a6b54dc1441f9b2d5c2a3be60e2e1f0b42,Functional Stream Semantics for a Synchronous Block-Diagram Compiler,Logic in Computer Science,2025.0,43.0,1.0,0.0,JournalArticle,Computer Science,False
DOI:10.1109/lics65433.2025.00053,doi,10.1109/lics65433.2025.00053,True,,65a3eba4e4c02c7e1fa0420059a962392e94b754,Pushdown Model Checking above the Cubic Bottleneck,Logic in Computer Science,2025.0,46.0,0.0,0.0,JournalArticle,Computer Science,False
DOI:10.1109/lics65433.2025.00055,doi,10.1109/lics65433.2025.00055,True,,f79c7344b90d96cf19b61068a615561be4fe712e,Multiple Reachability in Linear Dynamical Systems,Logic in Computer Science,2024.0,29.0,1.0,0.0,JournalArticle,Computer Science,False
DOI:10.1109/lics65433.2025.00056,doi,10.1109/lics65433.2025.00056,True,,8eef9a749f1d9c9b59f39f04dd7c70db558fa52d,Approximate Evaluation of Quantitative Second Order Queries,Logic in Computer Science,2023.0,47.0,0.0,0.0,JournalArticle,Computer Science,False
DOI:10.1109/lics65433.2025.00057,doi,10.1109/lics65433.2025.00057,True,,07d2bb31bd496e3f7a0ffbaa8638dc35f29b8b92,Recognisability Equals Definability for Finitely Representable Matroids of Bounded Path-Width,Logic in Computer Science,2025.0,26.0,3.0,0.0,JournalArticle,Computer Science,False
DOI:10.1109/lics65433.2025.00058,doi,10.1109/lics65433.2025.00058,False,,,,,,,,,,,
DOI:10.1109/lics65433.2025.00059,doi,10.1109/lics65433.2025.00059,True,,6624cfde9fcff604ad63c2f9e39d8a6453ac25ba,Regular Grammars for Sets of Graphs of Tree-Width 2,Logic in Computer Science,2024.0,27.0,2.0,0.0,JournalArticle,Computer Science,False
DOI:10.1109/lics65433.2025.00060,doi,10.1109/lics65433.2025.00060,True,,babf4e047db5395954055026efbe10a391490108,When is the partial map classifier a Sierpiński cone?,Logic in Computer Science,2025.0,42.0,1.0,0.0,JournalArticle,Computer Science|Mathematics,False
DOI:10.1109/lics65433.2025.00061,doi,10.1109/lics65433.2025.00061,True,,6ee470a43e997048176aa9f384c36ea0c598ca0f,"Logical relations for call-by-push-value models, via internal fibrations in a 2-category",Logic in Computer Science,2025.0,77.0,2.0,0.0,JournalArticle,Computer Science|Mathematics,False
DOI:10.1109/lics65433.2025.00062,doi,10.1109/lics65433.2025.00062,True,,4da67c48e539c3d7c5d24e32839336b7e1da3d51,Compositional Taylor expansion in cartesian differential categories,Logic in Computer Science,2025.0,37.0,0.0,0.0,JournalArticle,Computer Science,False
DOI:10.1109/lics65433.2025.00063,doi,10.1109/lics65433.2025.00063,True,,1aa67f14d86db6ca1deb27a32a5963585b0acd0e,Thin Coalgebraic Behaviours Are Inductive,Logic in Computer Science,2025.0,41.0,1.0,0.0,JournalArticle,Computer Science,False
DOI:10.1109/lics65433.2025.00064,doi,10.1109/lics65433.2025.00064,True,,28f3ac3fca1c9aebd6b49f30de51a94860256810,Relators and Notions of Simulation Revisited,Logic in Computer Science,2025.0,47.0,2.0,0.0,JournalArticle,Computer Science,False
DOI:10.1109/lics65433.2025.00065,doi,10.1109/lics65433.2025.00065,True,,b4ba1a9b3db02203a8af851968f586f049f3ee08,Behavioural Conformances based on Lax Couplings,Logic in Computer Science,2025.0,57.0,0.0,0.0,JournalArticle,Computer Science,False
DOI:10.1109/lics65433.2025.00066,doi,10.1109/lics65433.2025.00066,True,,cfba480702037bd05ee9a062ae89887795fff3d0,"The commutativity problem for effective varieties of formal series, and applications",Logic in Computer Science,2025.0,71.0,2.0,0.0,JournalArticle,Computer Science,False
DOI:10.1109/lics65433.2025.00067,doi,10.1109/lics65433.2025.00067,True,,736027395a917b26b8a8531e1b3e38f5c15ebaa9,Convergence Laws for Extensions of First-Order Logic with Averaging,Logic in Computer Science,2025.0,46.0,2.0,0.0,JournalArticle,Computer Science|Mathematics,False
DOI:10.1109/lics65433.2025.00068,doi,10.1109/lics65433.2025.00068,True,,73d200235781e1f512bfcd4863d337133f418733,3D-grids are not transducible from planar graphs,Logic in Computer Science,2025.0,37.0,4.0,0.0,JournalArticle,Computer Science|Mathematics,False
DOI:10.1109/lics65433.2025.00069,doi,10.1109/lics65433.2025.00069,True,,338138748364a254de2815cf9f14af038c4124b6,Transductions of Graph Classes Admitting Product Structure,Logic in Computer Science,2025.0,41.0,4.0,0.0,JournalArticle,Computer Science|Mathematics,False
DOI:10.1109/lics65433.2025.00070,doi,10.1109/lics65433.2025.00070,True,,e28983868ae17ced2989234e89878322f1e804b3,Flipping and Forking,Logic in Computer Science,2025.0,35.0,0.0,0.0,JournalArticle,Computer Science|Mathematics,False
DOI:10.1109/lics65433.2025.00071,doi,10.1109/lics65433.2025.00071,True,,8c09ec856898afcfcb3087fe3776b0a3e69d8a5f,"Operator Spaces, Linear Logic and the Heisenberg-Schrödinger Duality of Quantum Theory",Logic in Computer Science,2025.0,52.0,2.0,0.0,JournalArticle,Computer Science|Physics,False
DOI:10.1109/lics65433.2025.00072,doi,10.1109/lics65433.2025.00072,True,,03e3a8865412f5183d06f530ba6ea3eed46b48f4,Complete Quantum Relational Hoare Logics from Optimal Transport Duality,Logic in Computer Science,2025.0,56.0,1.0,0.0,JournalArticle,Computer Science|Physics,False
DOI:10.1109/lics65433.2025.00073,doi,10.1109/lics65433.2025.00073,True,,f87ecdf41051e7771a784398644d2133e96973a6,The Blurred Drinker Paradox: Constructive Reverse Mathematics of the Downward Löwenheim-Skolem Theorem,Logic in Computer Science,2025.0,43.0,1.0,0.0,JournalArticle,Computer Science,False
DOI:10.1109/pimrcw.2019.8880831,doi,10.1109/pimrcw.2019.8880831,True,,0f0a075af99bb11cefe133f3233719a7cf6ed975,Intelligent Clustering as a Means to Improve K-means Based Horizontal Attacks,"IEEE International Symposium on Personal, Indoor and Mobile Radio Communications",2019.0,13.0,4.0,0.0,JournalArticle,Computer Science,False
DOI:10.1111/j.0824-7935.2004.00241.x,doi,10.1111/j.0824-7935.2004.00241.x,True,,6f33b6087bc4e5d61d326a38e3e3e5d6f0bead49,Logic Programs with Ordered Disjunction,International Conference on Climate Informatics,2004.0,41.0,86.0,24.0,JournalArticle,Mathematics|Computer Science,False
DOI:10.1145/2933575.2933577,doi,10.1145/2933575.2933577,True,,9102d1bb7f0cceb50226c598ccaafdc3e8ebf5fe,Reachability in Two-Dimensional Unary Vector Addition Systems with States is NL-Complete*,Logic in Computer Science,2016.0,10.0,38.0,4.0,JournalArticle|Book,Mathematics|Computer Science,True
DOI:10.1145/2933575.2933578,doi,10.1145/2933575.2933578,True,,44941a72776fc9141a0505123f9aba331652867e,Minimization of Symbolic Tree Automata,Logic in Computer Science,2016.0,41.0,13.0,0.0,Book|JournalArticle,Mathematics|Computer Science,False
DOI:10.1145/2933575.2933579,doi,10.1145/2933575.2933579,True,,3393a0c289a77f054ce78daa458911e8f162239e,Invisible Pushdown Languages,Logic in Computer Science,2015.0,13.0,19.0,2.0,JournalArticle|Book,Computer Science|Mathematics,True
DOI:10.1145/2933575.2933580,doi,10.1145/2933575.2933580,True,,f50567f6829573bd494f185e5561a9bb9c87c178,Semantically Acyclic Conjunctive Queries under Functional Dependencies,Logic in Computer Science,2016.0,29.0,13.0,3.0,Book|JournalArticle,Mathematics|Computer Science,True
DOI:10.1145/2933575.2933581,doi,10.1145/2933575.2933581,True,,dd8c7d2d4147a124a38aa37a1451fbf5bca5dd11,"Unified Semantics and Proof System for Classical, Intuitionistic and Affine Logics",Logic in Computer Science,2016.0,26.0,2.0,0.0,JournalArticle|Book,Mathematics|Computer Science,False
DOI:10.1145/2933575.2933582,doi,10.1145/2933575.2933582,True,,e0361af77f73c4e3faabd0bc5644308d8abbe5d7,A constructive function-theoretic approach to topological compactness,Logic in Computer Science,2016.0,37.0,14.0,0.0,JournalArticle|Book,Computer Science|Mathematics,False
DOI:10.1145/2933575.2933586,doi,10.1145/2933575.2933586,True,,98a26f184996f17cddba2e58cac493cdf9d3ad8f,Constructions with Non-Recursive Higher Inductive Types,Logic in Computer Science,2016.0,14.0,23.0,0.0,Book|JournalArticle,Mathematics|Computer Science,True
DOI:10.1145/2933575.2933589,doi,10.1145/2933575.2933589,True,,04016f304175a61e85a08403ede56b40a3ad59aa,Winning Cores in Parity Games,Logic in Computer Science,2016.0,42.0,3.0,0.0,JournalArticle|Book,Computer Science|Mathematics,True
DOI:10.1145/2933575.2933590,doi,10.1145/2933575.2933590,True,,6f14d182162f3ade3c05c4c2980ec1a0f10b4529,Divide and Congruence II: Delay and Weak Bisimilarity,Logic in Computer Science,2016.0,27.0,10.0,0.0,JournalArticle|Book,Computer Science|Mathematics,False
DOI:10.1145/2933575.2933592,doi,10.1145/2933575.2933592,True,,16254ced23464947b686077c9e417429a4c5fa7f,A Step Up in Expressiveness of Decidable Fixpoint Logics,Logic in Computer Science,2016.0,34.0,23.0,0.0,JournalArticle|Book,Computer Science|Mathematics,True
DOI:10.1145/2933575.2933594,doi,10.1145/2933575.2933594,True,,dba278c6ca6a3e65eef59d570cfee06c12c21502,Order-Invariance of Two-Variable Logic is Decidable,Logic in Computer Science,2016.0,37.0,22.0,2.0,JournalArticle|Book,Computer Science|Mathematics,True
DOI:10.1145/2933575.2933597,doi,10.1145/2933575.2933597,True,,5751e1e1742d39922f34e923869cdf4b382de5a3,Understanding Gentzen and Frege Systems for QBF,Logic in Computer Science,2016.0,38.0,57.0,0.0,JournalArticle|Book,Mathematics|Computer Science,True
DOI:10.1145/2933575.2933598,doi,10.1145/2933575.2933598,True,,6ff60405ebff28a202433665644af5c078219b6e,Towards Completeness via Proof Search in the Linear Time µ-calculus : The case of Büchi inclusions,Logic in Computer Science,2016.0,30.0,14.0,0.0,Book|JournalArticle,Computer Science|Mathematics,False
DOI:10.1145/2933575.2933604,doi,10.1145/2933575.2933604,True,,05b1d6c35c559b9cfc67801273641b701b9d25de,Graphs of relational structures: restricted types,Logic in Computer Science,2016.0,44.0,16.0,0.0,JournalArticle|Book,Computer Science|Mathematics,False
DOI:10.1145/2933575.2933608,doi,10.1145/2933575.2933608,True,,96b58e36ab3db14cf18cef90a0963eae6fdd59f4,Distinguishing Hidden Markov Chains *,Logic in Computer Science,2015.0,33.0,14.0,1.0,JournalArticle|Book,Computer Science|Mathematics,True
DOI:10.1145/2933575.2933609,doi,10.1145/2933575.2933609,True,,e3759464eb7a4c9989f13c490982e20a9daaaa0b,Monadic second order logic as the model companion of temporal logic,Logic in Computer Science,2016.0,38.0,10.0,0.0,JournalArticle|Book,Computer Science|Mathematics,True
DOI:10.1145/2933575.2933610,doi,10.1145/2933575.2933610,True,,471c89332cbc2ef5ebfa58207eb2b22a592f7c84,"Kolmogorov Extension, Martingale Convergence, and Compositionality of Processes",Logic in Computer Science,2016.0,30.0,8.0,0.0,Book|JournalArticle,Mathematics|Computer Science,True
DOI:10.1145/2933575.2934502,doi,10.1145/2933575.2934502,True,,1b3ee9bde701c8633ea20d27fe62af225e932c4e,Games with bound guess actions,Logic in Computer Science,2016.0,17.0,3.0,0.0,Book|JournalArticle,Computer Science|Mathematics,False
DOI:10.1145/2933575.2934503,doi,10.1145/2933575.2934503,True,,612d438ce5129d733c7b791416e2477c37739514,Towards Compositional Feedback in Non-Deterministic and Non-Input-Receptive Systems*,Logic in Computer Science,2015.0,34.0,17.0,0.0,JournalArticle|Book,Computer Science,True
DOI:10.1145/2933575.2934504,doi,10.1145/2933575.2934504,True,,d156d0bf31d3a6c2e6425a26cff83173aa4f702c,Automata on Infinite Trees with Equality and Disequality Constraints Between Siblings,Logic in Computer Science,2016.0,23.0,3.0,0.0,Book|JournalArticle,Mathematics|Computer Science,True
DOI:10.1145/2933575.2934505,doi,10.1145/2933575.2934505,True,,7fe5809fc5cec22db7d9bab80012d1d68268052c,Infinitary Lambda Calculi from a Linear Perspective,Logic in Computer Science,2016.0,39.0,3.0,0.0,Book|JournalArticle,Computer Science|Mathematics,True
DOI:10.1145/2933575.2934506,doi,10.1145/2933575.2934506,True,,9a6e596fa7ab44107aeb219e4d5c7bfc6c7b1533,Program Equivalence is Coinductive,Logic in Computer Science,2016.0,22.0,4.0,0.0,JournalArticle|Book,Computer Science|Mathematics,False
DOI:10.1145/2933575.2934508,doi,10.1145/2933575.2934508,True,,1088c2b965301515536ddbecbec12c6711eca010,Definability equals recognizability for graphs of bounded treewidth *,Logic in Computer Science,2016.0,19.0,54.0,7.0,JournalArticle|Book,Mathematics|Computer Science,True
DOI:10.1145/2933575.2934509,doi,10.1145/2933575.2934509,True,,e2d27049656e5721b532ec6f96c342cb09f69a8b,Trace semantics for polymorphic references*,Logic in Computer Science,2016.0,36.0,12.0,0.0,JournalArticle|Book,Computer Science,True
DOI:10.1145/2933575.2934510,doi,10.1145/2933575.2934510,True,,fe119966b27056a99d6b08e94396682c0947d98f,Weak consistency notions for all the CSPs of bounded width∗,Logic in Computer Science,2016.0,25.0,31.0,3.0,JournalArticle|Book,Computer Science|Mathematics,False
DOI:10.1145/2933575.2934511,doi,10.1145/2933575.2934511,True,,77252e9f244567e47979562536b9813401a9533d,Hybrid realizability for intuitionistic and classical choice,Logic in Computer Science,2016.0,27.0,3.0,0.0,Book|JournalArticle,Computer Science|Mathematics,True
DOI:10.1145/2933575.2934513,doi,10.1145/2933575.2934513,True,,382a043205d8d859c469f9d5db971859f8990a82,Perfect-Information Stochastic Games with Generalized Mean-Payoff Objectives*,Logic in Computer Science,2016.0,50.0,19.0,1.0,JournalArticle|Book,Computer Science|Mathematics,True
DOI:10.1145/2933575.2934514,doi,10.1145/2933575.2934514,True,,542cf1253ab2a6e24028d9469e372c67821f36bd,Type Theory based on Dependent Inductive and Coinductive Types,Logic in Computer Science,2016.0,33.0,15.0,0.0,JournalArticle|Book,Mathematics|Computer Science,True
DOI:10.1145/2933575.2934515,doi,10.1145/2933575.2934515,True,,4f84d9532eabf27af564395955a2908ed8c6020b,"Reducts of finitely bounded homogeneous structures, and lifting tractability from finite-domain constraint satisfaction",Logic in Computer Science,2016.0,48.0,34.0,5.0,Book|JournalArticle,Computer Science|Mathematics,False
DOI:10.1145/2933575.2934516,doi,10.1145/2933575.2934516,True,,274445437fd92f2d3423b128eb291e0ba7e07121,Denotational semantics of recursive types in synthetic guarded domain theory,Logic in Computer Science,2016.0,39.0,26.0,2.0,JournalArticle|Book,Mathematics|Computer Science,True
DOI:10.1145/2933575.2934517,doi,10.1145/2933575.2934517,True,,0388858b205349b4eff450a75827a3fc357b5d54,Order Invariance on Decomposable Structures,Logic in Computer Science,2016.0,31.0,7.0,0.0,JournalArticle|Book,Computer Science|Mathematics,True
DOI:10.1145/2933575.2934520,doi,10.1145/2933575.2934520,True,,eb79dec372875ebe0d580274c748b50fe2428965,First-order definability of rational transductions: An algebraic approach,Logic in Computer Science,2016.0,34.0,17.0,0.0,Book|JournalArticle,Computer Science|Mathematics,True
DOI:10.1145/2933575.2934526,doi,10.1145/2933575.2934526,True,,692d19d00008fd8464946408e94b826e86d9cfb0,On the Satisfiability of Some Simple Probabilistic Logics,Logic in Computer Science,2016.0,29.0,19.0,2.0,Book|JournalArticle,Computer Science|Mathematics,False
DOI:10.1145/2933575.2934527,doi,10.1145/2933575.2934527,True,,b07cec5a9c2c717f5c4195980e259e70fea78684,The Diagonal Problem for Higher-Order Recursion Schemes is Decidable*,Logic in Computer Science,2016.0,33.0,37.0,4.0,Book|JournalArticle,Computer Science|Mathematics,True
DOI:10.1145/2933575.2934532,doi,10.1145/2933575.2934532,True,,b0f6394f630befd6ddbe1ff84b2ec5ff5a3366ef,Deciding First-Order Satisfiability when Universal and Existential Variables are Separated,Logic in Computer Science,2015.0,43.0,15.0,1.0,Book|JournalArticle,Mathematics|Computer Science,True
DOI:10.1145/2933575.2934535,doi,10.1145/2933575.2934535,True,,a67999f825a75a0b1db38fb97f186d5d5438f13c,Data Communicating Processes with Unreliable Channels,Logic in Computer Science,2016.0,33.0,7.0,0.0,JournalArticle|Book,Computer Science|Mathematics,False
DOI:10.1145/2933575.2934537,doi,10.1145/2933575.2934537,True,,f09e7fad6c479eefb9f835572903388639a8f31d,Stochastic mechanics of graph rewriting,Logic in Computer Science,2016.0,20.0,32.0,0.0,Book|JournalArticle,Computer Science|Mathematics,True
DOI:10.1145/2933575.2934538,doi,10.1145/2933575.2934538,True,,dc1e617ed9782c40dfcf592197549d15f413ca21,Solvability of Matrix-Exponential Equations,Logic in Computer Science,2016.0,33.0,5.0,0.0,JournalArticle|Book,Computer Science|Mathematics,True
DOI:10.1145/2933575.2934541,doi,10.1145/2933575.2934541,True,,6e68ce77470c661b56dd4195adf9b05528ae5d5c,Church Meets Cook and Levin,Logic in Computer Science,2016.0,26.0,4.0,0.0,JournalArticle|Book,Computer Science,False
DOI:10.1145/2933575.2934544,doi,10.1145/2933575.2934544,True,,324adf1efc0c3b4fae93867db06f702c624825af,The algebraic dichotomy conjecture for infinite domain Constraint Satisfaction Problems,Logic in Computer Science,2016.0,37.0,88.0,10.0,JournalArticle|Book,Computer Science|Mathematics,True
DOI:10.1145/2933575.2934545,doi,10.1145/2933575.2934545,True,,e9b3ebe02a8b63295f36c7b4e00f249d64e7e9d0,A Mechanization of the Blakers–Massey Connectivity Theorem in Homotopy Type Theory,Logic in Computer Science,2016.0,34.0,45.0,0.0,JournalArticle|Book,Computer Science|Mathematics,True
DOI:10.1145/2933575.2934548,doi,10.1145/2933575.2934548,True,,d4262ce628496b657afd196f43866c5a4bb5163c,On Recurrent Reachability for Continuous Linear Dynamical Systems,Logic in Computer Science,2015.0,21.0,15.0,0.0,Book|JournalArticle,Computer Science|Mathematics,True
DOI:10.1145/2933575.2934549,doi,10.1145/2933575.2934549,True,,e830600dac5f97da0a63dc3bde747813ebc1f198,A Generalised Twinning Property for Minimisation of Cost Register Automata*,Logic in Computer Science,2016.0,28.0,28.0,1.0,JournalArticle|Book,Mathematics|Computer Science,True
DOI:10.1145/2933575.2934552,doi,10.1145/2933575.2934552,True,,1463d353c649ba61d42ae772a4177a192b8f0c51,First-order logic with reachability for infinite-state systems,Logic in Computer Science,2016.0,34.0,9.0,0.0,JournalArticle|Book,Computer Science|Mathematics,False
DOI:10.1145/2933575.2934553,doi,10.1145/2933575.2934553,True,,38e012561455292d659f4224c378c555192dab3a,Plays as Resource Terms via Non-idempotent Intersection Types,Logic in Computer Science,2016.0,39.0,14.0,0.0,JournalArticle|Book,Mathematics|Computer Science,True
DOI:10.1145/2933575.2934554,doi,10.1145/2933575.2934554,True,,4c205cbff40f2dc276a56a34965c3aad08bd8ea3,Proving Differential Privacy via Probabilistic Couplings,Logic in Computer Science,2016.0,37.0,110.0,5.0,Book|JournalArticle,Computer Science,True
DOI:10.1145/2933575.2934555,doi,10.1145/2933575.2934555,True,,2c9665397fcbc146b26c65335d787e2141d5d276,Differential Refinement Logic*,Logic in Computer Science,2016.0,99.0,41.0,5.0,Book|JournalArticle,Computer Science,False
DOI:10.1145/2933575.2934556,doi,10.1145/2933575.2934556,True,,cf8c9fe2f7a3167b16ea6dfeed63ee73094f17d2,A categorical approach to open and interconnected dynamical systems,Logic in Computer Science,2015.0,25.0,54.0,1.0,JournalArticle|Book,Computer Science|Mathematics,True
DOI:10.1145/2933575.2934561,doi,10.1145/2933575.2934561,False,,,,,,,,,,,
DOI:10.1145/2933575.2934564,doi,10.1145/2933575.2934564,True,,12545a6db1bf885b8791abdf2ecf093114d17cc7,Coinduction All the Way Up,Logic in Computer Science,2016.0,40.0,66.0,14.0,JournalArticle|Book,Mathematics|Computer Science,True
DOI:10.1145/2933575.2934567,doi,10.1145/2933575.2934567,True,,7713854b51ea5634e95cbc684f788f4054521cb2,Ability to Count Messages Is Worth Θ(Δ) Rounds in Distributed Computing,Logic in Computer Science,2016.0,20.0,1.0,0.0,Book|JournalArticle,Computer Science,False
DOI:10.1145/2933575.2934569,doi,10.1145/2933575.2934569,True,,55be4dcaa74ec31bc577a855d2a506723e6d3a7e,Fixed Points In Quantitative Semantics,Logic in Computer Science,2016.0,34.0,13.0,2.0,JournalArticle|Book,Mathematics|Computer Science,True
DOI:10.1145/2933575.2934570,doi,10.1145/2933575.2934570,True,,213be05fd8e9437c8d09144bdd876b1182c448a7,From positive and intuitionistic bounded arithmetic to monotone proof complexity,Logic in Computer Science,2016.0,32.0,2.0,0.0,Book|JournalArticle,Computer Science|Mathematics,True
DOI:10.1145/2933575.2934571,doi,10.1145/2933575.2934571,True,,456463b848f3999f65bea21ad815fc4f3f81c390,Hanf normal form for first-order logic with unary counting quantifiers,Logic in Computer Science,2016.0,23.0,9.0,0.0,JournalArticle|Book,Mathematics|Computer Science,False
DOI:10.1145/2933575.2934572,doi,10.1145/2933575.2934572,True,,484aa2655a5616f14c52410533de5fe6e8e65ead,Quantifier Free Definability on Infinite Algebras,Logic in Computer Science,2016.0,35.0,2.0,0.0,JournalArticle|Book,Computer Science|Mathematics,False
DOI:10.1145/2933575.2934574,doi,10.1145/2933575.2934574,True,,444a1c5dae621ece07737f58c55b2c954f3acab8,The Probabilistic Model Checking Landscape*,Logic in Computer Science,2016.0,184.0,170.0,5.0,JournalArticle|Book|Review,Computer Science,True
DOI:10.1145/2933575.2934579,doi,10.1145/2933575.2934579,True,,e0a69b89d7edc2638a07a7c0caa08211d9af1930,Blockchains and the Logic of Accountability,Logic in Computer Science,2016.0,31.0,13.0,1.0,JournalArticle|Book,Computer Science|Mathematics,False
DOI:10.1145/2933575.2935304,doi,10.1145/2933575.2935304,True,,32e9a04467393d5000c515aa36d655b558291548,Model and Objective Separation with Conditional Lower Bounds: Disjunction is Harder than Conjunction *,Logic in Computer Science,2016.0,51.0,19.0,1.0,JournalArticle|Book,Computer Science|Mathematics,False
DOI:10.1145/2933575.2935306,doi,10.1145/2933575.2935306,True,,da79d4cbfea7251201689c562f4787a8d1c5f856,Querying Visible and Invisible Information,Logic in Computer Science,2016.0,24.0,22.0,0.0,Book|JournalArticle,Computer Science|Mathematics,True
DOI:10.1145/2933575.2935308,doi,10.1145/2933575.2935308,True,,c23dd596836e56bb5cf765f288ba71764fe4d5b0,Two-variable Logic with a Between Relation,Logic in Computer Science,2016.0,34.0,12.0,3.0,JournalArticle|Book,Mathematics|Computer Science,False
DOI:10.1145/2933575.2935310,doi,10.1145/2933575.2935310,True,,9adbee416b64efb3932784ad31e07615381dd629,Proving Liveness of Parameterized Programs,Logic in Computer Science,2016.0,36.0,39.0,2.0,JournalArticle|Book,Computer Science|Mathematics,True
DOI:10.1145/2933575.2935311,doi,10.1145/2933575.2935311,True,,bd5d5e7536d18404e774a587b0f7e96300c3e1ed,Complexity Theory of (Functions on) Compact Metric Spaces,Logic in Computer Science,2016.0,80.0,17.0,2.0,JournalArticle|Book,Computer Science|Mathematics,False
DOI:10.1145/2933575.2935314,doi,10.1145/2933575.2935314,True,,98704b19aec7263a2480339dc0636334dfe1622a,A New Perspective on FO Model Checking of Dense Graph Classes,Logic in Computer Science,2016.0,17.0,59.0,7.0,Book|JournalArticle,Computer Science|Mathematics,True
DOI:10.1145/2933575.2935315,doi,10.1145/2933575.2935315,True,,ce825fe4dee61bca8604b19a3aa44a02642fcfc9,Two-Way Visibly Pushdown Automata and Transducers*,Logic in Computer Science,2016.0,39.0,7.0,1.0,JournalArticle|Book,Mathematics|Computer Science,True
DOI:10.1145/2933575.2935316,doi,10.1145/2933575.2935316,True,,d253d8590838f232162dfd5c0fb14dbe18cf63f8,Rewriting modulo symmetric monoidal structure,Logic in Computer Science,2016.0,46.0,58.0,3.0,Book|JournalArticle,Mathematics|Computer Science,True
DOI:10.1145/2933575.2935317,doi,10.1145/2933575.2935317,True,,811868edac1acf6bb21f8b0a76c0f0f4055f1502,Reasoning about Recursive Probabilistic Programs*,Logic in Computer Science,2016.0,35.0,94.0,4.0,Book|JournalArticle,Computer Science|Mathematics,True
DOI:10.1145/2933575.2935319,doi,10.1145/2933575.2935319,True,,381235a4b8baaf05907e1058fcf2bc5996bc2b25,Healthiness from Duality,Logic in Computer Science,2016.0,40.0,19.0,2.0,JournalArticle|Book,Computer Science|Mathematics,True
DOI:10.1145/2933575.2935320,doi,10.1145/2933575.2935320,True,,c02312ccd84acc75091c661ba059eea95b2f602a,The Definitional Side of the Forcing,Logic in Computer Science,2016.0,18.0,33.0,0.0,JournalArticle|Book,Mathematics|Computer Science,True
DOI:10.1145/3209108.3209112,doi,10.1145/3209108.3209112,True,,98bf1bda4837bca0437b8ab50b60cbfdfa69af2b,Inner Models of Univalence,Logic in Computer Science,2018.0,7.0,0.0,0.0,JournalArticle|Book|Conference,Computer Science|Mathematics,False
DOI:10.1145/3209108.3209115,doi,10.1145/3209108.3209115,True,,fcd821ef1268599e1e9404459c32202a6e3ddd90,A modal μ perspective on solving parity games in quasi-polynomial time,Logic in Computer Science,2018.0,27.0,68.0,5.0,Book|JournalArticle|Conference,Computer Science|Mathematics,False
DOI:10.1145/3209108.3209116,doi,10.1145/3209108.3209116,True,,727bcaae25838c1efe471bad04b93076aba31838,An Asynchronous Soundness Theorem for Concurrent Separation Logic,Logic in Computer Science,2018.0,21.0,5.0,0.0,Book|JournalArticle|Conference,Computer Science|Mathematics,True
DOI:10.1145/3209108.3209117,doi,10.1145/3209108.3209117,True,,ad2f8b1aa76d5d6e269b103dd960984283c12294,An answer to the Gamma question,Logic in Computer Science,2018.0,23.0,6.0,3.0,JournalArticle|Book|Conference,Computer Science|Mathematics,False
DOI:10.1145/3209108.3209118,doi,10.1145/3209108.3209118,True,,e157d8fb01797224ed4f8a8c5a96bafc0dd6bcec,Riesz Modal Logic with Threshold Operators,Logic in Computer Science,2018.0,18.0,6.0,0.0,JournalArticle|Book|Conference,Computer Science,False
DOI:10.1145/3209108.3209120,doi,10.1145/3209108.3209120,True,,49f556c23183c9e30132b8fdc30bcc62e6a084cf,Can One Escape Red Chains?: Regular Path Queries Determinacy is Undecidable,Logic in Computer Science,2018.0,30.0,4.0,0.0,Book|JournalArticle|Conference,Computer Science,False
DOI:10.1145/3209108.3209121,doi,10.1145/3209108.3209121,True,,84f1970618227e891cc633dc2f1f2e3275e8ceb5,A theory of linear typings as flows on 3-valent graphs,Logic in Computer Science,2018.0,60.0,13.0,0.0,JournalArticle|Book|Conference,Computer Science|Mathematics,True
DOI:10.1145/3209108.3209123,doi,10.1145/3209108.3209123,True,,3e681830063655171e519b8fc473a4ec5050d11c,Logical paradoxes in quantum computation,Logic in Computer Science,2017.0,70.0,8.0,0.0,JournalArticle|Book|Conference,Computer Science|Mathematics|Physics,True
DOI:10.1145/3209108.3209125,doi,10.1145/3209108.3209125,True,,e227db54b4c3146c6c3d23610b82a8bdc3bda100,Quasi-Open Bisimilarity with Mismatch is Intuitionistic,Logic in Computer Science,2018.0,22.0,19.0,1.0,Book|JournalArticle|Conference,Computer Science,True
DOI:10.1145/3209108.3209126,doi,10.1145/3209108.3209126,True,,883d2b48a88153df15e6658bf349b88bd0a866da,Probabilistic Böhm Trees and Probabilistic Separation,Logic in Computer Science,2018.0,9.0,13.0,2.0,Book|JournalArticle|Conference,Mathematics|Computer Science,False
DOI:10.1145/3209108.3209127,doi,10.1145/3209108.3209127,True,,6a59fc3fb1c523e4954c64b2e7ebd1d46dc8e2bf,The Geometry of Computation-Graph Abstraction,Logic in Computer Science,2018.0,23.0,10.0,0.0,JournalArticle|Book|Conference,Computer Science,True
DOI:10.1145/3209108.3209128,doi,10.1145/3209108.3209128,True,,e7b416e230d5c17533c65e37d9f5659e7f4bc4e4,Two complete axiomatisations of pure-state qubit quantum computing,Logic in Computer Science,2018.0,25.0,89.0,5.0,JournalArticle|Book|Conference,Computer Science|Mathematics,False
DOI:10.1145/3209108.3209129,doi,10.1145/3209108.3209129,True,,23bfc777a3f753bf4f7c49795e2026f2063cb651,Ribbon Tensorial Logic,Logic in Computer Science,2018.0,21.0,9.0,0.0,Book|JournalArticle|Conference,Computer Science|Mathematics,True
DOI:10.1145/3209108.3209130,doi,10.1145/3209108.3209130,True,,8455d4b66d2291a31b04d35da18df4471c7cc7b4,Impredicative Encodings of (Higher) Inductive Types,Logic in Computer Science,2018.0,42.0,31.0,3.0,JournalArticle|Book|Conference,Mathematics|Computer Science,True
DOI:10.1145/3209108.3209131,doi,10.1145/3209108.3209131,True,,78ed361511c288e69a866732e09f51979e4ec6d2,A Complete Axiomatisation of the ZX-Calculus for Clifford+T Quantum Mechanics,Logic in Computer Science,2017.0,32.0,133.0,12.0,Book|JournalArticle|Conference,Mathematics|Physics|Computer Science,True
DOI:10.1145/3209108.3209132,doi,10.1145/3209108.3209132,True,,18885d31011ad12b5309098e7be9528de2e2b096,Around Classical and Intuitionistic Linear Logics,Logic in Computer Science,2018.0,24.0,11.0,2.0,Book|JournalArticle|Conference,Mathematics|Computer Science,False
DOI:10.1145/3209108.3209133,doi,10.1145/3209108.3209133,True,,6ae363e720f336beacde6902f1a644ff8cec622a,Every λ-Term is Meaningful for the Infinitary Relational Model,Logic in Computer Science,2018.0,24.0,2.0,0.0,JournalArticle|Book|Conference,Computer Science,True
DOI:10.1145/3209108.3209136,doi,10.1145/3209108.3209136,True,,1185ba18722977e0289cf7b48522945e74baa018,Parameterized circuit complexity of model-checking on sparse structures,Logic in Computer Science,2018.0,47.0,17.0,0.0,Book|JournalArticle|Conference,Mathematics|Computer Science,False
DOI:10.1145/3209108.3209138,doi,10.1145/3209108.3209138,True,,bb58df9e9ecba847754e59d2a88eec0f09315860,A Simple and Optimal Complementation Algorithm for Büchi Automata,Logic in Computer Science,2018.0,19.0,17.0,2.0,JournalArticle|Book|Conference,Computer Science|Mathematics,False
DOI:10.1145/3209108.3209139,doi,10.1145/3209108.3209139,True,,c7b4ca526b99d403bf87cc48e9b7635af195707f,Diagrammatic Reasoning beyond Clifford+T Quantum Mechanics,Logic in Computer Science,2018.0,23.0,64.0,5.0,JournalArticle|Book|Conference,Mathematics|Computer Science|Physics,True
DOI:10.1145/3209108.3209140,doi,10.1145/3209108.3209140,True,,88d3e36efc129cfdbab008f22173872e9846d7d4,Classical realizability as a classifier for nondeterminism,Logic in Computer Science,2018.0,21.0,6.0,0.0,Book|JournalArticle|Conference,Computer Science|Mathematics,True
DOI:10.1145/3209108.3209141,doi,10.1145/3209108.3209141,True,,5ff833cab8536abe871606291a1003b6cc06ab95,A General Framework for Relational Parametricity,Logic in Computer Science,2018.0,22.0,14.0,0.0,JournalArticle|Book|Conference,Computer Science|Mathematics,True
DOI:10.1145/3209108.3209142,doi,10.1145/3209108.3209142,True,,c117d1a83c38ebd6727a2c712bd487276826113b,Polynomial Invariants for Affine Programs,Logic in Computer Science,2018.0,45.0,70.0,7.0,Book|JournalArticle|Conference,Mathematics|Computer Science,True
DOI:10.1145/3209108.3209143,doi,10.1145/3209108.3209143,True,,648aac8f830d96e77797c9b3caf38feb387be1dd,Automaton-Based Criteria for Membership in CTL,Logic in Computer Science,2018.0,41.0,4.0,0.0,Book|JournalArticle|Conference,Computer Science,False
DOI:10.1145/3209108.3209145,doi,10.1145/3209108.3209145,True,,afc9b6c8c141b06fcfdc7178e812b5c2b55a38a4,Strong Sums in Focused Logic,Logic in Computer Science,2018.0,31.0,1.0,0.0,Book|JournalArticle|Conference,Computer Science,False
DOI:10.1145/3209108.3209146,doi,10.1145/3209108.3209146,True,,ca1d820915e6f9812e8ead454ba5b3f32176b88a,Work Analysis with Resource-Aware Session Types,Logic in Computer Science,2017.0,53.0,46.0,4.0,Book|JournalArticle|Conference,Computer Science,True
DOI:10.1145/3209108.3209147,doi,10.1145/3209108.3209147,True,,90a8e53552fba43dcfcbb6b0dc2701a201c552d9,Differential Equation Axiomatization: The Impressive Power of Differential Ghosts,Logic in Computer Science,2018.0,27.0,49.0,3.0,JournalArticle|Book|Conference,Mathematics|Computer Science,True
DOI:10.1145/3209108.3209148,doi,10.1145/3209108.3209148,True,,5f989cd34bd5f86f0b85aafdfb49d4bdc4f8a0df,A Generalized Modality for Recursion,Logic in Computer Science,2018.0,47.0,21.0,0.0,JournalArticle|Book|Conference,Computer Science,True
DOI:10.1145/3209108.3209149,doi,10.1145/3209108.3209149,True,,f34bc199fda1089f258107d79baafb90ffcf5e6b,Quantitative Behavioural Reasoning for Higher-order Effectful Programs: Applicative Distances,Logic in Computer Science,2018.0,75.0,55.0,5.0,JournalArticle|Book|Conference,Computer Science|Mathematics,True
DOI:10.1145/3209108.3209151,doi,10.1145/3209108.3209151,True,,3ba8622b966da64494787304c1a3260557facdb2,"A Hybrid, Dynamic Logic for Hybrid-Dynamic Information Flow",Logic in Computer Science,2018.0,50.0,26.0,1.0,JournalArticle|Book|Conference,Computer Science,True
DOI:10.1145/3209108.3209153,doi,10.1145/3209108.3209153,True,,3749c6c00832604aa2c1e7acfd8d6133b4f8beb4,Guarded Computational Type Theory,Logic in Computer Science,2018.0,63.0,13.0,1.0,JournalArticle|Book|Conference,Computer Science|Mathematics,True
DOI:10.1145/3209108.3209155,doi,10.1145/3209108.3209155,True,,05c7f5b9fe79ae006fd4b5e542e3bb60d9f18f25,"A parameterized halting problem, the linear time hierarchy, and the MRDP theorem",Logic in Computer Science,2018.0,29.0,4.0,0.0,JournalArticle|Book|Conference,Computer Science|Mathematics,True
DOI:10.1145/3209108.3209156,doi,10.1145/3209108.3209156,True,,584ee9fe906434597d2780220c0b3a64ab4a8c49,A universal-algebraic proof of the complexity dichotomy for Monotone Monadic SNP,Logic in Computer Science,2018.0,39.0,38.0,1.0,JournalArticle|Book|Conference,Computer Science|Mathematics,True
DOI:10.1145/3209108.3209157,doi,10.1145/3209108.3209157,True,,02da7a1aa6484f566ab90803b200f723bc6420d1,"Species, Profunctors and Taylor Expansion Weighted by SMCC: A Unified Framework for Modelling Nondeterministic, Probabilistic and Quantum Programs",Logic in Computer Science,2018.0,48.0,20.0,3.0,JournalArticle|Book|Conference,Mathematics|Computer Science,False
DOI:10.1145/3209108.3209158,doi,10.1145/3209108.3209158,True,,05649a68befe8a3d520ffab080e890f1d77e57e1,Wreath Products of Distributive Forest Algebras,Logic in Computer Science,2018.0,26.0,1.0,0.0,JournalArticle|Book|Conference,Mathematics|Computer Science,True
DOI:10.1145/3209108.3209160,doi,10.1145/3209108.3209160,True,,f7a0f0d00587f4cf4c2a7f8d795142af0cbb8cb2,"Tree-depth, quantifier elimination, and quantifier rank",Logic in Computer Science,2018.0,21.0,9.0,0.0,Book|JournalArticle|Conference,Mathematics|Computer Science,False
DOI:10.1145/3209108.3209162,doi,10.1145/3209108.3209162,True,,6085317ece1693c6c1c34a9eab45889f638697a2,A pseudo-quasi-polynomial algorithm for mean-payoff parity games,Logic in Computer Science,2018.0,33.0,21.0,1.0,Book|JournalArticle|Conference,Mathematics|Computer Science,True
DOI:10.1145/3209108.3209163,doi,10.1145/3209108.3209163,True,,30ae1ea744af6ac53e7624235d31d89a7a76496e,Regular and First-Order List Functions,Logic in Computer Science,2018.0,30.0,25.0,5.0,JournalArticle|Book|Conference,Mathematics|Computer Science,True
DOI:10.1145/3209108.3209164,doi,10.1145/3209108.3209164,True,,dbdb84abeb5a24ff3ec5395bdd41ed9145be501a,Rational Synthesis Under Imperfect Information,Logic in Computer Science,2018.0,33.0,19.0,2.0,Book|JournalArticle|Conference,Computer Science,False
DOI:10.1145/3209108.3209166,doi,10.1145/3209108.3209166,True,,67dbe4b8d0e7b31b8833999556fffc5171b5f355,Syntax and Semantics for Operations with Scopes,Logic in Computer Science,2018.0,30.0,32.0,4.0,JournalArticle|Book|Conference,Computer Science,True
DOI:10.1145/3209108.3209167,doi,10.1145/3209108.3209167,True,,cfd2b01d5281c370adfb206124990226035a261b,The State Complexity of Alternating Automata,Logic in Computer Science,2018.0,29.0,4.0,0.0,JournalArticle|Book|Conference,Computer Science|Mathematics,False
DOI:10.1145/3209108.3209168,doi,10.1145/3209108.3209168,True,,d3f7e151e6d754fc6d2bfe26cf47cbe497afc04f,Weighted model counting beyond two-variable logic,Logic in Computer Science,2018.0,20.0,32.0,4.0,JournalArticle|Book|Conference,Mathematics|Computer Science,True
DOI:10.1145/3209108.3209169,doi,10.1145/3209108.3209169,True,,d9aea772555476d47d789449bb212a5c280fc432,Sound up-to techniques and Complete abstract domains,Logic in Computer Science,2018.0,60.0,17.0,1.0,Book|JournalArticle|Conference,Mathematics|Computer Science,True
DOI:10.1145/3209108.3209173,doi,10.1145/3209108.3209173,True,,5a6ca6715e960d37fd9bc4b308e35e7460466b83,Satisfiability in multi-valued circuits,Logic in Computer Science,2017.0,46.0,17.0,1.0,Book|JournalArticle|Conference,Mathematics|Computer Science,True
DOI:10.1145/3209108.3209175,doi,10.1145/3209108.3209175,True,,ec5fad357012764eb683816ed2c7d78083553daf,Boolean-Valued Semantics for the Stochastic λ-Calculus,Logic in Computer Science,2018.0,25.0,14.0,0.0,Book|JournalArticle|Conference,Computer Science,True
DOI:10.1145/3209108.3209176,doi,10.1145/3209108.3209176,True,,152b17c935aa6af12e3f430fbfe0ee5f8f835018,Conditional Value-at-Risk for Reachability and Mean Payoff in Markov Decision Processes,Logic in Computer Science,2018.0,35.0,21.0,1.0,JournalArticle|Book|Conference,Computer Science|Mathematics,True
DOI:10.1145/3209108.3209178,doi,10.1145/3209108.3209178,True,,c9d2f43aad6b05e1bf86390a759b0c185c17a8eb,On the number of types in sparse graphs,Logic in Computer Science,2017.0,43.0,38.0,5.0,Book|JournalArticle|Conference,Mathematics|Computer Science,True
DOI:10.1145/3209108.3209179,doi,10.1145/3209108.3209179,True,,14a1ca1fce8c8a42b6bfe551598b3e48813b4b98,Model-Theoretic Characterization of Boolean and Arithmetic Circuit Classes of Small Depth,Logic in Computer Science,2018.0,25.0,5.0,1.0,Book|JournalArticle|Conference,Computer Science,False
DOI:10.1145/3209108.3209180,doi,10.1145/3209108.3209180,True,,a32b670fe8ca065b9e0186b1c3a3db476edecea9,A van Benthem Theorem for Fuzzy Modal Logic,Logic in Computer Science,2018.0,59.0,20.0,1.0,JournalArticle|Book|Conference,Mathematics|Computer Science,True
DOI:10.1145/3209108.3209181,doi,10.1145/3209108.3209181,True,,38b3105780e0a035798ea18df5c89fd709300714,Logics for Word Transductions with Synthesis,Logic in Computer Science,2017.0,39.0,5.0,0.0,JournalArticle|Book|Conference,Mathematics|Computer Science,True
DOI:10.1145/3209108.3209183,doi,10.1145/3209108.3209183,True,,19002832a6ca74845ae48a5f7b3af4d350018717,Free Higher Groups in Homotopy Type Theory,Logic in Computer Science,2018.0,27.0,13.0,3.0,JournalArticle|Book|Conference,Computer Science|Mathematics,True
DOI:10.1145/3209108.3209184,doi,10.1145/3209108.3209184,True,,6ec609443a9765226cfb516f31e5b79289499fef,Stochastic Shortest Paths and Weight-Bounded Properties in Markov Decision Processes,Logic in Computer Science,2018.0,34.0,17.0,4.0,JournalArticle|Book|Conference,Computer Science|Mathematics,True
DOI:10.1145/3209108.3209185,doi,10.1145/3209108.3209185,True,,c17343ad2b6ede04cf93b9554d3bfd4897b519cd,Distribution-based objectives for Markov Decision Processes,Logic in Computer Science,2018.0,41.0,17.0,3.0,Book|JournalArticle|Conference,Computer Science|Mathematics,True
DOI:10.1145/3209108.3209186,doi,10.1145/3209108.3209186,True,,62e15d9ae1aa487a7dc8678a89c137eba6d580f6,"Definable Ellipsoid Method, Sums-of-Squares Proofs, and the Isomorphism Problem",Logic in Computer Science,2018.0,25.0,43.0,1.0,Book|JournalArticle|Conference,Mathematics|Computer Science,True
DOI:10.1145/3209108.3209187,doi,10.1145/3209108.3209187,True,,fb8705181e257e4394bed8d1ef5b2ceff0037f5d,The concurrent game semantics of Probabilistic PCF,Logic in Computer Science,2018.0,37.0,30.0,0.0,Book|JournalArticle|Conference,Computer Science,True
DOI:10.1145/3209108.3209189,doi,10.1145/3209108.3209189,True,,84720a9402649cd4139a51852dadb43343452ab0,Syntax and Semantics of Quantitative Type Theory,Logic in Computer Science,2018.0,39.0,126.0,19.0,JournalArticle|Book|Conference,Computer Science,True
DOI:10.1145/3209108.3209190,doi,10.1145/3209108.3209190,True,,217edc29375387de84b562c119d8d0d9c4110627,On computability and tractability for infinite sets,Logic in Computer Science,2018.0,18.0,6.0,0.0,Book|JournalArticle|Conference,Computer Science,False
DOI:10.1145/3209108.3209191,doi,10.1145/3209108.3209191,True,,6ac43644a76153994e97ad77899619c3e9be4c0b,Efficient Algorithms for Asymptotic Bounds on Termination Time in VASS,Logic in Computer Science,2018.0,37.0,14.0,0.0,Book|JournalArticle|Conference,Computer Science|Mathematics,True
DOI:10.1145/3209108.3209193,doi,10.1145/3209108.3209193,True,,8ead9b01794858c632807b5abf1dd7abf1d61ce1,Computable decision making on the reals and other spaces: via partiality and nondeterminism,Logic in Computer Science,2018.0,39.0,6.0,0.0,JournalArticle|Book|Conference,Computer Science|Mathematics,True
DOI:10.1145/3209108.3209194,doi,10.1145/3209108.3209194,True,,a6f077629225f1a59cf3aa34d5a8120d0cae9a7a,A Theory of Register Monitors,Logic in Computer Science,2018.0,43.0,12.0,0.0,JournalArticle|Book|Conference,Computer Science,False
DOI:10.1145/3209108.3209197,doi,10.1145/3209108.3209197,True,,3d1068593af596aa0fa3d629b7690563cdbf7a8f,On Higher Inductive Types in Cubical Type Theory,Logic in Computer Science,2018.0,30.0,85.0,7.0,JournalArticle|Book|Conference,Computer Science|Mathematics,True
DOI:10.1145/3209108.3209198,doi,10.1145/3209108.3209198,True,,7cf03f8c12863869808f6befcc309ce925b24b0f,Probabilistic Stable Functions on Discrete Cones are Power Series,Logic in Computer Science,2018.0,22.0,18.0,1.0,Book|JournalArticle|Conference,Computer Science|Mathematics,False
DOI:10.1145/3209108.3209199,doi,10.1145/3209108.3209199,True,,0f7247f5adbab69b46f144a8b6e6692f64151bf1,A sequent calculus with dependent types for classical arithmetic,Logic in Computer Science,2018.0,37.0,10.0,0.0,Book|JournalArticle|Conference,Computer Science,True
DOI:10.1145/3209108.3209200,doi,10.1145/3209108.3209200,True,,8b8b07d933a68070b61454b38236dab6b9aac298,Computability Beyond Church-Turing via Choice Sequences,Logic in Computer Science,2018.0,53.0,19.0,0.0,Book|JournalArticle|Conference,Computer Science,True
DOI:10.1145/3209108.3209201,doi,10.1145/3209108.3209201,True,,19d27464c7c50231cc1ab438bbd06df13c285042,Separability by piecewise testable languages and downward closures beyond subwords,Logic in Computer Science,2018.0,30.0,23.0,0.0,Book|JournalArticle|Conference,Mathematics|Computer Science,False
DOI:10.1145/3209108.3209204,doi,10.1145/3209108.3209204,True,,f8ef2e029ff609cd4ff563be19f0fe619bfcd285,A Fixpoint Logic and Dependent Effects for Temporal Property Verification,Logic in Computer Science,2018.0,32.0,29.0,2.0,Book|JournalArticle|Conference,Computer Science,False
DOI:10.1145/3209108.3209205,doi,10.1145/3209108.3209205,True,,e62d812d7c056e13b83ac0551797181de17ab2e0,Unary negation fragment with equivalence relations has the finite model property,Logic in Computer Science,2018.0,34.0,5.0,0.0,Book|JournalArticle|Conference,Mathematics|Computer Science,True
DOI:10.1145/3209108.3209206,doi,10.1145/3209108.3209206,True,,1802825fd8432f9d3530d7b9df3e873504445751,Extensional and Intensional Semantic Universes: A Denotational Model of Dependent Types,Logic in Computer Science,2018.0,31.0,2.0,0.0,JournalArticle|Book|Conference,Computer Science,True
DOI:10.1145/3209108.3209207,doi,10.1145/3209108.3209207,True,,3059437893b17207c8da0397cbff7f53ffad7137,Dialectica models of type theory,Logic in Computer Science,2018.0,39.0,19.0,3.0,Book|JournalArticle|Conference,Mathematics|Computer Science,True
DOI:10.1145/3286062.3286072,doi,10.1145/3286062.3286072,True,,fa955dca15bd4de1b7f1926585f5da41e32de872,Internet As a Source of Randomness,ACM Workshop on Hot Topics in Networks,2018.0,45.0,0.0,0.0,Book|JournalArticle,Computer Science,False
DOI:10.1145/3319535.3354216,doi,10.1145/3319535.3354216,True,,246b967f647d5909ba95c14524456aac9febd62a,Insecure Until Proven Updated: Analyzing AMD SEV's Remote Attestation,Conference on Computer and Communications Security,2019.0,44.0,61.0,0.0,JournalArticle|Book|Conference,Computer Science,True
DOI:10.1145/3338498.3358649,doi,10.1145/3338498.3358649,True,,194a965f995449747d393014f6489d025bab7544,Anatomy of Commercial IMSI Catchers and Detectors,WPES@CCS,2019.0,98.0,39.0,4.0,JournalArticle|Book|Review,Computer Science,False
DOI:10.1145/3339984,doi,10.1145/3339984,True,,1f8eead4c98a69b7a4e08c13c99bb437093d61ba,Non-polynomial Worst-Case Analysis of Recursive Programs,International Conference on Computer Aided Verification,2017.0,79.0,33.0,1.0,JournalArticle|Conference,Computer Science,True
DOI:10.1145/3373718.3394732,doi,10.1145/3373718.3394732,True,,c2e7a58f9ba016c0d9d491c3010f6b2d7bf2f932,When Reachability Meets Grzegorczyk,Logic in Computer Science,2020.0,38.0,0.0,0.0,Book|JournalArticle|Conference|Review,Computer Science,True
DOI:10.1145/3373718.3394733,doi,10.1145/3373718.3394733,True,,5ce907607188105ae6c5cdd5e3f6685b420041c6,A tale of intersection types,Logic in Computer Science,2020.0,81.0,12.0,0.0,Book|JournalArticle|Conference|Review,Computer Science,True
DOI:10.1145/3373718.3394735,doi,10.1145/3373718.3394735,True,,6f01108ef78728431fc82078d5621f0ec6acdb34,"Contextual Types, Explained: Invited Tutorial",Logic in Computer Science,2020.0,12.0,0.0,0.0,Book|JournalArticle|Conference|Review,Computer Science,False
DOI:10.1145/3373718.3394738,doi,10.1145/3373718.3394738,True,,29ca5faafa3a029131039fc4f617576a5e88ecfd,A Cellular Howe Theorem,Logic in Computer Science,2020.0,42.0,16.0,0.0,Book|JournalArticle|Conference,Computer Science,True
DOI:10.1145/3373718.3394739,doi,10.1145/3373718.3394739,True,,6a9d4a1f74606ac6699ebfc0c1ada9389568c020,Counting Bounded Tree Depth Homomorphisms,Logic in Computer Science,2020.0,45.0,40.0,4.0,Book|JournalArticle|Conference,Computer Science|Mathematics,True
DOI:10.1145/3373718.3394740,doi,10.1145/3373718.3394740,True,,a28aef472f09bdc77bc372df4e0c3ccd4b1aa915,Russian Constructivism in a Prefascist Theory,Logic in Computer Science,2020.0,53.0,15.0,0.0,JournalArticle|Book|Conference,Computer Science,True
DOI:10.1145/3373718.3394742,doi,10.1145/3373718.3394742,True,,250eeabbbadaa2f5115ab162ba2812df4b15ce3a,A characterisation of ordered abstract probabilities,Logic in Computer Science,2019.0,60.0,8.0,0.0,Book|JournalArticle|Conference,Computer Science|Mathematics,True
DOI:10.1145/3373718.3394743,doi,10.1145/3373718.3394743,True,,70e6bf8e9b9ad929bdf47bbdf6d9bf0c3e5fc2c6,An Efficient Normalisation Procedure for Linear Temporal Logic and Very Weak Alternating Automata,Logic in Computer Science,2020.0,26.0,14.0,1.0,JournalArticle|Book|Conference,Mathematics|Computer Science,True
DOI:10.1145/3373718.3394744,doi,10.1145/3373718.3394744,True,,5636e0dafb0ac494da782c3f10a01722bce5b985,A Complete Proof System for 1-Free Regular Expressions Modulo Bisimilarity,Logic in Computer Science,2020.0,41.0,24.0,6.0,JournalArticle|Book|Conference,Computer Science|Mathematics,True
DOI:10.1145/3373718.3394746,doi,10.1145/3373718.3394746,True,,4116fac14eae5ffd5818020b3a66670dc4d37b65,Universal equivalence and majority of probabilistic programs over finite fields,Logic in Computer Science,2020.0,55.0,9.0,2.0,JournalArticle|Book|Conference,Computer Science|Mathematics,True
DOI:10.1145/3373718.3394747,doi,10.1145/3373718.3394747,True,,9d19dd2981453f828593251f479fc6ce53cc5850,Space-efficient Query Evaluation over Probabilistic Event Streams,Logic in Computer Science,2020.0,14.0,2.0,1.0,Book|JournalArticle|Conference,Computer Science,False
DOI:10.1145/3373718.3394750,doi,10.1145/3373718.3394750,True,,5ca2445bb7edf5f41a59ff887d4da64da8898c8c,Temporal Constraint Satisfaction Problems in Fixed-Point Logic,Logic in Computer Science,2020.0,80.0,13.0,2.0,JournalArticle|Book|Conference,Computer Science|Mathematics,False
DOI:10.1145/3373718.3394751,doi,10.1145/3373718.3394751,True,,40fb70e33ba4542d8042d617129ac66322916e62,Efficient Analysis of VASS Termination Complexity,Logic in Computer Science,2020.0,22.0,3.0,0.0,JournalArticle|Book|Conference,Computer Science,True
DOI:10.1145/3373718.3394752,doi,10.1145/3373718.3394752,True,,8897e480bcd1e215abd5303f2724fdf990aaae02,Re-pairing brackets,Logic in Computer Science,2019.0,54.0,2.0,0.0,JournalArticle|Book|Conference,Computer Science|Mathematics,True
DOI:10.1145/3373718.3394753,doi,10.1145/3373718.3394753,True,,24059e3fb0ba6217cb05e06ab59ce2abb4b9479c,Complexity of controlled bad sequences over finite sets of Nd,Logic in Computer Science,2020.0,20.0,8.0,0.0,JournalArticle|Book|Conference,Computer Science|Mathematics,False
DOI:10.1145/3373718.3394754,doi,10.1145/3373718.3394754,True,,164ef55df86302ef0f7e6c958b6b28e09d0e7003,The Surprising Power of Constant Depth Algebraic Proofs,Electron. Colloquium Comput. Complex.,2020.0,29.0,14.0,2.0,JournalArticle|Book,Computer Science|Mathematics,True
DOI:10.1145/3373718.3394755,doi,10.1145/3373718.3394755,True,,b345644b6da590b239c9fb851c6ee8e00db8d4a2,A Higher Structure Identity Principle,Logic in Computer Science,2020.0,35.0,15.0,1.0,Book|JournalArticle|Conference,Mathematics|Computer Science,True
DOI:10.1145/3373718.3394756,doi,10.1145/3373718.3394756,True,,1bc471e32a8310b3ff0751905b104ad9b4946a7c,Lower Bounds for QBFs of Bounded Treewidth,Logic in Computer Science,2019.0,70.0,26.0,0.0,JournalArticle|Book|Conference,Computer Science|Mathematics,True
DOI:10.1145/3373718.3394757,doi,10.1145/3373718.3394757,True,,2a9e17d88297521bd8032a5b7c7181da354b5025,Making Streett Determinization Tight,Logic in Computer Science,2020.0,19.0,1.0,0.0,JournalArticle|Book|Conference,Mathematics|Computer Science|Physics,True
DOI:10.1145/3373718.3394758,doi,10.1145/3373718.3394758,True,,3da4391203fa916e13f44870c3345a36f8c339d5,Cones as a model of intuitionistic linear logic,Logic in Computer Science,2020.0,26.0,7.0,1.0,Book|JournalArticle|Conference,Computer Science,True
DOI:10.1145/3373718.3394759,doi,10.1145/3373718.3394759,True,,6c390adda0cafa5ba76bf7fdcb7fa08b5841a182,Partial Univalence in n-truncated Type Theory,Logic in Computer Science,2020.0,51.0,3.0,0.0,Book|JournalArticle|Conference,Mathematics|Computer Science,True
DOI:10.1145/3373718.3394760,doi,10.1145/3373718.3394760,True,,ff1a5564936cfb7eb1b0c8d9ad2422818eb8373f,The Integers as a Higher Inductive Type,Logic in Computer Science,2020.0,23.0,9.0,0.0,JournalArticle|Book|Conference,Computer Science|Mathematics,True
DOI:10.1145/3373718.3394762,doi,10.1145/3373718.3394762,True,,c700034fb4e1af0433c70e1a358fb3393e4008dc,Concurrent Separation Logic Meets Template Games,Logic in Computer Science,2020.0,34.0,6.0,0.0,JournalArticle|Book|Conference,Computer Science,True
DOI:10.1145/3373718.3394764,doi,10.1145/3373718.3394764,True,,3a4f27af8779fed5750d4719ef93dd5d4c813f90,The Hidden Subgroup Problem for Universal Algebras,Logic in Computer Science,2020.0,21.0,2.0,0.0,JournalArticle|Book|Conference,Computer Science|Mathematics|Physics,True
DOI:10.1145/3373718.3394765,doi,10.1145/3373718.3394765,True,,57f1cf766e4c2d978d888c93602335eab5413e4d,Linear Dependent Type Theory for Quantum Programming Languages: Extended Abstract,Logic in Computer Science,2020.0,54.0,38.0,3.0,Book|JournalArticle|Conference,Computer Science|Mathematics|Physics,True
DOI:10.1145/3373718.3394766,doi,10.1145/3373718.3394766,True,,b3b216c7624c8be5e5c880b6f7298516091e418f,On Computability of Logical Approaches to Branching-Time Property Verification of Programs,Logic in Computer Science,2020.0,29.0,9.0,0.0,Book|JournalArticle|Conference,Computer Science,False
DOI:10.1145/3373718.3394769,doi,10.1145/3373718.3394769,True,,aa4c19b5e09eb7062fd1d1b92e61ff03ac49f46d,Coherence and normalisation-by-evaluation for bicategorical cartesian closed structure,Logic in Computer Science,2020.0,75.0,9.0,1.0,JournalArticle|Book|Conference,Mathematics|Computer Science,True
DOI:10.1145/3373718.3394771,doi,10.1145/3373718.3394771,True,,3dcd81eb360e6342515ed32a0e42280554131186,Algebraic models of simple type theories: A polynomial approach,Logic in Computer Science,2020.0,30.0,12.0,0.0,JournalArticle|Book|Conference,Computer Science|Mathematics,True
DOI:10.1145/3373718.3394772,doi,10.1145/3373718.3394772,True,,d9c5bbb7c048cc8d9198b0e5fe9b837d66c55cbc,One-Clock Priced Timed Games are PSPACE-hard,Logic in Computer Science,2020.0,30.0,2.0,1.0,JournalArticle|Book|Conference,Computer Science,True
DOI:10.1145/3373718.3394773,doi,10.1145/3373718.3394773,True,,89f2cc1231f73b3120a7342771d23f527c841a40,Descriptive complexity of real computation and probabilistic independence logic,Logic in Computer Science,2020.0,29.0,20.0,1.0,JournalArticle|Book|Conference,Computer Science|Mathematics,True
DOI:10.1145/3373718.3394774,doi,10.1145/3373718.3394774,True,,923b05e6c9234cd46b4041e0ad02d8731157b0ec,Consuming and Persistent Types for Classical Logic,Logic in Computer Science,2020.0,35.0,15.0,1.0,Book|JournalArticle|Conference,Computer Science|Mathematics,False
DOI:10.1145/3373718.3394776,doi,10.1145/3373718.3394776,True,,13bacbe6f2bf7ae3261f16c27ee0ec8504e79c80,An Approach to Regular Separability in Vector Addition Systems,Logic in Computer Science,2020.0,42.0,16.0,1.0,JournalArticle|Book|Conference,Computer Science|Mathematics,True
DOI:10.1145/3373718.3394778,doi,10.1145/3373718.3394778,True,,4faea727709a3dcefc42d3e5b6d6a888a0e62b2c,Reconciling noninterference and gradual typing,Logic in Computer Science,2020.0,40.0,12.0,2.0,JournalArticle|Book|Conference,Computer Science,False
DOI:10.1145/3373718.3394780,doi,10.1145/3373718.3394780,True,,34ec92c8f738206f1444596869da7faabceb8bf0,Intermediate problems in modular circuits satisfiability,Logic in Computer Science,2020.0,28.0,17.0,1.0,Book|JournalArticle|Conference,Computer Science|Mathematics,True
DOI:10.1145/3373718.3394781,doi,10.1145/3373718.3394781,True,,de8654e41159a71c5276a02bf515471a71be28b2,On The Relational Width of First-Order Expansions of Finitely Bounded Homogeneous Binary Cores with Bounded Strict Width,Logic in Computer Science,2020.0,24.0,8.0,2.0,JournalArticle|Book|Conference,Computer Science|Mathematics,True
DOI:10.1145/3373718.3394782,doi,10.1145/3373718.3394782,True,,08eed00e61afe25a4f54a6a63ab6995e13e0cce4,Uniformisations of Regular Relations Over Bi-Infinite Words,Logic in Computer Science,2020.0,16.0,4.0,0.0,JournalArticle|Book|Conference,Computer Science|Mathematics,False
DOI:10.1145/3373718.3394783,doi,10.1145/3373718.3394783,True,,57ec58cef53cd6d05ac217dcf0a93af6e38808af,The Complexity of Dynamic Data Race Prediction,Logic in Computer Science,2020.0,49.0,36.0,3.0,JournalArticle|Book|Conference,Computer Science,True
DOI:10.1145/3373718.3394784,doi,10.1145/3373718.3394784,True,,7a931593b380747c77eae557101de49643b0b7c0,A Hennessy-Milner Theorem for ATL with Imperfect Information,Logic in Computer Science,2020.0,32.0,1.0,0.0,JournalArticle|Book|Conference,Computer Science,True
DOI:10.1145/3373718.3394785,doi,10.1145/3373718.3394785,True,,79b942748f2a1120ff17d70b12dd77c751d87598,First-order tree-to-tree functions,Logic in Computer Science,2020.0,38.0,10.0,2.0,JournalArticle|Book|Conference,Mathematics|Computer Science,True
DOI:10.1145/3373718.3394786,doi,10.1145/3373718.3394786,True,,d9e4306403f76274492ae0ac71c607c82fe652c5,On the Weisfeiler-Leman Dimension of Finite Groups,Logic in Computer Science,2020.0,42.0,18.0,6.0,Book|JournalArticle|Conference,Mathematics|Computer Science,True
DOI:10.1145/3373718.3394787,doi,10.1145/3373718.3394787,True,,5e7d1954df16b960d7baf5769ee4cd94d73e83f2,Modal Logics with Composition on Finite Forests: Expressivity and Complexity,Logic in Computer Science,2020.0,53.0,4.0,0.0,JournalArticle|Book|Conference,Computer Science|Mathematics,True
DOI:10.1145/3373718.3394792,doi,10.1145/3373718.3394792,True,,28b710dc9930efa64d752648370951d7acde7b81,A calculus of expandable stores: Continuation-and-environment-passing style translations,Logic in Computer Science,2020.0,37.0,2.0,0.0,Book|JournalArticle|Conference,Computer Science,True
DOI:10.1145/3373718.3394794,doi,10.1145/3373718.3394794,True,,ea36cdbeb190651d8953d71898a968ab31c4180b,A Constructive Model of Directed Univalence in Bicubical Sets,Logic in Computer Science,2020.0,37.0,35.0,2.0,Book|JournalArticle|Conference,Mathematics|Computer Science,True
DOI:10.1145/3373718.3394795,doi,10.1145/3373718.3394795,True,,fd40994b63723655cdc2f1c74f0d20fbf816844a,Combining probabilistic and non-deterministic choice via weak distributive laws,Logic in Computer Science,2020.0,33.0,38.0,3.0,JournalArticle|Book|Conference,Computer Science,True
DOI:10.1145/3373718.3394796,doi,10.1145/3373718.3394796,True,,96207ebec53642f299cf4f0b79ab138872da4496,Deciding Differential Privacy for Programs with Finite Inputs and Outputs,Logic in Computer Science,2019.0,39.0,27.0,4.0,JournalArticle|Book|Conference,Computer Science,True
DOI:10.1145/3373718.3394797,doi,10.1145/3373718.3394797,True,,181017b785e7392c7180f208845cf955b8556971,A Fixed Point Theorem on Lexicographic Lattice Structures,Logic in Computer Science,2020.0,28.0,1.0,0.0,Book|JournalArticle|Conference,Computer Science,False
DOI:10.1145/3373718.3394799,doi,10.1145/3373718.3394799,True,,e0ae3405f008561fd39028ca062b79589397f3c3,Refinement-Based Game Semantics for Certified Abstraction Layers,Logic in Computer Science,2020.0,49.0,25.0,1.0,JournalArticle|Book|Conference,Computer Science,False
DOI:10.1145/3373718.3394800,doi,10.1145/3373718.3394800,True,,e5044c5b77d43b6bf5f14d60a9a8d54fbd01d59a,Coherence via Well-Foundedness: Taming Set-Quotients in Homotopy Type Theory,Logic in Computer Science,2020.0,37.0,8.0,1.0,JournalArticle|Book|Conference,Mathematics|Computer Science,True
DOI:10.1145/3373718.3394802,doi,10.1145/3373718.3394802,True,,849dde58c1e5fec50d212da117a5466366c40796,Extended Kripke lemma and decidability for hypersequent substructural logics,Logic in Computer Science,2020.0,31.0,5.0,0.0,JournalArticle|Book|Conference,Mathematics|Computer Science,False
DOI:10.1145/3373718.3394804,doi,10.1145/3373718.3394804,True,,1c802119a166c7984a0c4c270e76ded793b3b63c,Pebble Minimization of Polyregular Functions,Logic in Computer Science,2020.0,9.0,8.0,2.0,JournalArticle|Book|Conference,Computer Science|Mathematics,True
DOI:10.1145/3373718.3394805,doi,10.1145/3373718.3394805,True,,d73966dd8b323e6b1b1347ec90e3e7eb4cc49048,Mixing Probabilistic and non-Probabilistic Objectives in Markov Decision Processes,Logic in Computer Science,2020.0,19.0,9.0,0.0,JournalArticle|Book|Conference,Computer Science,True
DOI:10.1145/3373718.3394806,doi,10.1145/3373718.3394806,True,,6d54bded24eaa3c1a6c22bd625085dfb408f7b11,The Benefit of Being Non-Lazy in Probabilistic λ-calculus: Applicative Bisimulation is Fully Abstract for Non-Lazy Probabilistic Call-by-Name,Logic in Computer Science,2020.0,26.0,2.0,0.0,JournalArticle|Book|Conference,Computer Science|Mathematics,True
DOI:10.1145/3373718.3394807,doi,10.1145/3373718.3394807,True,,006ff96a32773a654f00d9ced2d8a2f972fbd476,Modal Intuitionistic Logics as Dialgebraic Logics,Logic in Computer Science,2020.0,86.0,11.0,2.0,JournalArticle|Book|Conference,Computer Science,True
DOI:10.1145/3373718.3394809,doi,10.1145/3373718.3394809,True,,5d9c7faf4a1cd3348afe0d771b7913cda8ca5c0c,Sparse Hashing for Scalable Approximate Model Counting: Theory and Practice,Logic in Computer Science,2020.0,40.0,28.0,1.0,Book|JournalArticle|Conference,Computer Science,False
DOI:10.1145/3373718.3394827,doi,10.1145/3373718.3394827,True,,1cbf8b78d42f921dcdf38554b0ea3c1a43417e01,Bisimulation Finiteness of Pushdown Systems Is Elementary,Logic in Computer Science,2020.0,42.0,3.0,0.0,JournalArticle|Book|Conference,Mathematics|Computer Science,True
DOI:10.1145/3485002,doi,10.1145/3485002,True,,6e41883be2301de12813c1a9b92dba09be8653fa,Sequential Equilibrium in Games of Imperfect Recall,International Conference on Principles of Knowledge Representation and Reasoning,2016.0,26.0,14.0,1.0,JournalArticle|Conference,Computer Science,False
DOI:10.1145/3531130.3532405,doi,10.1145/3531130.3532405,True,,db61ede06b669044f801015afad788bb4ab6cffa,Varieties of Quantitative Algebras and Their Monads,Logic in Computer Science,2022.0,15.0,19.0,3.0,JournalArticle|Book|Conference,Computer Science,False
DOI:10.1145/3531130.3532410,doi,10.1145/3531130.3532410,True,,82390cad182b5922b2d2367a62fad29c7c5c5b0e,The amazing mixed polynomial closure and its applications to two-variable first-order logic,Logic in Computer Science,2022.0,38.0,3.0,0.0,JournalArticle|Book|Conference,Computer Science,True
DOI:10.1145/3531130.3532419,doi,10.1145/3531130.3532419,True,,2cdfdc95c458fb1348bf54b004ccd34be5e91669,Partitions and Ewens Distributions in element-free Probability Theory,Logic in Computer Science,2022.0,24.0,5.0,0.0,JournalArticle|Book|Conference,Computer Science,True
DOI:10.1145/3531130.3532439,doi,10.1145/3531130.3532439,True,,9ddd42c16e144e175e6998475c3bac399ca9ca61,Stochastic Games with Synchronizing Objectives,Logic in Computer Science,2022.0,43.0,3.0,0.0,Book|JournalArticle|Conference,Computer Science,True
DOI:10.1145/3531130.3532458,doi,10.1145/3531130.3532458,True,,1e873cd6fc40bfd0d6f724d103cf28576b25d17d,A direct computational interpretation of second-order arithmetic via update recursion,Logic in Computer Science,2022.0,15.0,2.0,0.0,JournalArticle|Book|Conference,Computer Science,True
DOI:10.1145/3531130.3532469,doi,10.1145/3531130.3532469,True,,f874dff9d89bfde709e93383785e937b022aad7f,Resource approximation for the λμ-calculus,Logic in Computer Science,2022.0,34.0,4.0,0.0,JournalArticle|Book|Conference,Computer Science,False
DOI:10.1145/3531130.3532484,doi,10.1145/3531130.3532484,True,,b69f706ec5641da8e4657da0707958b0ae9992da,A first-order completeness result about characteristic Boolean algebras in classical realizability,Logic in Computer Science,2022.0,12.0,0.0,0.0,JournalArticle|Book|Conference,Computer Science|Mathematics,True
DOI:10.1145/3531130.3532488,doi,10.1145/3531130.3532488,True,,2d771724b90ff280da05811a3a204803726ffa36,A Functorial Excursion Between Algebraic Geometry and Linear Logic,Logic in Computer Science,2022.0,40.0,3.0,0.0,Book|JournalArticle|Conference,Computer Science,True
DOI:10.1145/3531130.3532498,doi,10.1145/3531130.3532498,True,,049d08137bf7fbba8f08805b002771bb98848240,When Locality Meets Preservation,Logic in Computer Science,2022.0,30.0,1.0,0.0,JournalArticle|Book|Conference,Computer Science,True
DOI:10.1145/3531130.3533326,doi,10.1145/3531130.3533326,True,,10a2c0e0ae19df89546b46ac91f520e7b1d051fc,Transducers of polynomial growth,Logic in Computer Science,2022.0,8.0,22.0,5.0,JournalArticle|Book|Conference|Review,Computer Science,False
DOI:10.1145/3531130.3533328,doi,10.1145/3531130.3533328,True,,6258d4f1eab9295c47fd7fd74d4f5076c462a3d5,On the Skolem Problem and the Skolem Conjecture,Logic in Computer Science,2022.0,32.0,21.0,1.0,JournalArticle|Book|Conference,Computer Science,True
DOI:10.1145/3531130.3533329,doi,10.1145/3531130.3533329,True,,9355773fd941c7befed8e7829983f38d82ac1979,On the Satisfiability of Context-free String Constraints with Subword-Ordering,Logic in Computer Science,2022.0,39.0,5.0,0.0,JournalArticle|Book|Conference,Computer Science,False
DOI:10.1145/3531130.3533330,doi,10.1145/3531130.3533330,True,,4d666d422b9654c19deecf66c3789096e4c70ce0,Computable PAC Learning of Continuous Features,Logic in Computer Science,2022.0,21.0,8.0,0.0,Book|JournalArticle|Conference,Computer Science,False
DOI:10.1145/3531130.3533332,doi,10.1145/3531130.3533332,True,,3ff179a5c750d2c11b53a16ec30f8971b1e6d4fa,Quantum Expectation Transformers for Cost Analysis,Logic in Computer Science,2022.0,30.0,19.0,4.0,JournalArticle|Book|Conference,Computer Science|Physics,True
DOI:10.1145/3531130.3533333,doi,10.1145/3531130.3533333,True,,b75704c3fc8168a03a3c3905d12d6a086b07352a,Solvability of orbit-finite systems of linear equations,Logic in Computer Science,2022.0,38.0,4.0,1.0,JournalArticle|Book|Conference,Computer Science,True
DOI:10.1145/3531130.3533336,doi,10.1145/3531130.3533336,True,,8eb24c750e0b173e04fc05d299693ab8e9802ee6,The boundedness and zero isolation problems for weighted automata over nonnegative rationals,Logic in Computer Science,2022.0,44.0,9.0,1.0,JournalArticle|Book|Conference,Computer Science,True
DOI:10.1145/3531130.3533337,doi,10.1145/3531130.3533337,True,,5b167264fe0d7571933b86d59eb5bdd83dc36260,Logical Foundations of Quantitative Equality,Logic in Computer Science,2022.0,50.0,11.0,0.0,JournalArticle|Book|Conference,Computer Science,True
DOI:10.1145/3531130.3533338,doi,10.1145/3531130.3533338,True,,0e4388d2c0bfd7c8f2955f4eb11e1ba3af4e1073,On Almost-Uniform Generation of SAT Solutions: The power of 3-wise independent hashing,Logic in Computer Science,2022.0,20.0,7.0,0.0,Book|JournalArticle|Conference,Computer Science,True
DOI:10.1145/3531130.3533339,doi,10.1145/3531130.3533339,True,,1244925f9ada2ad7dea2b16e8c40a35b6020640c,Size measures and alphabetic equivalence in the μ-calculus,Logic in Computer Science,2022.0,29.0,5.0,0.0,Book|JournalArticle|Conference,Computer Science,True
DOI:10.1145/3531130.3533342,doi,10.1145/3531130.3533342,True,,fb57745680228b139d20290622e0b685e44b73f7,Active learning for sound negotiations✱,Logic in Computer Science,2021.0,50.0,1.0,0.0,JournalArticle|Book|Conference,Computer Science,True
DOI:10.1145/3531130.3533343,doi,10.1145/3531130.3533343,True,,1ddabc3439512b864122acfad90386b28cf6b25a,Abstractions for the local-time semantics of timed automata: a foundation for partial-order methods,Logic in Computer Science,2022.0,41.0,11.0,0.0,Book|JournalArticle|Conference,Computer Science,True
DOI:10.1145/3531130.3533344,doi,10.1145/3531130.3533344,True,,d37a761f6f16f6f23d7da76dbcf1b4a1545b4d9b,On the strength of Sherali-Adams and Nullstellensatz as propositional proof systems,Electron. Colloquium Comput. Complex.,2022.0,34.0,6.0,0.0,JournalArticle|Book,Computer Science,False
DOI:10.1145/3531130.3533345,doi,10.1145/3531130.3533345,True,,08cdbeb592c797069b6397412ad0ce0ed0d22e89,The Complexity of Bidirected Reachability in Valence Systems,Logic in Computer Science,2021.0,58.0,7.0,0.0,JournalArticle|Book|Conference,Computer Science,True
DOI:10.1145/3531130.3533346,doi,10.1145/3531130.3533346,True,,1b152347c6da825fc17e81a800c0eedb14591560,Ramsey Quantifiers over Automatic Structures: Complexity and Applications to Verification,Logic in Computer Science,2022.0,36.0,5.0,2.0,Book|JournalArticle|Conference,Computer Science,True
DOI:10.1145/3531130.3533347,doi,10.1145/3531130.3533347,True,,628c6ef5a04583df1c50c50997fb9fe9dab7142e,Syllepsis in Homotopy Type Theory,Logic in Computer Science,2021.0,28.0,5.0,0.0,JournalArticle|Book|Conference,Computer Science,True
DOI:10.1145/3531130.3533349,doi,10.1145/3531130.3533349,True,,c65daec7d54409c928e983f8bf7be3d1b92927b0,Treelike Decompositions for Transductions of Sparse Graphs,Logic in Computer Science,2022.0,31.0,12.0,1.0,JournalArticle|Book|Conference,Computer Science|Mathematics,True
DOI:10.1145/3531130.3533351,doi,10.1145/3531130.3533351,True,,9712fcd4d631336a1985535746edfffc5fda5122,Probabilistic Verification Beyond Context-Freeness,Logic in Computer Science,2022.0,34.0,2.0,1.0,Book|JournalArticle|Conference,Computer Science,True
DOI:10.1145/3531130.3533352,doi,10.1145/3531130.3533352,True,,fc2752d37c1da638a7472abb146be2259e4f3d2c,Zigzag normalisation for associative n-categories,Logic in Computer Science,2022.0,41.0,6.0,0.0,JournalArticle|Book|Conference,Computer Science|Mathematics,True
DOI:10.1145/3531130.3533353,doi,10.1145/3531130.3533353,True,,a913ea49eb91f3a5c373ebcbe46dd421e2c5ef80,Smooth approximations and CSPs over finitely bounded homogeneous structures,Logic in Computer Science,2020.0,71.0,29.0,7.0,JournalArticle|Book|Conference,Computer Science|Mathematics,True
DOI:10.1145/3531130.3533354,doi,10.1145/3531130.3533354,True,,7344afce246e9f5d92999692e03a808f369d597a,Reasoning on Data Words over Numeric Domains,Logic in Computer Science,2022.0,50.0,7.0,0.0,JournalArticle|Book|Conference,Computer Science,True
DOI:10.1145/3531130.3533355,doi,10.1145/3531130.3533355,True,,ab8894a6fbf4564704061b7ad5761fc6ab5ab3aa,Probability monads with submonads of deterministic states,Logic in Computer Science,2022.0,38.0,9.0,0.0,JournalArticle|Book|Conference,Computer Science|Mathematics,True
DOI:10.1145/3531130.3533356,doi,10.1145/3531130.3533356,True,,3613f792683a2a6841d4ed3e9e2e6ef74cd5e9b4,Stable graphs of bounded twin-width,Logic in Computer Science,2021.0,47.0,38.0,5.0,JournalArticle|Book|Conference,Computer Science|Mathematics,True
DOI:10.1145/3531130.3533357,doi,10.1145/3531130.3533357,True,,d85c95ad7b3086310b38a1c847bacedfeacc748c,Lower Bounds for the Reachability Problem in Fixed Dimensional VASSes,Logic in Computer Science,2022.0,23.0,14.0,0.0,JournalArticle|Book|Conference,Computer Science,True
DOI:10.1145/3531130.3533358,doi,10.1145/3531130.3533358,True,,bceb615b154cecea36915dc6f0b6e07e75ae76cd,Zero-One Laws and Almost Sure Valuations of First-Order Logic in Semiring Semantics,Logic in Computer Science,2022.0,19.0,16.0,1.0,Book|JournalArticle|Conference,Computer Science,True
DOI:10.1145/3531130.3533359,doi,10.1145/3531130.3533359,True,,32a15574ece0d3b56d92ccc2b5ee308fa65d5537,Greatest HITs: Higher inductive types in coinductive definitions via induction under clocks,Logic in Computer Science,2021.0,65.0,16.0,0.0,Book|JournalArticle|Conference,Computer Science,True
DOI:10.1145/3531130.3533361,doi,10.1145/3531130.3533361,True,,7c45f12086d638ddcb02de0b9805180ab08565b6,Curry and Howard Meet Borel,Logic in Computer Science,2022.0,61.0,14.0,1.0,JournalArticle|Book|Conference,Computer Science|Mathematics,True
DOI:10.1145/3531130.3533363,doi,10.1145/3531130.3533363,True,,007487e20d2dc8ae123e3355fff8f96df40fc32c,A Type Theory for Strictly Unital ∞-Categories,Logic in Computer Science,2020.0,38.0,14.0,0.0,JournalArticle|Book|Conference,Computer Science|Mathematics,True
DOI:10.1145/3531130.3533364,doi,10.1145/3531130.3533364,True,,8074092804bf5a6fc6a1c1c58df4391ad519fa2c,Efficient Construction of Reversible Transducers from Regular Transducer Expressions,Logic in Computer Science,2022.0,23.0,4.0,0.0,JournalArticle|Book|Conference,Computer Science,True
DOI:10.1145/3531130.3533365,doi,10.1145/3531130.3533365,True,,f981263d2bfedbee55623d45171dd291c2682e51,Monoidal Streams for Dataflow Programming,Logic in Computer Science,2022.0,102.0,13.0,0.0,JournalArticle|Book|Conference,Computer Science|Mathematics,True
DOI:10.1145/3531130.3533366,doi,10.1145/3531130.3533366,True,,7b2049eface75fbbbcf356d5da2310dd7b5307ca,Beyond Nonexpansive Operations in Quantitative Algebraic Reasoning,Logic in Computer Science,2022.0,21.0,11.0,1.0,JournalArticle|Book|Conference,Computer Science,True
DOI:10.1145/3531130.3533367,doi,10.1145/3531130.3533367,True,,39b1ba76e81792fee573ef0fa0449478bc5101d0,Model Checking on Interpretations of Classes of Bounded Local Cliquewidth,Logic in Computer Science,2022.0,40.0,18.0,1.0,JournalArticle|Book|Conference,Computer Science|Mathematics,True
DOI:10.1145/3531130.3533368,doi,10.1145/3531130.3533368,True,,7ae729d9daa4d35182dc6c2c0cb9f0ed4d331a1a,Separating LREC from LFP,Logic in Computer Science,2021.0,19.0,1.0,1.0,Book|JournalArticle|Conference,Computer Science,True
DOI:10.1145/3531130.3533369,doi,10.1145/3531130.3533369,True,,40cc1f817137b4dddcddf8638b0682d4923c9258,Deciding Hyperproperties Combined with Functional Specifications,Logic in Computer Science,2022.0,45.0,14.0,0.0,JournalArticle|Book|Conference,Computer Science,True
DOI:10.1145/3531130.3533370,doi,10.1145/3531130.3533370,True,,63ebf9d215f2af42c392910f759ac3b9d278ce29,"Concrete categories and higher-order recursion: With applications including probability, differentiability, and full abstraction",Logic in Computer Science,2022.0,58.0,6.0,0.0,JournalArticle|Book|Conference,Computer Science|Mathematics,True
DOI:10.1145/3531130.3533371,doi,10.1145/3531130.3533371,True,,4bc0733dfc704cdf0b894dd0c2fef32040fdc7e1,The Regular Languages of First-Order Logic with One Alternation,Logic in Computer Science,2022.0,39.0,2.0,0.0,Book|JournalArticle|Conference,Computer Science,True
DOI:10.1145/3531130.3533372,doi,10.1145/3531130.3533372,True,,b41defc0d07d949fdb763803ee3799c5a5394687,Geometric decision procedures and the VC dimension of linear arithmetic theories,Logic in Computer Science,2022.0,54.0,7.0,0.0,JournalArticle|Book|Conference,Computer Science,True
DOI:10.1145/3531130.3533373,doi,10.1145/3531130.3533373,True,,7aee7217e7a139c3f439cfb8f7abe97eb71d0750,Linear-Algebraic Models of Linear Logic as Categories of Modules over Σ-Semirings✱,Logic in Computer Science,2022.0,36.0,4.0,0.0,Book|JournalArticle|Conference,Computer Science,False
DOI:10.1145/3531130.3533374,doi,10.1145/3531130.3533374,True,,b7baf022d2ec73682c6fbc44135e3ade40bca0d5,Graded Monads and Behavioural Equivalence Games,Logic in Computer Science,2022.0,44.0,15.0,2.0,Book|JournalArticle|Conference,Computer Science,True
DOI:10.1145/3531130.3533375,doi,10.1145/3531130.3533375,True,,7a4020060d7faa30fa6cb87585ee1323c4afcb3d,Bouncing Threads for Circular and Non-Wellfounded Proofs: Towards Compositionality with Circular Proofs,Logic in Computer Science,2022.0,43.0,25.0,1.0,Book|JournalArticle|Conference,Computer Science,True
DOI:10.1145/3661814.3662068,doi,10.1145/3661814.3662068,True,,1ed9eadf81bbe6cad67df4537592238a25d6f73d,Local consistency as a reduction between constraint satisfaction problems,Logic in Computer Science,2023.0,68.0,28.0,8.0,Book|JournalArticle|Conference,Computer Science,True
DOI:10.1145/3661814.3662069,doi,10.1145/3661814.3662069,True,,6fa5b18fea385a47b1f17d9d782302d3c96f7034,1-in-3 vs. Not-All-Equal: Dichotomy of a broken promise,Logic in Computer Science,2024.0,51.0,7.0,1.0,Book|JournalArticle|Conference,Computer Science,True
DOI:10.1145/3661814.3662071,doi,10.1145/3661814.3662071,True,,59c4fe0eb04e0eed0cd68e0fe9ef42e2ce848883,The Complexity of Resilience Problems via Valued Constraint Satisfaction Problems,Logic in Computer Science,2023.0,61.0,5.0,0.0,JournalArticle|Book|Conference,Computer Science|Mathematics,True
DOI:10.1145/3661814.3662072,doi,10.1145/3661814.3662072,True,,8346940037bff0dd021038ed631c889bd154a695,Injective hardness condition for PCSPs,Logic in Computer Science,2024.0,30.0,4.0,1.0,JournalArticle|Book|Conference,Computer Science,True
DOI:10.1145/3661814.3662073,doi,10.1145/3661814.3662073,True,,1a007e746a9def19aa4411ee79953448f0702c49,Determinisation and Unambiguisation of Polynomially-Ambiguous Rational Weighted Automata,Logic in Computer Science,2023.0,33.0,5.0,0.0,JournalArticle|Book|Conference,Computer Science,True
DOI:10.1145/3661814.3662074,doi,10.1145/3661814.3662074,False,,,,,,,,,,,
DOI:10.1145/3661814.3662075,doi,10.1145/3661814.3662075,True,,7876f5184a0fb3fa202b5fac11e1b0cfe4a7b705,Concurrent Games over Relational Structures: The Origin of Game Comonads,Logic in Computer Science,2024.0,36.0,2.0,0.0,JournalArticle|Book|Conference,Computer Science|Mathematics,True
DOI:10.1145/3661814.3662077,doi,10.1145/3661814.3662077,True,,409f8b95a76655736340463b3a1139d11d3633c2,Delooping cyclic groups with lens spaces in homotopy type theory,Logic in Computer Science,2024.0,23.0,3.0,0.0,JournalArticle|Book|Conference,Computer Science|Mathematics,True
DOI:10.1145/3661814.3662078,doi,10.1145/3661814.3662078,True,,94b6cc3a078efc0a46f00bab88521a787434cdbd,Diagrammatic Algebra of First Order Logic,Logic in Computer Science,2024.0,88.0,8.0,0.0,JournalArticle|Book|Conference,Computer Science|Mathematics,True
DOI:10.1145/3661814.3662080,doi,10.1145/3661814.3662080,True,,94e98c82eb433202e12fc8b6596a6ef24ef69802,Deterministic Sub-exponential Algorithm for Discounted-sum Games with Unary Weights,Logic in Computer Science,2024.0,35.0,1.0,0.0,Book|JournalArticle|Conference,Computer Science,True
DOI:10.1145/3661814.3662081,doi,10.1145/3661814.3662081,True,,a85e47901a0b67442d1982610dbe18f44cc65e89,Linear Termination is Undecidable,Logic in Computer Science,2024.0,39.0,1.0,0.0,Book|JournalArticle|Conference,Computer Science,False
DOI:10.1145/3661814.3662082,doi,10.1145/3661814.3662082,True,,5b0480e38aee60504dd2f4c6467708e518f27368,"Dot-depth three, return of the J-class",Logic in Computer Science,2024.0,61.0,3.0,0.0,JournalArticle|Book|Conference,Computer Science,True
DOI:10.1145/3661814.3662083,doi,10.1145/3661814.3662083,True,,f849f871155df5825afb1a4fb915ba1cbba5aa05,Rank-decreasing transductions,Logic in Computer Science,2024.0,26.0,1.0,0.0,Book|JournalArticle|Conference,Computer Science,True
DOI:10.1145/3661814.3662084,doi,10.1145/3661814.3662084,True,,d61b43c8d1c5abbc738d593805d1b10e17c0c88b,A Completeness Theorem for Probabilistic Regular Expressions,Logic in Computer Science,2023.0,59.0,3.0,0.0,Book|JournalArticle|Conference,Computer Science,True
DOI:10.1145/3661814.3662085,doi,10.1145/3661814.3662085,True,,4e9234856345ed22a1649e061caa45d17cf6cd5e,Separation and Encodability in Mixed Choice Multiparty Sessions,Logic in Computer Science,2024.0,64.0,11.0,2.0,Book|JournalArticle|Conference,Computer Science,True
DOI:10.1145/3661814.3662088,doi,10.1145/3661814.3662088,True,,0721b7dd881884610052168dd8e823b942d82b89,Minimal Equational Theories for Quantum Circuits,Logic in Computer Science,2023.0,27.0,15.0,1.0,JournalArticle|Book|Conference,Computer Science|Physics,False
DOI:10.1145/3661814.3662089,doi,10.1145/3661814.3662089,True,,1f406c4c6b56e5bf654acdaeec06fa621fff43e5,Model Checking Disjoint-Paths Logic on Topological-Minor-Free Graph Classes,Logic in Computer Science,2023.0,59.0,10.0,0.0,Book|JournalArticle|Conference,Computer Science,False
DOI:10.1145/3661814.3662090,doi,10.1145/3661814.3662090,True,,39fc98235a4379795d14f93a656d20526b1651c9,Discounted-Sum Automata with Real-Valued Discount Factors,Logic in Computer Science,2024.0,38.0,2.0,0.0,Book|JournalArticle|Conference,Computer Science,False
DOI:10.1145/3661814.3662092,doi,10.1145/3661814.3662092,True,,1768c1ad86ee79184fc5cf1521c1aef986922801,An Analysis of Symmetry in Quantitative Semantics,Logic in Computer Science,2024.0,30.0,2.0,0.0,JournalArticle|Book|Conference,Computer Science|Mathematics,True
DOI:10.1145/3661814.3662093,doi,10.1145/3661814.3662093,True,,63bf778069e2db092926dd52afaa6a5994f0c5d7,Are Targeted Messages More Effective?,Logic in Computer Science,2024.0,45.0,3.0,0.0,Book|JournalArticle|Conference,Computer Science,True
DOI:10.1145/3661814.3662094,doi,10.1145/3661814.3662094,True,,b92c2e25710200ce14b13174709899e69f3c8e95,Elementary first-order model checking for sparse graphs,Logic in Computer Science,2024.0,40.0,3.0,0.0,JournalArticle|Book|Conference,Computer Science|Mathematics,True
DOI:10.1145/3661814.3662096,doi,10.1145/3661814.3662096,True,,80a781e8ad3a29c23f3ce55acd7c3e41c8c51027,Bounded-Memory Strategies in Partial-Information Games,Logic in Computer Science,2024.0,42.0,4.0,0.0,JournalArticle|Book|Conference,Computer Science,True
DOI:10.1145/3661814.3662098,doi,10.1145/3661814.3662098,True,,9ad91aa5d462de8df04568e284bb775313998ed3,"Braids, Twists, Trace and Duality in Combinatory Algebras",Logic in Computer Science,2024.0,43.0,3.0,0.0,JournalArticle|Book|Conference,Computer Science,False
DOI:10.1145/3661814.3662099,doi,10.1145/3661814.3662099,True,,579ed33a9aa7fff4fcc1db76bab0cb1f78421125,Bialgebraic Reasoning on Higher-order Program Equivalence,Logic in Computer Science,2024.0,94.0,6.0,0.0,JournalArticle|Book|Conference,Computer Science,True
DOI:10.1145/3661814.3662100,doi,10.1145/3661814.3662100,True,,580643968f748a8a130715319eda17c9a46ca296,Declassification Policy for Program Complexity Analysis,Logic in Computer Science,2024.0,37.0,1.0,1.0,JournalArticle|Book|Conference,Computer Science,True
DOI:10.1145/3661814.3662101,doi,10.1145/3661814.3662101,True,,186e758268db3c10fa17f69446c73d12bd9a9580,Non-Elementary Compression of First-Order Proofs in Deep Inference Using Epsilon-Terms,Logic in Computer Science,2024.0,36.0,0.0,0.0,JournalArticle|Book|Conference,Computer Science,False
DOI:10.1145/3661814.3662102,doi,10.1145/3661814.3662102,True,,4b4a021b8a5c08a84f69d7f91a313c7003ef9282,A Syntax for Strictly Associative and Unital ∞-Categories,Logic in Computer Science,2023.0,23.0,0.0,0.0,JournalArticle|Book|Conference,Mathematics|Computer Science,False
DOI:10.1145/3661814.3662103,doi,10.1145/3661814.3662103,True,,ec8f1886a92ed4998e4f8cdc5f751c00cb12187c,Pushdown Normal-Form Bisimulation: A Nominal Context-Free Approach to Program Equivalence,Logic in Computer Science,2023.0,61.0,1.0,0.0,Book|JournalArticle|Conference,Computer Science,True
DOI:10.1145/3661814.3662105,doi,10.1145/3661814.3662105,True,,1dde20297661cb273af2698ba0736a3f7ab39d5a,Initial Algebras Unchained - A Novel Initial Algebra Construction Formalized in Agda,Logic in Computer Science,2024.0,48.0,1.0,1.0,JournalArticle|Book|Conference,Computer Science,True
DOI:10.1145/3661814.3662107,doi,10.1145/3661814.3662107,True,,a3f5dfde5626d0ac08ef9b48347ecb534c5d47af,A Characterisation Theorem for Two-Way Bisimulation-Invariant Monadic Least Fixpoint Logic Over Finite Structures,Logic in Computer Science,2024.0,39.0,2.0,0.0,Book|JournalArticle|Conference,Computer Science,False
DOI:10.1145/3661814.3662108,doi,10.1145/3661814.3662108,True,,a36e68d86090e24bf25a7832c5a60bb807d7c7c2,Combining fixpoint and differentiation theory,Logic in Computer Science,2024.0,64.0,1.0,0.0,JournalArticle|Book|Conference,Mathematics|Computer Science,True
DOI:10.1145/3661814.3662109,doi,10.1145/3661814.3662109,True,,ab5b966773e7924d73659fbfed5a7193f8fd2e75,Contextual Equivalence for State and Control via Nested Data,Logic in Computer Science,2024.0,25.0,0.0,0.0,JournalArticle|Book|Conference,Computer Science,True
DOI:10.1145/3661814.3662110,doi,10.1145/3661814.3662110,True,,88bc3d5e3b577e5f3269e0860aee47febfe24cc8,An expressively complete local past propositional dynamic logic over Mazurkiewicz traces and its applications,Logic in Computer Science,2024.0,21.0,3.0,0.0,Book|JournalArticle|Conference,Computer Science,True
DOI:10.1145/3661814.3662111,doi,10.1145/3661814.3662111,True,,666f2d20160cb4fcd05e2f1bd66c6bbab3ce7a03,Decidability of Quasi-Dense Modal Logics,Logic in Computer Science,2024.0,16.0,8.0,0.0,Book|JournalArticle|Conference,Computer Science|Mathematics,True
DOI:10.1145/3661814.3662112,doi,10.1145/3661814.3662112,True,,277ee5be9916d8b68b2b325c07d846fc0811374a,On the Completeness of Interpolation Algorithms,Logic in Computer Science,2024.0,30.0,3.0,0.0,Book|JournalArticle|Conference,Computer Science|Mathematics,True
DOI:10.1145/3661814.3662113,doi,10.1145/3661814.3662113,True,,313e7f4cbbccf8356bdff66ad0e66a5cd54b8e15,Genericity Through Stratification,Logic in Computer Science,2024.0,76.0,5.0,0.0,JournalArticle|Book|Conference,Computer Science,True
DOI:10.1145/3661814.3662114,doi,10.1145/3661814.3662114,True,,1c1860f842e3182c64ce40fe220bcdca54569efb,Uniformisation of Regular Relations in First-Order Logic with Two Variables,Logic in Computer Science,2024.0,20.0,0.0,0.0,JournalArticle|Book|Conference,Computer Science,False
DOI:10.1145/3661814.3662115,doi,10.1145/3661814.3662115,True,,4f2830803626811f18689126904e427b41f2cf5d,On symmetries of spheres in univalent foundations,Logic in Computer Science,2024.0,37.0,4.0,1.0,JournalArticle|Book|Conference,Computer Science|Mathematics,True
DOI:10.1145/3661814.3662116,doi,10.1145/3661814.3662116,True,,7083138067589d25bca84ec80a35e94d3d6e54d6,On the Separability Problem of VASS Reachability Languages,Logic in Computer Science,2024.0,35.0,6.0,1.0,Book|JournalArticle|Conference,Computer Science,True
DOI:10.1145/3661814.3662117,doi,10.1145/3661814.3662117,True,,2d5985d7e397dab1b3fe7d03385a456161f69893,First order distinguishability of sparse random graphs,Logic in Computer Science,2024.0,20.0,0.0,0.0,JournalArticle|Book|Conference,Computer Science|Mathematics,True
DOI:10.1145/3661814.3662118,doi,10.1145/3661814.3662118,True,,047c23091c3e3f0c9c7deaf3125c2c6ce4e2ae43,Quantum advantage and CSP complexity,Logic in Computer Science,2024.0,72.0,3.0,1.0,JournalArticle|Book|Conference,Physics|Computer Science|Mathematics,True
DOI:10.1145/3661814.3662119,doi,10.1145/3661814.3662119,False,,,,,,,,,,,
DOI:10.1145/3661814.3662120,doi,10.1145/3661814.3662120,True,,ffe599c4478e111ee89b1cc832eec41e60adc1b8,Defining algorithmically presented structures in first order logic,Logic in Computer Science,2024.0,78.0,1.0,0.0,Book|JournalArticle|Conference,Computer Science,False
DOI:10.1145/3661814.3662121,doi,10.1145/3661814.3662121,True,,47cfa08e5d5a9c6c5ed29e8409ffbe67a791ffba,Complete Game Logic with Sabotage,Logic in Computer Science,2024.0,46.0,4.0,0.0,JournalArticle|Book|Conference,Computer Science|Mathematics,True
DOI:10.1145/3661814.3662122,doi,10.1145/3661814.3662122,True,,94c0c7d27c5ef2d1f55c1b19b34abb396f2275da,Bounding the Weisfeiler-Leman Dimension via a Depth Analysis of I/R-Trees,Logic in Computer Science,2024.0,36.0,2.0,0.0,JournalArticle|Book|Conference,Computer Science|Mathematics,True
DOI:10.1145/3661814.3662123,doi,10.1145/3661814.3662123,True,,7682c77024c77ec36bbb1378f13b8395e667ed01,A Profunctorial Semantics for Quantum Supermaps,Logic in Computer Science,2024.0,77.0,7.0,0.0,JournalArticle|Book|Conference,Computer Science|Physics|Mathematics,True
DOI:10.1145/3661814.3662124,doi,10.1145/3661814.3662124,True,,abb12bfb476be01eee64009601087418c3bd850c,Decidability and Complexity of Decision Problems for Affine Continuous VASS,Logic in Computer Science,2024.0,23.0,2.0,0.0,Book|JournalArticle|Conference,Computer Science,False
DOI:10.1145/3661814.3662125,doi,10.1145/3661814.3662125,True,,3179a8723c948fd585645504b22d718ddd2e988b,From Quantifier Depth to Quantifier Number: Separating Structures with k Variables,Logic in Computer Science,2023.0,43.0,2.0,0.0,JournalArticle|Book|Conference,Computer Science,False
DOI:10.1145/3661814.3662126,doi,10.1145/3661814.3662126,True,,1a5338ec57c0364db5536befc8ddc6c4f9cb87cf,A Cartesian Closed Category for Random Variables,Logic in Computer Science,2024.0,56.0,2.0,0.0,JournalArticle|Book|Conference,Computer Science,True
DOI:10.1145/3661814.3662127,doi,10.1145/3661814.3662127,True,,7d86dcbc10a97676d530ef8d9207ac7b11868d80,First order complexity of finite random structures,Logic in Computer Science,2024.0,51.0,1.0,0.0,JournalArticle|Book|Conference,Computer Science|Mathematics,True
DOI:10.1145/3661814.3662128,doi,10.1145/3661814.3662128,True,,d69f73a38588c653688faa3027f6a7817ac97b78,Relevant S is Undecidable,Logic in Computer Science,2024.0,14.0,2.0,0.0,Book|JournalArticle|Conference,Computer Science,False
DOI:10.1145/3661814.3662130,doi,10.1145/3661814.3662130,True,,3892040435a9cf640bd732e1fe6e83e46dfe8ddc,"Effectful semantics in bicategories: strong, commutative, and concurrent pseudomonads",Logic in Computer Science,2023.0,90.0,6.0,1.0,JournalArticle|Book|Conference,Computer Science|Mathematics,True
DOI:10.1145/3661814.3662131,doi,10.1145/3661814.3662131,True,,5b13f1ab4b71436263deeac8fd6dbde50a426cb2,Element-free probability distributions and random partitions,Logic in Computer Science,2024.0,35.0,1.0,0.0,JournalArticle|Book|Conference,Computer Science|Mathematics,True
DOI:10.1145/3661814.3662132,doi,10.1145/3661814.3662132,True,,ccbc71fc8919aafc02546b64ccab74b900de04d4,Equivalence and Conditional Independence in Atomic Sheaf Logic,Logic in Computer Science,2024.0,28.0,8.0,0.0,Book|JournalArticle|Conference,Computer Science|Mathematics,False
DOI:10.1145/3661814.3662133,doi,10.1145/3661814.3662133,True,,b1155db96d6331642f003cfd8a89104a3d13bc3d,Verifying Unboundedness via Amalgamation,Logic in Computer Science,2024.0,78.0,2.0,0.0,JournalArticle|Book|Conference,Computer Science,True
DOI:10.1145/3661814.3662134,doi,10.1145/3661814.3662134,True,,00e728dfa4bc951e18115ba98da3aa92cde54c03,Slice closures of indexed languages and word equations with counting constraints,Logic in Computer Science,2024.0,78.0,1.0,0.0,JournalArticle|Book|Conference,Computer Science|Mathematics,True
DOI:10.1145/3661814.3662135,doi,10.1145/3661814.3662135,True,,bf16faeea3b24dab3fe16b57cf46b2c71f8a961b,A Nominal Approach to Probabilistic Separation Logic,Logic in Computer Science,2024.0,47.0,12.0,0.0,JournalArticle|Book|Conference,Computer Science,False
DOI:10.1145/3661814.3662136,doi,10.1145/3661814.3662136,True,,c31bfef75717a0e42d89e89ae742d1568ff89a58,Primitive Recursive Dependent Type Theory,Logic in Computer Science,2024.0,38.0,1.0,0.0,JournalArticle|Book|Conference,Mathematics|Computer Science,True
DOI:10.1145/3661814.3662137,doi,10.1145/3661814.3662137,True,,6256425d555203c63fc3464c2b72e3f860be9ade,No Go Theorems: Directed Containers That Do Not Distribute Over Distribution Monads,Logic in Computer Science,2024.0,42.0,2.0,0.0,Book|JournalArticle|Conference,Computer Science,False
DOI:10.1145/3661814.3662138,doi,10.1145/3661814.3662138,True,,4d16da03e85388786f9a11491dc8c6b39c2d200c,A proof theory of right-linear (ω-)grammars via cyclic proofs,Logic in Computer Science,2024.0,52.0,5.0,0.0,Book|JournalArticle|Conference,Computer Science|Mathematics,False
DOI:10.1145/3661814.3662139,doi,10.1145/3661814.3662139,True,,9cd8baa5aa0e2b5b097ec8a799b8dd83a8e635f7,Composing Codensity Bisimulations,Logic in Computer Science,2024.0,41.0,4.0,1.0,JournalArticle|Book|Conference,Computer Science|Mathematics,True
DOI:10.1145/3728640,doi,10.1145/3728640,False,,,,,,,,,,,
DOI:10.1145/3734516,doi,10.1145/3734516,True,,431227aeeb9276720cfc6cd539c006b852b95332,Quantum Weakest Preconditions for Reasoning about Expected Runtimes of Quantum Programs,Journal of the ACM,2025.0,19.0,1.0,0.0,JournalArticle,Computer Science,False
DOI:10.1145/3779416,doi,10.1145/3779416,True,,afd527af2bd3d45df342da272b12ffc6b2cc0684,An Abstract Fixed-Point Theorem for Horn Formula Equations,SOQE@KR,2025.0,65.0,1.0,0.0,JournalArticle,Computer Science|Mathematics,False
DOI:10.1145/3793666,doi,10.1145/3793666,True,,f5f6e8f986d7fa1679f0fb602a45bbbc276cf160,Cyclic Implicit Complexity,ACM Transactions on Computational Logic,2021.0,38.0,9.0,0.0,JournalArticle,Computer Science|Mathematics,False
DOI:10.1609/aaai.v33i01.33012654,doi,10.1609/aaai.v33i01.33012654,True,,276eb74f6ce1a15d6262eb0524e3a11104b0050e,Relaxing and Restraining Queries for OBDA,AAAI Conference on Artificial Intelligence,2018.0,38.0,2.0,0.0,JournalArticle|Conference,Computer Science|Mathematics,True
DOI:10.1609/aaai.v34i03.5672,doi,10.1609/aaai.v34i03.5672,True,,cb59f63d503bdf3d68dd71e34ffbca45a1a5c103,Structural Decompositions of Epistemic Logic Programs,ICLP Workshops,2020.0,40.0,15.0,0.0,JournalArticle,Computer Science|Mathematics,True
DOI:10.1609/aaai.v37i5.25778,doi,10.1609/aaai.v37i5.25778,True,,c27c2a50eb30d1b292b4ef1827532bd7c0d76106,Evaluating Epistemic Logic Programs via Answer Set Programming with Quantifiers,HYDRA/RCRA@LPNMR,2023.0,33.0,4.0,0.0,JournalArticle,Computer Science,True
DOI:10.1609/aaai.v39i14.33628,doi,10.1609/aaai.v39i14.33628,True,,b558588148055e20c3112cabeff5144545340089,Situation Calculus Temporally Lifted Abstractions for Generalized Planning,AAAI Conference on Artificial Intelligence,2025.0,26.0,2.0,0.0,JournalArticle|Conference,Computer Science,True
DOI:10.1609/aaai.v40i48.42143,doi,10.1609/aaai.v40i48.42143,True,,ca520927e9bf5f41fa3140b1aa3e7b9b4827d290,"Flexible, Lifelong, Explainable, and Robust Solutions for Multi-Agent Path Finding Problems",ICLP Workshops,2026.0,33.0,0.0,0.0,JournalArticle,Computer Science,False
DOI:10.1609/aaai.v40i48.42148,doi,10.1609/aaai.v40i48.42148,True,,2fb433b78dfb13a45148bd050d3d3b2831c63fdc,Knowledge-Based Stable Roommates Problems,AAAI Conference on Artificial Intelligence,2026.0,0.0,0.0,0.0,JournalArticle|Conference,Computer Science,False
DOI:10.1613/jair.1.13530,doi,10.1613/jair.1.13530,False,,,,,,,,,,,
DOI:10.1613/jair.1.17422,doi,10.1613/jair.1.17422,False,,,,,,,,,,,
DOI:10.1613/jair.1.18404,doi,10.1613/jair.1.18404,False,,,,,,,,,,,
DOI:10.1613/jair.5637,doi,10.1613/jair.5637,True,,f502d5d51c8e6ff013cc960ca53d57eda71a71a3,Bisimulations on Data Graphs,International Conference on Principles of Knowledge Representation and Reasoning,2016.0,59.0,14.0,0.0,JournalArticle|Conference,Computer Science,True
DOI:10.1615/plasmamed.2013006341,doi,10.1615/plasmamed.2013006341,True,,ee81e5d63c731c4bf2b8ed4ef46bc40ab84cfc2d,On mechanism of inactivation of bio-particles by the plasma exposure and evaluation of the toxicity using single DNA molecules,,2013.0,2.0,0.0,0.0,,Biology,False
DOI:10.2139/ssrn.5385646,doi,10.2139/ssrn.5385646,False,,,,,,,,,,,
DOI:10.23638/lmcs-13(4:26)2017,doi,10.23638/lmcs-13(4:26)2017,False,,,,,,,,,,,
DOI:10.23638/lmcs-15(3:16)2019,doi,10.23638/lmcs-15(3:16)2019,False,,,,,,,,,,,
DOI:10.23638/lmcs-15(4:17)2019,doi,10.23638/lmcs-15(4:17)2019,False,,,,,,,,,,,
DOI:10.23638/lmcs-16(3:1)2020,doi,10.23638/lmcs-16(3:1)2020,False,,,,,,,,,,,
DOI:10.23638/lmcs-17(2:8)2021,doi,10.23638/lmcs-17(2:8)2021,False,,,,,,,,,,,
DOI:10.23919/fmcad.2018.8602996,doi,10.23919/fmcad.2018.8602996,False,,,,,,,,,,,
DOI:10.24963/kr.2020/10,doi,10.24963/kr.2020/10,True,,1ee44cdfd59a5e34618d1cd3d36e9b5f3c070730,A Three-valued Approach to Strategic Abilities under Imperfect Information,International Conference on Principles of Knowledge Representation and Reasoning,2020.0,37.0,15.0,0.0,JournalArticle|Conference,Computer Science,True
DOI:10.24963/kr.2020/11,doi,10.24963/kr.2020/11,True,,03ee56f102dd0596a7ff8a56ec24e3b19ca1dd4b,Ordinal Polymatrix Games with Incomplete Information,International Conference on Principles of Knowledge Representation and Reasoning,2020.0,32.0,1.0,1.0,JournalArticle|Conference,Computer Science,True
DOI:10.24963/kr.2020/13,doi,10.24963/kr.2020/13,True,,9a0e6dae9141d60ad32f41f5759e66a42011f3c9,An Optimization Approach to Robust Goal Obfuscation,International Conference on Principles of Knowledge Representation and Reasoning,2020.0,27.0,8.0,0.0,JournalArticle|Conference,Computer Science,True
DOI:10.24963/kr.2020/14,doi,10.24963/kr.2020/14,True,,a3dce976cb4bc2b9ab58186599c643e84d486616,Explanatory Diagnosis of Discrete-Event Systems with Temporal Information and Smart Knowledge-Compilation,International Conference on Principles of Knowledge Representation and Reasoning,2020.0,30.0,4.0,0.0,JournalArticle|Conference,Computer Science,True
DOI:10.24963/kr.2020/15,doi,10.24963/kr.2020/15,True,,8b3002d48ceaeee25140a4f98dcb84046a991fed,Querying and Repairing Inconsistent Prioritized Knowledge Bases: Complexity Analysis and Links with Abstract Argumentation,International Conference on Principles of Knowledge Representation and Reasoning,2020.0,52.0,47.0,4.0,JournalArticle|Conference,Computer Science,True
DOI:10.24963/kr.2020/16,doi,10.24963/kr.2020/16,True,,0c6427c4f0985384a9886cd2f6531bbafd6f73a6,High-level Programming via Generalized Planning and LTL Synthesis,International Conference on Principles of Knowledge Representation and Reasoning,2020.0,40.0,12.0,1.0,JournalArticle|Conference,Computer Science,True
DOI:10.24963/kr.2020/18,doi,10.24963/kr.2020/18,True,,16c90f79c2c7b183e1471a0cee81c52db30b67e2,Simultaneous Representation of Knowledge and Belief for Epistemic Planning with Belief Revision,International Conference on Principles of Knowledge Representation and Reasoning,2020.0,19.0,6.0,0.0,JournalArticle|Conference,Computer Science,True
DOI:10.24963/kr.2020/19,doi,10.24963/kr.2020/19,True,,e6f62e35c7081162e17ce98797817a8f7825493a,Spatial Reasoning about String Loops and Holes in Temporal ASP,International Conference on Principles of Knowledge Representation and Reasoning,2020.0,29.0,1.0,0.0,JournalArticle|Conference,Computer Science,True
DOI:10.24963/kr.2020/2,doi,10.24963/kr.2020/2,True,,31d6fa478e868a1484e3636a9eab286d1b46cc92,Reasoning with Contextual Knowledge and Influence Diagrams,International Conference on Principles of Knowledge Representation and Reasoning,2020.0,30.0,1.0,0.0,JournalArticle|Conference,Computer Science,True
DOI:10.24963/kr.2020/20,doi,10.24963/kr.2020/20,True,,d3ea2dfa7053d6d27992fac8e25d7de77429a9bf,A Uniform Treatment of Aggregates and Constraints in Hybrid ASP,International Conference on Principles of Knowledge Representation and Reasoning,2020.0,19.0,11.0,1.0,JournalArticle|Conference,Computer Science,True
DOI:10.24963/kr.2020/22,doi,10.24963/kr.2020/22,True,,b159b8401beb67a97b05cacb026f081af065f48b,Rational Defeasible Belief Change,International Conference on Principles of Knowledge Representation and Reasoning,2020.0,30.0,2.0,0.0,JournalArticle|Conference,Computer Science,True
DOI:10.24963/kr.2020/23,doi,10.24963/kr.2020/23,True,,0f74cf7de1ed416d90b99f67f61a8e51e0fbeea5,Explanations for Negative Query Answers under Existential Rules,DP@AI*IA,2020.0,47.0,36.0,1.0,JournalArticle,Computer Science,True
DOI:10.24963/kr.2020/24,doi,10.24963/kr.2020/24,True,,56348f1deb18bb0907bae215ee30fa2b60b8d327,Revision by Conditionals: From Hook to Arrow,International Conference on Principles of Knowledge Representation and Reasoning,2020.0,49.0,8.0,1.0,JournalArticle|Conference,Computer Science,True
DOI:10.24963/kr.2020/25,doi,10.24963/kr.2020/25,True,,ddc2fbdb1081ad97a82bbadff0ba6044309fcdf5,Non-Monotonic Ontology-based Abstractions of Data Services,International Conference on Principles of Knowledge Representation and Reasoning,2020.0,24.0,8.0,0.0,JournalArticle|Conference,Computer Science,True
DOI:10.24963/kr.2020/26,doi,10.24963/kr.2020/26,True,,dadc675032268392eb97c453213eb14b813ad4f4,Dyadic Obligations over Complex Actions as Deontic Constraints in the Situation Calculus,International Conference on Principles of Knowledge Representation and Reasoning,2020.0,40.0,4.0,0.0,JournalArticle|Conference,Computer Science,True
DOI:10.24963/kr.2020/27,doi,10.24963/kr.2020/27,True,,95393b51719008a83e139fb703831f33675dc7fe,Reasoning about Measures of Unmeasurable Sets,International Conference on Principles of Knowledge Representation and Reasoning,2020.0,29.0,0.0,0.0,JournalArticle|Conference,Computer Science,True
DOI:10.24963/kr.2020/28,doi,10.24963/kr.2020/28,True,,2934476020d44cb51caf740f9e30b3b7c5436a65,Lightweight Parallel Multi-Agent Epistemic Planning,International Conference on Principles of Knowledge Representation and Reasoning,2020.0,24.0,4.0,0.0,JournalArticle|Conference,Computer Science,True
DOI:10.24963/kr.2020/29,doi,10.24963/kr.2020/29,True,,1ebd339564044c8c46bc810795460bf08a5e7690,Fine-Grained Complexity of Temporal Problems,International Conference on Principles of Knowledge Representation and Reasoning,2020.0,33.0,6.0,1.0,JournalArticle|Conference,Computer Science,True
DOI:10.24963/kr.2020/3,doi,10.24963/kr.2020/3,True,,32608d43a8d156fa65ff807bf461d01fe31743c9,Verifying Strategic Abilities of Neural-symbolic Multi-agent Systems,International Conference on Principles of Knowledge Representation and Reasoning,2020.0,44.0,21.0,2.0,JournalArticle|Conference,Computer Science,True
DOI:10.24963/kr.2020/30,doi,10.24963/kr.2020/30,True,,626eb40c4d5806bf712482ea22740d8fcc25cfe1,Nondeterministic Strategies and their Refinement in Strategy Logic,International Conference on Principles of Knowledge Representation and Reasoning,2020.0,33.0,2.0,0.0,JournalArticle|Conference,Computer Science,True
DOI:10.24963/kr.2020/31,doi,10.24963/kr.2020/31,True,,ac43b7bf381d3cfe683830b84989a66e5ce19f2b,Two-Stage Technique for LTLf Synthesis Under LTL Assumptions,International Conference on Principles of Knowledge Representation and Reasoning,2020.0,58.0,15.0,0.0,JournalArticle|Conference,Computer Science,True
DOI:10.24963/kr.2020/32,doi,10.24963/kr.2020/32,True,,9ea015f62d9703701f76b5a096dc0c6aaa924044,Strategy Synthesis for Data-Aware Dynamic Systems with Multiple Actors,International Conference on Principles of Knowledge Representation and Reasoning,2020.0,26.0,18.0,0.0,JournalArticle|Conference,Computer Science,True
DOI:10.24963/kr.2020/33,doi,10.24963/kr.2020/33,True,,6f1bc5a234bd6bd125394738575a2e0835c1a954,A Preference-Based Approach to Defeasible Deontic Inference,International Conference on Principles of Knowledge Representation and Reasoning,2020.0,37.0,3.0,0.0,JournalArticle|Conference,Computer Science,True
DOI:10.24963/kr.2020/34,doi,10.24963/kr.2020/34,True,,721a0e7ef51f544659f283d095b0ed5d483ed216,Jokes and Belief Revision,International Conference on Principles of Knowledge Representation and Reasoning,2020.0,30.0,3.0,0.0,JournalArticle|Conference,Computer Science,True
DOI:10.24963/kr.2020/35,doi,10.24963/kr.2020/35,True,,b49e37c3c228aef1f38b8af4beeadc01493e8e9d,"Argumentation Semantics under a Claim-centric View: Properties, Expressiveness and Relation to SETAFs",International Conference on Principles of Knowledge Representation and Reasoning,2020.0,16.0,17.0,0.0,JournalArticle|Conference,Computer Science,True
DOI:10.24963/kr.2020/36,doi,10.24963/kr.2020/36,True,,3a2b9df6883af4a34caed73f831925a3320175ad,Token-based Execution Semantics for Multi-Agent Epistemic Planning,International Conference on Principles of Knowledge Representation and Reasoning,2020.0,18.0,0.0,0.0,JournalArticle|Conference,Computer Science,True
DOI:10.24963/kr.2020/37,doi,10.24963/kr.2020/37,True,,9a01b1a37f92fe28a1325e59a2994256ccfe27de,On Sufficient and Necessary Conditions in Bounded CTL,International Conference on Principles of Knowledge Representation and Reasoning,2020.0,46.0,6.0,0.0,JournalArticle|Conference,Computer Science,True
DOI:10.24963/kr.2020/38,doi,10.24963/kr.2020/38,True,,0600153a398f713513b683ff6298490428ebfe48,Containment of Simple Conjunctive Regular Path Queries,International Conference on Principles of Knowledge Representation and Reasoning,2020.0,29.0,26.0,4.0,JournalArticle|Conference|Review,Computer Science,True
DOI:10.24963/kr.2020/39,doi,10.24963/kr.2020/39,True,,e5885c4f2f2d1e3c32381157f1d8d2644fadf7f6,Finite Controllability for Ontology-Mediated Query Answering of CRPQ,International Conference on Principles of Knowledge Representation and Reasoning,2020.0,38.0,5.0,0.0,JournalArticle|Conference,Computer Science,True
DOI:10.24963/kr.2020/40,doi,10.24963/kr.2020/40,True,,a8db73bc34be2ceafe3630c5ad58d9c1141828b3,Fixed-Parameter Tractability of Dependency QBF with Structural Parameters,International Conference on Principles of Knowledge Representation and Reasoning,2020.0,55.0,7.0,1.0,JournalArticle|Conference,Computer Science,True
DOI:10.24963/kr.2020/41,doi,10.24963/kr.2020/41,True,,082743ebee8d155e0394110d9b188048252372a1,A data complexity and rewritability tetrachotomy of ontology-mediated queries with a covering axiom,International Conference on Principles of Knowledge Representation and Reasoning,2020.0,48.0,6.0,1.0,JournalArticle|Conference,Computer Science,True
DOI:10.24963/kr.2020/43,doi,10.24963/kr.2020/43,True,,ded71b7c9b95d5538f12b99c9fda46c4c6428f80,On Finite Entailment of Non-Local Queries in Description Logics,International Conference on Principles of Knowledge Representation and Reasoning,2020.0,31.0,5.0,0.0,JournalArticle|Conference,Computer Science,True
DOI:10.24963/kr.2020/44,doi,10.24963/kr.2020/44,True,,b484f4c36e11869727c96eaf70ea1c31a1bba455,Datalog Rewritability and Data Complexity of ALCHOIF with Closed Predicates,International Conference on Principles of Knowledge Representation and Reasoning,2020.0,27.0,7.0,0.0,JournalArticle|Conference,Computer Science,True
DOI:10.24963/kr.2020/45,doi,10.24963/kr.2020/45,True,,8d50a56f99548e9a681922a7a4aa94e51035effb,Multi-head Guarded Existential Rules Over Fixed Signatures,International Conference on Principles of Knowledge Representation and Reasoning,2020.0,12.0,3.0,0.0,JournalArticle|Conference,Computer Science,True
DOI:10.24963/kr.2020/46,doi,10.24963/kr.2020/46,True,,f09cbfcef66d775d6089dfb00847eabea7cee1df,Logics of Preference when There Is No Best,International Conference on Principles of Knowledge Representation and Reasoning,2020.0,35.0,1.0,0.0,JournalArticle|Conference,Computer Science,True
DOI:10.24963/kr.2020/47,doi,10.24963/kr.2020/47,True,,f215306656d2f91d0738957e5f539961889212e6,Syntax Splitting for Iterated Contractions,International Conference on Principles of Knowledge Representation and Reasoning,2020.0,20.0,5.0,0.0,JournalArticle|Conference,Computer Science,True
DOI:10.24963/kr.2020/5,doi,10.24963/kr.2020/5,True,,bbd75079fd2162b09c30b8e2f1c3a08187e4b9ea,Answer Set Programming with Composed Predicate Names,International Conference on Principles of Knowledge Representation and Reasoning,2020.0,24.0,0.0,0.0,JournalArticle|Conference,Computer Science,True
DOI:10.24963/kr.2020/50,doi,10.24963/kr.2020/50,True,,4974c7b49a9fa145bb82947bf164b9e33d73c8aa,Reasoning with Inconsistent Knowledge using the Epistemic Approach to Probabilistic Argumentation,International Conference on Principles of Knowledge Representation and Reasoning,2020.0,40.0,2.0,1.0,JournalArticle|Conference,Computer Science,True
DOI:10.24963/kr.2020/51,doi,10.24963/kr.2020/51,True,,bdcc2d34544e45255b504e3bfcc6c682b0d37ba1,Plausible Reasoning about EL-Ontologies using Concept Interpolation,International Conference on Principles of Knowledge Representation and Reasoning,2020.0,75.0,7.0,0.0,JournalArticle|Conference,Computer Science,True
DOI:10.24963/kr.2020/52,doi,10.24963/kr.2020/52,True,,67be6034bd7bd6ab2d70586d8a8e68aff0ed0950,Logical Separability of Incomplete Data under Ontologies,International Conference on Principles of Knowledge Representation and Reasoning,2020.0,83.0,23.0,1.0,JournalArticle|Conference,Computer Science,True
DOI:10.24963/kr.2020/53,doi,10.24963/kr.2020/53,True,,76101f2cbb00ae9f70aa7cac8798f3c027130937,On the Decidability of Expressive Description Logics with Transitive Closure and Regular Role Expressions,International Conference on Principles of Knowledge Representation and Reasoning,2020.0,43.0,5.0,0.0,JournalArticle|Conference,Computer Science,True
DOI:10.24963/kr.2020/54,doi,10.24963/kr.2020/54,True,,85ed271890bc88dcd8f95595d73c6bd76cb7960f,SAT-Based ATL Satisfiability Checking,International Conference on Principles of Knowledge Representation and Reasoning,2020.0,49.0,7.0,2.0,JournalArticle|Conference,Computer Science,True
DOI:10.24963/kr.2020/55,doi,10.24963/kr.2020/55,True,,f94f2d7f00dcbe68a4e1da50d3b2306df32db890,Reasoning About Plan Robustness Versus Plan Cost for Partially Informed Agents,International Conference on Principles of Knowledge Representation and Reasoning,2020.0,18.0,2.0,0.0,JournalArticle|Conference,Computer Science,True
DOI:10.24963/kr.2020/56,doi,10.24963/kr.2020/56,True,,d5cb50b62d8282719bd1d5bd731ebf5af88a7aa9,Syntax Splitting = Relevance + Independence: New Postulates for Nonmonotonic Reasoning From Conditional Belief Bases,International Conference on Principles of Knowledge Representation and Reasoning,2020.0,29.0,41.0,4.0,JournalArticle|Conference,Computer Science,True
DOI:10.24963/kr.2020/57,doi,10.24963/kr.2020/57,True,,7f6ce60cb07ae0bb2fb87dc4a6c7546c111e6f6f,Changing Beliefs about Domain Dynamics in the Situation Calculus,International Conference on Principles of Knowledge Representation and Reasoning,2020.0,33.0,1.0,0.0,JournalArticle|Conference,Computer Science,True
DOI:10.24963/kr.2020/58,doi,10.24963/kr.2020/58,True,,4bdca569c5588a01fffad7fca0093c4b97cb3bc0,Boolean Role Inclusions in DL-Lite With and Without Time,International Conference on Principles of Knowledge Representation and Reasoning,2020.0,37.0,4.0,0.0,JournalArticle|Conference,Computer Science,True
DOI:10.24963/kr.2020/59,doi,10.24963/kr.2020/59,True,,453d7b54e52e8a4491b98f5d5af3d7703cecb94b,Signature-Based Abduction for Expressive Description Logics - Technical Report,International Conference on Principles of Knowledge Representation and Reasoning,2020.0,43.0,44.0,0.0,JournalArticle|Conference,Computer Science,True
DOI:10.24963/kr.2020/6,doi,10.24963/kr.2020/6,True,,a7839e42367ffde91688e4751461a9da8e165f24,Symbolic Solutions for Symbolic Constraint Satisfaction Problems,International Conference on Principles of Knowledge Representation and Reasoning,2020.0,26.0,1.0,1.0,JournalArticle|Conference,Computer Science,True
DOI:10.24963/kr.2020/60,doi,10.24963/kr.2020/60,True,,562fee49cc8aa78677d1675c30f32107d42e6f35,Computing Cores for Existential Rules with the Standard Chase and ASP,International Conference on Principles of Knowledge Representation and Reasoning,2020.0,42.0,8.0,1.0,JournalArticle|Conference,Computer Science,True
DOI:10.24963/kr.2020/61,doi,10.24963/kr.2020/61,True,,f4c65c0e86284a7297f6777aca4432fcf4b6ee92,An ExpTime Upper Bound for ALC with Integers (Extended Version),International Conference on Principles of Knowledge Representation and Reasoning,2020.0,40.0,11.0,2.0,JournalArticle|Conference,Computer Science|Mathematics,True
DOI:10.24963/kr.2020/62,doi,10.24963/kr.2020/62,True,,8aceb93333bbf5fa9ec137073c93215472db6e3a,A First-Order Logic of Limited Belief Based on Possible Worlds,International Conference on Principles of Knowledge Representation and Reasoning,2020.0,31.0,6.0,1.0,JournalArticle|Conference,Computer Science,True
DOI:10.24963/kr.2020/63,doi,10.24963/kr.2020/63,True,,486cc20bcabe832e6671d8acfa2a5e9a57b2722a,An Answer Set Programming Approach to Argumentative Reasoning in the ASPIC+ Framework,International Conference on Principles of Knowledge Representation and Reasoning,2020.0,39.0,12.0,1.0,JournalArticle|Conference,Computer Science,True
DOI:10.24963/kr.2020/64,doi,10.24963/kr.2020/64,True,,1bdce4a49eaef762b54c11d85267121835de1596,"Argument, I Choose You! Preferences and Ranking Semantics in Abstract Argumentation",International Conference on Principles of Knowledge Representation and Reasoning,2020.0,22.0,6.0,0.0,JournalArticle|Conference,Computer Science,True
DOI:10.24963/kr.2020/65,doi,10.24963/kr.2020/65,True,,265ab3ff0f89f1823db28336e1df3938c153caec,On the Reversibility of Actions in Planning,International Conference on Principles of Knowledge Representation and Reasoning,2020.0,20.0,12.0,1.0,JournalArticle|Conference,Computer Science,True
DOI:10.24963/kr.2020/66,doi,10.24963/kr.2020/66,True,,5c40d2d7352caa484372e2162da6d193f468def3,Explainable Planning Using Answer Set Programming,International Conference on Principles of Knowledge Representation and Reasoning,2020.0,19.0,14.0,0.0,JournalArticle|Conference,Computer Science,True
DOI:10.24963/kr.2020/67,doi,10.24963/kr.2020/67,True,,b3ff0fb2dd994c223198c0b720856d4774aa04de,Smallest Explanations and Diagnoses of Rejection in Abstract Argumentation,International Conference on Principles of Knowledge Representation and Reasoning,2020.0,23.0,15.0,1.0,JournalArticle|Conference,Computer Science,True
DOI:10.24963/kr.2020/68,doi,10.24963/kr.2020/68,True,,da8f4a7c55f6cd13c99b6313bd1a3a0754a46070,Towards a Logic of Meta-Analysis,International Conference on Principles of Knowledge Representation and Reasoning,2020.0,12.0,4.0,0.0,JournalArticle|Conference,Computer Science,True
DOI:10.24963/kr.2020/69,doi,10.24963/kr.2020/69,True,,364209fe14c53edc647b3b3c354cd6e691ddec18,Bipolar Abstract Argumentation with Dual Attacks and Supports,International Conference on Principles of Knowledge Representation and Reasoning,2020.0,26.0,7.0,0.0,JournalArticle|Conference,Computer Science,True
DOI:10.24963/kr.2020/7,doi,10.24963/kr.2020/7,True,,e26dfd41366f45b25ffa8015ee09f99f188b3fc4,Stable and Supported Semantics in Continuous Vector Spaces,International Conference on Principles of Knowledge Representation and Reasoning,2020.0,31.0,10.0,4.0,JournalArticle|Conference,Computer Science,True
DOI:10.24963/kr.2020/70,doi,10.24963/kr.2020/70,True,,b29c6eff1776764f139b997cd42d3a7ab5113042,Choosing What to Believe - New Results in Selective Revision,International Conference on Principles of Knowledge Representation and Reasoning,2020.0,12.0,2.0,1.0,JournalArticle|Conference,Computer Science,True
DOI:10.24963/kr.2020/71,doi,10.24963/kr.2020/71,True,,1c7f16779b6734bdfd57bd86753bd34cfd368bdc,Designing Participatory Budgeting Mechanisms Grounded in Judgment Aggregation,International Conference on Principles of Knowledge Representation and Reasoning,2020.0,49.0,25.0,2.0,JournalArticle|Conference,Computer Science,True
DOI:10.24963/kr.2020/72,doi,10.24963/kr.2020/72,True,,dca8a10c59b25595655843ece155cae34803441e,Modelling the Polysemy of Spatial Prepositions in Referring Expressions,International Conference on Principles of Knowledge Representation and Reasoning,2020.0,31.0,7.0,0.0,JournalArticle|Conference|Review,Computer Science,True
DOI:10.24963/kr.2020/73,doi,10.24963/kr.2020/73,True,,4117acbf986e845079b087597206c238a43fd1b9,Independence and D-separation in Abstract Argumentation,International Conference on Principles of Knowledge Representation and Reasoning,2020.0,23.0,4.0,0.0,JournalArticle|Conference,Computer Science,True
DOI:10.24963/kr.2020/74,doi,10.24963/kr.2020/74,True,,96550dabf981cc7543b5119d6db1d70cca08576f,Concept Contraction in the Description Logic EL,International Conference on Principles of Knowledge Representation and Reasoning,2020.0,30.0,7.0,2.0,JournalArticle|Conference,Computer Science,True
DOI:10.24963/kr.2020/75,doi,10.24963/kr.2020/75,True,,e165378a14c50501ccb1137273cf6c1ba383230b,A Semantic Perspective on Omission Abstraction in ASP,International Conference on Principles of Knowledge Representation and Reasoning,2020.0,15.0,3.0,0.0,JournalArticle|Conference,Computer Science,True
DOI:10.24963/kr.2020/76,doi,10.24963/kr.2020/76,True,,147c277316a9f7606ab2573c275443da36218c44,Non-Prioritized Iterated Revision: Improvement via Incremental Belief Merging,International Conference on Principles of Knowledge Representation and Reasoning,2020.0,33.0,12.0,0.0,JournalArticle|Conference,Computer Science,True
DOI:10.24963/kr.2020/77,doi,10.24963/kr.2020/77,True,,09cef730149d5f26239d871363d0f3d782953664,Seq2KG: An End-to-End Neural Model for Domain Agnostic Knowledge Graph (not Text Graph) Construction from Text,International Conference on Principles of Knowledge Representation and Reasoning,2020.0,32.0,17.0,0.0,JournalArticle|Conference,Computer Science,True
DOI:10.24963/kr.2020/78,doi,10.24963/kr.2020/78,True,,e7f6d1af6aeabe99dbca8b7dc0eed764a266ca74,Knowledge-Preserving Certain Answers for SQL-like Queries,International Conference on Principles of Knowledge Representation and Reasoning,2020.0,29.0,3.0,0.0,JournalArticle|Conference,Computer Science,True
DOI:10.24963/kr.2020/79,doi,10.24963/kr.2020/79,False,,,,,,,,,,,
DOI:10.24963/kr.2020/81,doi,10.24963/kr.2020/81,True,,eb67e5bf369a9cd0f4e4ccaff6a4a1388eb3134e,WOLED: A tool for Online Learning Weighted Answer Set Rules for Temporal Reasoning Under Uncertainty,International Conference on Principles of Knowledge Representation and Reasoning,2020.0,29.0,6.0,0.0,JournalArticle|Conference,Computer Science,True
DOI:10.24963/kr.2020/82,doi,10.24963/kr.2020/82,True,,87df8f031d7c5f162e0d6c92159f91a8bfa4ee66,µ-toksia: An Efficient Abstract Argumentation Reasoner,International Conference on Principles of Knowledge Representation and Reasoning,2020.0,28.0,45.0,3.0,JournalArticle|Conference|Review,Computer Science,True
DOI:10.24963/kr.2020/83,doi,10.24963/kr.2020/83,True,,e150da71b7d81eb4453239ff96477572b4a2e9ed,Argumentation as a Framework for Interactive Explanations for Recommendations,International Conference on Principles of Knowledge Representation and Reasoning,2020.0,44.0,40.0,2.0,JournalArticle|Conference,Computer Science,True
DOI:10.24963/kr.2020/85,doi,10.24963/kr.2020/85,True,,2bf0ada02ebf580899881145f8a563a6ee88b0c2,On the Approximability of Weighted Model Integration on DNF Structures,International Conference on Principles of Knowledge Representation and Reasoning,2020.0,43.0,6.0,0.0,JournalArticle|Conference,Computer Science,True
DOI:10.24963/kr.2020/86,doi,10.24963/kr.2020/86,True,,43adecaa82e8f5ebc0caae6d9f2e3f7497d3d7dc,On Tractable XAI Queries based on Compiled Representations,International Conference on Principles of Knowledge Representation and Reasoning,2020.0,53.0,84.0,9.0,JournalArticle|Conference,Computer Science,True
DOI:10.24963/kr.2020/87,doi,10.24963/kr.2020/87,True,,0e2c6bb55aef2a1921a4d58e5798399105b4de7e,Ontology-guided Semantic Composition for Zero-Shot Learning,International Conference on Principles of Knowledge Representation and Reasoning,2020.0,31.0,18.0,0.0,JournalArticle|Conference,Computer Science,True
DOI:10.24963/kr.2020/88,doi,10.24963/kr.2020/88,True,,e4b013e50c5449f5cbd720a6ead90ba8c4a9dd8e,Towards an Inductive Logic Programming Approach for Explaining Black-Box Preference Learning Systems,International Conference on Principles of Knowledge Representation and Reasoning,2020.0,21.0,12.0,0.0,JournalArticle|Conference,Computer Science,True
DOI:10.24963/kr.2020/89,doi,10.24963/kr.2020/89,True,,38bcf084d0706a992e21e3461c0d41e5f8a3d914,Temporal Logic Monitoring Rewards via Transducers,International Conference on Principles of Knowledge Representation and Reasoning,2020.0,47.0,32.0,1.0,JournalArticle|Conference,Computer Science,True
DOI:10.24963/kr.2020/90,doi,10.24963/kr.2020/90,True,,0b8566cd27f55b370c643db4a5426495efa5be58,Neuro-Symbolic Probabilistic Argumentation Machines,International Conference on Principles of Knowledge Representation and Reasoning,2020.0,0.0,5.0,0.0,JournalArticle|Conference,Computer Science,True
DOI:10.24963/kr.2020/91,doi,10.24963/kr.2020/91,True,,a63e2b3dc5f54d532d649cb4b92d5bd63c73fd63,On Tractable Representations of Binary Neural Networks,International Conference on Principles of Knowledge Representation and Reasoning,2020.0,45.0,78.0,12.0,JournalArticle|Conference,Computer Science,True
DOI:10.24963/kr.2020/92,doi,10.24963/kr.2020/92,True,,d1f4204f708c5767a1ae5c4a1c7184b2b1abf360,Analyzing Differentiable Fuzzy Implications,International Conference on Principles of Knowledge Representation and Reasoning,2020.0,49.0,32.0,2.0,JournalArticle|Conference,Computer Science|Mathematics,True
DOI:10.24963/kr.2020/93,doi,10.24963/kr.2020/93,True,,018d7228facb2a9b6da785acc91a4ddbc5f14296,Towards a Framework for Visual Intelligence in Service Robotics: Epistemic Requirements and Gap Analysis,International Conference on Principles of Knowledge Representation and Reasoning,2020.0,82.0,11.0,0.0,JournalArticle|Conference,Computer Science,True
DOI:10.24963/kr.2020/94,doi,10.24963/kr.2020/94,True,,3899c7fa9503ce677364402765c15e0066fc66d5,Modeling Affordances and Functioning for Personalized Robotic Assistance,International Conference on Principles of Knowledge Representation and Reasoning,2020.0,40.0,7.0,0.0,JournalArticle|Conference,Computer Science,True
DOI:10.24963/kr.2021/10,doi,10.24963/kr.2021/10,True,,96fa995bf1fce3c660a135ce1765296173470232,Correcting Hierarchical Plans by Action Deletion,International Conference on Principles of Knowledge Representation and Reasoning,2021.0,38.0,10.0,0.0,JournalArticle|Conference,Computer Science,True
DOI:10.24963/kr.2021/11,doi,10.24963/kr.2021/11,True,,c0ff67fddf442f9cec558779e92c3f1101ecc8f7,Choices and their Consequences - Explaining Acceptable Sets in Abstract Argumentation Frameworks,International Conference on Principles of Knowledge Representation and Reasoning,2021.0,28.0,16.0,0.0,JournalArticle|Conference,Computer Science,True
DOI:10.24963/kr.2021/12,doi,10.24963/kr.2021/12,True,,ca34f6d1da514453bdef5656f697f3cc2dd943a9,DEL-based Epistemic Planning for Human-Robot Collaboration: Theory and Implementation,International Conference on Principles of Knowledge Representation and Reasoning,2021.0,29.0,22.0,3.0,JournalArticle|Conference,Computer Science,True
DOI:10.24963/kr.2021/13,doi,10.24963/kr.2021/13,True,,50b7f389b4ca933139c58072812df85cc6026bb4,Enforcing Sets of Formulas in Structured Argumentation,International Conference on Principles of Knowledge Representation and Reasoning,2021.0,78.0,9.0,0.0,JournalArticle|Conference,Computer Science,True
DOI:10.24963/kr.2021/14,doi,10.24963/kr.2021/14,True,,ca39d284ee34fae51c5771d55876c9cba7c37de1,Capturing Homomorphism-Closed Decidable Queries with Existential Rules,International Conference on Principles of Knowledge Representation and Reasoning,2021.0,62.0,21.0,11.0,JournalArticle|Conference,Computer Science,True
DOI:10.24963/kr.2021/15,doi,10.24963/kr.2021/15,True,,cc2a2a74a3d29d450e9e719100fd64814dd6ef10,On the Identifiability of Hierarchical Decision Models,International Conference on Principles of Knowledge Representation and Reasoning,2021.0,32.0,2.0,0.0,JournalArticle|Conference,Computer Science,True
DOI:10.24963/kr.2021/16,doi,10.24963/kr.2021/16,True,,5baf6a6007f24ef8de186d37ec5515364bd8d253,Parallelisable Existential Rules: a Story of Pieces,International Conference on Principles of Knowledge Representation and Reasoning,2021.0,40.0,1.0,0.0,JournalArticle|Conference,Computer Science,True
DOI:10.24963/kr.2021/17,doi,10.24963/kr.2021/17,True,,7338ea94a42bbc7ad41b394d035abe02533a75d9,Closed- and Open-world Reasoning in DL-Lite for Cloud Infrastructure Security (Extended Abstract),Description Logics,2021.0,21.0,1.0,0.0,JournalArticle,Computer Science,True
DOI:10.24963/kr.2021/18,doi,10.24963/kr.2021/18,True,,63f651b3bcbaebc7bcb26225575c1dd2aba07303,On Eventual Applicability of Plans in Dynamic Environments with Cyclic Phenomena,International Conference on Principles of Knowledge Representation and Reasoning,2021.0,21.0,2.0,0.0,JournalArticle|Conference,Computer Science,True
DOI:10.24963/kr.2021/19,doi,10.24963/kr.2021/19,True,,e7112a126ffd534772375a681d6d8b7491d005bd,"An Account of Intensional and Extensional Actions, and its Application to Belief, Nondeterministic Actions and Fallible Sensors",International Conference on Principles of Knowledge Representation and Reasoning,2021.0,31.0,3.0,0.0,JournalArticle|Conference,Computer Science,False
DOI:10.24963/kr.2021/2,doi,10.24963/kr.2021/2,True,,955666d1a9f9cfc27d08092c8263f7a611fd7f2a,Reasoning about Explanations for Non-validation in SHACL (Extended Abstract),Description Logics,2021.0,20.0,17.0,1.0,JournalArticle,Computer Science,True
DOI:10.24963/kr.2021/20,doi,10.24963/kr.2021/20,True,,9a88270812348d70b5247bb0c4dddec527ac6c3f,A Compilation of Succinctness Results for Arithmetic Circuits,International Conference on Principles of Knowledge Representation and Reasoning,2021.0,39.0,19.0,5.0,JournalArticle|Conference,Computer Science,True
DOI:10.24963/kr.2021/21,doi,10.24963/kr.2021/21,True,,18dfe15f9639b1cdfc94df450d795fa6ced0bd50,The Nondeterministic Situation Calculus,International Conference on Principles of Knowledge Representation and Reasoning,2021.0,34.0,9.0,1.0,JournalArticle|Conference,Computer Science,True
DOI:10.24963/kr.2021/22,doi,10.24963/kr.2021/22,True,,dcbd3d99fc28f4c37762ef1055a0973dc9e68b98,Timed Trace Alignment with Metric Temporal Logic over Finite Traces,International Conference on Principles of Knowledge Representation and Reasoning,2021.0,16.0,8.0,0.0,JournalArticle|Conference,Computer Science,True
DOI:10.24963/kr.2021/23,doi,10.24963/kr.2021/23,True,,85cfcc318a1d127c64c56b2e35582b5f29f53fcb,Synthesis with Mandatory Stop Actions,International Conference on Principles of Knowledge Representation and Reasoning,2021.0,25.0,10.0,1.0,JournalArticle|Conference,Computer Science,True
DOI:10.24963/kr.2021/24,doi,10.24963/kr.2021/24,True,,f56d5bea22892dc6a7f9aa4ea7648ee084b0d054,Beyond Simple Images: Human Knowledge-Guided GANs for Clinical Data Generation,International Conference on Principles of Knowledge Representation and Reasoning,2021.0,64.0,7.0,0.0,JournalArticle|Conference,Computer Science,True
DOI:10.24963/kr.2021/25,doi,10.24963/kr.2021/25,True,,0e733e74db7d02e5306cc6c6f90eb944722d62ae,Expressing and Exploiting the Common Subgoal Structure of Classical Planning Domains Using Sketches: Extended Version,International Conference on Principles of Knowledge Representation and Reasoning,2021.0,38.0,17.0,2.0,JournalArticle|Conference,Computer Science,True
DOI:10.24963/kr.2021/26,doi,10.24963/kr.2021/26,True,,efb1408429bdce9d796919b91971064f4a662092,Treewidth-Aware Cycle Breaking for Algebraic Answer Set Counting,International Conference on Principles of Knowledge Representation and Reasoning,2021.0,43.0,28.0,2.0,JournalArticle|Conference,Computer Science,True
DOI:10.24963/kr.2021/28,doi,10.24963/kr.2021/28,True,,e9e9030840d465935d4c9d075ddbbe382fb532b1,"Borda, Cancellation and Belief Merging",International Conference on Principles of Knowledge Representation and Reasoning,2021.0,30.0,1.0,0.0,JournalArticle|Conference,Computer Science,True
DOI:10.24963/kr.2021/29,doi,10.24963/kr.2021/29,True,,1d1f53ac31cd9980fc762948b1c4c8891af8041b,Reasoning over Attack-incomplete AAFs in the Presence of Correlations,International Conference on Principles of Knowledge Representation and Reasoning,2021.0,41.0,17.0,3.0,JournalArticle|Conference,Computer Science,True
DOI:10.24963/kr.2021/3,doi,10.24963/kr.2021/3,True,,1ce58e26751c14cd8af423ef9c0b1af6bc45ecc5,Generalized Temporal Inference via Planning,International Conference on Principles of Knowledge Representation and Reasoning,2021.0,29.0,5.0,0.0,JournalArticle|Conference,Computer Science,True
DOI:10.24963/kr.2021/30,doi,10.24963/kr.2021/30,True,,ecd736fc34b500dff8f325463080e31f79ae91e5,Rational Verification for Probabilistic Systems,International Conference on Principles of Knowledge Representation and Reasoning,2021.0,32.0,14.0,0.0,JournalArticle|Conference,Computer Science,True
DOI:10.24963/kr.2021/31,doi,10.24963/kr.2021/31,True,,41a9cf7f810f2d8eebdf15eaabe1fe32ff6f5d07,How to Approximate Ontology-Mediated Queries (Extended Abstract,Description Logics,2021.0,59.0,3.0,0.0,JournalArticle,Computer Science,True
DOI:10.24963/kr.2021/32,doi,10.24963/kr.2021/32,True,,d6b9963d90fc72bf5b3ed2303b8744494083d878,Approximation Fixpoint Theory for Non-Deterministic Operators and Its Application in Disjunctive Logic Programming,International Conference on Principles of Knowledge Representation and Reasoning,2021.0,45.0,6.0,0.0,JournalArticle|Conference,Computer Science,True
DOI:10.24963/kr.2021/33,doi,10.24963/kr.2021/33,True,,0a35de308b4282a8423f0fdde7bb78345356dcc6,Revision and Conditional Inference for Abstract Dialectical Frameworks,International Conference on Principles of Knowledge Representation and Reasoning,2021.0,65.0,1.0,0.0,JournalArticle|Conference,Computer Science,True
DOI:10.24963/kr.2021/34,doi,10.24963/kr.2021/34,True,,76098ac958205f8a0175ce5606ae019a1057a4ca,On Efficiently Explaining Graph-Based Classifiers,International Conference on Principles of Knowledge Representation and Reasoning,2021.0,96.0,54.0,3.0,JournalArticle|Conference,Computer Science,True
DOI:10.24963/kr.2021/35,doi,10.24963/kr.2021/35,False,,,,,,,,,,,
DOI:10.24963/kr.2021/36,doi,10.24963/kr.2021/36,True,,cc6eb03be6c202401ebfd2d2b33eec86c28904a6,Safe Learning of Lifted Action Models,International Conference on Principles of Knowledge Representation and Reasoning,2021.0,30.0,34.0,2.0,JournalArticle|Conference,Computer Science,True
DOI:10.24963/kr.2021/37,doi,10.24963/kr.2021/37,True,,d0fdd70028999a2ca537cba9cd30a46cdb95de45,Separating Data Examples by Description Logic Concepts with Restricted Signatures,International Conference on Principles of Knowledge Representation and Reasoning,2021.0,53.0,19.0,0.0,JournalArticle|Conference,Computer Science,True
DOI:10.24963/kr.2021/38,doi,10.24963/kr.2021/38,True,,57d7d806e21f8264081366956c03d64d987008e7,Satisfiability Checking of Strategy Logic with Simple Goals,International Conference on Principles of Knowledge Representation and Reasoning,2021.0,31.0,8.0,1.0,JournalArticle|Conference,Computer Science,True
DOI:10.24963/kr.2021/39,doi,10.24963/kr.2021/39,True,,1e0a29e9fd9d5bb4d28343f3742973d5741a50f1,Formalizing Statistical Beliefs in Hypothesis Testing Using Program Logic,International Conference on Principles of Knowledge Representation and Reasoning,2021.0,23.0,3.0,1.0,JournalArticle|Conference,Computer Science,True
DOI:10.24963/kr.2021/4,doi,10.24963/kr.2021/4,True,,4c63bb3fca810391f640559cae552e0e02a236d1,Equivalence of Semantics in Argumentation,International Conference on Principles of Knowledge Representation and Reasoning,2021.0,46.0,4.0,0.0,JournalArticle|Conference,Computer Science,True
DOI:10.24963/kr.2021/40,doi,10.24963/kr.2021/40,True,,b352cbfcb361c6905b46fc23b86c827d6310c491,Semi-Stable Semantics for Abstract Dialectical Frameworks,International Conference on Principles of Knowledge Representation and Reasoning,2021.0,25.0,2.0,0.0,JournalArticle|Conference,Computer Science,True
DOI:10.24963/kr.2021/41,doi,10.24963/kr.2021/41,True,,cb30c5fd4607d07479e9e9c3b52e1b826ed05257,Unfounded Sets for Disjunctive Hybrid MKNF Knowledge Bases,International Conference on Principles of Knowledge Representation and Reasoning,2021.0,12.0,4.0,0.0,JournalArticle|Conference,Computer Science,True
DOI:10.24963/kr.2021/42,doi,10.24963/kr.2021/42,True,,1ec9ea81ed1bcd6458d1c097e4c31bba74f1f109,Diagnosis of Active Systems with Abstract Observations and Compiled Knowledge,International Conference on Principles of Knowledge Representation and Reasoning,2021.0,33.0,0.0,0.0,JournalArticle|Conference,Computer Science,True
DOI:10.24963/kr.2021/43,doi,10.24963/kr.2021/43,True,,5324eaaaeadb229a6681e1720dff37a0b2a77ce2,Unsupervised Novelty Characterization in Physical Environments Using Qualitative Spatial Relations,International Conference on Principles of Knowledge Representation and Reasoning,2021.0,42.0,5.0,0.0,JournalArticle|Conference,Computer Science,True
DOI:10.24963/kr.2021/46,doi,10.24963/kr.2021/46,True,,db61006218409dd5ea8a818edf8d1e4ed09865a6,Strategic Reasoning in Automated Mechanism Design,International Conference on Principles of Knowledge Representation and Reasoning,2021.0,27.0,21.0,0.0,JournalArticle|Conference,Computer Science,True
DOI:10.24963/kr.2021/47,doi,10.24963/kr.2021/47,True,,ca7a52afcd480e135011b35e0fd4e3061d2f8980,Properties of Module Notions and Atomic Decomposition (Extended Abstract),Description Logics,2021.0,59.0,0.0,0.0,JournalArticle,Computer Science,True
DOI:10.24963/kr.2021/48,doi,10.24963/kr.2021/48,True,,d3bd3622aa3c2a47966a251ffcccc464438a60a2,Monotonicity and Noise-Tolerance in Case-Based Reasoning with Abstract Argumentation (with Appendix),International Conference on Principles of Knowledge Representation and Reasoning,2021.0,60.0,11.0,0.0,JournalArticle|Conference,Computer Science,True
DOI:10.24963/kr.2021/49,doi,10.24963/kr.2021/49,True,,c8a5ca67db2b4485a5460814604b533101b2d552,Representing and Reasoning with Event Models for Epistemic Planning,International Conference on Principles of Knowledge Representation and Reasoning,2021.0,25.0,4.0,2.0,JournalArticle|Conference,Computer Science,True
DOI:10.24963/kr.2021/5,doi,10.24963/kr.2021/5,True,,9fbfdb94ff1b97e1c2da45bc7e049b409eab1b7b,Synthesizing Best-effort Strategies under Multiple Environment Specifications,International Conference on Principles of Knowledge Representation and Reasoning,2021.0,38.0,19.0,2.0,JournalArticle|Conference,Computer Science,True
DOI:10.24963/kr.2021/50,doi,10.24963/kr.2021/50,True,,6c7a6410cc5f370e265b70e2661d85e478bdebfa,Consolidation via Tacit Culpability Measures: Between Explicit and Implicit Degrees of Culpability,International Conference on Principles of Knowledge Representation and Reasoning,2021.0,26.0,14.0,1.0,JournalArticle|Conference,Computer Science,True
DOI:10.24963/kr.2021/51,doi,10.24963/kr.2021/51,True,,9a07c648fb4586fcb33602f8e76e2f8c5073d89f,Learning First-Order Representations for Planning from Black-Box States: New Results,International Conference on Principles of Knowledge Representation and Reasoning,2021.0,43.0,31.0,3.0,JournalArticle|Conference,Computer Science,True
DOI:10.24963/kr.2021/52,doi,10.24963/kr.2021/52,True,,6296401e9938d03bb22aab1b8872054dcef88eb6,Existential Abstraction on Argumentation Frameworks via Clustering,International Conference on Principles of Knowledge Representation and Reasoning,2021.0,38.0,5.0,0.0,JournalArticle|Conference,Computer Science,True
DOI:10.24963/kr.2021/53,doi,10.24963/kr.2021/53,True,,aadb585c0e8d5febe026b90920617ab7cc4419a5,Boolean Network Learning in Vector Spaces for Genome-wide Network Analysis,International Conference on Principles of Knowledge Representation and Reasoning,2021.0,31.0,5.0,0.0,JournalArticle|Conference,Computer Science,True
DOI:10.24963/kr.2021/54,doi,10.24963/kr.2021/54,True,,ec9c0154d6ff2be033a668568df10ce6805a8c56,Decidability and Complexity of Some Finitely-valued Dynamic Logics,International Conference on Principles of Knowledge Representation and Reasoning,2021.0,38.0,2.0,0.0,JournalArticle|Conference,Computer Science,True
DOI:10.24963/kr.2021/55,doi,10.24963/kr.2021/55,True,,ad3e418ad1cf0dfa224546d8cc535e1ed00e1175,Gaussian Elimination Meets Maximum Satisfiability,International Conference on Principles of Knowledge Representation and Reasoning,2021.0,26.0,5.0,0.0,JournalArticle|Conference,Computer Science,True
DOI:10.24963/kr.2021/56,doi,10.24963/kr.2021/56,True,,76af83743f4c101366e31fead936cae11817396f,Belief Contraction in Non-classical logics as Hyperintensional Belief Change,International Conference on Principles of Knowledge Representation and Reasoning,2021.0,47.0,3.0,0.0,JournalArticle|Conference,Computer Science,True
DOI:10.24963/kr.2021/58,doi,10.24963/kr.2021/58,True,,2e5712cbc12ac84485dac6bc40fed7277b918f9a,DatalogMTL with Negation Under Stable Models Semantics,International Conference on Principles of Knowledge Representation and Reasoning,2021.0,28.0,18.0,0.0,JournalArticle|Conference,Computer Science,True
DOI:10.24963/kr.2021/59,doi,10.24963/kr.2021/59,True,,46063edbc4dff6d0ab374a78ce979ce59c6f1daa,Finitely Materialisable Datalog Programs with Metric Temporal Operators,International Conference on Principles of Knowledge Representation and Reasoning,2021.0,29.0,16.0,1.0,JournalArticle|Conference,Computer Science,True
DOI:10.24963/kr.2021/6,doi,10.24963/kr.2021/6,True,,9cd28890aa0ca99f3db36032791c399c7a2a9d44,Characterizations and Classifications of Argumentative Entailments,International Conference on Principles of Knowledge Representation and Reasoning,2021.0,67.0,7.0,0.0,JournalArticle|Conference,Computer Science,True
DOI:10.24963/kr.2021/61,doi,10.24963/kr.2021/61,True,,b0f9e8604dad1cbe6a657859c994608b0774e253,Making DL-Lite Planning Practical (Extended Abstract),Description Logics,2021.0,18.0,4.0,0.0,JournalArticle,Computer Science,True
DOI:10.24963/kr.2021/62,doi,10.24963/kr.2021/62,True,,b7279fa1cfe867061d5211c034081fdffe480bb5,A Many-valued Logic for Lexicographic Preference Representation,International Conference on Principles of Knowledge Representation and Reasoning,2021.0,19.0,6.0,0.0,JournalArticle|Conference,Computer Science,True
DOI:10.24963/kr.2021/63,doi,10.24963/kr.2021/63,True,,f513d9b6eddc5bddaf790516c4cdbec0277b1359,Universal and Uniform Action Reversibility,International Conference on Principles of Knowledge Representation and Reasoning,2021.0,13.0,4.0,1.0,JournalArticle|Conference,Computer Science,True
DOI:10.24963/kr.2021/64,doi,10.24963/kr.2021/64,True,,fc131f4d1eb21a61d0eb8d5a8e1ffab61a1e74e0,Measuring Inconsistency over Sequences of Business Rule Cases,International Conference on Principles of Knowledge Representation and Reasoning,2021.0,17.0,4.0,0.0,JournalArticle|Conference,Computer Science,True
DOI:10.24963/kr.2021/65,doi,10.24963/kr.2021/65,True,,360954b7fcb35d82e192f7c62e422be80f322eaf,Introducing k-lingo: a k-depth Bounded Version of ASP System Clingo,International Conference on Principles of Knowledge Representation and Reasoning,2021.0,10.0,1.0,0.0,JournalArticle|Conference,Computer Science,True
DOI:10.24963/kr.2021/66,doi,10.24963/kr.2021/66,True,,0ac421414b79838e55f16c5bf2c793f0567933a9,Combining Logic and Natural Language Processing to Support Investment Management,International Conference on Principles of Knowledge Representation and Reasoning,2021.0,11.0,4.0,0.0,JournalArticle|Conference,Computer Science,True
DOI:10.24963/kr.2021/67,doi,10.24963/kr.2021/67,True,,34c5345ddbaf9740fbea0b0cc7074dce37eb2f99,On the Complexity of Preferred Semantics in Argumentation Frameworks with Bounded Cycle Length,International Conference on Principles of Knowledge Representation and Reasoning,2021.0,15.0,11.0,0.0,JournalArticle|Conference,Computer Science,True
DOI:10.24963/kr.2021/69,doi,10.24963/kr.2021/69,True,,73d6ed8fc95cb2a51e17b5d1cbe1496fe494810e,On the Epistemic Logic of Incomplete Argumentation Frameworks,International Conference on Principles of Knowledge Representation and Reasoning,2021.0,21.0,9.0,0.0,JournalArticle|Conference,Computer Science,True
DOI:10.24963/kr.2021/7,doi,10.24963/kr.2021/7,True,,128cc1b70f14fae4c07b25c92b36b5ea3261d199,On Free Description Logics with Definite Descriptions,Description Logics,2021.0,77.0,24.0,2.0,JournalArticle,Computer Science,True
DOI:10.24963/kr.2021/70,doi,10.24963/kr.2021/70,True,,0901612161672890ecff76abc62f151077999316,Distinguishability in Abstract Argumentation,International Conference on Principles of Knowledge Representation and Reasoning,2021.0,12.0,1.0,0.0,JournalArticle|Conference,Computer Science,True
DOI:10.24963/kr.2021/71,doi,10.24963/kr.2021/71,True,,54e4baa7e4a8d4e3f503720a02917a71a5609616,Sticky Existential Rules and Disjunction are Incompatible,International Conference on Principles of Knowledge Representation and Reasoning,2021.0,11.0,1.0,0.0,JournalArticle|Conference,Computer Science,True
DOI:10.24963/kr.2021/72,doi,10.24963/kr.2021/72,True,,8b9d8fb015db15433f10ebf98d28db9ec3497db4,Randomized Problem-Relaxation Solving for Over-Constrained Schedules,International Conference on Principles of Knowledge Representation and Reasoning,2021.0,47.0,10.0,0.0,JournalArticle|Conference,Computer Science,False
DOI:10.24963/kr.2021/73,doi,10.24963/kr.2021/73,True,,9d57ba6bb5bae6c5f050a29a843966fbe69a6eb0,"Flexible Robotic Assembly Based on Ontological Representation of Tasks, Skills, and Resources",International Conference on Principles of Knowledge Representation and Reasoning,2021.0,16.0,14.0,0.0,JournalArticle|Conference,Computer Science,True
DOI:10.24963/kr.2021/74,doi,10.24963/kr.2021/74,True,,5657ef97662480ca8f8df4997aa694910345f36a,On the Maximal Number of Complete Extensions in Abstract Argumentation Frameworks,International Conference on Principles of Knowledge Representation and Reasoning,2021.0,20.0,5.0,0.0,JournalArticle|Conference,Computer Science,True
DOI:10.24963/kr.2021/75,doi,10.24963/kr.2021/75,True,,ebde0d7193c14b528550a8ae2c2c21e1374a221b,PATCHCOMM: Using Commonsense Knowledge to Guide Syntactic Parsers,International Conference on Principles of Knowledge Representation and Reasoning,2021.0,23.0,0.0,0.0,JournalArticle|Conference,Computer Science,True
DOI:10.24963/kr.2021/8,doi,10.24963/kr.2021/8,True,,327bb37d82934dc57e784976f5eb99529c8df4b9,On the Computational Intelligibility of Boolean Classifiers,International Conference on Principles of Knowledge Representation and Reasoning,2021.0,50.0,73.0,12.0,JournalArticle|Conference,Computer Science,True
DOI:10.24963/kr.2022/1,doi,10.24963/kr.2022/1,True,,8afcd17e3e6b33a293594e580202b3c12cd76d85,A Gödel Calculus for Linear Temporal Logic,International Conference on Principles of Knowledge Representation and Reasoning,2022.0,30.0,2.0,0.0,JournalArticle|Conference,Computer Science,True
DOI:10.24963/kr.2022/10,doi,10.24963/kr.2022/10,True,,0c6681bc0f56fb7b43eb5fe0e991c7d32fc721ee,Revisiting Semiring Provenance for Datalog,International Conference on Principles of Knowledge Representation and Reasoning,2022.0,37.0,20.0,1.0,JournalArticle|Conference,Computer Science,True
DOI:10.24963/kr.2022/11,doi,10.24963/kr.2022/11,False,,,,,,,,,,,
DOI:10.24963/kr.2022/12,doi,10.24963/kr.2022/12,True,,e3d3bc51e792200904723f974ac0a2cac709b4da,A General Framework for Modelling Conditional Reasoning - Preliminary Report,International Conference on Principles of Knowledge Representation and Reasoning,2022.0,25.0,3.0,0.0,JournalArticle|Conference,Computer Science,True
DOI:10.24963/kr.2022/13,doi,10.24963/kr.2022/13,False,,,,,,,,,,,
DOI:10.24963/kr.2022/14,doi,10.24963/kr.2022/14,True,,4c7c96e872bb679b8bf0049263d595d1e57ab3e3,Public and Private Affairs in Strategic Reasoning,International Conference on Principles of Knowledge Representation and Reasoning,2022.0,25.0,2.0,0.0,JournalArticle|Conference,Computer Science,True
DOI:10.24963/kr.2022/15,doi,10.24963/kr.2022/15,True,,4aa890493a18576d78d82dad0a0ed2c22edc44eb,Compound Conditionals as Random Quantities and Boolean Algebras,International Conference on Principles of Knowledge Representation and Reasoning,2022.0,65.0,9.0,0.0,JournalArticle|Conference,Mathematics|Computer Science,True
DOI:10.24963/kr.2022/17,doi,10.24963/kr.2022/17,False,,,,,,,,,,,
DOI:10.24963/kr.2022/18,doi,10.24963/kr.2022/18,True,,0dbcc73db21b6480e2289411f7d5c2e96d83eb9e,On the Expressive Power of Intermediate and Conditional Effects in Temporal Planning,International Conference on Principles of Knowledge Representation and Reasoning,2022.0,26.0,0.0,0.0,JournalArticle|Conference,Computer Science,True
DOI:10.24963/kr.2022/2,doi,10.24963/kr.2022/2,True,,4444f4d757ef8059260555c6c57b66ba08cce2d4,Automatic Synthesis of Dynamic Norms for Multi-Agent Systems,International Conference on Principles of Knowledge Representation and Reasoning,2022.0,32.0,7.0,0.0,JournalArticle|Conference,Computer Science,True
DOI:10.24963/kr.2022/20,doi,10.24963/kr.2022/20,True,,798afb5825a4bce331089a24d205f3ae1a66fc96,Conservative Extensions for Existential Rules,International Conference on Principles of Knowledge Representation and Reasoning,2022.0,36.0,1.0,0.0,JournalArticle|Conference,Computer Science,True
DOI:10.24963/kr.2022/21,doi,10.24963/kr.2022/21,True,,08d0f4a1dade818cb8d88a3b02129e2c58bb3fcf,The More the Worst-Case-Merrier: A Generalized Condorcet Jury Theorem for Belief Fusion,International Conference on Principles of Knowledge Representation and Reasoning,2022.0,27.0,3.0,0.0,JournalArticle|Conference,Computer Science,True
DOI:10.24963/kr.2022/22,doi,10.24963/kr.2022/22,True,,64af0a5b767525cc245a553e8e234284efcc0c42,Computing Stable Conclusions under the Weakest-Link Principle in the ASPIC+ Argumentation Formalism,International Conference on Principles of Knowledge Representation and Reasoning,2022.0,60.0,7.0,0.0,JournalArticle|Conference,Computer Science,True
DOI:10.24963/kr.2022/23,doi,10.24963/kr.2022/23,True,,2e2ca44814accd95031b375eb37238e3c03ad078,Dynamic Deontic Logic for Permitted Announcements,International Conference on Principles of Knowledge Representation and Reasoning,2022.0,35.0,2.0,0.0,JournalArticle|Conference,Computer Science,True
DOI:10.24963/kr.2022/24,doi,10.24963/kr.2022/24,True,,2f6732d8a8f38fdd8a50219a26dda908da7f7b08,Epistemic Actions: Comparing Multi-agent Belief Bases with Action Models,International Conference on Principles of Knowledge Representation and Reasoning,2022.0,40.0,4.0,0.0,JournalArticle|Conference,Computer Science,True
DOI:10.24963/kr.2022/25,doi,10.24963/kr.2022/25,True,,442575399e8274a903ba9de6e2579870703f061e,Ontology-Mediated Querying on Databases of Bounded Cliquewidth,International Conference on Principles of Knowledge Representation and Reasoning,2022.0,69.0,1.0,0.0,JournalArticle|Conference,Computer Science,True
DOI:10.24963/kr.2022/26,doi,10.24963/kr.2022/26,False,,,,,,,,,,,
DOI:10.24963/kr.2022/27,doi,10.24963/kr.2022/27,True,,7745bf1312e09f763e79462e5740413095fbc20c,Towards an Enthymeme-Based Communication Framework in Multi-Agent Systems,International Conference on Principles of Knowledge Representation and Reasoning,2022.0,57.0,5.0,1.0,JournalArticle|Conference,Computer Science,True
DOI:10.24963/kr.2022/28,doi,10.24963/kr.2022/28,False,,,,,,,,,,,
DOI:10.24963/kr.2022/30,doi,10.24963/kr.2022/30,True,,3fdce079b8b761c2ea7743479595c08cabe6d8e6,Kernel Contraction and the Order of Relevance,International Conference on Principles of Knowledge Representation and Reasoning,2022.0,30.0,5.0,0.0,JournalArticle|Conference,Computer Science,True
DOI:10.24963/kr.2022/31,doi,10.24963/kr.2022/31,True,,cf5efa2ac47ee32da8edc3f94ba247df20f09e97,A Credal Least Undefined Stable Semantics for Probabilistic Logic Programs and Probabilistic Argumentation,International Conference on Principles of Knowledge Representation and Reasoning,2022.0,49.0,15.0,0.0,JournalArticle|Conference,Computer Science,True
DOI:10.24963/kr.2022/34,doi,10.24963/kr.2022/34,True,,54cedb206bad274d1f00c9b5d25b52512e165bb9,Hyperintensional Partial Meet Contractions,International Conference on Principles of Knowledge Representation and Reasoning,2022.0,40.0,1.0,0.0,JournalArticle|Conference,Computer Science,True
DOI:10.24963/kr.2022/35,doi,10.24963/kr.2022/35,True,,09aa57c30d83b290ef468650816ce2edd2d1cdd7,A Minimal Deductive System for RDFS with Negative Statements,International Conference on Principles of Knowledge Representation and Reasoning,2022.0,47.0,3.0,0.0,JournalArticle|Conference,Computer Science,True
DOI:10.24963/kr.2022/36,doi,10.24963/kr.2022/36,True,,223560251552dbc1335986817a26e180b74af9d8,Discovering User-Interpretable Capabilities of Black-Box Planning Agents,International Conference on Principles of Knowledge Representation and Reasoning,2021.0,66.0,29.0,0.0,JournalArticle|Conference,Computer Science,True
DOI:10.24963/kr.2022/37,doi,10.24963/kr.2022/37,True,,afde8c96ac93c807870d82ac9fbd6bc84a193ef8,Open Relation Extraction with Non-existent and Multi-span Relationships,International Conference on Principles of Knowledge Representation and Reasoning,2022.0,30.0,2.0,0.0,JournalArticle|Conference,Computer Science,True
DOI:10.24963/kr.2022/38,doi,10.24963/kr.2022/38,True,,aee7070dc6162d0c25fe59d4a314b41a5e535aae,Act for Your Duties but Maintain Your Rights,International Conference on Principles of Knowledge Representation and Reasoning,2022.0,32.0,9.0,2.0,JournalArticle|Conference,Computer Science,True
DOI:10.24963/kr.2022/39,doi,10.24963/kr.2022/39,True,,cfc124d2e44ba11aecc488857d7fdd86d1cacfc8,On the Relationship between Shy and Warded Datalog+/-,International Conference on Principles of Knowledge Representation and Reasoning,2022.0,25.0,4.0,0.0,JournalArticle|Conference,Computer Science,True
DOI:10.24963/kr.2022/40,doi,10.24963/kr.2022/40,True,,7457a3bfd991d87cf2bbf743b6ebc6544c1e6e5a,Projection of Belief in the Presence of Nondeterministic Actions and Fallible Sensing,International Conference on Principles of Knowledge Representation and Reasoning,2022.0,17.0,1.0,0.0,JournalArticle|Conference,Computer Science,True
DOI:10.24963/kr.2022/41,doi,10.24963/kr.2022/41,True,,898369186555bb429d1adad065248fb0fb2c89d5,Inference with System W Satisfies Syntax Splitting,International Conference on Principles of Knowledge Representation and Reasoning,2022.0,23.0,7.0,0.0,JournalArticle|Conference,Computer Science,True
DOI:10.24963/kr.2022/42,doi,10.24963/kr.2022/42,True,,ebd32fb04035e396320187bfea9c46929886e75e,"Iterated Belief Change, Computationally",International Conference on Principles of Knowledge Representation and Reasoning,2022.0,11.0,2.0,0.0,JournalArticle|Conference,Computer Science,True
DOI:10.24963/kr.2022/43,doi,10.24963/kr.2022/43,False,,,,,,,,,,,
DOI:10.24963/kr.2022/44,doi,10.24963/kr.2022/44,True,,cc860f0133ac7372809f585edd97c71893be377c,Embed2Sym - Scalable Neuro-Symbolic Reasoning via Clustered Embeddings,International Conference on Principles of Knowledge Representation and Reasoning,2022.0,33.0,25.0,2.0,JournalArticle|Conference,Computer Science,True
DOI:10.24963/kr.2022/45,doi,10.24963/kr.2022/45,True,,bd9918f866f00633856d4f544286f19997e5c4c4,Looking Inside the Black-Box: Logic-based Explanations for Neural Networks,International Conference on Principles of Knowledge Representation and Reasoning,2022.0,52.0,36.0,1.0,JournalArticle|Conference,Computer Science,True
DOI:10.24963/kr.2022/46,doi,10.24963/kr.2022/46,False,,,,,,,,,,,
DOI:10.24963/kr.2022/47,doi,10.24963/kr.2022/47,True,,2e5c94db907d9090ff154ff5757d51329e7a7594,Sum-Product Loop Programming: From Probabilistic Circuits to Loop Programming,International Conference on Principles of Knowledge Representation and Reasoning,2022.0,27.0,4.0,0.0,JournalArticle|Conference,Computer Science,True
DOI:10.24963/kr.2022/49,doi,10.24963/kr.2022/49,False,,,,,,,,,,,
DOI:10.24963/kr.2022/5,doi,10.24963/kr.2022/5,True,,350cf203e541fba20a55ff4c49eccee3dc4e8a63,On Syntactic Forgetting with Strong Persistence,International Conference on Principles of Knowledge Representation and Reasoning,2022.0,23.0,7.0,1.0,JournalArticle|Conference,Computer Science,True
DOI:10.24963/kr.2022/50,doi,10.24963/kr.2022/50,True,,87c1278e7e85f8dac14f98cb77aaa8cfcd3f955c,Faithful Approaches to Rule Learning,International Conference on Principles of Knowledge Representation and Reasoning,2022.0,26.0,7.0,0.0,JournalArticle|Conference,Computer Science,True
DOI:10.24963/kr.2022/51,doi,10.24963/kr.2022/51,True,,e037c365b9e34f1833c699a367269e73ced28cd0,Learning Typed Rules over Knowledge Graphs,International Conference on Principles of Knowledge Representation and Reasoning,2022.0,31.0,11.0,1.0,JournalArticle|Conference,Computer Science,True
DOI:10.24963/kr.2022/52,doi,10.24963/kr.2022/52,False,,,,,,,,,,,
DOI:10.24963/kr.2022/53,doi,10.24963/kr.2022/53,True,,34e8d88cd54182f77a3996459cfd5289db05bd0e,Online Grounding of Symbolic Planning Domains in Unknown Environments,International Conference on Principles of Knowledge Representation and Reasoning,2021.0,30.0,8.0,1.0,JournalArticle|Conference,Computer Science,True
DOI:10.24963/kr.2022/54,doi,10.24963/kr.2022/54,True,,bb573165034e7a4868304578b5a845fa55629d9e,"Querying Inconsistent Prioritized Data with ORBITS: Algorithms, Implementation, and Experiments (Extended Abstract)",Description Logics,2022.0,30.0,16.0,0.0,JournalArticle,Computer Science,True
DOI:10.24963/kr.2022/55,doi,10.24963/kr.2022/55,False,,,,,,,,,,,
DOI:10.24963/kr.2022/56,doi,10.24963/kr.2022/56,True,,9c3f874b37f76492d35e8c030169e5f080de30fe,Stream Reasoning with Cycles,International Conference on Principles of Knowledge Representation and Reasoning,2022.0,34.0,7.0,0.0,JournalArticle|Conference,Computer Science,True
DOI:10.24963/kr.2022/57,doi,10.24963/kr.2022/57,True,,c45250f9b8804701a0667aca2a0a517285b634ef,Symbolic Knowledge Extraction from Opaque Machine Learning Predictors: GridREx & PEDRO,International Conference on Principles of Knowledge Representation and Reasoning,2022.0,31.0,17.0,0.0,JournalArticle|Conference,Computer Science,True
DOI:10.24963/kr.2022/58,doi,10.24963/kr.2022/58,True,,5d86d35be881afc570c6d975ef49e2c6bfdc1ada,ALASPO: An Adaptive Large-Neighbourhood ASP Optimiser,International Conference on Principles of Knowledge Representation and Reasoning,2022.0,23.0,3.0,1.0,JournalArticle|Conference,Computer Science,True
DOI:10.24963/kr.2022/6,doi,10.24963/kr.2022/6,True,,7cf0f6c5291323d0797d12145a5a12e625a2ab59,Counting Queries over ELHI⊥ Ontologies,Description Logics,2022.0,21.0,3.0,0.0,JournalArticle,Computer Science,True
DOI:10.24963/kr.2022/8,doi,10.24963/kr.2022/8,True,,9f625efac64d983ceb974dae6417cace52b82480,Sticky Policies in OWL2: Extending PL with Fixpoints and Transitive Closure,International Conference on Principles of Knowledge Representation and Reasoning,2022.0,16.0,0.0,0.0,JournalArticle|Conference,Computer Science,True
DOI:10.24963/kr.2022/9,doi,10.24963/kr.2022/9,False,,,,,,,,,,,
DOI:10.24963/kr.2023/1,doi,10.24963/kr.2023/1,True,,2545147c6a1a3c49d8c0e342cbb173479bdfec54,Counterfactual Reasoning via Grounded Distance,International Conference on Principles of Knowledge Representation and Reasoning,2023.0,29.0,4.0,0.0,JournalArticle|Conference,Computer Science,True
DOI:10.24963/kr.2023/10,doi,10.24963/kr.2023/10,False,,,,,,,,,,,
DOI:10.24963/kr.2023/11,doi,10.24963/kr.2023/11,True,,94d76aeaa0b2d1926f4c390a87e35997faff2319,Approximating Weakly Preferred Semantics in Abstract Argumentation through Vacuous Reduct Semantics,International Conference on Principles of Knowledge Representation and Reasoning,2023.0,27.0,5.0,0.0,JournalArticle|Conference,Computer Science,True
DOI:10.24963/kr.2023/12,doi,10.24963/kr.2023/12,True,,505d569f0571b0f0513e72cc923c761de2f3df60,Default Logic as a Species of Causal Reasoning,International Conference on Principles of Knowledge Representation and Reasoning,2023.0,27.0,4.0,0.0,JournalArticle|Conference,Computer Science,True
DOI:10.24963/kr.2023/13,doi,10.24963/kr.2023/13,True,,2184518e65daeb3779742ae4449cd99c91547959,Tractable Explaining of Multivariate Decision Trees,International Conference on Principles of Knowledge Representation and Reasoning,2023.0,34.0,12.0,0.0,JournalArticle|Conference,Computer Science,True
DOI:10.24963/kr.2023/14,doi,10.24963/kr.2023/14,False,,,,,,,,,,,
DOI:10.24963/kr.2023/15,doi,10.24963/kr.2023/15,False,,,,,,,,,,,
DOI:10.24963/kr.2023/16,doi,10.24963/kr.2023/16,True,,5827e4a4eb17fbbd10f76f460faa0464f24bfc73,Property Directed Reachability for Planning Revisited,International Conference on Principles of Knowledge Representation and Reasoning,2023.0,40.0,0.0,0.0,JournalArticle|Conference,Computer Science,True
DOI:10.24963/kr.2023/17,doi,10.24963/kr.2023/17,False,,,,,,,,,,,
DOI:10.24963/kr.2023/18,doi,10.24963/kr.2023/18,False,,,,,,,,,,,
DOI:10.24963/kr.2023/19,doi,10.24963/kr.2023/19,True,,94fb95d2cb7d444585182671b00e4565b0f5114d,How to Manage a Budget with ATL+,International Conference on Principles of Knowledge Representation and Reasoning,2023.0,36.0,1.0,0.0,JournalArticle|Conference,Computer Science,True
DOI:10.24963/kr.2023/2,doi,10.24963/kr.2023/2,True,,aeeecdac1a086e353f6ef4fdf9a2030e2e0330c1,Revising Boolean Logical Models of Biological Regulatory Networks,International Conference on Principles of Knowledge Representation and Reasoning,2023.0,36.0,2.0,0.0,JournalArticle|Conference,Computer Science,True
DOI:10.24963/kr.2023/20,doi,10.24963/kr.2023/20,False,,,,,,,,,,,
DOI:10.24963/kr.2023/21,doi,10.24963/kr.2023/21,True,,56996650346a3b1e97574eb7edd67e38e94f711f,Learning Hierarchical Policies by Iteratively Reducing the Width of Sketch Rules,International Conference on Principles of Knowledge Representation and Reasoning,2023.0,46.0,11.0,1.0,JournalArticle|Conference,Computer Science,True
DOI:10.24963/kr.2023/22,doi,10.24963/kr.2023/22,True,,b2d8e37ad9bcbc48f43615561f554ee133f640fd,Weighted Merging of Propositional Belief Bases,International Conference on Principles of Knowledge Representation and Reasoning,2023.0,18.0,3.0,0.0,JournalArticle|Conference,Computer Science,True
DOI:10.24963/kr.2023/23,doi,10.24963/kr.2023/23,True,,5cf00020d0ff9805da662f5a9df3e1c344f1e427,A Framework for Combining Entity Resolution and Query Answering in Knowledge Bases,International Conference on Principles of Knowledge Representation and Reasoning,2023.0,39.0,10.0,1.0,JournalArticle|Conference,Computer Science,True
DOI:10.24963/kr.2023/24,doi,10.24963/kr.2023/24,True,,c94300b02af589385d2c78447f40c90c90e5bf18,Omega-Completeness of the Logic of Here-and-There and Strong Equivalence of Logic Programs,International Conference on Principles of Knowledge Representation and Reasoning,2023.0,30.0,7.0,1.0,JournalArticle|Conference,Computer Science,True
DOI:10.24963/kr.2023/25,doi,10.24963/kr.2023/25,True,,7c3ed28ce576d8c67319858bf7d67e4b96d41dd2,Credible Models of Belief Update,International Conference on Principles of Knowledge Representation and Reasoning,2023.0,41.0,0.0,0.0,JournalArticle|Conference,Computer Science,True
DOI:10.24963/kr.2023/26,doi,10.24963/kr.2023/26,True,,895aee3de1ee8f61e1c0d858faf9305b2d827d77,A Family of Decidable Bi-intuitionistic Modal Logics,International Conference on Principles of Knowledge Representation and Reasoning,2023.0,31.0,1.0,0.0,JournalArticle|Conference,Computer Science,True
DOI:10.24963/kr.2023/27,doi,10.24963/kr.2023/27,True,,06670ccfd2fe290d671f2627a31e0dbada8bbeec,Logic-based Composition of Business Process Models,International Conference on Principles of Knowledge Representation and Reasoning,2023.0,27.0,0.0,0.0,JournalArticle|Conference,Computer Science,True
DOI:10.24963/kr.2023/28,doi,10.24963/kr.2023/28,True,,f9d9ceb7002c3448850012833db48aa893d54827,Reasoning about Probability via Continuous Functions,International Conference on Principles of Knowledge Representation and Reasoning,2023.0,26.0,2.0,0.0,JournalArticle|Conference,Computer Science,True
DOI:10.24963/kr.2023/29,doi,10.24963/kr.2023/29,True,,8d54440bd83e208d2a022710f5dc0c50d3cddf49,Succinctness and Complexity of ALC with Counting Perceptrons,International Conference on Principles of Knowledge Representation and Reasoning,2023.0,24.0,5.0,0.0,JournalArticle|Conference,Computer Science,True
DOI:10.24963/kr.2023/3,doi,10.24963/kr.2023/3,True,,e72a3760417efcf4eb3cac69fe7a263dacbb416c,Diagnosis for Post Concept Drift Decision Trees Repair,International Conference on Principles of Knowledge Representation and Reasoning,2023.0,52.0,4.0,0.0,JournalArticle|Conference,Computer Science,True
DOI:10.24963/kr.2023/30,doi,10.24963/kr.2023/30,True,,ff19b7f1a15346577685224373f3338dee61b5f2,Do Repeat Yourself: Understanding Sufficient Conditions for Restricted Chase Non-Termination,International Conference on Principles of Knowledge Representation and Reasoning,2023.0,33.0,3.0,0.0,JournalArticle|Conference,Computer Science,True
DOI:10.24963/kr.2023/31,doi,10.24963/kr.2023/31,False,,,,,,,,,,,
DOI:10.24963/kr.2023/32,doi,10.24963/kr.2023/32,True,,163dc2c4fe7002c0979c1381b1e57a5734b8bf35,Group Responsibility for Exceeding Risk Threshold,International Conference on Principles of Knowledge Representation and Reasoning,2023.0,45.0,6.0,0.0,JournalArticle|Conference,Computer Science,True
DOI:10.24963/kr.2023/33,doi,10.24963/kr.2023/33,False,,,,,,,,,,,
DOI:10.24963/kr.2023/34,doi,10.24963/kr.2023/34,True,,c4c4c78038ca2b6b107a91c31ca532758e58119d,The Impact of Structure in Answer Set Counting: Fighting Cycles and its Limits,International Conference on Principles of Knowledge Representation and Reasoning,2023.0,39.0,4.0,1.0,JournalArticle|Conference,Computer Science,True
DOI:10.24963/kr.2023/35,doi,10.24963/kr.2023/35,True,,d3001940c13afd3d97784bcef167a695a92f8972,Revising Typical Beliefs: One Revision to Rule Them All,International Conference on Principles of Knowledge Representation and Reasoning,2023.0,19.0,0.0,0.0,JournalArticle|Conference,Computer Science,True
DOI:10.24963/kr.2023/36,doi,10.24963/kr.2023/36,False,,,,,,,,,,,
DOI:10.24963/kr.2023/37,doi,10.24963/kr.2023/37,False,,,,,,,,,,,
DOI:10.24963/kr.2023/38,doi,10.24963/kr.2023/38,True,,1d33a6a97e6986d44da73ec037fc4bfc506a6ec8,Practical Abstraction for Model Checking of Multi-Agent Systems,International Conference on Principles of Knowledge Representation and Reasoning,2022.0,56.0,5.0,0.0,JournalArticle|Conference,Computer Science,True
DOI:10.24963/kr.2023/39,doi,10.24963/kr.2023/39,True,,7d6b35457e852d26997788b884105e1f2b6e2dc3,On Training Neurons with Bounded Compilations,International Conference on Principles of Knowledge Representation and Reasoning,2023.0,28.0,2.0,0.0,JournalArticle|Conference,Computer Science,True
DOI:10.24963/kr.2023/4,doi,10.24963/kr.2023/4,False,,,,,,,,,,,
DOI:10.24963/kr.2023/40,doi,10.24963/kr.2023/40,True,,a64a73e045b82a57ca96501b50ae8ea99a41a735,Knowledge Compilation and More with SharpSAT-TD,International Conference on Principles of Knowledge Representation and Reasoning,2023.0,31.0,13.0,1.0,JournalArticle|Conference,Computer Science,True
DOI:10.24963/kr.2023/41,doi,10.24963/kr.2023/41,False,,,,,,,,,,,
DOI:10.24963/kr.2023/42,doi,10.24963/kr.2023/42,False,,,,,,,,,,,
DOI:10.24963/kr.2023/43,doi,10.24963/kr.2023/43,True,,0ca6622e2ffef6cc6e04e0ea89dc0093c52eae02,Argumentation Frameworks Induced by Assumption-Based Argumentation: Relating Size and Complexity,Non-Monotonic Reasoning,2023.0,32.0,22.0,0.0,JournalArticle,Computer Science,True
DOI:10.24963/kr.2023/44,doi,10.24963/kr.2023/44,True,,91894f89c66f4975684a02468604368531d9e381,Concerning Measures in a First-order Logic with Actions and Meta-beliefs,International Conference on Principles of Knowledge Representation and Reasoning,2023.0,36.0,2.0,0.0,JournalArticle|Conference,Computer Science,True
DOI:10.24963/kr.2023/45,doi,10.24963/kr.2023/45,False,,,,,,,,,,,
DOI:10.24963/kr.2023/47,doi,10.24963/kr.2023/47,False,,,,,,,,,,,
DOI:10.24963/kr.2023/48,doi,10.24963/kr.2023/48,False,,,,,,,,,,,
DOI:10.24963/kr.2023/49,doi,10.24963/kr.2023/49,True,,e7766fd34bdb92347b894bf3ad83e909cbe2e12e,Complex Event Recognition with Allen Relations,International Conference on Principles of Knowledge Representation and Reasoning,2023.0,33.0,10.0,0.0,JournalArticle|Conference,Computer Science,True
DOI:10.24963/kr.2023/5,doi,10.24963/kr.2023/5,True,,41338582cc3b6d294c96f2b6f64daf1550c6f220,From Vision to Execution: Enabling Knowledge Representation and Reasoning in Hybrid Intelligent Robots Playing Mobile Games,International Conference on Principles of Knowledge Representation and Reasoning,2023.0,0.0,3.0,0.0,JournalArticle|Conference|Review,Computer Science,True
DOI:10.24963/kr.2023/50,doi,10.24963/kr.2023/50,True,,ab800ec7fd5252861cfc81afbf02e2842f4c86e6,Active Disjunctive Constraint Acquisition,International Conference on Principles of Knowledge Representation and Reasoning,2023.0,38.0,2.0,1.0,JournalArticle|Conference,Computer Science,True
DOI:10.24963/kr.2023/51,doi,10.24963/kr.2023/51,True,,83777f93ae509ac35f37067ed6acb2a246c8f4b3,Weak-Ensconcement for Shielded Base Contraction,International Conference on Principles of Knowledge Representation and Reasoning,2023.0,26.0,0.0,0.0,JournalArticle|Conference,Computer Science,True
DOI:10.24963/kr.2023/53,doi,10.24963/kr.2023/53,True,,aa84abb1c013c8a0721f93d16477f111355f3f99,ORLA: Learning Explainable Argumentation Models,International Conference on Principles of Knowledge Representation and Reasoning,2023.0,25.0,1.0,0.0,JournalArticle|Conference,Computer Science,True
DOI:10.24963/kr.2023/54,doi,10.24963/kr.2023/54,False,,,,,,,,,,,
DOI:10.24963/kr.2023/55,doi,10.24963/kr.2023/55,True,,fa997c9166842f56efff824e7c9aeb5fd20a69d0,Relating Abstract and Structured Accounts of Argumentation Dynamics: the Case of Expansions,International Conference on Principles of Knowledge Representation and Reasoning,2023.0,32.0,9.0,0.0,JournalArticle|Conference,Computer Science,True
DOI:10.24963/kr.2023/56,doi,10.24963/kr.2023/56,True,,db9940540dd138f590372ff12ef15fed7084ecde,"Fuzzy Truth, Fuzzy Support and Fuzzy Information States for Inquisitive Semantics",International Conference on Principles of Knowledge Representation and Reasoning,2023.0,27.0,0.0,0.0,JournalArticle|Conference,Computer Science,True
DOI:10.24963/kr.2023/57,doi,10.24963/kr.2023/57,False,,,,,,,,,,,
DOI:10.24963/kr.2023/58,doi,10.24963/kr.2023/58,True,,d8bdd21333a71126ea05e073215449355c372e8c,Explainable Clustering with CREAM,International Conference on Principles of Knowledge Representation and Reasoning,2023.0,44.0,15.0,0.0,JournalArticle|Conference,Computer Science,True
DOI:10.24963/kr.2023/59,doi,10.24963/kr.2023/59,True,,f7dfc593de76e034c4a7af7a902ef2e113e273fa,A Decomposition Framework for Inconsistency Handling in Qualitative Spatial and Temporal Reasoning,International Conference on Principles of Knowledge Representation and Reasoning,2023.0,39.0,9.0,0.0,JournalArticle|Conference,Computer Science,True
DOI:10.24963/kr.2023/6,doi,10.24963/kr.2023/6,True,,a3b624639b17eb650a75f8744369805933db32c6,Simple Contrapositive Assumption-Based Argumentation with Partially-Ordered Preferences,International Conference on Principles of Knowledge Representation and Reasoning,2023.0,35.0,2.0,0.0,JournalArticle|Conference,Computer Science,True
DOI:10.24963/kr.2023/60,doi,10.24963/kr.2023/60,True,,a9845967cc1c6fa732a80a74fb2f55abdf934b1b,Foundations for Projecting Away the Irrelevant in ASP Programs,International Conference on Principles of Knowledge Representation and Reasoning,2023.0,29.0,7.0,0.0,JournalArticle|Conference,Computer Science,True
DOI:10.24963/kr.2023/61,doi,10.24963/kr.2023/61,True,,048fbc6f8c283ee7e9302fa5dc5b4c94adb1150e,Iteration of Iterated Belief Revision,International Conference on Principles of Knowledge Representation and Reasoning,2023.0,24.0,3.0,0.0,JournalArticle|Conference,Computer Science,True
DOI:10.24963/kr.2023/62,doi,10.24963/kr.2023/62,True,,5a4a0127aa798a7def7958c91502b11cedc1b53f,Benchmark Datasets for Biomedical Knowledge Graphs with Negative Statements,SeWeBMeDA@ESWC,2023.0,74.0,8.0,1.0,JournalArticle,Computer Science,True
DOI:10.24963/kr.2023/63,doi,10.24963/kr.2023/63,True,,9e095b84dbdbbbc69e33f272f46e500de0234f8c,Learning General Policies with Policy Gradient Methods,International Conference on Principles of Knowledge Representation and Reasoning,2023.0,66.0,30.0,3.0,JournalArticle|Conference,Computer Science,True
DOI:10.24963/kr.2023/64,doi,10.24963/kr.2023/64,False,,,,,,,,,,,
DOI:10.24963/kr.2023/65,doi,10.24963/kr.2023/65,True,,2d288d4a788d83d9f6460b3c766704206c8fc404,Grounding LTLf Specifications in Images,International Workshop on Neural-Symbolic Learning and Reasoning,2023.0,55.0,9.0,0.0,JournalArticle,Computer Science,True
DOI:10.24963/kr.2023/66,doi,10.24963/kr.2023/66,True,,b4c18a1cb1ddc1cfffb7e3d99a63fc84eb207ad6,Computing All Facts Entailed By An LTL Specification,International Conference on Principles of Knowledge Representation and Reasoning,2023.0,39.0,1.0,0.0,JournalArticle|Conference,Computer Science,True
DOI:10.24963/kr.2023/67,doi,10.24963/kr.2023/67,True,,a42038a8ff0b0f068e2d5e3738916ebb8aeb5223,A²CoST: An ASP-based Avoidable Collision Scenario Testbench for Autonomous Vehicles,International Conference on Principles of Knowledge Representation and Reasoning,2023.0,40.0,4.0,1.0,JournalArticle|Conference,Computer Science,True
DOI:10.24963/kr.2023/68,doi,10.24963/kr.2023/68,True,,2a275bd0dfe26d8461283a099c16bd284c6f04f9,Integrating Linear Arithmetic Constraints Into Conditional Maximum Entropy Reasoning,International Conference on Principles of Knowledge Representation and Reasoning,2023.0,19.0,1.0,0.0,JournalArticle|Conference,Computer Science,True
DOI:10.24963/kr.2023/69,doi,10.24963/kr.2023/69,True,,d4fdbecc730a24dcce57fbde5fbf08b858a9179f,General Game Playing With State-Independent Communication,International Conference on Principles of Knowledge Representation and Reasoning,2023.0,18.0,0.0,0.0,JournalArticle|Conference,Computer Science,True
DOI:10.24963/kr.2023/7,doi,10.24963/kr.2023/7,True,,439a4b1174e2826df7db7b5f7b857cb8aa4c59d0,"A Singly Exponential Transformation of LTL[X, F] into Pure Past LTL",International Conference on Principles of Knowledge Representation and Reasoning,2023.0,17.0,6.0,0.0,JournalArticle|Conference,Computer Science,True
DOI:10.24963/kr.2023/71,doi,10.24963/kr.2023/71,True,,d64333f8c22f24f3e9c76ef56a8fbc7e487c73e4,Strategic Abilities of Forgetful Agents in Stochastic Environments,International Conference on Principles of Knowledge Representation and Reasoning,2023.0,49.0,9.0,0.0,JournalArticle|Conference,Computer Science,True
DOI:10.24963/kr.2023/72,doi,10.24963/kr.2023/72,True,,4f8cff776ce0a67f2120e75168dd29483a70fd8d,Towards Parallelising Extension Construction for Serialisable Semantics in Abstract Argumentation,International Conference on Principles of Knowledge Representation and Reasoning,2023.0,18.0,1.0,0.0,JournalArticle|Conference,Computer Science,True
DOI:10.24963/kr.2023/73,doi,10.24963/kr.2023/73,True,,ec45533e4792a0cb120242021099a5e23b8e02da,From Qualitative Choice Logic to Abstract Argumentation,International Conference on Principles of Knowledge Representation and Reasoning,2023.0,29.0,0.0,0.0,JournalArticle|Conference,Computer Science,True
DOI:10.24963/kr.2023/74,doi,10.24963/kr.2023/74,False,,,,,,,,,,,
DOI:10.24963/kr.2023/75,doi,10.24963/kr.2023/75,True,,03ad229d23d26855802e202e805254b70a375d74,Finest Syntax Splittings of Ranking Functions and Total Preorders on Worlds,International Conference on Principles of Knowledge Representation and Reasoning,2023.0,11.0,0.0,0.0,JournalArticle|Conference,Computer Science,True
DOI:10.24963/kr.2023/77,doi,10.24963/kr.2023/77,True,,f538cedfcbbc3f868add97d41da1905ecd38ec39,Verification of Semantic Key Point Detection for Aircraft Pose Estimation,International Conference on Principles of Knowledge Representation and Reasoning,2023.0,39.0,11.0,0.0,JournalArticle|Conference,Computer Science,True
DOI:10.24963/kr.2023/78,doi,10.24963/kr.2023/78,True,,8a25fffc0a23c1f9b23aa3dc9209e96a15c0fd5b,Counterfactual Explanations and Model Multiplicity: a Relational Verification View,International Conference on Principles of Knowledge Representation and Reasoning,2023.0,35.0,17.0,2.0,JournalArticle|Conference,Computer Science,True
DOI:10.24963/kr.2023/79,doi,10.24963/kr.2023/79,False,,,,,,,,,,,
DOI:10.24963/kr.2023/8,doi,10.24963/kr.2023/8,False,,,,,,,,,,,
DOI:10.24963/kr.2023/80,doi,10.24963/kr.2023/80,True,,0633c0449bd5b245dd99ce5c6e46dc3120c41069,Eliminating Redundant Actions from Plans Using Classical Planning,International Conference on Principles of Knowledge Representation and Reasoning,2023.0,26.0,6.0,0.0,JournalArticle|Conference,Computer Science,True
DOI:10.24963/kr.2023/9,doi,10.24963/kr.2023/9,True,,359f0617a451103f49c9f07c36a20e8ad1524f0a,Forgetting Aspects in Assumption-Based Argumentation,International Conference on Principles of Knowledge Representation and Reasoning,2023.0,36.0,6.0,0.0,JournalArticle|Conference,Computer Science,True
DOI:10.24963/kr.2024/1,doi,10.24963/kr.2024/1,False,,,,,,,,,,,
DOI:10.24963/kr.2024/10,doi,10.24963/kr.2024/10,True,,0c3cff0f9012132710cf2ddbe7773211b2be0035,Conditional Splittings of Belief Bases and Nonmonotonic Inference with c-Representations,International Conference on Principles of Knowledge Representation and Reasoning,2024.0,23.0,6.0,0.0,JournalArticle|Conference,Computer Science,False
DOI:10.24963/kr.2024/11,doi,10.24963/kr.2024/11,False,,,,,,,,,,,
DOI:10.24963/kr.2024/12,doi,10.24963/kr.2024/12,True,,8f0825fc338d0a8343e7c0d52eea83f2351486cd,Capturing Non-flat Assumption-based Argumentation with Bipolar SETAFs,International Conference on Principles of Knowledge Representation and Reasoning,2024.0,0.0,7.0,0.0,JournalArticle|Conference,Computer Science,False
DOI:10.24963/kr.2024/13,doi,10.24963/kr.2024/13,True,,860c76733a1ebf54d95b6ec27de4dfc1b9ae9f00,Abductive Reasoning in a Paraconsistent Framework,International Conference on Principles of Knowledge Representation and Reasoning,2024.0,33.0,3.0,0.0,JournalArticle|Conference,Computer Science|Mathematics,True
DOI:10.24963/kr.2024/16,doi,10.24963/kr.2024/16,False,,,,,,,,,,,
DOI:10.24963/kr.2024/17,doi,10.24963/kr.2024/17,True,,5002b344dd2eba542cf10f6f93d3a156627cdfc4,Weak Admissibility for ABA via Abstract Set-Attacks,International Conference on Principles of Knowledge Representation and Reasoning,2024.0,30.0,1.0,0.0,JournalArticle|Conference,Computer Science,False
DOI:10.24963/kr.2024/18,doi,10.24963/kr.2024/18,True,,ffc1e91558c949a0c09d68d1c266cd7b969adb37,Lost in the Crowd: k-unmatchability in Anonymized Knowledge Graphs,International Conference on Principles of Knowledge Representation and Reasoning,2024.0,18.0,0.0,0.0,JournalArticle|Conference,Computer Science,False
DOI:10.24963/kr.2024/19,doi,10.24963/kr.2024/19,True,,6bdb899d4a7b70c9ad0fe6447ff34ee66eba2cc5,Belief Change on Rational Rankings,International Conference on Principles of Knowledge Representation and Reasoning,2024.0,22.0,0.0,0.0,JournalArticle|Conference,Computer Science,False
DOI:10.24963/kr.2024/2,doi,10.24963/kr.2024/2,False,,,,,,,,,,,
DOI:10.24963/kr.2024/20,doi,10.24963/kr.2024/20,True,,a65287e431943fb7d1c54d6b5bf7a99220c9dd53,Action Language mA* with Higher-Order Action Observability,International Conference on Principles of Knowledge Representation and Reasoning,2024.0,0.0,0.0,0.0,JournalArticle|Conference,Computer Science,False
DOI:10.24963/kr.2024/21,doi,10.24963/kr.2024/21,True,,633e02646a523d1325cded73b48bc95a092971a6,Contracted Temporal Equilibrium Logic,International Conference on Principles of Knowledge Representation and Reasoning,2024.0,37.0,0.0,0.0,JournalArticle|Conference,Computer Science,False
DOI:10.24963/kr.2024/22,doi,10.24963/kr.2024/22,True,,77c8f02d2e3871f9bbcf4fbd01cd0b7d47fec780,Ontology-Based Query Answering over Datalog-Expressible Rule Sets is Undecidable,International Conference on Principles of Knowledge Representation and Reasoning,2024.0,75.0,0.0,0.0,JournalArticle|Conference,Computer Science,True
DOI:10.24963/kr.2024/23,doi,10.24963/kr.2024/23,True,,0e0c6c7fcc1ec6c7a56caf3c284da9abde2ac21b,Non-monotone Fixpoint Theory Based on the Structure of Weak Bilattices,International Conference on Principles of Knowledge Representation and Reasoning,2024.0,36.0,0.0,0.0,JournalArticle|Conference,Computer Science,False
DOI:10.24963/kr.2024/24,doi,10.24963/kr.2024/24,True,,6851eef8033438633c609912865522edc61bf70e,ASP-QRAT: A Conditionally Optimal Dual Proof System for ASP,International Conference on Principles of Knowledge Representation and Reasoning,2024.0,40.0,2.0,0.0,JournalArticle|Conference,Computer Science,False
DOI:10.24963/kr.2024/25,doi,10.24963/kr.2024/25,False,,,,,,,,,,,
DOI:10.24963/kr.2024/26,doi,10.24963/kr.2024/26,True,,cba0de3a85fa148ceb6436f2380f716939e98a79,On Verifying and Generating Robust Plans for Planning Tasks with Exogenous Events,International Conference on Principles of Knowledge Representation and Reasoning,2024.0,31.0,3.0,0.0,JournalArticle|Conference,Computer Science,False
DOI:10.24963/kr.2024/27,doi,10.24963/kr.2024/27,True,,74865bd855b519ca28022f502cad182867576855,Strongly Analytic Calculi for KLM Logics with SMT-Based Prover,International Conference on Principles of Knowledge Representation and Reasoning,2024.0,30.0,0.0,0.0,JournalArticle|Conference,Computer Science,False
DOI:10.24963/kr.2024/29,doi,10.24963/kr.2024/29,True,,e09208b7ac55c4ae2bb41da41e58c5bd38247e1a,Equilibrium Description Logics: Results on Complexity and Relations to Circumscription,International Conference on Principles of Knowledge Representation and Reasoning,2024.0,27.0,2.0,0.0,JournalArticle|Conference,Computer Science,False
DOI:10.24963/kr.2024/3,doi,10.24963/kr.2024/3,True,,1f8b7869f85bb289410ae3033597671e66953f5b,Probabilistic Synthesis and Verification for LTL on Finite Traces,International Conference on Principles of Knowledge Representation and Reasoning,2024.0,42.0,0.0,0.0,JournalArticle|Conference,Computer Science,False
DOI:10.24963/kr.2024/30,doi,10.24963/kr.2024/30,True,,1c9e838b51da0845756a5d0554233d2cc62c82a0,Blending Grounding and Compilation for Efficient ASP Solving,International Conference on Principles of Knowledge Representation and Reasoning,2024.0,51.0,12.0,0.0,JournalArticle|Conference,Computer Science,False
DOI:10.24963/kr.2024/31,doi,10.24963/kr.2024/31,True,,20cf99a702d0c4f272311befea893ab6064277e4,"Weighted Merging Operators: Product, Utility-based Operators and Egalitarianism",International Conference on Principles of Knowledge Representation and Reasoning,2024.0,19.0,1.0,0.0,JournalArticle|Conference,Computer Science,False
DOI:10.24963/kr.2024/32,doi,10.24963/kr.2024/32,True,,4b8f33b088f4a7030ad2bfe625a3b6bf694da297,Heuristic Strategies for Accelerating Multi-Agent Epistemic Planning,International Conference on Principles of Knowledge Representation and Reasoning,2024.0,30.0,0.0,0.0,JournalArticle|Conference,Computer Science,False
DOI:10.24963/kr.2024/33,doi,10.24963/kr.2024/33,True,,0cef29da6231389cb3e8540b3b1f04c60a622932,A Sound and Complete Axiomatisation for Intuitionistic Linear Temporal Logic,International Conference on Principles of Knowledge Representation and Reasoning,2024.0,25.0,0.0,0.0,JournalArticle|Conference,Computer Science,False
DOI:10.24963/kr.2024/34,doi,10.24963/kr.2024/34,False,,,,,,,,,,,
DOI:10.24963/kr.2024/35,doi,10.24963/kr.2024/35,True,,4702ffafd30da219d02dcc5d287e16ec3afacc30,Possibility of Conditionals and Conditional Possibilities: From the Triviality Result to Possibilistic Imaging,International Conference on Principles of Knowledge Representation and Reasoning,2024.0,39.0,3.0,0.0,JournalArticle|Conference,Computer Science,False
DOI:10.24963/kr.2024/36,doi,10.24963/kr.2024/36,True,,5d5632421877432e3bbd76d86c8f0d73ebb5b041,Reasoning in SHIQ with Axiom- and Concept-Level Standpoint Modalities,International Conference on Principles of Knowledge Representation and Reasoning,2024.0,38.0,2.0,0.0,JournalArticle|Conference,Computer Science,False
DOI:10.24963/kr.2024/37,doi,10.24963/kr.2024/37,False,,,,,,,,,,,
DOI:10.24963/kr.2024/38,doi,10.24963/kr.2024/38,False,,,,,,,,,,,
DOI:10.24963/kr.2024/4,doi,10.24963/kr.2024/4,True,,8e38e12e0825873b195f62d3c6dbdf60bf6c6f94,Proper Linear-time Specifications of Environment Behaviors in Nondeterministic Planning and Reactive Synthesis,International Conference on Principles of Knowledge Representation and Reasoning,2024.0,33.0,1.0,0.0,JournalArticle|Conference,Computer Science,False
DOI:10.24963/kr.2024/40,doi,10.24963/kr.2024/40,True,,7aae8e62bc4c4448c075906574932da1ef7f816b,Verification of General Games with Imperfect Information Using Strategy Logic,International Conference on Principles of Knowledge Representation and Reasoning,2024.0,26.0,1.0,0.0,JournalArticle|Conference,Computer Science,False
DOI:10.24963/kr.2024/41,doi,10.24963/kr.2024/41,True,,0b563d1f8f2837f3b8dceab7562418536c0e115a,From Acceptance to Rejection in Abstract Argumentation,International Conference on Principles of Knowledge Representation and Reasoning,2024.0,27.0,0.0,0.0,JournalArticle|Conference,Computer Science,False
DOI:10.24963/kr.2024/42,doi,10.24963/kr.2024/42,False,,,,,,,,,,,
DOI:10.24963/kr.2024/44,doi,10.24963/kr.2024/44,True,,e953e16da0b659e5dbb5601036baa6c43c1d2201,Incentive Design for Rational Agents,International Conference on Principles of Knowledge Representation and Reasoning,2024.0,27.0,1.0,0.0,JournalArticle|Conference,Computer Science,False
DOI:10.24963/kr.2024/45,doi,10.24963/kr.2024/45,False,,,,,,,,,,,
DOI:10.24963/kr.2024/46,doi,10.24963/kr.2024/46,True,,382e65b293221c7c409ee1aa61dbf1a1b70e276b,Unique Characterisability and Learnability of Temporal Queries Mediated by an Ontology,International Conference on Principles of Knowledge Representation and Reasoning,2023.0,74.0,1.0,0.0,JournalArticle|Conference|Review,Computer Science,True
DOI:10.24963/kr.2024/48,doi,10.24963/kr.2024/48,True,,d6d78cb9a85b8abd1d1206b0f11c5748ca0ba8c4,Leveraging Decision-DNNF Compilation for Enumerating Disjoint Partial Models,International Conference on Principles of Knowledge Representation and Reasoning,2024.0,23.0,3.0,1.0,JournalArticle|Conference,Computer Science,True
DOI:10.24963/kr.2024/49,doi,10.24963/kr.2024/49,True,,6154f28e4688439c5075cf9562311f04ad82704f,Complexity Results and Algorithms for Preferential Argumentative Reasoning in ASPIC+,International Conference on Principles of Knowledge Representation and Reasoning,2024.0,24.0,2.0,0.0,JournalArticle|Conference,Computer Science,False
DOI:10.24963/kr.2024/5,doi,10.24963/kr.2024/5,True,,f2ea8a23bc41835c2a45dd3567231994fdf1fa23,Abstraction in Assumption-based Argumentation,International Conference on Principles of Knowledge Representation and Reasoning,2024.0,30.0,0.0,0.0,JournalArticle|Conference,Computer Science,False
DOI:10.24963/kr.2024/50,doi,10.24963/kr.2024/50,False,,,,,,,,,,,
DOI:10.24963/kr.2024/51,doi,10.24963/kr.2024/51,True,,7cc1797921e302e5d43e7321291b3705804ca401,Description Logics with Abstraction and Refinement: From ALC to EL,International Conference on Principles of Knowledge Representation and Reasoning,2024.0,44.0,4.0,0.0,JournalArticle|Conference,Computer Science,False
DOI:10.24963/kr.2024/52,doi,10.24963/kr.2024/52,True,,4810c4c5dd06eeed169f2f439c5d1c3694ec3b61,SHACL Validation under the Well-founded Semantics,International Conference on Principles of Knowledge Representation and Reasoning,2024.0,17.0,8.0,0.0,JournalArticle|Conference,Computer Science,False
DOI:10.24963/kr.2024/53,doi,10.24963/kr.2024/53,False,,,,,,,,,,,
DOI:10.24963/kr.2024/54,doi,10.24963/kr.2024/54,False,,,,,,,,,,,
DOI:10.24963/kr.2024/55,doi,10.24963/kr.2024/55,False,,,,,,,,,,,
DOI:10.24963/kr.2024/56,doi,10.24963/kr.2024/56,True,,aa0bf9d421d2cd19824e835fc3381597ae62da2b,Balancing Open-Mindedness and Conservativeness in Quantitative Bipolar Argumentation (and How to Prove Semantical from Functional Properties),International Conference on Principles of Knowledge Representation and Reasoning,2024.0,28.0,6.0,0.0,JournalArticle|Conference|Review,Computer Science,False
DOI:10.24963/kr.2024/57,doi,10.24963/kr.2024/57,True,,21d5c213f00895c0940699f23ea7dd94db1bf7b8,Repairing Assumption-Based Argumentation Frameworks,International Conference on Principles of Knowledge Representation and Reasoning,2024.0,45.0,2.0,0.0,JournalArticle|Conference,Computer Science,False
DOI:10.24963/kr.2024/58,doi,10.24963/kr.2024/58,True,,2727fe4e71d1c93416e189da15f3b4186cb793b9,Semantic Constructions for Belief Base Contraction: Partial Meet vs Smooth Kernel,International Conference on Principles of Knowledge Representation and Reasoning,2024.0,25.0,1.0,0.0,JournalArticle|Conference,Computer Science,True
DOI:10.24963/kr.2024/59,doi,10.24963/kr.2024/59,True,,1904ac24300e2e2df66ef1d9dfd66095b7200f53,Collective Satisfaction Semantics for Opinion Based Argumentation,International Conference on Principles of Knowledge Representation and Reasoning,2024.0,16.0,1.0,0.0,JournalArticle|Conference,Computer Science,False
DOI:10.24963/kr.2024/6,doi,10.24963/kr.2024/6,True,,a46a8f929b1bbabf9d0cff13ce4050499860cf9b,A Uniform Language to Explain Decision Trees,International Conference on Principles of Knowledge Representation and Reasoning,2023.0,46.0,5.0,0.0,JournalArticle|Conference,Computer Science,True
DOI:10.24963/kr.2024/60,doi,10.24963/kr.2024/60,True,,c4dfe859426e74131f54d340a7f8868eb99b0f1a,Navigating and Querying Answer Sets: How Hard Is It Really and Why?,International Conference on Principles of Knowledge Representation and Reasoning,2024.0,69.0,4.0,0.0,JournalArticle|Conference,Computer Science,False
DOI:10.24963/kr.2024/61,doi,10.24963/kr.2024/61,True,,d035706da3ce3f4650632505256f68ff3b2f4215,On Abstracting over the Irrelevant in Answer Set Programming,International Conference on Principles of Knowledge Representation and Reasoning,2024.0,37.0,3.0,0.0,JournalArticle|Conference,Computer Science,False
DOI:10.24963/kr.2024/62,doi,10.24963/kr.2024/62,False,,,,,,,,,,,
DOI:10.24963/kr.2024/63,doi,10.24963/kr.2024/63,True,,0a4bccbc51363a4395388511ea8900e735859157,Optimisation and Approximation in Abstract Argumentation: The Case of Admissibility,International Conference on Principles of Knowledge Representation and Reasoning,2024.0,12.0,0.0,0.0,JournalArticle|Conference,Computer Science,False
DOI:10.24963/kr.2024/64,doi,10.24963/kr.2024/64,False,,,,,,,,,,,
DOI:10.24963/kr.2024/65,doi,10.24963/kr.2024/65,True,,5b067ff8df5663099a3374d184bd8b0334178352,Expressive Power of Definite Descriptions in Modal Logics,International Conference on Principles of Knowledge Representation and Reasoning,2024.0,0.0,0.0,0.0,JournalArticle|Conference,Computer Science,False
DOI:10.24963/kr.2024/66,doi,10.24963/kr.2024/66,False,,,,,,,,,,,
DOI:10.24963/kr.2024/67,doi,10.24963/kr.2024/67,True,,5397f70612d4de7fcbf9365db3a895f5d42d4cab,Explaining Reasoning Results for OWL Ontologies with Evee,International Conference on Principles of Knowledge Representation and Reasoning,2024.0,37.0,7.0,0.0,JournalArticle|Conference,Computer Science,False
DOI:10.24963/kr.2024/68,doi,10.24963/kr.2024/68,True,,55367a4bb4c85dc8b26100c67bfd64c9e936f114,ASP Chef: Draw and Expand,International Conference on Principles of Knowledge Representation and Reasoning,2024.0,20.0,4.0,0.0,JournalArticle|Conference,Computer Science,False
DOI:10.24963/kr.2024/69,doi,10.24963/kr.2024/69,True,,6350bf88e0283c5aa8d000ae73fa056cd400c908,dPASP: A Probabilistic Logic Programming Environment For Neurosymbolic Learning and Reasoning,International Conference on Principles of Knowledge Representation and Reasoning,2024.0,36.0,5.0,0.0,JournalArticle|Conference,Computer Science,False
DOI:10.24963/kr.2024/7,doi,10.24963/kr.2024/7,True,,a1679a9bf872efe2f1754dcc78af9cbf340fa7e9,Deontic Reasoning Based on Inconsistency Measures,International Conference on Principles of Knowledge Representation and Reasoning,2024.0,54.0,1.0,0.0,JournalArticle|Conference,Computer Science,False
DOI:10.24963/kr.2024/70,doi,10.24963/kr.2024/70,True,,8af1a9fdf441cfc2518f8c3b827f9ae4db7a810c,Nemo: Your Friendly and Versatile Rule Reasoning Toolkit,International Conference on Principles of Knowledge Representation and Reasoning,2024.0,49.0,22.0,3.0,JournalArticle|Conference,Computer Science,False
DOI:10.24963/kr.2024/71,doi,10.24963/kr.2024/71,False,,,,,,,,,,,
DOI:10.24963/kr.2024/72,doi,10.24963/kr.2024/72,False,,,,,,,,,,,
DOI:10.24963/kr.2024/73,doi,10.24963/kr.2024/73,True,,4deb2bb5e6be08dfdef29d033499e9c83c8b237f,Dialectical Reconciliation via Structured Argumentative Dialogues,International Conference on Principles of Knowledge Representation and Reasoning,2023.0,43.0,7.0,2.0,JournalArticle|Conference,Computer Science,True
DOI:10.24963/kr.2024/74,doi,10.24963/kr.2024/74,False,,,,,,,,,,,
DOI:10.24963/kr.2024/75,doi,10.24963/kr.2024/75,True,,8758ebd1c1223f218e473f9524ef406e58b9d4f5,Action Model Learning with Guarantees,International Conference on Principles of Knowledge Representation and Reasoning,2024.0,28.0,1.0,0.0,JournalArticle|Conference,Computer Science,True
DOI:10.24963/kr.2024/76,doi,10.24963/kr.2024/76,True,,34be48a6bc407012debebab170125ddd9b125520,Planning Domain Model Acquisition from State Traces without Action Parameters,International Conference on Principles of Knowledge Representation and Reasoning,2024.0,32.0,5.0,0.0,JournalArticle|Conference,Computer Science,True
DOI:10.24963/kr.2024/77,doi,10.24963/kr.2024/77,False,,,,,,,,,,,
DOI:10.24963/kr.2024/78,doi,10.24963/kr.2024/78,False,,,,,,,,,,,
DOI:10.24963/kr.2024/79,doi,10.24963/kr.2024/79,False,,,,,,,,,,,
DOI:10.24963/kr.2024/8,doi,10.24963/kr.2024/8,False,,,,,,,,,,,
DOI:10.24963/kr.2024/80,doi,10.24963/kr.2024/80,False,,,,,,,,,,,
DOI:10.24963/kr.2024/81,doi,10.24963/kr.2024/81,True,,a9b783e39fde23e50e990e19578044ddaaa0c6dc,LAD-based Feature Selection for Optimal Decision Trees and Other Classifiers,International Conference on Principles of Knowledge Representation and Reasoning,2024.0,46.0,1.0,0.0,JournalArticle|Conference,Computer Science,False
DOI:10.24963/kr.2024/82,doi,10.24963/kr.2024/82,False,,,,,,,,,,,
DOI:10.24963/kr.2024/83,doi,10.24963/kr.2024/83,True,,2c93af417fb75f28b209604b90a54f75fb4209da,Contestable AI needs Computational Argumentation,International Conference on Principles of Knowledge Representation and Reasoning,2024.0,128.0,17.0,1.0,JournalArticle|Conference,Computer Science,True
DOI:10.24963/kr.2024/84,doi,10.24963/kr.2024/84,False,,,,,,,,,,,
DOI:10.24963/kr.2024/85,doi,10.24963/kr.2024/85,True,,0880fa562f20f20d795b2891b38d1a637abccbd3,Learning Robust Reward Machines from Noisy Labels,International Conference on Principles of Knowledge Representation and Reasoning,2024.0,33.0,11.0,0.0,JournalArticle|Conference,Computer Science,True
DOI:10.24963/kr.2024/86,doi,10.24963/kr.2024/86,False,,,,,,,,,,,
DOI:10.24963/kr.2024/87,doi,10.24963/kr.2024/87,False,,,,,,,,,,,
DOI:10.24963/kr.2024/88,doi,10.24963/kr.2024/88,False,,,,,,,,,,,
DOI:10.24963/kr.2024/89,doi,10.24963/kr.2024/89,True,,1f382b114fe41890a36ea8dabf329253cf216593,Bridging Max Graph Neural Networks and Datalog with Negation,International Conference on Principles of Knowledge Representation and Reasoning,2024.0,49.0,8.0,0.0,JournalArticle|Conference,Computer Science,True
DOI:10.24963/kr.2024/90,doi,10.24963/kr.2024/90,True,,adedf0166f9ba4dde32d7dbfac7f6ee01d0b15e4,MTLearn: Extracting Temporal Rules Using Datalog Rule Learners,International Conference on Principles of Knowledge Representation and Reasoning,2024.0,49.0,1.0,0.0,JournalArticle|Conference,Computer Science,False
DOI:10.24963/kr.2024/91,doi,10.24963/kr.2024/91,True,,fa7cb6fc5239875f58150c05f39bc191b79a3ea3,Automated Reasoning in Systems Biology: a Necessity for Precision Medicine,International Conference on Principles of Knowledge Representation and Reasoning,2024.0,25.0,1.0,0.0,JournalArticle|Conference,Computer Science,True
DOI:10.24963/kr.2025/1,doi,10.24963/kr.2025/1,False,,,,,,,,,,,
DOI:10.24963/kr.2025/10,doi,10.24963/kr.2025/10,True,,1399fcf2f995182b9e80b03385743e9ae955dd6e,FastFound: Easing the ASP Bottleneck via Predicate-Decoupled Grounding,International Conference on Principles of Knowledge Representation and Reasoning,2025.0,0.0,0.0,0.0,JournalArticle|Conference,Computer Science,False
DOI:10.24963/kr.2025/11,doi,10.24963/kr.2025/11,True,,961a7a888368a0d822f9791270f65f60f540ecb6,An Axiomatic Study of a Modular Evaluation of Enthymeme Decoding in Weighted Structured Argumentation,International Conference on Principles of Knowledge Representation and Reasoning,2025.0,48.0,2.0,0.0,JournalArticle|Conference,Computer Science,False
DOI:10.24963/kr.2025/12,doi,10.24963/kr.2025/12,True,,d18483447cfb132894c800a02cded7b2b7bec337,Sequence Explanations for Acceptance in Abstract Argumentation,International Conference on Principles of Knowledge Representation and Reasoning,2025.0,39.0,1.0,0.0,JournalArticle|Conference,Computer Science,False
DOI:10.24963/kr.2025/13,doi,10.24963/kr.2025/13,True,,92b433f9d56202e26903a9c44356abcaefd0b4e9,A Reduct-based Approach to Skeptical Preferred Reasoning in Abstract Argumentation,International Conference on Principles of Knowledge Representation and Reasoning,2025.0,32.0,0.0,0.0,JournalArticle|Conference,Computer Science,False
DOI:10.24963/kr.2025/14,doi,10.24963/kr.2025/14,False,,,,,,,,,,,
DOI:10.24963/kr.2025/15,doi,10.24963/kr.2025/15,True,,dfc821a853c14be3db24f57084c775a383baa7d3,"Strategy Logic, Imperfect Information, and Hyperproperties",International Conference on Principles of Knowledge Representation and Reasoning,2025.0,24.0,1.0,0.0,JournalArticle|Conference,Computer Science,False
DOI:10.24963/kr.2025/16,doi,10.24963/kr.2025/16,False,,,,,,,,,,,
DOI:10.24963/kr.2025/17,doi,10.24963/kr.2025/17,False,,,,,,,,,,,
DOI:10.24963/kr.2025/18,doi,10.24963/kr.2025/18,True,,ea5075582607224211a8bfd1e10f3908b8553f4d,Halting Recurrent GNNs and the Graded mu-Calculus,International Conference on Principles of Knowledge Representation and Reasoning,2025.0,0.0,0.0,0.0,JournalArticle|Conference,Computer Science,False
DOI:10.24963/kr.2025/19,doi,10.24963/kr.2025/19,True,,2265cf30b171ce893265fd86dfcb400ffabb147e,An Intuitionistic Version of Alternating-Time Temporal Logic,International Conference on Principles of Knowledge Representation and Reasoning,2025.0,0.0,0.0,0.0,JournalArticle|Conference,Computer Science,False
DOI:10.24963/kr.2025/2,doi,10.24963/kr.2025/2,False,,,,,,,,,,,
DOI:10.24963/kr.2025/20,doi,10.24963/kr.2025/20,False,,,,,,,,,,,
DOI:10.24963/kr.2025/21,doi,10.24963/kr.2025/21,False,,,,,,,,,,,
DOI:10.24963/kr.2025/22,doi,10.24963/kr.2025/22,True,,5d2a72327fca5fc72e1bde4401c0c3371b14f064,Reasoning in Defeasible Description Logics with System W and Lexicographic Inference,International Conference on Principles of Knowledge Representation and Reasoning,2025.0,25.0,1.0,0.0,JournalArticle|Conference,Computer Science,False
DOI:10.24963/kr.2025/23,doi,10.24963/kr.2025/23,True,,27caf4334bdaf97362486a627ca2cd63845cb5e6,How Lucky Are You to Know Your Way? A Probabilistic Approach to Knowing How Logics,International Conference on Principles of Knowledge Representation and Reasoning,2025.0,0.0,1.0,0.0,JournalArticle|Conference,Computer Science,False
DOI:10.24963/kr.2025/24,doi,10.24963/kr.2025/24,False,,,,,,,,,,,
DOI:10.24963/kr.2025/26,doi,10.24963/kr.2025/26,True,,2fbc0a17122e5ba4c2f60307839606797321665d,On the Effects of Adding Assignments in Linear-Time Temporal Logics Modulo Theories,International Conference on Principles of Knowledge Representation and Reasoning,2025.0,49.0,0.0,0.0,JournalArticle|Conference,Computer Science,False
DOI:10.24963/kr.2025/28,doi,10.24963/kr.2025/28,False,,,,,,,,,,,
DOI:10.24963/kr.2025/29,doi,10.24963/kr.2025/29,False,,,,,,,,,,,
DOI:10.24963/kr.2025/3,doi,10.24963/kr.2025/3,True,,15649d182064cc80d4eff2fb303cc36011ec1cb9,Extending Abstract Argumentation Frameworks with Knowledge Bases,International Conference on Principles of Knowledge Representation and Reasoning,2025.0,67.0,0.0,0.0,JournalArticle|Conference,Computer Science,False
DOI:10.24963/kr.2025/30,doi,10.24963/kr.2025/30,True,,e9f770661b265545308e53a5f10769e5f90c37d4,Logic Explanation of AI Classifiers by Categorical Explaining Functors,International Conference on Principles of Knowledge Representation and Reasoning,2025.0,46.0,1.0,0.0,JournalArticle|Conference,Computer Science,False
DOI:10.24963/kr.2025/31,doi,10.24963/kr.2025/31,True,,faafc8d738caf97177e80243774234434d323d25,Two-Variable Logic for Hierarchically Partitioned and Ordered Data,International Conference on Principles of Knowledge Representation and Reasoning,2025.0,24.0,0.0,0.0,JournalArticle|Conference,Computer Science,False
DOI:10.24963/kr.2025/32,doi,10.24963/kr.2025/32,True,,efcf5bc19a50f24e6a781fb986bdde75a0434c9f,A Logic-Based Framework for Database Repairs,International Conference on Principles of Knowledge Representation and Reasoning,2023.0,39.0,2.0,0.0,JournalArticle|Conference,Computer Science,False
DOI:10.24963/kr.2025/33,doi,10.24963/kr.2025/33,False,,,,,,,,,,,
DOI:10.24963/kr.2025/34,doi,10.24963/kr.2025/34,True,,f3e1de9cb2cb2e4407dc42af1c388855e9f33b93,About the Multi-Head Linear Restricted Chase Termination,International Conference on Principles of Knowledge Representation and Reasoning,2025.0,17.0,1.0,0.0,JournalArticle|Conference,Computer Science,False
DOI:10.24963/kr.2025/35,doi,10.24963/kr.2025/35,False,,,,,,,,,,,
DOI:10.24963/kr.2025/36,doi,10.24963/kr.2025/36,False,,,,,,,,,,,
DOI:10.24963/kr.2025/37,doi,10.24963/kr.2025/37,True,,49a1ac50f46603c0b2b1a9828f2ab76af52ba6c6,A Framework for Inconsistency-tolerant Reasoning with Sets of Models,International Conference on Principles of Knowledge Representation and Reasoning,2025.0,17.0,0.0,0.0,JournalArticle|Conference,Computer Science,False
DOI:10.24963/kr.2025/38,doi,10.24963/kr.2025/38,True,,303cbe5cbf1ac60ff7c1421850ca3e1d7e58c062,Repairing General Game Descriptions,International Conference on Principles of Knowledge Representation and Reasoning,2025.0,0.0,0.0,0.0,JournalArticle|Conference,Computer Science,False
DOI:10.24963/kr.2025/39,doi,10.24963/kr.2025/39,True,,60cb9b9bd7a42c25c7153fa7d5da93460855a2c7,An Analysis of the Role of Syntax in Inductive Inference,International Conference on Principles of Knowledge Representation and Reasoning,2025.0,28.0,0.0,0.0,JournalArticle|Conference,Computer Science,False
DOI:10.24963/kr.2025/4,doi,10.24963/kr.2025/4,True,,db8591b6d1078b9ff30fca3ffd81185462f8fe88,Axiomatic Characterisations of Argumentation Semantics,International Conference on Principles of Knowledge Representation and Reasoning,2025.0,37.0,0.0,0.0,JournalArticle|Conference,Computer Science,False
DOI:10.24963/kr.2025/40,doi,10.24963/kr.2025/40,False,,,,,,,,,,,
DOI:10.24963/kr.2025/41,doi,10.24963/kr.2025/41,True,,651ea0509966aeb99c2fcb9b587c8b969bc6ed52,Complexity of Abduction in Łukasiewicz Logic,International Conference on Principles of Knowledge Representation and Reasoning,2025.0,65.0,1.0,0.0,JournalArticle|Conference,Computer Science,False
DOI:10.24963/kr.2025/42,doi,10.24963/kr.2025/42,True,,950b4706c73cf2ba248b114ab577b050bcb32533,Effective AGM Belief Contraction: A Journey Beyond the Finitary Realm,International Conference on Principles of Knowledge Representation and Reasoning,2024.0,55.0,0.0,0.0,JournalArticle|Conference,Computer Science,False
DOI:10.24963/kr.2025/43,doi,10.24963/kr.2025/43,True,,ee9f54288c05837b051c913a125d0da2092a36b7,Abstractions of Queries in Ontology-Based Data Access,International Conference on Principles of Knowledge Representation and Reasoning,2025.0,0.0,0.0,0.0,JournalArticle|Conference,Computer Science,False
DOI:10.24963/kr.2025/44,doi,10.24963/kr.2025/44,True,,d69e9a253c8ab4f51b8e6c3c6d430a31249db2d1,An Epistemic Theory of Deductive Arguments,International Conference on Principles of Knowledge Representation and Reasoning,2025.0,31.0,1.0,0.0,JournalArticle|Conference,Computer Science,False
DOI:10.24963/kr.2025/45,doi,10.24963/kr.2025/45,True,,49799b3c134db123258c651717ea451d11c04444,Non-deterministic Action Reversibility: Complexity Results,International Conference on Principles of Knowledge Representation and Reasoning,2025.0,20.0,0.0,0.0,JournalArticle|Conference,Computer Science,False
DOI:10.24963/kr.2025/47,doi,10.24963/kr.2025/47,False,,,,,,,,,,,
DOI:10.24963/kr.2025/48,doi,10.24963/kr.2025/48,True,,af5164563f398d9c5d7d53e08915aad4c52eb7ef,Faithful Differentiable Reasoning with Reshuffled Region-based Embeddings,International Conference on Principles of Knowledge Representation and Reasoning,2024.0,55.0,0.0,0.0,JournalArticle|Conference,Computer Science,False
DOI:10.24963/kr.2025/49,doi,10.24963/kr.2025/49,True,,fcaca98bac9dca1f7889e5b2fe7c9a73b4b6bbe2,A Methodology for Incompleteness-Tolerant and Modular Gradual Semantics for Argumentative Statement Graphs,International Conference on Principles of Knowledge Representation and Reasoning,2024.0,80.0,1.0,0.0,JournalArticle|Conference,Computer Science,False
DOI:10.24963/kr.2025/50,doi,10.24963/kr.2025/50,False,,,,,,,,,,,
DOI:10.24963/kr.2025/51,doi,10.24963/kr.2025/51,False,,,,,,,,,,,
DOI:10.24963/kr.2025/53,doi,10.24963/kr.2025/53,False,,,,,,,,,,,
DOI:10.24963/kr.2025/54,doi,10.24963/kr.2025/54,True,,98993c2bac2733cf5e1fc63a8202dfa2a939f5af,A Principle-based Framework for Analyzing Dialogue Game-based Semantics,International Conference on Principles of Knowledge Representation and Reasoning,2025.0,0.0,0.0,0.0,JournalArticle|Conference,Computer Science,False
DOI:10.24963/kr.2025/55,doi,10.24963/kr.2025/55,False,,,,,,,,,,,
DOI:10.24963/kr.2025/56,doi,10.24963/kr.2025/56,True,,b0d62679af521c1a50dbf7e64dc0a87c615614a0,Exploring Desirable Configurations in Global Logistics with Heuristic Search in Answer Set Programming,International Conference on Principles of Knowledge Representation and Reasoning,2025.0,23.0,0.0,0.0,JournalArticle|Conference,Computer Science,False
DOI:10.24963/kr.2025/57,doi,10.24963/kr.2025/57,True,,f784f41d48622f5fe590c3a3027218c1ea2b8093,Model Checker for Recursive Aggregates,International Conference on Principles of Knowledge Representation and Reasoning,2025.0,27.0,0.0,0.0,JournalArticle|Conference,Computer Science,False
DOI:10.24963/kr.2025/59,doi,10.24963/kr.2025/59,True,,cc9c8520207c42a5a9aaeaa97458cc8dfb82453e,Reasoning About Actual Causality in Answer Set Programming,International Conference on Principles of Knowledge Representation and Reasoning,2025.0,33.0,1.0,0.0,JournalArticle|Conference,Computer Science,False
DOI:10.24963/kr.2025/6,doi,10.24963/kr.2025/6,True,,330b86236e4b8530032a450bf91d540781f43032,Reasoning with Restricted Statistical Statements in Probabilistic Answer Set Programming: Complexity and Algorithms,International Conference on Principles of Knowledge Representation and Reasoning,2025.0,0.0,0.0,0.0,JournalArticle|Conference,Computer Science,False
DOI:10.24963/kr.2025/60,doi,10.24963/kr.2025/60,False,,,,,,,,,,,
DOI:10.24963/kr.2025/61,doi,10.24963/kr.2025/61,True,,4ce2c45c81721f3386177b9842c619921ce10aaf,ASP-Driven Visual Commonsense: A General Framework for Reasoning About Embodied Interaction in the Wild,International Conference on Principles of Knowledge Representation and Reasoning,2025.0,50.0,0.0,0.0,JournalArticle|Conference|Review,Computer Science,False
DOI:10.24963/kr.2025/62,doi,10.24963/kr.2025/62,True,,3e72f30cadce0cc580e0f1fc6e951bdc20d76939,A Tensor-Based Probabilistic Event Calculus,International Conference on Principles of Knowledge Representation and Reasoning,2025.0,29.0,2.0,0.0,JournalArticle|Conference,Computer Science,False
DOI:10.24963/kr.2025/64,doi,10.24963/kr.2025/64,False,,,,,,,,,,,
DOI:10.24963/kr.2025/65,doi,10.24963/kr.2025/65,True,,5fd458e9d00becf7e0af0441de47bc205cf5b2f7,An Embarrassingly Parallel Model Counter,International Conference on Principles of Knowledge Representation and Reasoning,2025.0,33.0,1.0,0.0,JournalArticle|Conference,Computer Science,False
DOI:10.24963/kr.2025/66,doi,10.24963/kr.2025/66,True,,86abeffe512164e3f5f9bbef591e45851821a909,Expressive Description Logics with Rich Yet Affordable Numeric Constraints,International Conference on Principles of Knowledge Representation and Reasoning,2025.0,17.0,0.0,0.0,JournalArticle|Conference,Computer Science,False
DOI:10.24963/kr.2025/67,doi,10.24963/kr.2025/67,True,,a80c105191d18f9a3efac4b2f841235b3f65d629,Counterexample-Guided Abstraction Refinement for Assumption-based Argumentation,International Conference on Principles of Knowledge Representation and Reasoning,2025.0,0.0,0.0,0.0,JournalArticle|Conference,Computer Science,False
DOI:10.24963/kr.2025/68,doi,10.24963/kr.2025/68,True,,5ff1e87985101deea3aa204210ad9ca255352c60,Reasoning in Assumption-Based Argumentation via SAT,International Conference on Principles of Knowledge Representation and Reasoning,2025.0,54.0,0.0,0.0,JournalArticle|Conference,Computer Science,False
DOI:10.24963/kr.2025/69,doi,10.24963/kr.2025/69,True,,be4c5fc94ecc6fd830770aa3c50b1a14909cf061,LTL Synthesis Under Multi-Agent Environment Assumptions,International Conference on Principles of Knowledge Representation and Reasoning,2025.0,34.0,2.0,0.0,JournalArticle|Conference,Computer Science,False
DOI:10.24963/kr.2025/7,doi,10.24963/kr.2025/7,True,,808beebf0284c261f710023ee9667362ac8ca6a9,A Novel Framework for Reasoning over Optimization Problems in Probabilistic Answer Set Programming,International Conference on Principles of Knowledge Representation and Reasoning,2025.0,0.0,1.0,0.0,JournalArticle|Conference,Computer Science,False
DOI:10.24963/kr.2025/70,doi,10.24963/kr.2025/70,False,,,,,,,,,,,
DOI:10.24963/kr.2025/71,doi,10.24963/kr.2025/71,False,,,,,,,,,,,
DOI:10.24963/kr.2025/72,doi,10.24963/kr.2025/72,False,,,,,,,,,,,
DOI:10.24963/kr.2025/73,doi,10.24963/kr.2025/73,True,,bc10d9a25049d2e41bfd6ced327c65414bac2d38,Pushing the Envelope in Numeric Pattern Planning,International Conference on Principles of Knowledge Representation and Reasoning,2025.0,30.0,0.0,0.0,JournalArticle|Conference,Computer Science,False
DOI:10.24963/kr.2025/74,doi,10.24963/kr.2025/74,True,,87782ba754e4dbe72147e15b253f92f1991480ae,Pruning with Belief Traps in Multi-agent Epistemic Planning,International Conference on Principles of Knowledge Representation and Reasoning,2025.0,0.0,0.0,0.0,JournalArticle|Conference,Computer Science,False
DOI:10.24963/kr.2025/75,doi,10.24963/kr.2025/75,True,,c8b2278fe1cfb9d0e9233c61b22019a8127d99e7,Cost-Optimal Delete-Free Classical Planning via Maximum Satisfiability,International Conference on Principles of Knowledge Representation and Reasoning,2025.0,43.0,0.0,0.0,JournalArticle|Conference,Computer Science,False
DOI:10.24963/kr.2025/76,doi,10.24963/kr.2025/76,False,,,,,,,,,,,
DOI:10.24963/kr.2025/77,doi,10.24963/kr.2025/77,True,,596c95bf9fbd629801288b0dda2e29b4d7f69b72,Domain-Independent Instance Generation for Classical Planning,International Conference on Principles of Knowledge Representation and Reasoning,2025.0,18.0,0.0,0.0,JournalArticle|Conference,Computer Science,False
DOI:10.24963/kr.2025/78,doi,10.24963/kr.2025/78,False,,,,,,,,,,,
DOI:10.24963/kr.2025/79,doi,10.24963/kr.2025/79,True,,070640d815f2fe2c772aba23f09e0713b4202eca,Representing Perfect Saturated Cost Partitioning Heuristics in Classical Planning,International Conference on Principles of Knowledge Representation and Reasoning,2025.0,27.0,0.0,0.0,JournalArticle|Conference,Computer Science,False
DOI:10.24963/kr.2025/8,doi,10.24963/kr.2025/8,True,,36f2f43d1c4aa4912e031969bd31ddf60d5c290c,Counting Solutions Under Cardinality Constraints: Structure Counts in Counting,International Conference on Principles of Knowledge Representation and Reasoning,2025.0,39.0,0.0,0.0,JournalArticle|Conference,Computer Science,False
DOI:10.24963/kr.2025/80,doi,10.24963/kr.2025/80,False,,,,,,,,,,,
DOI:10.24963/kr.2025/81,doi,10.24963/kr.2025/81,True,,bbced5ea4a46e51f492af73189bfa85e745c4ba0,Generalizing Platform-Aware Mission Planning for Infinite-State Timed Transition Systems,International Conference on Principles of Knowledge Representation and Reasoning,2025.0,17.0,0.0,0.0,JournalArticle|Conference,Computer Science,False
DOI:10.24963/kr.2025/82,doi,10.24963/kr.2025/82,True,,9b83c7aabacaa95da783110c77dc1c77f76a5bba,A Planning Compilation to Reason About Goal Achievement at Planning Time,International Conference on Principles of Knowledge Representation and Reasoning,2025.0,6.0,0.0,0.0,JournalArticle|Conference,Computer Science,False
DOI:10.24963/kr.2025/83,doi,10.24963/kr.2025/83,False,,,,,,,,,,,
DOI:10.24963/kr.2025/84,doi,10.24963/kr.2025/84,True,,1e401fe63d5bd0f342cbc7d7703a03c551bb4fce,Probabilistic HTN Planning: Formalization and Computational Complexity Analysis,International Conference on Principles of Knowledge Representation and Reasoning,2025.0,0.0,0.0,0.0,JournalArticle|Conference,Computer Science,False
DOI:10.24963/kr.2025/85,doi,10.24963/kr.2025/85,False,,,,,,,,,,,
DOI:10.24963/kr.2025/9,doi,10.24963/kr.2025/9,False,,,,,,,,,,,
DOI:10.29007/1q69,doi,10.29007/1q69,True,,95286831a946e12fbd37999fd5a044b652217cea,Prediction and Control of Stochastic Agents Using Formal Methods,FoMLAS@CAV,2023.0,16.0,2.0,0.0,JournalArticle,Computer Science,True
DOI:10.29007/59w3,doi,10.29007/59w3,True,,1fd85c975478c66fb60effb32b40185ea1ebedbe,Certified Private Inference on Neural Networks via Lipschitz-Guided Abstraction Refinement,FoMLAS@CAV,2023.0,0.0,2.0,0.0,JournalArticle,Computer Science,True
DOI:10.29007/5pdh,doi,10.29007/5pdh,True,,1b943cf6093ec3fe357564954f808ee8b9b4e8b6,Supporting Standardization of Neural Networks Verification with VNNLIB and CoCoNet,FoMLAS@CAV,2023.0,36.0,18.0,1.0,JournalArticle|Review,Computer Science,True
DOI:10.29007/5s2x,doi,10.29007/5s2x,True,,db2e4b61e342e5857519d403929b7895b0af2ac2,The Vehicle Tutorial: Neural Network Verification with Vehicle,FoMLAS@CAV,2023.0,0.0,8.0,0.0,JournalArticle|Review,Computer Science,True
DOI:10.29007/5t69,doi,10.29007/5t69,True,,8183a139960047a772b5e98eb6d653ddd2f9535a,Scalable Probabilistic Routes,Logic Programming and Automated Reasoning,2023.0,37.0,0.0,0.0,JournalArticle|Conference,Computer Science,True
DOI:10.29007/7r6j,doi,10.29007/7r6j,True,,2902a39ee6d0cee1c035a56d5402dc1dce1b1f94,Scaling Model Checking for Neural Network Analysis via State-Space Reduction and Input Segmentation,FoMLAS@CAV,2023.0,0.0,0.0,0.0,JournalArticle,Computer Science,True
DOI:10.29007/7wxb,doi,10.29007/7wxb,False,,,,,,,,,,,
DOI:10.29007/c25r,doi,10.29007/c25r,False,,,,,,,,,,,
DOI:10.29007/pvtn,doi,10.29007/pvtn,False,,,,,,,,,,,
DOI:10.29007/sclq,doi,10.29007/sclq,False,,,,,,,,,,,
DOI:10.3233/faia200438,doi,10.3233/faia200438,True,,75961127e5c631b738125cd990025b067ce3822e,Reasoning with Justifiable Exceptions in Contextual Hierarchies,International Conference on Principles of Knowledge Representation and Reasoning,2018.0,28.0,14.0,0.0,JournalArticle|Conference,Computer Science,False
DOI:10.4204/eptcs.229.10,doi,10.4204/eptcs.229.10,True,,ad10d5c9c6314dbe2e1de0b0ae3b616d6b208b3d,A High-Level LTL Synthesis Format: TLSF v1.1,SYNT@CAV,2016.0,30.0,50.0,4.0,JournalArticle,Computer Science|Mathematics,True
DOI:10.4204/eptcs.229.11,doi,10.4204/eptcs.229.11,True,,aad0f4425536e40e97c4a65ff7b9da199b13fc20,The Reactive Synthesis Competition: SYNTCOMP 2016 and Beyond,SYNT@CAV,2016.0,66.0,7.0,0.0,JournalArticle|Review,Computer Science|Economics,True
DOI:10.4204/eptcs.229.12,doi,10.4204/eptcs.229.12,True,,89605125336af1ab64face741b4cda7d689c3911,"The 3rd Reactive Synthesis Competition (SYNTCOMP 2016): Benchmarks, Participants & Results",SYNT@CAV,2016.0,50.0,14.0,0.0,JournalArticle|Review,Computer Science,True
DOI:10.4204/eptcs.229.13,doi,10.4204/eptcs.229.13,True,,3ac1a23b183a36bbd4a11eb895ae1d4f5e0a2622,SyGuS-Comp 2016: Results and Analysis,SYNT@CAV,2016.0,34.0,40.0,3.0,JournalArticle,Computer Science,True
DOI:10.4204/eptcs.229.3,doi,10.4204/eptcs.229.3,True,,cf0244b2c2ed4c4478aec5a14936e2f9756ca366,Using SyGuS to Synthesize Reactive Motion Plans,SYNT@CAV,2016.0,31.0,9.0,0.0,JournalArticle,Computer Science,True
DOI:10.4204/eptcs.229.4,doi,10.4204/eptcs.229.4,True,,4fa9421a7c9215d4971f939f84bd51f0745716e2,What You Really Need To Know About Your Neighbor,SYNT@CAV,2016.0,34.0,4.0,0.0,JournalArticle,Computer Science,True
DOI:10.4204/eptcs.229.5,doi,10.4204/eptcs.229.5,True,,e6e326872d0ea70c183cf61ac272caa269cd6fbd,Symbolic BDD and ADD Algorithms for Energy Games,SYNT@CAV,2016.0,21.0,6.0,0.0,JournalArticle,Computer Science|Mathematics,True
DOI:10.4204/eptcs.229.6,doi,10.4204/eptcs.229.6,True,,9e27e05d92801844c06d5296e370bd2b781ef150,Approaching Symbolic Parallelization by Synthesis of Recurrence Decompositions,SYNT@CAV,2016.0,33.0,3.0,0.0,JournalArticle,Computer Science,True
DOI:10.4204/eptcs.229.7,doi,10.4204/eptcs.229.7,True,,0b5c867bc6201b0b2af7cd42dadaa18a52c404a2,Leveraging Parallel Data Processing Frameworks with Verified Lifting,SYNT@CAV,2016.0,20.0,21.0,2.0,JournalArticle,Computer Science,True
DOI:10.4204/eptcs.229.8,doi,10.4204/eptcs.229.8,True,,7d823380355401e45c1c253cc8edd56c75718189,Developing a Practical Reactive Synthesis Tool: Experience and Lessons Learned,SYNT@CAV,2016.0,80.0,15.0,0.0,JournalArticle,Computer Science,True
DOI:10.4204/eptcs.229.9,doi,10.4204/eptcs.229.9,True,,e3c0acdf2057b448f15d47e789d9616d88b87399,An Update on Deductive Synthesis and Repair in the Leon Tool,SYNT@CAV,2016.0,27.0,12.0,0.0,JournalArticle,Computer Science,True
DOI:10.4204/eptcs.260.10,doi,10.4204/eptcs.260.10,True,,d12688ca2c1d891eb6a00f8166b0c8a4c0448a40,"The 4th Reactive Synthesis Competition (SYNTCOMP 2017): Benchmarks, Participants & Results",SYNT@CAV,2017.0,45.0,21.0,0.0,JournalArticle,Computer Science,True
DOI:10.4204/eptcs.260.4,doi,10.4204/eptcs.260.4,True,,0c1f51daafb90a758d2ea1678c00767619940477,CTL* synthesis via LTL synthesis,SYNT@CAV,2017.0,25.0,5.0,1.0,JournalArticle,Computer Science,True
DOI:10.4204/eptcs.260.5,doi,10.4204/eptcs.260.5,True,,33ab9b453a497d34182c33ca80168bf275af6ee7,Symbolic vs. Bounded Synthesis for Petri Games,SYNT@CAV,2017.0,22.0,10.0,0.0,JournalArticle,Computer Science,True
DOI:10.4204/eptcs.260.6,doi,10.4204/eptcs.260.6,True,,92db17712f5841ee7bac2a1d8e4daf3253f10b04,A Class of Control Certificates to Ensure Reach-While-Stay for Switched Systems,SYNT@CAV,2017.0,38.0,7.0,1.0,JournalArticle,Computer Science,True
DOI:10.4204/eptcs.260.8,doi,10.4204/eptcs.260.8,True,,aa7bc54d5cd0ba93e4137d374e79cadc79243559,SyGuS Techniques in the Core of an SMT Solver,SYNT@CAV,2017.0,44.0,15.0,2.0,JournalArticle|Review,Computer Science,True
DOI:10.4204/eptcs.260.9,doi,10.4204/eptcs.260.9,True,,0d16c41b4225c60f8312033dedfa43397e4d30f5,SyGuS-Comp 2017: Results and Analysis,SYNT@CAV,2017.0,16.0,42.0,6.0,JournalArticle,Computer Science,True
DOI:10.4204/eptcs.306.10,doi,10.4204/eptcs.306.10,True,,56610b508981d225d123369714c6f42f9cfb8fe4,A Three-Valued Semantics for Typed Logic Programming,ICLP Technical Communications,2019.0,40.0,3.0,0.0,JournalArticle,Computer Science,True
DOI:10.4204/eptcs.306.14,doi,10.4204/eptcs.306.14,True,,b37f47bbcabb110caac20df5cb4e4d481a87f9e6,Value of Information in Probabilistic Logic Programs,ICLP Technical Communications,2019.0,28.0,1.0,0.0,JournalArticle,Computer Science,True
DOI:10.4204/eptcs.306.17,doi,10.4204/eptcs.306.17,True,,c7f2e46194b6f95d14579388fb34c57feebffa3f,A Tractable Logic for Molecular Biology,ICLP Technical Communications,2019.0,23.0,1.0,0.0,JournalArticle,Computer Science,True
DOI:10.4204/eptcs.306.19,doi,10.4204/eptcs.306.19,True,,46201188ba98d1f1d7b989c0ef6f42800c67ae81,RestKB: A Library of Commonsense Knowledge about Dining at a Restaurant,ICLP Technical Communications,2019.0,33.0,5.0,1.0,JournalArticle,Computer Science|Sociology,True
DOI:10.4204/eptcs.306.20,doi,10.4204/eptcs.306.20,True,,2ea73e5196ba2f2734f228238cc0a9dfe7e9e566,Mutex Graphs and Multicliques: Reducing Grounding Size for Planning,ICLP Technical Communications,2019.0,19.0,1.0,0.0,JournalArticle,Computer Science,True
DOI:10.4204/eptcs.306.21,doi,10.4204/eptcs.306.21,True,,8cfe1f3f7310e1d54e791f1f6c604695d778744d,Most General Variant Unifiers,ICLP Technical Communications,2019.0,40.0,2.0,0.0,JournalArticle,Computer Science,True
DOI:10.4204/eptcs.306.22,doi,10.4204/eptcs.306.22,True,,202565ded56897f3a841cf738f940f4979be5f2b,Generating Local Search Neighborhood with Synthesized Logic Programs,ICLP Technical Communications,2019.0,21.0,1.0,0.0,JournalArticle,Computer Science,True
DOI:10.4204/eptcs.306.23,doi,10.4204/eptcs.306.23,True,,6bec5817123301354e1b2ca4caf07a89449ab2e6,A Human-Centered Data-Driven Planner-Actor-Critic Architecture via Logic Programming,ICLP Technical Communications,2019.0,47.0,1.0,0.0,JournalArticle,Computer Science,True
DOI:10.4204/eptcs.306.24,doi,10.4204/eptcs.306.24,True,,4dd3d013ed2e7648e6c2cc8ca1728584a5a84b06,Strong equivalence for LPMLN programs,ICLP Technical Communications,2019.0,31.0,3.0,0.0,JournalArticle,Computer Science|Mathematics,True
DOI:10.4204/eptcs.306.26,doi,10.4204/eptcs.306.26,True,,499cd8e97129f2e4c5a8e17439b73e9602350475,Lazy Stream Programming in Prolog,ICLP Technical Communications,2019.0,19.0,2.0,0.0,JournalArticle,Computer Science,True
DOI:10.4204/eptcs.306.28,doi,10.4204/eptcs.306.28,True,,0a2d260415de9d5d3408f630c85542578f4d60dc,Extended Magic for Negation: Efficient Demand-Driven Evaluation of Stratified Datalog with Precise Complexity Guarantees,ICLP Technical Communications,2019.0,36.0,6.0,0.0,JournalArticle,Computer Science,True
DOI:10.4204/eptcs.306.30,doi,10.4204/eptcs.306.30,True,,834b94ae7a4eed1849302b5812673e9e7c16aac7,Google vs IBM: A Constraint Solving Challenge on the Job-Shop Scheduling Problem,ICLP Technical Communications,2019.0,18.0,22.0,2.0,JournalArticle,Computer Science,True
DOI:10.4204/eptcs.306.31,doi,10.4204/eptcs.306.31,True,,d1eb687f1b63c7d0e97d04d8d38f3155ab8fe668,A Rule-Based System for Explainable Donor-Patient Matching in Liver Transplantation,ICLP Technical Communications,2019.0,13.0,1.0,0.0,JournalArticle,Computer Science|Medicine,True
DOI:10.4204/eptcs.306.32,doi,10.4204/eptcs.306.32,True,,1a14d0607ca2ac758636538d47581f1a911616fb,BigData Applications from Graph Analytics to Machine Learning by Aggregates in Recursion,ICLP Technical Communications,2019.0,16.0,13.0,0.0,JournalArticle,Computer Science,True
DOI:10.4204/eptcs.306.33,doi,10.4204/eptcs.306.33,True,,160219e280983036cada4c83371e20585b45a6d9,Natural Language Generation for Non-Expert Users,ICLP Technical Communications,2019.0,26.0,0.0,0.0,JournalArticle,Computer Science,True
DOI:10.4204/eptcs.306.34,doi,10.4204/eptcs.306.34,True,,d2c4d06500e2bc2a34ef4b9685d5bc8275a3d0ce,An ASP-based Approach for Attractor Enumeration in Synchronous and Asynchronous Boolean Networks,ICLP Technical Communications,2019.0,9.0,5.0,0.0,JournalArticle,Computer Science,True
DOI:10.4204/eptcs.306.35,doi,10.4204/eptcs.306.35,True,,262ba6aac8701dc92963b0de3440880bc06b797c,Encoding Selection for Solving Hamiltonian Cycle Problems with ASP,ICLP Technical Communications,2019.0,31.0,4.0,0.0,JournalArticle,Computer Science|Mathematics,True
DOI:10.4204/eptcs.306.37,doi,10.4204/eptcs.306.37,True,,0525e346d2b55f2cb37822d3b8364b6314e312c3,An Implementation of a Non-monotonic Logic in an Embedded Computer for a Motor-glider,ICLP Technical Communications,2019.0,14.0,0.0,0.0,JournalArticle,Computer Science,True
DOI:10.4204/eptcs.306.39,doi,10.4204/eptcs.306.39,True,,b4ec22bf85b0a4326b12eb56dc9c79bcee6f1d36,Towards Ethical Machines Via Logic Programming,ICLP Technical Communications,2019.0,20.0,11.0,0.0,JournalArticle,Computer Science,True
DOI:10.4204/eptcs.306.40,doi,10.4204/eptcs.306.40,True,,7861b536558e31cbeac8ce31d784c9d0d93274ee,A Temporal Module for Logical Frameworks,ICLP Technical Communications,2019.0,10.0,5.0,0.0,JournalArticle,Computer Science,True
DOI:10.4204/eptcs.306.41,doi,10.4204/eptcs.306.41,True,,df852b36393ce5055092876d49c01622e596b143,Solving a Flowshop Scheduling Problem with Answer Set Programming: Exploiting the Problem to Reduce the Number of Combinations,ICLP Technical Communications,2019.0,12.0,1.0,0.0,JournalArticle,Computer Science,True
DOI:10.4204/eptcs.306.50,doi,10.4204/eptcs.306.50,True,,7091f112606aea0a77c627a3aecc6b2b579eb27b,Reasoning about Qualitative Direction and Distance between Extended Objects using Answer Set Programming,ICLP Technical Communications,2019.0,47.0,1.0,0.0,JournalArticle,Computer Science,True
DOI:10.4204/eptcs.306.51,doi,10.4204/eptcs.306.51,True,,f7e6f4eb388bd4381d18636e4529a5c017a7fc17,Induction of Non-monotonic Logic Programs To Explain Statistical Learning Models,ICLP Technical Communications,2019.0,25.0,0.0,0.0,JournalArticle,Computer Science,True
DOI:10.4204/eptcs.306.53,doi,10.4204/eptcs.306.53,True,,a4e5b804e7865a671613331d1f3be09122a9f524,Conversational AI : Open Domain Question Answering and Commonsense Reasoning,ICLP Technical Communications,2019.0,18.0,10.0,0.0,JournalArticle,Computer Science,True
DOI:10.4204/eptcs.306.54,doi,10.4204/eptcs.306.54,True,,2addcf15c89a0660ee6ec4221a9478801dd00cf4,Design of a Solver for Multi-Agent Epistemic Planning,ICLP Technical Communications,2019.0,35.0,4.0,0.0,JournalArticle,Computer Science|Mathematics,True
DOI:10.4204/eptcs.306.55,doi,10.4204/eptcs.306.55,True,,b073e02fdeb47a05568515df4bbde281b18a85bf,Imperative Program Synthesis from Answer Set Programs,ICLP Technical Communications,2019.0,17.0,0.0,0.0,JournalArticle,Computer Science|Mathematics,True
DOI:10.4204/eptcs.306.57,doi,10.4204/eptcs.306.57,True,,e0a316477a667ba37548f64cd303f90a33b80675,Reasoning in Highly Reactive Environments,DC@AI*IA,2019.0,36.0,1.0,0.0,JournalArticle,Computer Science,True
DOI:10.4204/eptcs.306.58,doi,10.4204/eptcs.306.58,True,,dc677957f9652eaea624d904b801a00b568e8cab,Experimenting with Constraint Programming on GPU,ICLP Technical Communications,2019.0,22.0,0.0,0.0,JournalArticle,Computer Science,True
DOI:10.4204/eptcs.306.59,doi,10.4204/eptcs.306.59,True,,0db5f87dba7e831eb6176b4b21e9329fe5947b50,Research Report on Automatic Synthesis of Local Search Neighborhood Operators,ICLP Technical Communications,2019.0,33.0,0.0,0.0,JournalArticle,Computer Science,True
DOI:10.4204/eptcs.306.60,doi,10.4204/eptcs.306.60,True,,9091ad9dd0e76aff497bcefabc91b005bee40ec6,Distributed Answer Set Coloring: Stable Models Computation via Graph Coloring,ICLP Technical Communications,2019.0,19.0,0.0,0.0,JournalArticle,Computer Science,True
DOI:10.4204/eptcs.306.61,doi,10.4204/eptcs.306.61,True,,000d5fbbcbb115687510780506b44a7acc0d4f82,Memory Management in Resource-Bounded Agents,ICLP Technical Communications,2019.0,21.0,4.0,0.0,JournalArticle,Computer Science,True
DOI:10.4204/eptcs.306.8,doi,10.4204/eptcs.306.8,True,,846e6a4afc8ca687f19ac1b4e6a1f3b7876be4d8,Prolog Coding Guidelines: Status and Tool Support,ICLP Technical Communications,2019.0,27.0,1.0,0.0,JournalArticle,Computer Science,True
DOI:10.4204/eptcs.306.9,doi,10.4204/eptcs.306.9,True,,9633022c6a82cab4974163575f970b7541166129,Exploiting Partial Knowledge in Declarative Domain-Specific Heuristics for ASP,ICLP Technical Communications,2019.0,48.0,4.0,0.0,JournalArticle,Computer Science,True
DOI:10.4204/eptcs.307.3,doi,10.4204/eptcs.307.3,True,,46785aa521b49bc9c2e7c159176574833b532a55,"A Definitional Implementation of the Lax Logical Framework LLFP in Coq, for Supporting Fast and Loose Reasoning",LFMTP@LICS,2019.0,19.0,0.0,0.0,JournalArticle,Computer Science,True
DOI:10.4204/eptcs.307.5,doi,10.4204/eptcs.307.5,True,,f8dc9c72653e557186cc915f7f421d2419180689,Rapid Prototyping Formal Systems in MMT: 5 Case Studies,LFMTP@LICS,2019.0,30.0,9.0,0.0,JournalArticle,Computer Science,True
DOI:10.4204/eptcs.307.6,doi,10.4204/eptcs.307.6,True,,abf68292119d8956cf60e73ea887cc211ac28253,A Weakly Initial Algebra for Higher-Order Abstract Syntax in Cedille,LFMTP@LICS,2019.0,41.0,1.0,0.0,JournalArticle,Computer Science|Mathematics,True
DOI:10.4204/eptcs.325.10,doi,10.4204/eptcs.325.10,True,,7cb9a0fd0cf014bf297486e93101fe02ebcd9854,Variant-based Equational Unification under Constructor Symbols,ICLP Technical Communications,2020.0,41.0,1.0,0.0,JournalArticle,Computer Science,True
DOI:10.4204/eptcs.325.11,doi,10.4204/eptcs.325.11,True,,0640d8f3e74e83f37a424a7687ea6a929ee7d408,Solving Gossip Problems using Answer Set Programming: An Epistemic Planning Approach,ICLP Technical Communications,2020.0,15.0,1.0,0.0,JournalArticle,Computer Science,True
DOI:10.4204/eptcs.325.12,doi,10.4204/eptcs.325.12,True,,f0b5a0d124815c6645b5dcd2d13dd5fbce59c36e,Justifications for Goal-Directed Constraint Answer Set Programming,ICLP Technical Communications,2020.0,23.0,46.0,2.0,JournalArticle,Computer Science,True
DOI:10.4204/eptcs.325.13,doi,10.4204/eptcs.325.13,True,,ef753c6a23ea498861e0d4eb94109af6e0c5fc16,SQuARE: Semantics-based Question Answering and Reasoning Engine,ICLP Technical Communications,2020.0,26.0,11.0,0.0,JournalArticle,Computer Science,True
DOI:10.4204/eptcs.325.17,doi,10.4204/eptcs.325.17,True,,fdf7b93ea18a5a39143ff812f0deb7593f86512c,Automated Aggregator - Rewriting with the Counting Aggregate,ICLP Technical Communications,2020.0,15.0,1.0,0.0,JournalArticle,Computer Science,True
DOI:10.4204/eptcs.325.18,doi,10.4204/eptcs.325.18,True,,26aa35f4178a5a1808513393444bc5cb1f606521,"Deriving Theorems in Implicational Linear Logic, Declaratively",ICLP Technical Communications,2020.0,41.0,6.0,2.0,JournalArticle,Computer Science|Mathematics,True
DOI:10.4204/eptcs.325.19,doi,10.4204/eptcs.325.19,True,,fe0b7ca93547ac9ed6664b192ab1a78a69f162f4,A System for Explainable Answer Set Programming,ICLP Technical Communications,2020.0,15.0,31.0,0.0,JournalArticle,Computer Science,True
DOI:10.4204/eptcs.325.20,doi,10.4204/eptcs.325.20,True,,68688072897376218c283edab80649b2d718d91f,Tabling Optimization for Contextual Abduction,ICLP Technical Communications,2020.0,19.0,0.0,0.0,JournalArticle,Computer Science,True
DOI:10.4204/eptcs.325.22,doi,10.4204/eptcs.325.22,True,,82f750459ecfc6b24fbf1457459b30169a9f0aa5,Continuous Reasoning for Managing Next-Gen Distributed Applications,ICLP Technical Communications,2020.0,28.0,9.0,0.0,JournalArticle,Computer Science,True
DOI:10.4204/eptcs.325.23,doi,10.4204/eptcs.325.23,True,,78a5a5f9ac97e0be186bd082974bc35fab234e89,Sequent-Type Calculi for Systems of Nonmonotonic Paraconsistent Logics,ICLP Technical Communications,2020.0,31.0,4.0,0.0,JournalArticle,Mathematics|Computer Science,True
DOI:10.4204/eptcs.325.25,doi,10.4204/eptcs.325.25,True,,34bc1ba89047746a6fb744cf59c754222ffab90e,LP2PB: Translating Answer Set Programs into Pseudo-Boolean Theories,ICLP Technical Communications,2020.0,80.0,1.0,0.0,JournalArticle,Computer Science,True
DOI:10.4204/eptcs.325.27,doi,10.4204/eptcs.325.27,True,,a065047a4ad895d07b15e54eb82b624923832993,Dynamic Multi-Agent Path Finding based on Conflict Resolution using Answer Set Programming,ICLP Technical Communications,2020.0,11.0,3.0,0.0,JournalArticle,Computer Science,True
DOI:10.4204/eptcs.325.28,doi,10.4204/eptcs.325.28,True,,c465420b745b82278c1410af68002e4e7564d84e,An application of Answer Set Programming in Distributed Architectures: ASP Microservices,ICLP Technical Communications,2020.0,41.0,0.0,0.0,JournalArticle,Computer Science,True
DOI:10.4204/eptcs.325.29,doi,10.4204/eptcs.325.29,True,,0d15fcb055a02741cb7d84fdea249978f2b56634,Less Manual Work for Safety Engineers: Towards an Automated Safety Reasoning with Safety Patterns,ICLP Technical Communications,2020.0,28.0,5.0,0.0,JournalArticle,Computer Science|Engineering,True
DOI:10.4204/eptcs.325.31,doi,10.4204/eptcs.325.31,True,,131db8eff085b2669828e90bb477ef6238d4a453,A Machine Learning guided Rewriting Approach for ASP Logic Programs,ICLP Technical Communications,2020.0,17.0,5.0,0.0,JournalArticle,Computer Science,True
DOI:10.4204/eptcs.325.32,doi,10.4204/eptcs.325.32,True,,d5135d39472a27ef2936f29c6dbd227d670a2a28,Logical Judges Challenge Human Judges on the Strange Case of B.C.-Valjean,ICLP Technical Communications,2020.0,19.0,1.0,0.0,JournalArticle,Computer Science|Philosophy,True
DOI:10.4204/eptcs.325.38,doi,10.4204/eptcs.325.38,True,,0bc09a1d985107053a5dcf220ee96ebcbef17bb0,Constraint Programming Algorithms for Route Planning Exploiting Geometrical Information,ICLP Technical Communications,2020.0,28.0,1.0,0.0,JournalArticle|Review,Computer Science,True
DOI:10.4204/eptcs.325.39,doi,10.4204/eptcs.325.39,True,,4ba9f3ced395da3309519ff75fb24391945d14cd,Research Summary on Implementing Functional Patterns by Synthesizing Inverse Functions,ICLP Technical Communications,2020.0,23.0,0.0,0.0,JournalArticle,Computer Science,True
DOI:10.4204/eptcs.325.40,doi,10.4204/eptcs.325.40,True,,1705e2f1927eb004ebb677de6b9cc03fd062fc80,A Low-Level Index for Distributed Logic Programming,ICLP Technical Communications,2020.0,46.0,0.0,0.0,JournalArticle,Computer Science|Mathematics,True
DOI:10.4204/eptcs.325.41,doi,10.4204/eptcs.325.41,True,,c5b0eaf5984e6a1e31df2530df7b92607e79320b,Extending Answer Set Programs with Neural Networks,ICLP Technical Communications,2020.0,26.0,0.0,0.0,JournalArticle,Computer Science,True
DOI:10.4204/eptcs.325.8,doi,10.4204/eptcs.325.8,True,,75aecde18f0954c07cb5b8cbf9f151cb6c8d60a9,Splitting a Hybrid ASP Program,ICLP Technical Communications,2020.0,16.0,0.0,0.0,JournalArticle,Computer Science,True
DOI:10.4204/eptcs.345.12,doi,10.4204/eptcs.345.12,True,,c8ab8cd43e9dd1612a0249553eb6c6a9ad769e4a,Syntactic Requirements for Well-defined Hybrid Probabilistic Logic Programs,Electronic Proceedings in Theoretical Computer Science,2021.0,25.0,3.0,0.0,JournalArticle,Computer Science,True
DOI:10.4204/eptcs.345.13,doi,10.4204/eptcs.345.13,True,,1c7a2092144a55442bb6db4c88b85663d0e8dcd6,How to Split a Logic Program,ICLP Technical Communications,2021.0,23.0,1.0,1.0,JournalArticle,Computer Science,True
DOI:10.4204/eptcs.345.14,doi,10.4204/eptcs.345.14,True,,d2cd550043b6363ad590b4f7ba4fd7322da2ef9e,Fixpoint Semantics for Recursive SHACL,ICLP Technical Communications,2021.0,32.0,15.0,2.0,JournalArticle,Computer Science,True
DOI:10.4204/eptcs.345.17,doi,10.4204/eptcs.345.17,True,,bf56aa918b365a3a5181bdf1da57895d22f4f775,A Note on Occur-Check,Electronic Proceedings in Theoretical Computer Science,2021.0,13.0,2.0,0.0,JournalArticle,Computer Science,True
DOI:10.4204/eptcs.345.23,doi,10.4204/eptcs.345.23,True,,37d51a86a863a6e99f35a33eb6bd84c125f0ba7d,APIA: An Architecture for Policy-Aware Intentional Agents,ICLP Technical Communications,2021.0,20.0,4.0,0.0,JournalArticle,Computer Science,True
DOI:10.4204/eptcs.345.24,doi,10.4204/eptcs.345.24,True,,b62e514e123873f5d0f904a16d77ae9037991bae,DMAPF: A Decentralized and Distributed Solver for Multi-Agent Path Finding Problem with Obstacles,ICLP Technical Communications,2021.0,14.0,1.0,0.0,JournalArticle,Computer Science,True
DOI:10.4204/eptcs.345.25,doi,10.4204/eptcs.345.25,True,,89097158993c1c4868b7ae8729d24cdd8008f8c8,Refining the Semantics of Epistemic Specifications,ICLP Technical Communications,2021.0,29.0,7.0,1.0,JournalArticle,Computer Science,True
DOI:10.4204/eptcs.345.26,doi,10.4204/eptcs.345.26,True,,f012e4ce0040bc46060590c6e176672a3a1297ea,Generating Explainable Rule Sets from Tree-Ensemble Learning Methods by Answer Set Programming,ICLP Technical Communications,2021.0,33.0,8.0,0.0,JournalArticle,Computer Science,True
DOI:10.4204/eptcs.345.27,doi,10.4204/eptcs.345.27,True,,83ef43b332dd99f1cc266ab1765c33a611b99bb8,Natlog: a Lightweight Logic Programming Language with a Neuro-symbolic Touch,ICLP Technical Communications,2021.0,22.0,9.0,0.0,JournalArticle,Computer Science,True
DOI:10.4204/eptcs.345.28,doi,10.4204/eptcs.345.28,True,,6a83c7f4b8d854c6f1dfeb1e5ff5d35055972384,exp(ASPc): Explaining ASP Programs with Choice Atoms and Constraint Rules,ICLP Workshops,2021.0,18.0,7.0,0.0,JournalArticle,Computer Science,True
DOI:10.4204/eptcs.345.30,doi,10.4204/eptcs.345.30,True,,65f3ffc78a01989e0d111db30fd94e8668223c56,Modeling and Solving Graph Synthesis Problems Using SAT-Encoded Reachability Constraints in Picat,ICLP Technical Communications,2021.0,29.0,2.0,0.0,JournalArticle,Computer Science,True
DOI:10.4204/eptcs.345.32,doi,10.4204/eptcs.345.32,True,,7321d8f2e181cbea9ecfaf017f266fbb50cca2e6,A Logic-based Multi-agent System for Ethical Monitoring and Evaluation of Dialogues,ICLP Technical Communications,2021.0,7.0,17.0,0.0,JournalArticle,Computer Science,True
DOI:10.4204/eptcs.345.34,doi,10.4204/eptcs.345.34,True,,610e410e97638d3bcca26afe3b7d756344df2ada,Geolog: Scalable Logic Programming on Spatial Data,ICLP Technical Communications,2021.0,18.0,0.0,0.0,JournalArticle,Computer Science,True
DOI:10.4204/eptcs.345.35,doi,10.4204/eptcs.345.35,True,,b2a4c0c615616a5f39af418ea1230fe8898d0ae0,DiscASP: A Graph-based ASP System for Finding Relevant Consistent Concepts with Applications to Conversational Socialbots,ICLP Technical Communications,2021.0,28.0,12.0,0.0,JournalArticle,Computer Science,True
DOI:10.4204/eptcs.345.36,doi,10.4204/eptcs.345.36,True,,f7d964c43e4b4bef5980f7caf043188930a9a743,Generating Concurrent Programs From Sequential Data Structure Knowledge,ICLP Technical Communications,2020.0,21.0,3.0,0.0,JournalArticle,Computer Science,True
DOI:10.4204/eptcs.345.40,doi,10.4204/eptcs.345.40,True,,f8c5f27aaaa117e7ce61c9dbbb1ceb9f05720ace,Flexible and Explainable Solutions for Multi-Agent Path Finding Problems,ICLP Technical Communications,2021.0,21.0,2.0,0.0,JournalArticle,Computer Science,True
DOI:10.4204/eptcs.345.41,doi,10.4204/eptcs.345.41,True,,ff452d93bde1d7e61d0f19c2de64c36f8467eea0,Comprehensive Multi-Agent Epistemic Planning,ICLP Technical Communications,2021.0,30.0,1.0,0.0,JournalArticle,Computer Science,True
DOI:10.4204/eptcs.345.42,doi,10.4204/eptcs.345.42,True,,683243ce11c1ba5aaac37291ae24e8b5dc5e938d,Automata Techniques for Temporal Answer Set Programming,ICLP Technical Communications,2021.0,47.0,1.0,0.0,JournalArticle,Computer Science,True
DOI:10.4204/eptcs.345.43,doi,10.4204/eptcs.345.43,True,,00ee7f52eb8aeb5c3eaadd34c1223be4961c81f2,Quantitative and Stream Extensions of Answer Set Programming,ICLP Technical Communications,2021.0,34.0,0.0,0.0,JournalArticle,Computer Science,True
DOI:10.4204/eptcs.345.44,doi,10.4204/eptcs.345.44,True,,9a85ae4c90fbd91d2353aa97d4d31574f614881d,Graph Based Answer Set Programming Solver Systems,ICLP Workshops,2021.0,18.0,2.0,0.0,JournalArticle,Computer Science,True
DOI:10.4204/eptcs.345.45,doi,10.4204/eptcs.345.45,True,,4d593a0fd1b6bbc1dc4161189c430bf166637c1d,Compilation of Aggregates in ASP,ICLP Technical Communications,2021.0,28.0,0.0,0.0,JournalArticle,Computer Science,True
DOI:10.4204/eptcs.345.46,doi,10.4204/eptcs.345.46,True,,99cd953ccd936426a332bf28517ca1e383686f1f,Product Configuration in Answer Set Programming,ICLP Technical Communications,2021.0,26.0,3.0,0.0,JournalArticle,Computer Science,True
DOI:10.4204/eptcs.345.47,doi,10.4204/eptcs.345.47,True,,b45ee095fdc7735f760f1626f1d84fd09f865961,Formalisation of Action with Durations in Answer Set Programming,ICLP Technical Communications,2021.0,31.0,0.0,0.0,JournalArticle,Computer Science,True
DOI:10.4204/eptcs.364.1,doi,10.4204/eptcs.364.1,True,,48d3db3da67da1c147523f08398ac37428e1a7cf,Tree-Like Justification Systems are Consistent,ICLP Technical Communications / Doctoral Consortium,2022.0,14.0,0.0,0.0,JournalArticle,Computer Science,True
DOI:10.4204/eptcs.364.10,doi,10.4204/eptcs.364.10,True,,a52931adaa040ad674f5cc9adafe68dd42b34a5a,Knowledge Authoring with Factual English,ICLP Technical Communications / Doctoral Consortium,2022.0,17.0,1.0,0.0,JournalArticle,Computer Science,True
DOI:10.4204/eptcs.364.2,doi,10.4204/eptcs.364.2,True,,f0c225ff4a9671ec3c91d962f98db60c57c1eb8b,A Preliminary Data-driven Analysis of Common Errors Encountered by Novice SPARC Programmers,ICLP Technical Communications / Doctoral Consortium,2022.0,28.0,1.0,0.0,JournalArticle,Computer Science,True
DOI:10.4204/eptcs.364.35,doi,10.4204/eptcs.364.35,True,,ded46d3a6ef9a10ff539639b3fa70c654b338ea5,A Model-Oriented Approach for Lifting Symmetries in Answer Set Programming,ICLP Technical Communications / Doctoral Consortium,2022.0,34.0,0.0,0.0,JournalArticle,Computer Science,True
DOI:10.4204/eptcs.364.36,doi,10.4204/eptcs.364.36,True,,1ff4b2a8ab606dfb25ec53d66ed7bb400f91d4b8,Tools and Methodologies for Verifying Answer Set Programs,ICLP Technical Communications / Doctoral Consortium,2022.0,16.0,0.0,0.0,JournalArticle,Computer Science,True
DOI:10.4204/eptcs.364.37,doi,10.4204/eptcs.364.37,True,,52c59bfb548e95c47dabd70256200fe5e8d1cb4c,An ASP Framework for Efficient Urban Traffic Optimization,ICLP Technical Communications / Doctoral Consortium,2022.0,34.0,0.0,0.0,JournalArticle,Computer Science,True
DOI:10.4204/eptcs.364.38,doi,10.4204/eptcs.364.38,True,,4bb1b73d83f677315fd2b9a91ad73a49c318ee3c,Planning and Scheduling in Digital Health with Answer Set Programming,ICLP Technical Communications / Doctoral Consortium,2022.0,26.0,0.0,0.0,JournalArticle,Computer Science,True
DOI:10.4204/eptcs.364.39,doi,10.4204/eptcs.364.39,True,,23db7d44501e378fb83b0ad9dab08b1903c895ca,Decomposition Strategies for Solving Scheduling Problems in Industrial Applications,ICLP Technical Communications / Doctoral Consortium,2022.0,21.0,1.0,0.0,JournalArticle|Review,Computer Science,True
DOI:10.4204/eptcs.364.6,doi,10.4204/eptcs.364.6,True,,ccf1d6c96ea1720f82e903d32baef9b96a580e68,A Fixpoint Characterization of Three-Valued Disjunctive Hybrid MKNF Knowledge Bases,ICLP Technical Communications / Doctoral Consortium,2022.0,18.0,2.0,0.0,JournalArticle,Computer Science,True
DOI:10.4204/eptcs.364.7,doi,10.4204/eptcs.364.7,True,,35c8e96e690230afa86393bb21dfcdd77195e624,An Iterative Fixpoint Semantics for MKNF Hybrid Knowledge Bases with Function Symbols,ICLP Technical Communications / Doctoral Consortium,2022.0,18.0,1.0,0.0,JournalArticle,Computer Science,True
DOI:10.4204/eptcs.364.8,doi,10.4204/eptcs.364.8,True,,da3b9112189845f7c40afd95aea2bf76611d1b92,Jumping Evaluation of Nested Regular Path Queries,ICLP Technical Communications / Doctoral Consortium,2020.0,12.0,0.0,0.0,JournalArticle,Computer Science,True
DOI:10.4204/eptcs.364.9,doi,10.4204/eptcs.364.9,True,,2e14c6e164874d1c694fb7d90f62f2c6c939e739,"A Gaze into the Internal Logic of Graph Neural Networks, with Logic",ICLP Technical Communications / Doctoral Consortium,2022.0,23.0,3.0,0.0,JournalArticle,Computer Science,True
DOI:10.4204/eptcs.385.1,doi,10.4204/eptcs.385.1,True,,9357899d9fe13dfadde64e7c7ac98e0fe4e68e8b,ABA Learning via ASP,International Conference on Logic Programming,2023.0,19.0,6.0,0.0,JournalArticle|Conference,Computer Science,True
DOI:10.4204/eptcs.385.10,doi,10.4204/eptcs.385.10,True,,55f591ef3bfbc22a76c26382c6f2101f19cdf834,On the Potential of CLIP for Compositional Logical Reasoning,International Conference on Logic Programming,2023.0,12.0,4.0,0.0,JournalArticle|Conference,Computer Science,True
DOI:10.4204/eptcs.385.11,doi,10.4204/eptcs.385.11,True,,333b0bc8ce7a114cccff8aaaa2af8ab7f1ce23fd,Bottom-Up Stratified Probabilistic Logic Programming with Fusemate,International Conference on Logic Programming,2023.0,19.0,3.0,0.0,JournalArticle|Conference,Computer Science,True
DOI:10.4204/eptcs.385.12,doi,10.4204/eptcs.385.12,True,,bbe73a40d15e4de96faaf91544091f870b18c8d4,Generalizing Level Ranking Constraints for Monotone and Convex Aggregates,International Conference on Logic Programming,2023.0,32.0,1.0,1.0,JournalArticle|Conference,Computer Science,True
DOI:10.4204/eptcs.385.13,doi,10.4204/eptcs.385.13,True,,234ae5e24464ca80345ea813eaf8397189e05e0c,Sorting Strategies for Interactive Conflict Resolution in ASP,International Conference on Logic Programming,2023.0,0.0,0.0,0.0,JournalArticle|Conference,Computer Science,True
DOI:10.4204/eptcs.385.14,doi,10.4204/eptcs.385.14,True,,69a5865bdd9807527446dc23982e4022e3055122,Inductive Learning of Declarative Domain-Specific Heuristics for ASP,International Conference on Logic Programming,2023.0,24.0,0.0,0.0,JournalArticle|Conference,Computer Science,True
DOI:10.4204/eptcs.385.16,doi,10.4204/eptcs.385.16,True,,2f8b51fd44a258ffc41a4e84081b57f951f49422,"Solving Recurrence Relations using Machine Learning, with Application to Cost Analysis",International Conference on Logic Programming,2023.0,24.0,3.0,0.0,JournalArticle|Conference,Computer Science,True
DOI:10.4204/eptcs.385.17,doi,10.4204/eptcs.385.17,True,,497445b14019268d7c01a8a901987323840e7a16,On the Independencies Hidden in the Structure of a Probabilistic Logic Program,International Conference on Logic Programming,2023.0,17.0,2.0,0.0,JournalArticle|Conference,Computer Science,True
DOI:10.4204/eptcs.385.18,doi,10.4204/eptcs.385.18,True,,c1ac1066c80db83ce27d4014aab7ba6a99ac6084,Understanding ProbLog as Probabilistic Argumentation,International Conference on Logic Programming,2023.0,24.0,2.0,0.0,JournalArticle|Conference,Computer Science,True
DOI:10.4204/eptcs.385.20,doi,10.4204/eptcs.385.20,True,,a5498b286b94e35cf3655a0baf92d35854fa450c,On Feasibility of Declarative Diagnosis,International Conference on Logic Programming,2023.0,22.0,0.0,0.0,JournalArticle|Conference,Computer Science,True
DOI:10.4204/eptcs.385.21,doi,10.4204/eptcs.385.21,True,,fab4968fec783d50238148921e66effc059d0671,Explainable and Trustworthy Traffic Sign Detection for Safe Autonomous Driving: An Inductive Logic Programming Approach,International Conference on Logic Programming,2023.0,35.0,4.0,0.0,JournalArticle|Conference,Computer Science,True
DOI:10.4204/eptcs.385.23,doi,10.4204/eptcs.385.23,True,,bfc49c869ac7730ef1f20878783d8e1081e89554,A Logic Programming Approach to Global Logistics in a Co-Design Environment,International Conference on Logic Programming,2023.0,33.0,1.0,0.0,JournalArticle|Conference,Computer Science,True
DOI:10.4204/eptcs.385.24,doi,10.4204/eptcs.385.24,True,,6b20494d63e2d32e17efd5a4109e3c4d3cb4c7ea,The Janus System: Multi-paradigm Programming in Prolog and Python,International Conference on Logic Programming,2023.0,16.0,3.0,0.0,JournalArticle|Conference,Computer Science,True
DOI:10.4204/eptcs.385.26,doi,10.4204/eptcs.385.26,True,,e0ed6b9d404a20533bfc8f268ff183bc78cb8b26,Inferring Compensatory Kinase Networks in Yeast using Prolog,International Conference on Logic Programming,2023.0,12.0,0.0,0.0,JournalArticle|Conference,Computer Science|Biology,True
DOI:10.4204/eptcs.385.27,doi,10.4204/eptcs.385.27,True,,b549716038bb167fcc65e3f9f725013d8b2ea649,Reliable Natural Language Understanding with Large Language Models and Answer Set Programming,International Conference on Logic Programming,2023.0,35.0,32.0,2.0,JournalArticle|Conference,Computer Science,True
DOI:10.4204/eptcs.385.28,doi,10.4204/eptcs.385.28,True,,77ce45c5f0223747e0b10cfc0365ca22c6f1c09f,"Leasing the Cloud-Edge Continuum, à la Carte",International Conference on Logic Programming,2023.0,21.0,0.0,0.0,JournalArticle|Conference,Computer Science,True
DOI:10.4204/eptcs.385.3,doi,10.4204/eptcs.385.3,True,,779df86fa9e2752d3701f8ec1f2bfc34a26ef2cb,Benchmarking for Integrating Logic Rules with Everything Else,International Conference on Logic Programming,2023.0,34.0,2.0,0.0,JournalArticle|Conference,Computer Science,True
DOI:10.4204/eptcs.385.33,doi,10.4204/eptcs.385.33,True,,fa622037b406dfa8388d059ea46288d803f51766,"Demonstrating (Hybrid) Active Logic Documents and the Ciao Prolog Playground, and an Application to Verification Tutorials",International Conference on Logic Programming,2023.0,13.0,4.0,0.0,JournalArticle|Conference|Review,Computer Science,True
DOI:10.4204/eptcs.385.35,doi,10.4204/eptcs.385.35,True,,3e337ee15be8a08fee6c3cf6f045729cb6f2c22f,Nemo: First Glimpse of a New Rule Engine,International Conference on Logic Programming,2023.0,13.0,9.0,1.0,JournalArticle|Conference,Computer Science,True
DOI:10.4204/eptcs.385.38,doi,10.4204/eptcs.385.38,True,,3bd7322b1609932c827b459528bd2b777a7f1ac7,An xAI Approach for Data-to-Text Processing with ASP,International Conference on Logic Programming,2023.0,17.0,3.0,0.0,JournalArticle|Conference,Computer Science,True
DOI:10.4204/eptcs.385.39,doi,10.4204/eptcs.385.39,True,,438a16002636203e1f398d5ada3d9944f47b6fd4,Deontic Paradoxes in ASP with Weak Constraints,International Conference on Logic Programming,2023.0,26.0,3.0,0.0,JournalArticle|Conference,Computer Science,True
DOI:10.4204/eptcs.385.5,doi,10.4204/eptcs.385.5,True,,86d875ef8e883df09dc06633eff2b2eadd273279,A Dataflow Analysis for Comparing and Reordering Predicate Arguments,International Conference on Logic Programming,2023.0,30.0,0.0,0.0,JournalArticle|Conference,Computer Science,True
DOI:10.4204/eptcs.385.50,doi,10.4204/eptcs.385.50,True,,bcbbb9b88d8c1811283d264a80dc9c102ba805fe,Penalization Framework For Autonomous Agents Using Answer Set Programming,International Conference on Logic Programming,2023.0,10.0,0.0,0.0,JournalArticle|Conference,Computer Science,True
DOI:10.4204/eptcs.385.51,doi,10.4204/eptcs.385.51,True,,1a4f44a424c236866f48fd85815340b3a4b8b15d,Beyond Traditional Neural Networks: Toward adding Reasoning and Learning Capabilities through Computational Logic Techniques,International Conference on Logic Programming,2023.0,33.0,1.0,0.0,JournalArticle|Conference,Computer Science,True
DOI:10.4204/eptcs.385.52,doi,10.4204/eptcs.385.52,True,,9b9b68b4584aefed52cb65b2d686a3031fdfab76,Explainable Answer-set Programming,International Conference on Logic Programming,2023.0,38.0,2.0,0.0,JournalArticle|Conference,Computer Science,True
DOI:10.4204/eptcs.385.9,doi,10.4204/eptcs.385.9,True,,f72d5b141c4244e2507e3e24e2326782ecb99539,Towards One-Shot Learning for Text Classification using Inductive Logic Programming,International Conference on Logic Programming,2023.0,27.0,0.0,0.0,JournalArticle|Conference,Computer Science,True
DOI:10.4204/eptcs.416.1,doi,10.4204/eptcs.416.1,True,,43c3363250e9106643e39f29cb523012a5606adc,On LLM-generated Logic Programs and their Inference Execution Methods,Electronic Proceedings in Theoretical Computer Science,2025.0,0.0,2.0,0.0,JournalArticle,Computer Science,False
DOI:10.4204/eptcs.416.13,doi,10.4204/eptcs.416.13,True,,b1af0ee77ef0c771dfa23b9441fc9939deeb396e,Data2Concept2Text: An Explainable Multilingual Framework for Data Analysis Narration,International Conference on Logic Programming,2025.0,25.0,0.0,0.0,JournalArticle|Conference,Computer Science,False
DOI:10.4204/eptcs.416.14,doi,10.4204/eptcs.416.14,True,,20b872095a66167f4462bfa7e268cf19ffd7f72a,Counterfactual Explanations as Plans,International Conference on Logic Programming,2025.0,44.0,2.0,0.0,JournalArticle|Conference,Computer Science,False
DOI:10.4204/eptcs.416.15,doi,10.4204/eptcs.416.15,True,,e0bfb8792e8ad84fc2607eb58f175896af9b4072,Abduction of Domain Relationships from Data for VQA,International Conference on Logic Programming,2025.0,8.0,0.0,0.0,JournalArticle|Conference,Computer Science,False
DOI:10.4204/eptcs.416.16,doi,10.4204/eptcs.416.16,True,,ad205fb0ed5506fedabef991c925533f7f23f85c,"Graphical Conditions for the Existence, Unicity and Number of Regular Models",Electronic Proceedings in Theoretical Computer Science,2025.0,0.0,4.0,0.0,JournalArticle,Computer Science,False
DOI:10.4204/eptcs.416.17,doi,10.4204/eptcs.416.17,True,,136a890c6c57068c5dfc73494b14f3030ebf619d,Efficient OWL2QL Meta-reasoning Using ASP-based Hybrid Knowledge Bases,International Conference on Logic Programming,2025.0,16.0,2.0,0.0,JournalArticle|Conference,Computer Science,False
DOI:10.4204/eptcs.416.19,doi,10.4204/eptcs.416.19,True,,cee282449d4258eb84114074c7ab3d582b387f8e,ASP-driven User-interaction with Clinguin,International Conference on Logic Programming,2025.0,17.0,6.0,1.0,JournalArticle|Conference,Computer Science,False
DOI:10.4204/eptcs.416.2,doi,10.4204/eptcs.416.2,True,,0f6ba230281a72962c7c32fada2fd620d4f95747,Visual Graph Question Answering with ASP and LLMs for Language Parsing,International Conference on Logic Programming,2025.0,32.0,2.0,1.0,JournalArticle|Conference,Computer Science,False
DOI:10.4204/eptcs.416.20,doi,10.4204/eptcs.416.20,True,,b2f88d67021832e7fe253e42fa955ee3f0cf45e3,A Prolog Program for Bottom-up Evaluation,Electronic Proceedings in Theoretical Computer Science,2025.0,0.0,0.0,0.0,JournalArticle,Computer Science,False
DOI:10.4204/eptcs.416.21,doi,10.4204/eptcs.416.21,True,,67fa1d911b9550e903fadf670e4af1d69c3e71ce,Regular Typed Unification,International Conference on Logic Programming,2024.0,0.0,0.0,0.0,JournalArticle|Conference,Computer Science,False
DOI:10.4204/eptcs.416.22,doi,10.4204/eptcs.416.22,True,,a66e01217944a8777108a3de64d8038aaaa07fdd,Order-Sorted Intensional Logic: Expressing Subtyping Polymorphism with Typing Assertions and Quantification over Concepts,Electronic Proceedings in Theoretical Computer Science,2025.0,0.0,0.0,0.0,JournalArticle,Computer Science,False
DOI:10.4204/eptcs.416.23,doi,10.4204/eptcs.416.23,True,,bfc9ac22f52416cf5cc67a7cce1014d19f5b1955,A Coq Formalization of Unification Modulo Exclusive-Or,Electronic Proceedings in Theoretical Computer Science,2025.0,0.0,0.0,0.0,JournalArticle,Computer Science,False
DOI:10.4204/eptcs.416.24,doi,10.4204/eptcs.416.24,True,,f4355a8e0d71d42325c0df60a3523234bbe24143,Geospatial Trajectory Generation via Efficient Abduction: Deployment for Independent Testing,International Conference on Logic Programming,2024.0,33.0,3.0,1.0,JournalArticle|Conference,Computer Science,False
DOI:10.4204/eptcs.416.30,doi,10.4204/eptcs.416.30,True,,262c1320d57ecadad18ea6a492c05653d806b2fa,Generating Causally Compliant Counterfactual Explanations using ASP,International Conference on Logic Programming,2025.0,17.0,1.0,0.0,JournalArticle|Conference,Computer Science,False
DOI:10.4204/eptcs.416.32,doi,10.4204/eptcs.416.32,True,,aee7e26c4cd4ccea2d3386497dd8d75f12e56fb6,Computational methods for Dynamic Answer Set Programming,Electronic Proceedings in Theoretical Computer Science,2025.0,0.0,0.0,0.0,JournalArticle,Computer Science,False
DOI:10.4204/eptcs.416.33,doi,10.4204/eptcs.416.33,True,,93d86350aa9bedfa130a95ed2bd1ca6551971c98,Relating Answer Set Programming and Many-sorted Logics for Formal Verification,International Conference on Logic Programming,2025.0,48.0,0.0,0.0,JournalArticle|Conference,Computer Science,False
DOI:10.4204/eptcs.416.34,doi,10.4204/eptcs.416.34,True,,65a615187e1f0f40562408d99d0c6ee1ab944c6c,Answer Set Counting and its Applications to Network Reliability and System Biology,ICLP Workshops,2025.0,42.0,0.0,0.0,JournalArticle,Computer Science,False
DOI:10.4204/eptcs.416.35,doi,10.4204/eptcs.416.35,True,,b2a91417d7e2e47053c36818d938e42658ea7f59,Logical foundations of Smart Contracts,International Conference on Logic Programming,2025.0,34.0,1.0,0.0,JournalArticle|Conference,Computer Science,False
DOI:10.4204/eptcs.416.36,doi,10.4204/eptcs.416.36,True,,4e1a849ba612c6ac56d7ab0096249d761a49e7ef,Commonsense Reasoning-Aided Autonomous Vehicle Systems,International Conference on Logic Programming,2025.0,18.0,0.0,0.0,JournalArticle|Conference,Computer Science,False
DOI:10.4204/eptcs.416.37,doi,10.4204/eptcs.416.37,True,,40b652a8b8eb0fe04253fb82e4899c3783df5d8c,A Category-Theoretic Perspective on Approximation Fixpoint Theory,Electronic Proceedings in Theoretical Computer Science,2025.0,0.0,0.0,0.0,JournalArticle,Computer Science,False
DOI:10.4204/eptcs.416.38,doi,10.4204/eptcs.416.38,True,,14e0a9c259450a00936f85e61f102624eabfbfe4,Hybrid Answer Set Programming: Foundations and Applications,Electronic Proceedings in Theoretical Computer Science,2025.0,0.0,0.0,0.0,JournalArticle,Computer Science,False
DOI:10.4204/eptcs.416.39,doi,10.4204/eptcs.416.39,True,,9fd7dab028e85440fa6064bb170a7dff68a82375,Autonomous Task Completion Based on Goal-directed Answer Set Programming,Electronic Proceedings in Theoretical Computer Science,2025.0,0.0,0.0,0.0,JournalArticle,Computer Science,False
DOI:10.4204/eptcs.416.4,doi,10.4204/eptcs.416.4,True,,cbee184b80ad92aa41e55342c47102fd130dfdd4,Logical Lease Litigation: Prolog and LLMs for Rental Law Compliance in New York,Electronic Proceedings in Theoretical Computer Science,2025.0,0.0,2.0,0.0,JournalArticle,Computer Science,False
DOI:10.4204/eptcs.416.40,doi,10.4204/eptcs.416.40,True,,a415a762f2a936057b5ac7290a94cd109f318b51,Early Validation of High-level Requirements on Cyber-Physical Systems,ICLP Workshops,2025.0,0.0,0.0,0.0,JournalArticle,Computer Science,False
DOI:10.4204/eptcs.416.41,doi,10.4204/eptcs.416.41,True,,155858448fcadeadbb19b835bfd2a85e66689168,Reliable Conversational Agents under ASP Control that Understand Natural Language,Electronic Proceedings in Theoretical Computer Science,2025.0,0.0,0.0,0.0,JournalArticle,Computer Science,False
DOI:10.4204/eptcs.416.5,doi,10.4204/eptcs.416.5,True,,e047de0b4c11cd2c80ba41248fb471a8057dfc63,LP-LM: No Hallucinations in Question Answering with Logic Programming,International Conference on Logic Programming,2025.0,17.0,2.0,0.0,JournalArticle|Conference,Computer Science,False
DOI:10.4204/eptcs.416.6,doi,10.4204/eptcs.416.6,True,,f0fb0e7f70c3a2bc4cc4c3793ddebe1127e00062,Neuro-Symbolic Contrastive Learning for Cross-domain Inference,International Conference on Logic Programming,2025.0,52.0,1.0,0.0,JournalArticle|Conference,Computer Science,False
DOI:10.4204/eptcs.416.7,doi,10.4204/eptcs.416.7,True,,67a8a1487c970e5862ce3249b9c21738e6306719,Architecture for Simulating Behavior Mode Changes in Norm-Aware Autonomous Agents,International Conference on Logic Programming,2025.0,18.0,0.0,0.0,JournalArticle|Conference,Computer Science,False
DOI:10.4204/eptcs.416.9,doi,10.4204/eptcs.416.9,True,,f0c94f3933d8abfc7bf43a9503f39fc560535806,"Mind the Gaps: Logical English, Prolog, and Multi-agent Systems for Autonomous Vehicles",International Conference on Logic Programming,2025.0,19.0,3.0,0.0,JournalArticle|Conference,Computer Science,False
DOI:10.4204/eptcs.434.4,doi,10.4204/eptcs.434.4,True,,afb51ccfcb79aa255dfd9143cf4210bf765064ac,Semantic Properties of Computations Defined by Elementary Inference Systems,HCVS@CAV,2025.0,48.0,0.0,0.0,JournalArticle,Computer Science,False
DOI:10.4204/eptcs.434.5,doi,10.4204/eptcs.434.5,True,,5443a0cfa98ef4123162407587a074eaaf26ab57,Theta as a Horn Solver,HCVS@CAV,2025.0,30.0,0.0,0.0,JournalArticle,Computer Science,False
DOI:10.4204/eptcs.434.6,doi,10.4204/eptcs.434.6,True,,d789367118b5e0f8b17ab675ddef49ae89feba5e,CHCVerif: A Portfolio-Based Solver for Constrained Horn Clauses,HCVS@CAV,2025.0,31.0,0.0,0.0,JournalArticle,Computer Science,False
DOI:10.4204/eptcs.439.10,doi,10.4204/eptcs.439.10,True,,2bbcb3c73fc391e1130879ffe80d9a3852fe2216,Correcting Autonomous Driving Object Detection Misclassifications with Automated Commonsense Reasoning,International Conference on Logic Programming,2026.0,28.0,0.0,0.0,JournalArticle|Conference,Computer Science,False
DOI:10.4204/eptcs.439.13,doi,10.4204/eptcs.439.13,True,,2997a30689e5425355f8847cf6696b106a2dfa0e,A framework for Conditional Reasoning in Answer Set Programming,International Conference on Logic Programming,2025.0,40.0,3.0,0.0,JournalArticle|Conference,Computer Science,False
DOI:10.4204/eptcs.439.15,doi,10.4204/eptcs.439.15,True,,4efa4ddd04f891b8cae76448017ea76f1ab18b8e,Defeasible Conditionals using Answer Set Programming,Electronic Proceedings in Theoretical Computer Science,2026.0,27.0,0.0,0.0,JournalArticle,Computer Science,False
DOI:10.4204/eptcs.439.16,doi,10.4204/eptcs.439.16,True,,8c53494a3d7f39b7d42ce9d0daab1f37a32ffdec,Extracting Policies from Quantified Answer Set Programs,International Conference on Logic Programming,2026.0,24.0,0.0,0.0,JournalArticle|Conference,Computer Science,False
DOI:10.4204/eptcs.439.17,doi,10.4204/eptcs.439.17,True,,05b1ba557de2bd2f797402fdefe2c5b0c8889a2c,A Simple and Effective ASP-Based Tool for Enumerating Minimal Hitting Sets,International Conference on Logic Programming,2025.0,74.0,1.0,0.0,JournalArticle|Conference,Computer Science,False
DOI:10.4204/eptcs.439.18,doi,10.4204/eptcs.439.18,True,,8584c98df036c8ba3c80c70140d59ef9bf433b8a,Logic Programming with Extensible Types,International Conference on Logic Programming,2026.0,27.0,0.0,0.0,JournalArticle|Conference,Computer Science,False
DOI:10.4204/eptcs.439.19,doi,10.4204/eptcs.439.19,True,,b37971465773cb6f8ba852ca097fab253c592522,Fixpoint Semantics for DatalogMTL with Negation,International Conference on Logic Programming,2026.0,32.0,1.0,0.0,JournalArticle|Conference,Computer Science,False
DOI:10.4204/eptcs.439.2,doi,10.4204/eptcs.439.2,True,,f7c0077bc5a5fc04596d4881679834ca25846ecb,Propositional Abduction via Only-Knowing: A Non-Monotonic Approach,International Conference on Logic Programming,2026.0,23.0,0.0,0.0,JournalArticle|Conference,Computer Science,False
DOI:10.4204/eptcs.439.21,doi,10.4204/eptcs.439.21,True,,98d95bc5dd8053d345b65aa2eab2c7c1415c0237,On the Trap Space Semantics of Normal Logic Programs,Electronic Proceedings in Theoretical Computer Science,2026.0,46.0,0.0,0.0,JournalArticle,Computer Science,False
DOI:10.4204/eptcs.439.22,doi,10.4204/eptcs.439.22,True,,caf04768b7ade83c0b3b84cbf19a3bd750aa2fda,Reasoning about Medical Triage Optimization with Logic Programming,International Conference on Logic Programming,2025.0,24.0,2.0,0.0,JournalArticle|Conference,Computer Science,False
DOI:10.4204/eptcs.439.23,doi,10.4204/eptcs.439.23,True,,b6da21810c79703fc7d2589a0b17eba95467c8d8,The ASP-based Nurse Scheduling System at the University of Yamanashi Hospital,International Conference on Logic Programming,2025.0,16.0,0.0,0.0,JournalArticle|Conference,Computer Science,False
DOI:10.4204/eptcs.439.24,doi,10.4204/eptcs.439.24,True,,61fddf7d130dde8ff24ffe082ad39e1f1202b5e3,Hybrid MKNF for Aeronautics Applications: Usage and Heuristics,Electronic Proceedings in Theoretical Computer Science,2026.0,43.0,0.0,0.0,JournalArticle,Computer Science,False
DOI:10.4204/eptcs.439.25,doi,10.4204/eptcs.439.25,True,,a617eed532e906b71f9f8d62c0a0f59bc6275a0e,An ASP-based Solution to the Medical Appointment Scheduling Problem,International Conference on Logic Programming,2026.0,29.0,0.0,0.0,JournalArticle|Conference,Computer Science,False
DOI:10.4204/eptcs.439.28,doi,10.4204/eptcs.439.28,True,,b1fb09e9997935ec456515ecd8f72ea17306c7af,"XAI-LAW: A Logic Programming Tool for Modeling, Explaining, and Learning Legal Decisions",International Conference on Logic Programming,2026.0,37.0,0.0,0.0,JournalArticle|Conference,Computer Science,False
DOI:10.4204/eptcs.439.29,doi,10.4204/eptcs.439.29,True,,c3f4aa998b7777a88ef9e5e93d15a61b2d42ab91,Formally Explaining Decision Tree Models with Answer Set Programming,International Conference on Logic Programming,2026.0,24.0,0.0,0.0,JournalArticle|Conference,Computer Science,False
DOI:10.4204/eptcs.439.3,doi,10.4204/eptcs.439.3,True,,e78882e2878f33e185d15797e00d44e97445866d,An ASP-Based Framework for MUSes,International Conference on Logic Programming,2025.0,90.0,3.0,0.0,JournalArticle|Conference,Computer Science,False
DOI:10.4204/eptcs.439.30,doi,10.4204/eptcs.439.30,True,,97da3b7acba9b4d329638060ebd86583b3b86dd1,xDNN(ASP): Explanation Generation System for Deep Neural Networks powered by Answer Set Programming,Electronic Proceedings in Theoretical Computer Science,2026.0,33.0,0.0,0.0,JournalArticle,Computer Science,False
DOI:10.4204/eptcs.439.31,doi,10.4204/eptcs.439.31,True,,47797ec7bd631f33aeff054b9a68f0090b4f52c2,Implementing the First-Order Logic of Here and There,International Conference on Logic Programming,2026.0,35.0,1.0,0.0,JournalArticle|Conference,Computer Science,False
DOI:10.4204/eptcs.439.33,doi,10.4204/eptcs.439.33,True,,43c1c4a6efc86f4314d41d09618bd05afee21baf,Investigating the Grounding Bottleneck for a Large-Scale Configuration Problem: Existing Tools and Constraint-Aware Guessing,International Conference on Logic Programming,2026.0,14.0,0.0,0.0,JournalArticle|Conference,Computer Science,False
DOI:10.4204/eptcs.439.34,doi,10.4204/eptcs.439.34,True,,e3cbdea33199392ccb82505b8dfb2c8685dedca4,On Zeno-like Behaviors in the Event Calculus with Goal-directed Answer Set Programming,International Conference on Logic Programming,2026.0,20.0,0.0,0.0,JournalArticle|Conference,Computer Science,False
DOI:10.4204/eptcs.439.35,doi,10.4204/eptcs.439.35,True,,b564933a79794d524cde1fbeb2862ed61653eb37,Inductive First-Order Formula Synthesis by ASP: A Case Study in Invariant Inference,International Conference on Logic Programming,2026.0,29.0,1.0,1.0,JournalArticle|Conference,Computer Science,False
DOI:10.4204/eptcs.439.36,doi,10.4204/eptcs.439.36,True,,b10a45f1acc47e95e0eccc42cfc63e297c208044,Picat Through the Lens of Advent of Code,International Conference on Logic Programming,2025.0,20.0,0.0,0.0,JournalArticle|Conference,Computer Science,False
DOI:10.4204/eptcs.439.4,doi,10.4204/eptcs.439.4,True,,dc1bc9350038494b96487f562b8c2cdc7256e0a1,Machine Learning Model Integration with Open World Temporal Logic for Process Automation,International Conference on Logic Programming,2025.0,13.0,2.0,0.0,JournalArticle|Conference,Computer Science,False
DOI:10.4204/eptcs.439.5,doi,10.4204/eptcs.439.5,True,,68ddc8b5676d767f5da71d44d081391836dbffe2,VERUS-LM: a Versatile Framework for Combining LLMs with Symbolic Reasoning,International Conference on Logic Programming,2025.0,38.0,11.0,1.0,JournalArticle|Conference,Computer Science,False
DOI:10.4204/eptcs.439.6,doi,10.4204/eptcs.439.6,True,,fbed122915518f76e1f94978ad887c0352b9e509,An LLM + ASP Workflow for Joint Entity-Relation Extraction,International Conference on Logic Programming,2025.0,32.0,0.0,0.0,JournalArticle|Conference,Computer Science,False
DOI:10.4204/eptcs.439.7,doi,10.4204/eptcs.439.7,True,,3061f308844469b034d901699e7f6bb564b91898,VECSR: Virtually Embodied Common Sense Reasoning System,International Conference on Logic Programming,2025.0,24.0,1.0,0.0,JournalArticle|Conference,Computer Science,False
DOI:10.4204/eptcs.439.8,doi,10.4204/eptcs.439.8,True,,84fd31b0a0b60aa6d88998c62971e68603c4b116,Logic Tensor Network-Enhanced Generative Adversarial Network,International Conference on Logic Programming,2026.0,37.0,0.0,0.0,JournalArticle|Conference,Computer Science,False
DOI:10.4204/eptcs.439.9,doi,10.4204/eptcs.439.9,True,,95c93d7c3c9b8e176d2d9edcb9df3821c8047f97,Interpretable Hybrid Machine Learning Models Using FOLD-R++ and Answer Set Programming,International Conference on Logic Programming,2025.0,16.0,0.0,0.0,JournalArticle|Conference,Computer Science,False
DOI:10.46298/lmcs-17(3:11)2021,doi,10.46298/lmcs-17(3:11)2021,False,,,,,,,,,,,
DOI:10.46298/lmcs-17(3:20)2021,doi,10.46298/lmcs-17(3:20)2021,False,,,,,,,,,,,
DOI:10.46298/lmcs-17(3:3)2021,doi,10.46298/lmcs-17(3:3)2021,False,,,,,,,,,,,
DOI:10.46298/lmcs-18(1:37)2022,doi,10.46298/lmcs-18(1:37)2022,False,,,,,,,,,,,
DOI:10.46298/lmcs-18(1:42)2022,doi,10.46298/lmcs-18(1:42)2022,False,,,,,,,,,,,
DOI:10.46298/lmcs-18(3:6)2022,doi,10.46298/lmcs-18(3:6)2022,False,,,,,,,,,,,
DOI:10.46298/lmcs-20(2:9)2024,doi,10.46298/lmcs-20(2:9)2024,False,,,,,,,,,,,
DOI:10.46298/lmcs-21(1:10)2025,doi,10.46298/lmcs-21(1:10)2025,False,,,,,,,,,,,
DOI:10.46298/lmcs-21(3:25)2025,doi,10.46298/lmcs-21(3:25)2025,False,,,,,,,,,,,
DOI:10.46298/lmcs-21(3:3)2025,doi,10.46298/lmcs-21(3:3)2025,False,,,,,,,,,,,
DOI:10.46298/lmcs-21(4:18)2025,doi,10.46298/lmcs-21(4:18)2025,False,,,,,,,,,,,
DOI:10.46298/lmcs-21(4:2)2025,doi,10.46298/lmcs-21(4:2)2025,True,,415781b34cba07582194b0189a9768ed1c4ef087,MSO Queries on Trees: Enumerating Answers under Updates Using Forest Algebras,Log. Methods Comput. Sci.,2022.0,46.0,12.0,1.0,JournalArticle,Computer Science,False
DOI:10.46298/theoretics.23.3,doi,10.46298/theoretics.23.3,False,,,,,,,,,,,
DOI:10.46298/theoretics.24.25,doi,10.46298/theoretics.24.25,False,,,,,,,,,,,
DOI:10.46298/theoretics.25.1,doi,10.46298/theoretics.25.1,False,,,,,,,,,,,
DOI:10.55245/energeia.2025.01,doi,10.55245/energeia.2025.01,True,,c983db2bdc3bac6b823a2de9a8cd0061c9960731,Introduction,"ENERGEIA. ONLINE JOURNAL FOR LINGUISTICS, LANGUAGE PHILOSOPHY AND HISTORY OF LINGUISTICS",2025.0,0.0,0.0,0.0,JournalArticle,,False
S2:000d78d6b33d5e54357bc7fade0bc9b6c869783c,s2_id,000d78d6b33d5e54357bc7fade0bc9b6c869783c,False,,,,,,,,,,,
S2:0066d725a758a3e4747abd76448b44d734867c73,s2_id,0066d725a758a3e4747abd76448b44d734867c73,False,,,,,,,,,,,
S2:0102791e9d0873aed705bf1bfa9789ef8f8f199a,s2_id,0102791e9d0873aed705bf1bfa9789ef8f8f199a,False,,,,,,,,,,,
S2:011a29ebf74655136bdb9b1c94aa492663c58aaf,s2_id,011a29ebf74655136bdb9b1c94aa492663c58aaf,False,,,,,,,,,,,
S2:012cfa97a5687be474bfb536fe01a93f24f91bfc,s2_id,012cfa97a5687be474bfb536fe01a93f24f91bfc,False,,,,,,,,,,,
S2:01739ce3ecf419907f83342a61c6d09267110b5b,s2_id,01739ce3ecf419907f83342a61c6d09267110b5b,False,,,,,,,,,,,
S2:0174e1715bc31aa97e1638f2d1bda7dc15f0b8da,s2_id,0174e1715bc31aa97e1638f2d1bda7dc15f0b8da,False,,,,,,,,,,,
S2:01a3fb64699dc20cd5cdda76848912075ddc5018,s2_id,01a3fb64699dc20cd5cdda76848912075ddc5018,False,,,,,,,,,,,
S2:01e75c2e98e29bae2cbddade2509246e0f9b2565,s2_id,01e75c2e98e29bae2cbddade2509246e0f9b2565,False,,,,,,,,,,,
S2:01fca059157519f0b760e630097d61f28c8a1dca,s2_id,01fca059157519f0b760e630097d61f28c8a1dca,False,,,,,,,,,,,
S2:020ecb9647893f4a6214430fa45a52aa0b7130cb,s2_id,020ecb9647893f4a6214430fa45a52aa0b7130cb,False,,,,,,,,,,,
S2:022aba38d1ce02a2c8fb16a44479a78b0b8ea66e,s2_id,022aba38d1ce02a2c8fb16a44479a78b0b8ea66e,False,,,,,,,,,,,
S2:02c72256e884173e4b85f9878b8e30e4c342e82a,s2_id,02c72256e884173e4b85f9878b8e30e4c342e82a,False,,,,,,,,,,,
S2:02cc81024bdf5690867a3561c848238bcddee380,s2_id,02cc81024bdf5690867a3561c848238bcddee380,False,,,,,,,,,,,
S2:02f81da332a01e2f2f6a96f8298e3dc7a5c59c98,s2_id,02f81da332a01e2f2f6a96f8298e3dc7a5c59c98,False,,,,,,,,,,,
S2:030cfc31a6318aaa66e597aadada030285aaeb0f,s2_id,030cfc31a6318aaa66e597aadada030285aaeb0f,False,,,,,,,,,,,
S2:03db4890c9eb70f226ed07a76d4b545a2c02aa19,s2_id,03db4890c9eb70f226ed07a76d4b545a2c02aa19,False,,,,,,,,,,,
S2:04321d0c4eadb71a7ec48701d98cab69ba820d13,s2_id,04321d0c4eadb71a7ec48701d98cab69ba820d13,False,,,,,,,,,,,
S2:04d276a3fb1bf9ed568f0f7edf8b0d60207d5c94,s2_id,04d276a3fb1bf9ed568f0f7edf8b0d60207d5c94,False,,,,,,,,,,,
S2:04d4cc36d377d48c95d37940c5a0db265dd7b2c2,s2_id,04d4cc36d377d48c95d37940c5a0db265dd7b2c2,False,,,,,,,,,,,
S2:0590005f0989252d295eede5452fbd6076f82478,s2_id,0590005f0989252d295eede5452fbd6076f82478,False,,,,,,,,,,,
S2:05936d47975ceeef416360251752553852a38755,s2_id,05936d47975ceeef416360251752553852a38755,False,,,,,,,,,,,
S2:05b309151d6454c77f200ad206de6474a017d366,s2_id,05b309151d6454c77f200ad206de6474a017d366,False,,,,,,,,,,,
S2:05c7ae4b88b06f5103ae4a00aebb38ce9852c83c,s2_id,05c7ae4b88b06f5103ae4a00aebb38ce9852c83c,False,,,,,,,,,,,
S2:061abff9b402c150a258017c06a7f02b1b6265b5,s2_id,061abff9b402c150a258017c06a7f02b1b6265b5,False,,,,,,,,,,,
S2:062cea44a9c9c072d8733c1e6ba60e9aba5457bf,s2_id,062cea44a9c9c072d8733c1e6ba60e9aba5457bf,False,,,,,,,,,,,
S2:062f9683c9815327ca38fc0a36f77255aad8d18c,s2_id,062f9683c9815327ca38fc0a36f77255aad8d18c,False,,,,,,,,,,,
S2:0650a10cd8d348b95ce0a7fd1469687bfb976041,s2_id,0650a10cd8d348b95ce0a7fd1469687bfb976041,False,,,,,,,,,,,
S2:0674b876781c37d0f49819d49e7d5b889a8e16ec,s2_id,0674b876781c37d0f49819d49e7d5b889a8e16ec,False,,,,,,,,,,,
S2:06f819696d7dcf8aa1d6387159d74122839316d4,s2_id,06f819696d7dcf8aa1d6387159d74122839316d4,False,,,,,,,,,,,
S2:07154ae36547d1ebc7277558b4e0c0b2ae83e112,s2_id,07154ae36547d1ebc7277558b4e0c0b2ae83e112,False,,,,,,,,,,,
S2:071b26ac2d912620b6eaad247604885fc4af5b56,s2_id,071b26ac2d912620b6eaad247604885fc4af5b56,False,,,,,,,,,,,
S2:072ee7395715c2549b21e38c8fbc35b4cfc63ea2,s2_id,072ee7395715c2549b21e38c8fbc35b4cfc63ea2,False,,,,,,,,,,,
S2:074cd832221630a680b9e4d1363faf64b4034ba8,s2_id,074cd832221630a680b9e4d1363faf64b4034ba8,False,,,,,,,,,,,
S2:07637eead88eb8e5a39db334ffda842db80a1fc9,s2_id,07637eead88eb8e5a39db334ffda842db80a1fc9,False,,,,,,,,,,,
S2:0796fe97d9358b14ad802158a3e689eb544b9be6,s2_id,0796fe97d9358b14ad802158a3e689eb544b9be6,False,,,,,,,,,,,
S2:079b2cc0f7d0e94d41703b47bff0f82c3cda6052,s2_id,079b2cc0f7d0e94d41703b47bff0f82c3cda6052,False,,,,,,,,,,,
S2:07d413e7e89644fc515acc3a7bfe23d3f4591f9d,s2_id,07d413e7e89644fc515acc3a7bfe23d3f4591f9d,False,,,,,,,,,,,
S2:07e9fc4bd4431d71e1e8ce69951c221e91c2a3cb,s2_id,07e9fc4bd4431d71e1e8ce69951c221e91c2a3cb,False,,,,,,,,,,,
S2:07fbf086d5765552224608e4e506301e447df3db,s2_id,07fbf086d5765552224608e4e506301e447df3db,False,,,,,,,,,,,
S2:08195948156fdb7d400d37e1cd8af51fbcd2918b,s2_id,08195948156fdb7d400d37e1cd8af51fbcd2918b,False,,,,,,,,,,,
S2:0872cac0ac0b56d6ecfc84c3c90f820a7bb1d487,s2_id,0872cac0ac0b56d6ecfc84c3c90f820a7bb1d487,False,,,,,,,,,,,
S2:08df54ad7693e21a37ad7d6c1572e5ef168fa092,s2_id,08df54ad7693e21a37ad7d6c1572e5ef168fa092,False,,,,,,,,,,,
S2:0905a1c90dbe49508bb5d3e0103ec52d13c0487b,s2_id,0905a1c90dbe49508bb5d3e0103ec52d13c0487b,False,,,,,,,,,,,
S2:0911191d9d81cea81e299a7af741c74136d1941e,s2_id,0911191d9d81cea81e299a7af741c74136d1941e,False,,,,,,,,,,,
S2:09598ddfa00fddbbc5f294f43caaecd4b850b9b0,s2_id,09598ddfa00fddbbc5f294f43caaecd4b850b9b0,False,,,,,,,,,,,
S2:0a0f04bf85aca732af0354fdd19f7ecc25e0fabd,s2_id,0a0f04bf85aca732af0354fdd19f7ecc25e0fabd,False,,,,,,,,,,,
S2:0a619eb6ef40fd1972f93e9391dcf227a7ea574f,s2_id,0a619eb6ef40fd1972f93e9391dcf227a7ea574f,False,,,,,,,,,,,
S2:0a778f2895411f633e58203bf56b7b3b467a098f,s2_id,0a778f2895411f633e58203bf56b7b3b467a098f,False,,,,,,,,,,,
S2:0a920df6b9ba8691cc6df784c0c66a2209057896,s2_id,0a920df6b9ba8691cc6df784c0c66a2209057896,False,,,,,,,,,,,
S2:0abc223877f00d8dded1163cb92e085708fa8fd3,s2_id,0abc223877f00d8dded1163cb92e085708fa8fd3,False,,,,,,,,,,,
S2:0b246c95bfb86d08d7f08660b382bd69edf39b73,s2_id,0b246c95bfb86d08d7f08660b382bd69edf39b73,False,,,,,,,,,,,
S2:0b2dfc882d378b21e450f2bb35e1d53df8ea0932,s2_id,0b2dfc882d378b21e450f2bb35e1d53df8ea0932,False,,,,,,,,,,,
S2:0b85b47bb6fb27714d732526f55eb0825caeddf0,s2_id,0b85b47bb6fb27714d732526f55eb0825caeddf0,False,,,,,,,,,,,
S2:0ba9a978c32311d89bc9be6737a68eec044c118b,s2_id,0ba9a978c32311d89bc9be6737a68eec044c118b,False,,,,,,,,,,,
S2:0bdc058bc240c9201a0a6e78c7f85019aa78a4b8,s2_id,0bdc058bc240c9201a0a6e78c7f85019aa78a4b8,False,,,,,,,,,,,
S2:0be5c84d4eb28483d581e83200d2aae7bcb6e7b5,s2_id,0be5c84d4eb28483d581e83200d2aae7bcb6e7b5,False,,,,,,,,,,,
S2:0cb6e9c71e2a29809fe69c14ec64ebdc278b9cac,s2_id,0cb6e9c71e2a29809fe69c14ec64ebdc278b9cac,False,,,,,,,,,,,
S2:0cbe29017d2a54104851be0570a635e0c560f612,s2_id,0cbe29017d2a54104851be0570a635e0c560f612,False,,,,,,,,,,,
S2:0cd765766d1911e02a5a414b5fa722ee63e56a60,s2_id,0cd765766d1911e02a5a414b5fa722ee63e56a60,False,,,,,,,,,,,
S2:0cec1ac0f79ff618cbbdfa515eb11875a938bb3e,s2_id,0cec1ac0f79ff618cbbdfa515eb11875a938bb3e,False,,,,,,,,,,,
S2:0d275e0df22d539e5afe2267bcc2aa76584a07f4,s2_id,0d275e0df22d539e5afe2267bcc2aa76584a07f4,False,,,,,,,,,,,
S2:0d2dde537d01595a67beb4d3219b8185d27ed366,s2_id,0d2dde537d01595a67beb4d3219b8185d27ed366,False,,,,,,,,,,,
S2:0d54bb3535f6b200fb51610f9af740cf345cc2be,s2_id,0d54bb3535f6b200fb51610f9af740cf345cc2be,False,,,,,,,,,,,
S2:0d5ef21279096159a3b01983d150819fc23f6972,s2_id,0d5ef21279096159a3b01983d150819fc23f6972,False,,,,,,,,,,,
S2:0ddc827aeb87d1edf248ea0412bfa104539e61cc,s2_id,0ddc827aeb87d1edf248ea0412bfa104539e61cc,False,,,,,,,,,,,
S2:0de7254fb42f09a0bfbc191c71553ab8278636a9,s2_id,0de7254fb42f09a0bfbc191c71553ab8278636a9,False,,,,,,,,,,,
S2:0e19cd90639e63aae31163ac5b1f80879b9283d0,s2_id,0e19cd90639e63aae31163ac5b1f80879b9283d0,False,,,,,,,,,,,
S2:0e9a3942b851ffdcc674ef49c309db75eb887b8d,s2_id,0e9a3942b851ffdcc674ef49c309db75eb887b8d,False,,,,,,,,,,,
S2:0ebf0121a6ce46e479d81d9a509af5f152dc15ed,s2_id,0ebf0121a6ce46e479d81d9a509af5f152dc15ed,False,,,,,,,,,,,
S2:0ed93cc94729a6b9b81f341846d69e8989212e3c,s2_id,0ed93cc94729a6b9b81f341846d69e8989212e3c,False,,,,,,,,,,,
S2:0efb3cd68969f6bd601a17d57dab6a3ee8576db9,s2_id,0efb3cd68969f6bd601a17d57dab6a3ee8576db9,False,,,,,,,,,,,
S2:0f025543baa6f326056d4c920f687c06edb7f434,s2_id,0f025543baa6f326056d4c920f687c06edb7f434,False,,,,,,,,,,,
S2:0f8a76b46e22d44de252bae0b70b53c9c55eb2d6,s2_id,0f8a76b46e22d44de252bae0b70b53c9c55eb2d6,False,,,,,,,,,,,
S2:0feec4b71d2bfb852a2b8803f5b9526f23d79c25,s2_id,0feec4b71d2bfb852a2b8803f5b9526f23d79c25,False,,,,,,,,,,,
S2:10b763b31c054c5583e322c5d434e0ae077eff3d,s2_id,10b763b31c054c5583e322c5d434e0ae077eff3d,False,,,,,,,,,,,
S2:10e685203e455b69164a52808134fa861b133503,s2_id,10e685203e455b69164a52808134fa861b133503,False,,,,,,,,,,,
S2:11101d88e22b242ef7057a2fe54633914500b54d,s2_id,11101d88e22b242ef7057a2fe54633914500b54d,False,,,,,,,,,,,
S2:11184422e3ef31e748c560e4bab970b9ee7a7157,s2_id,11184422e3ef31e748c560e4bab970b9ee7a7157,False,,,,,,,,,,,
S2:112d3e13c16f784d1b6ae3bff6c5eafc8acba6c5,s2_id,112d3e13c16f784d1b6ae3bff6c5eafc8acba6c5,False,,,,,,,,,,,
S2:1140bb93bc57e052462074fb3bcde6b9ce4a0d37,s2_id,1140bb93bc57e052462074fb3bcde6b9ce4a0d37,False,,,,,,,,,,,
S2:114be850aaaadadc4afeb9f2b31722a0f9de2e6d,s2_id,114be850aaaadadc4afeb9f2b31722a0f9de2e6d,False,,,,,,,,,,,
S2:117ab8fd32adb39083716740220dd27263407477,s2_id,117ab8fd32adb39083716740220dd27263407477,False,,,,,,,,,,,
S2:1210bc26acb2742f28cd6645b1d682144889261b,s2_id,1210bc26acb2742f28cd6645b1d682144889261b,False,,,,,,,,,,,
S2:124a0283742e35477cc672bdb60e485bc6a1cf12,s2_id,124a0283742e35477cc672bdb60e485bc6a1cf12,False,,,,,,,,,,,
S2:12a4287ea57aa7fdd21cd7527af6dd92ed1855b0,s2_id,12a4287ea57aa7fdd21cd7527af6dd92ed1855b0,False,,,,,,,,,,,
S2:12c9bcf446abaffb28b24ea8e593725da209d2bf,s2_id,12c9bcf446abaffb28b24ea8e593725da209d2bf,False,,,,,,,,,,,
S2:131cbfd2700f7b109f76da44c105a54312588d2a,s2_id,131cbfd2700f7b109f76da44c105a54312588d2a,False,"400: {""error"":""No valid paper ids given""}
",,,,,,,,,,
S2:1321cd44b49e7d2665e17f55764794f6392ec0ce,s2_id,1321cd44b49e7d2665e17f55764794f6392ec0ce,False,"400: {""error"":""No valid paper ids given""}
",,,,,,,,,,
S2:133d0014d65bfb2e5a1e360d6f70fe96e0379d74,s2_id,133d0014d65bfb2e5a1e360d6f70fe96e0379d74,False,"400: {""error"":""No valid paper ids given""}
",,,,,,,,,,
S2:1429c33bd307f5472d2af008f49c1ee9045ae5a7,s2_id,1429c33bd307f5472d2af008f49c1ee9045ae5a7,False,"400: {""error"":""No valid paper ids given""}
",,,,,,,,,,
S2:143a0d56b555928b25918bc43562c8d48425469f,s2_id,143a0d56b555928b25918bc43562c8d48425469f,False,"400: {""error"":""No valid paper ids given""}
",,,,,,,,,,
S2:1477683f0c3221f71945b1358609749f73f76581,s2_id,1477683f0c3221f71945b1358609749f73f76581,False,"400: {""error"":""No valid paper ids given""}
",,,,,,,,,,
S2:152b55cf4396bae37ebaad4f8a19c74c9e2423d1,s2_id,152b55cf4396bae37ebaad4f8a19c74c9e2423d1,False,"400: {""error"":""No valid paper ids given""}
",,,,,,,,,,
S2:15538d56405b17707e05a61a6ed895e2e9d1c0e9,s2_id,15538d56405b17707e05a61a6ed895e2e9d1c0e9,False,"400: {""error"":""No valid paper ids given""}
",,,,,,,,,,
S2:158da8eaec1582205b6537f38480256f197e32b1,s2_id,158da8eaec1582205b6537f38480256f197e32b1,False,"400: {""error"":""No valid paper ids given""}
",,,,,,,,,,
S2:16156b7d17449374b628e892603cc3ccca4a0174,s2_id,16156b7d17449374b628e892603cc3ccca4a0174,False,"400: {""error"":""No valid paper ids given""}
",,,,,,,,,,
S2:16799669f0c75683ed4c9fa8ecf1c8b5c369cad0,s2_id,16799669f0c75683ed4c9fa8ecf1c8b5c369cad0,False,"400: {""error"":""No valid paper ids given""}
",,,,,,,,,,
S2:168b3e5e5f4b38e138c3c4f3094752d24bb579b5,s2_id,168b3e5e5f4b38e138c3c4f3094752d24bb579b5,False,"400: {""error"":""No valid paper ids given""}
",,,,,,,,,,
S2:16e7436d3cb4f8995a7bd882475fc183914e2409,s2_id,16e7436d3cb4f8995a7bd882475fc183914e2409,False,"400: {""error"":""No valid paper ids given""}
",,,,,,,,,,
S2:16ed025f1b0949fa5ff7a393b427485532b6278d,s2_id,16ed025f1b0949fa5ff7a393b427485532b6278d,False,"400: {""error"":""No valid paper ids given""}
",,,,,,,,,,
S2:171ae667cf903bdcb8b0c1094bf005b1a3ed9db0,s2_id,171ae667cf903bdcb8b0c1094bf005b1a3ed9db0,False,"400: {""error"":""No valid paper ids given""}
",,,,,,,,,,
S2:1758181a84e48d22d67ae45d4a10061a84126699,s2_id,1758181a84e48d22d67ae45d4a10061a84126699,False,"400: {""error"":""No valid paper ids given""}
",,,,,,,,,,
S2:1775c77348f1de82cc1a47a5432d16f6b44c38e9,s2_id,1775c77348f1de82cc1a47a5432d16f6b44c38e9,False,"400: {""error"":""No valid paper ids given""}
",,,,,,,,,,
S2:1777e04e921dda35ca69962792fb712175605f91,s2_id,1777e04e921dda35ca69962792fb712175605f91,False,"400: {""error"":""No valid paper ids given""}
",,,,,,,,,,
S2:182bf1e52ea27b142a0dec4dd4a236c709a4dc4b,s2_id,182bf1e52ea27b142a0dec4dd4a236c709a4dc4b,False,"400: {""error"":""No valid paper ids given""}
",,,,,,,,,,
S2:187ba70179288e8761f143fe84508fc17e727889,s2_id,187ba70179288e8761f143fe84508fc17e727889,False,"400: {""error"":""No valid paper ids given""}
",,,,,,,,,,
S2:18c825fba229894455685ba19c7577cdce343f4f,s2_id,18c825fba229894455685ba19c7577cdce343f4f,False,"400: {""error"":""No valid paper ids given""}
",,,,,,,,,,
S2:18fc2aa116bf0d6a54eb658932146857ebe229cb,s2_id,18fc2aa116bf0d6a54eb658932146857ebe229cb,False,"400: {""error"":""No valid paper ids given""}
",,,,,,,,,,
S2:18fcd8bd19b71b72618a3b3deba3ecfab3cc9780,s2_id,18fcd8bd19b71b72618a3b3deba3ecfab3cc9780,False,"400: {""error"":""No valid paper ids given""}
",,,,,,,,,,
S2:1918b04f40f0066161c96bb1af34dd95d58e2fc1,s2_id,1918b04f40f0066161c96bb1af34dd95d58e2fc1,False,"400: {""error"":""No valid paper ids given""}
",,,,,,,,,,
S2:1919e156b3901956756dddbfc1a052e64f61d736,s2_id,1919e156b3901956756dddbfc1a052e64f61d736,False,"400: {""error"":""No valid paper ids given""}
",,,,,,,,,,
S2:199e4fa73f240833464ab5f20401822d1199b67d,s2_id,199e4fa73f240833464ab5f20401822d1199b67d,False,"400: {""error"":""No valid paper ids given""}
",,,,,,,,,,
S2:19b10203efd8e4f4a4cbb80ea7c4f24a72ec3f26,s2_id,19b10203efd8e4f4a4cbb80ea7c4f24a72ec3f26,False,"400: {""error"":""No valid paper ids given""}
",,,,,,,,,,
S2:19c1f1bb9ef0ad0c8e8cf6b9fc4ecb517cf50097,s2_id,19c1f1bb9ef0ad0c8e8cf6b9fc4ecb517cf50097,False,"400: {""error"":""No valid paper ids given""}
",,,,,,,,,,
S2:19d7a3aa0c277ffd8751c3e6e63c5a9203dfa142,s2_id,19d7a3aa0c277ffd8751c3e6e63c5a9203dfa142,False,"400: {""error"":""No valid paper ids given""}
",,,,,,,,,,
S2:19eb805e21ae0cdb168f2a8993160ed6ec865081,s2_id,19eb805e21ae0cdb168f2a8993160ed6ec865081,False,"400: {""error"":""No valid paper ids given""}
",,,,,,,,,,
S2:1a07e7d93eb45ba25873f80dd373163962d87bcd,s2_id,1a07e7d93eb45ba25873f80dd373163962d87bcd,False,"400: {""error"":""No valid paper ids given""}
",,,,,,,,,,
S2:1a2f6ffb602be1a49215ecf8af4133b3c71bdb44,s2_id,1a2f6ffb602be1a49215ecf8af4133b3c71bdb44,False,"400: {""error"":""No valid paper ids given""}
",,,,,,,,,,
S2:1a364da216690ae1a0d213f8844ec130c10e46cd,s2_id,1a364da216690ae1a0d213f8844ec130c10e46cd,False,"400: {""error"":""No valid paper ids given""}
",,,,,,,,,,
S2:1a37849029ef44c845a00d07410612a2273c4f7e,s2_id,1a37849029ef44c845a00d07410612a2273c4f7e,False,"400: {""error"":""No valid paper ids given""}
",,,,,,,,,,
S2:1a42bad6ed95b1a2fd54aa95c29e9b57c8f7f8ca,s2_id,1a42bad6ed95b1a2fd54aa95c29e9b57c8f7f8ca,False,"400: {""error"":""No valid paper ids given""}
",,,,,,,,,,
S2:1a856729fc870ebb65bac354e662aaadcf5588b3,s2_id,1a856729fc870ebb65bac354e662aaadcf5588b3,False,"400: {""error"":""No valid paper ids given""}
",,,,,,,,,,
S2:1a8623e8665566d06628d858b386dea43e20a0a1,s2_id,1a8623e8665566d06628d858b386dea43e20a0a1,False,"400: {""error"":""No valid paper ids given""}
",,,,,,,,,,
S2:1a9a51975e6b5c9b6b9e2f17931ae430dbb7e9c0,s2_id,1a9a51975e6b5c9b6b9e2f17931ae430dbb7e9c0,False,"400: {""error"":""No valid paper ids given""}
",,,,,,,,,,
S2:1af6e7adc026f22fe4b80907ce7e2d8c73f237c5,s2_id,1af6e7adc026f22fe4b80907ce7e2d8c73f237c5,False,"400: {""error"":""No valid paper ids given""}
",,,,,,,,,,
S2:1b19f89c8c56c64d656604a80ff4a8ead35b20db,s2_id,1b19f89c8c56c64d656604a80ff4a8ead35b20db,False,"400: {""error"":""No valid paper ids given""}
",,,,,,,,,,
S2:1b206ce26b6a7a8582024a44da2aad8d19193df2,s2_id,1b206ce26b6a7a8582024a44da2aad8d19193df2,False,"400: {""error"":""No valid paper ids given""}
",,,,,,,,,,
S2:1b9c3997ebef0260ac2b6507c08b4ea30e87c416,s2_id,1b9c3997ebef0260ac2b6507c08b4ea30e87c416,False,"400: {""error"":""No valid paper ids given""}
",,,,,,,,,,
S2:1ba67d0ffce908ac9203917a7440ca1b86e08191,s2_id,1ba67d0ffce908ac9203917a7440ca1b86e08191,False,"400: {""error"":""No valid paper ids given""}
",,,,,,,,,,
S2:1bd5b00f14fbec8e833f2fa0725054f2d868de94,s2_id,1bd5b00f14fbec8e833f2fa0725054f2d868de94,False,"400: {""error"":""No valid paper ids given""}
",,,,,,,,,,
S2:1c037c4639a25c5e9e30d9e9c4e226f9d9237337,s2_id,1c037c4639a25c5e9e30d9e9c4e226f9d9237337,False,"400: {""error"":""No valid paper ids given""}
",,,,,,,,,,
S2:1c433ff0c724aeaa6449948f3f99ec30a20e9bc5,s2_id,1c433ff0c724aeaa6449948f3f99ec30a20e9bc5,False,"400: {""error"":""No valid paper ids given""}
",,,,,,,,,,
S2:1c606f4faeee932ca48e4b45fe19c12c1a9a5f99,s2_id,1c606f4faeee932ca48e4b45fe19c12c1a9a5f99,False,"400: {""error"":""No valid paper ids given""}
",,,,,,,,,,
S2:1c679aa1b63fbc9aaa07672632962cec40cc6574,s2_id,1c679aa1b63fbc9aaa07672632962cec40cc6574,False,"400: {""error"":""No valid paper ids given""}
",,,,,,,,,,
S2:1ce1dd19ebbbfe552b54054486086d020ca3275c,s2_id,1ce1dd19ebbbfe552b54054486086d020ca3275c,False,"400: {""error"":""No valid paper ids given""}
",,,,,,,,,,
S2:1d505cad19efa28ccec8c86851a1d925a90404e3,s2_id,1d505cad19efa28ccec8c86851a1d925a90404e3,False,"400: {""error"":""No valid paper ids given""}
",,,,,,,,,,
S2:1d517ee6c466ba2ca5eb51f2f116e456299fd4e9,s2_id,1d517ee6c466ba2ca5eb51f2f116e456299fd4e9,False,"400: {""error"":""No valid paper ids given""}
",,,,,,,,,,
S2:1e470d8c53c7f2a06eb3d1fcd9584236a54bb090,s2_id,1e470d8c53c7f2a06eb3d1fcd9584236a54bb090,False,"400: {""error"":""No valid paper ids given""}
",,,,,,,,,,
S2:1e5cb3123a52a517503b7d1b4228b238689ebdbe,s2_id,1e5cb3123a52a517503b7d1b4228b238689ebdbe,False,"400: {""error"":""No valid paper ids given""}
",,,,,,,,,,
S2:1e6e47dfb7ad1545408c70bb4c2636282ed60bf6,s2_id,1e6e47dfb7ad1545408c70bb4c2636282ed60bf6,False,"400: {""error"":""No valid paper ids given""}
",,,,,,,,,,
S2:1e7219fa3fe7f9c492cfcb2cb5cea7ea09d8fbfa,s2_id,1e7219fa3fe7f9c492cfcb2cb5cea7ea09d8fbfa,False,"400: {""error"":""No valid paper ids given""}
",,,,,,,,,,
S2:1e974d7ffb4fc4ca963cf3ca82b8d3ff8b72c4d9,s2_id,1e974d7ffb4fc4ca963cf3ca82b8d3ff8b72c4d9,False,"400: {""error"":""No valid paper ids given""}
",,,,,,,,,,
S2:1ed4cfda18132a5351f2c7601fa1caf5ff3ad547,s2_id,1ed4cfda18132a5351f2c7601fa1caf5ff3ad547,False,"400: {""error"":""No valid paper ids given""}
",,,,,,,,,,
S2:1f548ee1a3d356f3eafc547f99a0c6ea12067edf,s2_id,1f548ee1a3d356f3eafc547f99a0c6ea12067edf,False,"400: {""error"":""No valid paper ids given""}
",,,,,,,,,,
S2:2011d7c73a379937ec624409b99652dcac3283f9,s2_id,2011d7c73a379937ec624409b99652dcac3283f9,False,"400: {""error"":""No valid paper ids given""}
",,,,,,,,,,
S2:2017b78d48c43b754262b4c59bc476f9640a223d,s2_id,2017b78d48c43b754262b4c59bc476f9640a223d,False,"400: {""error"":""No valid paper ids given""}
",,,,,,,,,,
S2:2098abdb8c89f64f13630d92a9857423691c49ba,s2_id,2098abdb8c89f64f13630d92a9857423691c49ba,False,"400: {""error"":""No valid paper ids given""}
",,,,,,,,,,
S2:20fbd8defc89a248a0388bdef7e95baa0027267f,s2_id,20fbd8defc89a248a0388bdef7e95baa0027267f,False,"400: {""error"":""No valid paper ids given""}
",,,,,,,,,,
S2:211d01093f18eadd0c4f44a54a35f0d5aeb6323e,s2_id,211d01093f18eadd0c4f44a54a35f0d5aeb6323e,False,"400: {""error"":""No valid paper ids given""}
",,,,,,,,,,
S2:213b44371073ff786aab0f6b967aef52c8f0a671,s2_id,213b44371073ff786aab0f6b967aef52c8f0a671,False,"400: {""error"":""No valid paper ids given""}
",,,,,,,,,,
S2:21ab1f4452fa0e306fb9ddc37ce48f061cbd864f,s2_id,21ab1f4452fa0e306fb9ddc37ce48f061cbd864f,False,"400: {""error"":""No valid paper ids given""}
",,,,,,,,,,
S2:21b93c75fec001d462a0d67c55ca2c0511f3d04f,s2_id,21b93c75fec001d462a0d67c55ca2c0511f3d04f,False,"400: {""error"":""No valid paper ids given""}
",,,,,,,,,,
S2:21f1955d389ec58f7a0fcf27985a977c31685f0e,s2_id,21f1955d389ec58f7a0fcf27985a977c31685f0e,False,"400: {""error"":""No valid paper ids given""}
",,,,,,,,,,
S2:21fea30c052150a1ab7fcdec38a83103633e76e3,s2_id,21fea30c052150a1ab7fcdec38a83103633e76e3,False,"400: {""error"":""No valid paper ids given""}
",,,,,,,,,,
S2:22357969640e6bc73bd029a988d329f3f22ce16e,s2_id,22357969640e6bc73bd029a988d329f3f22ce16e,False,"400: {""error"":""No valid paper ids given""}
",,,,,,,,,,
S2:226b1718da9e3755e97f4d9bb0260d495808830e,s2_id,226b1718da9e3755e97f4d9bb0260d495808830e,False,"400: {""error"":""No valid paper ids given""}
",,,,,,,,,,
S2:2295fa704e385be89d8090cd5fa67bef316ba764,s2_id,2295fa704e385be89d8090cd5fa67bef316ba764,False,"400: {""error"":""No valid paper ids given""}
",,,,,,,,,,
S2:22ab1bab1c524f42724a5548e91025f9fc6977ef,s2_id,22ab1bab1c524f42724a5548e91025f9fc6977ef,False,"400: {""error"":""No valid paper ids given""}
",,,,,,,,,,
S2:22f175786c9a86439c2792ea817f2fcb34b959df,s2_id,22f175786c9a86439c2792ea817f2fcb34b959df,False,"400: {""error"":""No valid paper ids given""}
",,,,,,,,,,
S2:231591919f35d302b2a66f6ee56372813df82c92,s2_id,231591919f35d302b2a66f6ee56372813df82c92,False,"400: {""error"":""No valid paper ids given""}
",,,,,,,,,,
S2:232bdae9aa6eb9be8ebbe1212e2e66ffdaaf615e,s2_id,232bdae9aa6eb9be8ebbe1212e2e66ffdaaf615e,False,"400: {""error"":""No valid paper ids given""}
",,,,,,,,,,
S2:237ec75e071fdfb403d03170e77ab4201641b125,s2_id,237ec75e071fdfb403d03170e77ab4201641b125,False,"400: {""error"":""No valid paper ids given""}
",,,,,,,,,,
S2:23a30a05982fb04147c1e1607bcdb86794bc62a4,s2_id,23a30a05982fb04147c1e1607bcdb86794bc62a4,False,"400: {""error"":""No valid paper ids given""}
",,,,,,,,,,
S2:23b034f67b555d3415ac0982385f992e28836559,s2_id,23b034f67b555d3415ac0982385f992e28836559,False,"400: {""error"":""No valid paper ids given""}
",,,,,,,,,,
S2:23b9c04a3b6953b5a404e10ab3a05a6b329ab41b,s2_id,23b9c04a3b6953b5a404e10ab3a05a6b329ab41b,False,"400: {""error"":""No valid paper ids given""}
",,,,,,,,,,
S2:23d42a87046eb6d3f0fcd81e7d63923aff50e702,s2_id,23d42a87046eb6d3f0fcd81e7d63923aff50e702,False,"400: {""error"":""No valid paper ids given""}
",,,,,,,,,,
S2:23da9bfd72be60dedc3c508e4d12e8fb5387d78d,s2_id,23da9bfd72be60dedc3c508e4d12e8fb5387d78d,False,"400: {""error"":""No valid paper ids given""}
",,,,,,,,,,
S2:240c864a4abd03b4dbef3c86b1a27fd9f7e69781,s2_id,240c864a4abd03b4dbef3c86b1a27fd9f7e69781,False,"400: {""error"":""No valid paper ids given""}
",,,,,,,,,,
S2:24167c4cc1d3e84284e628fa8ff1fcaf1a73f410,s2_id,24167c4cc1d3e84284e628fa8ff1fcaf1a73f410,False,"400: {""error"":""No valid paper ids given""}
",,,,,,,,,,
S2:2423ca4c3595deb2c6a5014a5e8949e20db06714,s2_id,2423ca4c3595deb2c6a5014a5e8949e20db06714,False,"400: {""error"":""No valid paper ids given""}
",,,,,,,,,,
S2:249cc930da7b4177fa28a03da9d69924d2de0116,s2_id,249cc930da7b4177fa28a03da9d69924d2de0116,False,"400: {""error"":""No valid paper ids given""}
",,,,,,,,,,
S2:24dd5d814dd7e3e9471154fb677e2da57dd31e57,s2_id,24dd5d814dd7e3e9471154fb677e2da57dd31e57,False,"400: {""error"":""No valid paper ids given""}
",,,,,,,,,,
S2:24f17dad7c70561a9cea5ab1ca4bcf5f91df669c,s2_id,24f17dad7c70561a9cea5ab1ca4bcf5f91df669c,False,"400: {""error"":""No valid paper ids given""}
",,,,,,,,,,
S2:2503e9d3513fd03de12f3c1c487c71b51d2a347d,s2_id,2503e9d3513fd03de12f3c1c487c71b51d2a347d,False,"400: {""error"":""No valid paper ids given""}
",,,,,,,,,,
S2:25c3841a905553a370f89d657f3376f63207dc3b,s2_id,25c3841a905553a370f89d657f3376f63207dc3b,False,"400: {""error"":""No valid paper ids given""}
",,,,,,,,,,
S2:260059de234cd896aff97cbb54172d89c4c71b18,s2_id,260059de234cd896aff97cbb54172d89c4c71b18,False,"400: {""error"":""No valid paper ids given""}
",,,,,,,,,,
S2:26036e6c75fbae5bf9bd4813edca6996792a505b,s2_id,26036e6c75fbae5bf9bd4813edca6996792a505b,False,"400: {""error"":""No valid paper ids given""}
",,,,,,,,,,
S2:261b9a3f6a50e4ece1df0aa0e842f2f319154e04,s2_id,261b9a3f6a50e4ece1df0aa0e842f2f319154e04,False,"400: {""error"":""No valid paper ids given""}
",,,,,,,,,,
S2:26493c912cacdbe299ac61a65e2f9a280edaa09c,s2_id,26493c912cacdbe299ac61a65e2f9a280edaa09c,False,"400: {""error"":""No valid paper ids given""}
",,,,,,,,,,
S2:26a7acf3e0b62b94c2befba05ecb6a1e90958f45,s2_id,26a7acf3e0b62b94c2befba05ecb6a1e90958f45,False,"400: {""error"":""No valid paper ids given""}
",,,,,,,,,,
S2:26d5da045679f26d4dba432593738ffefb57961c,s2_id,26d5da045679f26d4dba432593738ffefb57961c,False,"400: {""error"":""No valid paper ids given""}
",,,,,,,,,,
S2:270030353a28e5f7e9c5207541ae77abb0006694,s2_id,270030353a28e5f7e9c5207541ae77abb0006694,False,"400: {""error"":""No valid paper ids given""}
",,,,,,,,,,
S2:27660949651bdd2a2acb57869255643de60a3696,s2_id,27660949651bdd2a2acb57869255643de60a3696,False,"400: {""error"":""No valid paper ids given""}
",,,,,,,,,,
S2:27b1ef75cef9fa04e7b02403a9b1901f8fb60964,s2_id,27b1ef75cef9fa04e7b02403a9b1901f8fb60964,False,"400: {""error"":""No valid paper ids given""}
",,,,,,,,,,
S2:285ad4dfc361a96efe74855b3128de016ba3d30a,s2_id,285ad4dfc361a96efe74855b3128de016ba3d30a,False,"400: {""error"":""No valid paper ids given""}
",,,,,,,,,,
S2:2878dfca545478eef14ff01fede7563efeebaa59,s2_id,2878dfca545478eef14ff01fede7563efeebaa59,False,"400: {""error"":""No valid paper ids given""}
",,,,,,,,,,
S2:2902bfaf327556922d30d88a37f9946cd2ce7c33,s2_id,2902bfaf327556922d30d88a37f9946cd2ce7c33,False,"400: {""error"":""No valid paper ids given""}
",,,,,,,,,,
S2:29404657e3ac5cc0e704feefaceecdc588f3182b,s2_id,29404657e3ac5cc0e704feefaceecdc588f3182b,False,"400: {""error"":""No valid paper ids given""}
",,,,,,,,,,
S2:298360b7d1b93ee124fdc8f43ef2edcb8ab994ef,s2_id,298360b7d1b93ee124fdc8f43ef2edcb8ab994ef,False,"400: {""error"":""No valid paper ids given""}
",,,,,,,,,,
S2:29fd8fb02f25d451f43a3e26c319b82e2bbac727,s2_id,29fd8fb02f25d451f43a3e26c319b82e2bbac727,False,"400: {""error"":""No valid paper ids given""}
",,,,,,,,,,
S2:2a9bdb8c48b7619e6971f654b06787826ebcfa97,s2_id,2a9bdb8c48b7619e6971f654b06787826ebcfa97,False,"400: {""error"":""No valid paper ids given""}
",,,,,,,,,,
S2:2ac6102dbad1f702a647c67fb02880158d52be17,s2_id,2ac6102dbad1f702a647c67fb02880158d52be17,False,"400: {""error"":""No valid paper ids given""}
",,,,,,,,,,
S2:2adf5782ddbee197745b2015af86daef8d852d12,s2_id,2adf5782ddbee197745b2015af86daef8d852d12,False,"400: {""error"":""No valid paper ids given""}
",,,,,,,,,,
S2:2b130447a61f0f1c8c240756356fafd720e107c7,s2_id,2b130447a61f0f1c8c240756356fafd720e107c7,False,"400: {""error"":""No valid paper ids given""}
",,,,,,,,,,
S2:2b870878b35a102cec87ca1e47a64cd8cfafdd07,s2_id,2b870878b35a102cec87ca1e47a64cd8cfafdd07,False,"400: {""error"":""No valid paper ids given""}
",,,,,,,,,,
S2:2c00c82ede67da05736c99309f76a3d04ef33ddb,s2_id,2c00c82ede67da05736c99309f76a3d04ef33ddb,False,"400: {""error"":""No valid paper ids given""}
",,,,,,,,,,
S2:2c0ab292ed592b4c3699d67668d3965dd9dfd064,s2_id,2c0ab292ed592b4c3699d67668d3965dd9dfd064,False,"400: {""error"":""No valid paper ids given""}
",,,,,,,,,,
S2:2c1ed921a3dab96ea6204f666097c711ef097816,s2_id,2c1ed921a3dab96ea6204f666097c711ef097816,False,"400: {""error"":""No valid paper ids given""}
",,,,,,,,,,
S2:2c8902075c5e707bf5833e00569bc44c31d85828,s2_id,2c8902075c5e707bf5833e00569bc44c31d85828,False,"400: {""error"":""No valid paper ids given""}
",,,,,,,,,,
S2:2c9e142baecdbd9799bbb162160d84496466f479,s2_id,2c9e142baecdbd9799bbb162160d84496466f479,False,"400: {""error"":""No valid paper ids given""}
",,,,,,,,,,
S2:2cbf027696e886568a5ea70796a48d3032b2e5b3,s2_id,2cbf027696e886568a5ea70796a48d3032b2e5b3,False,"400: {""error"":""No valid paper ids given""}
",,,,,,,,,,
S2:2cd8099c54059fa5d804436aebb3c39ca916e732,s2_id,2cd8099c54059fa5d804436aebb3c39ca916e732,False,"400: {""error"":""No valid paper ids given""}
",,,,,,,,,,
S2:2d072bef7058cf801d3b6616a539610679c2c6bb,s2_id,2d072bef7058cf801d3b6616a539610679c2c6bb,False,"400: {""error"":""No valid paper ids given""}
",,,,,,,,,,
S2:2d17d63001f0a4502d7df8f00c77c38914cf1c75,s2_id,2d17d63001f0a4502d7df8f00c77c38914cf1c75,False,"400: {""error"":""No valid paper ids given""}
",,,,,,,,,,
S2:2d21eaa90c0b62024e7d1c8df858e92b5c94acb0,s2_id,2d21eaa90c0b62024e7d1c8df858e92b5c94acb0,False,"400: {""error"":""No valid paper ids given""}
",,,,,,,,,,
S2:2d4fbbb9ddcb191bceb361a422e75ca64c1b0832,s2_id,2d4fbbb9ddcb191bceb361a422e75ca64c1b0832,False,"400: {""error"":""No valid paper ids given""}
",,,,,,,,,,
S2:2e08267b4465a072058874b5ddce493280fcf39e,s2_id,2e08267b4465a072058874b5ddce493280fcf39e,False,"400: {""error"":""No valid paper ids given""}
",,,,,,,,,,
S2:2e87df6f0d41a74b4fb37e0cfc755df5d4a27cc8,s2_id,2e87df6f0d41a74b4fb37e0cfc755df5d4a27cc8,False,"400: {""error"":""No valid paper ids given""}
",,,,,,,,,,
S2:2e89b0445ac6bfe7055215687699d211013d64ea,s2_id,2e89b0445ac6bfe7055215687699d211013d64ea,False,"400: {""error"":""No valid paper ids given""}
",,,,,,,,,,
S2:2eb361fdcf447290eb3e8bfd007e7b56c105abed,s2_id,2eb361fdcf447290eb3e8bfd007e7b56c105abed,False,"400: {""error"":""No valid paper ids given""}
",,,,,,,,,,
S2:2eb50b73700401b8cb812ccc721b477fda7d1515,s2_id,2eb50b73700401b8cb812ccc721b477fda7d1515,False,"400: {""error"":""No valid paper ids given""}
",,,,,,,,,,
S2:2ec59e20d1a089de6242365e46e9d2627855541c,s2_id,2ec59e20d1a089de6242365e46e9d2627855541c,False,"400: {""error"":""No valid paper ids given""}
",,,,,,,,,,
S2:2ed4a4a046297119f06cc89bb23b4eb4dbdf06e4,s2_id,2ed4a4a046297119f06cc89bb23b4eb4dbdf06e4,False,"400: {""error"":""No valid paper ids given""}
",,,,,,,,,,
S2:2f23a492ffe08d3c5cb025dc7a533c4b118e13e1,s2_id,2f23a492ffe08d3c5cb025dc7a533c4b118e13e1,False,"400: {""error"":""No valid paper ids given""}
",,,,,,,,,,
S2:2f5bc3fdac68b5e7f58865148fe39262baf671bc,s2_id,2f5bc3fdac68b5e7f58865148fe39262baf671bc,False,"400: {""error"":""No valid paper ids given""}
",,,,,,,,,,
S2:2f5ec1b1e0da526f6d75bd1311267238dc3131a5,s2_id,2f5ec1b1e0da526f6d75bd1311267238dc3131a5,False,"400: {""error"":""No valid paper ids given""}
",,,,,,,,,,
S2:2fb0bd7e593ba55b10e66664465e26028eb75824,s2_id,2fb0bd7e593ba55b10e66664465e26028eb75824,False,"400: {""error"":""No valid paper ids given""}
",,,,,,,,,,
S2:3030d08a758a289a87eb4eb6e99d3cdd79f3a4f5,s2_id,3030d08a758a289a87eb4eb6e99d3cdd79f3a4f5,False,"400: {""error"":""No valid paper ids given""}
",,,,,,,,,,
S2:3034a802102079c83361af020e070bf53c10a899,s2_id,3034a802102079c83361af020e070bf53c10a899,False,"400: {""error"":""No valid paper ids given""}
",,,,,,,,,,
S2:308f866fd518103cdaa7ad2611484fd84fab8579,s2_id,308f866fd518103cdaa7ad2611484fd84fab8579,False,"400: {""error"":""No valid paper ids given""}
",,,,,,,,,,
S2:309f8ff0573d8baf04838f74a407d2b9453d8eec,s2_id,309f8ff0573d8baf04838f74a407d2b9453d8eec,False,"400: {""error"":""No valid paper ids given""}
",,,,,,,,,,
S2:30c519c7e5e4b70fc38fc04e201a234a8f93f506,s2_id,30c519c7e5e4b70fc38fc04e201a234a8f93f506,False,"400: {""error"":""No valid paper ids given""}
",,,,,,,,,,
S2:30cc1450564631d71efaf8beb7a2dc462667c51a,s2_id,30cc1450564631d71efaf8beb7a2dc462667c51a,False,"400: {""error"":""No valid paper ids given""}
",,,,,,,,,,
S2:312565eba294021ab26c28df41dc40631904ff60,s2_id,312565eba294021ab26c28df41dc40631904ff60,False,"400: {""error"":""No valid paper ids given""}
",,,,,,,,,,
S2:312ae603a33335c9dfa1ba10981db76cfe0de1d4,s2_id,312ae603a33335c9dfa1ba10981db76cfe0de1d4,False,"400: {""error"":""No valid paper ids given""}
",,,,,,,,,,
S2:316d9e0d3cdc23584190aed3448ba900113a7bdc,s2_id,316d9e0d3cdc23584190aed3448ba900113a7bdc,False,"400: {""error"":""No valid paper ids given""}
",,,,,,,,,,
S2:31713e2162eb7dcaa3705f5ca3bee57fc84f7e3a,s2_id,31713e2162eb7dcaa3705f5ca3bee57fc84f7e3a,False,"400: {""error"":""No valid paper ids given""}
",,,,,,,,,,
S2:31e3931c473d786120580cc8ddc09e24fd8af3e7,s2_id,31e3931c473d786120580cc8ddc09e24fd8af3e7,False,"400: {""error"":""No valid paper ids given""}
",,,,,,,,,,
S2:31e506426ba743f13c4039353024cdec942c506a,s2_id,31e506426ba743f13c4039353024cdec942c506a,False,"400: {""error"":""No valid paper ids given""}
",,,,,,,,,,
S2:3253837674fb7668948b7bce0db46d11490b8495,s2_id,3253837674fb7668948b7bce0db46d11490b8495,False,"400: {""error"":""No valid paper ids given""}
",,,,,,,,,,
S2:32edfdad3586a86be8bf3b4fed0b58cb72f89d5f,s2_id,32edfdad3586a86be8bf3b4fed0b58cb72f89d5f,False,"400: {""error"":""No valid paper ids given""}
",,,,,,,,,,
S2:33361d49d0d3eacc147f54d296aa60cbf9edf946,s2_id,33361d49d0d3eacc147f54d296aa60cbf9edf946,False,"400: {""error"":""No valid paper ids given""}
",,,,,,,,,,
S2:3359c1987f3b90d7250a8a3ec3748aee66a896e2,s2_id,3359c1987f3b90d7250a8a3ec3748aee66a896e2,False,"400: {""error"":""No valid paper ids given""}
",,,,,,,,,,
S2:33b5bc7e7e48fe2e8103c1d967edb8cd4fff526c,s2_id,33b5bc7e7e48fe2e8103c1d967edb8cd4fff526c,False,"400: {""error"":""No valid paper ids given""}
",,,,,,,,,,
S2:33c35cf64b96e65a8817b8329f381f14925513c9,s2_id,33c35cf64b96e65a8817b8329f381f14925513c9,False,"400: {""error"":""No valid paper ids given""}
",,,,,,,,,,
S2:33f0a952a1ec4b90b60da751fe9058c61e799b11,s2_id,33f0a952a1ec4b90b60da751fe9058c61e799b11,False,"400: {""error"":""No valid paper ids given""}
",,,,,,,,,,
S2:33fe4004d33e639a1999b883270e42b5ed23ad3b,s2_id,33fe4004d33e639a1999b883270e42b5ed23ad3b,False,"400: {""error"":""No valid paper ids given""}
",,,,,,,,,,
S2:3407a2b19614e0f95597ed3cbc449590b57020fb,s2_id,3407a2b19614e0f95597ed3cbc449590b57020fb,False,"400: {""error"":""No valid paper ids given""}
",,,,,,,,,,
S2:3415e92130a9432243c634fe78bda8b809e707af,s2_id,3415e92130a9432243c634fe78bda8b809e707af,False,"400: {""error"":""No valid paper ids given""}
",,,,,,,,,,
S2:34202bab12e82ec761cc86568bf8f46aad6597cf,s2_id,34202bab12e82ec761cc86568bf8f46aad6597cf,False,"400: {""error"":""No valid paper ids given""}
",,,,,,,,,,
S2:343dd378ee065692a4199dbbffcd7ff0938c9d26,s2_id,343dd378ee065692a4199dbbffcd7ff0938c9d26,False,"400: {""error"":""No valid paper ids given""}
",,,,,,,,,,
S2:3444041d2a7cd05a7011c3eb966878fd81407806,s2_id,3444041d2a7cd05a7011c3eb966878fd81407806,False,"400: {""error"":""No valid paper ids given""}
",,,,,,,,,,
S2:3446a23e07529bdf963dd5a66468ecc770543e6e,s2_id,3446a23e07529bdf963dd5a66468ecc770543e6e,False,"400: {""error"":""No valid paper ids given""}
",,,,,,,,,,
S2:349c6305446f2d596c198298eaceb36179699603,s2_id,349c6305446f2d596c198298eaceb36179699603,False,"400: {""error"":""No valid paper ids given""}
",,,,,,,,,,
S2:34aedb7ab591f43e7ea1d03e736e8dc1b8cee908,s2_id,34aedb7ab591f43e7ea1d03e736e8dc1b8cee908,False,"400: {""error"":""No valid paper ids given""}
",,,,,,,,,,
S2:34cec9687c2dff673d76f68b538b2c1bd5031ef3,s2_id,34cec9687c2dff673d76f68b538b2c1bd5031ef3,False,"400: {""error"":""No valid paper ids given""}
",,,,,,,,,,
S2:34d32432225c5095c2fcee926b90cd3bf2a7d425,s2_id,34d32432225c5095c2fcee926b90cd3bf2a7d425,False,"400: {""error"":""No valid paper ids given""}
",,,,,,,,,,
S2:3501e0366a8ca584ec42c03d9ef941e16fc26847,s2_id,3501e0366a8ca584ec42c03d9ef941e16fc26847,False,"400: {""error"":""No valid paper ids given""}
",,,,,,,,,,
S2:3505f8ea69e2d2e4f68e07bf00b162ab502c979c,s2_id,3505f8ea69e2d2e4f68e07bf00b162ab502c979c,False,"400: {""error"":""No valid paper ids given""}
",,,,,,,,,,
S2:3509a3c8111a9f3c9cea5a55d8281af05a55dbe8,s2_id,3509a3c8111a9f3c9cea5a55d8281af05a55dbe8,False,"400: {""error"":""No valid paper ids given""}
",,,,,,,,,,
S2:35135f9dd7f4f6122c8983ec937ca829aed79f53,s2_id,35135f9dd7f4f6122c8983ec937ca829aed79f53,False,"400: {""error"":""No valid paper ids given""}
",,,,,,,,,,
S2:352dea73e3f72ba1597892e9c230ed869c3f701b,s2_id,352dea73e3f72ba1597892e9c230ed869c3f701b,False,"400: {""error"":""No valid paper ids given""}
",,,,,,,,,,
S2:354690656898c9e229675ba1dbf8ea76cf7840e8,s2_id,354690656898c9e229675ba1dbf8ea76cf7840e8,False,"400: {""error"":""No valid paper ids given""}
",,,,,,,,,,
S2:35875b700e12c83704c9de2059d7f92813634e35,s2_id,35875b700e12c83704c9de2059d7f92813634e35,False,"400: {""error"":""No valid paper ids given""}
",,,,,,,,,,
S2:35a358b26a9cc277ba832fee8e2e873c008f781c,s2_id,35a358b26a9cc277ba832fee8e2e873c008f781c,False,"400: {""error"":""No valid paper ids given""}
",,,,,,,,,,
S2:360a880c0ec2c18fcebe3ae79ca36c4765e485ea,s2_id,360a880c0ec2c18fcebe3ae79ca36c4765e485ea,False,"400: {""error"":""No valid paper ids given""}
",,,,,,,,,,
S2:363fd5d089266c6dc63ac20180d61a2938b84b1b,s2_id,363fd5d089266c6dc63ac20180d61a2938b84b1b,False,"400: {""error"":""No valid paper ids given""}
",,,,,,,,,,
S2:364bcad610bc065f89b0ab9ca39c824594a27e53,s2_id,364bcad610bc065f89b0ab9ca39c824594a27e53,False,"400: {""error"":""No valid paper ids given""}
",,,,,,,,,,
S2:3692091aa607622133c505c013c03ad3dc21f6c0,s2_id,3692091aa607622133c505c013c03ad3dc21f6c0,False,"400: {""error"":""No valid paper ids given""}
",,,,,,,,,,
S2:36969f2e396a4086adf1cddaf9d60b9d807309d3,s2_id,36969f2e396a4086adf1cddaf9d60b9d807309d3,False,"400: {""error"":""No valid paper ids given""}
",,,,,,,,,,
S2:36c5a1faa0830ca5afc8af0f227b256ecaf8195c,s2_id,36c5a1faa0830ca5afc8af0f227b256ecaf8195c,False,"400: {""error"":""No valid paper ids given""}
",,,,,,,,,,
S2:36cd3d3a9e8a64f322476153513ece1fd617acfc,s2_id,36cd3d3a9e8a64f322476153513ece1fd617acfc,False,"400: {""error"":""No valid paper ids given""}
",,,,,,,,,,
S2:371c34651098bd4cf7a0d3a19ec27824bb4a64a0,s2_id,371c34651098bd4cf7a0d3a19ec27824bb4a64a0,False,"400: {""error"":""No valid paper ids given""}
",,,,,,,,,,
S2:375cacbc13a1c0596a387127b70599b0f456197a,s2_id,375cacbc13a1c0596a387127b70599b0f456197a,False,"400: {""error"":""No valid paper ids given""}
",,,,,,,,,,
S2:37924b7ebd2fe2cc1c3e0e2c90a9de2f5584e422,s2_id,37924b7ebd2fe2cc1c3e0e2c90a9de2f5584e422,False,"400: {""error"":""No valid paper ids given""}
",,,,,,,,,,
S2:3794dc889799b7eef2c4bd60a91111d777f56a25,s2_id,3794dc889799b7eef2c4bd60a91111d777f56a25,False,"400: {""error"":""No valid paper ids given""}
",,,,,,,,,,
S2:379623ad0f87d5391348bc514a06f8b2614384d8,s2_id,379623ad0f87d5391348bc514a06f8b2614384d8,False,"400: {""error"":""No valid paper ids given""}
",,,,,,,,,,
S2:37ca4d3555637b596ada1cb7864184a48ac6276a,s2_id,37ca4d3555637b596ada1cb7864184a48ac6276a,False,"400: {""error"":""No valid paper ids given""}
",,,,,,,,,,
S2:37e0ab81e922e66a1af72c43db6ebecd04cabf9e,s2_id,37e0ab81e922e66a1af72c43db6ebecd04cabf9e,False,"400: {""error"":""No valid paper ids given""}
",,,,,,,,,,
S2:38a0792ac64052625a003005b6de0de549f14c2f,s2_id,38a0792ac64052625a003005b6de0de549f14c2f,False,"400: {""error"":""No valid paper ids given""}
",,,,,,,,,,
S2:38d30d9cbf6337b025e3251efb517cf13cc72fab,s2_id,38d30d9cbf6337b025e3251efb517cf13cc72fab,False,"400: {""error"":""No valid paper ids given""}
",,,,,,,,,,
S2:38d4cc57c8cc422e337df4b977fdddec4a473f6f,s2_id,38d4cc57c8cc422e337df4b977fdddec4a473f6f,False,"400: {""error"":""No valid paper ids given""}
",,,,,,,,,,
S2:38db4d0d4747d8e70aa6aa23c89d964b2c44589b,s2_id,38db4d0d4747d8e70aa6aa23c89d964b2c44589b,False,"400: {""error"":""No valid paper ids given""}
",,,,,,,,,,
S2:38f068c1171514b64342a088a80635569ef32c5a,s2_id,38f068c1171514b64342a088a80635569ef32c5a,False,"400: {""error"":""No valid paper ids given""}
",,,,,,,,,,
S2:398978ab613d42e199c4eb3ae64348be90644680,s2_id,398978ab613d42e199c4eb3ae64348be90644680,False,"400: {""error"":""No valid paper ids given""}
",,,,,,,,,,
S2:39a832ab8f90690f3f7e3b993c3d1c6d6b3e82fe,s2_id,39a832ab8f90690f3f7e3b993c3d1c6d6b3e82fe,False,"400: {""error"":""No valid paper ids given""}
",,,,,,,,,,
S2:39d8463e3f3359bb9443989984343bbd26bf3695,s2_id,39d8463e3f3359bb9443989984343bbd26bf3695,False,"400: {""error"":""No valid paper ids given""}
",,,,,,,,,,
S2:3a441f4122c435572684e775e0b7203471f1e34d,s2_id,3a441f4122c435572684e775e0b7203471f1e34d,False,"400: {""error"":""No valid paper ids given""}
",,,,,,,,,,
S2:3a9ba92037043295e707da1f6e63af25819b3505,s2_id,3a9ba92037043295e707da1f6e63af25819b3505,False,"400: {""error"":""No valid paper ids given""}
",,,,,,,,,,
S2:3a9d4fd37fe18cfbfcea4ff5805dc9f666427d2c,s2_id,3a9d4fd37fe18cfbfcea4ff5805dc9f666427d2c,False,"400: {""error"":""No valid paper ids given""}
",,,,,,,,,,
S2:3b18bdeaf0e3c590687ea7c5ccfc9c7735e3221f,s2_id,3b18bdeaf0e3c590687ea7c5ccfc9c7735e3221f,False,"400: {""error"":""No valid paper ids given""}
",,,,,,,,,,
S2:3b20166445617c7414f62536551e4758a84a4219,s2_id,3b20166445617c7414f62536551e4758a84a4219,False,"400: {""error"":""No valid paper ids given""}
",,,,,,,,,,
S2:3b37b1a7ac19251822dfb44ca32da07bc267f147,s2_id,3b37b1a7ac19251822dfb44ca32da07bc267f147,False,"400: {""error"":""No valid paper ids given""}
",,,,,,,,,,
S2:3b4725c59afa7075ecc07ca4035cd790a6140d15,s2_id,3b4725c59afa7075ecc07ca4035cd790a6140d15,False,"400: {""error"":""No valid paper ids given""}
",,,,,,,,,,
S2:3b4e6f239bb668e8de80ab9203ce8c357445b916,s2_id,3b4e6f239bb668e8de80ab9203ce8c357445b916,False,"400: {""error"":""No valid paper ids given""}
",,,,,,,,,,
S2:3b60902c30e4dad53292ee8b3db4db4f017feb2a,s2_id,3b60902c30e4dad53292ee8b3db4db4f017feb2a,False,"400: {""error"":""No valid paper ids given""}
",,,,,,,,,,
S2:3b68371517ca43be9580c05e2facde8663a9c055,s2_id,3b68371517ca43be9580c05e2facde8663a9c055,False,"400: {""error"":""No valid paper ids given""}
",,,,,,,,,,
S2:3b731c2a2b19cc99babf0f4f55b495d67d8aaa49,s2_id,3b731c2a2b19cc99babf0f4f55b495d67d8aaa49,False,"400: {""error"":""No valid paper ids given""}
",,,,,,,,,,
S2:3b8f1db712ba6b7be37c9fb392043598c96be2fa,s2_id,3b8f1db712ba6b7be37c9fb392043598c96be2fa,False,"400: {""error"":""No valid paper ids given""}
",,,,,,,,,,
S2:3b9e8f32c7d22cff04d21e2bb85abaf2d2f3e9f6,s2_id,3b9e8f32c7d22cff04d21e2bb85abaf2d2f3e9f6,False,"400: {""error"":""No valid paper ids given""}
",,,,,,,,,,
S2:3bd38029417a17ccb3c25eb195702880363c64d1,s2_id,3bd38029417a17ccb3c25eb195702880363c64d1,False,"400: {""error"":""No valid paper ids given""}
",,,,,,,,,,
S2:3be81ca8c961abc816cd4beff0c76f002a886682,s2_id,3be81ca8c961abc816cd4beff0c76f002a886682,False,"400: {""error"":""No valid paper ids given""}
",,,,,,,,,,
S2:3c13aaaf3fcf2ef3e5d3e2805c8a8ed29d8d880c,s2_id,3c13aaaf3fcf2ef3e5d3e2805c8a8ed29d8d880c,False,"400: {""error"":""No valid paper ids given""}
",,,,,,,,,,
S2:3c584fa9ca4b698e05f002b439e07ccdec1a122f,s2_id,3c584fa9ca4b698e05f002b439e07ccdec1a122f,False,"400: {""error"":""No valid paper ids given""}
",,,,,,,,,,
S2:3d976acb2104226bcd8a518c7c0fe0322aea6514,s2_id,3d976acb2104226bcd8a518c7c0fe0322aea6514,False,"400: {""error"":""No valid paper ids given""}
",,,,,,,,,,
S2:3db65fa7d2755cd571829f9b57662b7ea8f79c68,s2_id,3db65fa7d2755cd571829f9b57662b7ea8f79c68,False,"400: {""error"":""No valid paper ids given""}
",,,,,,,,,,
S2:3dd5fea1b1480bfc72898c60b53f31c04c9d5424,s2_id,3dd5fea1b1480bfc72898c60b53f31c04c9d5424,False,"400: {""error"":""No valid paper ids given""}
",,,,,,,,,,
S2:3e087409bb08e6f55d8a20705f8fa7957046de11,s2_id,3e087409bb08e6f55d8a20705f8fa7957046de11,False,"400: {""error"":""No valid paper ids given""}
",,,,,,,,,,
S2:3e1e4834293c2a54be431109f7a7352de4777b6f,s2_id,3e1e4834293c2a54be431109f7a7352de4777b6f,False,"400: {""error"":""No valid paper ids given""}
",,,,,,,,,,
S2:3e22277e94e0e6546648cc45e1bc3dda9887bda8,s2_id,3e22277e94e0e6546648cc45e1bc3dda9887bda8,False,"400: {""error"":""No valid paper ids given""}
",,,,,,,,,,
S2:3e33b3d4f3488cade3075f5391cda4f60692d77d,s2_id,3e33b3d4f3488cade3075f5391cda4f60692d77d,False,"400: {""error"":""No valid paper ids given""}
",,,,,,,,,,
S2:3e3c9f074a0cbf3d62784576b1364adea9ecb78e,s2_id,3e3c9f074a0cbf3d62784576b1364adea9ecb78e,False,"400: {""error"":""No valid paper ids given""}
",,,,,,,,,,
S2:3e5606525682b9be8f9741899dfe63f1ebff49d6,s2_id,3e5606525682b9be8f9741899dfe63f1ebff49d6,False,"400: {""error"":""No valid paper ids given""}
",,,,,,,,,,
S2:3ef92d3b3f8946b2101104060d10c653d5c13825,s2_id,3ef92d3b3f8946b2101104060d10c653d5c13825,False,"400: {""error"":""No valid paper ids given""}
",,,,,,,,,,
S2:3f76b3dfb59cd26999fa27c178592349bed0208d,s2_id,3f76b3dfb59cd26999fa27c178592349bed0208d,False,"400: {""error"":""No valid paper ids given""}
",,,,,,,,,,
S2:3fdd40f81904f1b136fe323d1c72e4dc46303b02,s2_id,3fdd40f81904f1b136fe323d1c72e4dc46303b02,False,"400: {""error"":""No valid paper ids given""}
",,,,,,,,,,
S2:3ff76ae7f95a51cd1eaff4b82a36ee8b8d48c5e2,s2_id,3ff76ae7f95a51cd1eaff4b82a36ee8b8d48c5e2,False,"400: {""error"":""No valid paper ids given""}
",,,,,,,,,,
S2:40175253d8e0a8f866537496c5d919d7eb455abe,s2_id,40175253d8e0a8f866537496c5d919d7eb455abe,False,"400: {""error"":""No valid paper ids given""}
",,,,,,,,,,
S2:4032ad45aad2516722996559986cf2d82d2402c2,s2_id,4032ad45aad2516722996559986cf2d82d2402c2,False,"400: {""error"":""No valid paper ids given""}
",,,,,,,,,,
S2:406ce2f0e577e3d877d61e3287c7e5e699d8c437,s2_id,406ce2f0e577e3d877d61e3287c7e5e699d8c437,False,"400: {""error"":""No valid paper ids given""}
",,,,,,,,,,
S2:40873cad1e73c4ef4ac2a6a0b494df57f30b4883,s2_id,40873cad1e73c4ef4ac2a6a0b494df57f30b4883,False,"400: {""error"":""No valid paper ids given""}
",,,,,,,,,,
S2:40ba0da32da0dd7fa586e91163541dbc270bea40,s2_id,40ba0da32da0dd7fa586e91163541dbc270bea40,False,"400: {""error"":""No valid paper ids given""}
",,,,,,,,,,
S2:40ee709da954f40f68d6a9ed11e897e0fde909ad,s2_id,40ee709da954f40f68d6a9ed11e897e0fde909ad,False,"400: {""error"":""No valid paper ids given""}
",,,,,,,,,,
S2:413ee9f10b1da81767aa2923deacb83356ff4b06,s2_id,413ee9f10b1da81767aa2923deacb83356ff4b06,False,"400: {""error"":""No valid paper ids given""}
",,,,,,,,,,
S2:4148b1ebdacd0d839b6af6b86a794ba38e054ba7,s2_id,4148b1ebdacd0d839b6af6b86a794ba38e054ba7,False,"400: {""error"":""No valid paper ids given""}
",,,,,,,,,,
S2:4173ce0062c46ab7cee6fa30aee5edbdf5f2e4da,s2_id,4173ce0062c46ab7cee6fa30aee5edbdf5f2e4da,False,"400: {""error"":""No valid paper ids given""}
",,,,,,,,,,
S2:41753bec954873f4f2b5a54de2f251905e6332f1,s2_id,41753bec954873f4f2b5a54de2f251905e6332f1,False,"400: {""error"":""No valid paper ids given""}
",,,,,,,,,,
S2:417b30c0e75b13a38b6da68373a577c41c6f1132,s2_id,417b30c0e75b13a38b6da68373a577c41c6f1132,False,"400: {""error"":""No valid paper ids given""}
",,,,,,,,,,
S2:41b11069829e6165e0e5ef04bad90655d99a3fcb,s2_id,41b11069829e6165e0e5ef04bad90655d99a3fcb,False,"400: {""error"":""No valid paper ids given""}
",,,,,,,,,,
S2:41cfc3b05243c8ef0d877c9e491fad5b0f7fdeb2,s2_id,41cfc3b05243c8ef0d877c9e491fad5b0f7fdeb2,False,"400: {""error"":""No valid paper ids given""}
",,,,,,,,,,
S2:41d33879286a5db68d67c402186f286acc5aaee6,s2_id,41d33879286a5db68d67c402186f286acc5aaee6,False,"400: {""error"":""No valid paper ids given""}
",,,,,,,,,,
S2:42d402069c3dfd4c66c4ad6a1ca842cce377bce3,s2_id,42d402069c3dfd4c66c4ad6a1ca842cce377bce3,False,"400: {""error"":""No valid paper ids given""}
",,,,,,,,,,
S2:42e7585a4694f6ce54ed757c72c9c12b7a8101f5,s2_id,42e7585a4694f6ce54ed757c72c9c12b7a8101f5,False,"400: {""error"":""No valid paper ids given""}
",,,,,,,,,,
S2:430364be4fdb90648dd939ff8839e171a2385049,s2_id,430364be4fdb90648dd939ff8839e171a2385049,False,"400: {""error"":""No valid paper ids given""}
",,,,,,,,,,
S2:431bf33b121887b2cab73e43775717f56047c106,s2_id,431bf33b121887b2cab73e43775717f56047c106,False,"400: {""error"":""No valid paper ids given""}
",,,,,,,,,,
S2:432fe49247a26dc11064b252d16b3ead40361787,s2_id,432fe49247a26dc11064b252d16b3ead40361787,False,"400: {""error"":""No valid paper ids given""}
",,,,,,,,,,
S2:434b30d074c5026ae2c7e05a0faf4179baa2c656,s2_id,434b30d074c5026ae2c7e05a0faf4179baa2c656,False,"400: {""error"":""No valid paper ids given""}
",,,,,,,,,,
S2:435365a84233571594c4a7a11b1dd248a9316bb0,s2_id,435365a84233571594c4a7a11b1dd248a9316bb0,False,"400: {""error"":""No valid paper ids given""}
",,,,,,,,,,
S2:43bb58659605d93f7463a109c486d3f91bf036cb,s2_id,43bb58659605d93f7463a109c486d3f91bf036cb,False,"400: {""error"":""No valid paper ids given""}
",,,,,,,,,,
S2:44525a76fa265edc2bf5cfb3ee5d4f1c9e25685c,s2_id,44525a76fa265edc2bf5cfb3ee5d4f1c9e25685c,False,"400: {""error"":""No valid paper ids given""}
",,,,,,,,,,
S2:44c2280c877aa87c94e8b5c557ec8142d4a06942,s2_id,44c2280c877aa87c94e8b5c557ec8142d4a06942,False,"400: {""error"":""No valid paper ids given""}
",,,,,,,,,,
S2:44dc2d52a60d8c804fd42b6ac3c90a1c6c6fff0b,s2_id,44dc2d52a60d8c804fd42b6ac3c90a1c6c6fff0b,False,"400: {""error"":""No valid paper ids given""}
",,,,,,,,,,
S2:450304e6da31299973eefb780ea12ee91305da4c,s2_id,450304e6da31299973eefb780ea12ee91305da4c,False,"400: {""error"":""No valid paper ids given""}
",,,,,,,,,,
S2:4526c3eb37cdb9a8ec7d2b2540a0bbaff8e29bc9,s2_id,4526c3eb37cdb9a8ec7d2b2540a0bbaff8e29bc9,False,"400: {""error"":""No valid paper ids given""}
",,,,,,,,,,
S2:4541f07509ef12318035099d54eeb532457fb982,s2_id,4541f07509ef12318035099d54eeb532457fb982,False,"400: {""error"":""No valid paper ids given""}
",,,,,,,,,,
S2:45504a51d82c98057cfa6d3f248267a9c74cf868,s2_id,45504a51d82c98057cfa6d3f248267a9c74cf868,False,"400: {""error"":""No valid paper ids given""}
",,,,,,,,,,
S2:4582ab5d0d28838eb1b17b49fcb062046a74be43,s2_id,4582ab5d0d28838eb1b17b49fcb062046a74be43,False,"400: {""error"":""No valid paper ids given""}
",,,,,,,,,,
S2:458c422b6401d3003393fda71a92cf685b82a543,s2_id,458c422b6401d3003393fda71a92cf685b82a543,False,"400: {""error"":""No valid paper ids given""}
",,,,,,,,,,
S2:459f62a9455282e280035791a0f82071381efc30,s2_id,459f62a9455282e280035791a0f82071381efc30,False,"400: {""error"":""No valid paper ids given""}
",,,,,,,,,,
S2:46198a1b4402c40a6242f9831ca7609feafeb18a,s2_id,46198a1b4402c40a6242f9831ca7609feafeb18a,False,"400: {""error"":""No valid paper ids given""}
",,,,,,,,,,
S2:4619f2b1c9dc6c5e9b0c33d37efca13cc7226364,s2_id,4619f2b1c9dc6c5e9b0c33d37efca13cc7226364,False,"400: {""error"":""No valid paper ids given""}
",,,,,,,,,,
S2:4640ed868e9011164c9dd94ad9883e2529180e1a,s2_id,4640ed868e9011164c9dd94ad9883e2529180e1a,False,"400: {""error"":""No valid paper ids given""}
",,,,,,,,,,
S2:46596f682911bfc1c109582041583c7bd75010a3,s2_id,46596f682911bfc1c109582041583c7bd75010a3,False,"400: {""error"":""No valid paper ids given""}
",,,,,,,,,,
S2:466b2b704ae7b3ae9a8edce5497fd3528bfaf9ea,s2_id,466b2b704ae7b3ae9a8edce5497fd3528bfaf9ea,False,"400: {""error"":""No valid paper ids given""}
",,,,,,,,,,
S2:469724549b874a8de119d03c3d9ba21b4b12fc19,s2_id,469724549b874a8de119d03c3d9ba21b4b12fc19,False,"400: {""error"":""No valid paper ids given""}
",,,,,,,,,,
S2:46a376d78e736a36e851023a45995f65aed3b184,s2_id,46a376d78e736a36e851023a45995f65aed3b184,False,"400: {""error"":""No valid paper ids given""}
",,,,,,,,,,
S2:46a4eb11b76ae5dbffa4c097268c7ee0e561b8b7,s2_id,46a4eb11b76ae5dbffa4c097268c7ee0e561b8b7,False,"400: {""error"":""No valid paper ids given""}
",,,,,,,,,,
S2:4706aed09aa20a83aaa8ca67ff06c9fd110eca6f,s2_id,4706aed09aa20a83aaa8ca67ff06c9fd110eca6f,False,"400: {""error"":""No valid paper ids given""}
",,,,,,,,,,
S2:472ae758b1127b4240fec4dc443ce186272b5ef0,s2_id,472ae758b1127b4240fec4dc443ce186272b5ef0,False,"400: {""error"":""No valid paper ids given""}
",,,,,,,,,,
S2:474b94d1861a6d93b36b486d7bbf177d21dcdd42,s2_id,474b94d1861a6d93b36b486d7bbf177d21dcdd42,False,"400: {""error"":""No valid paper ids given""}
",,,,,,,,,,
S2:475daed80393f9c3a97e61081ebcc31c17977cf4,s2_id,475daed80393f9c3a97e61081ebcc31c17977cf4,False,"400: {""error"":""No valid paper ids given""}
",,,,,,,,,,
S2:47a02807fb1aac67cc952fca6f521906acaf8c1f,s2_id,47a02807fb1aac67cc952fca6f521906acaf8c1f,False,"400: {""error"":""No valid paper ids given""}
",,,,,,,,,,
S2:47ad0c4f3df61fed24e6dbf4293e1ce33682569d,s2_id,47ad0c4f3df61fed24e6dbf4293e1ce33682569d,False,"400: {""error"":""No valid paper ids given""}
",,,,,,,,,,
S2:47b2dcfd047f18d242002cddc97d87ec6f0f17b9,s2_id,47b2dcfd047f18d242002cddc97d87ec6f0f17b9,False,"400: {""error"":""No valid paper ids given""}
",,,,,,,,,,
S2:47cae859d7d6436cff7618bd2a62450462bb7272,s2_id,47cae859d7d6436cff7618bd2a62450462bb7272,False,"400: {""error"":""No valid paper ids given""}
",,,,,,,,,,
S2:47d632856aa736e194557351f27580b77a294abb,s2_id,47d632856aa736e194557351f27580b77a294abb,False,"400: {""error"":""No valid paper ids given""}
",,,,,,,,,,
S2:47db353da48a84e07817f2ae00ec10cc7627bed7,s2_id,47db353da48a84e07817f2ae00ec10cc7627bed7,False,"400: {""error"":""No valid paper ids given""}
",,,,,,,,,,
S2:4801942070a8c8699131c0d8f64bfff7cfa611cd,s2_id,4801942070a8c8699131c0d8f64bfff7cfa611cd,False,"400: {""error"":""No valid paper ids given""}
",,,,,,,,,,
S2:482af1079b413cf35584c6af331bd7d3b1f85a28,s2_id,482af1079b413cf35584c6af331bd7d3b1f85a28,False,"400: {""error"":""No valid paper ids given""}
",,,,,,,,,,
S2:4840f05e5aaef07b9b0a2ea71d7b8dc64b1f0d33,s2_id,4840f05e5aaef07b9b0a2ea71d7b8dc64b1f0d33,False,"400: {""error"":""No valid paper ids given""}
",,,,,,,,,,
S2:484594854922c8a0c9c7f444f09dc024c8c7fcb3,s2_id,484594854922c8a0c9c7f444f09dc024c8c7fcb3,False,"400: {""error"":""No valid paper ids given""}
",,,,,,,,,,
S2:487fa9275a67264f081fd6d8ad840cc91c369c42,s2_id,487fa9275a67264f081fd6d8ad840cc91c369c42,False,"400: {""error"":""No valid paper ids given""}
",,,,,,,,,,
S2:490a968f23429109ee83019aa5553e5e6e0979bd,s2_id,490a968f23429109ee83019aa5553e5e6e0979bd,False,"400: {""error"":""No valid paper ids given""}
",,,,,,,,,,
S2:491ddddaf4b898429670ffb3182dde86d20d71af,s2_id,491ddddaf4b898429670ffb3182dde86d20d71af,False,"400: {""error"":""No valid paper ids given""}
",,,,,,,,,,
S2:492ff6b679373559c969546e14c3df26b773d616,s2_id,492ff6b679373559c969546e14c3df26b773d616,False,"400: {""error"":""No valid paper ids given""}
",,,,,,,,,,
S2:499ec33a370825d8558cf409255c60bcd2e4b4bb,s2_id,499ec33a370825d8558cf409255c60bcd2e4b4bb,False,"400: {""error"":""No valid paper ids given""}
",,,,,,,,,,
S2:4a00d8bc4a989834aa314674e02e0c87d071fee3,s2_id,4a00d8bc4a989834aa314674e02e0c87d071fee3,False,"400: {""error"":""No valid paper ids given""}
",,,,,,,,,,
S2:4a0db03cd946afccd3834cd01dca6350bb5afe16,s2_id,4a0db03cd946afccd3834cd01dca6350bb5afe16,False,"400: {""error"":""No valid paper ids given""}
",,,,,,,,,,
S2:4a17d7fc98d3ab10b708957325430113824f71ee,s2_id,4a17d7fc98d3ab10b708957325430113824f71ee,False,"400: {""error"":""No valid paper ids given""}
",,,,,,,,,,
S2:4a408509e7ef5aa7aa27349c1eb89d6e741919e3,s2_id,4a408509e7ef5aa7aa27349c1eb89d6e741919e3,False,"400: {""error"":""No valid paper ids given""}
",,,,,,,,,,
S2:4ac5f7ad786fbee89b04023383a4fbe095ccc779,s2_id,4ac5f7ad786fbee89b04023383a4fbe095ccc779,False,"400: {""error"":""No valid paper ids given""}
",,,,,,,,,,
S2:4adcb23374d01b5f6769c98dd439ad9a79450db7,s2_id,4adcb23374d01b5f6769c98dd439ad9a79450db7,False,"400: {""error"":""No valid paper ids given""}
",,,,,,,,,,
S2:4b2145c3cd211fa36d257816467806cb8eb2765d,s2_id,4b2145c3cd211fa36d257816467806cb8eb2765d,False,"400: {""error"":""No valid paper ids given""}
",,,,,,,,,,
S2:4b2ede28ec928708cbe0c6292c8fd96125761484,s2_id,4b2ede28ec928708cbe0c6292c8fd96125761484,False,"400: {""error"":""No valid paper ids given""}
",,,,,,,,,,
S2:4b2ef9fab3dc69fb37726b5ff72a11e7ea0fed4b,s2_id,4b2ef9fab3dc69fb37726b5ff72a11e7ea0fed4b,False,"400: {""error"":""No valid paper ids given""}
",,,,,,,,,,
S2:4b3efb5cf15244cc9eb28059a9e89f6c5e576cf5,s2_id,4b3efb5cf15244cc9eb28059a9e89f6c5e576cf5,False,"400: {""error"":""No valid paper ids given""}
",,,,,,,,,,
S2:4b641e3b235bd59601228774d1d9fe0457881d0a,s2_id,4b641e3b235bd59601228774d1d9fe0457881d0a,False,"400: {""error"":""No valid paper ids given""}
",,,,,,,,,,
S2:4be38075ba9f358bb9b88a9a52f4ca139cc33037,s2_id,4be38075ba9f358bb9b88a9a52f4ca139cc33037,False,"400: {""error"":""No valid paper ids given""}
",,,,,,,,,,
S2:4be8eecdb814c18c1a63c3cd4f5510d715a55e26,s2_id,4be8eecdb814c18c1a63c3cd4f5510d715a55e26,False,"400: {""error"":""No valid paper ids given""}
",,,,,,,,,,
S2:4bf76e84698caf268db80eef0e43d6fad955ecce,s2_id,4bf76e84698caf268db80eef0e43d6fad955ecce,False,"400: {""error"":""No valid paper ids given""}
",,,,,,,,,,
S2:4c67920b1566cb9e4c794bea706af17d9317d953,s2_id,4c67920b1566cb9e4c794bea706af17d9317d953,False,"400: {""error"":""No valid paper ids given""}
",,,,,,,,,,
S2:4c695c1b0d6a90dfe8068314c068f161013701d4,s2_id,4c695c1b0d6a90dfe8068314c068f161013701d4,False,"400: {""error"":""No valid paper ids given""}
",,,,,,,,,,
S2:4cc3bf34abe2ccaae5148a7c9168dd779b31d31e,s2_id,4cc3bf34abe2ccaae5148a7c9168dd779b31d31e,False,"400: {""error"":""No valid paper ids given""}
",,,,,,,,,,
S2:4ce415d2a3a65bade15a663119832d06782157e0,s2_id,4ce415d2a3a65bade15a663119832d06782157e0,False,"400: {""error"":""No valid paper ids given""}
",,,,,,,,,,
S2:4cfe4ddd07ea118803930d078dc31bfebec868ce,s2_id,4cfe4ddd07ea118803930d078dc31bfebec868ce,False,"400: {""error"":""No valid paper ids given""}
",,,,,,,,,,
S2:4d1c15b1eb194d2196463a64ba04ed85191f40c2,s2_id,4d1c15b1eb194d2196463a64ba04ed85191f40c2,False,"400: {""error"":""No valid paper ids given""}
",,,,,,,,,,
S2:4d21a358703a85dd59423054a7ba1b73adc1bd1a,s2_id,4d21a358703a85dd59423054a7ba1b73adc1bd1a,False,"400: {""error"":""No valid paper ids given""}
",,,,,,,,,,
S2:4d3d4620ce84404fd3a179799ce7218e040f69db,s2_id,4d3d4620ce84404fd3a179799ce7218e040f69db,False,"400: {""error"":""No valid paper ids given""}
",,,,,,,,,,
S2:4d82202556e22fa600d3bb0ca7d1d99bd0bf544b,s2_id,4d82202556e22fa600d3bb0ca7d1d99bd0bf544b,False,"400: {""error"":""No valid paper ids given""}
",,,,,,,,,,
S2:4db6834b469852f6f413307591cd8d1f25e27749,s2_id,4db6834b469852f6f413307591cd8d1f25e27749,False,"400: {""error"":""No valid paper ids given""}
",,,,,,,,,,
S2:4dd1f1a50d4d13f85a8e6bc5829478dad3767d7a,s2_id,4dd1f1a50d4d13f85a8e6bc5829478dad3767d7a,False,"400: {""error"":""No valid paper ids given""}
",,,,,,,,,,
S2:4e7277d8727001a59700839c83aba526f1b01821,s2_id,4e7277d8727001a59700839c83aba526f1b01821,False,"400: {""error"":""No valid paper ids given""}
",,,,,,,,,,
S2:4e7f9ddbe20136837d97667b7095fb6c55c883e2,s2_id,4e7f9ddbe20136837d97667b7095fb6c55c883e2,False,"400: {""error"":""No valid paper ids given""}
",,,,,,,,,,
S2:4e80b743243d1404b7dde3853203c9d59e1f0f68,s2_id,4e80b743243d1404b7dde3853203c9d59e1f0f68,False,"400: {""error"":""No valid paper ids given""}
",,,,,,,,,,
S2:4ebc684ba953213c60f4bb88ece4958ae2445c13,s2_id,4ebc684ba953213c60f4bb88ece4958ae2445c13,False,"400: {""error"":""No valid paper ids given""}
",,,,,,,,,,
S2:4ecb94c54a01dd894d2153596fcb5394b19ae39d,s2_id,4ecb94c54a01dd894d2153596fcb5394b19ae39d,False,"400: {""error"":""No valid paper ids given""}
",,,,,,,,,,
S2:4edbaec77e146d86f1ca3947f8bac662e2c8cede,s2_id,4edbaec77e146d86f1ca3947f8bac662e2c8cede,False,"400: {""error"":""No valid paper ids given""}
",,,,,,,,,,
S2:4ef8cdacfb15150b0655fcf5f6567bbfdb3d4004,s2_id,4ef8cdacfb15150b0655fcf5f6567bbfdb3d4004,False,"400: {""error"":""No valid paper ids given""}
",,,,,,,,,,
S2:4f0196bff99a65c37dd6acc6732ec5a09268cf50,s2_id,4f0196bff99a65c37dd6acc6732ec5a09268cf50,False,"400: {""error"":""No valid paper ids given""}
",,,,,,,,,,
S2:4f2b0a2679d4ccbc4081a58688cb72ddee7544bd,s2_id,4f2b0a2679d4ccbc4081a58688cb72ddee7544bd,False,"400: {""error"":""No valid paper ids given""}
",,,,,,,,,,
S2:4f2fef52a42da586aeb98e216f2264564cc844e4,s2_id,4f2fef52a42da586aeb98e216f2264564cc844e4,False,"400: {""error"":""No valid paper ids given""}
",,,,,,,,,,
S2:4f72291755736e89f2715611c924befc4ae41e6d,s2_id,4f72291755736e89f2715611c924befc4ae41e6d,False,"400: {""error"":""No valid paper ids given""}
",,,,,,,,,,
S2:4f76d3083114bfaf25f9124078ddf37a20359590,s2_id,4f76d3083114bfaf25f9124078ddf37a20359590,False,"400: {""error"":""No valid paper ids given""}
",,,,,,,,,,
S2:4fbf2c792d92e172192e111b47606060a8233408,s2_id,4fbf2c792d92e172192e111b47606060a8233408,False,"400: {""error"":""No valid paper ids given""}
",,,,,,,,,,
S2:4fd42d79fee1950461081a165854e4a8e97c0de4,s2_id,4fd42d79fee1950461081a165854e4a8e97c0de4,False,"400: {""error"":""No valid paper ids given""}
",,,,,,,,,,
S2:4ff1eb2c51e205d95577bea8ecf75f496ea54031,s2_id,4ff1eb2c51e205d95577bea8ecf75f496ea54031,False,"400: {""error"":""No valid paper ids given""}
",,,,,,,,,,
S2:5048022b7acfd485c3c6962f82700475d52ed536,s2_id,5048022b7acfd485c3c6962f82700475d52ed536,False,"400: {""error"":""No valid paper ids given""}
",,,,,,,,,,
S2:50483d809c852ff3c370adffe3b88be8c8c047e7,s2_id,50483d809c852ff3c370adffe3b88be8c8c047e7,False,"400: {""error"":""No valid paper ids given""}
",,,,,,,,,,
S2:50af60be82ef745275d8562a752788903c22a8ec,s2_id,50af60be82ef745275d8562a752788903c22a8ec,False,"400: {""error"":""No valid paper ids given""}
",,,,,,,,,,
S2:50d79032baae8f5fb59ee523a2afcc53b8fa51dc,s2_id,50d79032baae8f5fb59ee523a2afcc53b8fa51dc,False,"400: {""error"":""No valid paper ids given""}
",,,,,,,,,,
S2:5151ce9c624f21b18f310c5e4d31f4169bd9a7fb,s2_id,5151ce9c624f21b18f310c5e4d31f4169bd9a7fb,False,"400: {""error"":""No valid paper ids given""}
",,,,,,,,,,
S2:516301c6debde3287d21fa55384818d37e1508ec,s2_id,516301c6debde3287d21fa55384818d37e1508ec,False,"400: {""error"":""No valid paper ids given""}
",,,,,,,,,,
S2:51643d0a721d1f0e6cfe865be572cea510d9c09d,s2_id,51643d0a721d1f0e6cfe865be572cea510d9c09d,False,"400: {""error"":""No valid paper ids given""}
",,,,,,,,,,
S2:519f28e997f58218c2fcc740c7805764b35b3d6c,s2_id,519f28e997f58218c2fcc740c7805764b35b3d6c,False,"400: {""error"":""No valid paper ids given""}
",,,,,,,,,,
S2:5218dce6699fa1d8419bf441553873aeaedec39f,s2_id,5218dce6699fa1d8419bf441553873aeaedec39f,False,"400: {""error"":""No valid paper ids given""}
",,,,,,,,,,
S2:524b0693ba802edce5d6e53ebfe47fae99417cb4,s2_id,524b0693ba802edce5d6e53ebfe47fae99417cb4,False,"400: {""error"":""No valid paper ids given""}
",,,,,,,,,,
S2:527ca1d9d834437843e075281ccf3486e1fc8a08,s2_id,527ca1d9d834437843e075281ccf3486e1fc8a08,False,"400: {""error"":""No valid paper ids given""}
",,,,,,,,,,
S2:52943a310d9cfb3bb0927418553ac170ebe6eefc,s2_id,52943a310d9cfb3bb0927418553ac170ebe6eefc,False,"400: {""error"":""No valid paper ids given""}
",,,,,,,,,,
S2:52d7abbd220fa4ab63e28b40b62243ff07f40dfe,s2_id,52d7abbd220fa4ab63e28b40b62243ff07f40dfe,False,"400: {""error"":""No valid paper ids given""}
",,,,,,,,,,
S2:52da78c0f53aa5ebb537cbb597ac9f0cca688ec6,s2_id,52da78c0f53aa5ebb537cbb597ac9f0cca688ec6,False,"400: {""error"":""No valid paper ids given""}
",,,,,,,,,,
S2:5311e754d4fc412a337f6c994e0cd85363b9b87c,s2_id,5311e754d4fc412a337f6c994e0cd85363b9b87c,False,"400: {""error"":""No valid paper ids given""}
",,,,,,,,,,
S2:534021c0c931fb6e0d18ed506f4a6eca64eeb6ac,s2_id,534021c0c931fb6e0d18ed506f4a6eca64eeb6ac,False,"400: {""error"":""No valid paper ids given""}
",,,,,,,,,,
S2:53611befded20037e16e9b0b74f96c378de5478f,s2_id,53611befded20037e16e9b0b74f96c378de5478f,False,"400: {""error"":""No valid paper ids given""}
",,,,,,,,,,
S2:5365d6fa5e0a00521302122e5ad8467cac97ca4a,s2_id,5365d6fa5e0a00521302122e5ad8467cac97ca4a,False,"400: {""error"":""No valid paper ids given""}
",,,,,,,,,,
S2:53b11deb157e7d9c6ad6a7d8c06b8eaf6c821c0d,s2_id,53b11deb157e7d9c6ad6a7d8c06b8eaf6c821c0d,False,"400: {""error"":""No valid paper ids given""}
",,,,,,,,,,
S2:53b4a7c8b3034af5d27dc735002adc09c3095399,s2_id,53b4a7c8b3034af5d27dc735002adc09c3095399,False,"400: {""error"":""No valid paper ids given""}
",,,,,,,,,,
S2:53e7903ba499f59da9b05376d696721f103f8533,s2_id,53e7903ba499f59da9b05376d696721f103f8533,False,"400: {""error"":""No valid paper ids given""}
",,,,,,,,,,
S2:541f654a304fc331b9fc6b0ef2f2ea8a229b1b81,s2_id,541f654a304fc331b9fc6b0ef2f2ea8a229b1b81,False,"400: {""error"":""No valid paper ids given""}
",,,,,,,,,,
S2:543188e0b486b4d5c4a0638e061888a6b88a9310,s2_id,543188e0b486b4d5c4a0638e061888a6b88a9310,False,"400: {""error"":""No valid paper ids given""}
",,,,,,,,,,
S2:54d79ab0849c0609b57ac4dc045a6e9c2e5a3426,s2_id,54d79ab0849c0609b57ac4dc045a6e9c2e5a3426,False,"400: {""error"":""No valid paper ids given""}
",,,,,,,,,,
S2:552c0d68c29884f2516826802f919fb3e3358668,s2_id,552c0d68c29884f2516826802f919fb3e3358668,False,"400: {""error"":""No valid paper ids given""}
",,,,,,,,,,
S2:552e56ad692e7b96e73bf527e586fa84878137b8,s2_id,552e56ad692e7b96e73bf527e586fa84878137b8,False,"400: {""error"":""No valid paper ids given""}
",,,,,,,,,,
S2:552f65770fb7ef9ce9e3d65b913fdc56db326f31,s2_id,552f65770fb7ef9ce9e3d65b913fdc56db326f31,False,"400: {""error"":""No valid paper ids given""}
",,,,,,,,,,
S2:558de983826e98936e0bb0359453066c8bad5c62,s2_id,558de983826e98936e0bb0359453066c8bad5c62,False,"400: {""error"":""No valid paper ids given""}
",,,,,,,,,,
S2:55906b45a856dc7819d674ca3c77906ddf11beff,s2_id,55906b45a856dc7819d674ca3c77906ddf11beff,False,"400: {""error"":""No valid paper ids given""}
",,,,,,,,,,
S2:5667af166053470191fa0e66b2019b3b3001b8bd,s2_id,5667af166053470191fa0e66b2019b3b3001b8bd,False,"400: {""error"":""No valid paper ids given""}
",,,,,,,,,,
S2:56827e2e068331cc615cbb29614767ad7f575980,s2_id,56827e2e068331cc615cbb29614767ad7f575980,False,"400: {""error"":""No valid paper ids given""}
",,,,,,,,,,
S2:568a4f9eb5ddacc4bca0b44a5eed052fab84f8f5,s2_id,568a4f9eb5ddacc4bca0b44a5eed052fab84f8f5,False,"400: {""error"":""No valid paper ids given""}
",,,,,,,,,,
S2:569c2d8843311b79bf8a34aee0f5b8449b46b4ce,s2_id,569c2d8843311b79bf8a34aee0f5b8449b46b4ce,False,"400: {""error"":""No valid paper ids given""}
",,,,,,,,,,
S2:569ce9577c959ece18c1d7c9a8420cc18e3ec2d4,s2_id,569ce9577c959ece18c1d7c9a8420cc18e3ec2d4,False,"400: {""error"":""No valid paper ids given""}
",,,,,,,,,,
S2:56bcf8e6a5adb38a32a02f86e9324234cc5ded32,s2_id,56bcf8e6a5adb38a32a02f86e9324234cc5ded32,False,"400: {""error"":""No valid paper ids given""}
",,,,,,,,,,
S2:576633e83e2efa26ed5266bde9def777b5bef463,s2_id,576633e83e2efa26ed5266bde9def777b5bef463,False,"400: {""error"":""No valid paper ids given""}
",,,,,,,,,,
S2:57a814333c92bb8f67d3e51cfdce4dd898d80dae,s2_id,57a814333c92bb8f67d3e51cfdce4dd898d80dae,False,"400: {""error"":""No valid paper ids given""}
",,,,,,,,,,
S2:57cfc5587e813c0d24b3244640ee72f9d9f107bd,s2_id,57cfc5587e813c0d24b3244640ee72f9d9f107bd,False,"400: {""error"":""No valid paper ids given""}
",,,,,,,,,,
S2:57eab2d127b396f779b795c35dbb9afe18e6340c,s2_id,57eab2d127b396f779b795c35dbb9afe18e6340c,False,"400: {""error"":""No valid paper ids given""}
",,,,,,,,,,
S2:57f640abd8522f6398f01289372f47471b22e291,s2_id,57f640abd8522f6398f01289372f47471b22e291,False,"400: {""error"":""No valid paper ids given""}
",,,,,,,,,,
S2:582bbed4b288180384f63c05d74ee36771fcf457,s2_id,582bbed4b288180384f63c05d74ee36771fcf457,False,"400: {""error"":""No valid paper ids given""}
",,,,,,,,,,
S2:5838841a8058e1187f4dd06a67ab89f7e60920bf,s2_id,5838841a8058e1187f4dd06a67ab89f7e60920bf,False,"400: {""error"":""No valid paper ids given""}
",,,,,,,,,,
S2:586177942353bcfebb13850ab27285d4451c5724,s2_id,586177942353bcfebb13850ab27285d4451c5724,False,"400: {""error"":""No valid paper ids given""}
",,,,,,,,,,
S2:58e504fab204e227e241d5c33a5f9baaa382e843,s2_id,58e504fab204e227e241d5c33a5f9baaa382e843,False,"400: {""error"":""No valid paper ids given""}
",,,,,,,,,,
S2:58f90effcca0067d762fe06ad9a3de3d8e0d1ba3,s2_id,58f90effcca0067d762fe06ad9a3de3d8e0d1ba3,False,"400: {""error"":""No valid paper ids given""}
",,,,,,,,,,
S2:596179d46f9c44438a0dd088ff9a5323ef204a25,s2_id,596179d46f9c44438a0dd088ff9a5323ef204a25,False,"400: {""error"":""No valid paper ids given""}
",,,,,,,,,,
S2:597da8b8fdb41616d11969fdbd7fa62d8bb2c55d,s2_id,597da8b8fdb41616d11969fdbd7fa62d8bb2c55d,False,"400: {""error"":""No valid paper ids given""}
",,,,,,,,,,
S2:59e29b423c2d666d353dcd4aebd10f96cf42aeda,s2_id,59e29b423c2d666d353dcd4aebd10f96cf42aeda,False,"400: {""error"":""No valid paper ids given""}
",,,,,,,,,,
S2:59e8a4385baac0e03c42b129d3c600be9bd2898d,s2_id,59e8a4385baac0e03c42b129d3c600be9bd2898d,False,"400: {""error"":""No valid paper ids given""}
",,,,,,,,,,
S2:59f4b4a4c0e275d625515e2f0447e337c9ecd24d,s2_id,59f4b4a4c0e275d625515e2f0447e337c9ecd24d,False,"400: {""error"":""No valid paper ids given""}
",,,,,,,,,,
S2:59f4f48a0688ae14ff4061a0a0473c0e38722be1,s2_id,59f4f48a0688ae14ff4061a0a0473c0e38722be1,False,"400: {""error"":""No valid paper ids given""}
",,,,,,,,,,
S2:5a09913af1130fc48c2f74db4be69de9e71af487,s2_id,5a09913af1130fc48c2f74db4be69de9e71af487,False,"400: {""error"":""No valid paper ids given""}
",,,,,,,,,,
S2:5a369b42aef1d91050d898b678f5737a559d0f35,s2_id,5a369b42aef1d91050d898b678f5737a559d0f35,False,"400: {""error"":""No valid paper ids given""}
",,,,,,,,,,
S2:5a7d13e4b59e575c0806731c0c1e84d7a7489db8,s2_id,5a7d13e4b59e575c0806731c0c1e84d7a7489db8,False,"400: {""error"":""No valid paper ids given""}
",,,,,,,,,,
S2:5aa03523d3aac007c3ded360ccd02aedb749a6f3,s2_id,5aa03523d3aac007c3ded360ccd02aedb749a6f3,False,"400: {""error"":""No valid paper ids given""}
",,,,,,,,,,
S2:5ae3dfb0a61be64577cd5c88e5529d9f7e48a65e,s2_id,5ae3dfb0a61be64577cd5c88e5529d9f7e48a65e,False,"400: {""error"":""No valid paper ids given""}
",,,,,,,,,,
S2:5ae9e0bca774a93c84299042aba569f9aba21746,s2_id,5ae9e0bca774a93c84299042aba569f9aba21746,False,"400: {""error"":""No valid paper ids given""}
",,,,,,,,,,
S2:5b21ae738bae9765585b554fd718068c7b64515e,s2_id,5b21ae738bae9765585b554fd718068c7b64515e,False,"400: {""error"":""No valid paper ids given""}
",,,,,,,,,,
S2:5b3d9b60bcc94f216f20e4ffdd4105fdaf28ed87,s2_id,5b3d9b60bcc94f216f20e4ffdd4105fdaf28ed87,False,"400: {""error"":""No valid paper ids given""}
",,,,,,,,,,
S2:5b90ec667d307141e64bd218925b71a91586b256,s2_id,5b90ec667d307141e64bd218925b71a91586b256,False,"400: {""error"":""No valid paper ids given""}
",,,,,,,,,,
S2:5b9c7b17e5da008359df5e7618a0f89c7d9349e3,s2_id,5b9c7b17e5da008359df5e7618a0f89c7d9349e3,False,"400: {""error"":""No valid paper ids given""}
",,,,,,,,,,
S2:5c1c9c1f231007e8eb239c5ce4e6656ad49602ce,s2_id,5c1c9c1f231007e8eb239c5ce4e6656ad49602ce,False,"400: {""error"":""No valid paper ids given""}
",,,,,,,,,,
S2:5c25893c0e3ed92a4114daa6d94213d6a830022e,s2_id,5c25893c0e3ed92a4114daa6d94213d6a830022e,False,"400: {""error"":""No valid paper ids given""}
",,,,,,,,,,
S2:5c8c631f7585c65ea4a8516b37b3400a8a3b2adf,s2_id,5c8c631f7585c65ea4a8516b37b3400a8a3b2adf,False,"400: {""error"":""No valid paper ids given""}
",,,,,,,,,,
S2:5ca47a8dcb06ad584d01f12f18eee36a942159fd,s2_id,5ca47a8dcb06ad584d01f12f18eee36a942159fd,False,"400: {""error"":""No valid paper ids given""}
",,,,,,,,,,
S2:5cd64fc8a0fce396bf82f528825ed0f0ff52df6b,s2_id,5cd64fc8a0fce396bf82f528825ed0f0ff52df6b,False,"400: {""error"":""No valid paper ids given""}
",,,,,,,,,,
S2:5d4fa18f95d981db4660385ffe7d5c3375917fc1,s2_id,5d4fa18f95d981db4660385ffe7d5c3375917fc1,False,"400: {""error"":""No valid paper ids given""}
",,,,,,,,,,
S2:5d8d564b9370190ea1cbe5b2ea7c095ce47c725b,s2_id,5d8d564b9370190ea1cbe5b2ea7c095ce47c725b,False,"400: {""error"":""No valid paper ids given""}
",,,,,,,,,,
S2:5db21b302d434b08cb9a679c98153d6f96dd70b5,s2_id,5db21b302d434b08cb9a679c98153d6f96dd70b5,False,"400: {""error"":""No valid paper ids given""}
",,,,,,,,,,
S2:5e2435bf388da8b8d40f07f4f74f5934ece9ec11,s2_id,5e2435bf388da8b8d40f07f4f74f5934ece9ec11,False,"400: {""error"":""No valid paper ids given""}
",,,,,,,,,,
S2:5e6e67676571535f479e46f333a0505e1b3aba20,s2_id,5e6e67676571535f479e46f333a0505e1b3aba20,False,"400: {""error"":""No valid paper ids given""}
",,,,,,,,,,
S2:5e6f956a5d33925e6b1b0f177705b1169af89d02,s2_id,5e6f956a5d33925e6b1b0f177705b1169af89d02,False,"400: {""error"":""No valid paper ids given""}
",,,,,,,,,,
S2:5ea39378766e90d5a2469ddc12040045f73efa32,s2_id,5ea39378766e90d5a2469ddc12040045f73efa32,False,"400: {""error"":""No valid paper ids given""}
",,,,,,,,,,
S2:5ea3ce7ee879db537599321a8efea2620b78c186,s2_id,5ea3ce7ee879db537599321a8efea2620b78c186,False,"400: {""error"":""No valid paper ids given""}
",,,,,,,,,,
S2:5ebf08cb76c768c369570d656d92709332a94ef9,s2_id,5ebf08cb76c768c369570d656d92709332a94ef9,False,"400: {""error"":""No valid paper ids given""}
",,,,,,,,,,
S2:5ecf369658c0449bcd0a898ee93647c82f941fe6,s2_id,5ecf369658c0449bcd0a898ee93647c82f941fe6,False,"400: {""error"":""No valid paper ids given""}
",,,,,,,,,,
S2:5ee8e91b4b169130c74a34125514e833a53cfdfa,s2_id,5ee8e91b4b169130c74a34125514e833a53cfdfa,False,"400: {""error"":""No valid paper ids given""}
",,,,,,,,,,
S2:5f159d0c55f850a772668e9205156e9931c8a7d2,s2_id,5f159d0c55f850a772668e9205156e9931c8a7d2,False,"400: {""error"":""No valid paper ids given""}
",,,,,,,,,,
S2:5f5949487be2ff1e3d08508afef2588e9c65e23a,s2_id,5f5949487be2ff1e3d08508afef2588e9c65e23a,False,"400: {""error"":""No valid paper ids given""}
",,,,,,,,,,
S2:5f6953c9b80d108f44eb114ab2aca0787d77a4b0,s2_id,5f6953c9b80d108f44eb114ab2aca0787d77a4b0,False,"400: {""error"":""No valid paper ids given""}
",,,,,,,,,,
S2:5f93630a89c7bb963465c1ae90fb4867380787b7,s2_id,5f93630a89c7bb963465c1ae90fb4867380787b7,False,"400: {""error"":""No valid paper ids given""}
",,,,,,,,,,
S2:5ff8a5ac6bf5a1dff86ec2de72e57b60790baaf9,s2_id,5ff8a5ac6bf5a1dff86ec2de72e57b60790baaf9,False,"400: {""error"":""No valid paper ids given""}
",,,,,,,,,,
S2:5ffa72d1c584830f2700d23e3dabc0a338818712,s2_id,5ffa72d1c584830f2700d23e3dabc0a338818712,False,"400: {""error"":""No valid paper ids given""}
",,,,,,,,,,
S2:60347869db7d1940958ee465b3010b3a612bf791,s2_id,60347869db7d1940958ee465b3010b3a612bf791,False,"400: {""error"":""No valid paper ids given""}
",,,,,,,,,,
S2:6041a831b245d4e809ff435adaa6232bc5db104a,s2_id,6041a831b245d4e809ff435adaa6232bc5db104a,False,"400: {""error"":""No valid paper ids given""}
",,,,,,,,,,
S2:60684bada63fc2aa6e98a649db30e2d7b4426c89,s2_id,60684bada63fc2aa6e98a649db30e2d7b4426c89,False,"400: {""error"":""No valid paper ids given""}
",,,,,,,,,,
S2:609ec04b81ccc2b3ee4d582443ae027ae65e3a01,s2_id,609ec04b81ccc2b3ee4d582443ae027ae65e3a01,False,"400: {""error"":""No valid paper ids given""}
",,,,,,,,,,
S2:60c13ae6ddd7146ddb5753d0bb9c2a2e50c86335,s2_id,60c13ae6ddd7146ddb5753d0bb9c2a2e50c86335,False,"400: {""error"":""No valid paper ids given""}
",,,,,,,,,,
S2:615536c864f8fc6c74d7a4553c900cd9f03ba1fc,s2_id,615536c864f8fc6c74d7a4553c900cd9f03ba1fc,False,"400: {""error"":""No valid paper ids given""}
",,,,,,,,,,
S2:61ce6a514e5ab9a8c8952790f55e75e709bbc93a,s2_id,61ce6a514e5ab9a8c8952790f55e75e709bbc93a,False,"400: {""error"":""No valid paper ids given""}
",,,,,,,,,,
S2:61fa4689874ab4629d57e7d09297ec31468ac7e7,s2_id,61fa4689874ab4629d57e7d09297ec31468ac7e7,False,"400: {""error"":""No valid paper ids given""}
",,,,,,,,,,
S2:622a14df97b0ddb324ec56daa7edeba637ec8d34,s2_id,622a14df97b0ddb324ec56daa7edeba637ec8d34,False,"400: {""error"":""No valid paper ids given""}
",,,,,,,,,,
S2:6244829b87eab9ba71463620e93f228f58754f14,s2_id,6244829b87eab9ba71463620e93f228f58754f14,False,"400: {""error"":""No valid paper ids given""}
",,,,,,,,,,
S2:626a5fabbacb73ae6b24a285382974c0f900f470,s2_id,626a5fabbacb73ae6b24a285382974c0f900f470,False,"400: {""error"":""No valid paper ids given""}
",,,,,,,,,,
S2:62b7985a89a1f4127b99202947dd881cf161cf0d,s2_id,62b7985a89a1f4127b99202947dd881cf161cf0d,False,"400: {""error"":""No valid paper ids given""}
",,,,,,,,,,
S2:62f7253ab27e02bd0c8d3f28c1a8503270617563,s2_id,62f7253ab27e02bd0c8d3f28c1a8503270617563,False,"400: {""error"":""No valid paper ids given""}
",,,,,,,,,,
S2:63088727ed91a708187e557084abc221a10934a8,s2_id,63088727ed91a708187e557084abc221a10934a8,False,"400: {""error"":""No valid paper ids given""}
",,,,,,,,,,
S2:630add957fd5ec8bfee234973bb62cf08b3b9940,s2_id,630add957fd5ec8bfee234973bb62cf08b3b9940,False,"400: {""error"":""No valid paper ids given""}
",,,,,,,,,,
S2:63629ba868996f39389768a45ec0c1edd1fb4ab2,s2_id,63629ba868996f39389768a45ec0c1edd1fb4ab2,False,"400: {""error"":""No valid paper ids given""}
",,,,,,,,,,
S2:637253ce3ac74d0bce38e68840f721ced236656a,s2_id,637253ce3ac74d0bce38e68840f721ced236656a,False,"400: {""error"":""No valid paper ids given""}
",,,,,,,,,,
S2:63737988011ee1f2794a84bc672091fee0087900,s2_id,63737988011ee1f2794a84bc672091fee0087900,False,"400: {""error"":""No valid paper ids given""}
",,,,,,,,,,
S2:637b35ddf0964769adce84e160e6846ee48a7642,s2_id,637b35ddf0964769adce84e160e6846ee48a7642,False,"400: {""error"":""No valid paper ids given""}
",,,,,,,,,,
S2:63da4397d04608a82c45c774e38a84e7f056b1e6,s2_id,63da4397d04608a82c45c774e38a84e7f056b1e6,False,"400: {""error"":""No valid paper ids given""}
",,,,,,,,,,
S2:6468d47da1393b72b6d123237e165ab29a645700,s2_id,6468d47da1393b72b6d123237e165ab29a645700,False,"400: {""error"":""No valid paper ids given""}
",,,,,,,,,,
S2:64960ad5b5ddea10e2c843541dba10ec6d8d0436,s2_id,64960ad5b5ddea10e2c843541dba10ec6d8d0436,False,"400: {""error"":""No valid paper ids given""}
",,,,,,,,,,
S2:64cb4d4e890c6cab6f26c2df0a1cca36e10ab523,s2_id,64cb4d4e890c6cab6f26c2df0a1cca36e10ab523,False,"400: {""error"":""No valid paper ids given""}
",,,,,,,,,,
S2:64fb78efb8ba032d75ed68f9d0401af41c6567a7,s2_id,64fb78efb8ba032d75ed68f9d0401af41c6567a7,False,"400: {""error"":""No valid paper ids given""}
",,,,,,,,,,
S2:650254488e053873c1d94fbf2e1c9fb0442a202b,s2_id,650254488e053873c1d94fbf2e1c9fb0442a202b,False,"400: {""error"":""No valid paper ids given""}
",,,,,,,,,,
S2:654c384249a2f5d8f96825f6520842e179a27d01,s2_id,654c384249a2f5d8f96825f6520842e179a27d01,False,"400: {""error"":""No valid paper ids given""}
",,,,,,,,,,
S2:6572c37266da74541c12b297f83b2ccd7d8d06c0,s2_id,6572c37266da74541c12b297f83b2ccd7d8d06c0,False,"400: {""error"":""No valid paper ids given""}
",,,,,,,,,,
S2:658b35e4ca474ead39a3683253c820022c76b1d0,s2_id,658b35e4ca474ead39a3683253c820022c76b1d0,False,"400: {""error"":""No valid paper ids given""}
",,,,,,,,,,
S2:659a2727a2b1c1832ff5ae5bca69c8d7f7e6585c,s2_id,659a2727a2b1c1832ff5ae5bca69c8d7f7e6585c,False,"400: {""error"":""No valid paper ids given""}
",,,,,,,,,,
S2:65d1e9f3eef3aa20fc1613e77649b82ab6bb86c2,s2_id,65d1e9f3eef3aa20fc1613e77649b82ab6bb86c2,False,"400: {""error"":""No valid paper ids given""}
",,,,,,,,,,
S2:65db50c2226be2bb72c88730b9248376107c9d26,s2_id,65db50c2226be2bb72c88730b9248376107c9d26,False,"400: {""error"":""No valid paper ids given""}
",,,,,,,,,,
S2:65e8faa327a3b4882e4ba22882fbdecfa8ece0f0,s2_id,65e8faa327a3b4882e4ba22882fbdecfa8ece0f0,False,"400: {""error"":""No valid paper ids given""}
",,,,,,,,,,
S2:6609153e319bc952ef47a136177a8fb3370044dd,s2_id,6609153e319bc952ef47a136177a8fb3370044dd,False,"400: {""error"":""No valid paper ids given""}
",,,,,,,,,,
S2:660e01a53591e994f6249df612768472373edb75,s2_id,660e01a53591e994f6249df612768472373edb75,False,"400: {""error"":""No valid paper ids given""}
",,,,,,,,,,
S2:662864b89b84f725c6ebd0ac3184228a31dfdc94,s2_id,662864b89b84f725c6ebd0ac3184228a31dfdc94,False,"400: {""error"":""No valid paper ids given""}
",,,,,,,,,,
S2:666edd7f750f76c6c87fc513e80a84cd92e0e744,s2_id,666edd7f750f76c6c87fc513e80a84cd92e0e744,False,"400: {""error"":""No valid paper ids given""}
",,,,,,,,,,
S2:666f0fa6242f59f0efad52bf4fca6e57dec3df21,s2_id,666f0fa6242f59f0efad52bf4fca6e57dec3df21,False,"400: {""error"":""No valid paper ids given""}
",,,,,,,,,,
S2:666f54edfa6719897d0b23437f6289b4f553ddf8,s2_id,666f54edfa6719897d0b23437f6289b4f553ddf8,False,"400: {""error"":""No valid paper ids given""}
",,,,,,,,,,
S2:6695fcbccbe6a03b0f1a3b0d9ebaed8e3038766a,s2_id,6695fcbccbe6a03b0f1a3b0d9ebaed8e3038766a,False,"400: {""error"":""No valid paper ids given""}
",,,,,,,,,,
S2:66e4eae69f9728e286f7182c69265ccb3d6db96b,s2_id,66e4eae69f9728e286f7182c69265ccb3d6db96b,False,"400: {""error"":""No valid paper ids given""}
",,,,,,,,,,
S2:673829d517c4288e849c764011bdd38181966494,s2_id,673829d517c4288e849c764011bdd38181966494,False,"400: {""error"":""No valid paper ids given""}
",,,,,,,,,,
S2:67446426fcb923ea251506612947e13d6df7afe9,s2_id,67446426fcb923ea251506612947e13d6df7afe9,False,"400: {""error"":""No valid paper ids given""}
",,,,,,,,,,
S2:6754b65c0f288951827f150246e6cb656f06b65a,s2_id,6754b65c0f288951827f150246e6cb656f06b65a,False,"400: {""error"":""No valid paper ids given""}
",,,,,,,,,,
S2:678980509d055744d64a0f123fb735c99e4ca565,s2_id,678980509d055744d64a0f123fb735c99e4ca565,False,"400: {""error"":""No valid paper ids given""}
",,,,,,,,,,
S2:67b4a2aadbd97299255c3eabc64cd22d535bff1b,s2_id,67b4a2aadbd97299255c3eabc64cd22d535bff1b,False,"400: {""error"":""No valid paper ids given""}
",,,,,,,,,,
S2:67e9018a610320495392eed7d3cec022b8ad2a16,s2_id,67e9018a610320495392eed7d3cec022b8ad2a16,False,"400: {""error"":""No valid paper ids given""}
",,,,,,,,,,
S2:67f783a6d41941c17f1e66413158bd138ec3df3e,s2_id,67f783a6d41941c17f1e66413158bd138ec3df3e,False,"400: {""error"":""No valid paper ids given""}
",,,,,,,,,,
S2:681bd485e2a252e2bd295050bf76084f6e2a26ee,s2_id,681bd485e2a252e2bd295050bf76084f6e2a26ee,False,"400: {""error"":""No valid paper ids given""}
",,,,,,,,,,
S2:68551c900ac4cc5571f7bf871b941144b28d6ce2,s2_id,68551c900ac4cc5571f7bf871b941144b28d6ce2,False,"400: {""error"":""No valid paper ids given""}
",,,,,,,,,,
S2:6938888a0e78adb0ec0e4421307c3cc92f169815,s2_id,6938888a0e78adb0ec0e4421307c3cc92f169815,False,"400: {""error"":""No valid paper ids given""}
",,,,,,,,,,
S2:69544dccc1d570c26d8503da29e9d051f8609211,s2_id,69544dccc1d570c26d8503da29e9d051f8609211,False,"400: {""error"":""No valid paper ids given""}
",,,,,,,,,,
S2:6968fcf3698c6568a454ddf3c44819ae39601727,s2_id,6968fcf3698c6568a454ddf3c44819ae39601727,False,"400: {""error"":""No valid paper ids given""}
",,,,,,,,,,
S2:6a2c93fd9503a3e741bc41ddf0920382f9764190,s2_id,6a2c93fd9503a3e741bc41ddf0920382f9764190,False,"400: {""error"":""No valid paper ids given""}
",,,,,,,,,,
S2:6a2d4addb7502833a55a9f7fd06e8c61eab947f5,s2_id,6a2d4addb7502833a55a9f7fd06e8c61eab947f5,False,"400: {""error"":""No valid paper ids given""}
",,,,,,,,,,
S2:6a39b85c8e772a5a21a5245475eb3a9ab31a2d17,s2_id,6a39b85c8e772a5a21a5245475eb3a9ab31a2d17,False,"400: {""error"":""No valid paper ids given""}
",,,,,,,,,,
S2:6a406f8152e2ea0e8464e528e064e21236cb03b6,s2_id,6a406f8152e2ea0e8464e528e064e21236cb03b6,False,"400: {""error"":""No valid paper ids given""}
",,,,,,,,,,
S2:6a762246fbc4084def7d4745fce341cd5a90dad6,s2_id,6a762246fbc4084def7d4745fce341cd5a90dad6,False,"400: {""error"":""No valid paper ids given""}
",,,,,,,,,,
S2:6a82e2a9be08b173e3b2eaba347ef2d57fdc74e6,s2_id,6a82e2a9be08b173e3b2eaba347ef2d57fdc74e6,False,"400: {""error"":""No valid paper ids given""}
",,,,,,,,,,
S2:6a83c7f4b8d854c6f1dfeb1e5ff5d35055972384,s2_id,6a83c7f4b8d854c6f1dfeb1e5ff5d35055972384,False,"400: {""error"":""No valid paper ids given""}
",,,,,,,,,,
S2:6aadae95b42b21cd0b9a088cef4a675f9a80313f,s2_id,6aadae95b42b21cd0b9a088cef4a675f9a80313f,False,"400: {""error"":""No valid paper ids given""}
",,,,,,,,,,
S2:6aaeede9e75497911cdd3d75611ea87f4f570ae7,s2_id,6aaeede9e75497911cdd3d75611ea87f4f570ae7,False,"400: {""error"":""No valid paper ids given""}
",,,,,,,,,,
S2:6ac49a57c672d400e3c74d7ca7faa1693c9eeba9,s2_id,6ac49a57c672d400e3c74d7ca7faa1693c9eeba9,False,"400: {""error"":""No valid paper ids given""}
",,,,,,,,,,
S2:6b247c82bf2e44f897a8b7348fe5a9f946d990bc,s2_id,6b247c82bf2e44f897a8b7348fe5a9f946d990bc,False,"400: {""error"":""No valid paper ids given""}
",,,,,,,,,,
S2:6b5673010ce1b880da6708d7e48764e22902a0ab,s2_id,6b5673010ce1b880da6708d7e48764e22902a0ab,False,"400: {""error"":""No valid paper ids given""}
",,,,,,,,,,
S2:6b5ab9adc0d2c1b26eb35add0441007f1177e2c3,s2_id,6b5ab9adc0d2c1b26eb35add0441007f1177e2c3,False,"400: {""error"":""No valid paper ids given""}
",,,,,,,,,,
S2:6b73b362517efa62dca8e82ca91e7f33ef038e73,s2_id,6b73b362517efa62dca8e82ca91e7f33ef038e73,False,"400: {""error"":""No valid paper ids given""}
",,,,,,,,,,
S2:6b76ef6f1637329756cb033288bcad7c6f016945,s2_id,6b76ef6f1637329756cb033288bcad7c6f016945,False,"400: {""error"":""No valid paper ids given""}
",,,,,,,,,,
S2:6b82743625e8fa14a89743f3df494141f0e87715,s2_id,6b82743625e8fa14a89743f3df494141f0e87715,False,"400: {""error"":""No valid paper ids given""}
",,,,,,,,,,
S2:6b9ca1ba232885080c6202940492919322d9c29b,s2_id,6b9ca1ba232885080c6202940492919322d9c29b,False,"400: {""error"":""No valid paper ids given""}
",,,,,,,,,,
S2:6bdbeade6b5f6fac37649759445eedaa07a33a93,s2_id,6bdbeade6b5f6fac37649759445eedaa07a33a93,False,"400: {""error"":""No valid paper ids given""}
",,,,,,,,,,
S2:6c12f8bafa4b73650655fb023541bfdfa3f29499,s2_id,6c12f8bafa4b73650655fb023541bfdfa3f29499,False,"400: {""error"":""No valid paper ids given""}
",,,,,,,,,,
S2:6c70227838f9e320d380c8237b8590c91b00ca20,s2_id,6c70227838f9e320d380c8237b8590c91b00ca20,False,"400: {""error"":""No valid paper ids given""}
",,,,,,,,,,
S2:6c8c85a4f13e7e1b32e28427f1d0c03b9a57fef4,s2_id,6c8c85a4f13e7e1b32e28427f1d0c03b9a57fef4,False,"400: {""error"":""No valid paper ids given""}
",,,,,,,,,,
S2:6ca39e5a8a717c9a4e8c960f7b03009320828ff8,s2_id,6ca39e5a8a717c9a4e8c960f7b03009320828ff8,False,"400: {""error"":""No valid paper ids given""}
",,,,,,,,,,
S2:6cb940b2d0ecb294ab8a6cb08e48542894e7c12a,s2_id,6cb940b2d0ecb294ab8a6cb08e48542894e7c12a,False,"400: {""error"":""No valid paper ids given""}
",,,,,,,,,,
S2:6cdeaa679833391aefa631cfe2345e2c177a43c5,s2_id,6cdeaa679833391aefa631cfe2345e2c177a43c5,False,"400: {""error"":""No valid paper ids given""}
",,,,,,,,,,
S2:6ce8a4485e4cc93ef36fcab065d60c7f06026c3e,s2_id,6ce8a4485e4cc93ef36fcab065d60c7f06026c3e,False,"400: {""error"":""No valid paper ids given""}
",,,,,,,,,,
S2:6d07c65641da7030587c3d024055728ba5b509ce,s2_id,6d07c65641da7030587c3d024055728ba5b509ce,False,"400: {""error"":""No valid paper ids given""}
",,,,,,,,,,
S2:6d1b184464a4689481fbb98d60f9acfc8c694316,s2_id,6d1b184464a4689481fbb98d60f9acfc8c694316,False,"400: {""error"":""No valid paper ids given""}
",,,,,,,,,,
S2:6d83acf2d83a7f160a6d209dfeaa9726b5e180cd,s2_id,6d83acf2d83a7f160a6d209dfeaa9726b5e180cd,False,"400: {""error"":""No valid paper ids given""}
",,,,,,,,,,
S2:6d8dd58e5bab20b06470583188f27b957a7fc8c3,s2_id,6d8dd58e5bab20b06470583188f27b957a7fc8c3,False,"400: {""error"":""No valid paper ids given""}
",,,,,,,,,,
S2:6d9a369695d4a49b360ff0b2cfe9d552e94c7b7c,s2_id,6d9a369695d4a49b360ff0b2cfe9d552e94c7b7c,False,"400: {""error"":""No valid paper ids given""}
",,,,,,,,,,
S2:6df9a306824c1a62f7259f425f55a35e7920a8dc,s2_id,6df9a306824c1a62f7259f425f55a35e7920a8dc,False,"400: {""error"":""No valid paper ids given""}
",,,,,,,,,,
S2:6e62f6935c65a33557737f5e8530c1a2e52cc574,s2_id,6e62f6935c65a33557737f5e8530c1a2e52cc574,False,"400: {""error"":""No valid paper ids given""}
",,,,,,,,,,
S2:6e8bc84a61852bad0aaf0add4e7a181257afb475,s2_id,6e8bc84a61852bad0aaf0add4e7a181257afb475,False,"400: {""error"":""No valid paper ids given""}
",,,,,,,,,,
S2:6eaa45a2694ae339b61bea6701ab42fb58ad6629,s2_id,6eaa45a2694ae339b61bea6701ab42fb58ad6629,False,"400: {""error"":""No valid paper ids given""}
",,,,,,,,,,
S2:6eb4fe5a2f3dafdacf24cf3b390202bdd3918092,s2_id,6eb4fe5a2f3dafdacf24cf3b390202bdd3918092,False,"400: {""error"":""No valid paper ids given""}
",,,,,,,,,,
S2:6ed60b406e472801db503d51f5df31c75276216e,s2_id,6ed60b406e472801db503d51f5df31c75276216e,False,"400: {""error"":""No valid paper ids given""}
",,,,,,,,,,
S2:6ed91b6252490a017666f4eb08d73148340d4114,s2_id,6ed91b6252490a017666f4eb08d73148340d4114,False,"400: {""error"":""No valid paper ids given""}
",,,,,,,,,,
S2:6edf454b8523b303d2e2fab4a73682962fc44e23,s2_id,6edf454b8523b303d2e2fab4a73682962fc44e23,False,"400: {""error"":""No valid paper ids given""}
",,,,,,,,,,
S2:6ef9da5aeccf24cb6f6fbe48bcb70c53cc214058,s2_id,6ef9da5aeccf24cb6f6fbe48bcb70c53cc214058,False,"400: {""error"":""No valid paper ids given""}
",,,,,,,,,,
S2:6efd56cbf0049a52a05e71020eb3f7ce307fffd0,s2_id,6efd56cbf0049a52a05e71020eb3f7ce307fffd0,False,"400: {""error"":""No valid paper ids given""}
",,,,,,,,,,
S2:6f4a8b0775dcf03432d7f7057708d2fd2bc6ebe0,s2_id,6f4a8b0775dcf03432d7f7057708d2fd2bc6ebe0,False,"400: {""error"":""No valid paper ids given""}
",,,,,,,,,,
S2:6f60c8fbd3cbbf2865b8ab5f3da70d73ee828555,s2_id,6f60c8fbd3cbbf2865b8ab5f3da70d73ee828555,False,"400: {""error"":""No valid paper ids given""}
",,,,,,,,,,
S2:6fb58d1d5b959b238ee5e87fa4666a126d4a68f3,s2_id,6fb58d1d5b959b238ee5e87fa4666a126d4a68f3,False,"400: {""error"":""No valid paper ids given""}
",,,,,,,,,,
S2:700f30d2e7e2747f5a966f620493aa54740be425,s2_id,700f30d2e7e2747f5a966f620493aa54740be425,False,"400: {""error"":""No valid paper ids given""}
",,,,,,,,,,
S2:707303b221d5936736411eb1190bc7bc6e032575,s2_id,707303b221d5936736411eb1190bc7bc6e032575,False,"400: {""error"":""No valid paper ids given""}
",,,,,,,,,,
S2:70f77bc45e16d72df82aeeff27ad6468b099f566,s2_id,70f77bc45e16d72df82aeeff27ad6468b099f566,False,"400: {""error"":""No valid paper ids given""}
",,,,,,,,,,
S2:713a990930b041210deddcedb6301d2cd775957a,s2_id,713a990930b041210deddcedb6301d2cd775957a,False,"400: {""error"":""No valid paper ids given""}
",,,,,,,,,,
S2:7146a3a5eb27637fc40d7f1752714506b28afeb4,s2_id,7146a3a5eb27637fc40d7f1752714506b28afeb4,False,"400: {""error"":""No valid paper ids given""}
",,,,,,,,,,
S2:71912b1ca6405e360b1e3c953ea1829cbf7f7343,s2_id,71912b1ca6405e360b1e3c953ea1829cbf7f7343,False,"400: {""error"":""No valid paper ids given""}
",,,,,,,,,,
S2:71915d6c7f6464c8ffdb21f7f0ca2ca73798a577,s2_id,71915d6c7f6464c8ffdb21f7f0ca2ca73798a577,False,"400: {""error"":""No valid paper ids given""}
",,,,,,,,,,
S2:71ce3f4869173bdc64d841363bdc01de746bc09a,s2_id,71ce3f4869173bdc64d841363bdc01de746bc09a,False,"400: {""error"":""No valid paper ids given""}
",,,,,,,,,,
S2:7238505fefec374ec0db24887f90d26c72891621,s2_id,7238505fefec374ec0db24887f90d26c72891621,False,"400: {""error"":""No valid paper ids given""}
",,,,,,,,,,
S2:725b6c445a2b506e2655d3eb216deeb6e0d45478,s2_id,725b6c445a2b506e2655d3eb216deeb6e0d45478,False,"400: {""error"":""No valid paper ids given""}
",,,,,,,,,,
S2:72eaebbd729b774f45b48c118693ec98e6c9401f,s2_id,72eaebbd729b774f45b48c118693ec98e6c9401f,False,"400: {""error"":""No valid paper ids given""}
",,,,,,,,,,
S2:734665bd9e14c63eea828b1af4ca2706c2f74bfa,s2_id,734665bd9e14c63eea828b1af4ca2706c2f74bfa,False,"400: {""error"":""No valid paper ids given""}
",,,,,,,,,,
S2:736cc87bf60f90112975a9231fcda197e46be6a5,s2_id,736cc87bf60f90112975a9231fcda197e46be6a5,False,"400: {""error"":""No valid paper ids given""}
",,,,,,,,,,
S2:740aeefdbcea694be3880b3df7f50091cf0a48f4,s2_id,740aeefdbcea694be3880b3df7f50091cf0a48f4,False,"400: {""error"":""No valid paper ids given""}
",,,,,,,,,,
S2:7410484d016d542f7cb9dee4e3ee69450306159b,s2_id,7410484d016d542f7cb9dee4e3ee69450306159b,False,"400: {""error"":""No valid paper ids given""}
",,,,,,,,,,
S2:7427d7a710902c7bcb908311fae111235115a317,s2_id,7427d7a710902c7bcb908311fae111235115a317,False,"400: {""error"":""No valid paper ids given""}
",,,,,,,,,,
S2:74be40361f9330b6ba6ff224e199f7f13e228dc0,s2_id,74be40361f9330b6ba6ff224e199f7f13e228dc0,False,"400: {""error"":""No valid paper ids given""}
",,,,,,,,,,
S2:74d9f339477a40f464005794d75a93938d61fef7,s2_id,74d9f339477a40f464005794d75a93938d61fef7,False,"400: {""error"":""No valid paper ids given""}
",,,,,,,,,,
S2:74dc5db45d077ef5db9091f58dea0ec19fff0b74,s2_id,74dc5db45d077ef5db9091f58dea0ec19fff0b74,False,"400: {""error"":""No valid paper ids given""}
",,,,,,,,,,
S2:74ddffbfd5bc947b44f03d99e7b89453bdb9fce2,s2_id,74ddffbfd5bc947b44f03d99e7b89453bdb9fce2,False,"400: {""error"":""No valid paper ids given""}
",,,,,,,,,,
S2:7551bb3e673ed4e6f3e3b852ca45b2070ea03f8f,s2_id,7551bb3e673ed4e6f3e3b852ca45b2070ea03f8f,False,"400: {""error"":""No valid paper ids given""}
",,,,,,,,,,
S2:7577ba5a4ee2bb5a50d656e055019caf44ab69f9,s2_id,7577ba5a4ee2bb5a50d656e055019caf44ab69f9,False,"400: {""error"":""No valid paper ids given""}
",,,,,,,,,,
S2:75a5c36ad38eaabaa239807e6fe3beb3e35164e5,s2_id,75a5c36ad38eaabaa239807e6fe3beb3e35164e5,False,"400: {""error"":""No valid paper ids given""}
",,,,,,,,,,
S2:75bf5432ad95cd07b2d600b91d57cbcd4255befe,s2_id,75bf5432ad95cd07b2d600b91d57cbcd4255befe,False,"400: {""error"":""No valid paper ids given""}
",,,,,,,,,,
S2:75d627aae2307439e8d2d2cb8495489e751d570d,s2_id,75d627aae2307439e8d2d2cb8495489e751d570d,False,"400: {""error"":""No valid paper ids given""}
",,,,,,,,,,
S2:75fbd7495f0be0023c8925fa55f140a179d0d495,s2_id,75fbd7495f0be0023c8925fa55f140a179d0d495,False,"400: {""error"":""No valid paper ids given""}
",,,,,,,,,,
S2:7658b638b623357c548465a20f35a177005d8230,s2_id,7658b638b623357c548465a20f35a177005d8230,False,"400: {""error"":""No valid paper ids given""}
",,,,,,,,,,
S2:76a6a65b9ae771a3efdfea1c938f2322ad62ade8,s2_id,76a6a65b9ae771a3efdfea1c938f2322ad62ade8,False,"400: {""error"":""No valid paper ids given""}
",,,,,,,,,,
S2:76c6f5815db05a30a06023a4a29701939d467586,s2_id,76c6f5815db05a30a06023a4a29701939d467586,False,"400: {""error"":""No valid paper ids given""}
",,,,,,,,,,
S2:76dc168d6b8fd40439219173a2218c2f0f2e8a6f,s2_id,76dc168d6b8fd40439219173a2218c2f0f2e8a6f,False,"400: {""error"":""No valid paper ids given""}
",,,,,,,,,,
S2:7735957953640b02c31dae5f90b67621c992ee69,s2_id,7735957953640b02c31dae5f90b67621c992ee69,False,"400: {""error"":""No valid paper ids given""}
",,,,,,,,,,
S2:775dc835c7a3759202309c589f58472dd12f5cc7,s2_id,775dc835c7a3759202309c589f58472dd12f5cc7,False,"400: {""error"":""No valid paper ids given""}
",,,,,,,,,,
S2:776ea744479c61426ece570ee2de0d2ee571c028,s2_id,776ea744479c61426ece570ee2de0d2ee571c028,False,"400: {""error"":""No valid paper ids given""}
",,,,,,,,,,
S2:77917db90fa6d39b61cea19cd16ac1fe83c20e3c,s2_id,77917db90fa6d39b61cea19cd16ac1fe83c20e3c,False,"400: {""error"":""No valid paper ids given""}
",,,,,,,,,,
S2:77a4c5d5d881544b2b0637ccba25db1ac2c9fcbb,s2_id,77a4c5d5d881544b2b0637ccba25db1ac2c9fcbb,False,"400: {""error"":""No valid paper ids given""}
",,,,,,,,,,
S2:77e6d0966546ed7eb3a1e66af5068118a761efef,s2_id,77e6d0966546ed7eb3a1e66af5068118a761efef,False,"400: {""error"":""No valid paper ids given""}
",,,,,,,,,,
S2:781d1832859c9e010da63ca62e60bd633bb5d7c7,s2_id,781d1832859c9e010da63ca62e60bd633bb5d7c7,False,"400: {""error"":""No valid paper ids given""}
",,,,,,,,,,
S2:7832c4122cb33c33e1602de5421ebd31b632af21,s2_id,7832c4122cb33c33e1602de5421ebd31b632af21,False,"400: {""error"":""No valid paper ids given""}
",,,,,,,,,,
S2:7854e60780ac345bd90bc1bc9de1a28b6201f873,s2_id,7854e60780ac345bd90bc1bc9de1a28b6201f873,False,"400: {""error"":""No valid paper ids given""}
",,,,,,,,,,
S2:7857fa69055467ad8a7ce51a9f2aba0e65af2ecc,s2_id,7857fa69055467ad8a7ce51a9f2aba0e65af2ecc,False,"400: {""error"":""No valid paper ids given""}
",,,,,,,,,,
S2:789bc8f51a0b33c56af3ce3e6fa976a82a71a7b8,s2_id,789bc8f51a0b33c56af3ce3e6fa976a82a71a7b8,False,"400: {""error"":""No valid paper ids given""}
",,,,,,,,,,
S2:78bff35085520e0c8d89d3518d1fcfc907c70911,s2_id,78bff35085520e0c8d89d3518d1fcfc907c70911,False,"400: {""error"":""No valid paper ids given""}
",,,,,,,,,,
S2:78c2c6e6a9f4ae66e45d71c9467729cc39e10de7,s2_id,78c2c6e6a9f4ae66e45d71c9467729cc39e10de7,False,"400: {""error"":""No valid paper ids given""}
",,,,,,,,,,
S2:78d976b396966d1a7b1897c5200894c47bf47ab7,s2_id,78d976b396966d1a7b1897c5200894c47bf47ab7,False,"400: {""error"":""No valid paper ids given""}
",,,,,,,,,,
S2:797948d578a1feb91a07e3fedda64021aafa3956,s2_id,797948d578a1feb91a07e3fedda64021aafa3956,False,"400: {""error"":""No valid paper ids given""}
",,,,,,,,,,
S2:799d62e5680006582af2c6b1c0b6e84e3c2c253d,s2_id,799d62e5680006582af2c6b1c0b6e84e3c2c253d,False,"400: {""error"":""No valid paper ids given""}
",,,,,,,,,,
S2:7a0b23aace0f1cb8987af7b673e80905a5ec4168,s2_id,7a0b23aace0f1cb8987af7b673e80905a5ec4168,False,"400: {""error"":""No valid paper ids given""}
",,,,,,,,,,
S2:7a1e9c709531cda62443c5d1047ca08cfc3a495b,s2_id,7a1e9c709531cda62443c5d1047ca08cfc3a495b,False,"400: {""error"":""No valid paper ids given""}
",,,,,,,,,,
S2:7a48e5639237738ba0b22f5adc9503894711dd72,s2_id,7a48e5639237738ba0b22f5adc9503894711dd72,False,"400: {""error"":""No valid paper ids given""}
",,,,,,,,,,
S2:7a588d36ee28021c976c5b85353b378f0d829076,s2_id,7a588d36ee28021c976c5b85353b378f0d829076,False,"400: {""error"":""No valid paper ids given""}
",,,,,,,,,,
S2:7a8ba4a334239b39ee8564b0226383a89571bc0b,s2_id,7a8ba4a334239b39ee8564b0226383a89571bc0b,False,"400: {""error"":""No valid paper ids given""}
",,,,,,,,,,
S2:7aa66cf8977d670bbcf5f9d9b0c40decbac738da,s2_id,7aa66cf8977d670bbcf5f9d9b0c40decbac738da,False,"400: {""error"":""No valid paper ids given""}
",,,,,,,,,,
S2:7b32711c2a578e1c7917593484b245f443cb9ca4,s2_id,7b32711c2a578e1c7917593484b245f443cb9ca4,False,"400: {""error"":""No valid paper ids given""}
",,,,,,,,,,
S2:7c36284ce2622cbb62af596f477a880d9b6e1dd0,s2_id,7c36284ce2622cbb62af596f477a880d9b6e1dd0,False,"400: {""error"":""No valid paper ids given""}
",,,,,,,,,,
S2:7c4c4b7c3caba6fbf5e00cafd8e97387805d23fe,s2_id,7c4c4b7c3caba6fbf5e00cafd8e97387805d23fe,False,"400: {""error"":""No valid paper ids given""}
",,,,,,,,,,
S2:7c5eb2a1a77ebbf8d2d07eb2972618e041c6b429,s2_id,7c5eb2a1a77ebbf8d2d07eb2972618e041c6b429,False,"400: {""error"":""No valid paper ids given""}
",,,,,,,,,,
S2:7cc8dcf62578a3498c896b756fdcfcddae04c0a0,s2_id,7cc8dcf62578a3498c896b756fdcfcddae04c0a0,False,"400: {""error"":""No valid paper ids given""}
",,,,,,,,,,
S2:7d2e9d5a9e2f85c3775f4aed2b0a3ab2df4a6148,s2_id,7d2e9d5a9e2f85c3775f4aed2b0a3ab2df4a6148,False,"400: {""error"":""No valid paper ids given""}
",,,,,,,,,,
S2:7d8de01e15f2da146f1633cbca841525f518dfa2,s2_id,7d8de01e15f2da146f1633cbca841525f518dfa2,False,"400: {""error"":""No valid paper ids given""}
",,,,,,,,,,
S2:7db68104af6c2fb439808b0c6320c76d30cf780d,s2_id,7db68104af6c2fb439808b0c6320c76d30cf780d,False,"400: {""error"":""No valid paper ids given""}
",,,,,,,,,,
S2:7dc93a62e0a3f9ab6f208e736ba607e737b653b9,s2_id,7dc93a62e0a3f9ab6f208e736ba607e737b653b9,False,"400: {""error"":""No valid paper ids given""}
",,,,,,,,,,
S2:7e0fead18cbcd3a48aab391ef133a161aa0a267b,s2_id,7e0fead18cbcd3a48aab391ef133a161aa0a267b,False,"400: {""error"":""No valid paper ids given""}
",,,,,,,,,,
S2:7e5d39be6db3aede4eaf9910159a0246ae9426a2,s2_id,7e5d39be6db3aede4eaf9910159a0246ae9426a2,False,"400: {""error"":""No valid paper ids given""}
",,,,,,,,,,
S2:7ebdfcb9f0a43a41a96d6d7954f1046e5aaee1fd,s2_id,7ebdfcb9f0a43a41a96d6d7954f1046e5aaee1fd,False,"400: {""error"":""No valid paper ids given""}
",,,,,,,,,,
S2:7f36ce3bd2005c89d2c1546744bf68d2fed47173,s2_id,7f36ce3bd2005c89d2c1546744bf68d2fed47173,False,"400: {""error"":""No valid paper ids given""}
",,,,,,,,,,
S2:7f5921a1681a0ee53dae5f53ee1b159641c939a1,s2_id,7f5921a1681a0ee53dae5f53ee1b159641c939a1,False,"400: {""error"":""No valid paper ids given""}
",,,,,,,,,,
S2:7ff7bc526a2d8ca7f968dd52027439722fcd858f,s2_id,7ff7bc526a2d8ca7f968dd52027439722fcd858f,False,"400: {""error"":""No valid paper ids given""}
",,,,,,,,,,
S2:8012e8c67f5016c927308c72124f8fc5f492a838,s2_id,8012e8c67f5016c927308c72124f8fc5f492a838,False,"400: {""error"":""No valid paper ids given""}
",,,,,,,,,,
S2:80484fa9324de5eb8ca06a5a653dfb963f682f5e,s2_id,80484fa9324de5eb8ca06a5a653dfb963f682f5e,False,"400: {""error"":""No valid paper ids given""}
",,,,,,,,,,
S2:8051d3e2bf9d52a8d45b5d31629934fb4a91a0ad,s2_id,8051d3e2bf9d52a8d45b5d31629934fb4a91a0ad,False,"400: {""error"":""No valid paper ids given""}
",,,,,,,,,,
S2:809ea2e1529a0872db03194f8cd0044306bf784f,s2_id,809ea2e1529a0872db03194f8cd0044306bf784f,False,"400: {""error"":""No valid paper ids given""}
",,,,,,,,,,
S2:80b6de6d3b7e8f485668757d5503df9f50680198,s2_id,80b6de6d3b7e8f485668757d5503df9f50680198,False,"400: {""error"":""No valid paper ids given""}
",,,,,,,,,,
S2:80d1e11b41cb4031c376ba7eb52c641a2e431c5e,s2_id,80d1e11b41cb4031c376ba7eb52c641a2e431c5e,False,"400: {""error"":""No valid paper ids given""}
",,,,,,,,,,
S2:8147418882d2bfd83d84f3931e4765fbabf7abf1,s2_id,8147418882d2bfd83d84f3931e4765fbabf7abf1,False,"400: {""error"":""No valid paper ids given""}
",,,,,,,,,,
S2:8193d76d4872ef25a522be0baabba71c52971e8e,s2_id,8193d76d4872ef25a522be0baabba71c52971e8e,False,"400: {""error"":""No valid paper ids given""}
",,,,,,,,,,
S2:81cfa7d59f25dcb95b4dde74dce69b6f5c420752,s2_id,81cfa7d59f25dcb95b4dde74dce69b6f5c420752,False,"400: {""error"":""No valid paper ids given""}
",,,,,,,,,,
S2:820cac73c1dcd98c1db204e6045109927928841a,s2_id,820cac73c1dcd98c1db204e6045109927928841a,False,"400: {""error"":""No valid paper ids given""}
",,,,,,,,,,
S2:8260a9574d72b0a52d1618cc010171191e530bbb,s2_id,8260a9574d72b0a52d1618cc010171191e530bbb,False,"400: {""error"":""No valid paper ids given""}
",,,,,,,,,,
S2:826ff8e4851cdce2f4015c0978e1e15d511fcead,s2_id,826ff8e4851cdce2f4015c0978e1e15d511fcead,False,"400: {""error"":""No valid paper ids given""}
",,,,,,,,,,
S2:827fd3198b5066736c160b4cdce992b47cd34ecb,s2_id,827fd3198b5066736c160b4cdce992b47cd34ecb,False,"400: {""error"":""No valid paper ids given""}
",,,,,,,,,,
S2:82b75670de672c0cb483305a56f776fd79581710,s2_id,82b75670de672c0cb483305a56f776fd79581710,False,"400: {""error"":""No valid paper ids given""}
",,,,,,,,,,
S2:82de3e258fcbd5064399de562c4c19bd268c62dc,s2_id,82de3e258fcbd5064399de562c4c19bd268c62dc,False,"400: {""error"":""No valid paper ids given""}
",,,,,,,,,,
S2:82e95e37e2a00154e3ff301ab64b2dcd36444732,s2_id,82e95e37e2a00154e3ff301ab64b2dcd36444732,False,"400: {""error"":""No valid paper ids given""}
",,,,,,,,,,
S2:8328d53dae0b05fd09b0d1f2326bda354ee250b7,s2_id,8328d53dae0b05fd09b0d1f2326bda354ee250b7,False,"400: {""error"":""No valid paper ids given""}
",,,,,,,,,,
S2:835c6b72fa97fa1f47c838813e60c7b75edf7067,s2_id,835c6b72fa97fa1f47c838813e60c7b75edf7067,False,"400: {""error"":""No valid paper ids given""}
",,,,,,,,,,
S2:837336ff35e9265d21b45968ae1c33c804f12496,s2_id,837336ff35e9265d21b45968ae1c33c804f12496,False,"400: {""error"":""No valid paper ids given""}
",,,,,,,,,,
S2:84078b822bd5a05cb5b2fc4b4588e993cfd7077e,s2_id,84078b822bd5a05cb5b2fc4b4588e993cfd7077e,False,"400: {""error"":""No valid paper ids given""}
",,,,,,,,,,
S2:8481e19783c33258e9d376950a90ccdad8860129,s2_id,8481e19783c33258e9d376950a90ccdad8860129,False,"400: {""error"":""No valid paper ids given""}
",,,,,,,,,,
S2:849c604a97aba470b5d979360e82884ac90cf91c,s2_id,849c604a97aba470b5d979360e82884ac90cf91c,False,"400: {""error"":""No valid paper ids given""}
",,,,,,,,,,
S2:84bf95b3c655276a9677287287b5b8b23c648d68,s2_id,84bf95b3c655276a9677287287b5b8b23c648d68,False,"400: {""error"":""No valid paper ids given""}
",,,,,,,,,,
S2:84f1590674634e2727c8f65d2b0079478d502096,s2_id,84f1590674634e2727c8f65d2b0079478d502096,False,"400: {""error"":""No valid paper ids given""}
",,,,,,,,,,
S2:84fdf5d2e1b44b9c524d52b95b142345d232220a,s2_id,84fdf5d2e1b44b9c524d52b95b142345d232220a,False,"400: {""error"":""No valid paper ids given""}
",,,,,,,,,,
S2:852151396b6174eac3a524b2611c41221911ae40,s2_id,852151396b6174eac3a524b2611c41221911ae40,False,"400: {""error"":""No valid paper ids given""}
",,,,,,,,,,
S2:856a7593ea1cad079386383a93e41b74e404467b,s2_id,856a7593ea1cad079386383a93e41b74e404467b,False,"400: {""error"":""No valid paper ids given""}
",,,,,,,,,,
S2:857822692d5dd48924057e900c55722b218af36a,s2_id,857822692d5dd48924057e900c55722b218af36a,False,"400: {""error"":""No valid paper ids given""}
",,,,,,,,,,
S2:85c30e434a2d81f61bb16981cccdda94d3766ee9,s2_id,85c30e434a2d81f61bb16981cccdda94d3766ee9,False,"400: {""error"":""No valid paper ids given""}
",,,,,,,,,,
S2:862c0d7b03e7c44cb60e93af82e71946d060fd7c,s2_id,862c0d7b03e7c44cb60e93af82e71946d060fd7c,False,"400: {""error"":""No valid paper ids given""}
",,,,,,,,,,
S2:86461bfd52cfb9b7518ae58a7091ca51a7a24b11,s2_id,86461bfd52cfb9b7518ae58a7091ca51a7a24b11,False,"400: {""error"":""No valid paper ids given""}
",,,,,,,,,,
S2:8656e1893d1e3c79a573579931133145bbc3239f,s2_id,8656e1893d1e3c79a573579931133145bbc3239f,False,"400: {""error"":""No valid paper ids given""}
",,,,,,,,,,
S2:86a8348993c559b87757bbda58d9da657cf4aff9,s2_id,86a8348993c559b87757bbda58d9da657cf4aff9,False,"400: {""error"":""No valid paper ids given""}
",,,,,,,,,,
S2:8703ef34032b32ca1dd01f442252a88f4efcc4ca,s2_id,8703ef34032b32ca1dd01f442252a88f4efcc4ca,False,"400: {""error"":""No valid paper ids given""}
",,,,,,,,,,
S2:87145d100bdb1aa8ed2e0c093c04d02007aa5685,s2_id,87145d100bdb1aa8ed2e0c093c04d02007aa5685,False,"400: {""error"":""No valid paper ids given""}
",,,,,,,,,,
S2:8715076a16efe43431b776f2a8456922c3965aa7,s2_id,8715076a16efe43431b776f2a8456922c3965aa7,False,"400: {""error"":""No valid paper ids given""}
",,,,,,,,,,
S2:871ba5494db44afa70d4d8198397d8318df86579,s2_id,871ba5494db44afa70d4d8198397d8318df86579,False,"400: {""error"":""No valid paper ids given""}
",,,,,,,,,,
S2:8739c826d13724100699683baffd8078696ef26b,s2_id,8739c826d13724100699683baffd8078696ef26b,False,"400: {""error"":""No valid paper ids given""}
",,,,,,,,,,
S2:874403c11bf18be69471b1bd71e6c4200fd3ec32,s2_id,874403c11bf18be69471b1bd71e6c4200fd3ec32,False,"400: {""error"":""No valid paper ids given""}
",,,,,,,,,,
S2:874ea93b408de0be9d28ae710f2548732552b82d,s2_id,874ea93b408de0be9d28ae710f2548732552b82d,False,"400: {""error"":""No valid paper ids given""}
",,,,,,,,,,
S2:875cdd7691e60648689ef8cd63ae74f25e8a6e93,s2_id,875cdd7691e60648689ef8cd63ae74f25e8a6e93,False,"400: {""error"":""No valid paper ids given""}
",,,,,,,,,,
S2:876f0e27c608325c75c6d9d205343795aa1decc6,s2_id,876f0e27c608325c75c6d9d205343795aa1decc6,False,"400: {""error"":""No valid paper ids given""}
",,,,,,,,,,
S2:8780e0c7f92399504047929cd8ed962611b57aa6,s2_id,8780e0c7f92399504047929cd8ed962611b57aa6,False,"400: {""error"":""No valid paper ids given""}
",,,,,,,,,,
S2:8783d617147aee3a17fdb4456d53d08c3ffe05a4,s2_id,8783d617147aee3a17fdb4456d53d08c3ffe05a4,False,"400: {""error"":""No valid paper ids given""}
",,,,,,,,,,
S2:87d2c402e203f74edbd28c56acfbc6957d7f3e6e,s2_id,87d2c402e203f74edbd28c56acfbc6957d7f3e6e,False,"400: {""error"":""No valid paper ids given""}
",,,,,,,,,,
S2:87eff1267a7550b2b222b6df4f473d35381c9f50,s2_id,87eff1267a7550b2b222b6df4f473d35381c9f50,False,"400: {""error"":""No valid paper ids given""}
",,,,,,,,,,
S2:881075e577d4c0033225c6e4c63003f8a728b13b,s2_id,881075e577d4c0033225c6e4c63003f8a728b13b,False,"400: {""error"":""No valid paper ids given""}
",,,,,,,,,,
S2:8846c16c6dab7b103b8fd20dcdf76a04a4658985,s2_id,8846c16c6dab7b103b8fd20dcdf76a04a4658985,False,"400: {""error"":""No valid paper ids given""}
",,,,,,,,,,
S2:884df898fdf141a3fe29b654aecd4be30177b7ce,s2_id,884df898fdf141a3fe29b654aecd4be30177b7ce,False,"400: {""error"":""No valid paper ids given""}
",,,,,,,,,,
S2:885625536eaa339d18793d3b0bedb04807c45f53,s2_id,885625536eaa339d18793d3b0bedb04807c45f53,False,"400: {""error"":""No valid paper ids given""}
",,,,,,,,,,
S2:88b98c5febf581087c9cbeb333a53902f7b9e32f,s2_id,88b98c5febf581087c9cbeb333a53902f7b9e32f,False,"400: {""error"":""No valid paper ids given""}
",,,,,,,,,,
S2:88be3daad660b6578e8a386515686a8a51d2643e,s2_id,88be3daad660b6578e8a386515686a8a51d2643e,False,"400: {""error"":""No valid paper ids given""}
",,,,,,,,,,
S2:89283796e7011f1e43d87fcf9868c7392c36a79f,s2_id,89283796e7011f1e43d87fcf9868c7392c36a79f,False,"400: {""error"":""No valid paper ids given""}
",,,,,,,,,,
S2:892f6b15bfec1f43c0ee739b5a9d740576692cc6,s2_id,892f6b15bfec1f43c0ee739b5a9d740576692cc6,False,"400: {""error"":""No valid paper ids given""}
",,,,,,,,,,
S2:8954c255dfe5dcb3cbbd80f281e2b7913db26447,s2_id,8954c255dfe5dcb3cbbd80f281e2b7913db26447,False,"400: {""error"":""No valid paper ids given""}
",,,,,,,,,,
S2:89cb0d289eef2d2644adc753b2020c2c6c43e88e,s2_id,89cb0d289eef2d2644adc753b2020c2c6c43e88e,False,"400: {""error"":""No valid paper ids given""}
",,,,,,,,,,
S2:89ccad6cbc71faed6c89e18687c3d4c410b982f6,s2_id,89ccad6cbc71faed6c89e18687c3d4c410b982f6,False,"400: {""error"":""No valid paper ids given""}
",,,,,,,,,,
S2:89f1b64d90a6bc218dd8483830b291810699e61a,s2_id,89f1b64d90a6bc218dd8483830b291810699e61a,False,"400: {""error"":""No valid paper ids given""}
",,,,,,,,,,
S2:8a6aca4b07daa465512f4d563aa635cedb091528,s2_id,8a6aca4b07daa465512f4d563aa635cedb091528,False,"400: {""error"":""No valid paper ids given""}
",,,,,,,,,,
S2:8a871739533ea5d3a4d0db458c7d1ab3b31dee45,s2_id,8a871739533ea5d3a4d0db458c7d1ab3b31dee45,False,"400: {""error"":""No valid paper ids given""}
",,,,,,,,,,
S2:8a96be74934c7aa89609056ab10f2c824b469d0b,s2_id,8a96be74934c7aa89609056ab10f2c824b469d0b,False,"400: {""error"":""No valid paper ids given""}
",,,,,,,,,,
S2:8afe43892d76f07ad11c8a03a57699ce932a437f,s2_id,8afe43892d76f07ad11c8a03a57699ce932a437f,False,"400: {""error"":""No valid paper ids given""}
",,,,,,,,,,
S2:8b893a1c3bd4605ed2c1fa09d78e8adcff4355bd,s2_id,8b893a1c3bd4605ed2c1fa09d78e8adcff4355bd,False,"400: {""error"":""No valid paper ids given""}
",,,,,,,,,,
S2:8c071803ec772d51cae89104b6673928560a727b,s2_id,8c071803ec772d51cae89104b6673928560a727b,False,"400: {""error"":""No valid paper ids given""}
",,,,,,,,,,
S2:8c144736669f6968010935e0f834cc3254dc4cbc,s2_id,8c144736669f6968010935e0f834cc3254dc4cbc,False,"400: {""error"":""No valid paper ids given""}
",,,,,,,,,,
S2:8c297c90870aaff929b6e6276cce9206029c1501,s2_id,8c297c90870aaff929b6e6276cce9206029c1501,False,"400: {""error"":""No valid paper ids given""}
",,,,,,,,,,
S2:8cdda7302620564b0a90b56ef63b8d7ab1e1cd71,s2_id,8cdda7302620564b0a90b56ef63b8d7ab1e1cd71,False,"400: {""error"":""No valid paper ids given""}
",,,,,,,,,,
S2:8d0c72c6391a6c61bea7d525a9612ece0c5c15a0,s2_id,8d0c72c6391a6c61bea7d525a9612ece0c5c15a0,False,"400: {""error"":""No valid paper ids given""}
",,,,,,,,,,
S2:8d492c15b7deb4c56ba0829d7ee86a05aa185c6b,s2_id,8d492c15b7deb4c56ba0829d7ee86a05aa185c6b,False,"400: {""error"":""No valid paper ids given""}
",,,,,,,,,,
S2:8d69f08a18258581c5a264a930ba68b1bac77214,s2_id,8d69f08a18258581c5a264a930ba68b1bac77214,False,"400: {""error"":""No valid paper ids given""}
",,,,,,,,,,
S2:8db99422c3b0435c687ef7a0d282ee7efa8e986e,s2_id,8db99422c3b0435c687ef7a0d282ee7efa8e986e,False,"400: {""error"":""No valid paper ids given""}
",,,,,,,,,,
S2:8e0005435ce9342a15e1c292d2e4b3aca3ea9599,s2_id,8e0005435ce9342a15e1c292d2e4b3aca3ea9599,False,"400: {""error"":""No valid paper ids given""}
",,,,,,,,,,
S2:8e28803535090a0fa96c25e1337cee7f46814839,s2_id,8e28803535090a0fa96c25e1337cee7f46814839,False,"400: {""error"":""No valid paper ids given""}
",,,,,,,,,,
S2:8e42e29fda871771a1e22ebc95d96aac2bf097f3,s2_id,8e42e29fda871771a1e22ebc95d96aac2bf097f3,False,"400: {""error"":""No valid paper ids given""}
",,,,,,,,,,
S2:8e42f7a91714ad0a097bcf41bf9551fbfdb761c6,s2_id,8e42f7a91714ad0a097bcf41bf9551fbfdb761c6,False,"400: {""error"":""No valid paper ids given""}
",,,,,,,,,,
S2:8e4a19ec45192ea3d1a419a9fcc2dd97e21de773,s2_id,8e4a19ec45192ea3d1a419a9fcc2dd97e21de773,False,"400: {""error"":""No valid paper ids given""}
",,,,,,,,,,
S2:8e4d8ad40a9d6ce2197edc99aeda7459afe0a40f,s2_id,8e4d8ad40a9d6ce2197edc99aeda7459afe0a40f,False,"400: {""error"":""No valid paper ids given""}
",,,,,,,,,,
S2:8e80f9ae75a6915324a0aff53cd377ad60190ad0,s2_id,8e80f9ae75a6915324a0aff53cd377ad60190ad0,False,"400: {""error"":""No valid paper ids given""}
",,,,,,,,,,
S2:8e9ad5a621243843830a825a9fec849c4bd3cb3c,s2_id,8e9ad5a621243843830a825a9fec849c4bd3cb3c,False,"400: {""error"":""No valid paper ids given""}
",,,,,,,,,,
S2:8f51cf392a723d0d8065a0cf64fdf70b32c16ba3,s2_id,8f51cf392a723d0d8065a0cf64fdf70b32c16ba3,False,"400: {""error"":""No valid paper ids given""}
",,,,,,,,,,
S2:8f5527581451c31fbb681eccfa8a253bc2328011,s2_id,8f5527581451c31fbb681eccfa8a253bc2328011,False,"400: {""error"":""No valid paper ids given""}
",,,,,,,,,,
S2:8fcf55a799ddb9e5d9d1f849e3219b19e77e1433,s2_id,8fcf55a799ddb9e5d9d1f849e3219b19e77e1433,False,"400: {""error"":""No valid paper ids given""}
",,,,,,,,,,
S2:900698b7ebfddc7352f38d11ce40a915e408ed7d,s2_id,900698b7ebfddc7352f38d11ce40a915e408ed7d,False,"400: {""error"":""No valid paper ids given""}
",,,,,,,,,,
S2:9026d85e35f97de6d16fccd0528911058117df4b,s2_id,9026d85e35f97de6d16fccd0528911058117df4b,False,"400: {""error"":""No valid paper ids given""}
",,,,,,,,,,
S2:9080906807a5fb6a901906df218302abc7a72f83,s2_id,9080906807a5fb6a901906df218302abc7a72f83,False,"400: {""error"":""No valid paper ids given""}
",,,,,,,,,,
S2:910e064bfb3148f10bbcbebcc66e4a6a9549aa44,s2_id,910e064bfb3148f10bbcbebcc66e4a6a9549aa44,False,"400: {""error"":""No valid paper ids given""}
",,,,,,,,,,
S2:917c84bd10cdf7c611227b5ed257fbddc95577ca,s2_id,917c84bd10cdf7c611227b5ed257fbddc95577ca,False,"400: {""error"":""No valid paper ids given""}
",,,,,,,,,,
S2:91e98599b7433e097f14b50734485ae3e414ef18,s2_id,91e98599b7433e097f14b50734485ae3e414ef18,False,"400: {""error"":""No valid paper ids given""}
",,,,,,,,,,
S2:920945f8a7bddc5ece232eed1a1ff243b66913b5,s2_id,920945f8a7bddc5ece232eed1a1ff243b66913b5,False,"400: {""error"":""No valid paper ids given""}
",,,,,,,,,,
S2:921a589e65772caa5a3ee3cad736958f66e8dff2,s2_id,921a589e65772caa5a3ee3cad736958f66e8dff2,False,"400: {""error"":""No valid paper ids given""}
",,,,,,,,,,
S2:9240091bc0d23f9411e52ee6fbbe8138d750427e,s2_id,9240091bc0d23f9411e52ee6fbbe8138d750427e,False,"400: {""error"":""No valid paper ids given""}
",,,,,,,,,,
S2:9264dd7630f641f581ffd07bec8f1d6575bfe7a1,s2_id,9264dd7630f641f581ffd07bec8f1d6575bfe7a1,False,"400: {""error"":""No valid paper ids given""}
",,,,,,,,,,
S2:92c1111a2a9c4e8466db05e75a98827c763b9b2b,s2_id,92c1111a2a9c4e8466db05e75a98827c763b9b2b,False,"400: {""error"":""No valid paper ids given""}
",,,,,,,,,,
S2:9332ecb1cd45e9eea5519f3290c3bbc7c3a0be6d,s2_id,9332ecb1cd45e9eea5519f3290c3bbc7c3a0be6d,False,"400: {""error"":""No valid paper ids given""}
",,,,,,,,,,
S2:9338b3507afde2d2f876214a13388a0eccbdccab,s2_id,9338b3507afde2d2f876214a13388a0eccbdccab,False,"400: {""error"":""No valid paper ids given""}
",,,,,,,,,,
S2:93411f94d4413279af95f89cab523e3701c6c111,s2_id,93411f94d4413279af95f89cab523e3701c6c111,False,"400: {""error"":""No valid paper ids given""}
",,,,,,,,,,
S2:9358cbcc97872eb66899b96eb82256b3b274f5d8,s2_id,9358cbcc97872eb66899b96eb82256b3b274f5d8,False,"400: {""error"":""No valid paper ids given""}
",,,,,,,,,,
S2:93b280537f125bd352452cfd2e0d1b7eac571fba,s2_id,93b280537f125bd352452cfd2e0d1b7eac571fba,False,"400: {""error"":""No valid paper ids given""}
",,,,,,,,,,
S2:940b207e77508fc57c8ad02593d73d2e60638db2,s2_id,940b207e77508fc57c8ad02593d73d2e60638db2,False,"400: {""error"":""No valid paper ids given""}
",,,,,,,,,,
S2:9434f58b8a5f5c57951ff31ae31b49517837b2cf,s2_id,9434f58b8a5f5c57951ff31ae31b49517837b2cf,False,"400: {""error"":""No valid paper ids given""}
",,,,,,,,,,
S2:946bd441d114b140262f64b5790cdf68b1331356,s2_id,946bd441d114b140262f64b5790cdf68b1331356,False,"400: {""error"":""No valid paper ids given""}
",,,,,,,,,,
S2:94716182680317fe790c9ebd65a0bb36bc9be4c3,s2_id,94716182680317fe790c9ebd65a0bb36bc9be4c3,False,"400: {""error"":""No valid paper ids given""}
",,,,,,,,,,
S2:94894f9c135d82b492a4c1f14830ca3e551271c5,s2_id,94894f9c135d82b492a4c1f14830ca3e551271c5,False,"400: {""error"":""No valid paper ids given""}
",,,,,,,,,,
S2:94cd2f17eebd7b400e9aa9670cfc7ff467389b99,s2_id,94cd2f17eebd7b400e9aa9670cfc7ff467389b99,False,"400: {""error"":""No valid paper ids given""}
",,,,,,,,,,
S2:956cb050d4f561d6289caed1c87703f162a5832e,s2_id,956cb050d4f561d6289caed1c87703f162a5832e,False,"400: {""error"":""No valid paper ids given""}
",,,,,,,,,,
S2:95e47e1d7d4b710729e79b3d60c82c7adf4e31a0,s2_id,95e47e1d7d4b710729e79b3d60c82c7adf4e31a0,False,"400: {""error"":""No valid paper ids given""}
",,,,,,,,,,
S2:9645f4030467fb6912392ff58f3bb567e467e541,s2_id,9645f4030467fb6912392ff58f3bb567e467e541,False,"400: {""error"":""No valid paper ids given""}
",,,,,,,,,,
S2:964e72169f184bbd5964b0963164e0ab9df3a088,s2_id,964e72169f184bbd5964b0963164e0ab9df3a088,False,"400: {""error"":""No valid paper ids given""}
",,,,,,,,,,
S2:966a2ff0dcf161af93f0059b55ab4c0207dc9ec5,s2_id,966a2ff0dcf161af93f0059b55ab4c0207dc9ec5,False,"400: {""error"":""No valid paper ids given""}
",,,,,,,,,,
S2:9674b57656693a94eff9778dc11891413d800f0f,s2_id,9674b57656693a94eff9778dc11891413d800f0f,False,"400: {""error"":""No valid paper ids given""}
",,,,,,,,,,
S2:9676770f22634db7c83cc82b9eac1baf44095bd2,s2_id,9676770f22634db7c83cc82b9eac1baf44095bd2,False,"400: {""error"":""No valid paper ids given""}
",,,,,,,,,,
S2:9726da1ec6638b6b4f60f17fd9455a2fa55d7095,s2_id,9726da1ec6638b6b4f60f17fd9455a2fa55d7095,False,"400: {""error"":""No valid paper ids given""}
",,,,,,,,,,
S2:975fda0477c473c205f3f2338fe86c270c5b1489,s2_id,975fda0477c473c205f3f2338fe86c270c5b1489,False,"400: {""error"":""No valid paper ids given""}
",,,,,,,,,,
S2:984dccb2e9d3e8eea1789c0b2a86bdd443e76d25,s2_id,984dccb2e9d3e8eea1789c0b2a86bdd443e76d25,False,"400: {""error"":""No valid paper ids given""}
",,,,,,,,,,
S2:98546922ed3b822b1ae9a9ca4afb5a16d4359f9d,s2_id,98546922ed3b822b1ae9a9ca4afb5a16d4359f9d,False,"400: {""error"":""No valid paper ids given""}
",,,,,,,,,,
S2:98718b72c913ea301842c7f19a8fbe06105ae43d,s2_id,98718b72c913ea301842c7f19a8fbe06105ae43d,False,"400: {""error"":""No valid paper ids given""}
",,,,,,,,,,
S2:98b5ad6b73117b97b2c0153d93d3c76775f51012,s2_id,98b5ad6b73117b97b2c0153d93d3c76775f51012,False,"400: {""error"":""No valid paper ids given""}
",,,,,,,,,,
S2:98ef0c0426795d46c4ffb2a292a93cd3c83a9c27,s2_id,98ef0c0426795d46c4ffb2a292a93cd3c83a9c27,False,"400: {""error"":""No valid paper ids given""}
",,,,,,,,,,
S2:99cb0723e6cf76da04973b888b0617e92607e546,s2_id,99cb0723e6cf76da04973b888b0617e92607e546,False,"400: {""error"":""No valid paper ids given""}
",,,,,,,,,,
S2:99cbd7a58d76e3ff6deecbe40695dbbf7c812dc2,s2_id,99cbd7a58d76e3ff6deecbe40695dbbf7c812dc2,False,"400: {""error"":""No valid paper ids given""}
",,,,,,,,,,
S2:99d15b4c9b95600675c11fb287e63850fd2cc133,s2_id,99d15b4c9b95600675c11fb287e63850fd2cc133,False,"400: {""error"":""No valid paper ids given""}
",,,,,,,,,,
S2:9a036904ff3bc72e6fa93a1efbfef26c542d8155,s2_id,9a036904ff3bc72e6fa93a1efbfef26c542d8155,False,"400: {""error"":""No valid paper ids given""}
",,,,,,,,,,
S2:9a2862f44f81097e87d933569259201306e2e0f0,s2_id,9a2862f44f81097e87d933569259201306e2e0f0,False,"400: {""error"":""No valid paper ids given""}
",,,,,,,,,,
S2:9a6e0f37483e6eae1e606bf885790f78b0a2e496,s2_id,9a6e0f37483e6eae1e606bf885790f78b0a2e496,False,"400: {""error"":""No valid paper ids given""}
",,,,,,,,,,
S2:9ab819253484b73dce05fe2def0c65df6b3e4446,s2_id,9ab819253484b73dce05fe2def0c65df6b3e4446,False,"400: {""error"":""No valid paper ids given""}
",,,,,,,,,,
S2:9b07f7c163ac3f7200f15dd400dbafb0b8223daf,s2_id,9b07f7c163ac3f7200f15dd400dbafb0b8223daf,False,"400: {""error"":""No valid paper ids given""}
",,,,,,,,,,
S2:9b40e5cb81a4cc7361294683758df86a042fc76a,s2_id,9b40e5cb81a4cc7361294683758df86a042fc76a,False,"400: {""error"":""No valid paper ids given""}
",,,,,,,,,,
S2:9b5e9eec9967f51c18a610760016a704ceb967b8,s2_id,9b5e9eec9967f51c18a610760016a704ceb967b8,False,"400: {""error"":""No valid paper ids given""}
",,,,,,,,,,
S2:9b61c6f426c05d7b92982334e4988dfe43825b45,s2_id,9b61c6f426c05d7b92982334e4988dfe43825b45,False,"400: {""error"":""No valid paper ids given""}
",,,,,,,,,,
S2:9bd51143106e526657c693f53f6e0a63ff0067e8,s2_id,9bd51143106e526657c693f53f6e0a63ff0067e8,False,"400: {""error"":""No valid paper ids given""}
",,,,,,,,,,
S2:9bf77d6f28ecb54957cc410efdbf484b0b649c27,s2_id,9bf77d6f28ecb54957cc410efdbf484b0b649c27,False,"400: {""error"":""No valid paper ids given""}
",,,,,,,,,,
S2:9c0c2b4b892e1ff13c47815427fbb1f04d7ebaf5,s2_id,9c0c2b4b892e1ff13c47815427fbb1f04d7ebaf5,False,"400: {""error"":""No valid paper ids given""}
",,,,,,,,,,
S2:9c0f60292d6add2d65b4de1aeb95bc39fd89c9c9,s2_id,9c0f60292d6add2d65b4de1aeb95bc39fd89c9c9,False,"400: {""error"":""No valid paper ids given""}
",,,,,,,,,,
S2:9c1414776dde16971cbe94946664a876362312ca,s2_id,9c1414776dde16971cbe94946664a876362312ca,False,"400: {""error"":""No valid paper ids given""}
",,,,,,,,,,
S2:9c5645f018e0ae4e8f5a955959048a978b78bfda,s2_id,9c5645f018e0ae4e8f5a955959048a978b78bfda,False,"400: {""error"":""No valid paper ids given""}
",,,,,,,,,,
S2:9c5f3c0ff283249fe91960e8d9a772b53311a068,s2_id,9c5f3c0ff283249fe91960e8d9a772b53311a068,False,"400: {""error"":""No valid paper ids given""}
",,,,,,,,,,
S2:9d92fc477c2d8d16e545efafa670e52e86405282,s2_id,9d92fc477c2d8d16e545efafa670e52e86405282,False,"400: {""error"":""No valid paper ids given""}
",,,,,,,,,,
S2:9dd31c8811810496eda1233b8c521ed15ed8699f,s2_id,9dd31c8811810496eda1233b8c521ed15ed8699f,False,"400: {""error"":""No valid paper ids given""}
",,,,,,,,,,
S2:9e0998b9504012eca834b08b38a7d502bb69a65a,s2_id,9e0998b9504012eca834b08b38a7d502bb69a65a,False,"400: {""error"":""No valid paper ids given""}
",,,,,,,,,,
S2:9e117a677f43cbb9a58d2ed424d094e69761460d,s2_id,9e117a677f43cbb9a58d2ed424d094e69761460d,False,"400: {""error"":""No valid paper ids given""}
",,,,,,,,,,
S2:9e69dfccee4b1f5cb0dee1f7f7e8966f79409496,s2_id,9e69dfccee4b1f5cb0dee1f7f7e8966f79409496,False,"400: {""error"":""No valid paper ids given""}
",,,,,,,,,,
S2:9f434ccc56f9a7cb512d8ce6a8aa10073884b447,s2_id,9f434ccc56f9a7cb512d8ce6a8aa10073884b447,False,"400: {""error"":""No valid paper ids given""}
",,,,,,,,,,
S2:9f9b896956612de885ca68a0c9f3988018cca170,s2_id,9f9b896956612de885ca68a0c9f3988018cca170,False,"400: {""error"":""No valid paper ids given""}
",,,,,,,,,,
S2:9f9b8dbddaeb16dbe32626618e64c7df0688cb93,s2_id,9f9b8dbddaeb16dbe32626618e64c7df0688cb93,False,"400: {""error"":""No valid paper ids given""}
",,,,,,,,,,
S2:9faafae2b66574153ca719bab70339dfd4fe8b43,s2_id,9faafae2b66574153ca719bab70339dfd4fe8b43,False,"400: {""error"":""No valid paper ids given""}
",,,,,,,,,,
S2:9fb091378a27b9a1abd16b7f864203b1365deac0,s2_id,9fb091378a27b9a1abd16b7f864203b1365deac0,False,"400: {""error"":""No valid paper ids given""}
",,,,,,,,,,
S2:9fd889ceeaaf704c533b1a9fd9eb54ab8ea1c95d,s2_id,9fd889ceeaaf704c533b1a9fd9eb54ab8ea1c95d,False,"400: {""error"":""No valid paper ids given""}
",,,,,,,,,,
S2:a023a8f93781daeb8b7ac5eb96e91f461583bda9,s2_id,a023a8f93781daeb8b7ac5eb96e91f461583bda9,False,"400: {""error"":""No valid paper ids given""}
",,,,,,,,,,
S2:a029ee3caa33e79f186390f5300e2212ce1c4848,s2_id,a029ee3caa33e79f186390f5300e2212ce1c4848,False,"400: {""error"":""No valid paper ids given""}
",,,,,,,,,,
S2:a05ccadffb669bcdf26ae0c29a0bf59bb39bdacd,s2_id,a05ccadffb669bcdf26ae0c29a0bf59bb39bdacd,False,"400: {""error"":""No valid paper ids given""}
",,,,,,,,,,
S2:a08ff09a9c62bf383497d79fbe268f548364715b,s2_id,a08ff09a9c62bf383497d79fbe268f548364715b,False,"400: {""error"":""No valid paper ids given""}
",,,,,,,,,,
S2:a095c2c3eb45924b35e6c81b46de10bfd9c4bbf0,s2_id,a095c2c3eb45924b35e6c81b46de10bfd9c4bbf0,False,"400: {""error"":""No valid paper ids given""}
",,,,,,,,,,
S2:a107a5541d8feb5665d0ae7d2f6cbfd336c5bee1,s2_id,a107a5541d8feb5665d0ae7d2f6cbfd336c5bee1,False,"400: {""error"":""No valid paper ids given""}
",,,,,,,,,,
S2:a125052dd94d1e93ff196f0e9dbba698b5f5e274,s2_id,a125052dd94d1e93ff196f0e9dbba698b5f5e274,False,"400: {""error"":""No valid paper ids given""}
",,,,,,,,,,
S2:a13408e9226060e594aeb2ce9bd8d0f189396993,s2_id,a13408e9226060e594aeb2ce9bd8d0f189396993,False,"400: {""error"":""No valid paper ids given""}
",,,,,,,,,,
S2:a13776f082f440519fd17d29c8778d7805c189c9,s2_id,a13776f082f440519fd17d29c8778d7805c189c9,False,"400: {""error"":""No valid paper ids given""}
",,,,,,,,,,
S2:a139bb372b9978e6937d13d2baa0e2f40f665c24,s2_id,a139bb372b9978e6937d13d2baa0e2f40f665c24,False,"400: {""error"":""No valid paper ids given""}
",,,,,,,,,,
S2:a15aecaa943d9547cbe0a630cfa304bf251ae392,s2_id,a15aecaa943d9547cbe0a630cfa304bf251ae392,False,"400: {""error"":""No valid paper ids given""}
",,,,,,,,,,
S2:a18e58f825f4b9494526e97ac062722590acc99c,s2_id,a18e58f825f4b9494526e97ac062722590acc99c,False,"400: {""error"":""No valid paper ids given""}
",,,,,,,,,,
S2:a1c7678dc41aa25d338e636632955043a411059e,s2_id,a1c7678dc41aa25d338e636632955043a411059e,False,"400: {""error"":""No valid paper ids given""}
",,,,,,,,,,
S2:a20252f32d2f8d1037619f1b0ddbb7da1c1e2927,s2_id,a20252f32d2f8d1037619f1b0ddbb7da1c1e2927,False,"400: {""error"":""No valid paper ids given""}
",,,,,,,,,,
S2:a2a797cdd378fd88b2f63d3ee031c704f4558ab4,s2_id,a2a797cdd378fd88b2f63d3ee031c704f4558ab4,False,"400: {""error"":""No valid paper ids given""}
",,,,,,,,,,
S2:a2b45bef68c3aae5748c555a1223629fc9c099c0,s2_id,a2b45bef68c3aae5748c555a1223629fc9c099c0,False,"400: {""error"":""No valid paper ids given""}
",,,,,,,,,,
S2:a328d89da1e92e1f5f9d36b7ee01003ba6ec677d,s2_id,a328d89da1e92e1f5f9d36b7ee01003ba6ec677d,False,"400: {""error"":""No valid paper ids given""}
",,,,,,,,,,
S2:a34df843e5ffc451a42fd6781316fbe5567b75a5,s2_id,a34df843e5ffc451a42fd6781316fbe5567b75a5,False,"400: {""error"":""No valid paper ids given""}
",,,,,,,,,,
S2:a39e0665a6e94174e024a9f5b7624e4d6de1d97b,s2_id,a39e0665a6e94174e024a9f5b7624e4d6de1d97b,False,"400: {""error"":""No valid paper ids given""}
",,,,,,,,,,
S2:a3c27a5631381c171978ee7908e4ea411ee1d220,s2_id,a3c27a5631381c171978ee7908e4ea411ee1d220,False,"400: {""error"":""No valid paper ids given""}
",,,,,,,,,,
S2:a3c5f8341a04b4c9b41887a3711bed33e514f020,s2_id,a3c5f8341a04b4c9b41887a3711bed33e514f020,False,"400: {""error"":""No valid paper ids given""}
",,,,,,,,,,
S2:a4d17702dea64fd87e7f6ac0f3f6e98b7d3f2fce,s2_id,a4d17702dea64fd87e7f6ac0f3f6e98b7d3f2fce,False,"400: {""error"":""No valid paper ids given""}
",,,,,,,,,,
S2:a4d21a0aa47984f1754ccb0c5475fb632c7db063,s2_id,a4d21a0aa47984f1754ccb0c5475fb632c7db063,False,"400: {""error"":""No valid paper ids given""}
",,,,,,,,,,
S2:a5c74fb39434378116cb8e48854a49c17f91c03c,s2_id,a5c74fb39434378116cb8e48854a49c17f91c03c,False,"400: {""error"":""No valid paper ids given""}
",,,,,,,,,,
S2:a64a25c5f8da9ef27b517ec4bbc5ec483cc57e47,s2_id,a64a25c5f8da9ef27b517ec4bbc5ec483cc57e47,False,"400: {""error"":""No valid paper ids given""}
",,,,,,,,,,
S2:a6e5d00fbaaae718899ce11369ae5b4384d777af,s2_id,a6e5d00fbaaae718899ce11369ae5b4384d777af,False,"400: {""error"":""No valid paper ids given""}
",,,,,,,,,,
S2:a74abb0a6c492c366d9563e50d1a7583b62bc6fe,s2_id,a74abb0a6c492c366d9563e50d1a7583b62bc6fe,False,"400: {""error"":""No valid paper ids given""}
",,,,,,,,,,
S2:a80849faa904d66396eef3a2392eeda711ec76eb,s2_id,a80849faa904d66396eef3a2392eeda711ec76eb,False,"400: {""error"":""No valid paper ids given""}
",,,,,,,,,,
S2:a879928e33928eeef6c5d3bef317a9eba9b11ba3,s2_id,a879928e33928eeef6c5d3bef317a9eba9b11ba3,False,"400: {""error"":""No valid paper ids given""}
",,,,,,,,,,
S2:a882b5006ba90a4c965eddb8023acffe76f08f1f,s2_id,a882b5006ba90a4c965eddb8023acffe76f08f1f,False,"400: {""error"":""No valid paper ids given""}
",,,,,,,,,,
S2:a8d0072174a860973275797417309962b721c861,s2_id,a8d0072174a860973275797417309962b721c861,False,"400: {""error"":""No valid paper ids given""}
",,,,,,,,,,
S2:a8d3b854521035acd9705d17102270f007640f7f,s2_id,a8d3b854521035acd9705d17102270f007640f7f,False,"400: {""error"":""No valid paper ids given""}
",,,,,,,,,,
S2:a8d907d7821417fd94b9112cb26f8560ba94b33c,s2_id,a8d907d7821417fd94b9112cb26f8560ba94b33c,False,"400: {""error"":""No valid paper ids given""}
",,,,,,,,,,
S2:a8eb229c96f553652a36795d8350d5a5da036639,s2_id,a8eb229c96f553652a36795d8350d5a5da036639,False,"400: {""error"":""No valid paper ids given""}
",,,,,,,,,,
S2:a912517f69db6dd78f80c249320d5a781a67a70d,s2_id,a912517f69db6dd78f80c249320d5a781a67a70d,False,"400: {""error"":""No valid paper ids given""}
",,,,,,,,,,
S2:a9869fe9ae629bf9ad51d471fcca232c033bffd3,s2_id,a9869fe9ae629bf9ad51d471fcca232c033bffd3,False,"400: {""error"":""No valid paper ids given""}
",,,,,,,,,,
S2:a99b8f5264886b177df237a3ebe1441e4c130360,s2_id,a99b8f5264886b177df237a3ebe1441e4c130360,False,"400: {""error"":""No valid paper ids given""}
",,,,,,,,,,
S2:aa422e448b4f532829a639f5b787000b149a56db,s2_id,aa422e448b4f532829a639f5b787000b149a56db,False,"400: {""error"":""No valid paper ids given""}
",,,,,,,,,,
S2:aa5035dc6fc17281000e983294e7a501053ed563,s2_id,aa5035dc6fc17281000e983294e7a501053ed563,False,"400: {""error"":""No valid paper ids given""}
",,,,,,,,,,
S2:aa8b2bcef1296a62639b57cb4f508c2a71f4d2a3,s2_id,aa8b2bcef1296a62639b57cb4f508c2a71f4d2a3,False,"400: {""error"":""No valid paper ids given""}
",,,,,,,,,,
S2:aac4e404ee83f0e217ccbc3a6fdfbb799b2101b8,s2_id,aac4e404ee83f0e217ccbc3a6fdfbb799b2101b8,False,"400: {""error"":""No valid paper ids given""}
",,,,,,,,,,
S2:aac602ad7e953f77c5e3ca1de167621435ac7521,s2_id,aac602ad7e953f77c5e3ca1de167621435ac7521,False,"400: {""error"":""No valid paper ids given""}
",,,,,,,,,,
S2:ab5a3ee384c0dfebe9c6d6ec946f402afb3f3474,s2_id,ab5a3ee384c0dfebe9c6d6ec946f402afb3f3474,False,"400: {""error"":""No valid paper ids given""}
",,,,,,,,,,
S2:ab9a0d0c8e762a760569192b237b3073b9c8aa34,s2_id,ab9a0d0c8e762a760569192b237b3073b9c8aa34,False,"400: {""error"":""No valid paper ids given""}
",,,,,,,,,,
S2:abef72c3246f15cfd2334021f3c96dc11b2a5222,s2_id,abef72c3246f15cfd2334021f3c96dc11b2a5222,False,"400: {""error"":""No valid paper ids given""}
",,,,,,,,,,
S2:ac00d632ee753c2fc905208190207e3ed67d547f,s2_id,ac00d632ee753c2fc905208190207e3ed67d547f,False,"400: {""error"":""No valid paper ids given""}
",,,,,,,,,,
S2:ac40bd3d92e1cf18250e5c64f3cf751133f9b404,s2_id,ac40bd3d92e1cf18250e5c64f3cf751133f9b404,False,"400: {""error"":""No valid paper ids given""}
",,,,,,,,,,
S2:ac49c645f75b42f4de9f11b5bca914c5c0b42ba7,s2_id,ac49c645f75b42f4de9f11b5bca914c5c0b42ba7,False,"400: {""error"":""No valid paper ids given""}
",,,,,,,,,,
S2:ac7d6ff93d69d5ef71e53c0a86ec771a44930d6d,s2_id,ac7d6ff93d69d5ef71e53c0a86ec771a44930d6d,False,"400: {""error"":""No valid paper ids given""}
",,,,,,,,,,
S2:ace4a0bacb3961fe00f3a5952ae720af272478d0,s2_id,ace4a0bacb3961fe00f3a5952ae720af272478d0,False,"400: {""error"":""No valid paper ids given""}
",,,,,,,,,,
S2:ad590a81a92e24b3c812218ba09a14e9801afe79,s2_id,ad590a81a92e24b3c812218ba09a14e9801afe79,False,"400: {""error"":""No valid paper ids given""}
",,,,,,,,,,
S2:adb3de1bda304577abd87595a4e8d86695189d3f,s2_id,adb3de1bda304577abd87595a4e8d86695189d3f,False,"400: {""error"":""No valid paper ids given""}
",,,,,,,,,,
S2:ade54a919245c5652c3c7bdcfe245c3514b59fd6,s2_id,ade54a919245c5652c3c7bdcfe245c3514b59fd6,False,"400: {""error"":""No valid paper ids given""}
",,,,,,,,,,
S2:ae134c476513dd6171710191636111588cc98b8f,s2_id,ae134c476513dd6171710191636111588cc98b8f,False,"400: {""error"":""No valid paper ids given""}
",,,,,,,,,,
S2:ae18f56b0a2ec9827fc4143ea0e5219286215502,s2_id,ae18f56b0a2ec9827fc4143ea0e5219286215502,False,"400: {""error"":""No valid paper ids given""}
",,,,,,,,,,
S2:af0beea6ae243dfefba03a992d71e98d4948f48a,s2_id,af0beea6ae243dfefba03a992d71e98d4948f48a,False,"400: {""error"":""No valid paper ids given""}
",,,,,,,,,,
S2:af59f50db9bf0f9d726758a94354cb0c6eeb519c,s2_id,af59f50db9bf0f9d726758a94354cb0c6eeb519c,False,"400: {""error"":""No valid paper ids given""}
",,,,,,,,,,
S2:af72dc580f18c5e389f80fd068bae1771e628c75,s2_id,af72dc580f18c5e389f80fd068bae1771e628c75,False,"400: {""error"":""No valid paper ids given""}
",,,,,,,,,,
S2:afc9d24e59482c9b7cfce9bfa12aa4d042c1834b,s2_id,afc9d24e59482c9b7cfce9bfa12aa4d042c1834b,False,"400: {""error"":""No valid paper ids given""}
",,,,,,,,,,
S2:afd30d7c00cce7a8d809c5c5ab5d7b7351491bf7,s2_id,afd30d7c00cce7a8d809c5c5ab5d7b7351491bf7,False,"400: {""error"":""No valid paper ids given""}
",,,,,,,,,,
S2:b01966fd0b4b8267b7f01176b93f19b4956632b4,s2_id,b01966fd0b4b8267b7f01176b93f19b4956632b4,False,"400: {""error"":""No valid paper ids given""}
",,,,,,,,,,
S2:b07ad7be825bbb717bfb0b8edf221ef232896e3a,s2_id,b07ad7be825bbb717bfb0b8edf221ef232896e3a,False,"400: {""error"":""No valid paper ids given""}
",,,,,,,,,,
S2:b08b29aba4e76a28ef91fdd19194fccd2786d07b,s2_id,b08b29aba4e76a28ef91fdd19194fccd2786d07b,False,"400: {""error"":""No valid paper ids given""}
",,,,,,,,,,
S2:b08eeed5273a3e4825b1575c15a4e37118a0f785,s2_id,b08eeed5273a3e4825b1575c15a4e37118a0f785,False,"400: {""error"":""No valid paper ids given""}
",,,,,,,,,,
S2:b10a2fe271e2799a600cfa4808bf4c07903b89e8,s2_id,b10a2fe271e2799a600cfa4808bf4c07903b89e8,False,"400: {""error"":""No valid paper ids given""}
",,,,,,,,,,
S2:b116f6d585c96515430254ea7f4f29b51c7571a3,s2_id,b116f6d585c96515430254ea7f4f29b51c7571a3,False,"400: {""error"":""No valid paper ids given""}
",,,,,,,,,,
S2:b12fb8873ecc277717d7438543fb4fe85e6a4201,s2_id,b12fb8873ecc277717d7438543fb4fe85e6a4201,False,"400: {""error"":""No valid paper ids given""}
",,,,,,,,,,
S2:b172781774147983b12fea05f02a457068b349c9,s2_id,b172781774147983b12fea05f02a457068b349c9,False,"400: {""error"":""No valid paper ids given""}
",,,,,,,,,,
S2:b1b92132688273b9df7233746f442b4c7fff9945,s2_id,b1b92132688273b9df7233746f442b4c7fff9945,False,"400: {""error"":""No valid paper ids given""}
",,,,,,,,,,
S2:b1ce6c994bd5f17ba7a04587daec2ccfc40b2d44,s2_id,b1ce6c994bd5f17ba7a04587daec2ccfc40b2d44,False,"400: {""error"":""No valid paper ids given""}
",,,,,,,,,,
S2:b2133f190d2dba7908fc0fa94659b4d21ab23d0f,s2_id,b2133f190d2dba7908fc0fa94659b4d21ab23d0f,False,"400: {""error"":""No valid paper ids given""}
",,,,,,,,,,
S2:b2bcb854562f6fdffc3e11242fb16de0a03da85c,s2_id,b2bcb854562f6fdffc3e11242fb16de0a03da85c,False,"400: {""error"":""No valid paper ids given""}
",,,,,,,,,,
S2:b3860e4e7f78ec2d951cc2a5bd5a2c676f6aee18,s2_id,b3860e4e7f78ec2d951cc2a5bd5a2c676f6aee18,False,"400: {""error"":""No valid paper ids given""}
",,,,,,,,,,
S2:b44035b5551d06005c9c1a2d16743edec1e1800e,s2_id,b44035b5551d06005c9c1a2d16743edec1e1800e,False,"400: {""error"":""No valid paper ids given""}
",,,,,,,,,,
S2:b476e28c24bf0aabcd3effe5a68585b1efd13c6c,s2_id,b476e28c24bf0aabcd3effe5a68585b1efd13c6c,False,"400: {""error"":""No valid paper ids given""}
",,,,,,,,,,
S2:b48d30c0a4b1e1ecfc97347f312233719d86a267,s2_id,b48d30c0a4b1e1ecfc97347f312233719d86a267,False,"400: {""error"":""No valid paper ids given""}
",,,,,,,,,,
S2:b492fa39b82ac3e9dda3efd7ddeaa2165afcb018,s2_id,b492fa39b82ac3e9dda3efd7ddeaa2165afcb018,False,"400: {""error"":""No valid paper ids given""}
",,,,,,,,,,
S2:b519c3bb2c972e31d46d0d155cfefc1118544f6d,s2_id,b519c3bb2c972e31d46d0d155cfefc1118544f6d,False,"400: {""error"":""No valid paper ids given""}
",,,,,,,,,,
S2:b5d614f501ce1e1f641f6af6c31857c30862d8ec,s2_id,b5d614f501ce1e1f641f6af6c31857c30862d8ec,False,"400: {""error"":""No valid paper ids given""}
",,,,,,,,,,
S2:b5e578368f478293058fd7fe9a74b9a12310d87f,s2_id,b5e578368f478293058fd7fe9a74b9a12310d87f,False,"400: {""error"":""No valid paper ids given""}
",,,,,,,,,,
S2:b604b3ef047ee13cf0d9841ea7dfc6ec11ee8917,s2_id,b604b3ef047ee13cf0d9841ea7dfc6ec11ee8917,False,"400: {""error"":""No valid paper ids given""}
",,,,,,,,,,
S2:b61ad27cdc4725f487da3dd1330e1ee4535ea60f,s2_id,b61ad27cdc4725f487da3dd1330e1ee4535ea60f,False,"400: {""error"":""No valid paper ids given""}
",,,,,,,,,,
S2:b6960e4475add25ad42ecce2653f0d41dad48a0b,s2_id,b6960e4475add25ad42ecce2653f0d41dad48a0b,False,"400: {""error"":""No valid paper ids given""}
",,,,,,,,,,
S2:b6be6a0f73efd1b065babc82f6da3c4c107d66a1,s2_id,b6be6a0f73efd1b065babc82f6da3c4c107d66a1,False,"400: {""error"":""No valid paper ids given""}
",,,,,,,,,,
S2:b6f67ac7b05c7c3a8d2eb2fc8e62e8cb652f424b,s2_id,b6f67ac7b05c7c3a8d2eb2fc8e62e8cb652f424b,False,"400: {""error"":""No valid paper ids given""}
",,,,,,,,,,
S2:b70102bd0d750f8a080704d93135d196d63ca3d1,s2_id,b70102bd0d750f8a080704d93135d196d63ca3d1,False,"400: {""error"":""No valid paper ids given""}
",,,,,,,,,,
S2:b72759997c001eeb2f329c51aaa8386296a24822,s2_id,b72759997c001eeb2f329c51aaa8386296a24822,False,"400: {""error"":""No valid paper ids given""}
",,,,,,,,,,
S2:b7deb7e08a3de694145841f941ffa2c6ec4e8c0e,s2_id,b7deb7e08a3de694145841f941ffa2c6ec4e8c0e,False,"400: {""error"":""No valid paper ids given""}
",,,,,,,,,,
S2:b7eb67bdbd4faa9d383bd3c5190998ccb35f23d8,s2_id,b7eb67bdbd4faa9d383bd3c5190998ccb35f23d8,False,"400: {""error"":""No valid paper ids given""}
",,,,,,,,,,
S2:b8125691ca2e807dc54b86ec2573b61d43d44735,s2_id,b8125691ca2e807dc54b86ec2573b61d43d44735,False,"400: {""error"":""No valid paper ids given""}
",,,,,,,,,,
S2:b837abcb7504f61e51ff0e9fa449420502f945e9,s2_id,b837abcb7504f61e51ff0e9fa449420502f945e9,False,"400: {""error"":""No valid paper ids given""}
",,,,,,,,,,
S2:b841adab6b20241112398eca0004d2242bfce05d,s2_id,b841adab6b20241112398eca0004d2242bfce05d,False,"400: {""error"":""No valid paper ids given""}
",,,,,,,,,,
S2:b849f017056cda743af37618a3c96209b1cdbf2e,s2_id,b849f017056cda743af37618a3c96209b1cdbf2e,False,"400: {""error"":""No valid paper ids given""}
",,,,,,,,,,
S2:b864f963634a5877589eb0007c73b9d67d9b440e,s2_id,b864f963634a5877589eb0007c73b9d67d9b440e,False,"400: {""error"":""No valid paper ids given""}
",,,,,,,,,,
S2:b86b9f0e4258be30cf0eca0102192b9b675ef1f6,s2_id,b86b9f0e4258be30cf0eca0102192b9b675ef1f6,False,"400: {""error"":""No valid paper ids given""}
",,,,,,,,,,
S2:b87b9e47e67f4b9f44a99d15b4745246298f10b8,s2_id,b87b9e47e67f4b9f44a99d15b4745246298f10b8,False,"400: {""error"":""No valid paper ids given""}
",,,,,,,,,,
S2:b8abb262bdab3a286d70ffe34e1cc60b06a462a8,s2_id,b8abb262bdab3a286d70ffe34e1cc60b06a462a8,False,"400: {""error"":""No valid paper ids given""}
",,,,,,,,,,
S2:b8b907109cb71b67d27109eed59b56963256f708,s2_id,b8b907109cb71b67d27109eed59b56963256f708,False,"400: {""error"":""No valid paper ids given""}
",,,,,,,,,,
S2:b8bf20679b88dff9d5c9ae5ce88855c0fb66f92a,s2_id,b8bf20679b88dff9d5c9ae5ce88855c0fb66f92a,False,"400: {""error"":""No valid paper ids given""}
",,,,,,,,,,
S2:b92c825e2b8d8762c58ed18339344ec691214b8c,s2_id,b92c825e2b8d8762c58ed18339344ec691214b8c,False,"400: {""error"":""No valid paper ids given""}
",,,,,,,,,,
S2:b93d53169223037cbea074a7924a8f56d5758d86,s2_id,b93d53169223037cbea074a7924a8f56d5758d86,False,"400: {""error"":""No valid paper ids given""}
",,,,,,,,,,
S2:b964f29f4fb6c2dd7419b26e9e632189eda0ac4c,s2_id,b964f29f4fb6c2dd7419b26e9e632189eda0ac4c,False,"400: {""error"":""No valid paper ids given""}
",,,,,,,,,,
S2:b9768643575fadefaccd22ec0f46519dcd7c3af4,s2_id,b9768643575fadefaccd22ec0f46519dcd7c3af4,False,"400: {""error"":""No valid paper ids given""}
",,,,,,,,,,
S2:b9b21bb99ff0a144e53e4c0b9cdd9f793d9b6093,s2_id,b9b21bb99ff0a144e53e4c0b9cdd9f793d9b6093,False,"400: {""error"":""No valid paper ids given""}
",,,,,,,,,,
S2:ba27791e699a5f225ebfc1e03eb464b2704a9653,s2_id,ba27791e699a5f225ebfc1e03eb464b2704a9653,False,"400: {""error"":""No valid paper ids given""}
",,,,,,,,,,
S2:ba37e76e2493b6f85c1add40c80132a87f653740,s2_id,ba37e76e2493b6f85c1add40c80132a87f653740,False,"400: {""error"":""No valid paper ids given""}
",,,,,,,,,,
S2:ba691fa5a7dbd5e2832dbb54bc8a43e49079106a,s2_id,ba691fa5a7dbd5e2832dbb54bc8a43e49079106a,False,"400: {""error"":""No valid paper ids given""}
",,,,,,,,,,
S2:baa6a0dd62df7531425096431a850623aec1f3eb,s2_id,baa6a0dd62df7531425096431a850623aec1f3eb,False,"400: {""error"":""No valid paper ids given""}
",,,,,,,,,,
S2:bb0079b3c9724ab30654917337c46c4d5dc336ed,s2_id,bb0079b3c9724ab30654917337c46c4d5dc336ed,False,"400: {""error"":""No valid paper ids given""}
",,,,,,,,,,
S2:bb501862a50b0db05efddadc7fa2edb2515cf6bd,s2_id,bb501862a50b0db05efddadc7fa2edb2515cf6bd,False,"400: {""error"":""No valid paper ids given""}
",,,,,,,,,,
S2:bb58996ccfec3ba1c48d71698546a557dd3dcda4,s2_id,bb58996ccfec3ba1c48d71698546a557dd3dcda4,False,"400: {""error"":""No valid paper ids given""}
",,,,,,,,,,
S2:bb93f147568ce51c993a7438733a77709dc1c6fa,s2_id,bb93f147568ce51c993a7438733a77709dc1c6fa,False,"400: {""error"":""No valid paper ids given""}
",,,,,,,,,,
S2:bbd09e0ad6bec99a0e7e68e9772f2ad747d245f1,s2_id,bbd09e0ad6bec99a0e7e68e9772f2ad747d245f1,False,"400: {""error"":""No valid paper ids given""}
",,,,,,,,,,
S2:bbe4dd9c456c96200007422a1e342e408bab3c0c,s2_id,bbe4dd9c456c96200007422a1e342e408bab3c0c,False,"400: {""error"":""No valid paper ids given""}
",,,,,,,,,,
S2:bc696e3a2c4564e62b3b5a0bda15161762404566,s2_id,bc696e3a2c4564e62b3b5a0bda15161762404566,False,"400: {""error"":""No valid paper ids given""}
",,,,,,,,,,
S2:bd22f4ed4736cd572aa4b878d69e69086b9aa0bb,s2_id,bd22f4ed4736cd572aa4b878d69e69086b9aa0bb,False,"400: {""error"":""No valid paper ids given""}
",,,,,,,,,,
S2:bd7310c0a4f2fd2f2e77180bc01c4c567a595466,s2_id,bd7310c0a4f2fd2f2e77180bc01c4c567a595466,False,"400: {""error"":""No valid paper ids given""}
",,,,,,,,,,
S2:bd98030e3226291aac51f22bcfeaa2ac452e0014,s2_id,bd98030e3226291aac51f22bcfeaa2ac452e0014,False,"400: {""error"":""No valid paper ids given""}
",,,,,,,,,,
S2:be1059b6146f4cc354a7b9f7fdf5305098828193,s2_id,be1059b6146f4cc354a7b9f7fdf5305098828193,False,"400: {""error"":""No valid paper ids given""}
",,,,,,,,,,
S2:be1f2d094251c1a0c6bbfb432b0c2dc0ed2ed31e,s2_id,be1f2d094251c1a0c6bbfb432b0c2dc0ed2ed31e,False,"400: {""error"":""No valid paper ids given""}
",,,,,,,,,,
S2:be3ce4b129c5505b49f8506296e3ccefcf9b8b4c,s2_id,be3ce4b129c5505b49f8506296e3ccefcf9b8b4c,False,"400: {""error"":""No valid paper ids given""}
",,,,,,,,,,
S2:be9d49c84ab6295834b9e4ba0c804ff8fa996ca2,s2_id,be9d49c84ab6295834b9e4ba0c804ff8fa996ca2,False,"400: {""error"":""No valid paper ids given""}
",,,,,,,,,,
S2:beb82c5d52cb76dff3cee46d5d5396e79c23694e,s2_id,beb82c5d52cb76dff3cee46d5d5396e79c23694e,False,"400: {""error"":""No valid paper ids given""}
",,,,,,,,,,
S2:bec0f61b2e58bb5a844f7fd288f2b8e2a1e70e91,s2_id,bec0f61b2e58bb5a844f7fd288f2b8e2a1e70e91,False,"400: {""error"":""No valid paper ids given""}
",,,,,,,,,,
S2:becd9b3b4b1bd0fd0d0761d650fc08b919f9a421,s2_id,becd9b3b4b1bd0fd0d0761d650fc08b919f9a421,False,"400: {""error"":""No valid paper ids given""}
",,,,,,,,,,
S2:bfec02d65f186a627930db40d68af83f3105426f,s2_id,bfec02d65f186a627930db40d68af83f3105426f,False,"400: {""error"":""No valid paper ids given""}
",,,,,,,,,,
S2:c079542c0e84f7f068de54b39d801f1571d3de90,s2_id,c079542c0e84f7f068de54b39d801f1571d3de90,False,"400: {""error"":""No valid paper ids given""}
",,,,,,,,,,
S2:c0a86b7ede3f1369b22eb74155470cc52a22b150,s2_id,c0a86b7ede3f1369b22eb74155470cc52a22b150,False,"400: {""error"":""No valid paper ids given""}
",,,,,,,,,,
S2:c0ce1a0efd996a1c14027ced591ffaeefd5335d5,s2_id,c0ce1a0efd996a1c14027ced591ffaeefd5335d5,False,"400: {""error"":""No valid paper ids given""}
",,,,,,,,,,
S2:c0db29b58ec4461d0268fe4f2cfd0f98b2f7c442,s2_id,c0db29b58ec4461d0268fe4f2cfd0f98b2f7c442,False,"400: {""error"":""No valid paper ids given""}
",,,,,,,,,,
S2:c15ce5e13db7946ab81d5cd2782b67b10445613f,s2_id,c15ce5e13db7946ab81d5cd2782b67b10445613f,False,"400: {""error"":""No valid paper ids given""}
",,,,,,,,,,
S2:c1a59bf09f6f70187aa3e574beb3b9719304cca6,s2_id,c1a59bf09f6f70187aa3e574beb3b9719304cca6,False,"400: {""error"":""No valid paper ids given""}
",,,,,,,,,,
S2:c1d28e14455ebc8da7dbf62b16c9a45b34be52bc,s2_id,c1d28e14455ebc8da7dbf62b16c9a45b34be52bc,False,"400: {""error"":""No valid paper ids given""}
",,,,,,,,,,
S2:c21441df2e86f2f821d4c5474c9b23bbe6f54660,s2_id,c21441df2e86f2f821d4c5474c9b23bbe6f54660,False,"400: {""error"":""No valid paper ids given""}
",,,,,,,,,,
S2:c278f281d10eba597be065fc68c3a463d9097c44,s2_id,c278f281d10eba597be065fc68c3a463d9097c44,False,"400: {""error"":""No valid paper ids given""}
",,,,,,,,,,
S2:c2a3ac397b9c7e29c2c36452fde249dd5e22619d,s2_id,c2a3ac397b9c7e29c2c36452fde249dd5e22619d,False,"400: {""error"":""No valid paper ids given""}
",,,,,,,,,,
S2:c2b4eda0e084a3be9af5c6426d7f908fa6acb83b,s2_id,c2b4eda0e084a3be9af5c6426d7f908fa6acb83b,False,"400: {""error"":""No valid paper ids given""}
",,,,,,,,,,
S2:c2ba33c488620467f4226a048f674bf5796f166c,s2_id,c2ba33c488620467f4226a048f674bf5796f166c,False,"400: {""error"":""No valid paper ids given""}
",,,,,,,,,,
S2:c2c57792b435ff919c2502d3f4290ad661e78ed1,s2_id,c2c57792b435ff919c2502d3f4290ad661e78ed1,False,"400: {""error"":""No valid paper ids given""}
",,,,,,,,,,
S2:c34e38518a4e7c777277dc81b971ef6ddb1e5340,s2_id,c34e38518a4e7c777277dc81b971ef6ddb1e5340,False,"400: {""error"":""No valid paper ids given""}
",,,,,,,,,,
S2:c366a812182a8cdb9e3943fa087d4389d7306796,s2_id,c366a812182a8cdb9e3943fa087d4389d7306796,False,"400: {""error"":""No valid paper ids given""}
",,,,,,,,,,
S2:c3763140ee333f9fc59110794e0b34595e320a40,s2_id,c3763140ee333f9fc59110794e0b34595e320a40,False,"400: {""error"":""No valid paper ids given""}
",,,,,,,,,,
S2:c38b3a7060155dd23dbc53c3bd00a88e912b0406,s2_id,c38b3a7060155dd23dbc53c3bd00a88e912b0406,False,"400: {""error"":""No valid paper ids given""}
",,,,,,,,,,
S2:c3b19d9860bb6242f738d3bf57688c5355d9a5b4,s2_id,c3b19d9860bb6242f738d3bf57688c5355d9a5b4,False,"400: {""error"":""No valid paper ids given""}
",,,,,,,,,,
S2:c3c8491443c705fc6e94f75e7c4b5815f65cab71,s2_id,c3c8491443c705fc6e94f75e7c4b5815f65cab71,False,"400: {""error"":""No valid paper ids given""}
",,,,,,,,,,
S2:c3cb4d663a458fbdea9cca1cfe9caee7b29bddd6,s2_id,c3cb4d663a458fbdea9cca1cfe9caee7b29bddd6,False,"400: {""error"":""No valid paper ids given""}
",,,,,,,,,,
S2:c3d685d918018b3148c7fc108dd458824eda3f4c,s2_id,c3d685d918018b3148c7fc108dd458824eda3f4c,False,"400: {""error"":""No valid paper ids given""}
",,,,,,,,,,
S2:c40b57c1f8548de4df0410d2bac935d9384dc4c5,s2_id,c40b57c1f8548de4df0410d2bac935d9384dc4c5,False,"400: {""error"":""No valid paper ids given""}
",,,,,,,,,,
S2:c429cde90f6371d35f3f4582aa4a4555168f0a30,s2_id,c429cde90f6371d35f3f4582aa4a4555168f0a30,False,"400: {""error"":""No valid paper ids given""}
",,,,,,,,,,
S2:c458d8b5b60f239d1b0b9eefc20c146b3955fdae,s2_id,c458d8b5b60f239d1b0b9eefc20c146b3955fdae,False,"400: {""error"":""No valid paper ids given""}
",,,,,,,,,,
S2:c4b7c4a449aca9f3748f556e28a1d470d741bbde,s2_id,c4b7c4a449aca9f3748f556e28a1d470d741bbde,False,"400: {""error"":""No valid paper ids given""}
",,,,,,,,,,
S2:c4e353d3a8a60bb9f8bd0a253b8b87f77cbc91e4,s2_id,c4e353d3a8a60bb9f8bd0a253b8b87f77cbc91e4,False,"400: {""error"":""No valid paper ids given""}
",,,,,,,,,,
S2:c4f26eefbb40bebf8e63ec25370ef03db048718b,s2_id,c4f26eefbb40bebf8e63ec25370ef03db048718b,False,"400: {""error"":""No valid paper ids given""}
",,,,,,,,,,
S2:c51090b4b8bcdaf424b9d0f82942f53f899c4103,s2_id,c51090b4b8bcdaf424b9d0f82942f53f899c4103,False,"400: {""error"":""No valid paper ids given""}
",,,,,,,,,,
S2:c52ec458ddd389c11d5936976489f5e9d9f25129,s2_id,c52ec458ddd389c11d5936976489f5e9d9f25129,False,"400: {""error"":""No valid paper ids given""}
",,,,,,,,,,
S2:c59f476ecac9087bbae52dcfbbb7ce2dab141ddd,s2_id,c59f476ecac9087bbae52dcfbbb7ce2dab141ddd,False,"400: {""error"":""No valid paper ids given""}
",,,,,,,,,,
S2:c6173ba0fd3630b06dcb1028dc7bcdf396697ba5,s2_id,c6173ba0fd3630b06dcb1028dc7bcdf396697ba5,False,"400: {""error"":""No valid paper ids given""}
",,,,,,,,,,
S2:c62b4186b6893a8993a0f32ca8d8f8d5ac5b37eb,s2_id,c62b4186b6893a8993a0f32ca8d8f8d5ac5b37eb,False,"400: {""error"":""No valid paper ids given""}
",,,,,,,,,,
S2:c75d30599dff831bb57d9f186afca1645f8a9827,s2_id,c75d30599dff831bb57d9f186afca1645f8a9827,False,"400: {""error"":""No valid paper ids given""}
",,,,,,,,,,
S2:c78fffec75a1cba2f02d8c49cebc03347c797cfb,s2_id,c78fffec75a1cba2f02d8c49cebc03347c797cfb,False,"400: {""error"":""No valid paper ids given""}
",,,,,,,,,,
S2:c7d14c5e0f930e4e5ba7adedb9f92a5b23db3d5e,s2_id,c7d14c5e0f930e4e5ba7adedb9f92a5b23db3d5e,False,"400: {""error"":""No valid paper ids given""}
",,,,,,,,,,
S2:c8df4fe2a371aa84e9e52097094a5a22dc97b023,s2_id,c8df4fe2a371aa84e9e52097094a5a22dc97b023,False,"400: {""error"":""No valid paper ids given""}
",,,,,,,,,,
S2:c8e304003775d2b38ebf52f1375916f1fd9901b1,s2_id,c8e304003775d2b38ebf52f1375916f1fd9901b1,False,"400: {""error"":""No valid paper ids given""}
",,,,,,,,,,
S2:c95bedc796baa549310b0d64b26bf2a4fffb2882,s2_id,c95bedc796baa549310b0d64b26bf2a4fffb2882,False,"400: {""error"":""No valid paper ids given""}
",,,,,,,,,,
S2:c9a5ac5d18562c267fd74aca3ab34193051eed40,s2_id,c9a5ac5d18562c267fd74aca3ab34193051eed40,False,"400: {""error"":""No valid paper ids given""}
",,,,,,,,,,
S2:c9b794db61a248ebcd9b2fc89834a4fc03c10a11,s2_id,c9b794db61a248ebcd9b2fc89834a4fc03c10a11,False,"400: {""error"":""No valid paper ids given""}
",,,,,,,,,,
S2:c9d59b88f75534cc3970ac3bb87df8e57c8822f5,s2_id,c9d59b88f75534cc3970ac3bb87df8e57c8822f5,False,"400: {""error"":""No valid paper ids given""}
",,,,,,,,,,
S2:ca44e244c03158cf5cc586a8bb3c61dac0c43bbb,s2_id,ca44e244c03158cf5cc586a8bb3c61dac0c43bbb,False,"400: {""error"":""No valid paper ids given""}
",,,,,,,,,,
S2:ca69571b8dd3a4f70fd49e872ded6abe6e40acec,s2_id,ca69571b8dd3a4f70fd49e872ded6abe6e40acec,False,"400: {""error"":""No valid paper ids given""}
",,,,,,,,,,
S2:ca728b6edcfa273ce161a97446d48f9f385e0862,s2_id,ca728b6edcfa273ce161a97446d48f9f385e0862,False,"400: {""error"":""No valid paper ids given""}
",,,,,,,,,,
S2:ca785448f8eb0ed847b47077288e95d112123089,s2_id,ca785448f8eb0ed847b47077288e95d112123089,False,"400: {""error"":""No valid paper ids given""}
",,,,,,,,,,
S2:cb6cd8f4fe04c9c58beee3d282ec2a55628ad705,s2_id,cb6cd8f4fe04c9c58beee3d282ec2a55628ad705,False,"400: {""error"":""No valid paper ids given""}
",,,,,,,,,,
S2:cbad42559530f9dd6b617aab4de1c7a45c8faeca,s2_id,cbad42559530f9dd6b617aab4de1c7a45c8faeca,False,"400: {""error"":""No valid paper ids given""}
",,,,,,,,,,
S2:cbc396283393d6fe244b93af6205859bfd468544,s2_id,cbc396283393d6fe244b93af6205859bfd468544,False,"400: {""error"":""No valid paper ids given""}
",,,,,,,,,,
S2:cbccb52c1754970ecf96f668c0bd289e05ae6510,s2_id,cbccb52c1754970ecf96f668c0bd289e05ae6510,False,"400: {""error"":""No valid paper ids given""}
",,,,,,,,,,
S2:cc068dcfc649ccd6bcc15e92fad13e22527701b7,s2_id,cc068dcfc649ccd6bcc15e92fad13e22527701b7,False,"400: {""error"":""No valid paper ids given""}
",,,,,,,,,,
S2:cc28f2744a8ab728ad6cb59d53ebdfce855b268b,s2_id,cc28f2744a8ab728ad6cb59d53ebdfce855b268b,False,"400: {""error"":""No valid paper ids given""}
",,,,,,,,,,
S2:cc32f84cf1521d03acd0c5d87fe065d9c9af2ef1,s2_id,cc32f84cf1521d03acd0c5d87fe065d9c9af2ef1,False,"400: {""error"":""No valid paper ids given""}
",,,,,,,,,,
S2:ccac80d6f4cdf94216ed308473f7eeefdc8760a1,s2_id,ccac80d6f4cdf94216ed308473f7eeefdc8760a1,False,"400: {""error"":""No valid paper ids given""}
",,,,,,,,,,
S2:cd0bf4a6fabfb4a898e957e7a20da49dc97f053a,s2_id,cd0bf4a6fabfb4a898e957e7a20da49dc97f053a,False,"400: {""error"":""No valid paper ids given""}
",,,,,,,,,,
S2:cd37670f6be5ee6b589e646ad5b47fc9efc6ebb9,s2_id,cd37670f6be5ee6b589e646ad5b47fc9efc6ebb9,False,"400: {""error"":""No valid paper ids given""}
",,,,,,,,,,
S2:cd7bddf6915538a7718fda4c4ba084f72d941d38,s2_id,cd7bddf6915538a7718fda4c4ba084f72d941d38,False,"400: {""error"":""No valid paper ids given""}
",,,,,,,,,,
S2:cd8ff464d7905f6dc849b2782f98750297d1dad9,s2_id,cd8ff464d7905f6dc849b2782f98750297d1dad9,False,"400: {""error"":""No valid paper ids given""}
",,,,,,,,,,
S2:cdb423d6f769a9a171fb6da8fba715fc792393d5,s2_id,cdb423d6f769a9a171fb6da8fba715fc792393d5,False,"400: {""error"":""No valid paper ids given""}
",,,,,,,,,,
S2:ce51fd70820a16d46696c1c765ede409b8e9d4c5,s2_id,ce51fd70820a16d46696c1c765ede409b8e9d4c5,False,"400: {""error"":""No valid paper ids given""}
",,,,,,,,,,
S2:ce807881777d99bd3c4517121c7b2ad3e45687fd,s2_id,ce807881777d99bd3c4517121c7b2ad3e45687fd,False,"400: {""error"":""No valid paper ids given""}
",,,,,,,,,,
S2:cec0a40f27ef1619628f4a70c038281b0e1e9d19,s2_id,cec0a40f27ef1619628f4a70c038281b0e1e9d19,False,"400: {""error"":""No valid paper ids given""}
",,,,,,,,,,
S2:d02fa71628a96fbc69876b4a6ad8d6f8a0384973,s2_id,d02fa71628a96fbc69876b4a6ad8d6f8a0384973,False,"400: {""error"":""No valid paper ids given""}
",,,,,,,,,,
S2:d04dbc79f9985bcf7a730061a3cd00e7b6698ffa,s2_id,d04dbc79f9985bcf7a730061a3cd00e7b6698ffa,False,"400: {""error"":""No valid paper ids given""}
",,,,,,,,,,
S2:d0508576e1f2b10e8684a4e3706ae64fb49d762b,s2_id,d0508576e1f2b10e8684a4e3706ae64fb49d762b,False,"400: {""error"":""No valid paper ids given""}
",,,,,,,,,,
S2:d058351114ccce850ea88a7d6b6e8bfe61f393e7,s2_id,d058351114ccce850ea88a7d6b6e8bfe61f393e7,False,"400: {""error"":""No valid paper ids given""}
",,,,,,,,,,
S2:d08524bc55df8e109168acbd65c80511df72941d,s2_id,d08524bc55df8e109168acbd65c80511df72941d,False,"400: {""error"":""No valid paper ids given""}
",,,,,,,,,,
S2:d0e158e0a5f98b45c5d650df63d7005dcf6d0257,s2_id,d0e158e0a5f98b45c5d650df63d7005dcf6d0257,False,"400: {""error"":""No valid paper ids given""}
",,,,,,,,,,
S2:d1099925ecabb0a4fb6ab38b3dc03a7570f21a0e,s2_id,d1099925ecabb0a4fb6ab38b3dc03a7570f21a0e,False,"400: {""error"":""No valid paper ids given""}
",,,,,,,,,,
S2:d149c7135a9db55da33142c52cd72b7d1190149d,s2_id,d149c7135a9db55da33142c52cd72b7d1190149d,False,"400: {""error"":""No valid paper ids given""}
",,,,,,,,,,
S2:d15005d91d39e39386f54f81d3bcbdcbe4f766eb,s2_id,d15005d91d39e39386f54f81d3bcbdcbe4f766eb,False,"400: {""error"":""No valid paper ids given""}
",,,,,,,,,,
S2:d164500696dd6dae3b6a1ec143b217c06b55b570,s2_id,d164500696dd6dae3b6a1ec143b217c06b55b570,False,"400: {""error"":""No valid paper ids given""}
",,,,,,,,,,
S2:d17cdc6bf5e5dc04667fd53f27cee014f37767aa,s2_id,d17cdc6bf5e5dc04667fd53f27cee014f37767aa,False,"400: {""error"":""No valid paper ids given""}
",,,,,,,,,,
S2:d18731d01c03fb1e7110c279f1841c73e599a6a8,s2_id,d18731d01c03fb1e7110c279f1841c73e599a6a8,False,"400: {""error"":""No valid paper ids given""}
",,,,,,,,,,
S2:d190e2a651dfd634302ad1930bb45832a23d8338,s2_id,d190e2a651dfd634302ad1930bb45832a23d8338,False,"400: {""error"":""No valid paper ids given""}
",,,,,,,,,,
S2:d1db90ec573a03a99125330677faf318fd40b78a,s2_id,d1db90ec573a03a99125330677faf318fd40b78a,False,"400: {""error"":""No valid paper ids given""}
",,,,,,,,,,
S2:d1dee3145416b31ccd160f73c3f6f3c83e3ca9dd,s2_id,d1dee3145416b31ccd160f73c3f6f3c83e3ca9dd,False,"400: {""error"":""No valid paper ids given""}
",,,,,,,,,,
S2:d1e1a5056692f9dd3f024e500bdb81b0048c0849,s2_id,d1e1a5056692f9dd3f024e500bdb81b0048c0849,False,"400: {""error"":""No valid paper ids given""}
",,,,,,,,,,
S2:d209b5d2a23b1291f2d326b63f1940fb5fcffa55,s2_id,d209b5d2a23b1291f2d326b63f1940fb5fcffa55,False,"400: {""error"":""No valid paper ids given""}
",,,,,,,,,,
S2:d216ee1c351486100aa5d93009075275c19715e6,s2_id,d216ee1c351486100aa5d93009075275c19715e6,False,"400: {""error"":""No valid paper ids given""}
",,,,,,,,,,
S2:d22ccd9f25171351ca86eafe1538aacf4fef1c36,s2_id,d22ccd9f25171351ca86eafe1538aacf4fef1c36,False,"400: {""error"":""No valid paper ids given""}
",,,,,,,,,,
S2:d23671bc4e643569f31f6e24ad3b20a72d3f4b4f,s2_id,d23671bc4e643569f31f6e24ad3b20a72d3f4b4f,False,"400: {""error"":""No valid paper ids given""}
",,,,,,,,,,
S2:d2aeb2d6bbd68d3755b2add58cba6c7aa2c924f1,s2_id,d2aeb2d6bbd68d3755b2add58cba6c7aa2c924f1,False,"400: {""error"":""No valid paper ids given""}
",,,,,,,,,,
S2:d2d27f243812fc349d3565ec03b63c9d37b5ddb2,s2_id,d2d27f243812fc349d3565ec03b63c9d37b5ddb2,False,"400: {""error"":""No valid paper ids given""}
",,,,,,,,,,
S2:d2e8d7c6da4d0de8a6f4508f422aeaf7e223b0b0,s2_id,d2e8d7c6da4d0de8a6f4508f422aeaf7e223b0b0,False,"400: {""error"":""No valid paper ids given""}
",,,,,,,,,,
S2:d2ed74e0ef11972cddc9ed1a7afeae32d4bbfc75,s2_id,d2ed74e0ef11972cddc9ed1a7afeae32d4bbfc75,False,"400: {""error"":""No valid paper ids given""}
",,,,,,,,,,
S2:d31655b3f82038c513eed0e4a84c8f1c89d5bfdb,s2_id,d31655b3f82038c513eed0e4a84c8f1c89d5bfdb,False,"400: {""error"":""No valid paper ids given""}
",,,,,,,,,,
S2:d317147d8b63b0cbb05e672d788f730f8b173017,s2_id,d317147d8b63b0cbb05e672d788f730f8b173017,False,"400: {""error"":""No valid paper ids given""}
",,,,,,,,,,
S2:d33d743cc1b7fca9d7bd478e3b841005137dfa59,s2_id,d33d743cc1b7fca9d7bd478e3b841005137dfa59,False,"400: {""error"":""No valid paper ids given""}
",,,,,,,,,,
S2:d35a2f2cb3400c6f20805cff3dbb99d3475df0b6,s2_id,d35a2f2cb3400c6f20805cff3dbb99d3475df0b6,False,"400: {""error"":""No valid paper ids given""}
",,,,,,,,,,
S2:d381391d5e5c873dbebaff193bf4898939e69c40,s2_id,d381391d5e5c873dbebaff193bf4898939e69c40,False,"400: {""error"":""No valid paper ids given""}
",,,,,,,,,,
S2:d3d2b967bf74c83e5d3ce6b9f8045a28146d851f,s2_id,d3d2b967bf74c83e5d3ce6b9f8045a28146d851f,False,"400: {""error"":""No valid paper ids given""}
",,,,,,,,,,
S2:d480b5e4908f4902fb37154fce1667b02723c744,s2_id,d480b5e4908f4902fb37154fce1667b02723c744,False,"400: {""error"":""No valid paper ids given""}
",,,,,,,,,,
S2:d4c60b3a7778904209a5dae6691049460625c2da,s2_id,d4c60b3a7778904209a5dae6691049460625c2da,False,"400: {""error"":""No valid paper ids given""}
",,,,,,,,,,
S2:d4d0d9dd15861baba33cc2f6021435f81a4de25e,s2_id,d4d0d9dd15861baba33cc2f6021435f81a4de25e,False,"400: {""error"":""No valid paper ids given""}
",,,,,,,,,,
S2:d4ffa144d15092cb962abb208f7299d08ba32a6d,s2_id,d4ffa144d15092cb962abb208f7299d08ba32a6d,False,"400: {""error"":""No valid paper ids given""}
",,,,,,,,,,
S2:d53f4552e8f3d2ec9ec4144dafe88a85c2bb2622,s2_id,d53f4552e8f3d2ec9ec4144dafe88a85c2bb2622,False,"400: {""error"":""No valid paper ids given""}
",,,,,,,,,,
S2:d56c21dd9eec50685a99172f73e1deb039278ba1,s2_id,d56c21dd9eec50685a99172f73e1deb039278ba1,False,"400: {""error"":""No valid paper ids given""}
",,,,,,,,,,
S2:d5a10ac61f58f8eefa67c11cf470570c4af1980a,s2_id,d5a10ac61f58f8eefa67c11cf470570c4af1980a,False,"400: {""error"":""No valid paper ids given""}
",,,,,,,,,,
S2:d5a1c7d4384b673317ba8309532a0dea17751b16,s2_id,d5a1c7d4384b673317ba8309532a0dea17751b16,False,"400: {""error"":""No valid paper ids given""}
",,,,,,,,,,
S2:d5defd2782fdd61530b61a891f390ec29b1ce2bd,s2_id,d5defd2782fdd61530b61a891f390ec29b1ce2bd,False,"400: {""error"":""No valid paper ids given""}
",,,,,,,,,,
S2:d5f2cec014c85b45fea94485b6e554d34ef687d1,s2_id,d5f2cec014c85b45fea94485b6e554d34ef687d1,False,"400: {""error"":""No valid paper ids given""}
",,,,,,,,,,
S2:d62ee4dec344f18f6d56e3f9902e3a3663e48f33,s2_id,d62ee4dec344f18f6d56e3f9902e3a3663e48f33,False,"400: {""error"":""No valid paper ids given""}
",,,,,,,,,,
S2:d64ee675867ee0ea64428bd65904eeb61a9d38c5,s2_id,d64ee675867ee0ea64428bd65904eeb61a9d38c5,False,"400: {""error"":""No valid paper ids given""}
",,,,,,,,,,
S2:d65880957fe94307a8f36f2e523036e412097583,s2_id,d65880957fe94307a8f36f2e523036e412097583,False,"400: {""error"":""No valid paper ids given""}
",,,,,,,,,,
S2:d670f9998be7e9ac0682a18d75a7474ebb1d4084,s2_id,d670f9998be7e9ac0682a18d75a7474ebb1d4084,False,"400: {""error"":""No valid paper ids given""}
",,,,,,,,,,
S2:d67be0446355444fba58bbcb2e16c983692100a2,s2_id,d67be0446355444fba58bbcb2e16c983692100a2,False,"400: {""error"":""No valid paper ids given""}
",,,,,,,,,,
S2:d6d07aff758456f52fae02787bedffeb5e28562c,s2_id,d6d07aff758456f52fae02787bedffeb5e28562c,False,"400: {""error"":""No valid paper ids given""}
",,,,,,,,,,
S2:d6d1fafdecff97299f725adcd3e5c6c409c2cd35,s2_id,d6d1fafdecff97299f725adcd3e5c6c409c2cd35,False,"400: {""error"":""No valid paper ids given""}
",,,,,,,,,,
S2:d73c363bcc03dda273eeaf60ee78467a23204a90,s2_id,d73c363bcc03dda273eeaf60ee78467a23204a90,False,"400: {""error"":""No valid paper ids given""}
",,,,,,,,,,
S2:d76ec2ae6c1baa5d9d1ccefed3b4fcdac81c30ea,s2_id,d76ec2ae6c1baa5d9d1ccefed3b4fcdac81c30ea,False,"400: {""error"":""No valid paper ids given""}
",,,,,,,,,,
S2:d788dcd2f850f03488f6d6578f37495c5bd7d505,s2_id,d788dcd2f850f03488f6d6578f37495c5bd7d505,False,"400: {""error"":""No valid paper ids given""}
",,,,,,,,,,
S2:d79da1ef6ba583f9eed3c92eac51cc987c6a3187,s2_id,d79da1ef6ba583f9eed3c92eac51cc987c6a3187,False,"400: {""error"":""No valid paper ids given""}
",,,,,,,,,,
S2:d7b2b3bab43526050d6b372319699e76f192925d,s2_id,d7b2b3bab43526050d6b372319699e76f192925d,False,"400: {""error"":""No valid paper ids given""}
",,,,,,,,,,
S2:d7cfcc1d2ffb5d8a06f93e0ec578b887a346fc81,s2_id,d7cfcc1d2ffb5d8a06f93e0ec578b887a346fc81,False,"400: {""error"":""No valid paper ids given""}
",,,,,,,,,,
S2:d80e39a561c154f5bb7489ca41745b3773c13cf1,s2_id,d80e39a561c154f5bb7489ca41745b3773c13cf1,False,"400: {""error"":""No valid paper ids given""}
",,,,,,,,,,
S2:d8966dfd89d71ac4a24140541fd6e99f1b5f4a4b,s2_id,d8966dfd89d71ac4a24140541fd6e99f1b5f4a4b,False,"400: {""error"":""No valid paper ids given""}
",,,,,,,,,,
S2:d9838c5a74ea86284835c3e4616eab114b844333,s2_id,d9838c5a74ea86284835c3e4616eab114b844333,False,"400: {""error"":""No valid paper ids given""}
",,,,,,,,,,
S2:d98471ceb0402f11c7722ab6a9f6ef07278d24b2,s2_id,d98471ceb0402f11c7722ab6a9f6ef07278d24b2,False,"400: {""error"":""No valid paper ids given""}
",,,,,,,,,,
S2:d99b83ae5a67fef6e06c9b62f0a9e62833cba339,s2_id,d99b83ae5a67fef6e06c9b62f0a9e62833cba339,False,"400: {""error"":""No valid paper ids given""}
",,,,,,,,,,
S2:d9adc73ca5c0d45d7e183ffb2aef18954578f06a,s2_id,d9adc73ca5c0d45d7e183ffb2aef18954578f06a,False,"400: {""error"":""No valid paper ids given""}
",,,,,,,,,,
S2:d9e3816d7bc03390e3a0f7a8e7105ebf8866ebcd,s2_id,d9e3816d7bc03390e3a0f7a8e7105ebf8866ebcd,False,"400: {""error"":""No valid paper ids given""}
",,,,,,,,,,
S2:da34847937879de7621d5b35b2fcb580e2593acc,s2_id,da34847937879de7621d5b35b2fcb580e2593acc,False,"400: {""error"":""No valid paper ids given""}
",,,,,,,,,,
S2:da4e79fb9d68b02278b2640c53ec38193d9b80b2,s2_id,da4e79fb9d68b02278b2640c53ec38193d9b80b2,False,"400: {""error"":""No valid paper ids given""}
",,,,,,,,,,
S2:da5b0299c7927315a151e77de4f976e01d77ef91,s2_id,da5b0299c7927315a151e77de4f976e01d77ef91,False,"400: {""error"":""No valid paper ids given""}
",,,,,,,,,,
S2:da6e9417d466d4bfc083d9d0594c38577d273ead,s2_id,da6e9417d466d4bfc083d9d0594c38577d273ead,False,"400: {""error"":""No valid paper ids given""}
",,,,,,,,,,
S2:da9333d4b85a6e5921e6939d587e550118fe8fd2,s2_id,da9333d4b85a6e5921e6939d587e550118fe8fd2,False,"400: {""error"":""No valid paper ids given""}
",,,,,,,,,,
S2:da95b94ed63f74e0af9f4347e343d4b399e75f4f,s2_id,da95b94ed63f74e0af9f4347e343d4b399e75f4f,False,"400: {""error"":""No valid paper ids given""}
",,,,,,,,,,
S2:dad0e1c878e9002afae9fbd391abc4d3436e41e9,s2_id,dad0e1c878e9002afae9fbd391abc4d3436e41e9,False,"400: {""error"":""No valid paper ids given""}
",,,,,,,,,,
S2:dafa2aad0a9be3267abc84a2a9f6ba23fc6fdae8,s2_id,dafa2aad0a9be3267abc84a2a9f6ba23fc6fdae8,False,"400: {""error"":""No valid paper ids given""}
",,,,,,,,,,
S2:db9b81d35070a4530e0ca9f36ffc12a47a1758a2,s2_id,db9b81d35070a4530e0ca9f36ffc12a47a1758a2,False,"400: {""error"":""No valid paper ids given""}
",,,,,,,,,,
S2:dc08220b483bcbe72f09d342cf20bfc739ed540a,s2_id,dc08220b483bcbe72f09d342cf20bfc739ed540a,False,"400: {""error"":""No valid paper ids given""}
",,,,,,,,,,
S2:dc1d9ef7a119616af46371d54c38ce07de8147d1,s2_id,dc1d9ef7a119616af46371d54c38ce07de8147d1,False,"400: {""error"":""No valid paper ids given""}
",,,,,,,,,,
S2:dc1fba9fabd4a2d5531b7b74d12c073ce407f2db,s2_id,dc1fba9fabd4a2d5531b7b74d12c073ce407f2db,False,"400: {""error"":""No valid paper ids given""}
",,,,,,,,,,
S2:dc2be23a33216d5f6de5b5e58ab156eb760d8a48,s2_id,dc2be23a33216d5f6de5b5e58ab156eb760d8a48,False,"400: {""error"":""No valid paper ids given""}
",,,,,,,,,,
S2:dc650041838b505357e4a72d7ef269660d28101a,s2_id,dc650041838b505357e4a72d7ef269660d28101a,False,"400: {""error"":""No valid paper ids given""}
",,,,,,,,,,
S2:dc78183d77ab4c479bd98892a4d8b14be1eb4675,s2_id,dc78183d77ab4c479bd98892a4d8b14be1eb4675,False,"400: {""error"":""No valid paper ids given""}
",,,,,,,,,,
S2:dc797224e96e458fc01be6758994ef660c77a333,s2_id,dc797224e96e458fc01be6758994ef660c77a333,False,"400: {""error"":""No valid paper ids given""}
",,,,,,,,,,
S2:dc7d65f0c1542a2aed69c38934b68ff6404e4fe3,s2_id,dc7d65f0c1542a2aed69c38934b68ff6404e4fe3,False,"400: {""error"":""No valid paper ids given""}
",,,,,,,,,,
S2:dcadc9fa930bc66f1f5357eb8946e5702aa39e4a,s2_id,dcadc9fa930bc66f1f5357eb8946e5702aa39e4a,False,"400: {""error"":""No valid paper ids given""}
",,,,,,,,,,
S2:dcc8ba74182cc94d3d0827bf735c2d76d2823575,s2_id,dcc8ba74182cc94d3d0827bf735c2d76d2823575,False,"400: {""error"":""No valid paper ids given""}
",,,,,,,,,,
S2:dcd0a0449ead0f1e740405fe3acf2c74346a0ebf,s2_id,dcd0a0449ead0f1e740405fe3acf2c74346a0ebf,False,"400: {""error"":""No valid paper ids given""}
",,,,,,,,,,
S2:dd08b787f1c7a9f8280089e7772e6e019c0ce080,s2_id,dd08b787f1c7a9f8280089e7772e6e019c0ce080,False,"400: {""error"":""No valid paper ids given""}
",,,,,,,,,,
S2:dd570c1c253093484fb6a408dc942e548bd551a5,s2_id,dd570c1c253093484fb6a408dc942e548bd551a5,False,"400: {""error"":""No valid paper ids given""}
",,,,,,,,,,
S2:dd74ffddde36781f8a780a33d6fe116ae0418fb9,s2_id,dd74ffddde36781f8a780a33d6fe116ae0418fb9,False,"400: {""error"":""No valid paper ids given""}
",,,,,,,,,,
S2:dd7c057ba0e2a201bf5466beaa2038d7cb965199,s2_id,dd7c057ba0e2a201bf5466beaa2038d7cb965199,False,"400: {""error"":""No valid paper ids given""}
",,,,,,,,,,
S2:dd9f1cea8f375a09c17c2681ead9fd47ead4fb54,s2_id,dd9f1cea8f375a09c17c2681ead9fd47ead4fb54,False,"400: {""error"":""No valid paper ids given""}
",,,,,,,,,,
S2:dde823250145eaa040eabba281fa4b396d6cdb30,s2_id,dde823250145eaa040eabba281fa4b396d6cdb30,False,"400: {""error"":""No valid paper ids given""}
",,,,,,,,,,
S2:de0246a40ff3233269a8ccb381df999485b1acbd,s2_id,de0246a40ff3233269a8ccb381df999485b1acbd,False,"400: {""error"":""No valid paper ids given""}
",,,,,,,,,,
S2:de66c7cd1f3650364f5d08e6db70599f64a2fd04,s2_id,de66c7cd1f3650364f5d08e6db70599f64a2fd04,False,"400: {""error"":""No valid paper ids given""}
",,,,,,,,,,
S2:dedf58835159ed91b98170bb8f27971228ba1bb5,s2_id,dedf58835159ed91b98170bb8f27971228ba1bb5,False,"400: {""error"":""No valid paper ids given""}
",,,,,,,,,,
S2:df04a6b99eaf2cd434716fcdd041b0c36a110063,s2_id,df04a6b99eaf2cd434716fcdd041b0c36a110063,False,"400: {""error"":""No valid paper ids given""}
",,,,,,,,,,
S2:df71c1a07ceb7878f745e42c713b698f8034e79d,s2_id,df71c1a07ceb7878f745e42c713b698f8034e79d,False,"400: {""error"":""No valid paper ids given""}
",,,,,,,,,,
S2:dfadbc00ebe543488826a03725beaf0a816d9753,s2_id,dfadbc00ebe543488826a03725beaf0a816d9753,False,"400: {""error"":""No valid paper ids given""}
",,,,,,,,,,
S2:dfdc511bd65e1b5038690a685e10555764affd88,s2_id,dfdc511bd65e1b5038690a685e10555764affd88,False,"400: {""error"":""No valid paper ids given""}
",,,,,,,,,,
S2:e0033a1ff429de2549c3758e1c5bf8591ecd9c53,s2_id,e0033a1ff429de2549c3758e1c5bf8591ecd9c53,False,"400: {""error"":""No valid paper ids given""}
",,,,,,,,,,
S2:e013e01ce8716958236946ac7bf9f1bd6a779077,s2_id,e013e01ce8716958236946ac7bf9f1bd6a779077,False,"400: {""error"":""No valid paper ids given""}
",,,,,,,,,,
S2:e041aa537e639b3485c8ccc261ababff0c773c1f,s2_id,e041aa537e639b3485c8ccc261ababff0c773c1f,False,"400: {""error"":""No valid paper ids given""}
",,,,,,,,,,
S2:e06d3366f1ddaadbfc62d5dcdc929bc8fc642b84,s2_id,e06d3366f1ddaadbfc62d5dcdc929bc8fc642b84,False,"400: {""error"":""No valid paper ids given""}
",,,,,,,,,,
S2:e15e21702a1938a89cb4b394638f129d97e0059a,s2_id,e15e21702a1938a89cb4b394638f129d97e0059a,False,"400: {""error"":""No valid paper ids given""}
",,,,,,,,,,
S2:e1615c8e57303628a4a7293fd0ac9e0ca75af768,s2_id,e1615c8e57303628a4a7293fd0ac9e0ca75af768,False,"400: {""error"":""No valid paper ids given""}
",,,,,,,,,,
S2:e1698ebbd7436dd5c6deef90d4f3658956eba32f,s2_id,e1698ebbd7436dd5c6deef90d4f3658956eba32f,False,"400: {""error"":""No valid paper ids given""}
",,,,,,,,,,
S2:e1cc7d7573fee029e7d73b1d7da09eb082c03f2b,s2_id,e1cc7d7573fee029e7d73b1d7da09eb082c03f2b,False,"400: {""error"":""No valid paper ids given""}
",,,,,,,,,,
S2:e1ee65ae926531b70297e837445bb5e10a048588,s2_id,e1ee65ae926531b70297e837445bb5e10a048588,False,"400: {""error"":""No valid paper ids given""}
",,,,,,,,,,
S2:e23d98f1e12528de5298416b7037d012fc97e7b4,s2_id,e23d98f1e12528de5298416b7037d012fc97e7b4,False,"400: {""error"":""No valid paper ids given""}
",,,,,,,,,,
S2:e23fc4b5b044b56e523c2b4370cef6ddac171aa0,s2_id,e23fc4b5b044b56e523c2b4370cef6ddac171aa0,False,"400: {""error"":""No valid paper ids given""}
",,,,,,,,,,
S2:e24096e77caf26164ee2fb65670cfbfbf84212a2,s2_id,e24096e77caf26164ee2fb65670cfbfbf84212a2,False,"400: {""error"":""No valid paper ids given""}
",,,,,,,,,,
S2:e27d8aaecccc50c85674fe64478fe3d34da13b01,s2_id,e27d8aaecccc50c85674fe64478fe3d34da13b01,False,"400: {""error"":""No valid paper ids given""}
",,,,,,,,,,
S2:e2c5f4013b1d72464193b9ee21fc3b5660999172,s2_id,e2c5f4013b1d72464193b9ee21fc3b5660999172,False,"400: {""error"":""No valid paper ids given""}
",,,,,,,,,,
S2:e2d8edd51aaaf86574d78aa92dde5d657fd209f2,s2_id,e2d8edd51aaaf86574d78aa92dde5d657fd209f2,False,"400: {""error"":""No valid paper ids given""}
",,,,,,,,,,
S2:e2f233156bc8a4b6de43907da7b0bfa4774ecfe9,s2_id,e2f233156bc8a4b6de43907da7b0bfa4774ecfe9,False,"400: {""error"":""No valid paper ids given""}
",,,,,,,,,,
S2:e2f233f340f34594289dfa104fd91e3dc15ada5a,s2_id,e2f233f340f34594289dfa104fd91e3dc15ada5a,False,"400: {""error"":""No valid paper ids given""}
",,,,,,,,,,
S2:e33ad757467d0095f01ce5b5d3b887ed74f4f6c4,s2_id,e33ad757467d0095f01ce5b5d3b887ed74f4f6c4,False,"400: {""error"":""No valid paper ids given""}
",,,,,,,,,,
S2:e3a41328c54f87564400dc2a3c529f7cb7bdd246,s2_id,e3a41328c54f87564400dc2a3c529f7cb7bdd246,False,"400: {""error"":""No valid paper ids given""}
",,,,,,,,,,
S2:e3e6a6727b2abe42c97881d4b0017d05bf1e4630,s2_id,e3e6a6727b2abe42c97881d4b0017d05bf1e4630,False,"400: {""error"":""No valid paper ids given""}
",,,,,,,,,,
S2:e3fe896c726e715c828f8248841c5d56012f92be,s2_id,e3fe896c726e715c828f8248841c5d56012f92be,False,"400: {""error"":""No valid paper ids given""}
",,,,,,,,,,
S2:e40e4c101d89bfb17ff53b43952575ccf60e5a27,s2_id,e40e4c101d89bfb17ff53b43952575ccf60e5a27,False,"400: {""error"":""No valid paper ids given""}
",,,,,,,,,,
S2:e43667d7aaaa69e9f96cf01bebbe826d2ead7af9,s2_id,e43667d7aaaa69e9f96cf01bebbe826d2ead7af9,False,"400: {""error"":""No valid paper ids given""}
",,,,,,,,,,
S2:e43a8446d86bc2b634094309aaae5c52f5732140,s2_id,e43a8446d86bc2b634094309aaae5c52f5732140,False,"400: {""error"":""No valid paper ids given""}
",,,,,,,,,,
S2:e4663f112450e42cfbb2ee41d117f3350c0e51ba,s2_id,e4663f112450e42cfbb2ee41d117f3350c0e51ba,False,"400: {""error"":""No valid paper ids given""}
",,,,,,,,,,
S2:e5092f0fdd888015ba507a36d555437b4eacd2f9,s2_id,e5092f0fdd888015ba507a36d555437b4eacd2f9,False,"400: {""error"":""No valid paper ids given""}
",,,,,,,,,,
S2:e50e69c314fd40210e1731b1a34edaf16482c9ac,s2_id,e50e69c314fd40210e1731b1a34edaf16482c9ac,False,"400: {""error"":""No valid paper ids given""}
",,,,,,,,,,
S2:e53955f28dbb9768592cbc5575e8fe0621cf0bbf,s2_id,e53955f28dbb9768592cbc5575e8fe0621cf0bbf,False,"400: {""error"":""No valid paper ids given""}
",,,,,,,,,,
S2:e53ddac28064fecde611d38afea4f23f1f423073,s2_id,e53ddac28064fecde611d38afea4f23f1f423073,False,"400: {""error"":""No valid paper ids given""}
",,,,,,,,,,
S2:e57d5231f97aae78f155a3fa36edd40dae8161a5,s2_id,e57d5231f97aae78f155a3fa36edd40dae8161a5,False,"400: {""error"":""No valid paper ids given""}
",,,,,,,,,,
S2:e59d1414e184f21c3c611703f8978459dcacc2ca,s2_id,e59d1414e184f21c3c611703f8978459dcacc2ca,False,"400: {""error"":""No valid paper ids given""}
",,,,,,,,,,
S2:e59f01da58d80320af773fe611ac0b241b475e13,s2_id,e59f01da58d80320af773fe611ac0b241b475e13,False,"400: {""error"":""No valid paper ids given""}
",,,,,,,,,,
S2:e5a0a053800bca59b90c765481c225702eb3198e,s2_id,e5a0a053800bca59b90c765481c225702eb3198e,False,"400: {""error"":""No valid paper ids given""}
",,,,,,,,,,
S2:e5bf5ec6f0015b7a51d9d434708bf4abf39b4607,s2_id,e5bf5ec6f0015b7a51d9d434708bf4abf39b4607,False,"400: {""error"":""No valid paper ids given""}
",,,,,,,,,,
S2:e5ff76754d4abf3706da55f595650315ac0cdad4,s2_id,e5ff76754d4abf3706da55f595650315ac0cdad4,False,"400: {""error"":""No valid paper ids given""}
",,,,,,,,,,
S2:e6591854a3047fe45fd8040e89c85c0fd967e1be,s2_id,e6591854a3047fe45fd8040e89c85c0fd967e1be,False,"400: {""error"":""No valid paper ids given""}
",,,,,,,,,,
S2:e6a88634d25024d39f09ec2a0b6a46827048005d,s2_id,e6a88634d25024d39f09ec2a0b6a46827048005d,False,"400: {""error"":""No valid paper ids given""}
",,,,,,,,,,
S2:e6e2eb9bb101d1c73b976b46ecce5d122a49a479,s2_id,e6e2eb9bb101d1c73b976b46ecce5d122a49a479,False,"400: {""error"":""No valid paper ids given""}
",,,,,,,,,,
S2:e6e9f768fab556872a4b69b19aae034e5aaceb7c,s2_id,e6e9f768fab556872a4b69b19aae034e5aaceb7c,False,"400: {""error"":""No valid paper ids given""}
",,,,,,,,,,
S2:e711de4a97a6f849fbbc156470b65a4e98b59abc,s2_id,e711de4a97a6f849fbbc156470b65a4e98b59abc,False,"400: {""error"":""No valid paper ids given""}
",,,,,,,,,,
S2:e71ab024a90d0330fa15d22ef81245c8f47dda3e,s2_id,e71ab024a90d0330fa15d22ef81245c8f47dda3e,False,"400: {""error"":""No valid paper ids given""}
",,,,,,,,,,
S2:e7246ed54035a7e041ab8932d89d537610f5ad76,s2_id,e7246ed54035a7e041ab8932d89d537610f5ad76,False,"400: {""error"":""No valid paper ids given""}
",,,,,,,,,,
S2:e73104ef6b403d41ef338704ff2b29b73560601a,s2_id,e73104ef6b403d41ef338704ff2b29b73560601a,False,"400: {""error"":""No valid paper ids given""}
",,,,,,,,,,
S2:e756b9df59b4911c83180e5ecff146c3945a3550,s2_id,e756b9df59b4911c83180e5ecff146c3945a3550,False,"400: {""error"":""No valid paper ids given""}
",,,,,,,,,,
S2:e76a4da99dae89bff255652f58e31390a9e508ee,s2_id,e76a4da99dae89bff255652f58e31390a9e508ee,False,"400: {""error"":""No valid paper ids given""}
",,,,,,,,,,
S2:e7abbe7d8dab0b0bc90cf27dcb3114678180e814,s2_id,e7abbe7d8dab0b0bc90cf27dcb3114678180e814,False,"400: {""error"":""No valid paper ids given""}
",,,,,,,,,,
S2:e7bc78a94bc3b7ad7eabda16d42c636b50c05306,s2_id,e7bc78a94bc3b7ad7eabda16d42c636b50c05306,False,"400: {""error"":""No valid paper ids given""}
",,,,,,,,,,
S2:e84cdfbf968e0651d5736d322c6fcdc3f5671331,s2_id,e84cdfbf968e0651d5736d322c6fcdc3f5671331,False,"400: {""error"":""No valid paper ids given""}
",,,,,,,,,,
S2:e87c907b4bbaa1462d917407c90f58834f5505d6,s2_id,e87c907b4bbaa1462d917407c90f58834f5505d6,False,"400: {""error"":""No valid paper ids given""}
",,,,,,,,,,
S2:e8824181832aeeff780c4ced99a8f04cb2961746,s2_id,e8824181832aeeff780c4ced99a8f04cb2961746,False,"400: {""error"":""No valid paper ids given""}
",,,,,,,,,,
S2:e8b8dffa3ce4158d0a32ece582301b20ee23d410,s2_id,e8b8dffa3ce4158d0a32ece582301b20ee23d410,False,"400: {""error"":""No valid paper ids given""}
",,,,,,,,,,
S2:e8bd1f4241098e543af4191534494e114febcb55,s2_id,e8bd1f4241098e543af4191534494e114febcb55,False,"400: {""error"":""No valid paper ids given""}
",,,,,,,,,,
S2:e8bf64956267e56d6b6ad140e9506829ad32fd02,s2_id,e8bf64956267e56d6b6ad140e9506829ad32fd02,False,"400: {""error"":""No valid paper ids given""}
",,,,,,,,,,
S2:e8cbe2279dcfa4a76642090a935deec9abff7e6e,s2_id,e8cbe2279dcfa4a76642090a935deec9abff7e6e,False,"400: {""error"":""No valid paper ids given""}
",,,,,,,,,,
S2:e8e184a6782dfb98bbbd17640a8944d740fd1619,s2_id,e8e184a6782dfb98bbbd17640a8944d740fd1619,False,"400: {""error"":""No valid paper ids given""}
",,,,,,,,,,
S2:e8f429924b7dece0fa8fe6377213084748d92694,s2_id,e8f429924b7dece0fa8fe6377213084748d92694,False,"400: {""error"":""No valid paper ids given""}
",,,,,,,,,,
S2:e93070839656c5ce32e8045c0e863f1f3fac343c,s2_id,e93070839656c5ce32e8045c0e863f1f3fac343c,False,"400: {""error"":""No valid paper ids given""}
",,,,,,,,,,
S2:e94b0411025e4d48ae5934d4593466ed17d2bdba,s2_id,e94b0411025e4d48ae5934d4593466ed17d2bdba,False,"400: {""error"":""No valid paper ids given""}
",,,,,,,,,,
S2:e94eb0e4e7fc4b0f5a3f9de966470998b6d30b20,s2_id,e94eb0e4e7fc4b0f5a3f9de966470998b6d30b20,False,"400: {""error"":""No valid paper ids given""}
",,,,,,,,,,
S2:e99d8b7d6dfc357259c8e9a649661368e21461b8,s2_id,e99d8b7d6dfc357259c8e9a649661368e21461b8,False,"400: {""error"":""No valid paper ids given""}
",,,,,,,,,,
S2:ea180ab4517484f0cc72498227e346b6f31dec9c,s2_id,ea180ab4517484f0cc72498227e346b6f31dec9c,False,"400: {""error"":""No valid paper ids given""}
",,,,,,,,,,
S2:ea45c0dffa64a9070c27cdf13259bcd20f4aadfc,s2_id,ea45c0dffa64a9070c27cdf13259bcd20f4aadfc,False,"400: {""error"":""No valid paper ids given""}
",,,,,,,,,,
S2:ea48a7b175421a9be98dafff471796039a8931b3,s2_id,ea48a7b175421a9be98dafff471796039a8931b3,False,"400: {""error"":""No valid paper ids given""}
",,,,,,,,,,
S2:ea81036e38bc2a5278e8138b68bea586a83bd930,s2_id,ea81036e38bc2a5278e8138b68bea586a83bd930,False,"400: {""error"":""No valid paper ids given""}
",,,,,,,,,,
S2:ea843e196b0bfa23da523f323ee293dc3b2ae7b0,s2_id,ea843e196b0bfa23da523f323ee293dc3b2ae7b0,False,"400: {""error"":""No valid paper ids given""}
",,,,,,,,,,
S2:eb38fc03bdad19d216aec788675643885e840397,s2_id,eb38fc03bdad19d216aec788675643885e840397,False,"400: {""error"":""No valid paper ids given""}
",,,,,,,,,,
S2:ebaa8305adde4b35348bac18e688e633b5894ca1,s2_id,ebaa8305adde4b35348bac18e688e633b5894ca1,False,"400: {""error"":""No valid paper ids given""}
",,,,,,,,,,
S2:ebec09bc36fb828fc65037d590f903f1bc0ec4a7,s2_id,ebec09bc36fb828fc65037d590f903f1bc0ec4a7,False,"400: {""error"":""No valid paper ids given""}
",,,,,,,,,,
S2:ec96e893f6f542641e682a56fe000fb0cf026906,s2_id,ec96e893f6f542641e682a56fe000fb0cf026906,False,"400: {""error"":""No valid paper ids given""}
",,,,,,,,,,
S2:ecad4e0dabaf2937037a0e9c3f6b0d0d647d62fc,s2_id,ecad4e0dabaf2937037a0e9c3f6b0d0d647d62fc,False,"400: {""error"":""No valid paper ids given""}
",,,,,,,,,,
S2:ecd4c62c5cd7a28b04cd38760a3be38c50c71cec,s2_id,ecd4c62c5cd7a28b04cd38760a3be38c50c71cec,False,"400: {""error"":""No valid paper ids given""}
",,,,,,,,,,
S2:ece549f0a85b89eb24404c87dd5e9b8831eb6603,s2_id,ece549f0a85b89eb24404c87dd5e9b8831eb6603,False,"400: {""error"":""No valid paper ids given""}
",,,,,,,,,,
S2:ecee36f97ea4d997afbbe6c74b40292888907bab,s2_id,ecee36f97ea4d997afbbe6c74b40292888907bab,False,"400: {""error"":""No valid paper ids given""}
",,,,,,,,,,
S2:ed1ba98eb379a2c3dfdc17919af3a660184eb7a4,s2_id,ed1ba98eb379a2c3dfdc17919af3a660184eb7a4,False,"400: {""error"":""No valid paper ids given""}
",,,,,,,,,,
S2:ed406e5b9c53d16201ea47b8beb77a73fb174a1e,s2_id,ed406e5b9c53d16201ea47b8beb77a73fb174a1e,False,"400: {""error"":""No valid paper ids given""}
",,,,,,,,,,
S2:ed808e544b428cfad3e1fefd18d3ae36aa6e020b,s2_id,ed808e544b428cfad3e1fefd18d3ae36aa6e020b,False,"400: {""error"":""No valid paper ids given""}
",,,,,,,,,,
S2:ee14e77e31a9c309fd21ca1e9b1322281102efc5,s2_id,ee14e77e31a9c309fd21ca1e9b1322281102efc5,False,"400: {""error"":""No valid paper ids given""}
",,,,,,,,,,
S2:ee32185dbda2f596c37cdb051fea34ab144812c9,s2_id,ee32185dbda2f596c37cdb051fea34ab144812c9,False,"400: {""error"":""No valid paper ids given""}
",,,,,,,,,,
S2:ee8426e694cad0a4fc1a65e8ec7534155b4c0f8f,s2_id,ee8426e694cad0a4fc1a65e8ec7534155b4c0f8f,False,"400: {""error"":""No valid paper ids given""}
",,,,,,,,,,
S2:ee8729b392a3dc6511fabc641f6eb766d1fa0bf0,s2_id,ee8729b392a3dc6511fabc641f6eb766d1fa0bf0,False,"400: {""error"":""No valid paper ids given""}
",,,,,,,,,,
S2:eea1c3b9690104aec060c88f785dd7f9170fa8ab,s2_id,eea1c3b9690104aec060c88f785dd7f9170fa8ab,False,"400: {""error"":""No valid paper ids given""}
",,,,,,,,,,
S2:eeb6fa5edb9ed3c031ec3f11dfa04d22415da1df,s2_id,eeb6fa5edb9ed3c031ec3f11dfa04d22415da1df,False,"400: {""error"":""No valid paper ids given""}
",,,,,,,,,,
S2:ef2d4bd79fd93fbfa6f6b227b3249c2dec0d6904,s2_id,ef2d4bd79fd93fbfa6f6b227b3249c2dec0d6904,False,"400: {""error"":""No valid paper ids given""}
",,,,,,,,,,
S2:ef45eb80b01076b32dc0135b51ca2937303c80c6,s2_id,ef45eb80b01076b32dc0135b51ca2937303c80c6,False,"400: {""error"":""No valid paper ids given""}
",,,,,,,,,,
S2:ef695cbf38e63922f16b3ee1d2a9166c821d9c54,s2_id,ef695cbf38e63922f16b3ee1d2a9166c821d9c54,False,"400: {""error"":""No valid paper ids given""}
",,,,,,,,,,
S2:ef7591cd5c4cdd6c4c8ca453a05ad3e530a721f2,s2_id,ef7591cd5c4cdd6c4c8ca453a05ad3e530a721f2,False,"400: {""error"":""No valid paper ids given""}
",,,,,,,,,,
S2:efc32b7057903d0fb0e5c24cef75c8d45e16d426,s2_id,efc32b7057903d0fb0e5c24cef75c8d45e16d426,False,"400: {""error"":""No valid paper ids given""}
",,,,,,,,,,
S2:efc6738cd5c6bd84b3649d61c9b74e002e39e4b3,s2_id,efc6738cd5c6bd84b3649d61c9b74e002e39e4b3,False,"400: {""error"":""No valid paper ids given""}
",,,,,,,,,,
S2:efd90ea286a745ed30b50b695a6337281b472b20,s2_id,efd90ea286a745ed30b50b695a6337281b472b20,False,"400: {""error"":""No valid paper ids given""}
",,,,,,,,,,
S2:f01ad535f70351a8a1c59e7757a802eba2bb5e5c,s2_id,f01ad535f70351a8a1c59e7757a802eba2bb5e5c,False,"400: {""error"":""No valid paper ids given""}
",,,,,,,,,,
S2:f027fa75c894a0857493998a7e93c995ec756187,s2_id,f027fa75c894a0857493998a7e93c995ec756187,False,"400: {""error"":""No valid paper ids given""}
",,,,,,,,,,
S2:f02cc417e228ae9d7ca6a68a1218b249f2445773,s2_id,f02cc417e228ae9d7ca6a68a1218b249f2445773,False,"400: {""error"":""No valid paper ids given""}
",,,,,,,,,,
S2:f0a5a4aeb665db624d9811fc0cff148475b3d6d6,s2_id,f0a5a4aeb665db624d9811fc0cff148475b3d6d6,False,"400: {""error"":""No valid paper ids given""}
",,,,,,,,,,
S2:f0b09548f0e623b7f1468f1a6aada01a56e2da63,s2_id,f0b09548f0e623b7f1468f1a6aada01a56e2da63,False,"400: {""error"":""No valid paper ids given""}
",,,,,,,,,,
S2:f0c30a6ee38fd9678b99b84dc42202646b29fc07,s2_id,f0c30a6ee38fd9678b99b84dc42202646b29fc07,False,"400: {""error"":""No valid paper ids given""}
",,,,,,,,,,
S2:f10e36ff714f65bf15eacd342a52953f465df374,s2_id,f10e36ff714f65bf15eacd342a52953f465df374,False,"400: {""error"":""No valid paper ids given""}
",,,,,,,,,,
S2:f13bc0f1dba261a2308c22d44c6894cefebcee4e,s2_id,f13bc0f1dba261a2308c22d44c6894cefebcee4e,False,"400: {""error"":""No valid paper ids given""}
",,,,,,,,,,
S2:f14959f31b85fd9392a6ec0a73c93964499df02b,s2_id,f14959f31b85fd9392a6ec0a73c93964499df02b,False,"400: {""error"":""No valid paper ids given""}
",,,,,,,,,,
S2:f20e52df792b4d5ad1dc32c66ba068f87c6aad56,s2_id,f20e52df792b4d5ad1dc32c66ba068f87c6aad56,False,"400: {""error"":""No valid paper ids given""}
",,,,,,,,,,
S2:f2803f6ac08e517e5336f19451b3ae6591d71857,s2_id,f2803f6ac08e517e5336f19451b3ae6591d71857,False,"400: {""error"":""No valid paper ids given""}
",,,,,,,,,,
S2:f2a31ac384ae0d58c5d993068330832ec29390f1,s2_id,f2a31ac384ae0d58c5d993068330832ec29390f1,False,"400: {""error"":""No valid paper ids given""}
",,,,,,,,,,
S2:f2b4595db5e4d0a29f220e7aa0f30142bac9f2b8,s2_id,f2b4595db5e4d0a29f220e7aa0f30142bac9f2b8,False,"400: {""error"":""No valid paper ids given""}
",,,,,,,,,,
S2:f2f00fd43ee9d24109f78dcddeffa15ab52f6b7e,s2_id,f2f00fd43ee9d24109f78dcddeffa15ab52f6b7e,False,"400: {""error"":""No valid paper ids given""}
",,,,,,,,,,
S2:f2f0341a904b4ab139eab4ac6277ddcac2502759,s2_id,f2f0341a904b4ab139eab4ac6277ddcac2502759,False,"400: {""error"":""No valid paper ids given""}
",,,,,,,,,,
S2:f2f531958bb58b521d1cb07a1cf0d4beabca2887,s2_id,f2f531958bb58b521d1cb07a1cf0d4beabca2887,False,"400: {""error"":""No valid paper ids given""}
",,,,,,,,,,
S2:f31682a96f55c9e8ec2d9322101336c8486e36b4,s2_id,f31682a96f55c9e8ec2d9322101336c8486e36b4,False,"400: {""error"":""No valid paper ids given""}
",,,,,,,,,,
S2:f3bbae0294c78f79039c31c39dc5c1c2cfc108a8,s2_id,f3bbae0294c78f79039c31c39dc5c1c2cfc108a8,False,"400: {""error"":""No valid paper ids given""}
",,,,,,,,,,
S2:f3c55f10ec07f62bff77e5596f0a4cfc1628216d,s2_id,f3c55f10ec07f62bff77e5596f0a4cfc1628216d,False,"400: {""error"":""No valid paper ids given""}
",,,,,,,,,,
S2:f3d3bcc7d6f511de8c23e22cb7614ebb3ab429e7,s2_id,f3d3bcc7d6f511de8c23e22cb7614ebb3ab429e7,False,"400: {""error"":""No valid paper ids given""}
",,,,,,,,,,
S2:f3decd36f65c0d50c2991e1ff36998ec8c1343d9,s2_id,f3decd36f65c0d50c2991e1ff36998ec8c1343d9,False,"400: {""error"":""No valid paper ids given""}
",,,,,,,,,,
S2:f40865473c2afb9053c92eb3469868721a04ed80,s2_id,f40865473c2afb9053c92eb3469868721a04ed80,False,"400: {""error"":""No valid paper ids given""}
",,,,,,,,,,
S2:f4218274c379e9c57baa399bd18e8df0d1d53d83,s2_id,f4218274c379e9c57baa399bd18e8df0d1d53d83,False,"400: {""error"":""No valid paper ids given""}
",,,,,,,,,,
S2:f44a174f5f18b58b33b4e2c94f5b46911726734a,s2_id,f44a174f5f18b58b33b4e2c94f5b46911726734a,False,"400: {""error"":""No valid paper ids given""}
",,,,,,,,,,
S2:f451c70539ddf430c73bec1f734e01b82839743a,s2_id,f451c70539ddf430c73bec1f734e01b82839743a,False,"400: {""error"":""No valid paper ids given""}
",,,,,,,,,,
S2:f461b0a9cf5685a9533c7e681d194015d4d298fb,s2_id,f461b0a9cf5685a9533c7e681d194015d4d298fb,False,"400: {""error"":""No valid paper ids given""}
",,,,,,,,,,
S2:f466a4174ad9d529eb6e5474a7985d0d9c388543,s2_id,f466a4174ad9d529eb6e5474a7985d0d9c388543,False,"400: {""error"":""No valid paper ids given""}
",,,,,,,,,,
S2:f477e04664fa739bd3c90c1491f797e05e93f5f8,s2_id,f477e04664fa739bd3c90c1491f797e05e93f5f8,False,"400: {""error"":""No valid paper ids given""}
",,,,,,,,,,
S2:f486b60191ef8c094b53a492bcd51797e3800c29,s2_id,f486b60191ef8c094b53a492bcd51797e3800c29,False,"400: {""error"":""No valid paper ids given""}
",,,,,,,,,,
S2:f490dc989dace12bb36e0fa9fbe134109bf700e1,s2_id,f490dc989dace12bb36e0fa9fbe134109bf700e1,False,"400: {""error"":""No valid paper ids given""}
",,,,,,,,,,
S2:f4afe3e7d46280ada2b7d3f79c4362c739842f19,s2_id,f4afe3e7d46280ada2b7d3f79c4362c739842f19,False,"400: {""error"":""No valid paper ids given""}
",,,,,,,,,,
S2:f57611180e2eb12def034a596ec9f2f6b17afc34,s2_id,f57611180e2eb12def034a596ec9f2f6b17afc34,False,"400: {""error"":""No valid paper ids given""}
",,,,,,,,,,
S2:f585119a003b2e77600a12c1d251e2ec8a7e0817,s2_id,f585119a003b2e77600a12c1d251e2ec8a7e0817,False,"400: {""error"":""No valid paper ids given""}
",,,,,,,,,,
S2:f5be34a64874589eea54aca78a62f10f9b9224db,s2_id,f5be34a64874589eea54aca78a62f10f9b9224db,False,"400: {""error"":""No valid paper ids given""}
",,,,,,,,,,
S2:f5f2e769c6104b9df670ea3565d3a31cf84e0eba,s2_id,f5f2e769c6104b9df670ea3565d3a31cf84e0eba,False,"400: {""error"":""No valid paper ids given""}
",,,,,,,,,,
S2:f61b1cb7ecf348895583f71d84347e813d6af63f,s2_id,f61b1cb7ecf348895583f71d84347e813d6af63f,False,"400: {""error"":""No valid paper ids given""}
",,,,,,,,,,
S2:f6371b6d17e66a0360fb4d86d20e88470cc6aa3b,s2_id,f6371b6d17e66a0360fb4d86d20e88470cc6aa3b,False,"400: {""error"":""No valid paper ids given""}
",,,,,,,,,,
S2:f64893468ae17a1f244219e6b59424210f038c8b,s2_id,f64893468ae17a1f244219e6b59424210f038c8b,False,"400: {""error"":""No valid paper ids given""}
",,,,,,,,,,
S2:f6bffc27ce9f6f44502aac6ccbed5b8d7eaf54e6,s2_id,f6bffc27ce9f6f44502aac6ccbed5b8d7eaf54e6,False,"400: {""error"":""No valid paper ids given""}
",,,,,,,,,,
S2:f6d0d108d12511c5d998639e3f7632b562cefca8,s2_id,f6d0d108d12511c5d998639e3f7632b562cefca8,False,"400: {""error"":""No valid paper ids given""}
",,,,,,,,,,
S2:f707047e2c10cf0b2593f952ba494f3bf3114a8b,s2_id,f707047e2c10cf0b2593f952ba494f3bf3114a8b,False,"400: {""error"":""No valid paper ids given""}
",,,,,,,,,,
S2:f7391104e89d3ae6456960c316a2758d5850e6b0,s2_id,f7391104e89d3ae6456960c316a2758d5850e6b0,False,"400: {""error"":""No valid paper ids given""}
",,,,,,,,,,
S2:f7505d7a69c21024c0c2550011ea137025ea6b3f,s2_id,f7505d7a69c21024c0c2550011ea137025ea6b3f,False,"400: {""error"":""No valid paper ids given""}
",,,,,,,,,,
S2:f7540ad28478e46add1869c037470d75be631601,s2_id,f7540ad28478e46add1869c037470d75be631601,False,"400: {""error"":""No valid paper ids given""}
",,,,,,,,,,
S2:f756bcefdb0b1050a6f892b34f01048bbc64bfb8,s2_id,f756bcefdb0b1050a6f892b34f01048bbc64bfb8,False,"400: {""error"":""No valid paper ids given""}
",,,,,,,,,,
S2:f76a557305ddec2c0406f6556b67097019db4f4c,s2_id,f76a557305ddec2c0406f6556b67097019db4f4c,False,"400: {""error"":""No valid paper ids given""}
",,,,,,,,,,
S2:f798d5aec1f879148aa1eed3ec1f23a3ffa7bdda,s2_id,f798d5aec1f879148aa1eed3ec1f23a3ffa7bdda,False,"400: {""error"":""No valid paper ids given""}
",,,,,,,,,,
S2:f8874107eee644d6043e49c10c92d307eb25d3e4,s2_id,f8874107eee644d6043e49c10c92d307eb25d3e4,False,"400: {""error"":""No valid paper ids given""}
",,,,,,,,,,
S2:f890fa2b0f2b19fef1a0b08d5ea2831cec8213d7,s2_id,f890fa2b0f2b19fef1a0b08d5ea2831cec8213d7,False,"400: {""error"":""No valid paper ids given""}
",,,,,,,,,,
S2:fa172c25dd08aba33a7cec87dcd6aea6b11ee76b,s2_id,fa172c25dd08aba33a7cec87dcd6aea6b11ee76b,False,"400: {""error"":""No valid paper ids given""}
",,,,,,,,,,
S2:fa6f35adce351516b8f766839cdeb72b700a902f,s2_id,fa6f35adce351516b8f766839cdeb72b700a902f,False,"400: {""error"":""No valid paper ids given""}
",,,,,,,,,,
S2:fa8c9391350a523ba8721d18da17d5bc2127d0dc,s2_id,fa8c9391350a523ba8721d18da17d5bc2127d0dc,False,"400: {""error"":""No valid paper ids given""}
",,,,,,,,,,
S2:fac4fb1fbf9c615fecb7eb7b2c34b783a581171f,s2_id,fac4fb1fbf9c615fecb7eb7b2c34b783a581171f,False,"400: {""error"":""No valid paper ids given""}
",,,,,,,,,,
S2:fae9947693e0e87d43461504e50da161151624aa,s2_id,fae9947693e0e87d43461504e50da161151624aa,False,"400: {""error"":""No valid paper ids given""}
",,,,,,,,,,
S2:fb2ffaeff737324b34600fe9b270d717528e86c5,s2_id,fb2ffaeff737324b34600fe9b270d717528e86c5,False,"400: {""error"":""No valid paper ids given""}
",,,,,,,,,,
S2:fb3ee54a0f4611c89c0f6b7861017ef7844ff26c,s2_id,fb3ee54a0f4611c89c0f6b7861017ef7844ff26c,False,"400: {""error"":""No valid paper ids given""}
",,,,,,,,,,
S2:fb73c7d16aae9510392264b6bd909ca4525aa766,s2_id,fb73c7d16aae9510392264b6bd909ca4525aa766,False,"400: {""error"":""No valid paper ids given""}
",,,,,,,,,,
S2:fc7ade391cd5e44bf38ebca8ea687962e0353ebb,s2_id,fc7ade391cd5e44bf38ebca8ea687962e0353ebb,False,"400: {""error"":""No valid paper ids given""}
",,,,,,,,,,
S2:fcb361aeab14857f897229e235c18f24c856b4b2,s2_id,fcb361aeab14857f897229e235c18f24c856b4b2,False,"400: {""error"":""No valid paper ids given""}
",,,,,,,,,,
S2:fcbe32249625c0101fcb8388a1bfa396d8e7df03,s2_id,fcbe32249625c0101fcb8388a1bfa396d8e7df03,False,"400: {""error"":""No valid paper ids given""}
",,,,,,,,,,
S2:fcc393fef9c13124e37de8b1cbc38b4a448c5321,s2_id,fcc393fef9c13124e37de8b1cbc38b4a448c5321,False,"400: {""error"":""No valid paper ids given""}
",,,,,,,,,,
S2:fcd702d9d8811c4b23b64c480ecec2e724353287,s2_id,fcd702d9d8811c4b23b64c480ecec2e724353287,False,"400: {""error"":""No valid paper ids given""}
",,,,,,,,,,
S2:fd9a80def6d7058f1060a79439e0a523127bd4b4,s2_id,fd9a80def6d7058f1060a79439e0a523127bd4b4,False,"400: {""error"":""No valid paper ids given""}
",,,,,,,,,,
S2:fe37ac9daf621d9bde75d4346807826250c85bfa,s2_id,fe37ac9daf621d9bde75d4346807826250c85bfa,False,"400: {""error"":""No valid paper ids given""}
",,,,,,,,,,
S2:fed84baa3ee04fc05bdfdf259c11fa9e902fb5cc,s2_id,fed84baa3ee04fc05bdfdf259c11fa9e902fb5cc,False,"400: {""error"":""No valid paper ids given""}
",,,,,,,,,,
S2:ffc416c7ecc540c7da2f8f0ac0b1dc30be366b81,s2_id,ffc416c7ecc540c7da2f8f0ac0b1dc30be366b81,False,"400: {""error"":""No valid paper ids given""}
",,,,,,,,,,
